v -0.2903622347393965 -0.6186779999999998 0.0014262424242424028
v -0.27383399999999997 -0.6186779999999998 -0.0020862186653439006
v -0.27383399999999997 -0.6677421188694062 0.0014262424242424028
v -0.28662535896776586 -0.6186779999999998 0.01887775757575757
v -0.27383399999999997 -0.6618396912455755 0.01887775757575757
v -0.29076367006560233 -0.6186779999999998 0.036329272727272835
v -0.27383399999999997 -0.6675041891826119 0.036329272727272835
v -0.27383399999999997 -0.6186779999999998 0.04292061170253447
v -0.26641315471068766 -0.6186779999999998 -0.06837981818181818
v -0.25354999999999994 -0.6186779999999998 -0.07402309702205975
v -0.25354999999999994 -0.6641167371211337 -0.06837981818181818
v -0.26080436114414846 -0.6186779999999998 -0.050928303030303004
v -0.25354999999999994 -0.6596732173138772 -0.050928303030303004
v -0.2598574615195605 -0.6186779999999998 -0.033476787878787835
v -0.25354999999999994 -0.6567067705801539 -0.033476787878787835
v -0.2544055967780707 -0.6186779999999998 -0.016025272727272766
v -0.25354999999999994 -0.6555267514675309 -0.016025272727272766
v -0.25354999999999994 -0.6549795817298123 0.0014262424242424028
v -0.25354999999999994 -0.6548818358464773 0.01887775757575757
v -0.25354999999999994 -0.655551874924736 0.036329272727272835
v -0.2555908087769287 -0.6186779999999998 0.05378078787878791
v -0.25354999999999994 -0.6560618381315795 0.05378078787878791
v -0.2610449872252429 -0.6186779999999998 0.07123230303030298
v -0.25354999999999994 -0.6579966560013728 0.07123230303030298
v -0.2619382680643254 -0.6186779999999998 0.08868381818181824
v -0.25354999999999994 -0.6610547601371987 0.08868381818181824
v -0.2677938067733622 -0.6186779999999998 0.10613533333333332
v -0.25354999999999994 -0.6657167077335424 0.10613533333333332
v -0.27067856309235866 -0.6186779999999998 0.12358684848484858
v -0.25354999999999994 -0.6683615936041143 0.12358684848484858
v -0.25354999999999994 -0.6186779999999998 0.13573134661476793
v -0.2491146972623728 -0.6186779999999998 -0.12073436363636367
v -0.23326599999999992 -0.6186779999999998 -0.13219601843818776
v -0.23326599999999992 -0.6670891066848511 -0.12073436363636367
v -0.24224018043881923 -0.6186779999999998 -0.1032828484848485
v -0.23326599999999992 -0.6621397739502415 -0.1032828484848485
v -0.23650854014902473 -0.6186779999999998 -0.08583133333333334
v -0.23326599999999992 -0.6579540878260693 -0.08583133333333334
v -0.23326599999999992 -0.6561004568000679 -0.06837981818181818
v -0.23326599999999992 -0.6546890484715356 -0.050928303030303004
v -0.23326599999999992 -0.6535910895050416 -0.033476787878787835
v -0.23326599999999992 -0.6521072242155631 -0.016025272727272766
v -0.23326599999999992 -0.6507363268331573 0.0014262424242424028
v -0.23326599999999992 -0.6498347657897713 0.01887775757575757
v -0.23326599999999992 -0.6520317121803532 0.036329272727272835
v -0.23326599999999992 -0.6534855860106733 0.05378078787878791
v -0.23326599999999992 -0.6548532284686351 0.07123230303030298
v -0.23326599999999992 -0.655973613970726 0.08868381818181824
v -0.23326599999999992 -0.6569056220723747 0.10613533333333332
v -0.23326599999999992 -0.6585609716407416 0.12358684848484858
v -0.2416944591224548 -0.6186779999999998 0.14103836363636366
v -0.23326599999999992 -0.6624141882355092 0.14103836363636366
v -0.24830685341330258 -0.6186779999999998 0.15848987878787874
v -0.23326599999999992 -0.6661622958538679 0.15848987878787874
v -0.23326599999999992 -0.6186779999999998 0.1673267574446096
v -0.22319659018024796 -0.6186779999999998 -0.13818587878787875
v -0.2129819999999999 -0.6186779999999998 -0.14496986799991035
v -0.2129819999999999 -0.6637712805218515 -0.13818587878787875
v -0.2129819999999999 -0.6585801476048092 -0.12073436363636367
v -0.2129819999999999 -0.6566400562582119 -0.1032828484848485
v -0.2129819999999999 -0.656581881039091 -0.08583133333333334
v -0.2129819999999999 -0.6561341706017959 -0.06837981818181818
v -0.2129819999999999 -0.6553024806436616 -0.050928303030303004
v -0.2129819999999999 -0.6535956512978884 -0.033476787878787835
v -0.2129819999999999 -0.6512059754725401 -0.016025272727272766
v -0.2129819999999999 -0.6487447484654791 0.0014262424242424028
v -0.2129819999999999 -0.6473911580648926 0.01887775757575757
v -0.2129819999999999 -0.6503946779713108 0.036329272727272835
v -0.2129819999999999 -0.6532641231477408 0.05378078787878791
v -0.2129819999999999 -0.655610107590332 0.07123230303030298
v -0.2129819999999999 -0.6570049220444665 0.08868381818181824
v -0.2129819999999999 -0.6576512418315871 0.10613533333333332
v -0.2129819999999999 -0.657556930556167 0.12358684848484858
v -0.2129819999999999 -0.6576597183526276 0.14103836363636366
v -0.2129819999999999 -0.6586215037584479 0.15848987878787874
v -0.2203452047112753 -0.6186779999999998 0.17594139393939398
v -0.2129819999999999 -0.6629124116966959 0.17594139393939398
v -0.2129819999999999 -0.6186779999999998 0.18657542336423164
v -0.21065351979901903 -0.6186779999999998 -0.1730889090909091
v -0.19269799999999987 -0.6186779999999998 -0.18802479783221723
v -0.19269799999999987 -0.6704896500171287 -0.1730889090909091
v -0.1984534673657553 -0.6186779999999998 -0.1556373939393939
v -0.19269799999999987 -0.6604865786736538 -0.1556373939393939
v -0.19269799999999987 -0.657202010824692 -0.13818587878787875
v -0.19269799999999987 -0.6571134520484766 -0.12073436363636367
v -0.19269799999999987 -0.6578463124211927 -0.1032828484848485
v -0.19269799999999987 -0.6585669198969664 -0.08583133333333334
v -0.19269799999999987 -0.6583149276447926 -0.06837981818181818
v -0.19269799999999987 -0.65651450373922 -0.050928303030303004
v -0.19269799999999987 -0.6536164559940839 -0.033476787878787835
v -0.19269799999999987 -0.6503878229745718 -0.016025272727272766
v -0.19269799999999987 -0.647485185221074 0.0014262424242424028
v -0.19269799999999987 -0.6457766096544357 0.01887775757575757
v -0.19269799999999987 -0.6494255369151765 0.036329272727272835
v -0.19269799999999987 -0.652993464747293 0.05378078787878791
v -0.19269799999999987 -0.6565404244623084 0.07123230303030298
v -0.19269799999999987 -0.6590362293433323 0.08868381818181824
v -0.19269799999999987 -0.6602399678384395 0.10613533333333332
v -0.19269799999999987 -0.6600180805607956 0.12358684848484858
v -0.19269799999999987 -0.6591720077243355 0.14103836363636366
v -0.19269799999999987 -0.6581511709167134 0.15848987878787874
v -0.19269799999999987 -0.6579968432476628 0.17594139393939398
v -0.20307497563796306 -0.6186779999999998 0.19339290909090906
v -0.19269799999999987 -0.6603689465526053 0.19339290909090906
v -0.20942121729850632 -0.6186779999999998 0.21084442424242433
v -0.19269799999999987 -0.6694125588215584 0.21084442424242433
v -0.19269799999999987 -0.6186779999999998 0.22430191605889305
v -0.18406262498925796 -0.6186779999999998 -0.19054042424242426
v -0.17241399999999987 -0.6186779999999998 -0.20026032460230195
v -0.17241399999999987 -0.6635029855017218 -0.19054042424242426
v -0.17241399999999987 -0.6592621824498553 -0.1730889090909091
v -0.17241399999999987 -0.6568687296273479 -0.1556373939393939
v -0.17241399999999987 -0.6575312035653571 -0.13818587878787875
v -0.17241399999999987 -0.6589413459298604 -0.12073436363636367
v -0.17241399999999987 -0.6603477485678462 -0.1032828484848485
v -0.17241399999999987 -0.6609617099756416 -0.08583133333333334
v -0.17241399999999987 -0.6599927370835013 -0.06837981818181818
v -0.17241399999999987 -0.6572687196879787 -0.050928303030303004
v -0.17241399999999987 -0.6534682965536333 -0.033476787878787835
v -0.17241399999999987 -0.6491491829752386 -0.016025272727272766
v -0.17241399999999987 -0.6455780838164693 0.0014262424242424028
v -0.17241399999999987 -0.643583789246877 0.01887775757575757
v -0.17241399999999987 -0.6478116808441642 0.036329272727272835
v -0.17241399999999987 -0.6521941700782785 0.05378078787878791
v -0.17241399999999987 -0.6567180164200473 0.07123230303030298
v -0.17241399999999987 -0.6603411848868604 0.08868381818181824
v -0.17241399999999987 -0.6624265988415337 0.10613533333333332
v -0.17241399999999987 -0.6629685003969155 0.12358684848484858
v -0.17241399999999987 -0.6622669645998541 0.14103836363636366
v -0.17241399999999987 -0.6607501024849888 0.15848987878787874
v -0.17241399999999987 -0.6589221188715739 0.17594139393939398
v -0.17241399999999987 -0.6580332023673726 0.19339290909090906
v -0.17241399999999987 -0.6596484949506609 0.21084442424242433
v -0.18540692659398236 -0.6186779999999998 0.22829593939393938
v -0.17241399999999987 -0.6666622045356275 0.22829593939393938
v -0.17241399999999987 -0.6186779999999998 0.23950926867746078
v -0.16563363335671097 -0.6186779999999998 -0.20799193939393942
v -0.15212999999999996 -0.6186779999999998 -0.21977307128092294
v -0.15212999999999996 -0.666454606876518 -0.20799193939393942
v -0.15212999999999996 -0.6581800599794859 -0.19054042424242426
v -0.15212999999999996 -0.6562591346930926 -0.1730889090909091
v -0.15212999999999996 -0.6571395090909774 -0.1556373939393939
v -0.15212999999999996 -0.6592082993641072 -0.13818587878787875
v -0.15212999999999996 -0.661300908618909 -0.12073436363636367
v -0.15212999999999996 -0.6624466823150265 -0.1032828484848485
v -0.15212999999999996 -0.6624052518047353 -0.08583133333333334
v -0.15212999999999996 -0.6607969027892584 -0.06837981818181818
v -0.15212999999999996 -0.6575367532137416 -0.050928303030303004
v -0.15212999999999996 -0.6529718060511274 -0.033476787878787835
v -0.15212999999999996 -0.6483752033192448 -0.016025272727272766
v -0.15212999999999996 -0.6447895799763511 0.0014262424242424028
v -0.15212999999999996 -0.6427833316844489 0.01887775757575757
v -0.15212999999999996 -0.6469273553161984 0.036329272727272835
v -0.15212999999999996 -0.6514036815907421 0.05378078787878791
v -0.15212999999999996 -0.6563063911770137 0.07123230303030298
v -0.15212999999999996 -0.6604738722639019 0.08868381818181824
v -0.15212999999999996 -0.6635490980556088 0.10613533333333332
v -0.15212999999999996 -0.6649253802279946 0.12358684848484858
v -0.15212999999999996 -0.6648153608457487 0.14103836363636366
v -0.15212999999999996 -0.6635056011463173 0.15848987878787874
v -0.15212999999999996 -0.6614437041344472 0.17594139393939398
v -0.15212999999999996 -0.6592181338637817 0.19339290909090906
v -0.15212999999999996 -0.6581269592809401 0.21084442424242433
v -0.15212999999999996 -0.6594336434120253 0.22829593939393938
v -0.1664688323594181 -0.6186779999999998 0.24574745454545466
v -0.15212999999999996 -0.6680364713133629 0.24574745454545466
v -0.15212999999999996 -0.6186779999999998 0.25897289694340814
v -0.13184599999999994 -0.6186779999999998 -0.21062076509275407
v -0.13184599999999994 -0.6579715404796622 -0.20799193939393942
v -0.13184599999999994 -0.655326259989329 -0.19054042424242426
v -0.13184599999999994 -0.6563601183918158 -0.1730889090909091
v -0.13184599999999994 -0.65857733451625 -0.1556373939393939
v -0.13184599999999994 -0.6608670895757496 -0.13818587878787875
v -0.13184599999999994 -0.6625324610710291 -0.12073436363636367
v -0.13184599999999994 -0.6633238384727662 -0.1032828484848485
v -0.13184599999999994 -0.6625591653890073 -0.08583133333333334
v -0.13184599999999994 -0.6603380339054479 -0.06837981818181818
v -0.13184599999999994 -0.6567299417259108 -0.050928303030303004
v -0.13184599999999994 -0.6519950361557231 -0.033476787878787835
v -0.13184599999999994 -0.6473561745871926 -0.016025272727272766
v -0.13184599999999994 -0.6437233144623365 0.0014262424242424028
v -0.13184599999999994 -0.6415732034199683 0.01887775757575757
v -0.13184599999999994 -0.6458012849018607 0.036329272727272835
v -0.13184599999999994 -0.6501936314768976 0.05378078787878791
v -0.13184599999999994 -0.65514644861362 0.07123230303030298
v -0.13184599999999994 -0.659809317464547 0.08868381818181824
v -0.13184599999999994 -0.663295505650306 0.10613533333333332
v -0.13184599999999994 -0.6654232720862211 0.12358684848484858
v -0.13184599999999994 -0.6660141566157919 0.14103836363636366
v -0.13184599999999994 -0.665352340127736 0.15848987878787874
v -0.13184599999999994 -0.6637516656002302 0.17594139393939398
v -0.13184599999999994 -0.6613856053671509 0.19339290909090906
v -0.13184599999999994 -0.6588858877009868 0.21084442424242433
v -0.13184599999999994 -0.6578979916037262 0.22829593939393938
v -0.13184599999999994 -0.6608175109100979 0.24574745454545466
v -0.13184599999999994 -0.6186779999999998 0.24827162303538675
v -0.11495347163835082 -0.6186779999999998 -0.22544345454545459
v -0.11156199999999993 -0.6186779999999998 -0.22930996814566895
v -0.11156199999999993 -0.658081531452348 -0.22544345454545459
v -0.11156199999999993 -0.6543040138805448 -0.20799193939393942
v -0.11156199999999993 -0.6545668559989727 -0.19054042424242426
v -0.11156199999999993 -0.6567599734537067 -0.1730889090909091
v -0.11156199999999993 -0.6592451709429776 -0.1556373939393939
v -0.11156199999999993 -0.661186938230552 -0.13818587878787875
v -0.11156199999999993 -0.6623057588224511 -0.12073436363636367
v -0.11156199999999993 -0.6624083275309397 -0.1032828484848485
v -0.11156199999999993 -0.6612941064397996 -0.08583133333333334
v -0.11156199999999993 -0.6589084922561065 -0.06837981818181818
v -0.11156199999999993 -0.6549301570619965 -0.050928303030303004
v -0.11156199999999993 -0.6507003287439522 -0.033476787878787835
v -0.11156199999999993 -0.6460025823599543 -0.016025272727272766
v -0.11156199999999993 -0.6423987264637742 0.0014262424242424028
v -0.11156199999999993 -0.6403559229925515 0.01887775757575757
v -0.11156199999999993 -0.6445093840162188 0.036329272727272835
v -0.11156199999999993 -0.6489188242920028 0.05378078787878791
v -0.11156199999999993 -0.654039659790208 0.07123230303030298
v -0.11156199999999993 -0.6583390881908797 0.08868381818181824
v -0.11156199999999993 -0.662101432951792 0.10613533333333332
v -0.11156199999999993 -0.6643794839897176 0.12358684848484858
v -0.11156199999999993 -0.6656535913333025 0.14103836363636366
v -0.11156199999999993 -0.6657350772754737 0.15848987878787874
v -0.11156199999999993 -0.6647624305675319 0.17594139393939398
v -0.11156199999999993 -0.6629846499758438 0.19339290909090906
v -0.11156199999999993 -0.6603472483288892 0.21084442424242433
v -0.11156199999999993 -0.6582055947483844 0.22829593939393938
v -0.11156199999999993 -0.6579159991636598 0.24574745454545466
v -0.11578801812672385 -0.6186779999999998 0.2631989696969697
v -0.11156199999999993 -0.6633767571874215 0.2631989696969697
v -0.11156199999999993 -0.6186779999999998 0.270978490529712
v -0.09741251041895034 -0.6186779999999998 -0.24289496969696966
v -0.09127799999999991 -0.6186779999999998 -0.25103839624382285
v -0.09127799999999991 -0.6609083115189889 -0.24289496969696966
v -0.09127799999999991 -0.6534762062252499 -0.22544345454545459
v -0.09127799999999991 -0.6525026452603702 -0.20799193939393942
v -0.09127799999999991 -0.6539127179786669 -0.19054042424242426
v -0.09127799999999991 -0.6562999524435608 -0.1730889090909091
v -0.09127799999999991 -0.6585258529662137 -0.1556373939393939
v -0.09127799999999991 -0.6597915404970524 -0.13818587878787875
v -0.09127799999999991 -0.6602636506247439 -0.12073436363636367
v -0.09127799999999991 -0.6599917995228519 -0.1032828484848485
v -0.09127799999999991 -0.6587949564538912 -0.08583133333333334
v -0.09127799999999991 -0.6565051762389661 -0.06837981818181818
v -0.09127799999999991 -0.6530812015194625 -0.050928303030303004
v -0.09127799999999991 -0.6486634021230484 -0.033476787878787835
v -0.09127799999999991 -0.6444940295885118 -0.016025272727272766
v -0.09127799999999991 -0.6412023325133102 0.0014262424242424028
v -0.09127799999999991 -0.6390021003447296 0.01887775757575757
v -0.09127799999999991 -0.6431087781574222 0.036329272727272835
v -0.09127799999999991 -0.6470877469705733 0.05378078787878791
v -0.09127799999999991 -0.6517330164275955 0.07123230303030298
v -0.09127799999999991 -0.6560656230205617 0.08868381818181824
v -0.09127799999999991 -0.6594641193187653 0.10613533333333332
v -0.09127799999999991 -0.6618864943659318 0.12358684848484858
v -0.09127799999999991 -0.6634372386745329 0.14103836363636366
v -0.09127799999999991 -0.6642467189021225 0.15848987878787874
v -0.09127799999999991 -0.6641212800022658 0.17594139393939398
v -0.09127799999999991 -0.6628696069249226 0.19339290909090906
v -0.09127799999999991 -0.660998015451674 0.21084442424242433
v -0.09127799999999991 -0.6588583151093323 0.22829593939393938
v -0.09127799999999991 -0.6572808210406055 0.24574745454545466
v -0.09127799999999991 -0.6594756832496953 0.2631989696969697
v -0.09127799999999991 -0.6186779999999998 0.26322375365874984
v -0.07099399999999989 -0.6186779999999998 -0.24741934898032258
v -0.07099399999999989 -0.6537279523433464 -0.24289496969696966
v -0.07099399999999989 -0.6496237962332222 -0.22544345454545459
v -0.07099399999999989 -0.649949030917412 -0.20799193939393942
v -0.07099399999999989 -0.6518482814039166 -0.19054042424242426
v -0.07099399999999989 -0.6538368330303788 -0.1730889090909091
v -0.07099399999999989 -0.6553877273748868 -0.1556373939393939
v -0.07099399999999989 -0.6562404602869418 -0.13818587878787875
v -0.07099399999999989 -0.656369915440394 -0.12073436363636367
v -0.07099399999999989 -0.6556595864192094 -0.1032828484848485
v -0.07099399999999989 -0.6548688573418002 -0.08583133333333334
v -0.07099399999999989 -0.6527425822558028 -0.06837981818181818
v -0.07099399999999989 -0.6498991132478052 -0.050928303030303004
v -0.07099399999999989 -0.6461609704345952 -0.033476787878787835
v -0.07099399999999989 -0.642545413379127 -0.016025272727272766
v -0.07099399999999989 -0.6395951797836762 0.0014262424242424028
v -0.07099399999999989 -0.637511010032959 0.01887775757575757
v -0.07099399999999989 -0.641263757664947 0.036329272727272835
v -0.07099399999999989 -0.6448331251340426 0.05378078787878791
v -0.07099399999999989 -0.6488467807885984 0.07123230303030298
v -0.07099399999999989 -0.6525122927254214 0.08868381818181824
v -0.07099399999999989 -0.6554886627860209 0.10613533333333332
v -0.07099399999999989 -0.6575381500552459 0.12358684848484858
v -0.07099399999999989 -0.6592914753164075 0.14103836363636366
v -0.07099399999999989 -0.6603006804381863 0.15848987878787874
v -0.07099399999999989 -0.6608475926306706 0.17594139393939398
v -0.07099399999999989 -0.6604715136038299 0.19339290909090906
v -0.07099399999999989 -0.6597180837474207 0.21084442424242433
v -0.07099399999999989 -0.6582937517215031 0.22829593939393938
v -0.07099399999999989 -0.6571467597643841 0.24574745454545466
v -0.07099399999999989 -0.6576515275727702 0.2631989696969697
v -0.07106941861721756 -0.6186779999999998 0.2806504848484848
v -0.07099399999999989 -0.6655348560444908 0.2806504848484848
v -0.07099399999999989 -0.6186779999999998 0.2916079776978989
v -0.05720536232168781 -0.6186779999999998 -0.2603464848484848
v -0.05070999999999987 -0.6186779999999998 -0.26853406876638886
v -0.05070999999999987 -0.6547172207669182 -0.2603464848484848
v -0.05070999999999987 -0.6462711024970934 -0.24289496969696966
v -0.05070999999999987 -0.6452859123888994 -0.22544345454545459
v -0.05070999999999987 -0.6464746215761936 -0.20799193939393942
v -0.05070999999999987 -0.64801025832519 -0.19054042424242426
v -0.05070999999999987 -0.6495768477579331 -0.1730889090909091
v -0.05070999999999987 -0.6505960254966766 -0.1556373939393939
v -0.05070999999999987 -0.6511019564751331 -0.13818587878787875
v -0.05070999999999987 -0.6510566719350025 -0.12073436363636367
v -0.05070999999999987 -0.6506955437225272 -0.1032828484848485
v -0.05070999999999987 -0.6495099105675842 -0.08583133333333334
v -0.05070999999999987 -0.6480181269891868 -0.06837981818181818
v -0.05070999999999987 -0.6457975893323031 -0.050928303030303004
v -0.05070999999999987 -0.642970153787401 -0.033476787878787835
v -0.05070999999999987 -0.6400043007412934 -0.016025272727272766
v -0.05070999999999987 -0.6375668756449043 0.0014262424242424028
v -0.05070999999999987 -0.6355796261363568 0.01887775757575757
v -0.05070999999999987 -0.6388764951196393 0.036329272727272835
v -0.05070999999999987 -0.6417765459246794 0.05378078787878791
v -0.05070999999999987 -0.645069067744191 0.07123230303030298
v -0.05070999999999987 -0.6480318024235883 0.08868381818181824
v -0.05070999999999987 -0.6503274478397083 0.10613533333333332
v -0.05070999999999987 -0.6522991054253984 0.12358684848484858
v -0.05070999999999987 -0.6537544200615614 0.14103836363636366
v -0.05070999999999987 -0.6547713602206355 0.15848987878787874
v -0.05070999999999987 -0.6558641410317846 0.17594139393939398
v -0.05070999999999987 -0.6562058372846024 0.19339290909090906
v -0.05070999999999987 -0.6563682011380104 0.21084442424242433
v -0.05070999999999987 -0.656344933922856 0.22829593939393938
v -0.05070999999999987 -0.6561907333950691 0.24574745454545466
v -0.05070999999999987 -0.6569991969492105 0.2631989696969697
v -0.05070999999999987 -0.6623255988943422 0.2806504848484848
v -0.05070999999999987 -0.6186779999999998 0.28672161644558913
v -0.03042599999999997 -0.6186779999999998 -0.26249022373570696
v -0.03042599999999997 -0.6280212673202181 -0.2603464848484848
v -0.03042599999999997 -0.638950418396722 -0.24289496969696966
v -0.03042599999999997 -0.6408657929375293 -0.22544345454545459
v -0.03042599999999997 -0.6420170854135936 -0.20799193939393942
v -0.03042599999999997 -0.6431401251464451 -0.19054042424242426
v -0.03042599999999997 -0.6439974875354474 -0.1730889090909091
v -0.03042599999999997 -0.6446358679000891 -0.1556373939393939
v -0.03042599999999997 -0.6450863223754724 -0.13818587878787875
v -0.03042599999999997 -0.6450536135356368 -0.12073436363636367
v -0.03042599999999997 -0.6445784615887533 -0.1032828484848485
v -0.03042599999999997 -0.6438829502693796 -0.08583133333333334
v -0.03042599999999997 -0.6428438299219604 -0.06837981818181818
v -0.03042599999999997 -0.6412095855774386 -0.050928303030303004
v -0.03042599999999997 -0.6392289832118331 -0.033476787878787835
v -0.03042599999999997 -0.6370038541154053 -0.016025272727272766
v -0.03042599999999997 -0.6351250074792255 0.0014262424242424028
v -0.03042599999999997 -0.6334599894292343 0.01887775757575757
v -0.03042599999999997 -0.6363829838110426 0.036329272727272835
v -0.03042599999999997 -0.6386576886693147 0.05378078787878791
v -0.03042599999999997 -0.641065855626339 0.07123230303030298
v -0.03042599999999997 -0.6432627021421581 0.08868381818181824
v -0.03042599999999997 -0.6449792812089138 0.10613533333333332
v -0.03042599999999997 -0.6464169915241863 0.12358684848484858
v -0.03042599999999997 -0.64777055415559 0.14103836363636366
v -0.03042599999999997 -0.6488180763885099 0.15848987878787874
v -0.03042599999999997 -0.6496350115818251 0.17594139393939398
v -0.03042599999999997 -0.6508926728410868 0.19339290909090906
v -0.03042599999999997 -0.6517931772213826 0.21084442424242433
v -0.03042599999999997 -0.6527606648073453 0.22829593939393938
v -0.03042599999999997 -0.6540082465164643 0.24574745454545466
v -0.03042599999999997 -0.6558955826025356 0.2631989696969697
v -0.03042599999999997 -0.6605335636286657 0.2806504848484848
v -0.03042599999999997 -0.6186779999999998 0.28361781309051826
v -0.010141999999999953 -0.6186779999999998 -0.26067298012850576
v -0.010141999999999953 -0.6268415687533008 -0.2603464848484848
v -0.010141999999999953 -0.625704333754418 -0.24289496969696966
v -0.010141999999999953 -0.6240227722122738 -0.22544345454545459
v -0.010141999999999953 -0.6236378829816831 -0.20799193939393942
v -0.010141999999999953 -0.6254716987302933 -0.19054042424242426
v -0.010141999999999953 -0.6262850567348929 -0.1730889090909091
v -0.010141999999999953 -0.6240011026163806 -0.1556373939393939
v -0.010141999999999953 -0.6262558503140488 -0.13818587878787875
v -0.010141999999999953 -0.6291272747974539 -0.12073436363636367
v -0.010141999999999953 -0.6279941672187135 -0.1032828484848485
v -0.010141999999999953 -0.6269088150326675 -0.08583133333333334
v -0.010141999999999953 -0.6282345770083253 -0.06837981818181818
v -0.010141999999999953 -0.6280409445228379 -0.050928303030303004
v -0.010141999999999953 -0.6275783550418058 -0.033476787878787835
v -0.010141999999999953 -0.6271399200493879 -0.016025272727272766
v -0.010141999999999953 -0.6266782645557508 0.0014262424242424028
v -0.010141999999999953 -0.625715929643059 0.01887775757575757
v -0.010141999999999953 -0.6285662761449119 0.036329272727272835
v -0.010141999999999953 -0.6307769343284713 0.05378078787878791
v -0.010141999999999953 -0.6328779537126759 0.07123230303030298
v -0.010141999999999953 -0.6349162409630265 0.08868381818181824
v -0.010141999999999953 -0.6365899637294786 0.10613533333333332
v -0.010141999999999953 -0.6386496712490572 0.12358684848484858
v -0.010141999999999953 -0.6408648744127704 0.14103836363636366
v -0.010141999999999953 -0.6421083589900285 0.15848987878787874
v -0.010141999999999953 -0.6433262591427145 0.17594139393939398
v -0.010141999999999953 -0.6455860952570179 0.19339290909090906
v -0.010141999999999953 -0.6472976753016586 0.21084442424242433
v -0.010141999999999953 -0.6492039424256792 0.22829593939393938
v -0.010141999999999953 -0.6517290705389407 0.24574745454545466
v -0.010141999999999953 -0.6549467641283009 0.2631989696969697
v -0.010141999999999953 -0.6596721451339049 0.2806504848484848
v -0.010141999999999953 -0.6186779999999998 0.2810811143226022
v 0.010142000000000064 -0.6186779999999998 -0.26043280305132194
v 0.010142000000000064 -0.6210690797003624 -0.2603464848484848
v 0.010142000000000064 -0.621556832332052 -0.24289496969696966
v 0.010142000000000064 -0.6189560681667094 -0.22544345454545459
v 0.007245004410179275 -0.6186779999999998 -0.20799193939393942
v 0.010142000000000064 -0.6186779999999998 -0.220939485978074
v 0.010142000000000064 -0.6186779999999998 -0.19972974940627986
v 0.010142000000000064 -0.6197581854758429 -0.19054042424242426
v 0.010142000000000064 -0.6207637707889025 -0.1730889090909091
v 0.005165609654944402 -0.6186779999999998 -0.1556373939393939
v 0.010142000000000064 -0.6186779999999998 -0.16360551145177388
v 0.010142000000000064 -0.6186779999999998 -0.14404310231199413
v 0.010142000000000064 -0.6196603821665567 -0.13818587878787875
v 0.010142000000000064 -0.6240032051840182 -0.12073436363636367
v 0.010142000000000064 -0.6222901466449956 -0.1032828484848485
v 0.010142000000000064 -0.6207873555629617 -0.08583133333333334
v 0.010142000000000064 -0.6231649579730345 -0.06837981818181818
v 0.010142000000000064 -0.6233842898173271 -0.050928303030303004
v 0.010142000000000064 -0.623332231545575 -0.033476787878787835
v 0.010142000000000064 -0.6235377774975266 -0.016025272727272766
v 0.010142000000000064 -0.6235283644326979 0.0014262424242424028
v 0.010142000000000064 -0.6221073844936226 0.01887775757575757
v 0.010142000000000064 -0.6253879538372265 0.036329272727272835
v 0.010142000000000064 -0.6271142172108979 0.05378078787878791
v 0.010142000000000064 -0.6293129799680391 0.07123230303030298
v 0.010142000000000064 -0.6311513698919982 0.08868381818181824
v 0.010142000000000064 -0.6329244583374841 0.10613533333333332
v 0.010142000000000064 -0.6352314513554002 0.12358684848484858
v 0.010142000000000064 -0.6380431208041818 0.14103836363636366
v 0.010142000000000064 -0.6390994083963365 0.15848987878787874
v 0.010142000000000064 -0.6404166471295164 0.17594139393939398
v 0.010142000000000064 -0.6431228584553904 0.19339290909090906
v 0.010142000000000064 -0.6453482684603697 0.21084442424242433
v 0.010142000000000064 -0.6473747993276701 0.22829593939393938
v 0.010142000000000064 -0.6501908506893582 0.24574745454545466
v 0.010142000000000064 -0.6536620239778708 0.2631989696969697
v 0.010142000000000064 -0.6584133888843721 0.2806504848484848
v 0.010142000000000064 -0.6186779999999998 0.28110841936824954
v 0.030426000000000192 -0.6186779999999998 -0.262069629111923
v 0.030426000000000192 -0.6266767557573221 -0.2603464848484848
v 0.030426000000000192 -0.637506634223125 -0.24289496969696966
v 0.030426000000000192 -0.639474515184488 -0.22544345454545459
v 0.010727831326329615 -0.6186779999999998 -0.20799193939393942
v 0.030426000000000192 -0.640296941801282 -0.20799193939393942
v 0.030426000000000192 -0.6414092361430345 -0.19054042424242426
v 0.030426000000000192 -0.6422523987835282 -0.1730889090909091
v 0.011205454696591404 -0.6186779999999998 -0.1556373939393939
v 0.030426000000000192 -0.6428394396532755 -0.1556373939393939
v 0.030426000000000192 -0.6433471373084966 -0.13818587878787875
v 0.030426000000000192 -0.6433595875800121 -0.12073436363636367
v 0.030426000000000192 -0.6430297411873 -0.1032828484848485
v 0.030426000000000192 -0.6424728678894372 -0.08583133333333334
v 0.030426000000000192 -0.6413694004068987 -0.06837981818181818
v 0.030426000000000192 -0.639752245929049 -0.050928303030303004
v 0.030426000000000192 -0.6379929902803153 -0.033476787878787835
v 0.030426000000000192 -0.6359335686330394 -0.016025272727272766
v 0.030426000000000192 -0.6340589747797272 0.0014262424242424028
v 0.030426000000000192 -0.6324587392433509 0.01887775757575757
v 0.030426000000000192 -0.6354032242901809 0.036329272727272835
v 0.030426000000000192 -0.6376554583832446 0.05378078787878791
v 0.030426000000000192 -0.6400487921189921 0.07123230303030298
v 0.030426000000000192 -0.6421434278700132 0.08868381818181824
v 0.030426000000000192 -0.6439211181046257 0.10613533333333332
v 0.030426000000000192 -0.6452817719228641 0.12358684848484858
v 0.030426000000000192 -0.646626773584614 0.14103836363636366
v 0.030426000000000192 -0.647740807223715 0.15848987878787874
v 0.030426000000000192 -0.6485908582764702 0.17594139393939398
v 0.030426000000000192 -0.6496403488215239 0.19339290909090906
v 0.030426000000000192 -0.6508053867710264 0.21084442424242433
v 0.030426000000000192 -0.6516448714333355 0.22829593939393938
v 0.030426000000000192 -0.6527116001686619 0.24574745454545466
v 0.030426000000000192 -0.6540229521053361 0.2631989696969697
v 0.030426000000000192 -0.6585015462417197 0.2806504848484848
v 0.030426000000000192 -0.6186779999999998 0.2836535535581081
v 0.050710000000000095 -0.6186779999999998 -0.26833754075095706
v 0.050710000000000095 -0.6543760960422554 -0.2603464848484848
v 0.050710000000000095 -0.645480390625483 -0.24289496969696966
v 0.050710000000000095 -0.6437532143183576 -0.22544345454545459
v 0.050710000000000095 -0.6447825139885898 -0.20799193939393942
v 0.050710000000000095 -0.6462823830344003 -0.19054042424242426
v 0.050710000000000095 -0.647585933185656 -0.1730889090909091
v 0.050710000000000095 -0.6485922002768918 -0.1556373939393939
v 0.050710000000000095 -0.6491988425368944 -0.13818587878787875
v 0.050710000000000095 -0.6492067166069229 -0.12073436363636367
v 0.050710000000000095 -0.6491129778640842 -0.1032828484848485
v 0.050710000000000095 -0.6480796386875695 -0.08583133333333334
v 0.050710000000000095 -0.6466486734156536 -0.06837981818181818
v 0.050710000000000095 -0.6444720131602568 -0.050928303030303004
v 0.050710000000000095 -0.6418181149754526 -0.033476787878787835
v 0.050710000000000095 -0.639189062595925 -0.016025272727272766
v 0.050710000000000095 -0.6367899396999412 0.0014262424242424028
v 0.050710000000000095 -0.6349378779514288 0.01887775757575757
v 0.050710000000000095 -0.6383671015215934 0.036329272727272835
v 0.050710000000000095 -0.641267913904406 0.05378078787878791
v 0.050710000000000095 -0.6444481946248414 0.07123230303030298
v 0.050710000000000095 -0.6470512602078309 0.08868381818181824
v 0.050710000000000095 -0.649361170266642 0.10613533333333332
v 0.050710000000000095 -0.651308970073705 0.12358684848484858
v 0.050710000000000095 -0.652755865858213 0.14103836363636366
v 0.050710000000000095 -0.653804777400202 0.15848987878787874
v 0.050710000000000095 -0.6545014235792576 0.17594139393939398
v 0.050710000000000095 -0.6551199304265133 0.19339290909090906
v 0.050710000000000095 -0.6552437341822367 0.21084442424242433
v 0.050710000000000095 -0.6550055488386357 0.22829593939393938
v 0.050710000000000095 -0.6545795625037193 0.24574745454545466
v 0.050710000000000095 -0.6551900602664796 0.2631989696969697
v 0.050710000000000095 -0.6605431686479855 0.2806504848484848
v 0.050710000000000095 -0.6186779999999998 0.2867942215234946
v 0.057064067310734046 -0.6186779999999998 -0.2603464848484848
v 0.070994 -0.6186779999999998 -0.24726386934090044
v 0.070994 -0.653051069335701 -0.24289496969696966
v 0.070994 -0.6484204326245415 -0.22544345454545459
v 0.070994 -0.6482741419145563 -0.20799193939393942
v 0.070994 -0.6498683971211522 -0.19054042424242426
v 0.070994 -0.6516359070508349 -0.1730889090909091
v 0.070994 -0.6531003370359114 -0.1556373939393939
v 0.070994 -0.6540301965469649 -0.13818587878787875
v 0.070994 -0.6542965484082256 -0.12073436363636367
v 0.070994 -0.6538740636834344 -0.1032828484848485
v 0.070994 -0.6531386407057093 -0.08583133333333334
v 0.070994 -0.6513143355549853 -0.06837981818181818
v 0.070994 -0.6486595865827466 -0.050928303030303004
v 0.070994 -0.6452480983047273 -0.033476787878787835
v 0.070994 -0.6417504259100288 -0.016025272727272766
v 0.070994 -0.6389040903922147 0.0014262424242424028
v 0.070994 -0.6369127493075558 0.01887775757575757
v 0.070994 -0.6407646832953572 0.036329272727272835
v 0.070994 -0.6443258745884839 0.05378078787878791
v 0.070994 -0.6480343716488541 0.07123230303030298
v 0.070994 -0.6516535611652625 0.08868381818181824
v 0.070994 -0.6545224996314594 0.10613533333333332
v 0.070994 -0.6567051283757018 0.12358684848484858
v 0.070994 -0.6583564116359419 0.14103836363636366
v 0.070994 -0.6592893044664443 0.15848987878787874
v 0.070994 -0.6596093722432226 0.17594139393939398
v 0.070994 -0.6594027744144014 0.19339290909090906
v 0.070994 -0.6585295625437204 0.21084442424242433
v 0.070994 -0.656946082879909 0.22829593939393938
v 0.070994 -0.6558775176474485 0.24574745454545466
v 0.070994 -0.6566422232272504 0.2631989696969697
v 0.070994 -0.6652391376873986 0.2806504848484848
v 0.070994 -0.6186779999999998 0.29172063918786606
v 0.09127800000000014 -0.6186779999999998 -0.25090056470217376
v 0.09127800000000014 -0.6604959133247991 -0.24289496969696966
v 0.09127800000000014 -0.6524313157846436 -0.22544345454545459
v 0.09127800000000014 -0.6509373765974897 -0.20799193939393942
v 0.09127800000000014 -0.6519658906577145 -0.19054042424242426
v 0.09127800000000014 -0.6540860202298646 -0.1730889090909091
v 0.09127800000000014 -0.6561876120500182 -0.1556373939393939
v 0.09127800000000014 -0.6575671492764918 -0.13818587878787875
v 0.09127800000000014 -0.6580586376532832 -0.12073436363636367
v 0.09127800000000014 -0.6578064764469937 -0.1032828484848485
v 0.09127800000000014 -0.6570024345554124 -0.08583133333333334
v 0.09127800000000014 -0.6550043510585841 -0.06837981818181818
v 0.09127800000000014 -0.6518376014340072 -0.050928303030303004
v 0.09127800000000014 -0.6478353595876281 -0.033476787878787835
v 0.09127800000000014 -0.6437585115327144 -0.016025272727272766
v 0.09127800000000014 -0.6406079532712349 0.0014262424242424028
v 0.09127800000000014 -0.6384571732298009 0.01887775757575757
v 0.09127800000000014 -0.6425605941898898 0.036329272727272835
v 0.09127800000000014 -0.6464792582904847 0.05378078787878791
v 0.09127800000000014 -0.650981402992287 0.07123230303030298
v 0.09127800000000014 -0.655238454697508 0.08868381818181824
v 0.09127800000000014 -0.6586262377096843 0.10613533333333332
v 0.09127800000000014 -0.6610624905891634 0.12358684848484858
v 0.09127800000000014 -0.6625060690000633 0.14103836363636366
v 0.09127800000000014 -0.6631873031630966 0.15848987878787874
v 0.09127800000000014 -0.6629430039275364 0.17594139393939398
v 0.09127800000000014 -0.6618527404022341 0.19339290909090906
v 0.09127800000000014 -0.6599492798619612 0.21084442424242433
v 0.09127800000000014 -0.6578228876536376 0.22829593939393938
v 0.09127800000000014 -0.656347634309433 0.24574745454545466
v 0.09127800000000014 -0.6588804293894106 0.2631989696969697
v 0.07106859973575022 -0.6186779999999998 0.2806504848484848
v 0.09127800000000014 -0.6186779999999998 0.26322321862381015
v 0.0973044105358257 -0.6186779999999998 -0.24289496969696966
v 0.11156200000000004 -0.6186779999999998 -0.22920151100835054
v 0.11156200000000004 -0.6573747123685191 -0.22544345454545459
v 0.11156200000000004 -0.6530281394078269 -0.20799193939393942
v 0.11156200000000004 -0.6528889035513321 -0.19054042424242426
v 0.11156200000000004 -0.6548336979997812 -0.1730889090909091
v 0.11156200000000004 -0.6570595891969528 -0.1556373939393939
v 0.11156200000000004 -0.6590026506751713 -0.13818587878787875
v 0.11156200000000004 -0.660051307380247 -0.12073436363636367
v 0.11156200000000004 -0.6602388114516259 -0.1032828484848485
v 0.11156200000000004 -0.6595441072316727 -0.08583133333333334
v 0.11156200000000004 -0.6573506829128403 -0.06837981818181818
v 0.11156200000000004 -0.6538152232428314 -0.050928303030303004
v 0.11156200000000004 -0.649776029570155 -0.033476787878787835
v 0.11156200000000004 -0.6452528725657493 -0.016025272727272766
v 0.11156200000000004 -0.6417599134773063 0.0014262424242424028
v 0.11156200000000004 -0.6397463971877472 0.01887775757575757
v 0.11156200000000004 -0.6439552064073196 0.036329272727272835
v 0.11156200000000004 -0.6483003352084471 0.05378078787878791
v 0.11156200000000004 -0.6532973201366579 0.07123230303030298
v 0.11156200000000004 -0.6576677650079321 0.08868381818181824
v 0.11156200000000004 -0.661302743374948 0.10613533333333332
v 0.11156200000000004 -0.6636576831727246 0.12358684848484858
v 0.11156200000000004 -0.6648556730917387 0.14103836363636366
v 0.11156200000000004 -0.6649516086956931 0.15848987878787874
v 0.11156200000000004 -0.6638582677838237 0.17594139393939398
v 0.11156200000000004 -0.662054739411898 0.19339290909090906
v 0.11156200000000004 -0.6595289155589428 0.21084442424242433
v 0.11156200000000004 -0.6574709930871249 0.22829593939393938
v 0.11156200000000004 -0.6574285276624615 0.24574745454545466
v 0.11156200000000004 -0.6631647502780409 0.2631989696969697
v 0.11156200000000004 -0.6186779999999998 0.2709479169927891
v 0.11485819893736825 -0.6186779999999998 -0.22544345454545459
v 0.13184600000000016 -0.6186779999999998 -0.210540338816546
v 0.13184600000000016 -0.6571896127729706 -0.20799193939393942
v 0.13184600000000016 -0.6541538510624495 -0.19054042424242426
v 0.13184600000000016 -0.6548022876919672 -0.1730889090909091
v 0.13184600000000016 -0.6567283963466339 -0.1556373939393939
v 0.13184600000000016 -0.6587709503902383 -0.13818587878787875
v 0.13184600000000016 -0.6603973766902553 -0.12073436363636367
v 0.13184600000000016 -0.6611752901288834 -0.1032828484848485
v 0.13184600000000016 -0.6607133294711015 -0.08583133333333334
v 0.13184600000000016 -0.6587997548353541 -0.06837981818181818
v 0.13184600000000016 -0.6555453627520468 -0.050928303030303004
v 0.13184600000000016 -0.6512209673012241 -0.033476787878787835
v 0.13184600000000016 -0.6465605612767876 -0.016025272727272766
v 0.13184600000000016 -0.6430847335121174 0.0014262424242424028
v 0.13184600000000016 -0.6409924506014338 0.01887775757575757
v 0.13184600000000016 -0.6452591318255765 0.036329272727272835
v 0.13184600000000016 -0.6497329807740297 0.05378078787878791
v 0.13184600000000016 -0.6547029527841132 0.07123230303030298
v 0.13184600000000016 -0.6592324952232032 0.08868381818181824
v 0.13184600000000016 -0.6626110991192995 0.10613533333333332
v 0.13184600000000016 -0.6646391724143708 0.12358684848484858
v 0.13184600000000016 -0.6652804871919866 0.14103836363636366
v 0.13184600000000016 -0.6644339156391526 0.15848987878787874
v 0.13184600000000016 -0.6630941661120537 0.17594139393939398
v 0.13184600000000016 -0.6608441812981966 0.19339290909090906
v 0.13184600000000016 -0.6584600632762261 0.21084442424242433
v 0.13184600000000016 -0.6574788552005819 0.22829593939393938
v 0.13184600000000016 -0.6605815940645942 0.24574745454545466
v 0.11576548739289856 -0.6186779999999998 0.2631989696969697
v 0.13184600000000016 -0.6186779999999998 0.24825944041587905
v 0.15213000000000007 -0.6186779999999998 -0.21967324041936864
v 0.15213000000000007 -0.6662028070792395 -0.20799193939393942
v 0.15213000000000007 -0.6574243469655636 -0.19054042424242426
v 0.15213000000000007 -0.6551158263683333 -0.1730889090909091
v 0.15213000000000007 -0.6556188244737132 -0.1556373939393939
v 0.15213000000000007 -0.6573891956378356 -0.13818587878787875
v 0.15213000000000007 -0.6593370543867711 -0.12073436363636367
v 0.15213000000000007 -0.6606388699832173 -0.1032828484848485
v 0.15213000000000007 -0.6608469137962368 -0.08583133333333334
v 0.15213000000000007 -0.6595539955829315 -0.06837981818181818
v 0.15213000000000007 -0.6563520743964234 -0.050928303030303004
v 0.15213000000000007 -0.6519828514596359 -0.033476787878787835
v 0.15213000000000007 -0.6475528146719453 -0.016025272727272766
v 0.15213000000000007 -0.6440269735114033 0.0014262424242424028
v 0.15213000000000007 -0.6420538154576106 0.01887775757575757
v 0.15213000000000007 -0.6462548282576333 0.036329272727272835
v 0.15213000000000007 -0.650732351366114 0.05378078787878791
v 0.15213000000000007 -0.655645252873141 0.07123230303030298
v 0.15213000000000007 -0.6597248056903241 0.08868381818181824
v 0.15213000000000007 -0.6627576205373483 0.10613533333333332
v 0.15213000000000007 -0.664141951295714 0.12358684848484858
v 0.15213000000000007 -0.6639668395370414 0.14103836363636366
v 0.15213000000000007 -0.6627911931762713 0.15848987878787874
v 0.15213000000000007 -0.6608408062930501 0.17594139393939398
v 0.15213000000000007 -0.6588840145243117 0.19339290909090906
v 0.15213000000000007 -0.6578905787947161 0.21084442424242433
v 0.15213000000000007 -0.6592801519716799 0.22829593939393938
v 0.15213000000000007 -0.6679710281033137 0.24574745454545466
v 0.15213000000000007 -0.6186779999999998 0.2589633348695711
v 0.16552753849701726 -0.6186779999999998 -0.20799193939393942
v 0.17241399999999998 -0.6186779999999998 -0.2001440760858793
v 0.17241399999999998 -0.6631652609129867 -0.19054042424242426
v 0.17241399999999998 -0.6585773014705676 -0.1730889090909091
v 0.17241399999999998 -0.6557369816281543 -0.1556373939393939
v 0.17241399999999998 -0.6561811059424736 -0.13818587878787875
v 0.17241399999999998 -0.6574711076894858 -0.12073436363636367
v 0.17241399999999998 -0.6588734992702118 -0.1032828484848485
v 0.17241399999999998 -0.6596253972421607 -0.08583133333333334
v 0.17241399999999998 -0.6588857620572531 -0.06837981818181818
v 0.17241399999999998 -0.6566181364409589 -0.050928303030303004
v 0.17241399999999998 -0.6528601307455335 -0.033476787878787835
v 0.17241399999999998 -0.6486917890139516 -0.016025272727272766
v 0.17241399999999998 -0.6448702006944925 0.0014262424242424028
v 0.17241399999999998 -0.6428869897756944 0.01887775757575757
v 0.17241399999999998 -0.6471314067211532 0.036329272727272835
v 0.17241399999999998 -0.6514772675527374 0.05378078787878791
v 0.17241399999999998 -0.6559617191704885 0.07123230303030298
v 0.17241399999999998 -0.659497167432457 0.08868381818181824
v 0.17241399999999998 -0.6615624643644115 0.10613533333333332
v 0.17241399999999998 -0.6621826747294794 0.12358684848484858
v 0.17241399999999998 -0.6616050708325162 0.14103836363636366
v 0.17241399999999998 -0.6601868094594038 0.15848987878787874
v 0.17241399999999998 -0.6584595437716956 0.17594139393939398
v 0.17241399999999998 -0.6578008875347864 0.19339290909090906
v 0.17241399999999998 -0.659534693860382 0.21084442424242433
v 0.17241399999999998 -0.6666153294133434 0.22829593939393938
v 0.1664478844388902 -0.6186779999999998 0.24574745454545466
v 0.17241399999999998 -0.6186779999999998 0.23949646513079523
v 0.18392501672416778 -0.6186779999999998 -0.19054042424242426
v 0.19269800000000012 -0.6186779999999998 -0.18798413202856717
v 0.19269800000000012 -0.6704052823523612 -0.1730889090909091
v 0.19269800000000012 -0.6599470248808558 -0.1556373939393939
v 0.19269800000000012 -0.6563665940993689 -0.13818587878787875
v 0.19269800000000012 -0.6561225797739075 -0.12073436363636367
v 0.19269800000000012 -0.6567914571128959 -0.1032828484848485
v 0.19269800000000012 -0.6575470015354663 -0.08583133333333334
v 0.19269800000000012 -0.6574053227632266 -0.06837981818181818
v 0.19269800000000012 -0.6557520217341843 -0.050928303030303004
v 0.19269800000000012 -0.6530078590092382 -0.033476787878787835
v 0.19269800000000012 -0.6498899098530371 -0.016025272727272766
v 0.19269800000000012 -0.6470367325814738 0.0014262424242424028
v 0.19269800000000012 -0.6452692120132574 0.01887775757575757
v 0.19269800000000012 -0.6489030167673417 0.036329272727272835
v 0.19269800000000012 -0.6523751846296754 0.05378078787878791
v 0.19269800000000012 -0.6558405166905348 0.07123230303030298
v 0.19269800000000012 -0.6583043865815903 0.08868381818181824
v 0.19269800000000012 -0.6594931254549868 0.10613533333333332
v 0.19269800000000012 -0.6593371918926231 0.12358684848484858
v 0.19269800000000012 -0.6586940986732737 0.14103836363636366
v 0.19269800000000012 -0.6578032697427196 0.15848987878787874
v 0.19269800000000012 -0.6577681100986623 0.17594139393939398
v 0.19269800000000012 -0.6602698772242255 0.19339290909090906
v 0.19269800000000012 -0.6694016757815127 0.21084442424242433
v 0.18538905977930378 -0.6186779999999998 0.22829593939393938
v 0.19269800000000012 -0.6186779999999998 0.22429966546660218
v 0.21061232052087156 -0.6186779999999998 -0.1730889090909091
v 0.1983572045513998 -0.6186779999999998 -0.1556373939393939
v 0.212982 -0.6186779999999998 -0.1449092283362011
v 0.212982 -0.66347745342932 -0.13818587878787875
v 0.212982 -0.658059665261286 -0.12073436363636367
v 0.212982 -0.6559967946810308 -0.1032828484848485
v 0.212982 -0.6559130384386669 -0.08583133333333334
v 0.212982 -0.6554908954428278 -0.06837981818181818
v 0.212982 -0.6547240113161696 -0.050928303030303004
v 0.212982 -0.6530973660379757 -0.033476787878787835
v 0.212982 -0.65077778912936 -0.016025272727272766
v 0.212982 -0.6483223130162861 0.0014262424242424028
v 0.212982 -0.6468852413895888 0.01887775757575757
v 0.212982 -0.649819144388844 0.036329272727272835
v 0.212982 -0.6525976529803859 0.05378078787878791
v 0.212982 -0.6548903830016259 0.07123230303030298
v 0.212982 -0.6563358435765252 0.08868381818181824
v 0.212982 -0.6570120601319186 0.10613533333333332
v 0.212982 -0.6570387467126175 0.12358684848484858
v 0.212982 -0.6573170639362176 0.14103836363636366
v 0.212982 -0.6584269599500526 0.15848987878787874
v 0.212982 -0.6628742739619713 0.17594139393939398
v 0.20299889422119186 -0.6186779999999998 0.19339290909090906
v 0.212982 -0.6186779999999998 0.18652918050446785
v 0.20939569226895002 -0.6186779999999998 0.21084442424242433
v 0.22311370568973832 -0.6186779999999998 -0.13818587878787875
v 0.23326600000000014 -0.6186779999999998 -0.13215509755309968
v 0.23326600000000014 -0.6669584694644144 -0.12073436363636367
v 0.23326600000000014 -0.6618968604080152 -0.1032828484848485
v 0.23326600000000014 -0.6576192059533293 -0.08583133333333334
v 0.23326600000000014 -0.6557307515627204 -0.06837981818181818
v 0.23326600000000014 -0.6543246984225389 -0.050928303030303004
v 0.23326600000000014 -0.6532754558150955 -0.033476787878787835
v 0.23326600000000014 -0.6518181529630791 -0.016025272727272766
v 0.23326600000000014 -0.6504127568008086 0.0014262424242424028
v 0.23326600000000014 -0.6493855994531789 0.01887775757575757
v 0.23326600000000014 -0.6514749414061176 0.036329272727272835
v 0.23326600000000014 -0.6528698218528366 0.05378078787878791
v 0.23326600000000014 -0.6542175823693788 0.07123230303030298
v 0.23326600000000014 -0.6553814421380222 0.08868381818181824
v 0.23326600000000014 -0.6564253807885485 0.10613533333333332
v 0.23326600000000014 -0.6582301860701814 0.12358684848484858
v 0.23326600000000014 -0.6622685304261474 0.14103836363636366
v 0.23326600000000014 -0.6661008655407064 0.15848987878787874
v 0.22032387912109724 -0.6186779999999998 0.17594139393939398
v 0.23326600000000014 -0.6186779999999998 0.16729516211865794
v 0.2490650947077695 -0.6186779999999998 -0.12073436363636367
v 0.24218266731254645 -0.6186779999999998 -0.1032828484848485
v 0.23648489684754154 -0.6186779999999998 -0.08583133333333334
v 0.25355000000000005 -0.6186779999999998 -0.07401488504436489
v 0.25355000000000005 -0.6639893421359672 -0.06837981818181818
v 0.25355000000000005 -0.6595156665592918 -0.050928303030303004
v 0.25355000000000005 -0.6565572183844727 -0.033476787878787835
v 0.25355000000000005 -0.6554010217228485 -0.016025272727272766
v 0.25355000000000005 -0.6548285869261973 0.0014262424242424028
v 0.25355000000000005 -0.6545393628625712 0.01887775757575757
v 0.25355000000000005 -0.655067451304827 0.036329272727272835
v 0.25355000000000005 -0.6555381685890198 0.05378078787878791
v 0.25355000000000005 -0.6575224258476782 0.07123230303030298
v 0.25355000000000005 -0.6606989251958715 0.08868381818181824
v 0.25355000000000005 -0.665517650215385 0.10613533333333332
v 0.25355000000000005 -0.6682855586678957 0.12358684848484858
v 0.24165368775277363 -0.6186779999999998 0.14103836363636366
v 0.25355000000000005 -0.6186779999999998 0.1356935693755767
v 0.2482747544898644 -0.6186779999999998 0.15848987878787874
v 0.26638394178988034 -0.6186779999999998 -0.06837981818181818
v 0.2607884113000506 -0.6186779999999998 -0.050928303030303004
v 0.2598576884961221 -0.6186779999999998 -0.033476787878787835
v 0.2544071429825163 -0.6186779999999998 -0.016025272727272766
v 0.2738340000000002 -0.6186779999999998 -0.0021006075639571865
v 0.2738340000000002 -0.6677127368295686 0.0014262424242424028
v 0.2738340000000002 -0.6614167028757563 0.01887775757575757
v 0.2738340000000002 -0.6673381587342424 0.036329272727272835
v 0.25556177377926353 -0.6186779999999998 0.05378078787878791
v 0.2738340000000002 -0.6186779999999998 0.04287468567358844
v 0.26095876158790254 -0.6186779999999998 0.07123230303030298
v 0.26187717002217753 -0.6186779999999998 0.08868381818181824
v 0.26774236633022885 -0.6186779999999998 0.10613533333333332
v 0.27066023817035356 -0.6186779999999998 0.12358684848484858
v 0.29039401864654846 -0.6186779999999998 0.0014262424242424028
v 0.2864214013969115 -0.6186779999999998 0.01887775757575757
v 0.2906708845829438 -0.6186779999999998 0.036329272727272835
v -0.2953669904743227 -0.5643552727272725 -0.06837981818181818
v -0.2941179999999999 -0.5643552727272725 -0.07348519941487329
v -0.2941179999999999 -0.5653036208940889 -0.06837981818181818
v -0.2971270405700268 -0.5643552727272725 -0.050928303030303004
v -0.2941179999999999 -0.5666401751873549 -0.050928303030303004
v -0.29542952558131547 -0.5643552727272725 -0.033476787878787835
v -0.2941179999999999 -0.5653983481684757 -0.033476787878787835
v -0.2941179999999999 -0.5643552727272725 -0.03161930408068427
v -0.2977470704361485 -0.5643552727272725 0.05378078787878791
v -0.2941179999999999 -0.5643552727272725 0.05021857184047835
v -0.2941179999999999 -0.5673833246085009 0.05378078787878791
v -0.30164551080554 -0.5643552727272725 0.07123230303030298
v -0.2941179999999999 -0.5700585315581892 0.07123230303030298
v -0.30150284316635567 -0.5643552727272725 0.08868381818181824
v -0.2941179999999999 -0.5698191968585024 0.08868381818181824
v -0.29864705792008445 -0.5643552727272725 0.10613533333333332
v -0.2941179999999999 -0.5677270577391902 0.10613533333333332
v -0.2941179999999999 -0.5643552727272725 0.12220292983837203
v -0.2786833530639575 -0.5643552727272725 -0.12073436363636367
v -0.27383399999999997 -0.5643552727272725 -0.12959886062321554
v -0.27383399999999997 -0.5674420764947481 -0.12073436363636367
v -0.2862900020499628 -0.5643552727272725 -0.1032828484848485
v -0.27383399999999997 -0.5716584679380479 -0.1032828484848485
v -0.2915443059616655 -0.5643552727272725 -0.08583133333333334
v -0.27383399999999997 -0.5732738757195553 -0.08583133333333334
v -0.27383399999999997 -0.5731527999131926 -0.06837981818181818
v -0.27383399999999997 -0.5709337051080747 -0.050928303030303004
v -0.27383399999999997 -0.5726388157947597 -0.033476787878787835
v -0.2900161327220369 -0.5643552727272725 -0.016025272727272766
v -0.27383399999999997 -0.5655856802972143 -0.016025272727272766
v -0.28562025957882325 -0.5643552727272725 0.0014262424242424028
v -0.2883678276219672 -0.5643552727272725 0.01887775757575757
v -0.2900336685547205 -0.5643552727272725 0.036329272727272835
v -0.27383399999999997 -0.567466426680229 0.05378078787878791
v -0.27383399999999997 -0.5744355410992465 0.07123230303030298
v -0.27383399999999997 -0.572036232704703 0.08868381818181824
v -0.27383399999999997 -0.5743477922747922 0.10613533333333332
v -0.2937892118737942 -0.5643552727272725 0.12358684848484858
v -0.27383399999999997 -0.5739416746818337 0.12358684848484858
v -0.2886116153212297 -0.5643552727272725 0.14103836363636366
v -0.27383399999999997 -0.5727849736238574 0.14103836363636366
v -0.28119697696310303 -0.5643552727272725 0.15848987878787874
v -0.27383399999999997 -0.5689618191458284 0.15848987878787874
v -0.27383399999999997 -0.5643552727272725 0.17200806268431604
v -0.2593179442308622 -0.5643552727272725 -0.1556373939393939
v -0.25354999999999994 -0.5643552727272725 -0.1637180826828737
v -0.25354999999999994 -0.5677311400737607 -0.1556373939393939
v -0.2696017702328473 -0.5643552727272725 -0.13818587878787875
v -0.25354999999999994 -0.5724987461836499 -0.13818587878787875
v -0.25354999999999994 -0.5738969340165414 -0.12073436363636367
v -0.25354999999999994 -0.5717755492657428 -0.1032828484848485
v -0.25354999999999994 -0.5685847902300435 -0.08583133333333334
v -0.25354999999999994 -0.5714078014426079 0.14103836363636366
v -0.25354999999999994 -0.5742400759746215 0.15848987878787874
v -0.27194339435855003 -0.5643552727272725 0.17594139393939398
v -0.25354999999999994 -0.5737274856357254 0.17594139393939398
v -0.26219308639732974 -0.5643552727272725 0.19339290909090906
v -0.25354999999999994 -0.5692599202115999 0.19339290909090906
v -0.25354999999999994 -0.5643552727272725 0.2047548997556242
v -0.24731831428307835 -0.5643552727272725 -0.1730889090909091
v -0.23326599999999992 -0.5643552727272725 -0.19025424377535466
v -0.23326599999999992 -0.5715878888802765 -0.1730889090909091
v -0.23326599999999992 -0.574477085805185 -0.1556373939393939
v -0.23326599999999992 -0.5718674479710589 -0.13818587878787875
v -0.23326599999999992 -0.569803926881405 0.17594139393939398
v -0.23326599999999992 -0.5744843056665702 0.19339290909090906
v -0.2490909443000632 -0.5643552727272725 0.21084442424242433
v -0.23326599999999992 -0.5721048511900644 0.21084442424242433
v -0.23454212165002436 -0.5643552727272725 0.22829593939393938
v -0.23326599999999992 -0.5650501523614112 0.22829593939393938
v -0.23326599999999992 -0.5643552727272725 0.229679712779364
v -0.21802657438053452 -0.5643552727272725 -0.20799193939393942
v -0.2129819999999999 -0.5643552727272725 -0.2130524504085159
v -0.2129819999999999 -0.567015422822296 -0.20799193939393942
v -0.23303780892313 -0.5643552727272725 -0.19054042424242426
v -0.2129819999999999 -0.5733522906884865 -0.19054042424242426
v -0.2129819999999999 -0.5740567021863422 -0.1730889090909091
v -0.2129819999999999 -0.5702574101299375 -0.1556373939393939
v -0.2129819999999999 -0.5786274169204436 0.19339290909090906
v -0.2129819999999999 -0.5736154958093749 0.21084442424242433
v -0.2129819999999999 -0.5731717668221097 0.22829593939393938
v -0.2182783496089149 -0.5643552727272725 0.24574745454545466
v -0.2129819999999999 -0.5670006480387465 0.24574745454545466
v -0.2129819999999999 -0.5643552727272725 0.2506910343274738
v -0.20033434894299038 -0.5643552727272725 -0.22544345454545459
v -0.19269799999999987 -0.5643552727272725 -0.23213810394949513
v -0.19269799999999987 -0.5680613355757129 -0.22544345454545459
v -0.19269799999999987 -0.5742412371931477 -0.20799193939393942
v -0.19269799999999987 -0.5730558976335693 -0.19054042424242426
v -0.19269799999999987 -0.571912861939817 0.22829593939393938
v -0.19269799999999987 -0.5734966855398228 0.24574745454545466
v -0.19871191882466316 -0.5643552727272725 0.2631989696969697
v -0.19269799999999987 -0.5670853594468428 0.2631989696969697
v -0.19269799999999987 -0.5643552727272725 0.2680217481418279
v -0.1795285761610208 -0.5643552727272725 -0.24289496969696966
v -0.17241399999999987 -0.5643552727272725 -0.24827867951422494
v -0.17241399999999987 -0.5676251659591418 -0.24289496969696966
v -0.17241399999999987 -0.5746018806472698 -0.22544345454545459
v -0.17241399999999987 -0.5730106783413306 -0.20799193939393942
v -0.17241399999999987 -0.5719979356162272 0.24574745454545466
v -0.17241399999999987 -0.5733204677750079 0.2631989696969697
v -0.17424932700749537 -0.5643552727272725 0.2806504848484848
v -0.17241399999999987 -0.5651380622246907 0.2806504848484848
v -0.17241399999999987 -0.5643552727272725 0.2818880763617485
v -0.15368486756293798 -0.5643552727272725 -0.2603464848484848
v -0.15212999999999996 -0.5643552727272725 -0.26130295897738204
v -0.15212999999999996 -0.5650273568063494 -0.2603464848484848
v -0.15212999999999996 -0.5739255088345435 -0.24289496969696966
v -0.15212999999999996 -0.5732011798631041 -0.22544345454545459
v -0.15212999999999996 -0.5729219041086308 0.2631989696969697
v -0.15212999999999996 -0.5715556574502304 0.2806504848484848
v -0.15212999999999996 -0.5643552727272725 0.29381376893062505
v -0.13184599999999994 -0.5643552727272725 -0.27255110536862814
v -0.13184599999999994 -0.5720304546467988 -0.2603464848484848
v -0.13184599999999994 -0.5745372843846125 -0.24289496969696966
v -0.13184599999999994 -0.5683097583172146 -0.22544345454545459
v -0.13184599999999994 -0.5670289069559266 0.2631989696969697
v -0.13184599999999994 -0.5738717782663838 0.2806504848484848
v -0.1432493840190496 -0.5643552727272725 0.2981020000000001
v -0.13184599999999994 -0.567982318123688 0.2981020000000001
v -0.13184599999999994 -0.5643552727272725 0.3037136066650656
v -0.11992164014853571 -0.5643552727272725 -0.277798
v -0.11156199999999993 -0.5643552727272725 -0.2814880370062406
v -0.11156199999999993 -0.5672033551321619 -0.277798
v -0.11156199999999993 -0.5745559681896844 -0.2603464848484848
v -0.11156199999999993 -0.569422920877443 -0.24289496969696966
v -0.11156199999999993 -0.5706375410646755 0.2806504848484848
v -0.11156199999999993 -0.5721135724465728 0.2981020000000001
v -0.11156199999999993 -0.5643552727272725 0.31084797889127896
v -0.09127799999999991 -0.5643552727272725 -0.28863978158812126
v -0.09127799999999991 -0.5717907336683257 -0.277798
v -0.09127799999999991 -0.5721802344014861 -0.2603464848484848
v -0.09127799999999991 -0.5643839992165403 0.2806504848484848
v -0.09127799999999991 -0.5728234409433631 0.2981020000000001
v -0.09127799999999991 -0.5643552727272725 0.31520392106388306
v -0.07099399999999989 -0.5643552727272725 -0.2933303366167929
v -0.07099399999999989 -0.5739851499242767 -0.277798
v -0.07099399999999989 -0.572761655399128 -0.2603464848484848
v -0.07099399999999989 -0.5717667430900552 0.2981020000000001
v -0.08814210379083584 -0.5643552727272725 0.31555351515151514
v -0.07099399999999989 -0.5658884621527095 0.31555351515151514
v -0.07099399999999989 -0.5643552727272725 0.3176601512122272
v -0.05070999999999987 -0.5643552727272725 -0.29473478434995964
v -0.05070999999999987 -0.5747062861085998 -0.277798
v -0.05070999999999987 -0.5690916113490112 0.2981020000000001
v -0.05070999999999987 -0.5646899564960287 0.31555351515151514
v -0.05070999999999987 -0.5643552727272725 0.3160245374559669
v -0.03042599999999997 -0.5643552727272725 -0.2908121823372157
v -0.03042599999999997 -0.5801617054088032 -0.277798
v -0.03042599999999997 -0.5669136174883374 0.2981020000000001
v -0.04990183311297809 -0.5643552727272725 0.31555351515151514
v -0.03042599999999997 -0.5643552727272725 0.31096956095914696
v -0.010141999999999953 -0.5643552727272725 -0.28180357618585505
v -0.010141999999999953 -0.5662744204930557 -0.277798
v -0.010141999999999953 -0.5646045875718539 0.2981020000000001
v -0.010141999999999953 -0.5643552727272725 0.3028205584828817
v 0.010142000000000064 -0.5643552727272725 -0.28158535857732647
v 0.010142000000000064 -0.5661677367481396 -0.277798
v 0.010142000000000064 -0.6182809743776326 -0.20799193939393942
v 0.010142000000000064 -0.6179353006620555 -0.1556373939393939
v 0.010142000000000064 -0.5646474143836825 0.2981020000000001
v 0.010142000000000064 -0.5643552727272725 0.30281776369165175
v 0.030426000000000192 -0.5643552727272725 -0.29003183332543997
v 0.030426000000000192 -0.5786886106856796 -0.277798
v 0.030426000000000192 -0.5674606028362601 0.2981020000000001
v 0.030426000000000192 -0.5643552727272725 0.31153060946273126
v 0.050710000000000095 -0.5643552727272725 -0.29319226106514984
v 0.050710000000000095 -0.5736413364259698 -0.277798
v 0.050710000000000095 -0.5701135262922077 0.2981020000000001
v 0.04709581476691154 -0.5643552727272725 0.31555351515151514
v 0.050710000000000095 -0.5660197319054351 0.31555351515151514
v 0.050710000000000095 -0.5643552727272725 0.3176701850341004
v 0.070994 -0.5643552727272725 -0.2907774715484669
v 0.070994 -0.5724710362472731 -0.277798
v 0.070994 -0.5720362878237927 -0.2603464848484848
v 0.070994 -0.5723704605713695 0.2981020000000001
v 0.070994 -0.5670310652732077 0.31555351515151514
v 0.070994 -0.5643552727272725 0.31908650300976943
v 0.09127800000000014 -0.5643552727272725 -0.2842733917845847
v 0.09127800000000014 -0.5687238022392854 -0.277798
v 0.09127800000000014 -0.5709381596138786 -0.2603464848484848
v 0.09127800000000014 -0.564384584148681 0.2806504848484848
v 0.09127800000000014 -0.5732259541922042 0.2981020000000001
v 0.09127800000000014 -0.5649073783157631 0.31555351515151514
v 0.09127800000000014 -0.5643552727272725 0.31627293338316453
v 0.10667344971409964 -0.5643552727272725 -0.277798
v 0.11156200000000004 -0.5643552727272725 -0.27576228720451534
v 0.11156200000000004 -0.5720153788843352 -0.2603464848484848
v 0.11156200000000004 -0.5686831235888808 -0.24289496969696966
v 0.11156200000000004 -0.57067345397673 0.2806504848484848
v 0.11156200000000004 -0.5723524976159866 0.2981020000000001
v 0.09400358801592566 -0.5643552727272725 0.31555351515151514
v 0.11156200000000004 -0.5643552727272725 0.3113634834618971
v 0.13184600000000016 -0.5643552727272725 -0.2661149957487393
v 0.13184600000000016 -0.567983198900878 -0.2603464848484848
v 0.13184600000000016 -0.5725160933266599 -0.24289496969696966
v 0.13184600000000016 -0.5677465421212988 -0.22544345454545459
v 0.13184600000000016 -0.5670192460833565 0.2631989696969697
v 0.13184600000000016 -0.5738454142910244 0.2806504848484848
v 0.13184600000000016 -0.5680780836810546 0.2981020000000001
v 0.13184600000000016 -0.5643552727272725 0.30394329552671717
v 0.14187402499338558 -0.5643552727272725 -0.2603464848484848
v 0.15213000000000007 -0.5643552727272725 -0.2543367451435444
v 0.15213000000000007 -0.5704764646300319 -0.24289496969696966
v 0.15213000000000007 -0.5716956980193816 -0.22544345454545459
v 0.15213000000000007 -0.5729128295221158 0.2631989696969697
v 0.15213000000000007 -0.571540796531649 0.2806504848484848
v 0.14345354149800232 -0.5643552727272725 0.2981020000000001
v 0.15213000000000007 -0.5643552727272725 0.29385946717532013
v 0.16949720704287155 -0.5643552727272725 -0.24289496969696966
v 0.17241399999999998 -0.5643552727272725 -0.24089667395554434
v 0.17241399999999998 -0.5718204969576778 -0.22544345454545459
v 0.17241399999999998 -0.5718207811881161 -0.20799193939393942
v 0.17241399999999998 -0.5718846566408016 0.24574745454545466
v 0.17241399999999998 -0.5730856898396995 0.2631989696969697
v 0.17241399999999998 -0.5648506365212995 0.2806504848484848
v 0.17241399999999998 -0.5643552727272725 0.281449326118112
v 0.19250020759188172 -0.5643552727272725 -0.22544345454545459
v 0.19269800000000012 -0.5643552727272725 -0.22527319652970243
v 0.19269800000000012 -0.5717982404693146 -0.20799193939393942
v 0.19269800000000012 -0.57196892142221 -0.19054042424242426
v 0.19269800000000012 -0.5717526765966252 0.22829593939393938
v 0.19269800000000012 -0.5731807484508016 0.24574745454545466
v 0.19269800000000012 -0.5666539628281719 0.2631989696969697
v 0.17358005510644714 -0.5643552727272725 0.2806504848484848
v 0.19269800000000012 -0.5643552727272725 0.2673203733740615
v 0.21175739427413603 -0.5643552727272725 -0.20799193939393942
v 0.212982 -0.5643552727272725 -0.2068016831968452
v 0.212982 -0.5713596394178884 -0.19054042424242426
v 0.212982 -0.5730439718185268 -0.1730889090909091
v 0.212982 -0.5698899361098239 -0.1556373939393939
v 0.212982 -0.5782309413831184 0.19339290909090906
v 0.212982 -0.5732424397646095 0.21084442424242433
v 0.212982 -0.5725672369744665 0.22829593939393938
v 0.212982 -0.5661015662828989 0.24574745454545466
v 0.19761699422360243 -0.5643552727272725 0.2631989696969697
v 0.212982 -0.5643552727272725 0.2490592907298968
v 0.22913395831416722 -0.5643552727272725 -0.19054042424242426
v 0.23326600000000014 -0.5643552727272725 -0.18570651984532727
v 0.23326600000000014 -0.5698422707736819 -0.1730889090909091
v 0.23326600000000014 -0.5734863476052205 -0.1556373939393939
v 0.23326600000000014 -0.5714517463751518 -0.13818587878787875
v 0.23326600000000014 -0.5696313880560882 0.17594139393939398
v 0.23326600000000014 -0.5740537033973634 0.19339290909090906
v 0.23326600000000014 -0.5714460956755726 0.21084442424242433
v 0.2329500916218951 -0.5643552727272725 0.22829593939393938
v 0.23326600000000014 -0.5643552727272725 0.22792516204901905
v 0.21653014000056323 -0.5643552727272725 0.24574745454545466
v 0.24418181112978682 -0.5643552727272725 -0.1730889090909091
v 0.25355000000000005 -0.5643552727272725 -0.15979802585569472
v 0.25355000000000005 -0.5661491713893873 -0.1556373939393939
v 0.25355000000000005 -0.5715557874109859 -0.13818587878787875
v 0.25355000000000005 -0.5733719252792117 -0.12073436363636367
v 0.25355000000000005 -0.5715429350053505 -0.1032828484848485
v 0.25355000000000005 -0.5685183397178734 -0.08583133333333334
v 0.25355000000000005 -0.5712193440648163 0.14103836363636366
v 0.25355000000000005 -0.5738877748331036 0.15848987878787874
v 0.25355000000000005 -0.5732349011283985 0.17594139393939398
v 0.25355000000000005 -0.5685569289441613 0.19339290909090906
v 0.2478650518882697 -0.5643552727272725 0.21084442424242433
v 0.25355000000000005 -0.5643552727272725 0.2031308496195535
v 0.2566697520019598 -0.5643552727272725 -0.1556373939393939
v 0.26793743143029297 -0.5643552727272725 -0.13818587878787875
v 0.2738340000000002 -0.5643552727272725 -0.12675714469953256
v 0.2738340000000002 -0.5665175698626441 -0.12073436363636367
v 0.2738340000000002 -0.5711184635624864 -0.1032828484848485
v 0.2738340000000002 -0.5730051457890265 -0.08583133333333334
v 0.2738340000000002 -0.573073449183926 -0.06837981818181818
v 0.2738340000000002 -0.570971584531455 -0.050928303030303004
v 0.2738340000000002 -0.572817926398613 -0.033476787878787835
v 0.2738340000000002 -0.5656469174752806 -0.016025272727272766
v 0.2738340000000002 -0.5673304419440366 0.05378078787878791
v 0.2738340000000002 -0.5740938602268565 0.07123230303030298
v 0.2738340000000002 -0.5718090039223561 0.08868381818181824
v 0.2738340000000002 -0.5740453856958836 0.10613533333333332
v 0.2738340000000002 -0.5735752672909278 0.12358684848484858
v 0.2738340000000002 -0.5722616490457862 0.14103836363636366
v 0.2738340000000002 -0.5682776094209515 0.15848987878787874
v 0.27106730597600404 -0.5643552727272725 0.17594139393939398
v 0.2738340000000002 -0.5643552727272725 0.1701306871741098
v 0.26103302222766356 -0.5643552727272725 0.19339290909090906
v 0.2772668351834992 -0.5643552727272725 -0.12073436363636367
v 0.2854154936232671 -0.5643552727272725 -0.1032828484848485
v 0.2910909588317104 -0.5643552727272725 -0.08583133333333334
v 0.2941180000000001 -0.5643552727272725 -0.07236864785949812
v 0.2941180000000001 -0.5651496684289183 -0.06837981818181818
v 0.2941180000000001 -0.5668273218689808 -0.050928303030303004
v 0.2941180000000001 -0.5659785105535754 -0.033476787878787835
v 0.29064275373053844 -0.5643552727272725 -0.016025272727272766
v 0.2941180000000001 -0.5643552727272725 -0.03034918582546178
v 0.28613284400701156 -0.5643552727272725 0.0014262424242424028
v 0.2880879065212928 -0.5643552727272725 0.01887775757575757
v 0.2891649628977036 -0.5643552727272725 0.036329272727272835
v 0.2941180000000001 -0.5643552727272725 0.052175614038021005
v 0.2941180000000001 -0.5658098539583764 0.05378078787878791
v 0.2941180000000001 -0.5689696688155833 0.07123230303030298
v 0.2941180000000001 -0.5688770365263331 0.08868381818181824
v 0.2941180000000001 -0.5667929167173902 0.10613533333333332
v 0.29288823023248545 -0.5643552727272725 0.12358684848484858
v 0.2941180000000001 -0.5643552727272725 0.11817113878550992
v 0.28765537546516284 -0.5643552727272725 0.14103836363636366
v 0.2801361983071605 -0.5643552727272725 0.15848987878787874
v 0.295165049918216 -0.5643552727272725 -0.06837981818181818
v 0.29736080554019545 -0.5643552727272725 -0.050928303030303004
v 0.2961319736355287 -0.5643552727272725 -0.033476787878787835
v 0.2958849722496343 -0.5643552727272725 0.05378078787878791
v 0.30021285235258577 -0.5643552727272725 0.07123230303030298
v 0.30019051729331686 -0.5643552727272725 0.08868381818181824
v 0.2973796553226952 -0.5643552727272725 0.10613533333333332
v -0.2941179999999999 -0.553277453696955 -0.06837981818181818
v -0.2941179999999999 -0.5403746768966605 -0.050928303030303004
v -0.2941179999999999 -0.5551226046693856 -0.033476787878787835
v -0.2941179999999999 -0.5333363052960247 0.05378078787878791
v -0.2963140558973674 -0.5100325454545452 0.07123230303030298
v -0.2941179999999999 -0.5100325454545452 0.0644627815132051
v -0.2970608264619942 -0.5100325454545452 0.08868381818181824
v -0.2949528279998752 -0.5100325454545452 0.10613533333333332
v -0.2941179999999999 -0.5100325454545452 0.10970281978700963
v -0.2748405508426416 -0.5100325454545452 -0.12073436363636367
v -0.27383399999999997 -0.5100325454545452 -0.12286444904598709
v -0.2820020821558425 -0.5100325454545452 -0.1032828484848485
v -0.28702174258851854 -0.5100325454545452 -0.08583133333333334
v -0.290063351488477 -0.5100325454545452 -0.06837981818181818
v -0.29108038753401266 -0.5100325454545452 -0.050928303030303004
v -0.289810203030652 -0.5100325454545452 -0.033476787878787835
v -0.286381871415847 -0.5100325454545452 -0.016025272727272766
v -0.2845346423597204 -0.5100325454545452 0.0014262424242424028
v -0.28731587241098927 -0.5100325454545452 0.01887775757575757
v -0.28766065848097333 -0.5100325454545452 0.036329272727272835
v -0.2924525196846708 -0.5100325454545452 0.05378078787878791
v -0.2912884869977691 -0.5100325454545452 0.12358684848484858
v -0.28631598382931267 -0.5100325454545452 0.14103836363636366
v -0.2798352876771145 -0.5100325454545452 0.15848987878787874
v -0.27383399999999997 -0.5100325454545452 0.17095320514271709
v -0.2568850425331371 -0.5100325454545452 -0.1556373939393939
v -0.25354999999999994 -0.5100325454545452 -0.16046739413472377
v -0.26724527317563235 -0.5100325454545452 -0.13818587878787875
v -0.27159616931617575 -0.5100325454545452 0.17594139393939398
v -0.26182661068694013 -0.5100325454545452 0.19339290909090906
v -0.25354999999999994 -0.5100325454545452 0.2044212816493227
v -0.24559779624195963 -0.5100325454545452 -0.1730889090909091
v -0.23326599999999992 -0.5100325454545452 -0.18962875415528563
v -0.24894446856926797 -0.5100325454545452 0.21084442424242433
v -0.23428977798855333 -0.5100325454545452 0.22829593939393938
v -0.23326599999999992 -0.5100325454545452 0.229406202894463
v -0.21937590087707612 -0.5100325454545452 -0.20799193939393942
v -0.2129819999999999 -0.5100325454545452 -0.21467171145854536
v -0.2326380614359122 -0.5100325454545452 -0.19054042424242426
v -0.21752360405559382 -0.5100325454545452 0.24574745454545466
v -0.2129819999999999 -0.5100325454545452 0.24989142281188925
v -0.20273505709961542 -0.5100325454545452 -0.22544345454545459
v -0.19269799999999987 -0.5100325454545452 -0.23440623600654428
v -0.1969408564199088 -0.5100325454545452 0.2631989696969697
v -0.19269799999999987 -0.5100325454545452 0.2665566631215448
v -0.18302348690678247 -0.5100325454545452 -0.24289496969696966
v -0.17241399999999987 -0.5100325454545452 -0.25101477755291896
v -0.17241399999999987 -0.5100325454545452 0.2805288592276317
v -0.17241399999999987 -0.5153113834707762 0.2806504848484848
v -0.158224000886589 -0.5100325454545452 -0.2603464848484848
v -0.15212999999999996 -0.5100325454545452 -0.2637590145270094
v -0.1722031511132451 -0.5100325454545452 0.2806504848484848
v -0.15212999999999996 -0.5100325454545452 0.2919313772854781
v -0.13184599999999994 -0.5100325454545452 -0.2720635164914749
v -0.13684334299052392 -0.5100325454545452 0.2981020000000001
v -0.13184599999999994 -0.5100325454545452 0.300209993337575
v -0.11156199999999993 -0.5297889633613032 -0.277798
v -0.11156199999999993 -0.5100325454545452 -0.2764258808397875
v -0.11156199999999993 -0.5100325454545452 0.3071572458866804
v -0.09413091332651424 -0.5100325454545452 -0.277798
v -0.09127799999999991 -0.5100325454545452 -0.278017030890552
v -0.09127799999999991 -0.5100325454545452 0.3112824027643204
v -0.07099399999999989 -0.5100325454545452 -0.27856104923616753
v -0.07099399999999989 -0.5100325454545452 0.3125922314617945
v -0.07099399999999989 -0.5433367805897144 0.31555351515151514
v -0.05070999999999987 -0.5100325454545452 -0.2786346529550833
v -0.05070999999999987 -0.5100325454545452 0.31083304740244155
v -0.05070999999999987 -0.5604971003124269 0.31555351515151514
v -0.03042599999999997 -0.5100325454545452 -0.2788418337494973
v -0.03042599999999997 -0.5100325454545452 0.3059510636439089
v -0.028209823344942056 -0.5100325454545452 -0.277798
v -0.010141999999999953 -0.5400660063125998 -0.277798
v -0.010141999999999953 -0.5100325454545452 -0.27519562021189414
v -0.014783146453610854 -0.5100325454545452 0.2981020000000001
v -0.010141999999999953 -0.5100325454545452 0.2974145891138065
v -0.010141999999999953 -0.5193781570691175 0.2981020000000001
v 0.010142000000000064 -0.5412975327310127 -0.277798
v 0.010142000000000064 -0.5100325454545452 -0.27509548510727927
v 0.010142000000000064 -0.5100325454545452 0.2973283717462355
v 0.010142000000000064 -0.5204221994750632 0.2981020000000001
v 0.030036322422832294 -0.5100325454545452 -0.277798
v 0.030426000000000192 -0.5100325454545452 -0.2779731023720611
v 0.01527081262577491 -0.5100325454545452 0.2981020000000001
v 0.030426000000000192 -0.5100325454545452 0.30582048114617866
v 0.033890379062799916 -0.5100325454545452 -0.277798
v 0.050710000000000095 -0.5150356933828716 -0.277798
v 0.050710000000000095 -0.5100325454545452 -0.27664645424898354
v 0.050710000000000095 -0.5100325454545452 0.3108289480562707
v 0.050710000000000095 -0.5503673453566716 0.31555351515151514
v 0.070994 -0.5255257772267203 -0.277798
v 0.070994 -0.5100325454545452 -0.2737389515488278
v 0.070994 -0.5100325454545452 0.31285647805422545
v 0.070994 -0.5350980228907349 0.31555351515151514
v 0.09127800000000014 -0.5437958367864226 -0.277798
v 0.09127800000000014 -0.5100325454545452 -0.2696738706473403
v 0.09127800000000014 -0.5100325454545452 0.3115858071589673
v 0.09127800000000014 -0.5567190778732217 0.31555351515151514
v 0.11156200000000004 -0.5100325454545452 -0.2648487433912301
v 0.11156200000000004 -0.5100325454545452 0.30735282705538813
v 0.126343566701553 -0.5100325454545452 -0.2603464848484848
v 0.13184600000000016 -0.5253935141545376 -0.2603464848484848
v 0.13184600000000016 -0.5100325454545452 -0.25846306360392096
v 0.13184600000000016 -0.5100325454545452 0.30016569696224493
v 0.15213000000000007 -0.5100325454545452 -0.2502291044431212
v 0.13660170957893886 -0.5100325454545452 0.2981020000000001
v 0.15213000000000007 -0.5100325454545452 0.29161442269976817
v 0.16534643126056986 -0.5100325454545452 -0.24289496969696966
v 0.17241399999999998 -0.5100325454545452 -0.2385902631534409
v 0.1713493503625717 -0.5100325454545452 0.2806504848484848
v 0.17241399999999998 -0.5100325454545452 0.28002705923977544
v 0.17241399999999998 -0.5350485518976799 0.2806504848484848
v 0.1909552094032308 -0.5100325454545452 -0.22544345454545459
v 0.19269800000000012 -0.5100325454545452 -0.2240648275100705
v 0.19269800000000012 -0.5100325454545452 0.26540112518212006
v 0.21116831680099798 -0.5100325454545452 -0.20799193939393942
v 0.212982 -0.5100325454545452 -0.20615421158534594
v 0.19536407838448724 -0.5100325454545452 0.2631989696969697
v 0.212982 -0.5100325454545452 0.24793558136794056
v 0.22816223831525723 -0.5100325454545452 -0.19054042424242426
v 0.23326600000000014 -0.5100325454545452 -0.184195775955284
v 0.23209979397034677 -0.5100325454545452 0.22829593939393938
v 0.23326600000000014 -0.5100325454545452 0.22696262637160095
v 0.21532234836801745 -0.5100325454545452 0.24574745454545466
v 0.24241070767288053 -0.5100325454545452 -0.1730889090909091
v 0.25355000000000005 -0.5100325454545452 -0.1568340798337285
v 0.24716957155042793 -0.5100325454545452 0.21084442424242433
v 0.25355000000000005 -0.5100325454545452 0.20227166778514755
v 0.2544332901104908 -0.5100325454545452 -0.1556373939393939
v 0.2657580028369462 -0.5100325454545452 -0.13818587878787875
v 0.2736865711169376 -0.5100325454545452 -0.12073436363636367
v 0.2738340000000002 -0.512599030618055 -0.12073436363636367
v 0.2738340000000002 -0.5100325454545452 -0.12037081098072719
v 0.27086780979335623 -0.5100325454545452 0.17594139393939398
v 0.2738340000000002 -0.5100325454545452 0.16963636433432658
v 0.2604264024224547 -0.5100325454545452 0.19339290909090906
v 0.28139709740724844 -0.5100325454545452 -0.1032828484848485
v 0.286831370301116 -0.5100325454545452 -0.08583133333333334
v 0.29014938015373803 -0.5100325454545452 -0.06837981818181818
v 0.2941180000000001 -0.5546161024888133 -0.06837981818181818
v 0.2914697965038289 -0.5100325454545452 -0.050928303030303004
v 0.2941180000000001 -0.5373933029981687 -0.050928303030303004
v 0.29048992223403547 -0.5100325454545452 -0.033476787878787835
v 0.2941180000000001 -0.5493888088420623 -0.033476787878787835
v 0.2871811926804991 -0.5100325454545452 -0.016025272727272766
v 0.2850426456178929 -0.5100325454545452 0.0014262424242424028
v 0.28704311830481943 -0.5100325454545452 0.01887775757575757
v 0.28666266641754073 -0.5100325454545452 0.036329272727272835
v 0.2910499089184786 -0.5100325454545452 0.05378078787878791
v 0.2941180000000001 -0.5505019182111603 0.05378078787878791
v 0.2941180000000001 -0.5100325454545452 0.0706440795956239
v 0.29395488781877926 -0.5100325454545452 0.10613533333333332
v 0.2941180000000001 -0.5100325454545452 0.10416370012653826
v 0.2941180000000001 -0.5131646029595737 0.10613533333333332
v 0.2907330129715885 -0.5100325454545452 0.12358684848484858
v 0.2858016891427103 -0.5100325454545452 0.14103836363636366
v 0.27930719099307516 -0.5100325454545452 0.15848987878787874
v 0.2943434197845453 -0.5100325454545452 0.07123230303030298
v 0.2955624857823817 -0.5100325454545452 0.08868381818181824
v -0.2941179999999999 -0.508374302100276 0.07123230303030298
v -0.2941179999999999 -0.5078312585476251 0.08868381818181824
v -0.2941179999999999 -0.509453232359315 0.10613533333333332
v -0.27383399999999997 -0.5094059775980179 -0.12073436363636367
v -0.27383399999999997 -0.5054900154874473 -0.1032828484848485
v -0.27383399999999997 -0.5025314668431159 -0.08583133333333334
v -0.27383399999999997 -0.4994704907025092 -0.06837981818181818
v -0.27383399999999997 -0.48915056723499256 -0.050928303030303004
v -0.281270972884049 -0.4557098181818182 -0.033476787878787835
v -0.27383399999999997 -0.4557098181818182 -0.04322000132081431
v -0.28371877214797653 -0.4557098181818182 -0.016025272727272766
v -0.2835301170268801 -0.4557098181818182 0.0014262424242424028
v -0.2850290633468922 -0.4557098181818182 0.01887775757575757
v -0.2844289099515155 -0.4557098181818182 0.036329272727272835
v -0.28493729285766733 -0.4557098181818182 0.05378078787878791
v -0.2845808374867695 -0.4557098181818182 0.07123230303030298
v -0.279072325745872 -0.4557098181818182 0.08868381818181824
v -0.27383399999999997 -0.4557098181818182 0.09504363964036361
v -0.27383399999999997 -0.49075241368593636 0.10613533333333332
v -0.27383399999999997 -0.49965961726563696 0.12358684848484858
v -0.27383399999999997 -0.5032646251367895 0.14103836363636366
v -0.27383399999999997 -0.5067372186492218 0.15848987878787874
v -0.25354999999999994 -0.508193027471768 -0.1556373939393939
v -0.25354999999999994 -0.5035629850975163 -0.13818587878787875
v -0.25354999999999994 -0.49850078512054397 -0.12073436363636367
v -0.2546522139802878 -0.4557098181818182 -0.1032828484848485
v -0.25354999999999994 -0.4557098181818182 -0.10427223888775793
v -0.26431615127516933 -0.4557098181818182 -0.08583133333333334
v -0.26642315940153477 -0.4557098181818182 -0.06837981818181818
v -0.2695345503459159 -0.4557098181818182 -0.050928303030303004
v -0.2690047672995641 -0.4557098181818182 0.10613533333333332
v -0.2664824855043472 -0.4557098181818182 0.12358684848484858
v -0.2641865989022157 -0.4557098181818182 0.14103836363636366
v -0.25528526884835206 -0.4557098181818182 0.15848987878787874
v -0.25354999999999994 -0.4557098181818182 0.16004714260967437
v -0.25354999999999994 -0.5002991883418499 0.17594139393939398
v -0.25354999999999994 -0.5059632123972618 0.19339290909090906
v -0.23326599999999992 -0.5044799411436871 -0.1730889090909091
v -0.23326599999999992 -0.5000194801399819 -0.1556373939393939
v -0.2351354279682507 -0.4557098181818182 -0.13818587878787875
v -0.23326599999999992 -0.4557098181818182 -0.1397248435753335
v -0.2467728779709987 -0.4557098181818182 -0.12073436363636367
v -0.24618906056603562 -0.4557098181818182 0.17594139393939398
v -0.23358049868301511 -0.4557098181818182 0.19339290909090906
v -0.23326599999999992 -0.4557098181818182 0.1936498170261331
v -0.23326599999999992 -0.5028519461873118 0.21084442424242433
v -0.23326599999999992 -0.5095537983298577 0.22829593939393938
v -0.2129819999999999 -0.5070417243703855 -0.20799193939393942
v -0.2129819999999999 -0.501939204349782 -0.19054042424242426
v -0.2129819999999999 -0.4881093641206775 -0.1730889090909091
v -0.2247814835730307 -0.4557098181818182 -0.1556373939393939
v -0.2129819999999999 -0.4557098181818182 -0.16871501601033642
v -0.2214519334889012 -0.4557098181818182 0.21084442424242433
v -0.2129819999999999 -0.4557098181818182 0.2186450393367758
v -0.2129819999999999 -0.5000756947423088 0.22829593939393938
v -0.2129819999999999 -0.5081135869406262 0.24574745454545466
v -0.19269799999999987 -0.505726990193766 -0.22544345454545459
v -0.19269799999999987 -0.4984873891474621 -0.20799193939393942
v -0.20260077537094962 -0.4557098181818182 -0.19054042424242426
v -0.19269799999999987 -0.4557098181818182 -0.19980231519285602
v -0.20884219012338168 -0.4557098181818182 -0.1730889090909091
v -0.2039698595028354 -0.4557098181818182 0.22829593939393938
v -0.19269799999999987 -0.4557098181818182 0.2383890310216005
v -0.19269799999999987 -0.4989021026814266 0.24574745454545466
v -0.19269799999999987 -0.5083405023981946 0.2631989696969697
v -0.17241399999999987 -0.5055975450178304 -0.24289496969696966
v -0.17241399999999987 -0.4972188079727202 -0.22544345454545459
v -0.18493192760202518 -0.4557098181818182 -0.20799193939393942
v -0.17241399999999987 -0.4557098181818182 -0.218885217384066
v -0.18237335744171554 -0.4557098181818182 0.24574745454545466
v -0.17241399999999987 -0.4557098181818182 0.25385869073867434
v -0.17241399999999987 -0.5008228890205001 0.2631989696969697
v -0.15212999999999996 -0.5078321942767545 -0.2603464848484848
v -0.15212999999999996 -0.49624259953106664 -0.24289496969696966
v -0.1650857050670256 -0.4557098181818182 -0.22544345454545459
v -0.15212999999999996 -0.4557098181818182 -0.23709621903061873
v -0.15370375975171824 -0.4557098181818182 0.2631989696969697
v -0.15212999999999996 -0.4557098181818182 0.2644988139641599
v -0.15212999999999996 -0.503761525588458 0.2806504848484848
v -0.13184599999999994 -0.49905805495626815 -0.2603464848484848
v -0.1458403026097498 -0.4557098181818182 -0.24289496969696966
v -0.13184599999999994 -0.4557098181818182 -0.2552568461383303
v -0.13184599999999994 -0.4557098181818182 0.2745954600809011
v -0.13184599999999994 -0.4962098727631823 0.2806504848484848
v -0.13184599999999994 -0.5086636213546175 0.2981020000000001
v -0.1268820620060853 -0.4557098181818182 -0.2603464848484848
v -0.11156199999999993 -0.4557098181818182 -0.2724081717163294
v -0.11566303277193203 -0.4557098181818182 0.2806504848484848
v -0.11156199999999993 -0.4557098181818182 0.28359481871357356
v -0.11156199999999993 -0.5039688724132209 0.2981020000000001
v -0.09127799999999991 -0.5100210963373935 -0.277798
v -0.09127799999999991 -0.4557098181818182 -0.2619953923595056
v -0.09127799999999991 -0.4557098181818182 0.2901764685646111
v -0.09127799999999991 -0.4999620583633059 0.2981020000000001
v -0.07099399999999989 -0.5089070154475476 -0.277798
v -0.07099399999999989 -0.4557098181818182 -0.26794285192512335
v -0.07099399999999989 -0.4557098181818182 0.2932254361547107
v -0.07099399999999989 -0.49331266408556373 0.2981020000000001
v -0.05070999999999987 -0.5083400968672904 -0.277798
v -0.05070999999999987 -0.4557098181818182 -0.26673797825393225
v -0.05265257890269736 -0.4557098181818182 -0.22544345454545459
v -0.05070999999999987 -0.4557098181818182 -0.24024000572027937
v -0.05070999999999987 -0.4635323221260594 -0.22544345454545459
v -0.05070999999999987 -0.4557098181818182 -0.22391187232986492
v -0.05070999999999987 -0.4557098181818182 0.295684323036272
v -0.05070999999999987 -0.48168426617275495 0.2981020000000001
v -0.03042599999999997 -0.5072548406353087 -0.277798
v -0.03042599999999997 -0.4557098181818182 -0.26307447137774437
v -0.03955116838845822 -0.4557098181818182 -0.24289496969696966
v -0.03042599999999997 -0.4557098181818182 -0.24546860271600357
v -0.03042599999999997 -0.4568426841954672 -0.24289496969696966
v -0.03042599999999997 -0.4679467355544571 -0.22544345454545459
v -0.03042599999999997 -0.4557098181818182 -0.21983272140624568
v -0.03042599999999997 -0.4557098181818182 0.2970263680652524
v -0.03042599999999997 -0.4722233826342056 0.2981020000000001
v -0.027242112324228403 -0.4557098181818182 -0.2603464848484848
v -0.010141999999999953 -0.4711459926714684 -0.2603464848484848
v -0.010141999999999953 -0.47751334359773384 -0.24289496969696966
v -0.010141999999999953 -0.46805072300651596 -0.22544345454545459
v -0.010141999999999953 -0.4557098181818182 -0.22017959598616582
v -0.010141999999999953 -0.4557098181818182 0.2953946075406602
v 0.010142000000000064 -0.47084147883881444 -0.2603464848484848
v 0.010142000000000064 -0.47752993750099415 -0.24289496969696966
v 0.010142000000000064 -0.4691713030011753 -0.22544345454545459
v 0.010142000000000064 -0.4557098181818182 -0.21963911943527853
v 0.010142000000000064 -0.4557098181818182 0.2951335505967748
v 0.030426000000000192 -0.5094911521091938 -0.277798
v 0.02522723602927455 -0.4557098181818182 -0.2603464848484848
v 0.030426000000000192 -0.4557098181818182 -0.265089395407936
v 0.029771196801057165 -0.4557098181818182 -0.24289496969696966
v 0.030426000000000192 -0.4557098181818182 -0.24166525241034154
v 0.030426000000000192 -0.47181301784380214 -0.22544345454545459
v 0.030426000000000192 -0.4557098181818182 -0.21044394308115166
v 0.030426000000000192 -0.4557098181818182 0.2971688702805961
v 0.030426000000000192 -0.47028059662671196 0.2981020000000001
v 0.050710000000000095 -0.4557098181818182 -0.2696615780914977
v 0.050710000000000095 -0.4557098181818182 -0.24128177147863838
v 0.050710000000000095 -0.4818360227387908 -0.22544345454545459
v 0.050710000000000095 -0.4557098181818182 -0.21651482219130153
v 0.050710000000000095 -0.4557098181818182 0.29593177798529074
v 0.050710000000000095 -0.47950463631327944 0.2981020000000001
v 0.070994 -0.4557098181818182 -0.2710331416837662
v 0.05369330299503847 -0.4557098181818182 -0.24289496969696966
v 0.070994 -0.4557098181818182 -0.24930502148122904
v 0.070994 -0.48125982839359915 -0.24289496969696966
v 0.070994 -0.47108362510452617 -0.22544345454545459
v 0.070994 -0.4557098181818182 -0.22189304214302683
v 0.070994 -0.4557098181818182 0.29300755807222795
v 0.070994 -0.49366086823124095 0.2981020000000001
v 0.09127800000000014 -0.4557098181818182 -0.26044312708604755
v 0.09127800000000014 -0.4557098181818182 -0.24426627533531287
v 0.09127800000000014 -0.45679789267618387 -0.24289496969696966
v 0.07593927615386876 -0.4557098181818182 -0.22544345454545459
v 0.09127800000000014 -0.4557098181818182 -0.2427318942065516
v 0.09127800000000014 -0.4557098181818182 0.2904127968803287
v 0.09127800000000014 -0.4996653822847289 0.2981020000000001
v 0.11156200000000004 -0.4557098181818182 -0.26528624519942556
v 0.0914128992980371 -0.4557098181818182 -0.24289496969696966
v 0.11156200000000004 -0.4557098181818182 0.2827328934266808
v 0.11156200000000004 -0.5038283585386873 0.2981020000000001
v 0.11896706040888021 -0.4557098181818182 -0.2603464848484848
v 0.13184600000000016 -0.4557098181818182 -0.2516721470198838
v 0.11447497009321635 -0.4557098181818182 0.2806504848484848
v 0.13184600000000016 -0.4557098181818182 0.2746479949612274
v 0.13184600000000016 -0.4962943771529533 0.2806504848484848
v 0.13184600000000016 -0.5087023481619871 0.2981020000000001
v 0.14289089156265325 -0.4557098181818182 -0.24289496969696966
v 0.15213000000000007 -0.5056503897414395 -0.24289496969696966
v 0.15213000000000007 -0.4557098181818182 -0.23523691380348236
v 0.15213000000000007 -0.4557098181818182 0.26496778210012417
v 0.15213000000000007 -0.5039852239681596 0.2806504848484848
v 0.16350633907646786 -0.4557098181818182 -0.22544345454545459
v 0.17241399999999998 -0.5032314409116773 -0.22544345454545459
v 0.17241399999999998 -0.4557098181818182 -0.21779043360530492
v 0.15425865387041093 -0.4557098181818182 0.2631989696969697
v 0.17241399999999998 -0.4557098181818182 0.2540321500488594
v 0.17241399999999998 -0.5011790874201865 0.2631989696969697
v 0.18398009774120822 -0.4557098181818182 -0.20799193939393942
v 0.19269800000000012 -0.5024384815015771 -0.20799193939393942
v 0.19269800000000012 -0.4557098181818182 -0.19953103348352905
v 0.18250823767374294 -0.4557098181818182 0.24574745454545466
v 0.19269800000000012 -0.4557098181818182 0.23718254807292513
v 0.19269800000000012 -0.4996952694059969 0.24574745454545466
v 0.19269800000000012 -0.5089431696683822 0.2631989696969697
v 0.20270745100763204 -0.4557098181818182 -0.19054042424242426
v 0.212982 -0.504026638120569 -0.19054042424242426
v 0.21117939942634656 -0.4557098181818182 -0.1730889090909091
v 0.212982 -0.4764961598986164 -0.1730889090909091
v 0.212982 -0.4557098181818182 -0.17142695100436672
v 0.20221438424886898 -0.4557098181818182 0.22829593939393938
v 0.212982 -0.4557098181818182 0.21428127330415242
v 0.212982 -0.5015861517361224 0.22829593939393938
v 0.212982 -0.509018069285498 0.24574745454545466
v 0.23326600000000014 -0.5061172372773257 -0.1730889090909091
v 0.22606041172691993 -0.4557098181818182 -0.1556373939393939
v 0.23326600000000014 -0.49989018496452553 -0.1556373939393939
v 0.23326600000000014 -0.4557098181818182 -0.1448594877522975
v 0.2303820553725511 -0.4557098181818182 0.19339290909090906
v 0.23326600000000014 -0.4557098181818182 0.19069501245336773
v 0.23326600000000014 -0.483343225632229 0.19339290909090906
v 0.2167130111488652 -0.4557098181818182 0.21084442424242433
v 0.23326600000000014 -0.5040057361848829 0.21084442424242433
v 0.25355000000000005 -0.5095777629081443 -0.1556373939393939
v 0.24054210474645063 -0.4557098181818182 -0.13818587878787875
v 0.25355000000000005 -0.504405909171936 -0.13818587878787875
v 0.24685201222210293 -0.4557098181818182 -0.12073436363636367
v 0.25355000000000005 -0.49878146886530444 -0.12073436363636367
v 0.25355000000000005 -0.4557098181818182 -0.10748154945940044
v 0.24618573352584197 -0.4557098181818182 0.17594139393939398
v 0.25355000000000005 -0.4557098181818182 0.1596801856571409
v 0.25355000000000005 -0.5007393508723024 0.17594139393939398
v 0.25355000000000005 -0.5067519910014745 0.19339290909090906
v 0.25817984274380607 -0.4557098181818182 -0.1032828484848485
v 0.2738340000000002 -0.505826851677081 -0.1032828484848485
v 0.2649710172704036 -0.4557098181818182 -0.08583133333333334
v 0.2738340000000002 -0.502589051796657 -0.08583133333333334
v 0.2665750611473542 -0.4557098181818182 -0.06837981818181818
v 0.2738340000000002 -0.4992065450178883 -0.06837981818181818
v 0.2692489843772685 -0.4557098181818182 -0.050928303030303004
v 0.2738340000000002 -0.4900488044616656 -0.050928303030303004
v 0.2738340000000002 -0.4557098181818182 -0.041159518776291926
v 0.2720889997152155 -0.4557098181818182 0.10613533333333332
v 0.2738340000000002 -0.4557098181818182 0.10263329627018
v 0.2738340000000002 -0.47482643934991764 0.10613533333333332
v 0.2675887520399711 -0.4557098181818182 0.12358684848484858
v 0.2738340000000002 -0.4982336782632187 0.12358684848484858
v 0.26549285379951804 -0.4557098181818182 0.14103836363636366
v 0.2738340000000002 -0.503327991997354 0.14103836363636366
v 0.2548450068548171 -0.4557098181818182 0.15848987878787874
v 0.2738340000000002 -0.5070437708979675 0.15848987878787874
v 0.2797150831901085 -0.4557098181818182 -0.033476787878787835
v 0.28430721866111935 -0.4557098181818182 -0.016025272727272766
v 0.28422515911808666 -0.4557098181818182 0.0014262424242424028
v 0.28489054563645183 -0.4557098181818182 0.01887775757575757
v 0.28375272478556834 -0.4557098181818182 0.036329272727272835
v 0.2835575475804738 -0.4557098181818182 0.05378078787878791
v 0.2827815099268631 -0.4557098181818182 0.07123230303030298
v 0.2941180000000001 -0.5098613701181093 0.07123230303030298
v 0.2819164889961621 -0.4557098181818182 0.08868381818181824
v 0.2941180000000001 -0.5089938716564775 0.08868381818181824
v -0.2754762582643407 -0.40138709090909086 -0.08583133333333334
v -0.27383399999999997 -0.40138709090909086 -0.08961195124834243
v -0.27383399999999997 -0.40260165466203807 -0.08583133333333334
v -0.2810701369295955 -0.40138709090909086 -0.06837981818181818
v -0.27383399999999997 -0.4079687580596896 -0.06837981818181818
v -0.2844957965117452 -0.40138709090909086 -0.050928303030303004
v -0.27383399999999997 -0.41997472719125994 -0.050928303030303004
v -0.286356376733208 -0.40138709090909086 -0.033476787878787835
v -0.2858655092278513 -0.40138709090909086 -0.016025272727272766
v -0.28452991405034644 -0.40138709090909086 0.0014262424242424028
v -0.28515430505335543 -0.40138709090909086 0.01887775757575757
v -0.2877015478618131 -0.40138709090909086 0.036329272727272835
v -0.28980420990593725 -0.40138709090909086 0.05378078787878791
v -0.2899156422596077 -0.40138709090909086 0.07123230303030298
v -0.2883280084998958 -0.40138709090909086 0.08868381818181824
v -0.28474786006943753 -0.40138709090909086 0.10613533333333332
v -0.27383399999999997 -0.4170850494771883 0.10613533333333332
v -0.27912247331113277 -0.40138709090909086 0.12358684848484858
v -0.27383399999999997 -0.40605965371672836 0.12358684848484858
v -0.27383399999999997 -0.40138709090909086 0.1360651168730935
v -0.26328154846279817 -0.40138709090909086 -0.12073436363636367
v -0.25354999999999994 -0.40138709090909086 -0.13658528022622082
v -0.25354999999999994 -0.40929739887587124 -0.12073436363636367
v -0.26968414557831843 -0.40138709090909086 -0.1032828484848485
v -0.2723482170518316 -0.40138709090909086 0.14103836363636366
v -0.2672944914795431 -0.40138709090909086 0.15848987878787874
v -0.2579704182464451 -0.40138709090909086 0.17594139393939398
v -0.25354999999999994 -0.405186117330335 0.17594139393939398
v -0.25354999999999994 -0.40138709090909086 0.18204163889044736
v -0.24271244807171488 -0.40138709090909086 -0.1556373939393939
v -0.23326599999999992 -0.40138709090909086 -0.16800885208246197
v -0.23326599999999992 -0.4074781816193374 -0.1556373939393939
v -0.2527178826945702 -0.40138709090909086 -0.13818587878787875
v -0.2470647777604607 -0.40138709090909086 0.19339290909090906
v -0.23326599999999992 -0.40138709090909086 0.20966387159781907
v -0.21852662706037604 -0.40138709090909086 -0.19054042424242426
v -0.2129819999999999 -0.40138709090909086 -0.19696691614884115
v -0.2129819999999999 -0.4045790246286896 -0.19054042424242426
v -0.23017865012647598 -0.40138709090909086 -0.1730889090909091
v -0.2129819999999999 -0.4221980125753963 -0.1730889090909091
v -0.23230312637853992 -0.40138709090909086 0.21084442424242433
v -0.21693992836947396 -0.40138709090909086 0.22829593939393938
v -0.2129819999999999 -0.4044852573383246 0.22829593939393938
v -0.2129819999999999 -0.40138709090909086 0.2319666918905701
v -0.2050380618213292 -0.40138709090909086 -0.20799193939393942
v -0.19269799999999987 -0.40138709090909086 -0.22031219775939143
v -0.19269799999999987 -0.41033636041690197 -0.20799193939393942
v -0.19713502021578233 -0.40138709090909086 0.24574745454545466
v -0.19269799999999987 -0.40492765585341217 0.24574745454545466
v -0.19269799999999987 -0.40138709090909086 0.2492344529974895
v -0.18767838163729783 -0.40138709090909086 -0.22544345454545459
v -0.17241399999999987 -0.40138709090909086 -0.23889129700715073
v -0.17241399999999987 -0.4125080073860283 -0.22544345454545459
v -0.17241399999999987 -0.40138709090909086 0.2628445127374607
v -0.16811382276820108 -0.40138709090909086 -0.24289496969696966
v -0.15212999999999996 -0.40138709090909086 -0.2548532938347521
v -0.15212999999999996 -0.4146743336071402 -0.24289496969696966
v -0.17179802233828145 -0.40138709090909086 0.2631989696969697
v -0.15212999999999996 -0.40138709090909086 0.2748316062387567
v -0.1448873325282977 -0.40138709090909086 -0.2603464848484848
v -0.13184599999999994 -0.40138709090909086 -0.26633738557779524
v -0.13184599999999994 -0.41367631852618236 -0.2603464848484848
v -0.13773388656258007 -0.40138709090909086 0.2806504848484848
v -0.13184599999999994 -0.40529133317111077 0.2806504848484848
v -0.13184599999999994 -0.40138709090909086 0.28350169383154034
v -0.11156199999999993 -0.40138709090909086 -0.2705646998420394
v -0.11156199999999993 -0.40138709090909086 0.29109214671288525
v -0.09127799999999991 -0.40138709090909086 -0.26582408437699123
v -0.09127799999999991 -0.40138709090909086 0.2959384421270758
v -0.07099399999999989 -0.40138709090909086 -0.2740187318778611
v -0.07702028635980472 -0.40138709090909086 0.2981020000000001
v -0.07099399999999989 -0.4038392447224215 0.2981020000000001
v -0.07099399999999989 -0.40138709090909086 0.29923895115467836
v -0.05070999999999987 -0.40138709090909086 -0.26427768306472427
v -0.05070999999999987 -0.4442921640289068 -0.22544345454545459
v -0.05070999999999987 -0.41536164189995534 0.2981020000000001
v -0.05070999999999987 -0.40138709090909086 0.30112133594655205
v -0.045743927837024675 -0.40138709090909086 -0.2603464848484848
v -0.03042599999999997 -0.4381455281578633 -0.2603464848484848
v -0.036094050021083054 -0.40138709090909086 -0.24289496969696966
v -0.03042599999999997 -0.40138709090909086 -0.2354727019545484
v -0.03042599999999997 -0.42052434466650523 -0.22544345454545459
v -0.03042599999999997 -0.42233832943168104 0.2981020000000001
v -0.03042599999999997 -0.40138709090909086 0.29993864036446527
v -0.027590520118627296 -0.40138709090909086 -0.22544345454545459
v -0.010141999999999953 -0.40138709090909086 -0.2179658691891868
v -0.028162173727916535 -0.40138709090909086 0.2981020000000001
v -0.010141999999999953 -0.40138709090909086 0.2941687122250107
v 0.010142000000000064 -0.40138709090909086 -0.21835066546261697
v 0.010142000000000064 -0.40138709090909086 0.2940859218268925
v 0.030426000000000192 -0.41696791527999444 -0.2603464848484848
v 0.027973722219128763 -0.40138709090909086 -0.24289496969696966
v 0.030426000000000192 -0.40138709090909086 -0.2510611231519988
v 0.024751276586745617 -0.40138709090909086 -0.22544345454545459
v 0.030426000000000192 -0.42733546323807176 -0.22544345454545459
v 0.02836958820926972 -0.40138709090909086 0.2981020000000001
v 0.030426000000000192 -0.42369663194979285 0.2981020000000001
v 0.030426000000000192 -0.40138709090909086 0.2997802522773524
v 0.03427890229050924 -0.40138709090909086 -0.2603464848484848
v 0.050710000000000095 -0.40138709090909086 -0.2754409635803775
v 0.050710000000000095 -0.4318047876946297 -0.22544345454545459
v 0.050710000000000095 -0.41730946413424663 0.2981020000000001
v 0.050710000000000095 -0.40138709090909086 0.3012443764635225
v 0.05762859579717576 -0.40138709090909086 -0.277798
v 0.070994 -0.40138709090909086 -0.2803139479894676
v 0.070994 -0.41258080608928827 -0.277798
v 0.070994 -0.4418281388957962 -0.24289496969696966
v 0.070994 -0.4467721995164589 -0.22544345454545459
v 0.070994 -0.4035595474646794 0.2981020000000001
v 0.070994 -0.40138709090909086 0.299177976320257
v 0.07164631921287971 -0.40138709090909086 -0.277798
v 0.09127800000000014 -0.40138709090909086 -0.26687725256991945
v 0.09127800000000014 -0.45544367189389445 -0.24289496969696966
v 0.07670795572830927 -0.40138709090909086 0.2981020000000001
v 0.09127800000000014 -0.40138709090909086 0.295928479497483
v 0.11156200000000004 -0.40138709090909086 -0.2728449041059507
v 0.11156200000000004 -0.40138709090909086 0.29098505052467244
v 0.13184600000000016 -0.40138709090909086 -0.2674186535825462
v 0.13184600000000016 -0.4101908033324883 -0.2603464848484848
v 0.13184600000000016 -0.40493014550518286 0.2806504848484848
v 0.13184600000000016 -0.40138709090909086 0.2832325607491187
v 0.14454689673420082 -0.40138709090909086 -0.2603464848484848
v 0.15213000000000007 -0.40138709090909086 -0.25331643451433705
v 0.15213000000000007 -0.41052525322327593 -0.24289496969696966
v 0.13725676195550646 -0.40138709090909086 0.2806504848484848
v 0.15213000000000007 -0.40138709090909086 0.27475338434893826
v 0.1649030169060156 -0.40138709090909086 -0.24289496969696966
v 0.17241399999999998 -0.40138709090909086 -0.23548212121078219
v 0.17241399999999998 -0.40891362088122457 -0.22544345454545459
v 0.17135122134823091 -0.40138709090909086 0.2631989696969697
v 0.17241399999999998 -0.40138709090909086 0.2625719069945003
v 0.18371219530142197 -0.40138709090909086 -0.22544345454545459
v 0.19269800000000012 -0.40138709090909086 -0.21660910612157866
v 0.19269800000000012 -0.4076064548112333 -0.20799193939393942
v 0.19269800000000012 -0.4034399293421355 0.24574745454545466
v 0.19269800000000012 -0.40138709090909086 0.2478661138770609
v 0.20192209638264175 -0.40138709090909086 -0.20799193939393942
v 0.212982 -0.40138709090909086 -0.19435913399667745
v 0.212982 -0.4034669397937637 -0.19054042424242426
v 0.212982 -0.4352993833594757 -0.1730889090909091
v 0.212982 -0.40143405145937466 0.22829593939393938
v 0.19523741149486235 -0.40138709090909086 0.24574745454545466
v 0.212982 -0.40138709090909086 0.22836029417782855
v 0.21655474531326202 -0.40138709090909086 -0.19054042424242426
v 0.2298443305889927 -0.40138709090909086 -0.1730889090909091
v 0.23326600000000014 -0.40138709090909086 -0.16793627308073414
v 0.23326600000000014 -0.40862593705144057 -0.1556373939393939
v 0.23326600000000014 -0.42467458215249 0.19339290909090906
v 0.22972117668220393 -0.40138709090909086 0.21084442424242433
v 0.23326600000000014 -0.40138709090909086 0.20669157948373174
v 0.21304916898555015 -0.40138709090909086 0.22829593939393938
v 0.24287318230677632 -0.40138709090909086 -0.1556373939393939
v 0.2524643986031461 -0.40138709090909086 -0.13818587878787875
v 0.25355000000000005 -0.40138709090909086 -0.13596688629664785
v 0.25355000000000005 -0.40901569644015434 -0.12073436363636367
v 0.25355000000000005 -0.4045510488173627 0.17594139393939398
v 0.245376085271546 -0.40138709090909086 0.19339290909090906
v 0.25355000000000005 -0.40138709090909086 0.1807527040906639
v 0.26257255348790504 -0.40138709090909086 -0.12073436363636367
v 0.26913701461416817 -0.40138709090909086 -0.1032828484848485
v 0.2738340000000002 -0.40138709090909086 -0.08783056526774612
v 0.2738340000000002 -0.4020451490458182 -0.08583133333333334
v 0.2738340000000002 -0.4075634610612562 -0.06837981818181818
v 0.2738340000000002 -0.4181467983008851 -0.050928303030303004
v 0.2738340000000002 -0.4342943874901703 0.10613533333333332
v 0.2738340000000002 -0.40875485366666064 0.12358684848484858
v 0.2734002620660592 -0.40138709090909086 0.14103836363636366
v 0.2738340000000002 -0.40138709090909086 0.13969776414713095
v 0.26751402125279294 -0.40138709090909086 0.15848987878787874
v 0.2572454943892644 -0.40138709090909086 0.17594139393939398
v 0.2747162698238798 -0.40138709090909086 -0.08583133333333334
v 0.2804990639638284 -0.40138709090909086 -0.06837981818181818
v 0.2840333892840773 -0.40138709090909086 -0.050928303030303004
v 0.28628994250917356 -0.40138709090909086 -0.033476787878787835
v 0.2862304116738077 -0.40138709090909086 -0.016025272727272766
v 0.28485048221676623 -0.40138709090909086 0.0014262424242424028
v 0.2847862629946062 -0.40138709090909086 0.01887775757575757
v 0.2863894765395118 -0.40138709090909086 0.036329272727272835
v 0.287837587388534 -0.40138709090909086 0.05378078787878791
v 0.28808028226966625 -0.40138709090909086 0.07123230303030298
v 0.28748173347259465 -0.40138709090909086 0.08868381818181824
v 0.2851191535563042 -0.40138709090909086 0.10613533333333332
v 0.280534454780426 -0.40138709090909086 0.12358684848484858
v -0.29603235422205443 -0.3470643636363635 0.07123230303030298
v -0.2941179999999999 -0.3470643636363635 0.06110376480228991
v -0.2941179999999999 -0.35704089003850825 0.07123230303030298
v -0.29618488358272216 -0.3470643636363635 0.08868381818181824
v -0.2941179999999999 -0.35519458869159726 0.08868381818181824
v -0.2941179999999999 -0.3470643636363635 0.10487131496076711
v -0.274571088582633 -0.3470643636363635 -0.12073436363636367
v -0.27383399999999997 -0.3470643636363635 -0.1223912020942129
v -0.27383399999999997 -0.3489737058520705 -0.12073436363636367
v -0.2815447271152627 -0.3470643636363635 -0.1032828484848485
v -0.27383399999999997 -0.3722842682208769 -0.1032828484848485
v -0.286596090217525 -0.3470643636363635 -0.08583133333333334
v -0.28961846146093256 -0.3470643636363635 -0.06837981818181818
v -0.2907326450014829 -0.3470643636363635 -0.050928303030303004
v -0.2898998146284692 -0.3470643636363635 -0.033476787878787835
v -0.2876396513202647 -0.3470643636363635 -0.016025272727272766
v -0.2847556028939779 -0.3470643636363635 0.0014262424242424028
v -0.2844671167769719 -0.3470643636363635 0.01887775757575757
v -0.2895278599780886 -0.3470643636363635 0.036329272727272835
v -0.29338547200908127 -0.3470643636363635 0.05378078787878791
v -0.29395630259555994 -0.3470643636363635 0.10613533333333332
v -0.29040962937562 -0.3470643636363635 0.12358684848484858
v -0.2852878685783934 -0.3470643636363635 0.14103836363636366
v -0.27383399999999997 -0.38813917587447855 0.14103836363636366
v -0.27844592887003694 -0.3470643636363635 0.15848987878787874
v -0.27383399999999997 -0.35954526470003606 0.15848987878787874
v -0.27383399999999997 -0.3470643636363635 0.16787191595866932
v -0.2575193199557785 -0.3470643636363635 -0.1556373939393939
v -0.25354999999999994 -0.3470643636363635 -0.16186160596797988
v -0.25354999999999994 -0.355882397729366 -0.1556373939393939
v -0.26713406744434004 -0.3470643636363635 -0.13818587878787875
v -0.25354999999999994 -0.39504166338081326 -0.13818587878787875
v -0.26994217437907264 -0.3470643636363635 0.17594139393939398
v -0.2597686258372794 -0.3470643636363635 0.19339290909090906
v -0.25354999999999994 -0.3620557518464696 0.19339290909090906
v -0.25354999999999994 -0.3470643636363635 0.20195400313339096
v -0.23360606279682253 -0.3470643636363635 -0.19054042424242426
v -0.23326599999999992 -0.3470643636363635 -0.19095386059458355
v -0.23326599999999992 -0.347727654429032 -0.19054042424242426
v -0.2465949057587831 -0.3470643636363635 -0.1730889090909091
v -0.23326599999999992 -0.38246985894422003 -0.1730889090909091
v -0.24708929138680527 -0.3470643636363635 0.21084442424242433
v -0.23326599999999992 -0.39301144499767504 0.21084442424242433
v -0.23326599999999992 -0.3470643636363635 0.22678068728819734
v -0.21948555783925092 -0.3470643636363635 -0.20799193939393942
v -0.2129819999999999 -0.3470643636363635 -0.21490982101351414
v -0.2129819999999999 -0.3618084947050565 -0.20799193939393942
v -0.23187376346160002 -0.3470643636363635 0.22829593939393938
v -0.21369907029313204 -0.3470643636363635 0.24574745454545466
v -0.2129819999999999 -0.3482064592752829 0.24574745454545466
v -0.2129819999999999 -0.3470643636363635 0.2463715905884014
v -0.2021880714515602 -0.3470643636363635 -0.22544345454545459
v -0.19269799999999987 -0.3470643636363635 -0.23279422981584313
v -0.19269799999999987 -0.3707109707658005 -0.22544345454545459
v -0.19269799999999987 -0.3470643636363635 0.2624597768460006
v -0.17910412126518518 -0.3470643636363635 -0.24289496969696966
v -0.17241399999999987 -0.3470643636363635 -0.24707376265322636
v -0.17241399999999987 -0.3669137751081265 -0.24289496969696966
v -0.19163101427373117 -0.3470643636363635 0.2631989696969697
v -0.17241399999999987 -0.3975868942403447 0.2631989696969697
v -0.17241399999999987 -0.3470643636363635 0.27580331264139074
v -0.15212999999999996 -0.3470643636363635 -0.25759336009463624
v -0.16313605849212545 -0.3470643636363635 0.2806504848484848
v -0.15212999999999996 -0.3620149845201476 0.2806504848484848
v -0.15212999999999996 -0.3470643636363635 0.28619288736780735
v -0.14588106369271298 -0.3470643636363635 -0.2603464848484848
v -0.13184599999999994 -0.3470643636363635 -0.26484527352349196
v -0.13184599999999994 -0.3470643636363635 0.29383928636376266
v -0.11156199999999993 -0.3470643636363635 -0.26905464819530334
v -0.1169919538972198 -0.3470643636363635 0.2981020000000001
v -0.11156199999999993 -0.3517732102331696 0.2981020000000001
v -0.11156199999999993 -0.3470643636363635 0.2997295637255512
v -0.09127799999999991 -0.3470643636363635 -0.27087910468778964
v -0.09127799999999991 -0.376072347437532 0.2981020000000001
v -0.09127799999999991 -0.3470643636363635 0.3041053247522559
v -0.07099399999999989 -0.3470643636363635 -0.2688246461602915
v -0.07099399999999989 -0.3470643636363635 0.30556984426166933
v -0.05070999999999987 -0.3470643636363635 -0.27210528214256235
v -0.05070999999999987 -0.3470643636363635 0.3042682927581383
v -0.03042599999999997 -0.3470643636363635 -0.27214174721153095
v -0.03042599999999997 -0.3844920075121571 -0.2603464848484848
v -0.03042599999999997 -0.39541849214015967 -0.24289496969696966
v -0.03042599999999997 -0.3470643636363635 0.30001807310779477
v -0.020067175031819835 -0.3470643636363635 -0.2603464848484848
v -0.010141999999999953 -0.3470643636363635 -0.25555911335477116
v -0.010141999999999953 -0.3849284366746676 -0.24289496969696966
v -0.010141999999999953 -0.3823526064868228 -0.22544345454545459
v -0.029097313289680602 -0.3470643636363635 0.2981020000000001
v -0.010141999999999953 -0.3470643636363635 0.2928011543944837
v 0.010142000000000064 -0.3470643636363635 -0.2555132627706085
v 0.010142000000000064 -0.3860537420429957 -0.24289496969696966
v 0.010142000000000064 -0.3831561459699848 -0.22544345454545459
v 0.010142000000000064 -0.3470643636363635 0.2927513350044311
v 0.01991106692037106 -0.3470643636363635 -0.2603464848484848
v 0.030426000000000192 -0.3470643636363635 -0.2727073470999068
v 0.030426000000000192 -0.39433595591016934 -0.2603464848484848
v 0.02920918610513595 -0.3470643636363635 0.2981020000000001
v 0.030426000000000192 -0.3470643636363635 0.2998612146658025
v 0.050710000000000095 -0.3470643636363635 -0.27296859911907106
v 0.050710000000000095 -0.3470643636363635 0.30406287738344057
v 0.070994 -0.39696823954517696 -0.277798
v 0.070994 -0.3470643636363635 -0.2690899084065366
v 0.070994 -0.3470643636363635 0.3053378104152168
v 0.09127800000000014 -0.3470643636363635 -0.27246123957101637
v 0.09127800000000014 -0.37544206194064106 0.2981020000000001
v 0.09127800000000014 -0.3470643636363635 0.3038637616269675
v 0.11156200000000004 -0.3470643636363635 -0.2716157211763679
v 0.11156200000000004 -0.35151325598908884 0.2981020000000001
v 0.11156200000000004 -0.3470643636363635 0.2996501721750388
v 0.13184600000000016 -0.3470643636363635 -0.2677379026144247
v 0.11668376485228155 -0.3470643636363635 0.2981020000000001
v 0.13184600000000016 -0.3470643636363635 0.29367924711440535
v 0.14862548650571525 -0.3470643636363635 -0.2603464848484848
v 0.15213000000000007 -0.3470643636363635 -0.2581992908572409
v 0.15213000000000007 -0.36084097198651627 0.2806504848484848
v 0.15213000000000007 -0.3470643636363635 0.28576066057223865
v 0.17241399999999998 -0.3470643636363635 -0.24638344696131764
v 0.17241399999999998 -0.3581029943356795 -0.24289496969696966
v 0.17241399999999998 -0.3946967815996661 0.2631989696969697
v 0.16221697789118278 -0.3470643636363635 0.2806504848484848
v 0.17241399999999998 -0.3470643636363635 0.2752734224395156
v 0.17761863697045088 -0.3470643636363635 -0.24289496969696966
v 0.19269800000000012 -0.3470643636363635 -0.2309996199840148
v 0.19269800000000012 -0.3602470349964642 -0.22544345454545459
v 0.19034710241733835 -0.3470643636363635 0.2631989696969697
v 0.19269800000000012 -0.3470643636363635 0.26152604623630366
v 0.1996103358103794 -0.3470643636363635 -0.22544345454545459
v 0.212982 -0.3470643636363635 -0.21226975623459293
v 0.212982 -0.3550408352454483 -0.20799193939393942
v 0.21199957455444574 -0.3470643636363635 0.24574745454545466
v 0.212982 -0.3470643636363635 0.2448742372478598
v 0.21704038200443418 -0.3470643636363635 -0.20799193939393942
v 0.2317848175057422 -0.3470643636363635 -0.19054042424242426
v 0.23326600000000014 -0.3470643636363635 -0.18855430857238945
v 0.23326600000000014 -0.379450813139511 -0.1730889090909091
v 0.23326600000000014 -0.3784441147105257 0.21084442424242433
v 0.23004035161695133 -0.3470643636363635 0.22829593939393938
v 0.23326600000000014 -0.3470643636363635 0.22476110771265173
v 0.2449353109127331 -0.3470643636363635 -0.1730889090909091
v 0.25355000000000005 -0.3470643636363635 -0.1593513794614632
v 0.25355000000000005 -0.35249536449932195 -0.1556373939393939
v 0.25355000000000005 -0.3922473161892179 -0.13818587878787875
v 0.25355000000000005 -0.35778910151677645 0.19339290909090906
v 0.24539482363328163 -0.3470643636363635 0.21084442424242433
v 0.25355000000000005 -0.3470643636363635 0.1997863134505095
v 0.2559677738162402 -0.3470643636363635 -0.1556373939393939
v 0.2658006674538229 -0.3470643636363635 -0.13818587878787875
v 0.2736227131313674 -0.3470643636363635 -0.12073436363636367
v 0.2738340000000002 -0.3470643636363635 -0.12021841574407227
v 0.2738340000000002 -0.36920834727600355 -0.1032828484848485
v 0.2738340000000002 -0.3962146471867889 0.14103836363636366
v 0.2738340000000002 -0.3575723701905497 0.15848987878787874
v 0.2688877944173128 -0.3470643636363635 0.17594139393939398
v 0.2738340000000002 -0.3470643636363635 0.16573987505451193
v 0.2582300976077355 -0.3470643636363635 0.19339290909090906
v 0.28086631260549194 -0.3470643636363635 -0.1032828484848485
v 0.28624546719853844 -0.3470643636363635 -0.08583133333333334
v 0.2895940138824019 -0.3470643636363635 -0.06837981818181818
v 0.2910270465375077 -0.3470643636363635 -0.050928303030303004
v 0.2904872543221024 -0.3470643636363635 -0.033476787878787835
v 0.28832397608148796 -0.3470643636363635 -0.016025272727272766
v 0.2851524969748909 -0.3470643636363635 0.0014262424242424028
v 0.2841148757963504 -0.3470643636363635 0.01887775757575757
v 0.2882997605156726 -0.3470643636363635 0.036329272727272835
v 0.291542557541135 -0.3470643636363635 0.05378078787878791
v 0.29357350784992353 -0.3470643636363635 0.07123230303030298
v 0.29380259646704854 -0.3470643636363635 0.08868381818181824
v 0.29214440614275444 -0.3470643636363635 0.10613533333333332
v 0.2887981220278833 -0.3470643636363635 0.12358684848484858
v 0.2839227082140772 -0.3470643636363635 0.14103836363636366
v 0.2773680393350748 -0.3470643636363635 0.15848987878787874
v -0.2941179999999999 -0.3339353706745212 0.07123230303030298
v -0.2941179999999999 -0.3390474782377388 0.08868381818181824
v -0.27383399999999997 -0.34581007054180696 -0.12073436363636367
v -0.27383399999999997 -0.32711834744698054 -0.1032828484848485
v -0.27601531044105354 -0.29274163636363615 -0.08583133333333334
v -0.27383399999999997 -0.29274163636363615 -0.08997720225002745
v -0.2825491411749693 -0.29274163636363615 -0.06837981818181818
v -0.286290145881682 -0.29274163636363615 -0.050928303030303004
v -0.28824631508692405 -0.29274163636363615 -0.033476787878787835
v -0.2881718933678002 -0.29274163636363615 -0.016025272727272766
v -0.2852322915325583 -0.29274163636363615 0.0014262424242424028
v -0.284333140614669 -0.29274163636363615 0.01887775757575757
v -0.2903536234309 -0.29274163636363615 0.036329272727272835
v -0.29206158871186527 -0.29274163636363615 0.05378078787878791
v -0.2912863516276139 -0.29274163636363615 0.07123230303030298
v -0.2888178121487465 -0.29274163636363615 0.08868381818181824
v -0.28508646089436596 -0.29274163636363615 0.10613533333333332
v -0.2784509962500382 -0.29274163636363615 0.12358684848484858
v -0.27383399999999997 -0.29274163636363615 0.13239401992143007
v -0.27383399999999997 -0.31624939269785146 0.14103836363636366
v -0.27383399999999997 -0.3387363074784671 0.15848987878787874
v -0.25354999999999994 -0.34125938083187113 -0.1556373939393939
v -0.25354999999999994 -0.31993509303363143 -0.13818587878787875
v -0.2580383350801721 -0.29274163636363615 -0.12073436363636367
v -0.25354999999999994 -0.29274163636363615 -0.12741691445371284
v -0.268106580264106 -0.29274163636363615 -0.1032828484848485
v -0.2701991629793943 -0.29274163636363615 0.14103836363636366
v -0.262226558751233 -0.29274163636363615 0.15848987878787874
v -0.25354999999999994 -0.29274163636363615 0.17179271666918544
v -0.25354999999999994 -0.30698541172073956 0.17594139393939398
v -0.25354999999999994 -0.337377491776334 0.19339290909090906
v -0.23326599999999992 -0.3466249361043992 -0.19054042424242426
v -0.23326599999999992 -0.32619012855385765 -0.1730889090909091
v -0.23464191086394925 -0.29274163636363615 -0.1556373939393939
v -0.23326599999999992 -0.29274163636363615 -0.15736395946072626
v -0.24732838463665227 -0.29274163636363615 -0.13818587878787875
v -0.25119218277777844 -0.29274163636363615 0.17594139393939398
v -0.2394219549456524 -0.29274163636363615 0.19339290909090906
v -0.23326599999999992 -0.29274163636363615 0.20067486576988572
v -0.23326599999999992 -0.32304851592649864 0.21084442424242433
v -0.2129819999999999 -0.3389498782329654 -0.20799193939393942
v -0.2129819999999999 -0.3136937322562621 -0.19054042424242426
v -0.22268397020436703 -0.29274163636363615 -0.1730889090909091
v -0.2129819999999999 -0.29274163636363615 -0.18349700287012508
v -0.2251226612603968 -0.29274163636363615 0.21084442424242433
v -0.2129819999999999 -0.29274163636363615 0.2230628793311972
v -0.2129819999999999 -0.31362565833574996 0.22829593939393938
v -0.2129819999999999 -0.3461879534044685 0.24574745454545466
v -0.19269799999999987 -0.3363833182543468 -0.22544345454545459
v -0.19269799999999987 -0.3080755174516888 -0.20799193939393942
v -0.20614308510858262 -0.29274163636363615 -0.19054042424242426
v -0.19269799999999987 -0.29274163636363615 -0.20310474924834107
v -0.20740707856186252 -0.29274163636363615 0.22829593939393938
v -0.19269799999999987 -0.29274163636363615 0.24058349494379483
v -0.19269799999999987 -0.31479114972025013 0.24574745454545466
v -0.17241399999999987 -0.3398296431052514 -0.24289496969696966
v -0.17241399999999987 -0.30979328227135383 -0.22544345454545459
v -0.18705751458655714 -0.29274163636363615 -0.20799193939393942
v -0.17241399999999987 -0.29274163636363615 -0.21994836539969723
v -0.18587583495024315 -0.29274163636363615 0.24574745454545466
v -0.17241399999999987 -0.29274163636363615 0.256228501527394
v -0.17241399999999987 -0.3215068141951758 0.2631989696969697
v -0.15212999999999996 -0.31651436899898766 -0.24289496969696966
v -0.16453066414871081 -0.29274163636363615 -0.22544345454545459
v -0.15212999999999996 -0.29274163636363615 -0.23446756796712215
v -0.16025516734513262 -0.29274163636363615 0.2631989696969697
v -0.15212999999999996 -0.29274163636363615 0.2683071462081321
v -0.15212999999999996 -0.33616468486178674 0.2806504848484848
v -0.13184599999999994 -0.3333082041158201 -0.2603464848484848
v -0.13743411299574815 -0.29274163636363615 -0.24289496969696966
v -0.13184599999999994 -0.29274163636363615 -0.2462557212488975
v -0.13184599999999994 -0.29274163636363615 0.277943483866895
v -0.13184599999999994 -0.3090300772402119 0.2806504848484848
v -0.11156199999999993 -0.3082288041821227 -0.2603464848484848
v -0.11156199999999993 -0.29274163636363615 -0.2564350824955064
v -0.12465317813594988 -0.29274163636363615 0.2806504848484848
v -0.11156199999999993 -0.29274163636363615 0.28637864921909234
v -0.11156199999999993 -0.3433184022504795 0.2981020000000001
v -0.1017115786933396 -0.29274163636363615 -0.2603464848484848
v -0.09127799999999991 -0.29274163636363615 -0.2642900407306436
v -0.09127799999999991 -0.29274163636363615 0.2926081194070472
v -0.09127799999999991 -0.3276099089306866 0.2981020000000001
v -0.07099399999999989 -0.29274163636363615 -0.26975148489363543
v -0.07099399999999989 -0.29274163636363615 0.2967572211759241
v -0.07099399999999989 -0.3066355322012621 0.2981020000000001
v -0.05070999999999987 -0.29274163636363615 -0.27277608061194974
v -0.05854831970438876 -0.29274163636363615 0.2981020000000001
v -0.05070999999999987 -0.29274163636363615 0.2990101997551953
v -0.03042599999999997 -0.29274163636363615 -0.2738879129952448
v -0.03326153316517297 -0.29274163636363615 0.2981020000000001
v -0.03042599999999997 -0.29274163636363615 0.2980308823213619
v -0.03042599999999997 -0.29586731304654734 0.2981020000000001
v -0.010141999999999953 -0.29274163636363615 -0.27243507037276044
v -0.010141999999999953 -0.3366680150870643 -0.2603464848484848
v -0.010141999999999953 -0.29274163636363615 0.2922203932933261
v 0.010142000000000064 -0.29274163636363615 -0.2726880000685983
v 0.010142000000000064 -0.33613894027554575 -0.2603464848484848
v 0.010142000000000064 -0.29274163636363615 0.2922984006911088
v 0.030426000000000192 -0.29274163636363615 -0.27448902775485745
v 0.030426000000000192 -0.29274163636363615 0.2978472496699123
v 0.030426000000000192 -0.3035066240099486 0.2981020000000001
v 0.050710000000000095 -0.29274163636363615 -0.2734783789700689
v 0.038998070957215525 -0.29274163636363615 0.2981020000000001
v 0.050710000000000095 -0.29274163636363615 0.298851208014809
v 0.070994 -0.29274163636363615 -0.27070837196120595
v 0.057389302803963406 -0.29274163636363615 0.2981020000000001
v 0.070994 -0.29274163636363615 0.2966700917125021
v 0.070994 -0.3075910597618549 0.2981020000000001
v 0.09127800000000014 -0.29274163636363615 -0.26562593476485946
v 0.09127800000000014 -0.29274163636363615 0.29246641295391057
v 0.09127800000000014 -0.32843908547443157 0.2981020000000001
v 0.10490088066476463 -0.29274163636363615 -0.2603464848484848
v 0.11156200000000004 -0.30218415290684614 -0.2603464848484848
v 0.11156200000000004 -0.29274163636363615 -0.25764612366249057
v 0.11156200000000004 -0.29274163636363615 0.28617132707293813
v 0.11156200000000004 -0.34355803125202605 0.2981020000000001
v 0.13184600000000016 -0.3267774137030076 -0.2603464848484848
v 0.13184600000000016 -0.29274163636363615 -0.24719568231577416
v 0.12408630164397125 -0.29274163636363615 0.2806504848484848
v 0.13184600000000016 -0.29274163636363615 0.2777090826324212
v 0.13184600000000016 -0.3102718679929406 0.2806504848484848
v 0.1387378449020718 -0.29274163636363615 -0.24289496969696966
v 0.15213000000000007 -0.315411326604577 -0.24289496969696966
v 0.15213000000000007 -0.29274163636363615 -0.23497438363405831
v 0.15213000000000007 -0.29274163636363615 0.26795046817205276
v 0.15213000000000007 -0.3371986818577152 0.2806504848484848
v 0.17241399999999998 -0.3410616824871538 -0.24289496969696966
v 0.16475746109476566 -0.29274163636363615 -0.22544345454545459
v 0.17241399999999998 -0.3102714149864856 -0.22544345454545459
v 0.17241399999999998 -0.29274163636363615 -0.2200091519261897
v 0.1595311107125586 -0.29274163636363615 0.2631989696969697
v 0.17241399999999998 -0.29274163636363615 0.25576631894248436
v 0.17241399999999998 -0.3233713151742022 0.2631989696969697
v 0.19269800000000012 -0.3387794486943755 -0.22544345454545459
v 0.18700768371499424 -0.29274163636363615 -0.20799193939393942
v 0.19269800000000012 -0.30925693066240406 -0.20799193939393942
v 0.19269800000000012 -0.29274163636363615 -0.2029630804312719
v 0.18534011483399546 -0.29274163636363615 0.24574745454545466
v 0.19269800000000012 -0.29274163636363615 0.24010766479968515
v 0.19269800000000012 -0.31692278155538794 0.24574745454545466
v 0.212982 -0.34185813428568324 -0.20799193939393942
v 0.20583647739318398 -0.29274163636363615 -0.19054042424242426
v 0.212982 -0.3156286084977427 -0.19054042424242426
v 0.212982 -0.29274163636363615 -0.18297913076599126
v 0.20682532364456369 -0.29274163636363615 0.22829593939393938
v 0.212982 -0.29274163636363615 0.2225753787453675
v 0.212982 -0.31615958484925644 0.22829593939393938
v 0.22205915349507638 -0.29274163636363615 -0.1730889090909091
v 0.23326600000000014 -0.32843997204401243 -0.1730889090909091
v 0.23326600000000014 -0.29274163636363615 -0.15641739090842943
v 0.2246483758594129 -0.29274163636363615 0.21084442424242433
v 0.23326600000000014 -0.29274163636363615 0.20022087687125484
v 0.23326600000000014 -0.3256924452754208 0.21084442424242433
v 0.23389153872615273 -0.29274163636363615 -0.1556373939393939
v 0.25355000000000005 -0.34347173205386805 -0.1556373939393939
v 0.24693798471313486 -0.29274163636363615 -0.13818587878787875
v 0.25355000000000005 -0.3223548714524099 -0.13818587878787875
v 0.25355000000000005 -0.29274163636363615 -0.12673892289386893
v 0.251184130507908 -0.29274163636363615 0.17594139393939398
v 0.25355000000000005 -0.29274163636363615 0.1718897361633416
v 0.25355000000000005 -0.30768476950564044 0.17594139393939398
v 0.2391143349240959 -0.29274163636363615 0.19339290909090906
v 0.25355000000000005 -0.3396146474728028 0.19339290909090906
v 0.25762107582828947 -0.29274163636363615 -0.12073436363636367
v 0.2679294327135589 -0.29274163636363615 -0.1032828484848485
v 0.2738340000000002 -0.3286512580076918 -0.1032828484848485
v 0.2738340000000002 -0.29274163636363615 -0.08982684434422783
v 0.27019258437409543 -0.29274163636363615 0.14103836363636366
v 0.2738340000000002 -0.29274163636363615 0.13161246379679772
v 0.2738340000000002 -0.31790923983646285 0.14103836363636366
v 0.2623861803836774 -0.29274163636363615 0.15848987878787874
v 0.2738340000000002 -0.34035318974439205 0.15848987878787874
v 0.2759798071122845 -0.29274163636363615 -0.08583133333333334
v 0.28267849732345596 -0.29274163636363615 -0.06837981818181818
v 0.2865764754834756 -0.29274163636363615 -0.050928303030303004
v 0.2887126769362846 -0.29274163636363615 -0.033476787878787835
v 0.28876737250583046 -0.29274163636363615 -0.016025272727272766
v 0.28564610896308124 -0.29274163636363615 0.0014262424242424028
v 0.2839614836963464 -0.29274163636363615 0.01887775757575757
v 0.2893160234848649 -0.29274163636363615 0.036329272727272835
v 0.29079105285530427 -0.29274163636363615 0.05378078787878791
v 0.2899493254400082 -0.29274163636363615 0.07123230303030298
v 0.2874973517291411 -0.29274163636363615 0.08868381818181824
v 0.2839456283410509 -0.29274163636363615 0.10613533333333332
v 0.27769701094351457 -0.29274163636363615 0.12358684848484858
v -0.27383399999999997 -0.28855229414334405 -0.08583133333333334
v -0.27797904104221594 -0.2384189090909089 -0.06837981818181818
v -0.27383399999999997 -0.2384189090909089 -0.07398666091284435
v -0.28419608286376574 -0.2384189090909089 -0.050928303030303004
v -0.28640657106820705 -0.2384189090909089 -0.033476787878787835
v -0.2871571046767306 -0.2384189090909089 -0.016025272727272766
v -0.28591188687532115 -0.2384189090909089 0.0014262424242424028
v -0.2846085811584622 -0.2384189090909089 0.01887775757575757
v -0.2886083531471516 -0.2384189090909089 0.036329272727272835
v -0.2880039598454362 -0.2384189090909089 0.05378078787878791
v -0.2866027076531619 -0.2384189090909089 0.07123230303030298
v -0.28438140850023064 -0.2384189090909089 0.08868381818181824
v -0.2796329815764664 -0.2384189090909089 0.10613533333333332
v -0.27383399999999997 -0.2384189090909089 0.11313872178924199
v -0.27383399999999997 -0.2851961307899598 0.12358684848484858
v -0.25354999999999994 -0.2870291198200172 -0.12073436363636367
v -0.2622075233316566 -0.2384189090909089 -0.1032828484848485
v -0.25354999999999994 -0.2384189090909089 -0.11215308310016228
v -0.26875968019970997 -0.2384189090909089 -0.08583133333333334
v -0.26857837421702857 -0.2384189090909089 0.12358684848484858
v -0.26362724153319944 -0.2384189090909089 0.14103836363636366
v -0.25354999999999994 -0.2384189090909089 0.15369879815533194
v -0.25354999999999994 -0.2755336813835854 0.15848987878787874
v -0.23326599999999992 -0.29159796405326843 -0.1556373939393939
v -0.2358065363509338 -0.2384189090909089 -0.13818587878787875
v -0.23326599999999992 -0.2384189090909089 -0.14050074454527253
v -0.24704675065496146 -0.2384189090909089 -0.12073436363636367
v -0.24989830880449163 -0.2384189090909089 0.15848987878787874
v -0.24197139085415564 -0.2384189090909089 0.17594139393939398
v -0.23326599999999992 -0.2384189090909089 0.18398231741430776
v -0.23326599999999992 -0.28759732232383034 0.19339290909090906
v -0.2129819999999999 -0.28064509104756863 -0.1730889090909091
v -0.22446042496763158 -0.2384189090909089 -0.1556373939393939
v -0.2129819999999999 -0.2384189090909089 -0.16742179865119342
v -0.22471634083918335 -0.2384189090909089 0.19339290909090906
v -0.2129819999999999 -0.2384189090909089 0.20489365869153317
v -0.2129819999999999 -0.27999189359273563 0.21084442424242433
v -0.19269799999999987 -0.2788984000768688 -0.19054042424242426
v -0.20709523129100663 -0.2384189090909089 -0.1730889090909091
v -0.19269799999999987 -0.2384189090909089 -0.18507744177793292
v -0.20659077641524748 -0.2384189090909089 0.21084442424242433
v -0.19269799999999987 -0.2384189090909089 0.22232437865210564
v -0.19269799999999987 -0.27999788207445797 0.22829593939393938
v -0.17241399999999987 -0.28058782671264004 -0.20799193939393942
v -0.1862798846312811 -0.2384189090909089 -0.19054042424242426
v -0.17241399999999987 -0.2384189090909089 -0.20176604422353744
v -0.18550238147798767 -0.2384189090909089 0.22829593939393938
v -0.17241399999999987 -0.2384189090909089 0.23850568534214223
v -0.17241399999999987 -0.28380114575563176 0.24574745454545466
v -0.15212999999999996 -0.2855480644747734 -0.22544345454545459
v -0.1641255129997064 -0.2384189090909089 -0.20799193939393942
v -0.15212999999999996 -0.2384189090909089 -0.21697249141811883
v -0.16200820879271016 -0.2384189090909089 0.24574745454545466
v -0.15212999999999996 -0.2384189090909089 0.25282380089118606
v -0.15212999999999996 -0.28952670896522925 0.2631989696969697
v -0.13184599999999994 -0.29014369908364496 -0.24289496969696966
v -0.13422152956981878 -0.2384189090909089 -0.22544345454545459
v -0.13184599999999994 -0.2384189090909089 -0.22735376164047066
v -0.13184599999999994 -0.2384189090909089 0.2610488591786838
v -0.13184599999999994 -0.260777449682477 0.2631989696969697
v -0.11156199999999993 -0.278085071308765 -0.24289496969696966
v -0.11156199999999993 -0.2384189090909089 -0.23656463496717303
v -0.12894402999772003 -0.2384189090909089 0.2631989696969697
v -0.11156199999999993 -0.2384189090909089 0.272446658553014
v -0.11156199999999993 -0.28826077933795624 0.2806504848484848
v -0.09127799999999991 -0.28886448169333157 -0.2603464848484848
v -0.09573459384784876 -0.2384189090909089 -0.24289496969696966
v -0.09127799999999991 -0.2384189090909089 -0.24569879959462834
v -0.09127799999999991 -0.2384189090909089 0.2762357864060891
v -0.09127799999999991 -0.274488604700119 0.2806504848484848
v -0.07099399999999989 -0.2805236304857972 -0.2603464848484848
v -0.07099399999999989 -0.2384189090909089 -0.2520868098301913
v -0.08302108301105178 -0.2384189090909089 0.2806504848484848
v -0.07099399999999989 -0.2384189090909089 0.287170085802402
v -0.05070999999999987 -0.25854940341578303 -0.2603464848484848
v -0.05070999999999987 -0.2384189090909089 -0.25703505937505383
v -0.05070999999999987 -0.2384189090909089 0.2898349011649578
v -0.05070999999999987 -0.29182056062838113 0.2981020000000001
v -0.04048170619904964 -0.2384189090909089 -0.2603464848484848
v -0.03042599999999997 -0.2384189090909089 -0.2636183537546926
v -0.03042599999999997 -0.2384189090909089 0.2905608384026153
v -0.010141999999999953 -0.2384189090909089 -0.26689163367001834
v -0.010141999999999953 -0.2384189090909089 0.2909219848652543
v 0.010142000000000064 -0.2384189090909089 -0.26713224441867667
v 0.010142000000000064 -0.2384189090909089 0.2910380377235977
v 0.030426000000000192 -0.2384189090909089 -0.26376538528823285
v 0.030426000000000192 -0.2384189090909089 0.2905406351585378
v 0.040808444138890065 -0.2384189090909089 -0.2603464848484848
v 0.050710000000000095 -0.2578731875233652 -0.2603464848484848
v 0.050710000000000095 -0.2384189090909089 -0.25713374671254363
v 0.050710000000000095 -0.2384189090909089 0.2897137127257822
v 0.050710000000000095 -0.29197727744875757 0.2981020000000001
v 0.070994 -0.27966333578951674 -0.2603464848484848
v 0.070994 -0.2384189090909089 -0.2521730288319523
v 0.070994 -0.2384189090909089 0.2871417209128941
v 0.09127800000000014 -0.28766843113329127 -0.2603464848484848
v 0.09127800000000014 -0.2384189090909089 -0.24579410541608546
v 0.08292636564719702 -0.2384189090909089 0.2806504848484848
v 0.09127800000000014 -0.2384189090909089 0.2761886855486012
v 0.09127800000000014 -0.27481612819522255 0.2806504848484848
v 0.09585659975517982 -0.2384189090909089 -0.24289496969696966
v 0.11156200000000004 -0.27714795269548415 -0.24289496969696966
v 0.11156200000000004 -0.2384189090909089 -0.2366143997764963
v 0.11156200000000004 -0.2384189090909089 0.2724061351902345
v 0.11156200000000004 -0.28843054756243364 0.2806504848484848
v 0.13184600000000016 -0.2895050340985823 -0.24289496969696966
v 0.13184600000000016 -0.2384189090909089 -0.2273794899932126
v 0.12886379011126461 -0.2384189090909089 0.2631989696969697
v 0.13184600000000016 -0.2384189090909089 0.2609867273441866
v 0.13184600000000016 -0.26135251329003084 0.2631989696969697
v 0.13424380607241607 -0.2384189090909089 -0.22544345454545459
v 0.15213000000000007 -0.2852828806696754 -0.22544345454545459
v 0.15213000000000007 -0.2384189090909089 -0.21695512256894847
v 0.15213000000000007 -0.2384189090909089 0.25275480908802794
v 0.15213000000000007 -0.2897611175778317 0.2631989696969697
v 0.16404248442643826 -0.2384189090909089 -0.20799193939393942
v 0.17241399999999998 -0.2806086248651248 -0.20799193939393942
v 0.17241399999999998 -0.2384189090909089 -0.20168381000266472
v 0.16190656845068485 -0.2384189090909089 0.24574745454545466
v 0.17241399999999998 -0.2384189090909089 0.23844094824832343
v 0.17241399999999998 -0.2841107325042178 0.24574745454545466
v 0.18615286600838185 -0.2384189090909089 -0.19054042424242426
v 0.19269800000000012 -0.2792891754593827 -0.19054042424242426
v 0.19269800000000012 -0.2384189090909089 -0.184960722945087
v 0.18538474211064562 -0.2384189090909089 0.22829593939393938
v 0.19269800000000012 -0.2384189090909089 0.22219160728690895
v 0.19269800000000012 -0.280606401318966 0.22829593939393938
v 0.20701395052855448 -0.2384189090909089 -0.1730889090909091
v 0.212982 -0.281396352135511 -0.1730889090909091
v 0.212982 -0.2384189090909089 -0.16738616313149535
v 0.20638674196469542 -0.2384189090909089 0.21084442424242433
v 0.212982 -0.2384189090909089 0.20468394388055836
v 0.212982 -0.28062672186111565 0.21084442424242433
v 0.22449974586633117 -0.2384189090909089 -0.1556373939393939
v 0.23326600000000014 -0.29221845768554155 -0.1556373939393939
v 0.23326600000000014 -0.2384189090909089 -0.14069741749751588
v 0.2244607737809209 -0.2384189090909089 0.19339290909090906
v 0.23326600000000014 -0.2384189090909089 0.18355177815346096
v 0.23326600000000014 -0.2879416351343265 0.19339290909090906
v 0.23601335791535033 -0.2384189090909089 -0.13818587878787875
v 0.24711886537681438 -0.2384189090909089 -0.12073436363636367
v 0.25355000000000005 -0.28748355977044127 -0.12073436363636367
v 0.25355000000000005 -0.2384189090909089 -0.11228162846021042
v 0.24896574679318983 -0.2384189090909089 0.15848987878787874
v 0.25355000000000005 -0.2384189090909089 0.1522848985548497
v 0.25355000000000005 -0.27792740904559743 0.15848987878787874
v 0.24139596000918495 -0.2384189090909089 0.17594139393939398
v 0.262327384183306 -0.2384189090909089 -0.1032828484848485
v 0.2688636584522852 -0.2384189090909089 -0.08583133333333334
v 0.2738340000000002 -0.2885524498162426 -0.08583133333333334
v 0.2738340000000002 -0.2384189090909089 -0.07429425561156333
v 0.26790365024044593 -0.2384189090909089 0.12358684848484858
v 0.2738340000000002 -0.2384189090909089 0.11254705986048774
v 0.2738340000000002 -0.28688088156546 0.12358684848484858
v 0.2626696592905128 -0.2384189090909089 0.14103836363636366
v 0.2782188248510817 -0.2384189090909089 -0.06837981818181818
v 0.28437907608431956 -0.2384189090909089 -0.050928303030303004
v 0.2866331311694336 -0.2384189090909089 -0.033476787878787835
v 0.28747934632647454 -0.2384189090909089 -0.016025272727272766
v 0.28629799498374675 -0.2384189090909089 0.0014262424242424028
v 0.28424724402219403 -0.2384189090909089 0.01887775757575757
v 0.28815729757154285 -0.2384189090909089 0.036329272727272835
v 0.287709991783545 -0.2384189090909089 0.05378078787878791
v 0.286516952284487 -0.2384189090909089 0.07123230303030298
v 0.28441425764561473 -0.2384189090909089 0.08868381818181824
v 0.2794810791433696 -0.2384189090909089 0.10613533333333332
v -0.29426467162691133 -0.18409618181818155 0.05378078787878791
v -0.2941179999999999 -0.18409618181818155 0.05302820208045838
v -0.2941179999999999 -0.1843539990388377 0.05378078787878791
v -0.2941179999999999 -0.18409618181818155 0.060769424534224806
v -0.28066710391398164 -0.18409618181818155 -0.08583133333333334
v -0.27383399999999997 -0.18409618181818155 -0.10192219760853743
v -0.27383399999999997 -0.19121375204132998 -0.08583133333333334
v -0.28559389179223094 -0.18409618181818155 -0.06837981818181818
v -0.2885542501268783 -0.18409618181818155 -0.050928303030303004
v -0.2898347181217947 -0.18409618181818155 -0.033476787878787835
v -0.2895431217667912 -0.18409618181818155 -0.016025272727272766
v -0.28584735214649204 -0.18409618181818155 0.0014262424242424028
v -0.28495190056235103 -0.18409618181818155 0.01887775757575757
v -0.2926582893626121 -0.18409618181818155 0.036329272727272835
v -0.2938418882020358 -0.18409618181818155 0.07123230303030298
v -0.2918693881417131 -0.18409618181818155 0.08868381818181824
v -0.28822142157890657 -0.18409618181818155 0.10613533333333332
v -0.28278527818444205 -0.18409618181818155 0.12358684848484858
v -0.27383399999999997 -0.1920131223681119 0.12358684848484858
v -0.27520955607863445 -0.18409618181818155 0.14103836363636366
v -0.27383399999999997 -0.1847785530482899 0.14103836363636366
v -0.27383399999999997 -0.18409618181818155 0.14374873660916657
v -0.2647401145899148 -0.18409618181818155 -0.12073436363636367
v -0.25354999999999994 -0.18409618181818155 -0.1377932914008736
v -0.25354999999999994 -0.19131812406768497 -0.12073436363636367
v -0.2732226383713243 -0.18409618181818155 -0.1032828484848485
v -0.266381779305313 -0.18409618181818155 0.15848987878787874
v -0.25354999999999994 -0.19722960784782334 0.15848987878787874
v -0.25466974353255406 -0.18409618181818155 0.17594139393939398
v -0.25354999999999994 -0.1845191086011047 0.17594139393939398
v -0.25354999999999994 -0.18409618181818155 0.17735519630157723
v -0.24125071531454684 -0.18409618181818155 -0.1556373939393939
v -0.23326599999999992 -0.18409618181818155 -0.16551487141688348
v -0.23326599999999992 -0.18762912247022845 -0.1556373939393939
v -0.25328794607083127 -0.18409618181818155 -0.13818587878787875
v -0.24101955646462442 -0.18409618181818155 0.19339290909090906
v -0.23326599999999992 -0.18729609461566948 0.19339290909090906
v -0.23326599999999992 -0.18409618181818155 0.20172948245331324
v -0.22686223913769127 -0.18409618181818155 -0.1730889090909091
v -0.2129819999999999 -0.18409618181818155 -0.18720609314600434
v -0.2129819999999999 -0.1925547694984235 -0.1730889090909091
v -0.22462949071791283 -0.18409618181818155 0.21084442424242433
v -0.2129819999999999 -0.19034422076572327 0.21084442424242433
v -0.2129819999999999 -0.18409618181818155 0.22162728305597598
v -0.20938889767213048 -0.18409618181818155 -0.19054042424242426
v -0.19269799999999987 -0.18409618181818155 -0.2041913453540815
v -0.19269799999999987 -0.19244363355411157 -0.19054042424242426
v -0.2048773607043123 -0.18409618181818155 0.22829593939393938
v -0.19269799999999987 -0.1893390948595583 0.22829593939393938
v -0.19269799999999987 -0.18409618181818155 0.23771208313073205
v -0.18754640138953543 -0.18409618181818155 -0.20799193939393942
v -0.17241399999999987 -0.18409618181818155 -0.2184184524671632
v -0.17241399999999987 -0.19008578773569412 -0.20799193939393942
v -0.1809863183238088 -0.18409618181818155 0.24574745454545466
v -0.17241399999999987 -0.18676744529903117 0.24574745454545466
v -0.17241399999999987 -0.18409618181818155 0.2514739851570084
v -0.16035510061843847 -0.18409618181818155 -0.22544345454545459
v -0.15212999999999996 -0.18409618181818155 -0.22993422607225736
v -0.15212999999999996 -0.18627164878188734 -0.22544345454545459
v -0.15212999999999996 -0.18409618181818155 0.2627696768412508
v -0.13184599999999994 -0.18409618181818155 -0.23929512259942404
v -0.15124771637857953 -0.18409618181818155 0.2631989696969697
v -0.13184599999999994 -0.19982410853551702 0.2631989696969697
v -0.13184599999999994 -0.18409618181818155 0.2720606441091254
v -0.1222882245557934 -0.18409618181818155 -0.24289496969696966
v -0.11156199999999993 -0.18409618181818155 -0.24674113632339928
v -0.11156199999999993 -0.1866812416239893 -0.24289496969696966
v -0.11156199999999993 -0.18409618181818155 0.27854149160502123
v -0.09127799999999991 -0.18409618181818155 -0.2523941934573121
v -0.10395615369882719 -0.18409618181818155 0.2806504848484848
v -0.09127799999999991 -0.18792240007205183 0.2806504848484848
v -0.09127799999999991 -0.18409618181818155 0.28403063132517364
v -0.07099399999999989 -0.18409618181818155 -0.25584396912900675
v -0.07099399999999989 -0.18409618181818155 0.2870601245129412
v -0.05070999999999987 -0.18409618181818155 -0.2571572558463863
v -0.05070999999999987 -0.18409618181818155 0.2875478487750273
v -0.03042599999999997 -0.20161628196158302 -0.2603464848484848
v -0.03042599999999997 -0.18409618181818155 -0.25592511739198814
v -0.03042599999999997 -0.18409618181818155 0.2857222722774129
v -0.010141999999999953 -0.2085038158952962 -0.2603464848484848
v -0.010141999999999953 -0.18409618181818155 -0.2526939635754579
v -0.010141999999999953 -0.18409618181818155 0.2847282069984039
v 0.010142000000000064 -0.20806100137539568 -0.2603464848484848
v 0.010142000000000064 -0.18409618181818155 -0.2526372794319921
v 0.010142000000000064 -0.18409618181818155 0.2848340047449809
v 0.030426000000000192 -0.2014953326471544 -0.2603464848484848
v 0.030426000000000192 -0.18409618181818155 -0.2558598377055516
v 0.030426000000000192 -0.18409618181818155 0.2858032750657135
v 0.050710000000000095 -0.18409618181818155 -0.25709698771526485
v 0.050710000000000095 -0.18409618181818155 0.2875651484801777
v 0.070994 -0.18409618181818155 -0.25595669121340314
v 0.070994 -0.18409618181818155 0.28698783282952417
v 0.09127800000000014 -0.18409618181818155 -0.25255107710589897
v 0.09127800000000014 -0.18758806713620327 0.2806504848484848
v 0.09127800000000014 -0.18409618181818155 0.28377718370098526
v 0.11156200000000004 -0.18409618181818155 -0.2466711114323064
v 0.11156200000000004 -0.18663550034164833 -0.24289496969696966
v 0.10302483199404457 -0.18409618181818155 0.2806504848484848
v 0.11156200000000004 -0.18409618181818155 0.27828678289318093
v 0.1216978052997 -0.18409618181818155 -0.24289496969696966
v 0.13184600000000016 -0.18409618181818155 -0.23894174223428805
v 0.13184600000000016 -0.1985390988074861 0.2631989696969697
v 0.13184600000000016 -0.18409618181818155 0.27139532373829534
v 0.15213000000000007 -0.18409618181818155 -0.22952735210068453
v 0.15213000000000007 -0.18606290349788587 -0.22544345454545459
v 0.14983928586857245 -0.18409618181818155 0.2631989696969697
v 0.15213000000000007 -0.18409618181818155 0.2620905722241609
v 0.15957499298311117 -0.18409618181818155 -0.22544345454545459
v 0.17241399999999998 -0.18409618181818155 -0.21797760401871735
v 0.17241399999999998 -0.18977582054121836 -0.20799193939393942
v 0.17241399999999998 -0.1863416700806771 0.24574745454545466
v 0.17241399999999998 -0.18409618181818155 0.25057612809834534
v 0.18713093357176466 -0.18409618181818155 -0.20799193939393942
v 0.19269800000000012 -0.18409618181818155 -0.20393441885405192
v 0.19269800000000012 -0.19211785065857612 -0.19054042424242426
v 0.19269800000000012 -0.1886092227066684 0.22829593939393938
v 0.1795429511303979 -0.18409618181818155 0.24574745454545466
v 0.19269800000000012 -0.18409618181818155 0.23652110278782024
v 0.2091520850389308 -0.18409618181818155 -0.19054042424242426
v 0.212982 -0.18409618181818155 -0.18706557011526756
v 0.212982 -0.1924943194631589 -0.1730889090909091
v 0.212982 -0.18919581157415996 0.21084442424242433
v 0.20329274827244023 -0.18409618181818155 0.22829593939393938
v 0.212982 -0.18409618181818155 0.22006323933738872
v 0.22688214428748735 -0.18409618181818155 -0.1730889090909091
v 0.23326600000000014 -0.18409618181818155 -0.16548514369818385
v 0.23326600000000014 -0.18761996764897354 -0.1556373939393939
v 0.23326600000000014 -0.18632845046051355 0.19339290909090906
v 0.22270214397436394 -0.18409618181818155 0.21084442424242433
v 0.23326600000000014 -0.18409618181818155 0.19947608165352773
v 0.24126792200690472 -0.18409618181818155 -0.1556373939393939
v 0.2535136387833864 -0.18409618181818155 -0.13818587878787875
v 0.25355000000000005 -0.18409618181818155 -0.1381326982770446
v 0.25355000000000005 -0.19160382781215982 -0.12073436363636367
v 0.25355000000000005 -0.1931996600576258 0.15848987878787874
v 0.25216431609667306 -0.18409618181818155 0.17594139393939398
v 0.25355000000000005 -0.18409618181818155 0.17395883369999943
v 0.23874344119119642 -0.18409618181818155 0.19339290909090906
v 0.2652044744425731 -0.18409618181818155 -0.12073436363636367
v 0.2738340000000002 -0.18409618181818155 -0.10333111984672808
v 0.2738340000000002 -0.18410899868254335 -0.1032828484848485
v 0.2738340000000002 -0.19209955764786307 -0.08583133333333334
v 0.2738340000000002 -0.18935958662125382 0.12358684848484858
v 0.27248235086321076 -0.18409618181818155 0.14103836363636366
v 0.2738340000000002 -0.18409618181818155 0.13805499238215194
v 0.26404703062317747 -0.18409618181818155 0.15848987878787874
v 0.2738578352138973 -0.18409618181818155 -0.1032828484848485
v 0.2815492892581976 -0.18409618181818155 -0.08583133333333334
v 0.28658941487094197 -0.18409618181818155 -0.06837981818181818
v 0.28966668895282094 -0.18409618181818155 -0.050928303030303004
v 0.2910249085752855 -0.18409618181818155 -0.033476787878787835
v 0.2906599519009591 -0.18409618181818155 -0.016025272727272766
v 0.2865821460209308 -0.18409618181818155 0.0014262424242424028
v 0.28431904957228726 -0.18409618181818155 0.01887775757575757
v 0.29131172979761344 -0.18409618181818155 0.036329272727272835
v 0.2925908933462923 -0.18409618181818155 0.05378078787878791
v 0.29206478283456355 -0.18409618181818155 0.07123230303030298
v 0.28995957883493767 -0.18409618181818155 0.08868381818181824
v 0.2861293659580666 -0.18409618181818155 0.10613533333333332
v 0.28029685699113494 -0.18409618181818155 0.12358684848484858
v -0.2946476122867165 -0.12977345454545453 0.05378078787878791
v -0.2941179999999999 -0.12977345454545453 0.04344543065222363
v -0.2941179999999999 -0.12977345454545453 0.07029633920632668
v -0.27986794254930625 -0.12977345454545453 -0.08583133333333334
v -0.27383399999999997 -0.12977345454545453 -0.10283479315532815
v -0.284441673025307 -0.12977345454545453 -0.06837981818181818
v -0.2874206034584455 -0.12977345454545453 -0.050928303030303004
v -0.289134973314916 -0.12977345454545453 -0.033476787878787835
v -0.2898427167021273 -0.12977345454545453 -0.016025272727272766
v -0.2871405890547716 -0.12977345454545453 0.0014262424242424028
v -0.2874369832474997 -0.12977345454545453 0.01887775757575757
v -0.2939449970140887 -0.12977345454545453 0.036329272727272835
v -0.2940716556359347 -0.12977345454545453 0.07123230303030298
v -0.2921602388307009 -0.12977345454545453 0.08868381818181824
v -0.2887295794547294 -0.12977345454545453 0.10613533333333332
v -0.2835661125346423 -0.12977345454545453 0.12358684848484858
v -0.27667517423407206 -0.12977345454545453 0.14103836363636366
v -0.27383399999999997 -0.12977345454545453 0.1470689138197903
v -0.2556554375547217 -0.12977345454545453 -0.13818587878787875
v -0.25354999999999994 -0.12977345454545453 -0.14149455733111432
v -0.25354999999999994 -0.1735923895682953 -0.13818587878787875
v -0.2655899137004285 -0.12977345454545453 -0.12073436363636367
v -0.2736404812026449 -0.12977345454545453 -0.1032828484848485
v -0.26780724120218996 -0.12977345454545453 0.15848987878787874
v -0.25687062692904056 -0.12977345454545453 0.17594139393939398
v -0.25354999999999994 -0.12977345454545453 0.18060569907163307
v -0.24357637229536439 -0.12977345454545453 -0.1556373939393939
v -0.23326599999999992 -0.12977345454545453 -0.16810809701243945
v -0.24342525680725852 -0.12977345454545453 0.19339290909090906
v -0.23326599999999992 -0.12977345454545453 0.20466269318838798
v -0.2287220807137478 -0.12977345454545453 -0.1730889090909091
v -0.2129819999999999 -0.12977345454545453 -0.18865893679115336
v -0.22703829908638806 -0.12977345454545453 0.21084442424242433
v -0.2129819999999999 -0.12977345454545453 0.22362830035029832
v -0.21081855446363182 -0.12977345454545453 -0.19054042424242426
v -0.19269799999999987 -0.12977345454545453 -0.20493825241592603
v -0.20732511676136461 -0.12977345454545453 0.22829593939393938
v -0.19269799999999987 -0.12977345454545453 0.23915364838617426
v -0.18831194078929947 -0.12977345454545453 -0.20799193939393942
v -0.17241399999999987 -0.12977345454545453 -0.217734641553213
v -0.18232757536239738 -0.12977345454545453 0.24574745454545466
v -0.17241399999999987 -0.12977345454545453 0.25153318150244824
v -0.15738151161546815 -0.12977345454545453 -0.22544345454545459
v -0.15212999999999996 -0.12977345454545453 -0.2278997922380847
v -0.15212999999999996 -0.12977345454545453 0.2612938132078184
v -0.13184599999999994 -0.12977345454545453 -0.23644598746328868
v -0.14717127379989742 -0.12977345454545453 0.2631989696969697
v -0.13184599999999994 -0.12977345454545453 0.26851524612456734
v -0.11156199999999993 -0.13473311398781873 -0.24289496969696966
v -0.11156199999999993 -0.12977345454545453 -0.2422607668106656
v -0.11156199999999993 -0.12977345454545453 0.2737510223355892
v -0.10862045343837923 -0.12977345454545453 -0.24289496969696966
v -0.09127799999999991 -0.12977345454545453 -0.24598427284017882
v -0.09127799999999991 -0.12977345454545453 0.2765402380813095
v -0.09127799999999991 -0.15373845335538433 0.2806504848484848
v -0.07099399999999989 -0.12977345454545453 -0.24757091718342794
v -0.07099399999999989 -0.12977345454545453 0.27713743814076097
v -0.07099399999999989 -0.14470569791196444 0.2806504848484848
v -0.05070999999999987 -0.12977345454545453 -0.24714548872451214
v -0.05070999999999987 -0.12977345454545453 0.2757220249200556
v -0.05070999999999987 -0.1494972676365769 0.2806504848484848
v -0.03042599999999997 -0.12977345454545453 -0.245403108543853
v -0.03042599999999997 -0.12977345454545453 0.27333407161275297
v -0.03042599999999997 -0.16185863518044494 0.2806504848484848
v -0.010141999999999953 -0.12977345454545453 -0.24383091921056066
v -0.010141999999999953 -0.12977345454545453 0.27208608660708294
v -0.010141999999999953 -0.17211768739287744 0.2806504848484848
v 0.010142000000000064 -0.12977345454545453 -0.24361625183222993
v 0.010142000000000064 -0.12977345454545453 0.27212524807373006
v 0.010142000000000064 -0.17177111596395755 0.2806504848484848
v 0.030426000000000192 -0.12977345454545453 -0.245214232223645
v 0.030426000000000192 -0.12977345454545453 0.27341277540921827
v 0.030426000000000192 -0.16138884644682022 0.2806504848484848
v 0.050710000000000095 -0.12977345454545453 -0.24693588946629508
v 0.050710000000000095 -0.12977345454545453 0.27575747200009004
v 0.050710000000000095 -0.14927267081404302 0.2806504848484848
v 0.070994 -0.12977345454545453 -0.24734070056915514
v 0.070994 -0.12977345454545453 0.2770528768075139
v 0.070994 -0.14503540417942593 0.2806504848484848
v 0.09127800000000014 -0.12977345454545453 -0.24588461381892365
v 0.09127800000000014 -0.12977345454545453 0.27633487668034806
v 0.09127800000000014 -0.15558396122551993 0.2806504848484848
v 0.10850984513159338 -0.12977345454545453 -0.24289496969696966
v 0.11156200000000004 -0.13490770749238445 -0.24289496969696966
v 0.11156200000000004 -0.12977345454545453 -0.2422561305416131
v 0.11156200000000004 -0.12977345454545453 0.27326061583452005
v 0.13184600000000016 -0.12977345454545453 -0.2365455600755708
v 0.13184600000000016 -0.12977345454545453 0.26779527807286274
v 0.15213000000000007 -0.12977345454545453 -0.22848057436589603
v 0.1447471220412935 -0.12977345454545453 0.2631989696969697
v 0.15213000000000007 -0.12977345454545453 0.2602879232929921
v 0.1585367805888019 -0.12977345454545453 -0.22544345454545459
v 0.17241399999999998 -0.12977345454545453 -0.21825842494538852
v 0.17241399999999998 -0.12977345454545453 0.25007904409427106
v 0.18895318225165186 -0.12977345454545453 -0.20799193939393942
v 0.19269800000000012 -0.12977345454545453 -0.20540437376903983
v 0.1796901037825354 -0.12977345454545453 0.24574745454545466
v 0.19269800000000012 -0.12977345454545453 0.2372643142752467
v 0.21178501448885656 -0.12977345454545453 -0.19054042424242426
v 0.212982 -0.12977345454545453 -0.18950192537190003
v 0.2046196272555332 -0.12977345454545453 0.22829593939393938
v 0.212982 -0.12977345454545453 0.22138463747702317
v 0.229688243551963 -0.12977345454545453 -0.1730889090909091
v 0.23326600000000014 -0.12977345454545453 -0.16922144925518492
v 0.22415339646074775 -0.12977345454545453 0.21084442424242433
v 0.23326600000000014 -0.12977345454545453 0.20144386754186694
v 0.24466206529090462 -0.12977345454545453 -0.1556373939393939
v 0.25355000000000005 -0.12977345454545453 -0.14335103742341712
v 0.25355000000000005 -0.18299350209369436 -0.13818587878787875
v 0.25343826854199675 -0.12977345454545453 0.17594139393939398
v 0.25355000000000005 -0.12977345454545453 0.17578158477441932
v 0.24033365329271114 -0.12977345454545453 0.19339290909090906
v 0.25688752012668425 -0.12977345454545453 -0.13818587878787875
v 0.26689893803318143 -0.12977345454545453 -0.12073436363636367
v 0.2738340000000002 -0.12977345454545453 -0.1062564392080842
v 0.27313518516203256 -0.12977345454545453 0.14103836363636366
v 0.2738340000000002 -0.12977345454545453 0.1395566664442599
v 0.2643570657300938 -0.12977345454545453 0.15848987878787874
v 0.2750816871878138 -0.12977345454545453 -0.1032828484848485
v 0.28142342323004216 -0.12977345454545453 -0.08583133333333334
v 0.2861601090695033 -0.12977345454545453 -0.06837981818181818
v 0.2891337112594628 -0.12977345454545453 -0.050928303030303004
v 0.29074336117258104 -0.12977345454545453 -0.033476787878787835
v 0.2912022936432917 -0.12977345454545453 -0.016025272727272766
v 0.2882478707113741 -0.12977345454545453 0.0014262424242424028
v 0.28618612799821863 -0.12977345454545453 0.01887775757575757
v 0.2922737955726368 -0.12977345454545453 0.036329272727272835
v 0.29246829214162423 -0.12977345454545453 0.05378078787878791
v 0.2915006698744809 -0.12977345454545453 0.07123230303030298
v 0.28927343665682304 -0.12977345454545453 0.08868381818181824
v 0.28558823072570716 -0.12977345454545453 0.10613533333333332
v 0.2802444040635391 -0.12977345454545453 0.12358684848484858
v -0.2978179481922451 -0.07545072727272717 0.01887775757575757
v -0.2941179999999999 -0.07545072727272717 0.007770429270259909
v -0.2941179999999999 -0.09181035584250521 0.01887775757575757
v -0.2955905511745177 -0.07545072727272717 0.036329272727272835
v -0.2941179999999999 -0.12382958711013761 0.036329272727272835
v -0.2946129664814268 -0.07545072727272717 0.05378078787878791
v -0.2941179999999999 -0.07545072727272717 0.060414040338253545
v -0.2754682818444078 -0.07545072727272717 -0.08583133333333334
v -0.27383399999999997 -0.07545072727272717 -0.0905206586125082
v -0.2809261505596918 -0.07545072727272717 -0.06837981818181818
v -0.2851874657104667 -0.07545072727272717 -0.050928303030303004
v -0.28835535301453746 -0.07545072727272717 -0.033476787878787835
v -0.2905527597310561 -0.07545072727272717 -0.016025272727272766
v -0.29144309349610587 -0.07545072727272717 0.0014262424242424028
v -0.2927243762802678 -0.07545072727272717 0.07123230303030298
v -0.28961476675451464 -0.07545072727272717 0.08868381818181824
v -0.2852641775875701 -0.07545072727272717 0.10613533333333332
v -0.2791675081352516 -0.07545072727272717 0.12358684848484858
v -0.27383399999999997 -0.07545072727272717 0.13614881025465078
v -0.27383399999999997 -0.09777876612313963 0.14103836363636366
v -0.25354999999999994 -0.11154866026182578 -0.13818587878787875
v -0.2589979522624522 -0.07545072727272717 -0.12073436363636367
v -0.25354999999999994 -0.07545072727272717 -0.13009073208524885
v -0.26798384020793814 -0.07545072727272717 -0.1032828484848485
v -0.27122480902652424 -0.07545072727272717 0.14103836363636366
v -0.2612776156367453 -0.07545072727272717 0.15848987878787874
v -0.25354999999999994 -0.07545072727272717 0.170236486732145
v -0.25354999999999994 -0.10214387517038513 0.17594139393939398
v -0.23413193064051857 -0.07545072727272717 -0.1556373939393939
v -0.23326599999999992 -0.07545072727272717 -0.15668524401348283
v -0.24793621890456616 -0.07545072727272717 -0.13818587878787875
v -0.2491399859916336 -0.07545072727272717 0.17594139393939398
v -0.23432711671243314 -0.07545072727272717 0.19339290909090906
v -0.23326599999999992 -0.07545072727272717 0.19454193922363466
v -0.21774874175580738 -0.07545072727272717 -0.1730889090909091
v -0.2129819999999999 -0.07545072727272717 -0.17761325365645356
v -0.21610328797339878 -0.07545072727272717 0.21084442424242433
v -0.2129819999999999 -0.07545072727272717 0.21350005593311142
v -0.19713069856207105 -0.07545072727272717 -0.19054042424242426
v -0.19269799999999987 -0.07545072727272717 -0.193806521951242
v -0.19278744201283637 -0.07545072727272717 0.22829593939393938
v -0.19269799999999987 -0.07545072727272717 0.22835634710125574
v -0.17241399999999987 -0.07946652408757904 -0.20799193939393942
v -0.17241399999999987 -0.07545072727272717 -0.2069391563783328
v -0.17241399999999987 -0.07545072727272717 0.24031501430379884
v -0.17241399999999987 -0.09809648404419784 0.24574745454545466
v -0.15212999999999996 -0.11481174844611777 -0.22544345454545459
v -0.1705398723182717 -0.07545072727272717 -0.20799193939393942
v -0.15212999999999996 -0.07545072727272717 -0.21704653169737145
v -0.1616312522156198 -0.07545072727272717 0.24574745454545466
v -0.15212999999999996 -0.07545072727272717 0.2499933906733146
v -0.13184599999999994 -0.07814704921507676 -0.22544345454545459
v -0.13184599999999994 -0.07545072727272717 -0.22469236141356366
v -0.13184599999999994 -0.07545072727272717 0.256848868528303
v -0.13184599999999994 -0.10188524251652542 0.2631989696969697
v -0.12947142863488315 -0.07545072727272717 -0.22544345454545459
v -0.11156199999999993 -0.07545072727272717 -0.23012755657926942
v -0.11156199999999993 -0.07545072727272717 0.26134223940052614
v -0.11156199999999993 -0.08222943304680452 0.2631989696969697
v -0.09127799999999991 -0.1144933367691401 -0.24289496969696966
v -0.09127799999999991 -0.07545072727272717 -0.23347779331955384
v -0.09577241110055006 -0.07545072727272717 0.2631989696969697
v -0.09127799999999991 -0.07545072727272717 0.26362561362880843
v -0.07099399999999989 -0.10801574801375788 -0.24289496969696966
v -0.07099399999999989 -0.07545072727272717 -0.23504197232777974
v -0.07099399999999989 -0.07545072727272717 0.2640087597727111
v -0.05070999999999987 -0.11052225387894885 -0.24289496969696966
v -0.05070999999999987 -0.07545072727272717 -0.23492862317151625
v -0.05922323541926538 -0.07545072727272717 0.2631989696969697
v -0.05070999999999987 -0.07545072727272717 0.2628670801345552
v -0.05070999999999987 -0.0767130322648064 0.2631989696969697
v -0.03042599999999997 -0.11883382899948625 -0.24289496969696966
v -0.03042599999999997 -0.07545072727272717 -0.23407743394477973
v -0.03042599999999997 -0.07545072727272717 0.26103316485509576
v -0.03042599999999997 -0.08418005285549658 0.2631989696969697
v -0.010141999999999953 -0.1272109727428325 -0.24289496969696966
v -0.010141999999999953 -0.07545072727272717 -0.234215783334485
v -0.010141999999999953 -0.07545072727272717 0.2570175121761559
v -0.010141999999999953 -0.09495211504842888 0.2631989696969697
v 0.010142000000000064 -0.12780682224160564 -0.24289496969696966
v 0.010142000000000064 -0.07545072727272717 -0.2341504858849042
v 0.010142000000000064 -0.07545072727272717 0.2570833519248217
v 0.010142000000000064 -0.09471597383573688 0.2631989696969697
v 0.030426000000000192 -0.11966190701337123 -0.24289496969696966
v 0.030426000000000192 -0.07545072727272717 -0.23392023137403323
v 0.030426000000000192 -0.07545072727272717 0.26115909769414997
v 0.030426000000000192 -0.08368605147970654 0.2631989696969697
v 0.050710000000000095 -0.11139441645850545 -0.24289496969696966
v 0.050710000000000095 -0.07545072727272717 -0.23475328114126473
v 0.050710000000000095 -0.07545072727272717 0.26296172909844645
v 0.050710000000000095 -0.07636107104057717 0.2631989696969697
v 0.070994 -0.10889158623178857 -0.24289496969696966
v 0.070994 -0.07545072727272717 -0.2349224647095015
v 0.05798136791422477 -0.07545072727272717 0.2631989696969697
v 0.070994 -0.07545072727272717 0.26394548035186316
v 0.09127800000000014 -0.11475325202172638 -0.24289496969696966
v 0.09127800000000014 -0.07545072727272717 -0.23366121221451303
v 0.09127800000000014 -0.07545072727272717 0.26329639814188033
v 0.11156200000000004 -0.07545072727272717 -0.23047854998689665
v 0.09221462326359088 -0.07545072727272717 0.2631989696969697
v 0.11156200000000004 -0.07545072727272717 0.26070851114837845
v 0.11156200000000004 -0.0845528853053956 0.2631989696969697
v 0.13107648842514247 -0.07545072727272717 -0.22544345454545459
v 0.13184600000000016 -0.07634449958239892 -0.22544345454545459
v 0.13184600000000016 -0.07545072727272717 -0.22520306736487664
v 0.13184600000000016 -0.07545072727272717 0.2559085466345401
v 0.13184600000000016 -0.1058114754565869 0.2631989696969697
v 0.15213000000000007 -0.11115197181673099 -0.22544345454545459
v 0.15213000000000007 -0.07545072727272717 -0.21795645071684705
v 0.15213000000000007 -0.07545072727272717 0.24874248535498314
v 0.17241399999999998 -0.07545072727272717 -0.2080076339193845
v 0.15891495981060869 -0.07545072727272717 0.24574745454545466
v 0.17241399999999998 -0.07545072727272717 0.23904506893289101
v 0.17241399999999998 -0.10486584295052166 0.24574745454545466
v 0.17244166518691142 -0.07545072727272717 -0.20799193939393942
v 0.19269800000000012 -0.07545072727272717 -0.19507686451215503
v 0.19011832083599567 -0.07545072727272717 0.22829593939393938
v 0.19269800000000012 -0.07545072727272717 0.22654371709416862
v 0.19269800000000012 -0.08237212805807828 0.22829593939393938
v 0.19891624374794017 -0.07545072727272717 -0.19054042424242426
v 0.212982 -0.07545072727272717 -0.17923152832037614
v 0.212982 -0.07545072727272717 0.21097241115732718
v 0.2198706776542115 -0.07545072727272717 -0.1730889090909091
v 0.23326600000000014 -0.07545072727272717 -0.15909636099932384
v 0.2309887281369039 -0.07545072727272717 0.19339290909090906
v 0.23326600000000014 -0.07545072727272717 0.1909827726027617
v 0.23326600000000014 -0.08539887459291896 0.19339290909090906
v 0.21312715294433662 -0.07545072727272717 0.21084442424242433
v 0.23613740152570378 -0.07545072727272717 -0.1556373939393939
v 0.250678476957489 -0.07545072727272717 -0.13818587878787875
v 0.25355000000000005 -0.09601566514271703 -0.13818587878787875
v 0.25355000000000005 -0.07545072727272717 -0.13411858423592382
v 0.24562892249511997 -0.07545072727272717 0.17594139393939398
v 0.25355000000000005 -0.07545072727272717 0.16516636626010553
v 0.2614036214753846 -0.07545072727272717 -0.12073436363636367
v 0.2707917019876122 -0.07545072727272717 -0.1032828484848485
v 0.2738340000000002 -0.11065477577811586 -0.1032828484848485
v 0.2738340000000002 -0.07545072727272717 -0.09695209380331084
v 0.2675971992791915 -0.07545072727272717 0.14103836363636366
v 0.2738340000000002 -0.07545072727272717 0.12846090580635622
v 0.25775215686783204 -0.07545072727272717 0.15848987878787874
v 0.2778366134802543 -0.07545072727272717 -0.08583133333333334
v 0.283270466953808 -0.07545072727272717 -0.06837981818181818
v 0.287358678147497 -0.07545072727272717 -0.050928303030303004
v 0.2902105860798582 -0.07545072727272717 -0.033476787878787835
v 0.2921544471126422 -0.07545072727272717 -0.016025272727272766
v 0.29332295474024156 -0.07545072727272717 0.0014262424242424028
v 0.2941180000000001 -0.07545072727272717 0.006590207672427325
v 0.2941180000000001 -0.08149691924475272 0.01887775757575757
v 0.293785636959735 -0.07545072727272717 0.036329272727272835
v 0.2941180000000001 -0.07545072727272717 0.03489061090392132
v 0.29235202261078286 -0.07545072727272717 0.05378078787878791
v 0.29004573087331204 -0.07545072727272717 0.07123230303030298
v 0.2866176649209831 -0.07545072727272717 0.08868381818181824
v 0.2820201057751871 -0.07545072727272717 0.10613533333333332
v 0.2757722217376268 -0.07545072727272717 0.12358684848484858
v 0.2956515497284168 -0.07545072727272717 0.01887775757575757
v -0.2976935972529842 -0.02112799999999987 0.0014262424242424028
v -0.2941179999999999 -0.02112799999999987 -0.01310768406315265
v -0.2941179999999999 -0.05490864957650583 0.0014262424242424028
v -0.3030429501810484 -0.02112799999999987 0.01887775757575757
v -0.2970152125420791 -0.02112799999999987 0.036329272727272835
v -0.29482306524971297 -0.02112799999999987 0.05378078787878791
v -0.2941179999999999 -0.02112799999999987 0.05960549433297607
v -0.27383399999999997 -0.05650439247010937 -0.08583133333333334
v -0.27768776570195025 -0.02112799999999987 -0.06837981818181818
v -0.27383399999999997 -0.02112799999999987 -0.07888004916866864
v -0.28342515447481215 -0.02112799999999987 -0.050928303030303004
v -0.28806751451544665 -0.02112799999999987 -0.033476787878787835
v -0.29184076466692743 -0.02112799999999987 -0.016025272727272766
v -0.29148820155516497 -0.02112799999999987 0.07123230303030298
v -0.28687850532556586 -0.02112799999999987 0.08868381818181824
v -0.2809900485405983 -0.02112799999999987 0.10613533333333332
v -0.27383399999999997 -0.02112799999999987 0.12286115462712376
v -0.27383399999999997 -0.024433731406261865 0.12358684848484858
v -0.25354999999999994 -0.0396502461701404 -0.12073436363636367
v -0.26071655936619703 -0.02112799999999987 -0.1032828484848485
v -0.25354999999999994 -0.02112799999999987 -0.115840824926319
v -0.26995263883609044 -0.02112799999999987 -0.08583133333333334
v -0.273394965994445 -0.02112799999999987 0.12358684848484858
v -0.26357673147617156 -0.02112799999999987 0.14103836363636366
v -0.25354999999999994 -0.02112799999999987 0.15658316014600285
v -0.25354999999999994 -0.028428145805198597 0.15848987878787874
v -0.23326599999999992 -0.0709809340682958 -0.1556373939393939
v -0.23698437707062261 -0.02112799999999987 -0.13818587878787875
v -0.23326599999999992 -0.02112799999999987 -0.14284114397731543
v -0.24998202317285834 -0.02112799999999987 -0.12073436363636367
v -0.25202155539596427 -0.02112799999999987 0.15848987878787874
v -0.23772275025664874 -0.02112799999999987 0.17594139393939398
v -0.23326599999999992 -0.02112799999999987 0.18100109257953995
v -0.23326599999999992 -0.07018759011571389 0.19339290909090906
v -0.2129819999999999 -0.056438766693600456 -0.1730889090909091
v -0.22116468854784788 -0.02112799999999987 -0.1556373939393939
v -0.2129819999999999 -0.02112799999999987 -0.16362691677951602
v -0.22039521214350302 -0.02112799999999987 0.19339290909090906
v -0.2129819999999999 -0.02112799999999987 0.19995168162490926
v -0.2129819999999999 -0.0632587464144305 0.21084442424242433
v -0.19269799999999987 -0.06140141381835811 -0.19054042424242426
v -0.20175294134666294 -0.02112799999999987 -0.1730889090909091
v -0.19269799999999987 -0.02112799999999987 -0.17998865785481188
v -0.19815385902370158 -0.02112799999999987 0.21084442424242433
v -0.19269799999999987 -0.02112799999999987 0.214510534069549
v -0.19269799999999987 -0.07517178735750171 0.22829593939393938
v -0.1765586222790093 -0.02112799999999987 -0.19054042424242426
v -0.17241399999999987 -0.02112799999999987 -0.19299443351975556
v -0.17241399999999987 -0.02112799999999987 0.22618015331542934
v -0.17241399999999987 -0.028373056521625424 0.22829593939393938
v -0.15212999999999996 -0.03803943616897961 -0.20799193939393942
v -0.15212999999999996 -0.02112799999999987 -0.2032620278608999
v -0.16815607350275624 -0.02112799999999987 0.22829593939393938
v -0.15212999999999996 -0.02112799999999987 0.23533958892659176
v -0.15212999999999996 -0.058200157095352666 0.24574745454545466
v -0.14075677508182652 -0.02112799999999987 -0.20799193939393942
v -0.13184599999999994 -0.02112799999999987 -0.21112895605078355
v -0.13184599999999994 -0.02112799999999987 0.2418118458436542
v -0.13184599999999994 -0.03424857736024589 0.24574745454545466
v -0.11156199999999993 -0.0549829734252118 -0.22544345454545459
v -0.11156199999999993 -0.02112799999999987 -0.21674301333975635
v -0.11531487310112803 -0.02112799999999987 0.24574745454545466
v -0.11156199999999993 -0.02112799999999987 0.24649937794507137
v -0.09127799999999991 -0.04066680355025693 -0.22544345454545459
v -0.09127799999999991 -0.02112799999999987 -0.22044169669303335
v -0.09127799999999991 -0.02112799999999987 0.24936180058825175
v -0.09127799999999991 -0.07371339110715122 0.2631989696969697
v -0.07099399999999989 -0.03332522101025334 -0.22544345454545459
v -0.07099399999999989 -0.02112799999999987 -0.22240976204256693
v -0.07099399999999989 -0.02112799999999987 0.2505827642638039
v -0.07099399999999989 -0.0721432037613169 0.2631989696969697
v -0.05070999999999987 -0.03145368422386675 -0.22544345454545459
v -0.05070999999999987 -0.02112799999999987 -0.22303116927056482
v -0.05070999999999987 -0.02112799999999987 0.25065955466977297
v -0.03042599999999997 -0.03350839416358911 -0.22544345454545459
v -0.03042599999999997 -0.02112799999999987 -0.22261844983181492
v -0.03042599999999997 -0.02112799999999987 0.25033797114498474
v -0.010141999999999953 -0.03813445288968727 -0.22544345454545459
v -0.010141999999999953 -0.02112799999999987 -0.21984425280762285
v -0.010141999999999953 -0.02112799999999987 0.2526259942019663
v 0.010142000000000064 -0.038504661406807215 -0.22544345454545459
v 0.010142000000000064 -0.02112799999999987 -0.2197403098699886
v 0.010142000000000064 -0.02112799999999987 0.25268408901233175
v 0.030426000000000192 -0.03438175239618525 -0.22544345454545459
v 0.030426000000000192 -0.02112799999999987 -0.22242056180448777
v 0.030426000000000192 -0.02112799999999987 0.2504611238246607
v 0.050710000000000095 -0.03249339431637012 -0.22544345454545459
v 0.050710000000000095 -0.02112799999999987 -0.22277842079843488
v 0.050710000000000095 -0.02112799999999987 0.2507836051126661
v 0.070994 -0.03401220807998763 -0.22544345454545459
v 0.070994 -0.02112799999999987 -0.22221973616402224
v 0.070994 -0.02112799999999987 0.25063357477339737
v 0.070994 -0.07237321253134184 0.2631989696969697
v 0.09127800000000014 -0.040422527045270405 -0.22544345454545459
v 0.09127800000000014 -0.02112799999999987 -0.22039152326528325
v 0.09127800000000014 -0.02112799999999987 0.24931751825934853
v 0.09127800000000014 -0.07504730749824429 0.2631989696969697
v 0.11156200000000004 -0.05377591577592472 -0.22544345454545459
v 0.11156200000000004 -0.02112799999999987 -0.21687601446492769
v 0.11156200000000004 -0.02112799999999987 0.24629762675508254
v 0.13184600000000016 -0.02112799999999987 -0.21157828319210834
v 0.11420643884017981 -0.02112799999999987 0.24574745454545466
v 0.13184600000000016 -0.02112799999999987 0.2412937435510936
v 0.13184600000000016 -0.03626274498958526 0.24574745454545466
v 0.14276353782992873 -0.02112799999999987 -0.20799193939393942
v 0.15213000000000007 -0.03390869637196054 -0.20799193939393942
v 0.15213000000000007 -0.02112799999999987 -0.20433743741189808
v 0.15213000000000007 -0.02112799999999987 0.23412183330053546
v 0.15213000000000007 -0.0631621096114604 0.24574745454545466
v 0.17241399999999998 -0.07537813434263402 -0.20799193939393942
v 0.17241399999999998 -0.02112799999999987 -0.19459136820340697
v 0.16502712673761602 -0.02112799999999987 0.22829593939393938
v 0.17241399999999998 -0.02112799999999987 0.2245157770940256
v 0.17241399999999998 -0.033909745409671184 0.22829593939393938
v 0.17940207011216475 -0.02112799999999987 -0.19054042424242426
v 0.19269800000000012 -0.05511506533762098 -0.19054042424242426
v 0.19269800000000012 -0.02112799999999987 -0.18206342539631928
v 0.19269800000000012 -0.02112799999999987 0.21207754241215893
v 0.20476769317579932 -0.02112799999999987 -0.1730889090909091
v 0.212982 -0.04801638725844242 -0.1730889090909091
v 0.212982 -0.02112799999999987 -0.16636025613048186
v 0.19445928974015692 -0.02112799999999987 0.21084442424242433
v 0.212982 -0.02112799999999987 0.19656779091243884
v 0.212982 -0.07489983958710078 0.21084442424242433
v 0.2242761170132199 -0.02112799999999987 -0.1556373939393939
v 0.23326600000000014 -0.060303657409999115 -0.1556373939393939
v 0.23326600000000014 -0.02112799999999987 -0.14646250410972952
v 0.21645886700744102 -0.02112799999999987 0.19339290909090906
v 0.23326600000000014 -0.02112799999999987 0.17658845765935924
v 0.24011672128415126 -0.02112799999999987 -0.13818587878787875
v 0.25339269745157333 -0.02112799999999987 -0.12073436363636367
v 0.25355000000000005 -0.021990825906026086 -0.12073436363636367
v 0.25355000000000005 -0.02112799999999987 -0.12053039167097024
v 0.2479565871146377 -0.02112799999999987 0.15848987878787874
v 0.25355000000000005 -0.02112799999999987 0.15111261427915332
v 0.25355000000000005 -0.04902714595999762 0.15848987878787874
v 0.2338218736298672 -0.02112799999999987 0.17594139393939398
v 0.2637992921673168 -0.02112799999999987 -0.1032828484848485
v 0.27313923141236873 -0.02112799999999987 -0.08583133333333334
v 0.2738340000000002 -0.027674681015980043 -0.08583133333333334
v 0.2738340000000002 -0.02112799999999987 -0.08469263143535793
v 0.26945286888476505 -0.02112799999999987 0.12358684848484858
v 0.2738340000000002 -0.02112799999999987 0.11570349009349984
v 0.2738340000000002 -0.0560730347760179 0.12358684848484858
v 0.2597335271441189 -0.02112799999999987 0.14103836363636366
v 0.28031404243879277 -0.02112799999999987 -0.06837981818181818
v 0.2858400124112911 -0.02112799999999987 -0.050928303030303004
v 0.29019962823194756 -0.02112799999999987 -0.033476787878787835
v 0.2937534656223149 -0.02112799999999987 -0.016025272727272766
v 0.2941180000000001 -0.02112799999999987 -0.015659267800228412
v 0.2941180000000001 -0.06982676985524516 0.0014262424242424028
v 0.2941180000000001 -0.06570401786663134 0.036329272727272835
v 0.2925607484417312 -0.02112799999999987 0.05378078787878791
v 0.2941180000000001 -0.02112799999999987 0.04818597747084485
v 0.28877164351850165 -0.02112799999999987 0.07123230303030298
v 0.2838273927428334 -0.02112799999999987 0.08868381818181824
v 0.27765141541183797 -0.02112799999999987 0.10613533333333332
v 0.2989906591281076 -0.02112799999999987 0.0014262424242424028
v 0.3021271046498077 -0.02112799999999987 0.01887775757575757
v 0.29548608362049195 -0.02112799999999987 0.036329272727272835
v -0.3008138579833829 0.03319472727272746 0.0014262424242424028
v -0.2941179999999999 0.03319472727272746 -0.015923402194477465
v -0.3044431958493525 0.03319472727272746 0.01887775757575757
v -0.2984915850227119 0.03319472727272746 0.036329272727272835
v -0.2954599900510796 0.03319472727272746 0.05378078787878791
v -0.2941179999999999 0.03319472727272746 0.06174760792225558
v -0.275679494968793 0.03319472727272746 -0.06837981818181818
v -0.27383399999999997 0.03319472727272746 -0.07310765506369118
v -0.2826526873916315 0.03319472727272746 -0.050928303030303004
v -0.2884049035047269 0.03319472727272746 -0.033476787878787835
v -0.29392371362685216 0.03319472727272746 -0.016025272727272766
v -0.2908943190836415 0.03319472727272746 0.07123230303030298
v -0.2850849727700026 0.03319472727272746 0.08868381818181824
v -0.27775651584557687 0.03319472727272746 0.10613533333333332
v -0.27383399999999997 0.03319472727272746 0.11473359352108874
v -0.2553186560683763 0.03319472727272746 -0.1032828484848485
v -0.25354999999999994 0.03319472727272746 -0.1061889295398562
v -0.2660432853653813 0.03319472727272746 -0.08583133333333334
v -0.26800039292153965 0.03319472727272746 0.12358684848484858
v -0.2563798341443384 0.03319472727272746 0.14103836363636366
v -0.25354999999999994 0.03319472727272746 0.14524308840365063
v -0.23326599999999992 0.0008579257966797871 -0.13818587878787875
v -0.2421049651337929 0.03319472727272746 -0.12073436363636367
v -0.23326599999999992 0.03319472727272746 -0.13161929253058594
v -0.2422595093347388 0.03319472727272746 0.15848987878787874
v -0.23326599999999992 0.03319472727272746 0.16795261693888958
v -0.23326599999999992 -0.001289751276512461 0.17594139393939398
v -0.2129819999999999 0.014260614499809678 -0.1556373939393939
v -0.22662756864268457 0.03319472727272746 -0.13818587878787875
v -0.2129819999999999 0.03319472727272746 -0.15131787376036343
v -0.22403712975557089 0.03319472727272746 0.17594139393939398
v -0.2129819999999999 0.03319472727272746 0.18553536816723973
v -0.2129819999999999 0.0034639864242347156 0.19339290909090906
v -0.19269799999999987 0.009321594078810534 -0.1730889090909091
v -0.20771822660178574 0.03319472727272746 -0.1556373939393939
v -0.19269799999999987 0.03319472727272746 -0.16734649232609705
v -0.20253860423787914 0.03319472727272746 0.19339290909090906
v -0.19269799999999987 0.03319472727272746 0.2002234142893963
v -0.19269799999999987 -0.007194707809923647 0.21084442424242433
v -0.17241399999999987 -0.010284791616030605 -0.19054042424242426
v -0.18418179429241033 0.03319472727272746 -0.1730889090909091
v -0.17241399999999987 0.03319472727272746 -0.18020157154577487
v -0.1741281765180444 0.03319472727272746 0.21084442424242433
v -0.17241399999999987 0.03319472727272746 0.21174259726814382
v -0.15212999999999996 0.031782958157082174 -0.19054042424242426
v -0.15212999999999996 0.03319472727272746 -0.19018122057744274
v -0.15212999999999996 0.03319472727272746 0.22078433748295326
v -0.15212999999999996 0.005885684504998059 0.22829593939393938
v -0.13184599999999994 -0.007477086573045582 -0.20799193939393942
v -0.15133989228093198 0.03319472727272746 -0.19054042424242426
v -0.13184599999999994 0.03319472727272746 -0.1980678465893119
v -0.13184599999999994 0.03319472727272746 0.2278055588237327
v -0.13184599999999994 0.03143058043312784 0.22829593939393938
v -0.11156199999999993 0.016760910701662024 -0.20799193939393942
v -0.11156199999999993 0.03319472727272746 -0.20396747336133017
v -0.13023045716223636 0.03319472727272746 0.22829593939393938
v -0.11156199999999993 0.03319472727272746 0.23282992163091157
v -0.11156199999999993 -0.018061826393201356 0.24574745454545466
v -0.09226278647684617 0.03319472727272746 -0.20799193939393942
v -0.09127799999999991 0.03319472727272746 -0.20814587538567383
v -0.09127799999999991 0.03319472727272746 0.23604430016113637
v -0.09127799999999991 -0.006268125214693788 0.24574745454545466
v -0.07099399999999989 0.03319472727272746 -0.2107239308361595
v -0.07099399999999989 0.03319472727272746 0.23779083531225878
v -0.07099399999999989 -0.0005161221492608926 0.24574745454545466
v -0.05070999999999987 0.03319472727272746 -0.2121052624515432
v -0.05070999999999987 0.03319472727272746 0.23844040421210133
v -0.05070999999999987 0.0005849015965656151 0.24574745454545466
v -0.03042599999999997 0.03319472727272746 -0.21289729152196382
v -0.03042599999999997 0.03319472727272746 0.23838770408399457
v -0.03042599999999997 -0.0010675775017472099 0.24574745454545466
v -0.010141999999999953 0.03319472727272746 -0.21541651739320264
v -0.010141999999999953 0.03319472727272746 0.2373342982912723
v -0.010141999999999953 0.0004931475670163984 0.24574745454545466
v 0.010142000000000064 0.03319472727272746 -0.2153347661361018
v 0.010142000000000064 0.03319472727272746 0.2373757877252338
v 0.010142000000000064 0.0007110907702973235 0.24574745454545466
v 0.030426000000000192 0.03319472727272746 -0.2127230079883344
v 0.030426000000000192 0.03319472727272746 0.2384872783079238
v 0.030426000000000192 -0.0005376702726713235 0.24574745454545466
v 0.050710000000000095 0.03319472727272746 -0.21189279493608476
v 0.050710000000000095 0.03319472727272746 0.23855051021912144
v 0.050710000000000095 0.0010772574999029956 0.24574745454545466
v 0.070994 0.03319472727272746 -0.21057399277233804
v 0.070994 0.03319472727272746 0.23777807033764736
v 0.070994 -0.0002774152030642317 0.24574745454545466
v 0.09127800000000014 0.03319472727272746 -0.20816771918402183
v 0.09127800000000014 0.03319472727272746 0.23592913656071002
v 0.09127800000000014 -0.0064562121695222845 0.24574745454545466
v 0.0924721093636725 0.03319472727272746 -0.20799193939393942
v 0.11156200000000004 0.017726113228996927 -0.20799193939393942
v 0.11156200000000004 0.03319472727272746 -0.20425493695903169
v 0.11156200000000004 0.03319472727272746 0.23248503821558308
v 0.11156200000000004 -0.018908874600131215 0.24574745454545466
v 0.13184600000000016 -0.005690729341879816 -0.20799193939393942
v 0.13184600000000016 0.03319472727272746 -0.19868732278907394
v 0.12826051325273852 0.03319472727272746 0.22829593939393938
v 0.13184600000000016 0.03319472727272746 0.22717145872836558
v 0.13184600000000016 0.02908714140933534 0.22829593939393938
v 0.15213000000000007 0.03319472727272746 -0.19122689929506723
v 0.15213000000000007 0.03319472727272746 0.21980985171542916
v 0.15213000000000007 0.0016749845928730675 0.22829593939393938
v 0.15376157792635722 0.03319472727272746 -0.19054042424242426
v 0.17241399999999998 -0.0035172005913401937 -0.19054042424242426
v 0.17241399999999998 0.03319472727272746 -0.1816949434442333
v 0.17148089591602245 0.03319472727272746 0.21084442424242433
v 0.17241399999999998 0.03319472727272746 0.21035509313082582
v 0.17241399999999998 0.031408741970612254 0.21084442424242433
v 0.18708741030672507 0.03319472727272746 -0.1730889090909091
v 0.19269800000000012 0.018094284141784822 -0.1730889090909091
v 0.19269800000000012 0.03319472727272746 -0.16942801332859111
v 0.19269800000000012 0.03319472727272746 0.19833505351391967
v 0.19269800000000012 -0.01611821343586544 0.21084442424242433
v 0.21066445315877838 0.03319472727272746 -0.1556373939393939
v 0.212982 0.025203107905985782 -0.1556373939393939
v 0.212982 0.03319472727272746 -0.15377413616670482
v 0.1996139667408406 0.03319472727272746 0.19339290909090906
v 0.212982 0.03319472727272746 0.1829842105751006
v 0.212982 -0.008237324886198423 0.19339290909090906
v 0.22980281698100083 0.03319472727272746 -0.13818587878787875
v 0.23326600000000014 0.01729597125689998 -0.13818587878787875
v 0.23326600000000014 0.03319472727272746 -0.13491317708399153
v 0.22060339007469984 0.03319472727272746 0.17594139393939398
v 0.23326600000000014 0.03319472727272746 0.16365298745747742
v 0.23326600000000014 -0.018466693809042083 0.17594139393939398
v 0.2452812184271988 0.03319472727272746 -0.12073436363636367
v 0.25355000000000005 0.03319472727272746 -0.11079893343382682
v 0.2521258898498926 0.03319472727272746 0.14103836363636366
v 0.25355000000000005 0.03319472727272746 0.13936546699080035
v 0.25355000000000005 0.02456298864453043 0.14103836363636366
v 0.23779400356988115 0.03319472727272746 0.15848987878787874
v 0.2583828098795322 0.03319472727272746 -0.1032828484848485
v 0.2693168573629057 0.03319472727272746 -0.08583133333333334
v 0.2738340000000002 0.03319472727272746 -0.07908342362473171
v 0.26386776952337465 0.03319472727272746 0.12358684848484858
v 0.2738340000000002 0.03319472727272746 0.10723347077701684
v 0.27835700428272564 0.03319472727272746 -0.06837981818181818
v 0.28510885426316923 0.03319472727272746 -0.050928303030303004
v 0.29066480062568445 0.03319472727272746 -0.033476787878787835
v 0.2941180000000001 0.03319472727272746 -0.02497522793985199
v 0.2941180000000001 -0.012187070106729583 -0.016025272727272766
v 0.29325328267717554 0.03319472727272746 0.05378078787878791
v 0.2941180000000001 0.03319472727272746 0.05215837643975716
v 0.28805793950446656 0.03319472727272746 0.07123230303030298
v 0.2819171965612955 0.03319472727272746 0.08868381818181824
v 0.27430178596392285 0.03319472727272746 0.10613533333333332
v 0.29550472510814374 0.03319472727272746 -0.016025272727272766
v 0.30162812925973026 0.03319472727272746 0.0014262424242424028
v 0.3038569256380279 0.03319472727272746 0.01887775757575757
v 0.2970998271145509 0.03319472727272746 0.036329272727272835
v -0.2956608766833557 0.08751745454545479 -0.016025272727272766
v -0.2941179999999999 0.08751745454545479 -0.024362390371952723
v -0.2941179999999999 0.037397839011127386 -0.016025272727272766
v -0.3020938257180469 0.08751745454545479 0.0014262424242424028
v -0.30485768501763605 0.08751745454545479 0.01887775757575757
v -0.2997128908717194 0.08751745454545479 0.036329272727272835
v -0.2962152318007824 0.08751745454545479 0.05378078787878791
v -0.2941179999999999 0.08751745454545479 0.06381479395578767
v -0.27477742853492626 0.08751745454545479 -0.06837981818181818
v -0.27383399999999997 0.08751745454545479 -0.07058274592391965
v -0.28267294363362755 0.08751745454545479 -0.050928303030303004
v -0.2894255508523726 0.08751745454545479 -0.033476787878787835
v -0.2908339954617027 0.08751745454545479 0.07123230303030298
v -0.28374311501559424 0.08751745454545479 0.08868381818181824
v -0.2750570658965372 0.08751745454545479 0.10613533333333332
v -0.27383399999999997 0.08751745454545479 0.1086372666125848
v -0.25354999999999994 0.06017644196982612 -0.1032828484848485
v -0.26348609969872405 0.08751745454545479 -0.08583133333333334
v -0.25354999999999994 0.08751745454545479 -0.10092765708544
v -0.2630766665678007 0.08751745454545479 0.12358684848484858
v -0.25354999999999994 0.08751745454545479 0.13649255801848037
v -0.25354999999999994 0.05678648523845334 0.14103836363636366
v -0.23615910233426204 0.08751745454545479 -0.12073436363636367
v -0.23326599999999992 0.08751745454545479 -0.12405270273463212
v -0.25132061451268145 0.08751745454545479 -0.1032828484848485
v -0.2490279472615708 0.08751745454545479 0.14103836363636366
v -0.23326599999999992 0.08751745454545479 0.15731975640251383
v -0.23326599999999992 0.08126670037021241 0.15848987878787874
v -0.21820661141118225 0.08751745454545479 -0.13818587878787875
v -0.2129819999999999 0.08751745454545479 -0.14296433019220517
v -0.23189451742187178 0.08751745454545479 0.15848987878787874
v -0.2129819999999999 0.08751745454545479 0.17469863947825218
v -0.2129819999999999 0.0810164367510475 0.17594139393939398
v -0.19596664376282855 0.08751745454545479 -0.1556373939393939
v -0.19269799999999987 0.08751745454545479 -0.15792253938638529
v -0.21121121188157077 0.08751745454545479 0.17594139393939398
v -0.19269799999999987 0.08751745454545479 0.18828661427927684
v -0.19269799999999987 0.0640293191863468 0.19339290909090906
v -0.17241399999999987 0.07109563867500746 -0.1730889090909091
v -0.17241399999999987 0.08751745454545479 -0.1700047351466125
v -0.1836905414571754 0.08751745454545479 0.19339290909090906
v -0.17241399999999987 0.08751745454545479 0.1993254387267214
v -0.17241399999999987 0.03710277171806893 0.21084442424242433
v -0.1664756801167775 0.08751745454545479 -0.1730889090909091
v -0.15212999999999996 0.08751745454545479 -0.17971270553573343
v -0.15212999999999996 0.08751745454545479 0.208111660970691
v -0.15212999999999996 0.0758607549359047 0.21084442424242433
v -0.13184599999999994 0.07148364636548477 -0.19054042424242426
v -0.13184599999999994 0.08751745454545479 -0.1872519510082329
v -0.14491513893203825 0.08751745454545479 0.21084442424242433
v -0.13184599999999994 0.08751745454545479 0.2150513063140903
v -0.12106825163263013 0.08751745454545479 -0.19054042424242426
v -0.11156199999999993 0.08751745454545479 -0.19286025030353934
v -0.11156199999999993 0.08751745454545479 0.220189404667464
v -0.11156199999999993 0.0527757156946651 0.22829593939393938
v -0.09127799999999991 0.0339532033499564 -0.20799193939393942
v -0.09127799999999991 0.08751745454545479 -0.19706109351366682
v -0.09127799999999991 0.08751745454545479 0.22372210219640792
v -0.09127799999999991 0.06757252466458818 0.22829593939393938
v -0.07099399999999989 0.046691962068451345 -0.20799193939393942
v -0.07099399999999989 0.08751745454545479 -0.1996867929441776
v -0.07099399999999989 0.08751745454545479 0.22587951624962943
v -0.07099399999999989 0.07676864381897813 0.22829593939393938
v -0.05070999999999987 0.053680263184162996 -0.20799193939393942
v -0.05070999999999987 0.08751745454545479 -0.20119178879466837
v -0.05070999999999987 0.08751745454545479 0.22700941895805654
v -0.05070999999999987 0.08165279924551218 0.22829593939393938
v -0.03042599999999997 0.05690728906358571 -0.20799193939393942
v -0.03042599999999997 0.08751745454545479 -0.20172032821258407
v -0.03042599999999997 0.08751745454545479 0.22740283429113098
v -0.03042599999999997 0.08372875668780298 0.22829593939393938
v -0.010141999999999953 0.059250167327686246 -0.20799193939393942
v -0.010141999999999953 0.08751745454545479 -0.20023202664007833
v -0.010141999999999953 0.08751745454545479 0.22658821421937506
v -0.010141999999999953 0.08279078014639607 0.22829593939393938
v 0.010142000000000064 0.05890316290690314 -0.20799193939393942
v 0.010142000000000064 0.08751745454545479 -0.20016052398588852
v 0.010142000000000064 0.08751745454545479 0.22670331076810132
v 0.010142000000000064 0.08311989274293957 0.22829593939393938
v 0.030426000000000192 0.05604029677547413 -0.20799193939393942
v 0.030426000000000192 0.08751745454545479 -0.2015582398498404
v 0.030426000000000192 0.08751745454545479 0.22749566184175174
v 0.030426000000000192 0.08413798595604041 0.22829593939393938
v 0.050710000000000095 0.05268740435857894 -0.20799193939393942
v 0.050710000000000095 0.08751745454545479 -0.20102627127177297
v 0.050710000000000095 0.08751745454545479 0.2270495110241398
v 0.050710000000000095 0.08189548480738465 0.22829593939393938
v 0.070994 0.04596178918607978 -0.20799193939393942
v 0.070994 0.08751745454545479 -0.19948873655172716
v 0.070994 0.08751745454545479 0.2257028776264282
v 0.070994 0.07610293374049737 0.22829593939393938
v 0.09127800000000014 0.03405004219786787 -0.20799193939393942
v 0.09127800000000014 0.08751745454545479 -0.19692251613756478
v 0.09127800000000014 0.08751745454545479 0.22330732162751674
v 0.09127800000000014 0.06632632494313746 0.22829593939393938
v 0.11156200000000004 0.08751745454545479 -0.1929684348102917
v 0.11156200000000004 0.08751745454545479 0.21947220210916885
v 0.11156200000000004 0.050888112632609096 0.22829593939393938
v 0.12146512732111772 0.08751745454545479 -0.19054042424242426
v 0.13184600000000016 0.0725693959314121 -0.19054042424242426
v 0.13184600000000016 0.08751745454545479 -0.18737798101159114
v 0.13184600000000016 0.08751745454545479 0.2140064980268535
v 0.15213000000000007 0.03656298386070954 -0.19054042424242426
v 0.15213000000000007 0.08751745454545479 -0.18009742342027132
v 0.14101260194657983 0.08751745454545479 0.21084442424242433
v 0.15213000000000007 0.08751745454545479 0.20626235723579528
v 0.15213000000000007 0.06946612939837077 0.21084442424242433
v 0.16787271124707567 0.08751745454545479 -0.1730889090909091
v 0.17241399999999998 0.07619502172994437 -0.1730889090909091
v 0.17241399999999998 0.08751745454545479 -0.17082170677121178
v 0.17241399999999998 0.08751745454545479 0.19700685329615203
v 0.19269800000000012 0.08751745454545479 -0.15929776137495325
v 0.17904429475558717 0.08751745454545479 0.19339290909090906
v 0.19269800000000012 0.08751745454545479 0.1856724134416388
v 0.19269800000000012 0.053729324819943844 0.19339290909090906
v 0.19807294420767294 0.08751745454545479 -0.1556373939393939
v 0.212982 0.08751745454545479 -0.14484368054120816
v 0.20732153202318485 0.08751745454545479 0.17594139393939398
v 0.212982 0.08751745454545479 0.1718086659468011
v 0.212982 0.06685611077973558 0.17594139393939398
v 0.22056150631188062 0.08751745454545479 -0.13818587878787875
v 0.23326600000000014 0.08751745454545479 -0.1268858717882765
v 0.2279503215149733 0.08751745454545479 0.15848987878787874
v 0.23326600000000014 0.08751745454545479 0.1537774971670913
v 0.23326600000000014 0.06027055573178583 0.15848987878787874
v 0.23889792071820704 0.08751745454545479 -0.12073436363636367
v 0.25355000000000005 0.08751745454545479 -0.10462746035789557
v 0.24508481130925333 0.08751745454545479 0.14103836363636366
v 0.25355000000000005 0.08751745454545479 0.1320004390491901
v 0.2544678434418468 0.08751745454545479 -0.1032828484848485
v 0.26667993694847153 0.08751745454545479 -0.08583133333333334
v 0.2738340000000002 0.08751745454545479 -0.07613974249448685
v 0.27140864539189125 0.08751745454545479 0.10613533333333332
v 0.2738340000000002 0.08751745454545479 0.1030768223023589
v 0.2738340000000002 0.043949881009816213 0.10613533333333332
v 0.2594305281234287 0.08751745454545479 0.12358684848484858
v 0.27739087255319944 0.08751745454545479 -0.06837981818181818
v 0.2851238707542352 0.08751745454545479 -0.050928303030303004
v 0.29173485998984494 0.08751745454545479 -0.033476787878787835
v 0.2941180000000001 0.08751745454545479 -0.029624836190577097
v 0.2941180000000001 0.07741285299513057 0.05378078787878791
v 0.28802814192210974 0.08751745454545479 0.07123230303030298
v 0.2941180000000001 0.08751745454545479 0.0546772678187656
v 0.28076421300458765 0.08751745454545479 0.08868381818181824
v 0.2970163360178618 0.08751745454545479 -0.016025272727272766
v 0.30268329474267697 0.08751745454545479 0.0014262424242424028
v 0.30438965336634355 0.08751745454545479 0.01887775757575757
v 0.29841733835219003 0.08751745454545479 0.036329272727272835
v 0.29427823801441394 0.08751745454545479 0.05378078787878791
v -0.2973759585638285 0.14184018181818212 -0.016025272727272766
v -0.2941179999999999 0.14184018181818212 -0.029540265418614008
v -0.30295424250411274 0.14184018181818212 0.0014262424242424028
v -0.30465575141872486 0.14184018181818212 0.01887775757575757
v -0.30105724921688876 0.14184018181818212 0.036329272727272835
v -0.29746171324063503 0.14184018181818212 0.05378078787878791
v -0.2941179999999999 0.14184018181818212 0.06685769377215832
v -0.27503490181790685 0.14184018181818212 -0.06837981818181818
v -0.27383399999999997 0.14184018181818212 -0.07095746556311523
v -0.28363365201949553 0.14184018181818212 -0.050928303030303004
v -0.29107344847307476 0.14184018181818212 -0.033476787878787835
v -0.2916324792073613 0.14184018181818212 0.07123230303030298
v -0.2835943267204035 0.14184018181818212 0.08868381818181824
v -0.27383399999999997 0.14184018181818212 0.10581787537719241
v -0.27383399999999997 0.13311596404383794 0.10613533333333332
v -0.2627317396816463 0.14184018181818212 -0.08583133333333334
v -0.25354999999999994 0.14184018181818212 -0.09872376963944553
v -0.27353160599985854 0.14184018181818212 0.10613533333333332
v -0.2597729844956421 0.14184018181818212 0.12358684848484858
v -0.25354999999999994 0.14184018181818212 0.1313835110849881
v -0.23326599999999992 0.12436173981649194 -0.12073436363636367
v -0.24902309872349193 0.14184018181818212 -0.1032828484848485
v -0.23326599999999992 0.14184018181818212 -0.11947463600248986
v -0.24315620859509973 0.14184018181818212 0.14103836363636366
v -0.23326599999999992 0.14184018181818212 0.15041176013119673
v -0.2129819999999999 0.12572087957502737 -0.13818587878787875
v -0.23166122443507178 0.14184018181818212 -0.12073436363636367
v -0.2129819999999999 0.14184018181818212 -0.1364153395101181
v -0.222504919687356 0.14184018181818212 0.15848987878787874
v -0.2129819999999999 0.14184018181818212 0.16564717653335692
v -0.19269799999999987 0.10293886083068018 -0.1556373939393939
v -0.21045841739440888 0.14184018181818212 -0.13818587878787875
v -0.19269799999999987 0.14184018181818212 -0.15036593293115813
v -0.197007268509809 0.14184018181818212 0.17594139393939398
v -0.19269799999999987 0.14184018181818212 0.17864440113273153
v -0.1838079024548279 0.14184018181818212 -0.1556373939393939
v -0.17241399999999987 0.14184018181818212 -0.1619724516132755
v -0.17241399999999987 0.14184018181818212 0.18934624696210178
v -0.17241399999999987 0.1189423187028597 0.19339290909090906
v -0.15212999999999996 0.128772706731061 -0.1730889090909091
v -0.15212999999999996 0.14184018181818212 -0.1710951595922281
v -0.1632249132670814 0.14184018181818212 0.19339290909090906
v -0.15212999999999996 0.14184018181818212 0.19780347347131652
v -0.1470692973811068 0.14184018181818212 -0.1730889090909091
v -0.13184599999999994 0.14184018181818212 -0.17824541056248638
v -0.13184599999999994 0.14184018181818212 0.20438889530228102
v -0.13184599999999994 0.10841497212320886 0.21084442424242433
v -0.11156199999999993 0.10061322345953873 -0.19054042424242426
v -0.11156199999999993 0.14184018181818212 -0.1835909525935466
v -0.11156199999999993 0.14184018181818212 0.20935190610336044
v -0.11156199999999993 0.1342373836286664 0.21084442424242433
v -0.09127799999999991 0.12412335690182653 -0.19054042424242426
v -0.09127799999999991 0.14184018181818212 -0.1874045308920311
v -0.10427593942331954 0.14184018181818212 0.21084442424242433
v -0.09127799999999991 0.14184018181818212 0.21285444076769663
v -0.07099399999999989 0.13853790366800026 -0.19054042424242426
v -0.07099399999999989 0.14184018181818212 -0.1899312075942816
v -0.07099399999999989 0.14184018181818212 0.21510050411975998
v -0.06523326761797577 0.14184018181818212 -0.19054042424242426
v -0.05070999999999987 0.14184018181818212 -0.19143889522653598
v -0.05070999999999987 0.14184018181818212 0.21635799176844217
v -0.03042599999999997 0.14184018181818212 -0.19237709469120134
v -0.03042599999999997 0.14184018181818212 0.21710182317496682
v -0.010141999999999953 0.14184018181818212 -0.19497038301790057
v -0.010141999999999953 0.14184018181818212 0.21885884265522268
v 0.010142000000000064 0.14184018181818212 -0.19483114646189398
v 0.010142000000000064 0.14184018181818212 0.21890150621630888
v 0.030426000000000192 0.14184018181818212 -0.19215653669958985
v 0.030426000000000192 0.14184018181818212 0.21717706837292294
v 0.050710000000000095 0.14184018181818212 -0.19114439204880918
v 0.050710000000000095 0.14184018181818212 0.21629725604453023
v 0.06107339618021186 0.14184018181818212 -0.19054042424242426
v 0.070994 0.13654459057313095 -0.19054042424242426
v 0.070994 0.14184018181818212 -0.18956500247306546
v 0.070994 0.14184018181818212 0.21482540171315725
v 0.09127800000000014 0.12342355671598995 -0.19054042424242426
v 0.09127800000000014 0.14184018181818212 -0.1873070131231747
v 0.09127800000000014 0.14184018181818212 0.2121759887173245
v 0.11156200000000004 0.10137498222296902 -0.19054042424242426
v 0.11156200000000004 0.14184018181818212 -0.18370707382113385
v 0.09960408956168111 0.14184018181818212 0.21084442424242433
v 0.11156200000000004 0.14184018181818212 0.20831406550924575
v 0.11156200000000004 0.12930561367760102 0.21084442424242433
v 0.13184600000000016 0.14184018181818212 -0.1786776769525959
v 0.13184600000000016 0.14184018181818212 0.20299475990846422
v 0.13184600000000016 0.10266634237943525 0.21084442424242433
v 0.14912183415640465 0.14184018181818212 -0.1730889090909091
v 0.15213000000000007 0.13393496304824626 -0.1730889090909091
v 0.15213000000000007 0.14184018181818212 -0.17196055131268548
v 0.15213000000000007 0.14184018181818212 0.19602057510488294
v 0.17241399999999998 0.14184018181818212 -0.16336803290351323
v 0.15858008834964715 0.14184018181818212 0.19339290909090906
v 0.17241399999999998 0.14184018181818212 0.18713867381309335
v 0.17241399999999998 0.10657753298731618 0.19339290909090906
v 0.1871991180923346 0.14184018181818212 -0.1556373939393939
v 0.19269800000000012 0.11586056463567727 -0.1556373939393939
v 0.19269800000000012 0.14184018181818212 -0.15263849143689562
v 0.19269800000000012 0.14184018181818212 0.17611095842788116
v 0.212982 0.14184018181818212 -0.139512731474108
v 0.19297297410872527 0.14184018181818212 0.17594139393939398
v 0.212982 0.14184018181818212 0.1631185375982687
v 0.2146602771301894 0.14184018181818212 -0.13818587878787875
v 0.23326600000000014 0.14184018181818212 -0.12319031866078907
v 0.21882209124365626 0.14184018181818212 0.15848987878787874
v 0.23326600000000014 0.14184018181818212 0.14698257393177683
v 0.2356268310754373 0.14184018181818212 -0.12073436363636367
v 0.25234007945335196 0.14184018181818212 -0.1032828484848485
v 0.25355000000000005 0.1132159273540333 -0.1032828484848485
v 0.25355000000000005 0.14184018181818212 -0.10214365434316801
v 0.2391870939702254 0.14184018181818212 0.14103836363636366
v 0.25355000000000005 0.14184018181818212 0.12673520510785666
v 0.26587830475071395 0.14184018181818212 -0.08583133333333334
v 0.2738340000000002 0.14184018181818212 -0.07583748802832875
v 0.26924380890298916 0.14184018181818212 0.10613533333333332
v 0.2738340000000002 0.14184018181818212 0.10086924119304355
v 0.2559121277388973 0.14184018181818212 0.12358684848484858
v 0.2775569310014354 0.14184018181818212 -0.06837981818181818
v 0.28606668084890424 0.14184018181818212 -0.050928303030303004
v 0.2935503282595911 0.14184018181818212 -0.033476787878787835
v 0.2941180000000001 0.14184018181818212 -0.03284305583054814
v 0.2884839229546617 0.14184018181818212 0.07123230303030298
v 0.2941180000000001 0.14184018181818212 0.05963014966648045
v 0.28027588878290927 0.14184018181818212 0.08868381818181824
v 0.2986146830840971 0.14184018181818212 -0.016025272727272766
v 0.3034330701891228 0.14184018181818212 0.0014262424242424028
v 0.3042379981938935 0.14184018181818212 0.01887775757575757
v 0.2998136437399685 0.14184018181818212 0.036329272727272835
v 0.2954347261385095 0.14184018181818212 0.05378078787878791
v -0.2990407261273957 0.19616290909090914 -0.016025272727272766
v -0.2941179999999999 0.19616290909090914 -0.033113984729597215
v -0.30309561222048037 0.19616290909090914 0.0014262424242424028
v -0.30436655880484703 0.19616290909090914 0.01887775757575757
v -0.30241957052680724 0.19616290909090914 0.036329272727272835
v -0.29909179586858364 0.19616290909090914 0.05378078787878791
v -0.2941179999999999 0.19616290909090914 0.07011137951359708
v -0.277033494887048 0.19616290909090914 -0.06837981818181818
v -0.27383399999999997 0.19616290909090914 -0.07468665949766087
v -0.2858314516566202 0.19616290909090914 -0.050928303030303004
v -0.29376019219896365 0.19616290909090914 -0.033476787878787835
v -0.29334600205330374 0.19616290909090914 0.07123230303030298
v -0.2845574798887091 0.19616290909090914 0.08868381818181824
v -0.2740412080077253 0.19616290909090914 0.10613533333333332
v -0.27383399999999997 0.17036214370790348 0.10613533333333332
v -0.27383399999999997 0.19616290909090914 0.1064782516655653
v -0.26500460609243 0.19616290909090914 -0.08583133333333334
v -0.25354999999999994 0.19616290909090914 -0.10052665667932985
v -0.2588774860682341 0.19616290909090914 0.12358684848484858
v -0.25354999999999994 0.19616290909090914 0.12937773929367144
v -0.2506028849406194 0.19616290909090914 -0.1032828484848485
v -0.23326599999999992 0.19616290909090914 -0.12008185688594077
v -0.23918828990055518 0.19616290909090914 0.14103836363636366
v -0.23326599999999992 0.19616290909090914 0.1460993954023506
v -0.2323918329712854 0.19616290909090914 -0.12073436363636367
v -0.2129819999999999 0.19616290909090914 -0.13547445916800405
v -0.21504855817025942 0.19616290909090914 0.15848987878787874
v -0.2129819999999999 0.19616290909090914 0.15988279265836305
v -0.2086788220786992 0.19616290909090914 -0.13818587878787875
v -0.19269799999999987 0.19616290909090914 -0.14797892159803766
v -0.19269799999999987 0.19616290909090914 0.17124244422852894
v -0.19269799999999987 0.15904383454224622 0.17594139393939398
v -0.1767183993631003 0.19616290909090914 -0.1556373939393939
v -0.17241399999999987 0.19616290909090914 -0.15763459061973653
v -0.18263183539666522 0.19616290909090914 0.17594139393939398
v -0.17241399999999987 0.19616290909090914 0.1806096459032913
v -0.15212999999999996 0.19616290909090914 -0.1653926469692662
v -0.15212999999999996 0.19616290909090914 0.18826740324789712
v -0.15212999999999996 0.16500978673257316 0.19339290909090906
v -0.13184599999999994 0.1811204663841389 -0.1730889090909091
v -0.13184599999999994 0.19616290909090914 -0.17135169081513651
v -0.13535087835141685 0.19616290909090914 0.19339290909090906
v -0.13184599999999994 0.19616290909090914 0.19435440028295248
v -0.12476696529176395 0.19616290909090914 -0.1730889090909091
v -0.11156199999999993 0.19616290909090914 -0.17585455809330502
v -0.11156199999999993 0.19616290909090914 0.1990151453667193
v -0.09127799999999991 0.19616290909090914 -0.1790422301371435
v -0.09127799999999991 0.19616290909090914 0.20247605824536485
v -0.09127799999999991 0.15159242374512166 0.21084442424242433
v -0.07099399999999989 0.19616290909090914 -0.18093456158463192
v -0.07099399999999989 0.19616290909090914 0.20463570367570633
v -0.07099399999999989 0.16336675912691642 0.21084442424242433
v -0.05070999999999987 0.14662036619167296 -0.19054042424242426
v -0.05070999999999987 0.19616290909090914 -0.1818317871249452
v -0.05070999999999987 0.19616290909090914 0.20558905165852814
v -0.05070999999999987 0.16951079537843355 0.21084442424242433
v -0.03042599999999997 0.15060676400866724 -0.19054042424242426
v -0.03042599999999997 0.19616290909090914 -0.18216389546180078
v -0.03042599999999997 0.19616290909090914 0.20570672636318582
v -0.03042599999999997 0.17186799691354615 0.21084442424242433
v -0.010141999999999953 0.15529587714880524 -0.19054042424242426
v -0.010141999999999953 0.19616290909090914 -0.181851356653016
v -0.010141999999999953 0.19616290909090914 0.2033497740070159
v -0.010141999999999953 0.1709272780725774 0.21084442424242433
v 0.010142000000000064 0.15483244196426715 -0.19054042424242426
v 0.010142000000000064 0.19616290909090914 -0.181792196924288
v 0.010142000000000064 0.19616290909090914 0.20339893473368073
v 0.010142000000000064 0.1711276960622942 0.21084442424242433
v 0.030426000000000192 0.1495261914365445 -0.19054042424242426
v 0.030426000000000192 0.19616290909090914 -0.18199394830599194
v 0.030426000000000192 0.19616290909090914 0.20582952816329397
v 0.030426000000000192 0.17233543752174318 0.21084442424242433
v 0.050710000000000095 0.1450645698390448 -0.19054042424242426
v 0.050710000000000095 0.19616290909090914 -0.18167067835405798
v 0.050710000000000095 0.19616290909090914 0.20574928550457267
v 0.050710000000000095 0.1696738337061749 0.21084442424242433
v 0.070994 0.19616290909090914 -0.18078637562330255
v 0.070994 0.19616290909090914 0.20476534202575497
v 0.070994 0.1626412308565506 0.21084442424242433
v 0.09127800000000014 0.19616290909090914 -0.17901101121883334
v 0.09127800000000014 0.19616290909090914 0.2026853972709678
v 0.09127800000000014 0.1489106868791492 0.21084442424242433
v 0.11156200000000004 0.19616290909090914 -0.17607433506216233
v 0.11156200000000004 0.19616290909090914 0.19931252040585526
v 0.12635192609148796 0.19616290909090914 -0.1730889090909091
v 0.13184600000000016 0.18473207139307624 -0.1730889090909091
v 0.13184600000000016 0.19616290909090914 -0.17178566727485012
v 0.13184600000000016 0.19616290909090914 0.19432211328938614
v 0.15213000000000007 0.19616290909090914 -0.1660379785652033
v 0.1351065045949919 0.19616290909090914 0.19339290909090906
v 0.15213000000000007 0.19616290909090914 0.1879778822263572
v 0.15213000000000007 0.15783732932181904 0.19339290909090906
v 0.17241399999999998 0.19616290909090914 -0.15850424995967582
v 0.17241399999999998 0.19616290909090914 0.17995568451014926
v 0.1787119661619538 0.19616290909090914 -0.1556373939393939
v 0.19269800000000012 0.19616290909090914 -0.14906445046532732
v 0.18085132193264636 0.19616290909090914 0.17594139393939398
v 0.19269800000000012 0.19616290909090914 0.17015549445434888
v 0.19269800000000012 0.14309381039459668 0.17594139393939398
v 0.21081164902022706 0.19616290909090914 -0.13818587878787875
v 0.212982 0.16571579490846555 -0.13818587878787875
v 0.212982 0.19616290909090914 -0.13684750425092848
v 0.21244257389467364 0.19616290909090914 0.15848987878787874
v 0.212982 0.19616290909090914 0.15816581920279893
v 0.212982 0.19173363243373298 0.15848987878787874
v 0.23326600000000014 0.19616290909090914 -0.12208665788818968
v 0.23326600000000014 0.19616290909090914 0.14370587261918777
v 0.23470676911317387 0.19616290909090914 -0.12073436363636367
v 0.2528838997719947 0.19616290909090914 -0.1032828484848485
v 0.25355000000000005 0.19616290909090914 -0.10268820494011896
v 0.23621199246720767 0.19616290909090914 0.14103836363636366
v 0.25355000000000005 0.19616290909090914 0.12610216136542324
v 0.2673278638950284 0.19616290909090914 -0.08583133333333334
v 0.2738340000000002 0.19616290909090914 -0.07816609836429533
v 0.2702958539773095 0.19616290909090914 0.10613533333333332
v 0.2738340000000002 0.19616290909090914 0.10218806857837587
v 0.2557428544386273 0.19616290909090914 0.12358684848484858
v 0.2790566595978326 0.19616290909090914 -0.06837981818181818
v 0.2878949331621463 0.19616290909090914 -0.050928303030303004
v 0.2941180000000001 0.19616290909090914 -0.03877632611214808
v 0.2941180000000001 0.15430317473304658 -0.033476787878787835
v 0.2905277706511116 0.19616290909090914 0.07123230303030298
v 0.2941180000000001 0.19616290909090914 0.06520224170108442
v 0.28146680406914804 0.19616290909090914 0.08868381818181824
v 0.29541665529471245 0.19616290909090914 -0.033476787878787835
v 0.30014115009164727 0.19616290909090914 -0.016025272727272766
v 0.30350517664208915 0.19616290909090914 0.0014262424242424028
v 0.30395794805400117 0.19616290909090914 0.01887775757575757
v 0.30119492314588614 0.19616290909090914 0.036329272727272835
v 0.297160502627178 0.19616290909090914 0.05378078787878791
v -0.2966199569140049 0.25048563636363647 -0.033476787878787835
v -0.2941179999999999 0.25048563636363647 -0.04273444018479719
v -0.2941179999999999 0.20068375422504237 -0.033476787878787835
v -0.3009184574218331 0.25048563636363647 -0.016025272727272766
v -0.3031648569045977 0.25048563636363647 0.0014262424242424028
v -0.3042645713143428 0.25048563636363647 0.01887775757575757
v -0.3040951107069849 0.25048563636363647 0.036329272727272835
v -0.3014214244819143 0.25048563636363647 0.05378078787878791
v -0.2962815807317324 0.25048563636363647 0.07123230303030298
v -0.2941179999999999 0.2070865344717949 0.07123230303030298
v -0.2941179999999999 0.25048563636363647 0.07742895040846115
v -0.2810483269095129 0.25048563636363647 -0.06837981818181818
v -0.27383399999999997 0.25048563636363647 -0.08084525449174232
v -0.2896804561933536 0.25048563636363647 -0.050928303030303004
v -0.2876604209594534 0.25048563636363647 0.08868381818181824
v -0.2760318858467846 0.25048563636363647 0.10613533333333332
v -0.27383399999999997 0.25048563636363647 0.10921626575489153
v -0.25462447656978704 0.25048563636363647 -0.1032828484848485
v -0.25354999999999994 0.25048563636363647 -0.10449659274995454
v -0.25354999999999994 0.23158991951040817 -0.1032828484848485
v -0.2695526111602604 0.25048563636363647 -0.08583133333333334
v -0.2588520333299614 0.25048563636363647 0.12358684848484858
v -0.25354999999999994 0.25048563636363647 0.12853082744606903
v -0.2347083558701873 0.25048563636363647 -0.12073436363636367
v -0.23326599999999992 0.25048563636363647 -0.1219476948996601
v -0.23326599999999992 0.21218449070137402 -0.12073436363636367
v -0.23602557533753693 0.25048563636363647 0.14103836363636366
v -0.23326599999999992 0.25048563636363647 0.143051423698703
v -0.2129819999999999 0.25048563636363647 -0.1357207969351606
v -0.2129819999999999 0.25048563636363647 0.15524254026693682
v -0.2129819999999999 0.20823704467665222 0.15848987878787874
v -0.2083420979858359 0.25048563636363647 -0.13818587878787875
v -0.19269799999999987 0.25048563636363647 -0.146399333432165
v -0.20613576106382375 0.25048563636363647 0.15848987878787874
v -0.19269799999999987 0.25048563636363647 0.1650361145136773
v -0.17241399999999987 0.2273753481902137 -0.1556373939393939
v -0.17241399999999987 0.25048563636363647 -0.15463332045988476
v -0.17241399999999987 0.25048563636363647 0.17342651754133262
v -0.17241399999999987 0.22684184578956565 0.17594139393939398
v -0.16936375856760896 0.25048563636363647 -0.1556373939393939
v -0.15212999999999996 0.25048563636363647 -0.16118399090069582
v -0.16530494346458033 0.25048563636363647 0.17594139393939398
v -0.15212999999999996 0.25048563636363647 0.18048871245610892
v -0.13184599999999994 0.25048563636363647 -0.16585521031715836
v -0.13184599999999994 0.25048563636363647 0.1859930626406145
v -0.13184599999999994 0.20093973117773598 0.19339290909090906
v -0.11156199999999993 0.2152249653320871 -0.1730889090909091
v -0.11156199999999993 0.25048563636363647 -0.16920031756180395
v -0.11156199999999993 0.25048563636363647 0.19013954229783975
v -0.11156199999999993 0.22718180009336392 0.19339290909090906
v -0.09127799999999991 0.23645130959840718 -0.1730889090909091
v -0.09127799999999991 0.25048563636363647 -0.1714103175163559
v -0.09127799999999991 0.25048563636363647 0.1930814422665523
v -0.09127799999999991 0.2483342943013703 0.19339290909090906
v -0.07099399999999989 0.24680636461083094 -0.1730889090909091
v -0.07099399999999989 0.25048563636363647 -0.1725948564673542
v -0.08866315556751224 0.25048563636363647 0.19339290909090906
v -0.07099399999999989 0.25048563636363647 0.19501997349493003
v -0.05070999999999987 0.2489388752390655 -0.1730889090909091
v -0.05070999999999987 0.25048563636363647 -0.17284937511529486
v -0.05070999999999987 0.25048563636363647 0.19589552577045796
v -0.03042599999999997 0.24710923914405097 -0.1730889090909091
v -0.03042599999999997 0.25048563636363647 -0.17242470885548375
v -0.03042599999999997 0.25048563636363647 0.19620960499972498
v -0.010141999999999953 0.2418632412923729 -0.1730889090909091
v -0.010141999999999953 0.25048563636363647 -0.1701577917808247
v -0.010141999999999953 0.25048563636363647 0.19881670676885446
v 0.010142000000000064 0.24133134785449775 -0.1730889090909091
v 0.010142000000000064 0.25048563636363647 -0.1699858317836614
v 0.010142000000000064 0.25048563636363647 0.19889622649549138
v 0.030426000000000192 0.2459398557850314 -0.1730889090909091
v 0.030426000000000192 0.25048563636363647 -0.1721932175959864
v 0.030426000000000192 0.25048563636363647 0.19634118865674932
v 0.050710000000000095 0.247265364372792 -0.1730889090909091
v 0.050710000000000095 0.25048563636363647 -0.17258276755405128
v 0.050710000000000095 0.25048563636363647 0.19603111072548676
v 0.070994 0.24485051921612927 -0.1730889090909091
v 0.070994 0.25048563636363647 -0.17231506058242882
v 0.070994 0.25048563636363647 0.19505717720941532
v 0.09127800000000014 0.23543141867979314 -0.1730889090909091
v 0.09127800000000014 0.25048563636363647 -0.1712416392593761
v 0.0882162028266642 0.25048563636363647 0.19339290909090906
v 0.09127800000000014 0.25048563636363647 0.19300954080801824
v 0.09127800000000014 0.24789920927577982 0.19339290909090906
v 0.11156200000000004 0.21622804688316752 -0.1730889090909091
v 0.11156200000000004 0.25048563636363647 -0.16917312168222148
v 0.11156200000000004 0.25048563636363647 0.18985637595869262
v 0.11156200000000004 0.22693409519628052 0.19339290909090906
v 0.13184600000000016 0.25048563636363647 -0.1659675465550684
v 0.13184600000000016 0.25048563636363647 0.18548616539236087
v 0.13184600000000016 0.20055967083359333 0.19339290909090906
v 0.15213000000000007 0.25048563636363647 -0.1612587286974956
v 0.15213000000000007 0.25048563636363647 0.1795760914673735
v 0.16907819922560652 0.25048563636363647 -0.1556373939393939
v 0.17241399999999998 0.2307218392593931 -0.1556373939393939
v 0.17241399999999998 0.25048563636363647 -0.1545218957880772
v 0.1623414926737111 0.25048563636363647 0.17594139393939398
v 0.17241399999999998 0.25048563636363647 0.17224704495913057
v 0.17241399999999998 0.21968988864048208 0.17594139393939398
v 0.19269800000000012 0.25048563636363647 -0.14640690966085892
v 0.19269800000000012 0.25048563636363647 0.16345360666160735
v 0.20829868164750018 0.25048563636363647 -0.13818587878787875
v 0.212982 0.25048563636363647 -0.13570201488379002
v 0.20251207494826232 0.25048563636363647 0.15848987878787874
v 0.212982 0.25048563636363647 0.1533280891720619
v 0.23326600000000014 0.25048563636363647 -0.12225084179729388
v 0.23247460790196997 0.25048563636363647 0.14103836363636366
v 0.23326600000000014 0.25048563636363647 0.1405669194271131
v 0.23326600000000014 0.23845060060599818 0.14103836363636366
v 0.23512330472635376 0.25048563636363647 -0.12073436363636367
v 0.25355000000000005 0.25048563636363647 -0.10545812448570031
v 0.25355000000000005 0.2062051641090941 -0.1032828484848485
v 0.25355000000000005 0.25048563636363647 0.1253803535026381
v 0.25555926319486355 0.25048563636363647 -0.1032828484848485
v 0.2710571105537612 0.25048563636363647 -0.08583133333333334
v 0.2738340000000002 0.25048563636363647 -0.08278546579372788
v 0.27273993873643826 0.25048563636363647 0.10613533333333332
v 0.2738340000000002 0.25048563636363647 0.10504531895240453
v 0.25538646107156576 0.25048563636363647 0.12358684848484858
v 0.2826639529279319 0.25048563636363647 -0.06837981818181818
v 0.29159250622124777 0.25048563636363647 -0.050928303030303004
v 0.2941180000000001 0.25048563636363647 -0.04683787758584948
v 0.2937818189373082 0.25048563636363647 0.07123230303030298
v 0.2941180000000001 0.25048563636363647 0.07074009175480361
v 0.28452134610338276 0.25048563636363647 0.08868381818181824
v 0.29812133036643745 0.25048563636363647 -0.033476787878787835
v 0.3019701723852722 0.25048563636363647 -0.016025272727272766
v 0.3035490113424022 0.25048563636363647 0.0014262424242424028
v 0.3038533030071504 0.25048563636363647 0.01887775757575757
v 0.30288393982968215 0.25048563636363647 0.036329272727272835
v 0.2995709972361807 0.25048563636363647 0.05378078787878791
v -0.29965636032760096 0.30480836363636377 -0.033476787878787835
v -0.2941179999999999 0.30480836363636377 -0.049076572280397995
v -0.3031808879387755 0.30480836363636377 -0.016025272727272766
v -0.30329796671062864 0.30480836363636377 0.0014262424242424028
v -0.30448588292170614 0.30480836363636377 0.01887775757575757
v -0.30623442030557774 0.30480836363636377 0.036329272727272835
v -0.3040592908958572 0.30480836363636377 0.05378078787878791
v -0.29841723649898527 0.30480836363636377 0.07123230303030298
v -0.2941179999999999 0.30480836363636377 0.08007559062568113
v -0.28364864947800617 0.30480836363636377 -0.06837981818181818
v -0.27383399999999997 0.30480836363636377 -0.08241514800701154
v -0.2930582921160963 0.30480836363636377 -0.050928303030303004
v -0.288459379426375 0.30480836363636377 0.08868381818181824
v -0.2742184882439413 0.30480836363636377 0.10613533333333332
v -0.27383399999999997 0.30480836363636377 0.10656969472524817
v -0.25354999999999994 0.30319361092032626 -0.1032828484848485
v -0.27076221470168593 0.30480836363636377 -0.08583133333333334
v -0.25354999999999994 0.30480836363636377 -0.10326886513392627
v -0.25354999999999994 0.30480836363636377 0.12342686889627226
v -0.25354999999999994 0.3004436158349556 0.12358684848484858
v -0.23326599999999992 0.26153928193157655 -0.12073436363636367
v -0.25353290704818005 0.30480836363636377 -0.1032828484848485
v -0.23326599999999992 0.30480836363636377 -0.11899978933874313
v -0.2532902541061872 0.30480836363636377 0.12358684848484858
v -0.23326599999999992 0.30480836363636377 0.13601136292459115
v -0.23326599999999992 0.25741397487602014 0.14103836363636366
v -0.230375047352006 0.30480836363636377 -0.12073436363636367
v -0.2129819999999999 0.30480836363636377 -0.13144704814451835
v -0.22197980876026477 0.30480836363636377 0.14103836363636366
v -0.2129819999999999 0.30480836363636377 0.14565303568158428
v -0.1973378720444985 0.30480836363636377 -0.13818587878787875
v -0.19269799999999987 0.30480836363636377 -0.14044661653087867
v -0.19269799999999987 0.30480836363636377 0.1533844327827874
v -0.19269799999999987 0.26853461154651515 0.15848987878787874
v -0.17241399999999987 0.30480836363636377 -0.1478370427871189
v -0.17741316880685187 0.30480836363636377 0.15848987878787874
v -0.17241399999999987 0.30480836363636377 0.16045430038531638
v -0.15212999999999996 0.2770058505673511 -0.1556373939393939
v -0.15212999999999996 0.30480836363636377 -0.15326969031701226
v -0.15212999999999996 0.30480836363636377 0.16799534391183388
v -0.15212999999999996 0.26131153721983114 0.17594139393939398
v -0.14008382932488497 0.30480836363636377 -0.1556373939393939
v -0.13184599999999994 0.30480836363636377 -0.1575094524008878
v -0.13184599999999994 0.30480836363636377 0.17388275696670424
v -0.13184599999999994 0.28754970717481443 0.17594139393939398
v -0.11156199999999993 0.30480836363636377 -0.16020091206029288
v -0.12203247946279995 0.30480836363636377 0.17594139393939398
v -0.11156199999999993 0.30480836363636377 0.17840130733981807
v -0.09127799999999991 0.30480836363636377 -0.16220036649980746
v -0.09127799999999991 0.30480836363636377 0.18189442190477423
v -0.07099399999999989 0.30480836363636377 -0.16339037946558968
v -0.07099399999999989 0.30480836363636377 0.18411047246506507
v -0.07099399999999989 0.25578206954201005 0.19339290909090906
v -0.05070999999999987 0.30480836363636377 -0.16379167365982372
v -0.05070999999999987 0.30480836363636377 0.1853875293734919
v -0.05070999999999987 0.2603338281302875 0.19339290909090906
v -0.03042599999999997 0.30480836363636377 -0.16345714445704956
v -0.03042599999999997 0.30480836363636377 0.18559190784419793
v -0.03042599999999997 0.26231467431101974 0.19339290909090906
v -0.010141999999999953 0.30480836363636377 -0.16391855318416712
v -0.010141999999999953 0.30480836363636377 0.1849034785965512
v -0.010141999999999953 0.2663941186733354 0.19339290909090906
v 0.010142000000000064 0.30480836363636377 -0.16382929725091153
v 0.010142000000000064 0.30480836363636377 0.18494191400916954
v 0.010142000000000064 0.2666511168461655 0.19339290909090906
v 0.030426000000000192 0.30480836363636377 -0.16301610172799288
v 0.030426000000000192 0.30480836363636377 0.18564239764039406
v 0.030426000000000192 0.26275487208533604 0.19339290909090906
v 0.050710000000000095 0.30480836363636377 -0.16320999661189628
v 0.050710000000000095 0.30480836363636377 0.18550110184937207
v 0.050710000000000095 0.2608678645131425 0.19339290909090906
v 0.070994 0.30480836363636377 -0.16297521485691702
v 0.070994 0.30480836363636377 0.1841537690446113
v 0.070994 0.25587420001105554 0.19339290909090906
v 0.09127800000000014 0.30480836363636377 -0.1621781085908634
v 0.09127800000000014 0.30480836363636377 0.181908309599286
v 0.11156200000000004 0.30480836363636377 -0.16053610294381485
v 0.11156200000000004 0.30480836363636377 0.17826737358796763
v 0.13184600000000016 0.30480836363636377 -0.1578175721349902
v 0.12099841368110288 0.30480836363636377 0.17594139393939398
v 0.13184600000000016 0.30480836363636377 0.1735513855302435
v 0.13184600000000016 0.2851562518523694 0.17594139393939398
v 0.14086630800663544 0.30480836363636377 -0.1556373939393939
v 0.15213000000000007 0.27713745260317624 -0.1556373939393939
v 0.15213000000000007 0.30480836363636377 -0.15328091487077114
v 0.15213000000000007 0.30480836363636377 0.16759699406801878
v 0.15213000000000007 0.2591860211368134 0.17594139393939398
v 0.17241399999999998 0.30480836363636377 -0.14769161026154978
v 0.17241399999999998 0.30480836363636377 0.15975117183027046
v 0.19269800000000012 0.30480836363636377 -0.1398435436177612
v 0.17556779475225165 0.30480836363636377 0.15848987878787874
v 0.19269800000000012 0.30480836363636377 0.15265309341350286
v 0.19269800000000012 0.2639982082976306 0.15848987878787874
v 0.19592089051438577 0.30480836363636377 -0.13818587878787875
v 0.212982 0.30480836363636377 -0.13035675741734576
v 0.212982 0.30480836363636377 0.1446846997453337
v 0.2287172717167347 0.30480836363636377 -0.12073436363636367
v 0.23326600000000014 0.2598960325425742 -0.12073436363636367
v 0.23326600000000014 0.30480836363636377 -0.11810197725070172
v 0.21996343952838482 0.30480836363636377 0.14103836363636366
v 0.23326600000000014 0.30480836363636377 0.1350333397295334
v 0.2534467535729519 0.30480836363636377 -0.1032828484848485
v 0.25355000000000005 0.29999151559871107 -0.1032828484848485
v 0.25355000000000005 0.30480836363636377 -0.10320442836334283
v 0.25138029366478654 0.30480836363636377 0.12358684848484858
v 0.25355000000000005 0.30480836363636377 0.122227285311999
v 0.25355000000000005 0.26811242697668614 0.12358684848484858
v 0.27160635790688453 0.30480836363636377 -0.08583133333333334
v 0.2738340000000002 0.30480836363636377 -0.08344704081279705
v 0.2722928289450688 0.30480836363636377 0.10613533333333332
v 0.2738340000000002 0.30480836363636377 0.10472216641913012
v 0.2846245968214074 0.30480836363636377 -0.06837981818181818
v 0.2941180000000001 0.30480836363636377 -0.0514049650684053
v 0.2941180000000001 0.29791335132529945 -0.050928303030303004
v 0.2941180000000001 0.253953218831458 0.07123230303030298
v 0.2867075742581643 0.30480836363636377 0.08868381818181824
v 0.2941180000000001 0.30480836363636377 0.07697829069751275
v 0.29432890920641447 0.30480836363636377 -0.050928303030303004
v 0.30080146041546274 0.30480836363636377 -0.033476787878787835
v 0.3041153688761879 0.30480836363636377 -0.016025272727272766
v 0.30367705448329274 0.30480836363636377 0.0014262424242424028
v 0.3040592393512551 0.30480836363636377 0.01887775757575757
v 0.3052056944695625 0.30480836363636377 0.036329272727272835
v 0.3026870549200541 0.30480836363636377 0.05378078787878791
v 0.29682690262868955 0.30480836363636377 0.07123230303030298
v -0.3103484017794913 0.3591310909090914 -0.033476787878787835
v -0.2941179999999999 0.3591310909090914 -0.04268352290497281
v -0.307443373666581 0.3591310909090914 -0.016025272727272766
v -0.30450479272557784 0.3591310909090914 0.0014262424242424028
v -0.30401925953183867 0.3591310909090914 0.01887775757575757
v -0.30596947102566086 0.3591310909090914 0.036329272727272835
v -0.30837105508227153 0.3591310909090914 0.05378078787878791
v -0.2941179999999999 0.3591310909090914 0.056868141883799087
v -0.2941179999999999 0.30496532730755227 0.07123230303030298
v -0.28976307879696594 0.3591310909090914 -0.06837981818181818
v -0.27383399999999997 0.3591310909090914 -0.08097826620060974
v -0.2799173008683404 0.3591310909090914 -0.050928303030303004
v -0.2757355920899716 0.3591310909090914 0.07123230303030298
v -0.2878803446210959 0.3591310909090914 0.08868381818181824
v -0.27383399999999997 0.3591310909090914 0.09949919578536161
v -0.27383399999999997 0.30486502706716817 0.10613533333333332
v -0.2669303030562355 0.3591310909090914 -0.08583133333333334
v -0.25354999999999994 0.3591310909090914 -0.09688795692794032
v -0.26631901978755407 0.3591310909090914 0.10613533333333332
v -0.25354999999999994 0.3591310909090914 0.11777697354569683
v -0.2452295907910673 0.3591310909090914 -0.1032828484848485
v -0.23326599999999992 0.3591310909090914 -0.11512754998105734
v -0.24802388022643326 0.3591310909090914 0.12358684848484858
v -0.23326599999999992 0.3591310909090914 0.1376533545788725
v -0.2129819999999999 0.305312180173921 -0.12073436363636367
v -0.2129819999999999 0.3591310909090914 -0.10646150526018715
v -0.2129819999999999 0.3591310909090914 0.13266764778802864
v -0.2129819999999999 0.3054687586177711 0.14103836363636366
v -0.19269799999999987 0.3053469520745735 -0.13818587878787875
v -0.20139784513595374 0.3591310909090914 -0.12073436363636367
v -0.19269799999999987 0.3591310909090914 -0.13489684850756223
v -0.19269799999999987 0.3591310909090914 0.1272540564182026
v -0.19269799999999987 0.3055870496147252 0.14103836363636366
v -0.17241399999999987 0.30620497171813416 -0.13818587878787875
v -0.17241399999999987 0.3591310909090914 -0.12849940452451705
v -0.1801914094024554 0.3591310909090914 0.14103836363636366
v -0.17241399999999987 0.3591310909090914 0.1532866227367112
v -0.17241399999999987 0.30520983675322205 0.15848987878787874
v -0.1652959840537646 0.3591310909090914 -0.13818587878787875
v -0.15212999999999996 0.3591310909090914 -0.15246666026328837
v -0.15212999999999996 0.3591310909090914 0.148097959181873
v -0.15212999999999996 0.3060720849669908 0.15848987878787874
v -0.13184599999999994 0.30530821251669904 -0.1556373939393939
v -0.13184599999999994 0.3591310909090914 -0.1518012995460562
v -0.1435638699900032 0.3591310909090914 0.15848987878787874
v -0.13184599999999994 0.3591310909090914 0.17202414975499739
v -0.11156199999999993 0.3059380942729613 -0.1556373939393939
v -0.11156199999999993 0.3591310909090914 -0.14984887987602044
v -0.11156199999999993 0.3591310909090914 0.17184436804007863
v -0.11156199999999993 0.30551413509580905 0.17594139393939398
v -0.09127799999999991 0.3064677040271435 -0.1556373939393939
v -0.09127799999999991 0.3591310909090914 -0.14830004240731454
v -0.09127799999999991 0.3591310909090914 0.17022839758200642
v -0.09127799999999991 0.3065340858902173 0.17594139393939398
v -0.07099399999999989 0.30682130765312704 -0.1556373939393939
v -0.07099399999999989 0.3591310909090914 -0.1470674266140049
v -0.07099399999999989 0.3591310909090914 0.16889418947818247
v -0.07099399999999989 0.3072307089359545 0.17594139393939398
v -0.05070999999999987 0.30745535401388563 -0.1556373939393939
v -0.05070999999999987 0.3591310909090914 -0.1460605860376058
v -0.05070999999999987 0.3591310909090914 0.16760172304329546
v -0.05070999999999987 0.30841191432607 0.17594139393939398
v -0.03042599999999997 0.31000525074266816 -0.1556373939393939
v -0.03042599999999997 0.3591310909090914 -0.14644616974522165
v -0.03042599999999997 0.3591310909090914 0.16713236701934384
v -0.03042599999999997 0.3113756167127349 0.17594139393939398
v -0.010141999999999953 0.3204997708308485 -0.1556373939393939
v -0.010141999999999953 0.3591310909090914 -0.14665028076474956
v -0.010141999999999953 0.3591310909090914 0.16926478797010996
v -0.010141999999999953 0.32956104501271716 0.17594139393939398
v 0.010142000000000064 0.31993769303131553 -0.1556373939393939
v 0.010142000000000064 0.3591310909090914 -0.14666821495507168
v 0.010142000000000064 0.3591310909090914 0.16927815057650175
v 0.010142000000000064 0.32972073761813975 0.17594139393939398
v 0.030426000000000192 0.3091066044803103 -0.1556373939393939
v 0.030426000000000192 0.3591310909090914 -0.14646637016360003
v 0.030426000000000192 0.3591310909090914 0.16710932177891097
v 0.030426000000000192 0.3114264411738181 0.17594139393939398
v 0.050710000000000095 0.3073420323448129 -0.1556373939393939
v 0.050710000000000095 0.3591310909090914 -0.14680502466104706
v 0.050710000000000095 0.3591310909090914 0.16760074901669045
v 0.050710000000000095 0.30848590696678146 0.17594139393939398
v 0.070994 0.3066090074690131 -0.1556373939393939
v 0.070994 0.3591310909090914 -0.14718050454665316
v 0.070994 0.3591310909090914 0.1689272213995726
v 0.070994 0.30727095036676416 0.17594139393939398
v 0.09127800000000014 0.3063031533753637 -0.1556373939393939
v 0.09127800000000014 0.3591310909090914 -0.14804578993126152
v 0.09127800000000014 0.3591310909090914 0.17024340131737367
v 0.09127800000000014 0.30654752001591157 0.17594139393939398
v 0.11156200000000004 0.30586831848018786 -0.1556373939393939
v 0.11156200000000004 0.3591310909090914 -0.14871800472396882
v 0.11156200000000004 0.3591310909090914 0.17184946239217447
v 0.11156200000000004 0.30547271118338487 0.17594139393939398
v 0.13184600000000016 0.3053618180406499 -0.1556373939393939
v 0.13184600000000016 0.3591310909090914 -0.1513695369363523
v 0.13184600000000016 0.3591310909090914 0.17202480215566465
v 0.15213000000000007 0.3591310909090914 -0.15173406091703903
v 0.1435613898468008 0.3591310909090914 0.15848987878787874
v 0.15213000000000007 0.3591310909090914 0.14809488469510493
v 0.15213000000000007 0.3060117298552254 0.15848987878787874
v 0.16270646647927156 0.3591310909090914 -0.13818587878787875
v 0.17241399999999998 0.305882360877732 -0.13818587878787875
v 0.17241399999999998 0.3591310909090914 -0.126751894206363
v 0.17241399999999998 0.3591310909090914 0.15327372334600728
v 0.17241399999999998 0.30506375003262476 0.15848987878787874
v 0.19269800000000012 0.30512423975249153 -0.13818587878787875
v 0.19269800000000012 0.3591310909090914 -0.1325917259503808
v 0.18018189866702536 0.3591310909090914 0.14103836363636366
v 0.19269800000000012 0.3591310909090914 0.1272375453762265
v 0.19269800000000012 0.3055323824712864 0.14103836363636366
v 0.19748969939230904 0.3591310909090914 -0.12073436363636367
v 0.212982 0.30510834638562256 -0.12073436363636367
v 0.212982 0.3591310909090914 -0.10548624727017139
v 0.212982 0.3591310909090914 0.13264493790785464
v 0.212982 0.30532504882066785 0.14103836363636366
v 0.23326600000000014 0.3591310909090914 -0.11501523942148323
v 0.23326600000000014 0.3591310909090914 0.1376360314972594
v 0.24522633257689885 0.3591310909090914 -0.1032828484848485
v 0.25355000000000005 0.3591310909090914 -0.09690848732238017
v 0.24800227748344533 0.3591310909090914 0.12358684848484858
v 0.25355000000000005 0.3591310909090914 0.11775308662450351
v 0.2669645739968602 0.3591310909090914 -0.08583133333333334
v 0.2738340000000002 0.3591310909090914 -0.0810235849450504
v 0.2662890179703495 0.3591310909090914 0.10613533333333332
v 0.2738340000000002 0.3591310909090914 0.09946959485894882
v 0.28981462118226814 0.3591310909090914 -0.06837981818181818
v 0.2799504613568441 0.3591310909090914 -0.050928303030303004
v 0.2941180000000001 0.30483738329889914 -0.050928303030303004
v 0.2941180000000001 0.3591310909090914 -0.042708403794913974
v 0.2757145140577534 0.3591310909090914 0.07123230303030298
v 0.2941180000000001 0.3591310909090914 0.056841827091850504
v 0.2941180000000001 0.3049079542751547 0.07123230303030298
v 0.28783028257475857 0.3591310909090914 0.08868381818181824
v 0.31042392917194256 0.3591310909090914 -0.033476787878787835
v 0.3075652451940214 0.3591310909090914 -0.016025272727272766
v 0.30469280509045327 0.3591310909090914 0.0014262424242424028
v 0.30394257024931376 0.3591310909090914 0.01887775757575757
v 0.30582834434829426 0.3591310909090914 0.036329272727272835
v 0.3082796371970842 0.3591310909090914 0.05378078787878791
v -0.3010512361281146 0.4134538181818185 -0.033476787878787835
v -0.2941179999999999 0.4134538181818185 -0.049765737405841504
v -0.30515736515779657 0.4134538181818185 -0.016025272727272766
v -0.3035690705393234 0.4134538181818185 0.0014262424242424028
v -0.3057942211088144 0.4134538181818185 0.01887775757575757
v -0.3084792520512208 0.4134538181818185 0.036329272727272835
v -0.3054799044941562 0.4134538181818185 0.05378078787878791
v -0.2988462535688221 0.4134538181818185 0.07123230303030298
v -0.2941179999999999 0.4132800162229467 0.07123230303030298
v -0.2941179999999999 0.4134538181818185 0.07979567278297203
v -0.2820597883580726 0.4134538181818185 -0.06837981818181818
v -0.27383399999999997 0.4134538181818185 -0.07865581840328972
v -0.2932919659490963 0.4134538181818185 -0.050928303030303004
v -0.2875104318230454 0.4134538181818185 0.08868381818181824
v -0.27383399999999997 0.4134538181818185 0.10390606918273353
v -0.2661294215421409 0.4134538181818185 -0.08583133333333334
v -0.25354999999999994 0.4134538181818185 -0.09641346220181926
v -0.27114669164436017 0.4134538181818185 0.10613533333333332
v -0.25354999999999994 0.4134538181818185 0.11971816542163563
v -0.24260109433206245 0.4134538181818185 -0.1032828484848485
v -0.23326599999999992 0.4134538181818185 -0.1088592788671707
v -0.2465309434503993 0.4134538181818185 0.12358684848484858
v -0.23326599999999992 0.4134538181818185 0.13076205144174854
v -0.2129819999999999 0.4134538181818185 -0.11741352382252855
v -0.2129819999999999 0.4134538181818185 0.1383240533190669
v -0.20289633223817277 0.4134538181818185 -0.12073436363636367
v -0.19269799999999987 0.4134538181818185 -0.12419098887945708
v -0.2039723253918903 0.4134538181818185 0.14103836363636366
v -0.19269799999999987 0.41318228575439364 0.14103836363636366
v -0.19269799999999987 0.4134538181818185 0.14478371915474728
v -0.17241399999999987 0.4134538181818185 -0.1294052227235977
v -0.17241399999999987 0.4134538181818185 0.15027886966965412
v -0.15212999999999996 0.4130665392389576 -0.13818587878787875
v -0.15212999999999996 0.4134538181818185 -0.13427561257771178
v -0.15212999999999996 0.4134538181818185 0.15507494273385342
v -0.13184599999999994 0.4134374684933201 -0.13818587878787875
v -0.13184599999999994 0.4134538181818185 -0.13802579259559694
v -0.13184599999999994 0.4134538181818185 0.1581925139640184
v -0.13184599999999994 0.41341319932470383 0.15848987878787874
v -0.1305813937864677 0.4134538181818185 -0.13818587878787875
v -0.11156199999999993 0.4134538181818185 -0.1403691523811614
v -0.12891796481777693 0.4134538181818185 0.15848987878787874
v -0.11156199999999993 0.4134538181818185 0.1601736066853748
v -0.09127799999999991 0.4134538181818185 -0.14187260740339827
v -0.09127799999999991 0.4134538181818185 0.16188922299058517
v -0.07099399999999989 0.4134538181818185 -0.14307611162697337
v -0.07099399999999989 0.4134538181818185 0.16329389715837309
v -0.05070999999999987 0.4134538181818185 -0.14361236022831034
v -0.05070999999999987 0.4134538181818185 0.16434557134387462
v -0.03042599999999997 0.4134538181818185 -0.1434514157775583
v -0.03042599999999997 0.4134538181818185 0.16478400690409054
v -0.010141999999999953 0.4134538181818185 -0.14514489024028965
v -0.010141999999999953 0.4134538181818185 0.1663430749886652
v 0.010142000000000064 0.4134538181818185 -0.14499724755441395
v 0.010142000000000064 0.4134538181818185 0.16637633838099686
v 0.030426000000000192 0.4134538181818185 -0.14289858576953957
v 0.030426000000000192 0.4134538181818185 0.16482443124161714
v 0.050710000000000095 0.4134538181818185 -0.14291791437136414
v 0.050710000000000095 0.4134538181818185 0.16441027728123475
v 0.070994 0.4134538181818185 -0.14261867039524612
v 0.070994 0.4134538181818185 0.16333031423038444
v 0.09127800000000014 0.4134538181818185 -0.14204976419031903
v 0.09127800000000014 0.4134538181818185 0.1619454742121209
v 0.11156200000000004 0.4134538181818185 -0.14117321927991477
v 0.11156200000000004 0.4134538181818185 0.16017285500384676
v 0.13184600000000016 0.4134538181818185 -0.13915361369776383
v 0.12852611735728497 0.4134538181818185 0.15848987878787874
v 0.13184600000000016 0.4134538181818185 0.1581471473824258
v 0.13184600000000016 0.41340700624952587 0.15848987878787874
v 0.13783581765702874 0.4134538181818185 -0.13818587878787875
v 0.15213000000000007 0.413152952669736 -0.13818587878787875
v 0.15213000000000007 0.4134538181818185 -0.13589283951864645
v 0.15213000000000007 0.4134538181818185 0.15494011826684584
v 0.17241399999999998 0.4134538181818185 -0.13211893072659098
v 0.17241399999999998 0.4134538181818185 0.15007207808707584
v 0.19269800000000012 0.4134538181818185 -0.12809921721878537
v 0.19269800000000012 0.413212815561443 0.14103836363636366
v 0.19269800000000012 0.4134538181818185 0.14439935617160496
v 0.212982 0.4134538181818185 -0.12105986229123358
v 0.212982 0.41344276102515304 -0.12073436363636367
v 0.20260577462568657 0.4134538181818185 0.14103836363636366
v 0.212982 0.4134538181818185 0.13786257355708328
v 0.21361816156387106 0.4134538181818185 -0.12073436363636367
v 0.23326600000000014 0.4134538181818185 -0.11131770974847668
v 0.23326600000000014 0.4134538181818185 0.1301402023806762
v 0.24567452205933352 0.4134538181818185 -0.1032828484848485
v 0.25355000000000005 0.4134538181818185 -0.09796989954238708
v 0.2451618892597245 0.4134538181818185 0.12358684848484858
v 0.25355000000000005 0.4134538181818185 0.11888453507304979
v 0.26747056413454345 0.4134538181818185 -0.08583133333333334
v 0.2738340000000002 0.4134538181818185 -0.07976148910656505
v 0.26967011913812133 0.4134538181818185 0.10613533333333332
v 0.2738340000000002 0.4134538181818185 0.10257624932162393
v 0.28309754136359677 0.4134538181818185 -0.06837981818181818
v 0.2941180000000001 0.4134538181818185 -0.05174254090456302
v 0.2941180000000001 0.41339673276962885 -0.050928303030303004
v 0.2941180000000001 0.413332093833505 0.07123230303030298
v 0.2860595817103644 0.4134538181818185 0.08868381818181824
v 0.2941180000000001 0.4134538181818185 0.07742585154190812
v 0.2945359763838589 0.4134538181818185 -0.050928303030303004
v 0.3021847161277957 0.4134538181818185 -0.033476787878787835
v 0.30615416532187606 0.4134538181818185 -0.016025272727272766
v 0.3040588672404261 0.4134538181818185 0.0014262424242424028
v 0.3051690858398659 0.4134538181818185 0.01887775757575757
v 0.3073641023736371 0.4134538181818185 0.036329272727272835
v 0.3041899781312526 0.4134538181818185 0.05378078787878791
v 0.29742027389604214 0.4134538181818185 0.07123230303030298
v -0.29912433890422857 0.4677765454545455 -0.033476787878787835
v -0.2941179999999999 0.4677765454545455 -0.045493960041068045
v -0.30480610242914663 0.4677765454545455 -0.016025272727272766
v -0.3035045304264458 0.4677765454545455 0.0014262424242424028
v -0.3067502256616475 0.4677765454545455 0.01887775757575757
v -0.3083144419857073 0.4677765454545455 0.036329272727272835
v -0.3036550267924634 0.4677765454545455 0.05378078787878791
v -0.2957881855194241 0.4677765454545455 0.07123230303030298
v -0.2941179999999999 0.4677765454545455 0.07477565688534284
v -0.27566900115266635 0.4677765454545455 -0.06837981818181818
v -0.27383399999999997 0.4677765454545455 -0.07084335186460959
v -0.2889063745290132 0.4677765454545455 -0.050928303030303004
v -0.282808589460484 0.4677765454545455 0.08868381818181824
v -0.27383399999999997 0.4677765454545455 0.09909498920000726
v -0.2562424198948673 0.4677765454545455 -0.08583133333333334
v -0.25354999999999994 0.4677765454545455 -0.0882232890676408
v -0.2641787695823751 0.4677765454545455 0.10613533333333332
v -0.25354999999999994 0.4677765454545455 0.11465108082929419
v -0.23326599999999992 0.4603682404616874 -0.1032828484848485
v -0.23326599999999992 0.4677765454545455 -0.10113968794085074
v -0.23745413915634203 0.4677765454545455 0.12358684848484858
v -0.23326599999999992 0.4677765454545455 0.12595602041422568
v -0.228777480116431 0.4677765454545455 -0.1032828484848485
v -0.2129819999999999 0.4677765454545455 -0.1110253524254215
v -0.2129819999999999 0.4677765454545455 0.13502912877006096
v -0.19269799999999987 0.4571427744651216 -0.12073436363636367
v -0.19269799999999987 0.4677765454545455 -0.11859832383877209
v -0.19519052265229764 0.4677765454545455 0.14103836363636366
v -0.19269799999999987 0.4677765454545455 0.14187125062543798
v -0.18484445295379115 0.4677765454545455 -0.12073436363636367
v -0.17241399999999987 0.4677765454545455 -0.12409775245289265
v -0.17241399999999987 0.4677765454545455 0.14683694953433435
v -0.15212999999999996 0.4677765454545455 -0.12829759234741278
v -0.15212999999999996 0.4677765454545455 0.15085672460559257
v -0.13184599999999994 0.4677765454545455 -0.1313047790669629
v -0.13184599999999994 0.4677765454545455 0.15365214541738406
v -0.11156199999999993 0.44127495933545274 -0.13818587878787875
v -0.11156199999999993 0.4677765454545455 -0.13336863587540243
v -0.11156199999999993 0.4677765454545455 0.15516654683510064
v -0.11156199999999993 0.44267841735689384 0.15848987878787874
v -0.09127799999999991 0.4503825450773802 -0.13818587878787875
v -0.09127799999999991 0.4677765454545455 -0.13448844145146585
v -0.09127799999999991 0.4677765454545455 0.15597150695616332
v -0.09127799999999991 0.45376540583473823 0.15848987878787874
v -0.07099399999999989 0.4527462108551213 -0.13818587878787875
v -0.07099399999999989 0.4677765454545455 -0.1346643401894456
v -0.07099399999999989 0.4677765454545455 0.1559279113914486
v -0.07099399999999989 0.45589834166728266 0.15848987878787874
v -0.05070999999999987 0.4498645839929012 -0.13818587878787875
v -0.05070999999999987 0.4677765454545455 -0.13397192574707217
v -0.05070999999999987 0.4677765454545455 0.15502753047341594
v -0.05070999999999987 0.4529821993158569 0.15848987878787874
v -0.03042599999999997 0.44203867906567645 -0.13818587878787875
v -0.03042599999999997 0.4677765454545455 -0.13253866721439955
v -0.03042599999999997 0.4677765454545455 0.15348996346171792
v -0.03042599999999997 0.44637449486594766 0.15848987878787874
v -0.010141999999999953 0.43704645010658283 -0.13818587878787875
v -0.010141999999999953 0.4677765454545455 -0.1302279696983808
v -0.010141999999999953 0.4677765454545455 0.1507891967327009
v -0.010141999999999953 0.4403870701750157 0.15848987878787874
v 0.010142000000000064 0.43661917873781736 -0.13818587878787875
v 0.010142000000000064 0.4677765454545455 -0.1301591416297597
v 0.010142000000000064 0.4677765454545455 0.15083437043335718
v 0.010142000000000064 0.440605317128299 0.15848987878787874
v 0.030426000000000192 0.4402464384556018 -0.13818587878787875
v 0.030426000000000192 0.4677765454545455 -0.13237040236059355
v 0.030426000000000192 0.4677765454545455 0.1535991437280428
v 0.030426000000000192 0.44683954138763504 0.15848987878787874
v 0.050710000000000095 0.44759042967330165 -0.13818587878787875
v 0.050710000000000095 0.4677765454545455 -0.1337880810320986
v 0.050710000000000095 0.4677765454545455 0.15515010080532501
v 0.050710000000000095 0.45348166820265545 0.15848987878787874
v 0.070994 0.45182546376536326 -0.13818587878787875
v 0.070994 0.4677765454545455 -0.13468678843887077
v 0.070994 0.4677765454545455 0.15601551386008178
v 0.070994 0.45624977872385386 0.15848987878787874
v 0.09127800000000014 0.45232975611819937 -0.13818587878787875
v 0.09127800000000014 0.4677765454545455 -0.1349032187447507
v 0.09127800000000014 0.4677765454545455 0.1560749691729253
v 0.09127800000000014 0.454271151070128 0.15848987878787874
v 0.11156200000000004 0.448503539150216 -0.13818587878787875
v 0.11156200000000004 0.4677765454545455 -0.13434281516533209
v 0.11156200000000004 0.4677765454545455 0.15527413172617688
v 0.11156200000000004 0.44300932659007364 0.15848987878787874
v 0.13184600000000016 0.4299854338069033 -0.13818587878787875
v 0.13184600000000016 0.4677765454545455 -0.1330124206693094
v 0.13184600000000016 0.4677765454545455 0.1537123743549289
v 0.15213000000000007 0.4677765454545455 -0.1304936600876136
v 0.15213000000000007 0.4677765454545455 0.15092154320762427
v 0.17241399999999998 0.4677765454545455 -0.12674852051867552
v 0.17241399999999998 0.4677765454545455 0.14679923695130093
v 0.19269800000000012 0.4677765454545455 -0.1214409115805159
v 0.19269800000000012 0.4677765454545455 0.14113254962668545
v 0.19466333807424951 0.4677765454545455 -0.12073436363636367
v 0.212982 0.41910688298925425 -0.12073436363636367
v 0.212982 0.4677765454545455 -0.1142932065107311
v 0.1929685820342576 0.4677765454545455 0.14103836363636366
v 0.212982 0.4677765454545455 0.13414983784808812
v 0.23326600000000014 0.4677765454545455 -0.10439404474779132
v 0.23326600000000014 0.4677765454545455 0.12453444085024809
v 0.2349777493267736 0.4677765454545455 -0.1032828484848485
v 0.25355000000000005 0.4677765454545455 -0.09160591839131026
v 0.23487424560642256 0.4677765454545455 0.12358684848484858
v 0.25355000000000005 0.4677765454545455 0.11278730456705673
v 0.26002723168375874 0.4677765454545455 -0.08583133333333334
v 0.2738340000000002 0.4677765454545455 -0.0742614471213613
v 0.26136693403089634 0.4677765454545455 0.10613533333333332
v 0.2738340000000002 0.4677765454545455 0.09642001277500163
v 0.27836545236143356 0.4677765454545455 -0.06837981818181818
v 0.29181970772846194 0.4677765454545455 -0.050928303030303004
v 0.2941180000000001 0.4283780566137378 -0.050928303030303004
v 0.2941180000000001 0.4677765454545455 -0.048717664163291555
v 0.293704287928036 0.4677765454545455 0.07123230303030298
v 0.2941180000000001 0.4677765454545455 0.07083915115558358
v 0.2941180000000001 0.46488339505252646 0.07123230303030298
v 0.2802109536550953 0.4677765454545455 0.08868381818181824
v 0.3008657615232311 0.4677765454545455 -0.033476787878787835
v 0.3060917162151213 0.4677765454545455 -0.016025272727272766
v 0.3042020806865831 0.4677765454545455 0.0014262424242424028
v 0.3058248731465891 0.4677765454545455 0.01887775757575757
v 0.3069392090628651 0.4677765454545455 0.036329272727272835
v 0.30191310407201644 0.4677765454545455 0.05378078787878791
v -0.2980181629886793 0.5220992727272731 -0.033476787878787835
v -0.2941179999999999 0.5220992727272731 -0.042121225736640434
v -0.3052131742661322 0.5220992727272731 -0.016025272727272766
v -0.3058828564118771 0.5220992727272731 0.0014262424242424028
v -0.31085185656021125 0.5220992727272731 0.01887775757575757
v -0.30887359723815516 0.5220992727272731 0.036329272727272835
v -0.3023734007386313 0.5220992727272731 0.05378078787878791
v -0.2941179999999999 0.5220992727272731 0.06936397305492045
v -0.2941179999999999 0.49715589408181443 0.07123230303030298
v -0.27383399999999997 0.4830920017605555 -0.06837981818181818
v -0.28364365712638906 0.5220992727272731 -0.050928303030303004
v -0.27383399999999997 0.5220992727272731 -0.06270133694561594
v -0.29146858936310327 0.5220992727272731 0.07123230303030298
v -0.27476519431532476 0.5220992727272731 0.08868381818181824
v -0.27383399999999997 0.5220992727272731 0.08978166579082178
v -0.25354999999999994 0.48140536998476596 -0.08583133333333334
v -0.2646831032773235 0.5220992727272731 -0.06837981818181818
v -0.25354999999999994 0.5220992727272731 -0.07757802083301692
v -0.25354999999999994 0.5220992727272731 0.10405228974354004
v -0.25354999999999994 0.5127109023018311 0.10613533333333332
v -0.23816996144571656 0.5220992727272731 -0.08583133333333334
v -0.23326599999999992 0.5220992727272731 -0.08889026336226366
v -0.2491562644598672 0.5220992727272731 0.10613533333333332
v -0.23326599999999992 0.5220992727272731 0.11493899489680984
v -0.23326599999999992 0.482385109160316 0.12358684848484858
v -0.2129819999999999 0.5046416804725725 -0.1032828484848485
v -0.2129819999999999 0.5220992727272731 -0.09818757390163703
v -0.2129819999999999 0.5220992727272731 0.12324265614964237
v -0.2129819999999999 0.5209597351539538 0.12358684848484858
v -0.19911980862351175 0.5220992727272731 -0.1032828484848485
v -0.19269799999999987 0.5220992727272731 -0.10574262204559223
v -0.2119054511733028 0.5220992727272731 0.12358684848484858
v -0.19269799999999987 0.5220992727272731 0.12991543538375844
v -0.19269799999999987 0.4731380123080276 0.14103836363636366
v -0.17241399999999987 0.486855646509533 -0.12073436363636367
v -0.17241399999999987 0.5220992727272731 -0.11176775312366281
v -0.17241399999999987 0.5220992727272731 0.13502334487641554
v -0.17241399999999987 0.4995303344566376 0.14103836363636366
v -0.15212999999999996 0.5074495211220416 -0.12073436363636367
v -0.15212999999999996 0.5220992727272731 -0.11661708791807114
v -0.15212999999999996 0.5220992727272731 0.13922642281033476
v -0.15212999999999996 0.5161104881163483 0.14103836363636366
v -0.13184599999999994 0.5219391467601944 -0.12073436363636367
v -0.13184599999999994 0.5220992727272731 -0.12068823533684564
v -0.13966761505348946 0.5220992727272731 0.14103836363636366
v -0.13184599999999994 0.5220992727272731 0.14204518236994484
v -0.131471840343419 0.5220992727272731 -0.12073436363636367
v -0.11156199999999993 0.5220992727272731 -0.12274380223696761
v -0.11156199999999993 0.5220992727272731 0.14379159838060177
v -0.09127799999999991 0.5220992727272731 -0.12381330031076397
v -0.09127799999999991 0.5220992727272731 0.1445747327120036
v -0.07099399999999989 0.5220992727272731 -0.12397028245563345
v -0.07099399999999989 0.5220992727272731 0.14450049017890607
v -0.05070999999999987 0.5220992727272731 -0.1234878081069919
v -0.05070999999999987 0.5220992727272731 0.14382576255957058
v -0.03042599999999997 0.5220992727272731 -0.12266378295853993
v -0.03042599999999997 0.5220992727272731 0.14298211577305284
v -0.010141999999999953 0.5220992727272731 -0.12319125431457903
v -0.010141999999999953 0.5220992727272731 0.14378641781112567
v 0.010142000000000064 0.5220992727272731 -0.12302137436593708
v 0.010142000000000064 0.5220992727272731 0.14389981362287899
v 0.030426000000000192 0.5220992727272731 -0.12251167236193074
v 0.030426000000000192 0.5220992727272731 0.1431238269507822
v 0.050710000000000095 0.5220992727272731 -0.12330730553084321
v 0.050710000000000095 0.5220992727272731 0.1439668916257003
v 0.070994 0.5220992727272731 -0.12400012677887984
v 0.070994 0.5220992727272731 0.1446402063657354
v 0.09127800000000014 0.5220992727272731 -0.12414919078185596
v 0.09127800000000014 0.5220992727272731 0.14466332666545545
v 0.11156200000000004 0.5220992727272731 -0.12355367997496415
v 0.11156200000000004 0.5220992727272731 0.14377095656222527
v 0.13184600000000016 0.5220992727272731 -0.12199126365071242
v 0.13184600000000016 0.5220992727272731 0.1418240329971775
v 0.13963762007919556 0.5220992727272731 -0.12073436363636367
v 0.15213000000000007 0.5147468530020175 -0.12073436363636367
v 0.15213000000000007 0.5220992727272731 -0.11847994792024916
v 0.13720222759948383 0.5220992727272731 0.14103836363636366
v 0.15213000000000007 0.5220992727272731 0.13858733430990197
v 0.15213000000000007 0.5142406419375142 0.14103836363636366
v 0.17241399999999998 0.49990825501172664 -0.12073436363636367
v 0.17241399999999998 0.5220992727272731 -0.11445447318249101
v 0.17241399999999998 0.5220992727272731 0.13441916334040815
v 0.17241399999999998 0.4982217329021445 0.14103836363636366
v 0.19269800000000012 0.4720505303131595 -0.12073436363636367
v 0.19269800000000012 0.5220992727272731 -0.10871145611357927
v 0.19269800000000012 0.5220992727272731 0.128791199715671
v 0.19269800000000012 0.4683720903701479 0.14103836363636366
v 0.20847384510778913 0.5220992727272731 -0.1032828484848485
v 0.212982 0.5173939902682697 -0.1032828484848485
v 0.212982 0.5220992727272731 -0.10178049779791244
v 0.2081501323008315 0.5220992727272731 0.12358684848484858
v 0.212982 0.5220992727272731 0.12200784143169677
v 0.212982 0.5169064847120728 0.12358684848484858
v 0.23326600000000014 0.47430869848117946 -0.1032828484848485
v 0.23326600000000014 0.5220992727272731 -0.09280159888365586
v 0.23326600000000014 0.5220992727272731 0.11332007074279091
v 0.23326600000000014 0.4736811520240399 0.12358684848484858
v 0.24476818075203188 0.5220992727272731 -0.08583133333333334
v 0.25355000000000005 0.4998760112413524 -0.08583133333333334
v 0.25355000000000005 0.5220992727272731 -0.08124485884834641
v 0.24560526401338614 0.5220992727272731 0.10613533333333332
v 0.25355000000000005 0.5220992727272731 0.10216651055317554
v 0.25355000000000005 0.5035964605485429 0.10613533333333332
v 0.2699439774448035 0.5220992727272731 -0.06837981818181818
v 0.2738340000000002 0.5058912149173238 -0.06837981818181818
v 0.2738340000000002 0.5220992727272731 -0.06611903666201817
v 0.2713707161167236 0.5220992727272731 0.08868381818181824
v 0.2738340000000002 0.5220992727272731 0.08726327390786803
v 0.2738340000000002 0.5133878034420286 0.08868381818181824
v 0.2872160616490006 0.5220992727272731 -0.050928303030303004
v 0.2941180000000001 0.5220992727272731 -0.04559147063695812
v 0.2882524996518767 0.5220992727272731 0.07123230303030298
v 0.2941180000000001 0.5220992727272731 0.06666998969609564
v 0.29995672728787737 0.5220992727272731 -0.033476787878787835
v 0.3066875213975073 0.5220992727272731 -0.016025272727272766
v 0.30717736271510604 0.5220992727272731 0.0014262424242424028
v 0.30920905587112657 0.5220992727272731 0.01887775757575757
v 0.3072939816547774 0.5220992727272731 0.036329272727272835
v 0.30049964247561517 0.5220992727272731 0.05378078787878791
v -0.31487190272974774 0.5764220000000001 0.0014262424242424028
v -0.31440199999999985 0.5764220000000001 -0.0009084099098284537
v -0.31440199999999985 0.574096696588814 0.0014262424242424028
v -0.31714840606491373 0.5764220000000001 0.01887775757575757
v -0.31440199999999985 0.5505377190012652 0.01887775757575757
v -0.31440199999999985 0.5764220000000001 0.030568622024373222
v -0.2975154403637349 0.5764220000000001 -0.033476787878787835
v -0.2941179999999999 0.5764220000000001 -0.040447985847861294
v -0.3060838515858942 0.5764220000000001 -0.016025272727272766
v -0.30987198464059024 0.5764220000000001 0.036329272727272835
v -0.30147870643267016 0.5764220000000001 0.05378078787878791
v -0.2941179999999999 0.5764220000000001 0.06684102930361288
v -0.27954848062760207 0.5764220000000001 -0.050928303030303004
v -0.27383399999999997 0.5764220000000001 -0.05727186458898291
v -0.2870375466235974 0.5764220000000001 0.07123230303030298
v -0.27383399999999997 0.5764220000000001 0.08375283383471728
v -0.27383399999999997 0.5301830422704018 0.08868381818181824
v -0.25354999999999994 0.5762774463360333 -0.06837981818181818
v -0.25354999999999994 0.5764220000000001 -0.0683579140701011
v -0.2631791918083774 0.5764220000000001 0.08868381818181824
v -0.25354999999999994 0.5764220000000001 0.09478677100486205
v -0.23326599999999992 0.537052053239078 -0.08583133333333334
v -0.25348048789482286 0.5764220000000001 -0.06837981818181818
v -0.23326599999999992 0.5764220000000001 -0.07723464849729236
v -0.23326599999999992 0.5764220000000001 0.10162958657636346
v -0.23326599999999992 0.5580713277274518 0.10613533333333332
v -0.2129819999999999 0.5723255821302857 -0.08583133333333334
v -0.2129819999999999 0.5764220000000001 -0.08465356191958404
v -0.2183932744718209 0.5764220000000001 0.10613533333333332
v -0.2129819999999999 0.5764220000000001 0.10820783308857523
v -0.19269799999999987 0.5334438242212959 -0.1032828484848485
v -0.20918420212063416 0.5764220000000001 -0.08583133333333334
v -0.19269799999999987 0.5764220000000001 -0.09156420078989491
v -0.19269799999999987 0.5764220000000001 0.11420971101588887
v -0.19269799999999987 0.5466190536886139 0.12358684848484858
v -0.17241399999999987 0.5579539135500476 -0.1032828484848485
v -0.17241399999999987 0.5764220000000001 -0.0979320162970644
v -0.17241399999999987 0.5764220000000001 0.11935421346087607
v -0.17241399999999987 0.5639981454975196 0.12358684848484858
v -0.15212999999999996 0.575166884441844 -0.1032828484848485
v -0.15212999999999996 0.5764220000000001 -0.10289880329528853
v -0.15292680346200566 0.5764220000000001 0.12358684848484858
v -0.15212999999999996 0.5764220000000001 0.12374432090753315
v -0.1503399338936315 0.5764220000000001 -0.1032828484848485
v -0.13184599999999994 0.5764220000000001 -0.10666035038057516
v -0.13184599999999994 0.5764220000000001 0.1268571757405041
v -0.13184599999999994 0.5263444982970541 0.14103836363636366
v -0.11156199999999993 0.531404035662162 -0.12073436363636367
v -0.11156199999999993 0.5764220000000001 -0.10947613501273354
v -0.11156199999999993 0.5764220000000001 0.12956215653518735
v -0.11156199999999993 0.5339306515416876 0.14103836363636366
v -0.09127799999999991 0.5366696691631357 -0.12073436363636367
v -0.09127799999999991 0.5764220000000001 -0.11143360617937503
v -0.09127799999999991 0.5764220000000001 0.1312113528561703
v -0.09127799999999991 0.5375972916462478 0.14103836363636366
v -0.07099399999999989 0.5378222371272056 -0.12073436363636367
v -0.07099399999999989 0.5764220000000001 -0.11230445720365581
v -0.07099399999999989 0.5764220000000001 0.13191422693933963
v -0.07099399999999989 0.5376845262515595 0.14103836363636366
v -0.05070999999999987 0.5355001747798465 -0.12073436363636367
v -0.05070999999999987 0.5764220000000001 -0.11234724070121326
v -0.05070999999999987 0.5764220000000001 0.13190382991823688
v -0.05070999999999987 0.5347401035572686 0.14103836363636366
v -0.03042599999999997 0.5308708684799242 -0.12073436363636367
v -0.03042599999999997 0.5764220000000001 -0.1119603685445501
v -0.03042599999999997 0.5764220000000001 0.13164900664791343
v -0.03042599999999997 0.5305387701693792 0.14103836363636366
v -0.010141999999999953 0.5290709528898128 -0.12073436363636367
v -0.010141999999999953 0.5764220000000001 -0.11210664796048
v -0.010141999999999953 0.5764220000000001 0.13197012710736636
v -0.010141999999999953 0.5298681005994212 0.14103836363636366
v 0.010142000000000064 0.5285649105487074 -0.12073436363636367
v 0.010142000000000064 0.5764220000000001 -0.11204465806186359
v 0.010142000000000064 0.5764220000000001 0.13201226520100642
v 0.010142000000000064 0.5302064055802674 0.14103836363636366
v 0.030426000000000192 0.5301514822021283 -0.12073436363636367
v 0.030426000000000192 0.5764220000000001 -0.11182399966980432
v 0.030426000000000192 0.5764220000000001 0.13177947064161152
v 0.030426000000000192 0.5311653041129325 0.14103836363636366
v 0.050710000000000095 0.5346638857800574 -0.12073436363636367
v 0.050710000000000095 0.5764220000000001 -0.11222890380139203
v 0.050710000000000095 0.5764220000000001 0.1321117414661626
v 0.050710000000000095 0.5355069923160246 0.14103836363636366
v 0.070994 0.538132424432922 -0.12073436363636367
v 0.070994 0.5764220000000001 -0.11238417224014247
v 0.070994 0.5764220000000001 0.1321738256907593
v 0.070994 0.5384910381992517 0.14103836363636366
v 0.09127800000000014 0.5385226177035084 -0.12073436363636367
v 0.09127800000000014 0.5764220000000001 -0.11184221920799227
v 0.09127800000000014 0.5764220000000001 0.1315546468203114
v 0.09127800000000014 0.5381929768235018 0.14103836363636366
v 0.11156200000000004 0.5351538817555517 -0.12073436363636367
v 0.11156200000000004 0.5764220000000001 -0.11054497099360559
v 0.11156200000000004 0.5764220000000001 0.1297423350748914
v 0.11156200000000004 0.5338779985686332 0.14103836363636366
v 0.13184600000000016 0.5277749588939562 -0.12073436363636367
v 0.13184600000000016 0.5764220000000001 -0.10830100762325487
v 0.13184600000000016 0.5764220000000001 0.12702359813986566
v 0.13184600000000016 0.525452535748568 0.14103836363636366
v 0.15213000000000007 0.5764220000000001 -0.10504838867344753
v 0.15213000000000007 0.5764220000000001 0.1236011235173658
v 0.16081050552246803 0.5764220000000001 -0.1032828484848485
v 0.17241399999999998 0.5675837080595938 -0.1032828484848485
v 0.17241399999999998 0.5764220000000001 -0.10071604152504468
v 0.1521972641231179 0.5764220000000001 0.12358684848484858
v 0.17241399999999998 0.5764220000000001 0.11891663488303349
v 0.17241399999999998 0.5620531417797303 0.12358684848484858
v 0.19269800000000012 0.5462637978146698 -0.1032828484848485
v 0.19269800000000012 0.5764220000000001 -0.09501476862847638
v 0.19269800000000012 0.5764220000000001 0.11337956959871628
v 0.19269800000000012 0.5424448092503594 0.12358684848484858
v 0.212982 0.5764220000000001 -0.08830943485538013
v 0.212982 0.5764220000000001 0.10682836515697575
v 0.21915542973208404 0.5764220000000001 -0.08583133333333334
v 0.23326600000000014 0.5548739053254336 -0.08583133333333334
v 0.23326600000000014 0.5764220000000001 -0.08092149966217453
v 0.21464359592580837 0.5764220000000001 0.10613533333333332
v 0.23326600000000014 0.5764220000000001 0.09995485384544747
v 0.23326600000000014 0.5512881762115316 0.10613533333333332
v 0.25355000000000005 0.5764220000000001 -0.07229163397115024
v 0.25355000000000005 0.5764220000000001 0.09236646981372369
v 0.2591129783020808 0.5764220000000001 -0.06837981818181818
v 0.2738340000000002 0.5764220000000001 -0.06090173962372855
v 0.25889229678297315 0.5764220000000001 0.08868381818181824
v 0.2738340000000002 0.5764220000000001 0.08109456712567199
v 0.28343168496301624 0.5764220000000001 -0.050928303030303004
v 0.2941180000000001 0.5764220000000001 -0.04389132694359025
v 0.2834822414609847 0.5764220000000001 0.07123230303030298
v 0.2941180000000001 0.5764220000000001 0.06396905533998686
v 0.2995506902411116 0.5764220000000001 -0.033476787878787835
v 0.30778053762346014 0.5764220000000001 -0.016025272727272766
v 0.31440199999999996 0.5764220000000001 -0.007941625912530524
v 0.31440199999999996 0.563001939424438 0.0014262424242424028
v 0.31440199999999996 0.5654017587309444 0.01887775757575757
v 0.3081045888819317 0.5764220000000001 0.036329272727272835
v 0.31440199999999996 0.5764220000000001 0.02557789815821987
v 0.29951285939476685 0.5764220000000001 0.05378078787878791
v 0.3168645671521823 0.5764220000000001 0.0014262424242424028
v 0.31569320792126004 0.5764220000000001 0.01887775757575757
v -0.32138221917054666 0.6307447272727278 0.0014262424242424028
v -0.31440199999999985 0.6307447272727278 -0.013238396243019075
v -0.32070030913656644 0.6307447272727278 0.01887775757575757
v -0.31440199999999985 0.6307447272727278 0.034945584176993734
v -0.29751199098636016 0.6307447272727278 -0.033476787878787835
v -0.2941179999999999 0.6307447272727278 -0.03981715055842058
v -0.3076909502766297 0.6307447272727278 -0.016025272727272766
v -0.31161101079723014 0.6307447272727278 0.036329272727272835
v -0.3012260256221218 0.6307447272727278 0.05378078787878791
v -0.2941179999999999 0.6307447272727278 0.06511336816063251
v -0.2760971099814608 0.6307447272727278 -0.050928303030303004
v -0.27383399999999997 0.6307447272727278 -0.05327416366307385
v -0.28243047847156844 0.6307447272727278 0.07123230303030298
v -0.27383399999999997 0.6307447272727278 0.07893694625107396
v -0.25354999999999994 0.6307447272727278 -0.0629926218938956
v -0.25354999999999994 0.6307447272727278 0.08720107131147004
v -0.25354999999999994 0.6189834625536628 0.08868381818181824
v -0.2340594302501244 0.6307447272727278 -0.06837981818181818
v -0.23326599999999992 0.6307447272727278 -0.0686860857000567
v -0.24661177249012917 0.6307447272727278 0.08868381818181824
v -0.23326599999999992 0.6307447272727278 0.0926193305109014
v -0.2129819999999999 0.6307447272727278 -0.0737554552106344
v -0.2129819999999999 0.6307447272727278 0.09668414086634258
v -0.2129819999999999 0.5864330855483801 0.10613533333333332
v -0.19269799999999987 0.6009559204512246 -0.08583133333333334
v -0.19269799999999987 0.6307447272727278 -0.07843846327740962
v -0.19269799999999987 0.6307447272727278 0.10039857571977555
v -0.19269799999999987 0.6094946483024779 0.10613533333333332
v -0.17241399999999987 0.6227339446004895 -0.08583133333333334
v -0.17241399999999987 0.6307447272727278 -0.0834032957373774
v -0.17241399999999987 0.6307447272727278 0.10439991790920726
v -0.17241399999999987 0.6251658959712152 0.10613533333333332
v -0.16355575623567592 0.6307447272727278 -0.08583133333333334
v -0.15212999999999996 0.6307447272727278 -0.08866217600031076
v -0.16481915477290585 0.6307447272727278 0.10613533333333332
v -0.15212999999999996 0.6307447272727278 0.1087175793238887
v -0.15212999999999996 0.577060318468799 0.12358684848484858
v -0.13184599999999994 0.591532011009457 -0.1032828484848485
v -0.13184599999999994 0.6307447272727278 -0.09330088484084252
v -0.13184599999999994 0.6307447272727278 0.11264537406641047
v -0.13184599999999994 0.5898691824145801 0.12358684848484858
v -0.11156199999999993 0.6043582228028637 -0.1032828484848485
v -0.11156199999999993 0.6307447272727278 -0.09682767224973145
v -0.11156199999999993 0.6307447272727278 0.11568638986754129
v -0.11156199999999993 0.600889641156958 0.12358684848484858
v -0.09127799999999991 0.6149228057774475 -0.1032828484848485
v -0.09127799999999991 0.6307447272727278 -0.09969267301031605
v -0.09127799999999991 0.6307447272727278 0.11829011989022722
v -0.09127799999999991 0.6092205444889025 0.12358684848484858
v -0.07099399999999989 0.6210251593384013 -0.1032828484848485
v -0.07099399999999989 0.6307447272727278 -0.10120702854327035
v -0.07099399999999989 0.6307447272727278 0.11978240522582381
v -0.07099399999999989 0.6142856299929416 0.12358684848484858
v -0.05070999999999987 0.6227902915232248 -0.1032828484848485
v -0.05070999999999987 0.6307447272727278 -0.10164207461582125
v -0.05070999999999987 0.6307447272727278 0.12031140856930612
v -0.05070999999999987 0.6157312984018519 0.12358684848484858
v -0.03042599999999997 0.6212052526922464 -0.1032828484848485
v -0.03042599999999997 0.6307447272727278 -0.10123297245085885
v -0.03042599999999997 0.6307447272727278 0.12003467071279118
v -0.03042599999999997 0.6148033092697859 0.12358684848484858
v -0.010141999999999953 0.6159783202956585 -0.1032828484848485
v -0.010141999999999953 0.6307447272727278 -0.09835238232345028
v -0.010141999999999953 0.6307447272727278 0.11735515531752666
v -0.010141999999999953 0.6106697261884846 0.12358684848484858
v 0.010142000000000064 0.6155568382625425 -0.1032828484848485
v 0.010142000000000064 0.6307447272727278 -0.09822636151206623
v 0.010142000000000064 0.6307447272727278 0.11741718979421163
v 0.010142000000000064 0.6108990820134758 0.12358684848484858
v 0.030426000000000192 0.6203501710483005 -0.1032828484848485
v 0.030426000000000192 0.6307447272727278 -0.10104375458792311
v 0.030426000000000192 0.6307447272727278 0.12017626763762192
v 0.030426000000000192 0.6154546718434487 0.12358684848484858
v 0.050710000000000095 0.6219362822619285 -0.1032828484848485
v 0.050710000000000095 0.6307447272727278 -0.10145206362206499
v 0.050710000000000095 0.6307447272727278 0.12046539395375751
v 0.050710000000000095 0.6165091878797931 0.12358684848484858
v 0.070994 0.6207188922851457 -0.1032828484848485
v 0.070994 0.6307447272727278 -0.10111332495897545
v 0.070994 0.6307447272727278 0.1199547738521779
v 0.070994 0.6151248425446029 0.12358684848484858
v 0.09127800000000014 0.6156969623262776 -0.1032828484848485
v 0.09127800000000014 0.6307447272727278 -0.09980519507065
v 0.09127800000000014 0.6307447272727278 0.11844904205855426
v 0.09127800000000014 0.6102051857364178 0.12358684848484858
v 0.11156200000000004 0.6075439482979961 -0.1032828484848485
v 0.11156200000000004 0.6307447272727278 -0.09733302815407209
v 0.11156200000000004 0.6307447272727278 0.11577571192877094
v 0.11156200000000004 0.6014528045071706 0.12358684848484858
v 0.13184600000000016 0.5977859533356839 -0.1032828484848485
v 0.13184600000000016 0.6307447272727278 -0.09450716466228669
v 0.13184600000000016 0.6307447272727278 0.11280304569646599
v 0.13184600000000016 0.5905463456531275 0.12358684848484858
v 0.15213000000000007 0.5837562428474492 -0.1032828484848485
v 0.15213000000000007 0.6307447272727278 -0.09045569520315766
v 0.15213000000000007 0.6307447272727278 0.10864888571948492
v 0.15213000000000007 0.5764798620870871 0.12358684848484858
v 0.17241399999999998 0.6307447272727278 -0.08600625275719839
v 0.163870187938732 0.6307447272727278 0.10613533333333332
v 0.17241399999999998 0.6307447272727278 0.10409882631473827
v 0.17241399999999998 0.6240896151769093 0.10613533333333332
v 0.17319324965103375 0.6307447272727278 -0.08583133333333334
v 0.19269800000000012 0.6137735709081654 -0.08583133333333334
v 0.19269800000000012 0.6307447272727278 -0.08137962123242834
v 0.19269800000000012 0.6307447272727278 0.09959971914693513
v 0.19269800000000012 0.6062602314133994 0.10613533333333332
v 0.212982 0.5886961335850731 -0.08583133333333334
v 0.212982 0.6307447272727278 -0.07692330341030602
v 0.212982 0.6307447272727278 0.09533676239378673
v 0.212982 0.579783267817542 0.10613533333333332
v 0.23326600000000014 0.6307447272727278 -0.07208388580261353
v 0.23326600000000014 0.6307447272727278 0.0906929163482557
v 0.24405678759792504 0.6307447272727278 -0.06837981818181818
v 0.25355000000000005 0.6085721889087589 -0.06837981818181818
v 0.25355000000000005 0.6307447272727278 -0.06604410144190478
v 0.2391187532843774 0.6307447272727278 0.08868381818181824
v 0.25355000000000005 0.6307447272727278 0.08508102827113276
v 0.25355000000000005 0.6020174543351187 0.08868381818181824
v 0.2738340000000002 0.6307447272727278 -0.0568786704405074
v 0.2738340000000002 0.6307447272727278 0.07582676815833277
v 0.28001847384059486 0.6307447272727278 -0.050928303030303004
v 0.2941180000000001 0.6307447272727278 -0.043014084041214
v 0.27858371512524516 0.6307447272727278 0.07123230303030298
v 0.2941180000000001 0.6307447272727278 0.062238004604885995
v 0.29957231975590837 0.6307447272727278 -0.033476787878787835
v 0.309622152636688 0.6307447272727278 -0.016025272727272766
v 0.31440199999999996 0.6307447272727278 -0.014312624277465422
v 0.3094695206403989 0.6307447272727278 0.036329272727272835
v 0.31440199999999996 0.6307447272727278 0.03346379586802061
v 0.29907230006602836 0.6307447272727278 0.05378078787878791
v 0.3222615002547681 0.6307447272727278 0.0014262424242424028
v 0.31974405151107477 0.6307447272727278 0.01887775757575757
v -0.3236473757667995 0.6850674545454547 0.0014262424242424028
v -0.31440199999999985 0.6850674545454547 -0.014945244349803904
v -0.3223084567052981 0.6850674545454547 0.01887775757575757
v -0.31440199999999985 0.6850674545454547 0.03610636657109346
v -0.2976355398365232 0.6850674545454547 -0.033476787878787835
v -0.2941179999999999 0.6850674545454547 -0.03954696664531304
v -0.30965116633013007 0.6850674545454547 -0.016025272727272766
v -0.31367454711204795 0.6850674545454547 0.036329272727272835
v -0.3010449903942103 0.6850674545454547 0.05378078787878791
v -0.2941179999999999 0.6850674545454547 0.06406071581141051
v -0.27383399999999997 0.684735389202084 -0.050928303030303004
v -0.27383399999999997 0.6850674545454547 -0.05091881875324464
v -0.27931783147375 0.6850674545454547 0.07123230303030298
v -0.27383399999999997 0.6850674545454547 0.0756072040465293
v -0.27378965884142203 0.6850674545454547 -0.050928303030303004
v -0.25354999999999994 0.6850674545454547 -0.058319517439720615
v -0.25354999999999994 0.6850674545454547 0.08175680102277824
v -0.23326599999999992 0.6330404812988877 -0.06837981818181818
v -0.23326599999999992 0.6850674545454547 -0.061740019012063024
v -0.23326599999999992 0.6850674545454547 0.08462562311196335
v -0.23326599999999992 0.6570616303080751 0.08868381818181824
v -0.2129819999999999 0.6626147563549376 -0.06837981818181818
v -0.2129819999999999 0.6850674545454547 -0.0644394492169378
v -0.2129819999999999 0.6850674545454547 0.08645935406163648
v -0.2129819999999999 0.6736545145669522 0.08868381818181824
v -0.19269799999999987 0.6817930803984261 -0.06837981818181818
v -0.19269799999999987 0.6850674545454547 -0.0676519619746231
v -0.19269799999999987 0.6850674545454547 0.08864407128433056
v -0.19269799999999987 0.6849010909686838 0.08868381818181824
v -0.18905009232821401 0.6850674545454547 -0.06837981818181818
v -0.17241399999999987 0.6850674545454547 -0.07153421784453584
v -0.1924137076345208 0.6850674545454547 0.08868381818181824
v -0.17241399999999987 0.6850674545454547 0.09136240098117987
v -0.15212999999999996 0.6439615779171214 -0.08583133333333334
v -0.15212999999999996 0.6850674545454547 -0.07626349345999091
v -0.15212999999999996 0.6850674545454547 0.09506553296163664
v -0.15212999999999996 0.6417753939194725 0.10613533333333332
v -0.13184599999999994 0.6655975231638274 -0.08583133333333334
v -0.13184599999999994 0.6850674545454547 -0.08130766432941389
v -0.13184599999999994 0.6850674545454547 0.0994300959336357
v -0.13184599999999994 0.6585895391349869 0.10613533333333332
v -0.1118050499249857 0.6850674545454547 -0.08583133333333334
v -0.11156199999999993 0.6850674545454547 -0.08587368811715118
v -0.11156199999999993 0.6850674545454547 0.10354745999753304
v -0.11156199999999993 0.6740592108899632 0.10613533333333332
v -0.09127799999999991 0.6850674545454547 -0.08918648935665129
v -0.09680200732012514 0.6850674545454547 0.10613533333333332
v -0.09127799999999991 0.6850674545454547 0.10682884649202687
v -0.07099399999999989 0.6850674545454547 -0.09117706645887617
v -0.07099399999999989 0.6850674545454547 0.10886857691790745
v -0.05070999999999987 0.6850674545454547 -0.09194026331446149
v -0.05070999999999987 0.6850674545454547 0.10985900660939424
v -0.03042599999999997 0.6850674545454547 -0.09202435236408134
v -0.03042599999999997 0.6850674545454547 0.11025933950576357
v -0.010141999999999953 0.6850674545454547 -0.09386582398075029
v -0.010141999999999953 0.6850674545454547 0.11298115006553872
v 0.010142000000000064 0.6850674545454547 -0.09379133418978135
v 0.010142000000000064 0.6850674545454547 0.11304112325600578
v 0.030426000000000192 0.6850674545454547 -0.09185809111651691
v 0.030426000000000192 0.6850674545454547 0.1103774074385138
v 0.050710000000000095 0.6850674545454547 -0.09175113210742813
v 0.050710000000000095 0.6850674545454547 0.10998405417675831
v 0.070994 0.6850674545454547 -0.09109528658427708
v 0.070994 0.6850674545454547 0.10902525654068443
v 0.09127800000000014 0.6850674545454547 -0.08928648060485535
v 0.09127800000000014 0.6850674545454547 0.10693475810549286
v 0.11156200000000004 0.6850674545454547 -0.08625081882657265
v 0.0973522159887323 0.6850674545454547 0.10613533333333332
v 0.11156200000000004 0.6850674545454547 0.10352765415752455
v 0.11156200000000004 0.6740669286388651 0.10613533333333332
v 0.1141436483033039 0.6850674545454547 -0.08583133333333334
v 0.13184600000000016 0.6697682850968925 -0.08583133333333334
v 0.13184600000000016 0.6850674545454547 -0.08209837303642303
v 0.13184600000000016 0.6850674545454547 0.09919648435756527
v 0.13184600000000016 0.6584367818416057 0.10613533333333332
v 0.15213000000000007 0.6514021742203004 -0.08583133333333334
v 0.15213000000000007 0.6850674545454547 -0.07752475015498814
v 0.15213000000000007 0.6850674545454547 0.09451751385003868
v 0.15213000000000007 0.6411144364872856 0.10613533333333332
v 0.17241399999999998 0.631589716555336 -0.08583133333333334
v 0.17241399999999998 0.6850674545454547 -0.07381419865253407
v 0.17241399999999998 0.6850674545454547 0.09091276668493975
v 0.19269800000000012 0.6850674545454547 -0.07043422156037747
v 0.18629238171954304 0.6850674545454547 0.08868381818181824
v 0.19269800000000012 0.6850674545454547 0.08761231089497812
v 0.19269800000000012 0.6806118304523109 0.08868381818181824
v 0.20623923296058455 0.6850674545454547 -0.06837981818181818
v 0.212982 0.6799612696874359 -0.06837981818181818
v 0.212982 0.6850674545454547 -0.0674488368691917
v 0.212982 0.6850674545454547 0.0849279307842633
v 0.212982 0.6659245956946529 0.08868381818181824
v 0.23326600000000014 0.6579025472781809 -0.06837981818181818
v 0.23326600000000014 0.6850674545454547 -0.0647998528697792
v 0.23326600000000014 0.6850674545454547 0.08266404619712164
v 0.23326600000000014 0.6439262658740668 0.08868381818181824
v 0.25355000000000005 0.6850674545454547 -0.061287512214355265
v 0.25355000000000005 0.6850674545454547 0.079539264520557
v 0.2738340000000002 0.6850674545454547 -0.05449877858239617
v 0.2738340000000002 0.6850674545454547 0.07279156974459357
v 0.2779362033784832 0.6850674545454547 -0.050928303030303004
v 0.2941180000000001 0.6850674545454547 -0.04270661079815953
v 0.275627620379362 0.6850674545454547 0.07123230303030298
v 0.2941180000000001 0.6850674545454547 0.06130391073873274
v 0.2998407614144089 0.6850674545454547 -0.033476787878787835
v 0.3120447084002741 0.6850674545454547 -0.016025272727272766
v 0.31440199999999996 0.6850674545454547 -0.015546995383124148
v 0.3111732081107357 0.6850674545454547 0.036329272727272835
v 0.31440199999999996 0.6850674545454547 0.0352066348022488
v 0.2988516385106649 0.6850674545454547 0.05378078787878791
v 0.3241928645215077 0.6850674545454547 0.0014262424242424028
v 0.321602810960941 0.6850674545454547 0.01887775757575757
v -0.32398708166549206 0.7393901818181818 0.0014262424242424028
v -0.31440199999999985 0.7393901818181818 -0.015758592262750885
v -0.3228977491950488 0.7393901818181818 0.01887775757575757
v -0.31542418811994244 0.7393901818181818 0.036329272727272835
v -0.31440199999999985 0.6997804392097752 0.036329272727272835
v -0.31440199999999985 0.7393901818181818 0.039994720830759195
v -0.29847247380324743 0.7393901818181818 -0.033476787878787835
v -0.2941179999999999 0.7393901818181818 -0.04025968614423188
v -0.3128362613279612 0.7393901818181818 -0.016025272727272766
v -0.30151620224167036 0.7393901818181818 0.05378078787878791
v -0.2941179999999999 0.7393901818181818 0.06372285175005131
v -0.27383399999999997 0.7393901818181818 -0.0498193984044165
v -0.27695605445915167 0.7393901818181818 0.07123230303030298
v -0.27383399999999997 0.7393901818181818 0.07357039490686573
v -0.2678081407650844 0.7393901818181818 -0.050928303030303004
v -0.25354999999999994 0.7393901818181818 -0.055629485075749135
v -0.25354999999999994 0.7393901818181818 0.07861158398556703
v -0.23326599999999992 0.7393901818181818 -0.057289155518249577
v -0.23326599999999992 0.7393901818181818 0.0791108894842593
v -0.2129819999999999 0.7393901818181818 -0.057066551969687324
v -0.2129819999999999 0.7393901818181818 0.07803105575270754
v -0.19269799999999987 0.7393901818181818 -0.05736873909469883
v -0.19269799999999987 0.7393901818181818 0.07719588043826432
v -0.17241399999999987 0.700639674557034 -0.06837981818181818
v -0.17241399999999987 0.7393901818181818 -0.05946774176422538
v -0.17241399999999987 0.7393901818181818 0.07824812881609741
v -0.17241399999999987 0.6971780185501565 0.08868381818181824
v -0.15212999999999996 0.7267951774394641 -0.06837981818181818
v -0.15212999999999996 0.7393901818181818 -0.06538720471783992
v -0.15212999999999996 0.7393901818181818 0.08285707533024751
v -0.15212999999999996 0.7161897253068533 0.08868381818181824
v -0.14220973447360777 0.7393901818181818 -0.06837981818181818
v -0.13184599999999994 0.7393901818181818 -0.0705833231196065
v -0.13184599999999994 0.7393901818181818 0.08778383944195685
v -0.13184599999999994 0.7355451489667595 0.08868381818181824
v -0.11156199999999993 0.6852938825356573 -0.08583133333333334
v -0.11156199999999993 0.7393901818181818 -0.07526614821294614
v -0.12870744319668215 0.7393901818181818 0.08868381818181824
v -0.11156199999999993 0.7393901818181818 0.09224199867964021
v -0.09127799999999991 0.702944789491726 -0.08583133333333334
v -0.09127799999999991 0.7393901818181818 -0.07888668423829824
v -0.09127799999999991 0.7393901818181818 0.0958584167278292
v -0.09127799999999991 0.68851398187229 0.10613533333333332
v -0.07099399999999989 0.713661227162145 -0.08583133333333334
v -0.07099399999999989 0.7393901818181818 -0.08099181772244478
v -0.07099399999999989 0.7393901818181818 0.09819596594573032
v -0.07099399999999989 0.6988272060033215 0.10613533333333332
v -0.05070999999999987 0.7170335987366387 -0.08583133333333334
v -0.05070999999999987 0.7393901818181818 -0.08155030063921552
v -0.05070999999999987 0.7393901818181818 0.09905567682314897
v -0.05070999999999987 0.7033371486574206 0.10613533333333332
v -0.03042599999999997 0.715745955120092 -0.08583133333333334
v -0.03042599999999997 0.7393901818181818 -0.08104566277951303
v -0.03042599999999997 0.7393901818181818 0.0989792570273572
v -0.03042599999999997 0.7039785484335039 0.10613533333333332
v -0.010141999999999953 0.714419395628361 -0.08583133333333334
v -0.010141999999999953 0.7393901818181818 -0.07859931021034049
v -0.010141999999999953 0.7393901818181818 0.09772951775050459
v -0.010141999999999953 0.7063048926122597 0.10613533333333332
v 0.010142000000000064 0.7141917118368882 -0.08583133333333334
v 0.010142000000000064 0.7393901818181818 -0.07857307845321046
v 0.010142000000000064 0.7393901818181818 0.09777073873131059
v 0.010142000000000064 0.7065268023538468 0.10613533333333332
v 0.030426000000000192 0.7151903284921618 -0.08583133333333334
v 0.030426000000000192 0.7393901818181818 -0.08098758823954538
v 0.030426000000000192 0.7393901818181818 0.09910887613505098
v 0.030426000000000192 0.7046005210629162 0.10613533333333332
v 0.050710000000000095 0.7165103798481816 -0.08583133333333334
v 0.050710000000000095 0.7393901818181818 -0.08152083156612801
v 0.050710000000000095 0.7393901818181818 0.09928245440570098
v 0.050710000000000095 0.7041466310910267 0.10613533333333332
v 0.070994 0.7134891679804519 -0.08583133333333334
v 0.070994 0.7393901818181818 -0.08100388686768586
v 0.070994 0.7393901818181818 0.09845330352753688
v 0.070994 0.6997953588408936 0.10613533333333332
v 0.09127800000000014 0.7036237954080816 -0.08583133333333334
v 0.09127800000000014 0.7393901818181818 -0.07906432630232776
v 0.09127800000000014 0.7393901818181818 0.09607378985389678
v 0.09127800000000014 0.6890908714832151 0.10613533333333332
v 0.11156200000000004 0.6873260576941892 -0.08583133333333334
v 0.11156200000000004 0.7393901818181818 -0.07572062381124335
v 0.11156200000000004 0.7393901818181818 0.09231766349141246
v 0.13184600000000016 0.7393901818181818 -0.07142474167814662
v 0.12820649354239488 0.7393901818181818 0.08868381818181824
v 0.13184600000000016 0.7393901818181818 0.0875902413347836
v 0.13184600000000016 0.7346962424329719 0.08868381818181824
v 0.14721778801834431 0.7393901818181818 -0.06837981818181818
v 0.15213000000000007 0.7335594432072372 -0.06837981818181818
v 0.15213000000000007 0.7393901818181818 -0.06698893846922924
v 0.15213000000000007 0.7393901818181818 0.08222461250375127
v 0.15213000000000007 0.7135280194627295 0.08868381818181824
v 0.17241399999999998 0.7106998827364478 -0.06837981818181818
v 0.17241399999999998 0.7393901818181818 -0.06138289310040323
v 0.17241399999999998 0.7393901818181818 0.07713120082922625
v 0.17241399999999998 0.6947350273111356 0.08868381818181824
v 0.19269800000000012 0.6959491946058927 -0.06837981818181818
v 0.19269800000000012 0.7393901818181818 -0.05941203030327169
v 0.19269800000000012 0.7393901818181818 0.07566142627325559
v 0.212982 0.7393901818181818 -0.059897814278629974
v 0.212982 0.7393901818181818 0.07649386162476544
v 0.23326600000000014 0.7393901818181818 -0.06022086887204048
v 0.23326600000000014 0.7393901818181818 0.07716275585006735
v 0.25355000000000005 0.7393901818181818 -0.05872482950079204
v 0.25355000000000005 0.7393901818181818 0.07654875471149451
v 0.2738340000000002 0.7393901818181818 -0.05293898114429948
v 0.2720595111515362 0.7393901818181818 0.07123230303030298
v 0.2738340000000002 0.7393901818181818 0.07091772734430524
v 0.2738340000000002 0.7272917331290935 0.07123230303030298
v 0.27637341262396664 0.7393901818181818 -0.050928303030303004
v 0.2941180000000001 0.7393901818181818 -0.043251768880102785
v 0.2941180000000001 0.7393901818181818 0.06114008452398691
v 0.30084664209160855 0.7393901818181818 -0.033476787878787835
v 0.31440199999999996 0.7393901818181818 -0.018550404961936575
v 0.31440199999999996 0.7201037209265974 -0.016025272727272766
v 0.31370027522134736 0.7393901818181818 0.036329272727272835
v 0.31440199999999996 0.7393901818181818 0.03614340092384862
v 0.29922509042302403 0.7393901818181818 0.05378078787878791
v 0.3150516284901462 0.7393901818181818 -0.016025272727272766
v 0.3243959362891981 0.7393901818181818 0.0014262424242424028
v 0.3223155848955319 0.7393901818181818 0.01887775757575757
v -0.3152498819536975 0.7937129090909094 -0.016025272727272766
v -0.31440199999999985 0.7937129090909094 -0.01906385402318439
v -0.31440199999999985 0.7634340199666041 -0.016025272727272766
v -0.3236757730615455 0.7937129090909094 0.0014262424242424028
v -0.3230515588787598 0.7937129090909094 0.01887775757575757
v -0.3165504279496648 0.7937129090909094 0.036329272727272835
v -0.31440199999999985 0.7937129090909094 0.042938067652843276
v -0.2988062811063516 0.7937129090909094 -0.033476787878787835
v -0.2941179999999999 0.7937129090909094 -0.04017694601271464
v -0.30127021794146136 0.7937129090909094 0.05378078787878791
v -0.2941179999999999 0.7937129090909094 0.06264380010045079
v -0.27383399999999997 0.7937129090909094 -0.04862178772702294
v -0.27383399999999997 0.7937129090909094 0.07029706377160103
v -0.27383399999999997 0.7743888474092553 0.07123230303030298
v -0.2578508522357646 0.7937129090909094 -0.050928303030303004
v -0.25354999999999994 0.7937129090909094 -0.05199579825901745
v -0.2649829432831014 0.7937129090909094 0.07123230303030298
v -0.25354999999999994 0.7937129090909094 0.07322562747431963
v -0.23326599999999992 0.7937129090909094 -0.05112249833810559
v -0.23326599999999992 0.7937129090909094 0.07147389204654593
v -0.230716180546866 0.7937129090909094 -0.050928303030303004
v -0.2129819999999999 0.7827092345792722 -0.050928303030303004
v -0.2129819999999999 0.7937129090909094 -0.04912845564778138
v -0.23124238496653754 0.7937129090909094 0.07123230303030298
v -0.2129819999999999 0.7937129090909094 0.0683787993637512
v -0.2129819999999999 0.7790122885964266 0.07123230303030298
v -0.19269799999999987 0.776195765934152 -0.050928303030303004
v -0.19269799999999987 0.7937129090909094 -0.04716347226637064
v -0.19269799999999987 0.7937129090909094 0.06514082264562684
v -0.19269799999999987 0.7686061412542335 0.07123230303030298
v -0.17241399999999987 0.7804042104850472 -0.050928303030303004
v -0.17241399999999987 0.7937129090909094 -0.047626967021709696
v -0.17241399999999987 0.7937129090909094 0.06512746589827767
v -0.17241399999999987 0.7704866862229965 0.07123230303030298
v -0.15997772210198843 0.7937129090909094 -0.050928303030303004
v -0.15212999999999996 0.7937129090909094 -0.05263845938501992
v -0.15212999999999996 0.7937129090909094 0.06973355807930598
v -0.15212999999999996 0.7879887105881229 0.07123230303030298
v -0.13184599999999994 0.7501703304055111 -0.06837981818181818
v -0.13184599999999994 0.7937129090909094 -0.05848291135096298
v -0.14806095776121667 0.7937129090909094 0.07123230303030298
v -0.13184599999999994 0.7937129090909094 0.07545835244678288
v -0.11156199999999993 0.7747252247504202 -0.06837981818181818
v -0.11156199999999993 0.7937129090909094 -0.0643276267501191
v -0.11156199999999993 0.7937129090909094 0.08121926333848921
v -0.11156199999999993 0.7578203818203548 0.08868381818181824
v -0.09335314453432894 0.7937129090909094 -0.06837981818181818
v -0.09127799999999991 0.7937129090909094 -0.06869725409858655
v -0.09127799999999991 0.7937129090909094 0.08585173180951146
v -0.09127799999999991 0.7788745458851708 0.08868381818181824
v -0.07099399999999989 0.7937129090909094 -0.07092676574105124
v -0.07099399999999989 0.7937129090909094 0.08850275011071902
v -0.07099399999999989 0.7927348810543693 0.08868381818181824
v -0.05070999999999987 0.7937129090909094 -0.07132263193920195
v -0.06814812303297935 0.7937129090909094 0.08868381818181824
v -0.05070999999999987 0.7937129090909094 0.08932882905182052
v -0.03042599999999997 0.7937129090909094 -0.07064926398131678
v -0.03042599999999997 0.7937129090909094 0.0888677618054869
v -0.010141999999999953 0.7937129090909094 -0.07125597891503244
v -0.02971995500371055 0.7937129090909094 0.08868381818181824
v -0.010141999999999953 0.7937129090909094 0.08719432870263842
v -0.010141999999999953 0.7894703979775775 0.08868381818181824
v 0.010142000000000064 0.7937129090909094 -0.07125737699040277
v 0.010142000000000064 0.7937129090909094 0.08731301526413006
v 0.010142000000000064 0.7898168989728893 0.08868381818181824
v 0.030426000000000192 0.7937129090909094 -0.07066723900030407
v 0.029121011522675582 0.7937129090909094 0.08868381818181824
v 0.030426000000000192 0.7937129090909094 0.08900415124093018
v 0.050710000000000095 0.7937129090909094 -0.07139988393561825
v 0.050710000000000095 0.7937129090909094 0.08946458001581065
v 0.070994 0.7937129090909094 -0.07113403615203642
v 0.06972621309121849 0.7937129090909094 0.08868381818181824
v 0.070994 0.7937129090909094 0.08859423320447175
v 0.070994 0.7932377818059592 0.08868381818181824
v 0.09127800000000014 0.7937129090909094 -0.06912732946046748
v 0.09127800000000014 0.7937129090909094 0.08584807421279718
v 0.09127800000000014 0.779179555774693 0.08868381818181824
v 0.09636284642663227 0.7937129090909094 -0.06837981818181818
v 0.11156200000000004 0.7781069224518796 -0.06837981818181818
v 0.11156200000000004 0.7937129090909094 -0.0651215036466562
v 0.11156200000000004 0.7937129090909094 0.08106614343424022
v 0.11156200000000004 0.757822407783259 0.08868381818181824
v 0.13184600000000016 0.7547278052223275 -0.06837981818181818
v 0.13184600000000016 0.7937129090909094 -0.059712814617050414
v 0.13184600000000016 0.7937129090909094 0.07511135662393316
v 0.15213000000000007 0.7937129090909094 -0.05438798239844087
v 0.14628878273331022 0.7937129090909094 0.07123230303030298
v 0.15213000000000007 0.7937129090909094 0.06903814165233609
v 0.15213000000000007 0.7853105468484629 0.07123230303030298
v 0.16929995828926372 0.7937129090909094 -0.050928303030303004
v 0.17241399999999998 0.7905791612759075 -0.050928303030303004
v 0.17241399999999998 0.7937129090909094 -0.050154552605255226
v 0.17241399999999998 0.7937129090909094 0.06443187726162078
v 0.17241399999999998 0.7665943522870643 0.07123230303030298
v 0.19269800000000012 0.7875461208262778 -0.050928303030303004
v 0.19269800000000012 0.7937129090909094 -0.049579871518407204
v 0.19269800000000012 0.7937129090909094 0.06388705782369311
v 0.19269800000000012 0.7619341924722686 0.07123230303030298
v 0.2038211045133403 0.7937129090909094 -0.050928303030303004
v 0.212982 0.7937129090909094 -0.05174936291560381
v 0.212982 0.7937129090909094 0.06711578808918128
v 0.212982 0.7713528196043211 0.07123230303030298
v 0.23326600000000014 0.7937129090909094 -0.054465006646560024
v 0.23326600000000014 0.7937129090909094 0.0699983993763231
v 0.23326600000000014 0.7847323075514677 0.07123230303030298
v 0.25355000000000005 0.7937129090909094 -0.05513001893328852
v 0.25355000000000005 0.7937129090909094 0.07123154813842797
v 0.25355000000000005 0.7937043966040801 0.07123230303030298
v 0.2738340000000002 0.7937129090909094 -0.05106858419323111
v 0.2738340000000002 0.7937129090909094 0.06839521163880902
v 0.27403110889914556 0.7937129090909094 -0.050928303030303004
v 0.2941180000000001 0.7937129090909094 -0.04308856985582077
v 0.2941180000000001 0.7937129090909094 0.06013689284862931
v 0.3013456316774821 0.7937129090909094 -0.033476787878787835
v 0.31440199999999996 0.7937129090909094 -0.022890998176586918
v 0.31440199999999996 0.7547029301458801 0.036329272727272835
v 0.2988925069297731 0.7937129090909094 0.05378078787878791
v 0.31440199999999996 0.7937129090909094 0.03920253336900759
v 0.3164793120554245 0.7937129090909094 -0.016025272727272766
v 0.3240182765020767 0.7937129090909094 0.0014262424242424028
v 0.3225284859751997 0.7937129090909094 0.01887775757575757
v 0.3152627903009855 0.7937129090909094 0.036329272727272835
v -0.31680184638400094 0.8480356363636364 -0.016025272727272766
v -0.31440199999999985 0.8480356363636364 -0.023439885361621313
v -0.32300366827691057 0.8480356363636364 0.0014262424242424028
v -0.32317575150896544 0.8480356363636364 0.01887775757575757
v -0.31774049369769514 0.8480356363636364 0.036329272727272835
v -0.31440199999999985 0.8480356363636364 0.0455285587787496
v -0.3001497833991834 0.8480356363636364 -0.033476787878787835
v -0.2941179999999999 0.8480356363636364 -0.04123163313532451
v -0.3021011252825052 0.8480356363636364 0.05378078787878791
v -0.2941179999999999 0.8480356363636364 0.06256862961299478
v -0.27383399999999997 0.8480356363636364 -0.048571874806481
v -0.27383399999999997 0.8480356363636364 0.06919836246227942
v -0.25477769032269176 0.8480356363636364 -0.050928303030303004
v -0.25354999999999994 0.8480356363636364 -0.05118455385769021
v -0.25354999999999994 0.8480356363636364 0.070786497313055
v -0.25354999999999994 0.8373515974979556 0.07123230303030298
v -0.2505506250915161 0.8480356363636364 -0.050928303030303004
v -0.23326599999999992 0.7986031372199656 -0.050928303030303004
v -0.23326599999999992 0.8480356363636364 -0.04898768109010933
v -0.23326599999999992 0.8480356363636364 0.0677143429373556
v -0.23326599999999992 0.7970613241873203 0.07123230303030298
v -0.2129819999999999 0.8480356363636364 -0.043385813910192327
v -0.2129819999999999 0.8480356363636364 0.06164998685339821
v -0.19269799999999987 0.8480356363636364 -0.038738350934552905
v -0.19269799999999987 0.8480356363636364 0.055549473423920664
v -0.17241399999999987 0.8480356363636364 -0.03636829808918176
v -0.18049064075087112 0.8480356363636364 0.05378078787878791
v -0.17241399999999987 0.8480356363636364 0.05226322071734709
v -0.17241399999999987 0.8428599842496002 0.05378078787878791
v -0.15212999999999996 0.8030163505888125 -0.050928303030303004
v -0.15212999999999996 0.8480356363636364 -0.04067162334032507
v -0.1661207878818601 0.8480356363636364 0.05378078787878791
v -0.15212999999999996 0.8480356363636364 0.05635959308934882
v -0.13184599999999994 0.8352510634664577 -0.050928303030303004
v -0.13184599999999994 0.8480356363636364 -0.048097965800001745
v -0.13184599999999994 0.8480356363636364 0.06373001156706698
v -0.13184599999999994 0.8153260533986684 0.07123230303030298
v -0.12546915123873126 0.8480356363636364 -0.050928303030303004
v -0.11156199999999993 0.8480356363636364 -0.05483666450921585
v -0.11156199999999993 0.8480356363636364 0.07084458333149941
v -0.11156199999999993 0.8461950932997235 0.07123230303030298
v -0.09127799999999991 0.7956256501792722 -0.06837981818181818
v -0.09127799999999991 0.8480356363636364 -0.05963921089510643
v -0.11064914797359165 0.8480356363636364 0.07123230303030298
v -0.09127799999999991 0.8480356363636364 0.07638464725509936
v -0.07099399999999989 0.8085196998305358 -0.06837981818181818
v -0.07099399999999989 0.8480356363636364 -0.061734598408685414
v -0.07099399999999989 0.8480356363636364 0.07939929296325395
v -0.05070999999999987 0.8090006957549154 -0.06837981818181818
v -0.05070999999999987 0.8480356363636364 -0.06138194738830802
v -0.05070999999999987 0.8480356363636364 0.08001151876329982
v -0.05070999999999987 0.7971527149740493 0.08868381818181824
v -0.03042599999999997 0.8036822622268007 -0.06837981818181818
v -0.03042599999999997 0.8480356363636364 -0.05978348170408901
v -0.03042599999999997 0.8480356363636364 0.07921047456797206
v -0.03042599999999997 0.7945621518961277 0.08868381818181824
v -0.010141999999999953 0.8018612773408315 -0.06837981818181818
v -0.010141999999999953 0.8480356363636364 -0.059626192029858825
v -0.010141999999999953 0.8480356363636364 0.07978825322534314
v 0.010142000000000064 0.8018658173134089 -0.06837981818181818
v 0.010142000000000064 0.8480356363636364 -0.059627656987215394
v 0.010142000000000064 0.8480356363636364 0.07983191003183082
v 0.030426000000000192 0.8037678508367792 -0.06837981818181818
v 0.030426000000000192 0.8480356363636364 -0.0598057840467575
v 0.030426000000000192 0.8480356363636364 0.07932451191789491
v 0.030426000000000192 0.7951946055957593 0.08868381818181824
v 0.050710000000000095 0.8094312878109166 -0.06837981818181818
v 0.050710000000000095 0.8480356363636364 -0.061472011139887636
v 0.050710000000000095 0.8480356363636364 0.08017622799299659
v 0.050710000000000095 0.7978988385064264 0.08868381818181824
v 0.070994 0.8097741738805938 -0.06837981818181818
v 0.070994 0.8480356363636364 -0.06196516042484978
v 0.070994 0.8480356363636364 0.07959112640002625
v 0.09127800000000014 0.7981444218080023 -0.06837981818181818
v 0.09127800000000014 0.8480356363636364 -0.05992079918858795
v 0.09127800000000014 0.8480356363636364 0.07656975648063342
v 0.11156200000000004 0.8480356363636364 -0.055488872096697235
v 0.11105507977076655 0.8480356363636364 0.07123230303030298
v 0.11156200000000004 0.8480356363636364 0.07101483508493209
v 0.11156200000000004 0.846970873375659 0.07123230303030298
v 0.12885823532941873 0.8480356363636364 -0.050928303030303004
v 0.13184600000000016 0.8424723504540579 -0.050928303030303004
v 0.13184600000000016 0.8480356363636364 -0.049712890833148116
v 0.13184600000000016 0.8480356363636364 0.06333667221033865
v 0.13184600000000016 0.8133687281880789 0.07123230303030298
v 0.15213000000000007 0.812249572860533 -0.050928303030303004
v 0.15213000000000007 0.8480356363636364 -0.042647196781322005
v 0.15213000000000007 0.8480356363636364 0.055823754788645784
v 0.17241399999999998 0.8480356363636364 -0.038701769440900834
v 0.1644304476510296 0.8480356363636364 0.05378078787878791
v 0.17241399999999998 0.8480356363636364 0.05207029704106225
v 0.17241399999999998 0.8418258788747207 0.05378078787878791
v 0.19269800000000012 0.8480356363636364 -0.042130785967126556
v 0.18422910887472763 0.8480356363636364 0.05378078787878791
v 0.19269800000000012 0.8480356363636364 0.054736774910203276
v 0.212982 0.804786072288145 -0.050928303030303004
v 0.212982 0.8480356363636364 -0.04730651274023692
v 0.212982 0.8480356363636364 0.06028703996701656
v 0.2269852657781111 0.8480356363636364 -0.050928303030303004
v 0.23326600000000014 0.8480356363636364 -0.05209112701599533
v 0.23326600000000014 0.8480356363636364 0.0660249351126392
v 0.25355000000000005 0.8480356363636364 -0.054458694110389214
v 0.25355000000000005 0.8480356363636364 0.0691083549257168
v 0.2738340000000002 0.8480356363636364 -0.05127200184700022
v 0.2738340000000002 0.8480356363636364 0.06731881919337213
v 0.2743447871792157 0.8480356363636364 -0.050928303030303004
v 0.2941180000000001 0.8480356363636364 -0.04398576358893087
v 0.2941180000000001 0.8480356363636364 0.06020099273909386
v 0.3029656388954774 0.8480356363636364 -0.033476787878787835
v 0.31440199999999996 0.8480356363636364 -0.02631763825722549
v 0.2995160174967377 0.8480356363636364 0.05378078787878791
v 0.31440199999999996 0.8480356363636364 0.04252073479440764
v 0.31795702984730123 0.8480356363636364 -0.016025272727272766
v 0.3233123237489927 0.8480356363636364 0.0014262424242424028
v 0.32267816682808065 0.8480356363636364 0.01887775757575757
v 0.3165013972031087 0.8480356363636364 0.036329272727272835
v -0.3180653716500611 0.9023583636363641 -0.016025272727272766
v -0.31440199999999985 0.9023583636363641 -0.026232766786476527
v -0.32219170150177956 0.9023583636363641 0.0014262424242424028
v -0.32331043318470976 0.9023583636363641 0.01887775757575757
v -0.3187207270210146 0.9023583636363641 0.036329272727272835
v -0.31440199999999985 0.9023583636363641 0.04697656525945456
v -0.3012853190147861 0.9023583636363641 -0.033476787878787835
v -0.2941179999999999 0.9023583636363641 -0.04177839124696492
v -0.3021284987321789 0.9023583636363641 0.05378078787878791
v -0.2941179999999999 0.9023583636363641 0.06184297793947429
v -0.27383399999999997 0.9023583636363641 -0.04798170411924917
v -0.27383399999999997 0.9023583636363641 0.06707947818824014
v -0.25354999999999994 0.8535186251175576 -0.050928303030303004
v -0.25354999999999994 0.9023583636363641 -0.048820677883719105
v -0.25354999999999994 0.9023583636363641 0.0670612012025687
v -0.23326599999999992 0.9023583636363641 -0.045027568343631086
v -0.23326599999999992 0.9023583636363641 0.0612225416769226
v -0.2129819999999999 0.9023583636363641 -0.03862839954225268
v -0.21378722854766782 0.9023583636363641 0.05378078787878791
v -0.2129819999999999 0.9023583636363641 0.05328290590755112
v -0.2129819999999999 0.8997752918059145 0.05378078787878791
v -0.1980148505839472 0.9023583636363641 -0.033476787878787835
v -0.19269799999999987 0.8868087699391227 -0.033476787878787835
v -0.19269799999999987 0.9023583636363641 -0.030386963070627576
v -0.19269799999999987 0.9023583636363641 0.042915717113290064
v -0.19269799999999987 0.8574188545929496 0.05378078787878791
v -0.17241399999999987 0.8668055767695776 -0.033476787878787835
v -0.17241399999999987 0.9023583636363641 -0.025338461698615228
v -0.17241399999999987 0.9023583636363641 0.03783215966790339
v -0.15212999999999996 0.8877213404433699 -0.033476787878787835
v -0.15212999999999996 0.9023583636363641 -0.02956946124514638
v -0.15212999999999996 0.9023583636363641 0.0413107563445439
v -0.15212999999999996 0.859371304961875 0.05378078787878791
v -0.14558046478391137 0.9023583636363641 -0.033476787878787835
v -0.13184599999999994 0.9023583636363641 -0.03817686042884218
v -0.13184599999999994 0.9023583636363641 0.0511087002098667
v -0.13184599999999994 0.8927940750700825 0.05378078787878791
v -0.11156199999999993 0.8742952501788394 -0.050928303030303004
v -0.11156199999999993 0.9023583636363641 -0.0459989302635331
v -0.12796985224075536 0.9023583636363641 0.05378078787878791
v -0.11156199999999993 0.9023583636363641 0.06050408371853953
v -0.09461094565087476 0.9023583636363641 -0.050928303030303004
v -0.09127799999999991 0.9023583636363641 -0.05154963663862221
v -0.09127799999999991 0.9023583636363641 0.06747818858227181
v -0.09127799999999991 0.8801036455109039 0.07123230303030298
v -0.07099399999999989 0.9023583636363641 -0.05339855553840809
v -0.07099399999999989 0.9023583636363641 0.0708476672044694
v -0.07099399999999989 0.8999287092544506 0.07123230303030298
v -0.05070999999999987 0.9023583636363641 -0.052177286058521885
v -0.05070999999999987 0.9023583636363641 0.07102019962525709
v -0.05070999999999987 0.901060674182478 0.07123230303030298
v -0.04729767845280917 0.9023583636363641 -0.050928303030303004
v -0.03042599999999997 0.8918824967448234 -0.050928303030303004
v -0.03042599999999997 0.9023583636363641 -0.048802811430384584
v -0.03042599999999997 0.9023583636363641 0.06887993540445037
v -0.03042599999999997 0.8898401772393116 0.07123230303030298
v -0.010141999999999953 0.8785513985607043 -0.050928303030303004
v -0.010141999999999953 0.9023583636363641 -0.04377812637582808
v -0.010141999999999953 0.9023583636363641 0.06445035664582341
v -0.010141999999999953 0.8793112516136772 0.07123230303030298
v 0.010142000000000064 0.8785575429830855 -0.050928303030303004
v 0.010142000000000064 0.9023583636363641 -0.043780218810718155
v 0.010142000000000064 0.9023583636363641 0.06450805352317143
v 0.010142000000000064 0.8795339959236771 0.07123230303030298
v 0.030426000000000192 0.8920210876240723 -0.050928303030303004
v 0.030426000000000192 0.9023583636363641 -0.04883241805852337
v 0.030426000000000192 0.9023583636363641 0.06902799095687721
v 0.030426000000000192 0.8905993078338162 0.07123230303030298
v 0.04694873151504591 0.9023583636363641 -0.050928303030303004
v 0.050710000000000095 0.9023583636363641 -0.0523142989262598
v 0.05059267566775512 0.9023583636363641 0.07123230303030298
v 0.050710000000000095 0.9023583636363641 0.07126871692056326
v 0.070994 0.9023583636363641 -0.053710716637089345
v 0.06396218890192214 0.9023583636363641 0.07123230303030298
v 0.070994 0.9023583636363641 0.07120138123231166
v 0.070994 0.9021593547609775 0.07123230303030298
v 0.09127800000000014 0.9023583636363641 -0.05214862977672946
v 0.09127800000000014 0.9023583636363641 0.06797278531677478
v 0.09127800000000014 0.8823644597422998 0.07123230303030298
v 0.0980174498838369 0.9023583636363641 -0.050928303030303004
v 0.11156200000000004 0.8794579395573686 -0.050928303030303004
v 0.11156200000000004 0.9023583636363641 -0.04709346764101906
v 0.11156200000000004 0.9023583636363641 0.06148385290653031
v 0.13184600000000016 0.9023583636363641 -0.04034919829310825
v 0.1303240282473486 0.9023583636363641 0.05378078787878791
v 0.13184600000000016 0.9023583636363641 0.052737975117449064
v 0.13184600000000016 0.898052600525441 0.05378078787878791
v 0.15213000000000007 0.9023583636363641 -0.033584941484722776
v 0.15213000000000007 0.9023583636363641 0.04328649651354188
v 0.15213000000000007 0.8588504630776073 0.05378078787878791
v 0.15308539243257258 0.9023583636363641 -0.033476787878787835
v 0.17241399999999998 0.8859269951735189 -0.033476787878787835
v 0.17241399999999998 0.9023583636363641 -0.03024386675715782
v 0.17241399999999998 0.9023583636363641 0.03976274030067253
v 0.18477627956351658 0.9023583636363641 -0.033476787878787835
v 0.19269800000000012 0.9023583636363641 -0.03489451741847631
v 0.19269800000000012 0.9023583636363641 0.04402402614110614
v 0.19269800000000012 0.8540372087865071 0.05378078787878791
v 0.212982 0.9023583636363641 -0.0420174552428149
v 0.212982 0.9023583636363641 0.052926282597046855
v 0.212982 0.8971803662776101 0.05378078787878791
v 0.23326600000000014 0.8657226166345021 -0.050928303030303004
v 0.23326600000000014 0.9023583636363641 -0.04829073113184443
v 0.21455739811438504 0.9023583636363641 0.05378078787878791
v 0.23326600000000014 0.9023583636363641 0.06019998215289282
v 0.24465128786870494 0.9023583636363641 -0.050928303030303004
v 0.25355000000000005 0.9023583636363641 -0.052378889855440834
v 0.25355000000000005 0.9023583636363641 0.06563287174609171
v 0.26928963789679794 0.9023583636363641 -0.050928303030303004
v 0.2738340000000002 0.875491104057691 -0.050928303030303004
v 0.2738340000000002 0.9023583636363641 -0.05068364236057497
v 0.2738340000000002 0.9023583636363641 0.06562580473375428
v 0.2941180000000001 0.9023583636363641 -0.04458777101131001
v 0.2941180000000001 0.9023583636363641 0.05976505873823411
v 0.30453613769145194 0.9023583636363641 -0.033476787878787835
v 0.31440199999999996 0.9023583636363641 -0.028608385615754687
v 0.29958742469758226 0.9023583636363641 0.05378078787878791
v 0.31440199999999996 0.9023583636363641 0.04455729414537028
v 0.31919316940961084 0.9023583636363641 -0.016025272727272766
v 0.3224828439122589 0.9023583636363641 0.0014262424242424028
v 0.32280878743620783 0.9023583636363641 0.01887775757575757
v 0.3175317709308577 0.9023583636363641 0.036329272727272835
v -0.31932526893140556 0.9566810909090911 -0.016025272727272766
v -0.31440199999999985 0.9566810909090911 -0.028451145356788846
v -0.32148020064732474 0.9566810909090911 0.0014262424242424028
v -0.32367294979090866 0.9566810909090911 0.01887775757575757
v -0.3198585691563421 0.9566810909090911 0.036329272727272835
v -0.31440199999999985 0.9566810909090911 0.048463575532604705
v -0.30341626240199704 0.9566810909090911 -0.033476787878787835
v -0.2941179999999999 0.9566810909090911 -0.043213779428382004
v -0.30284949190686866 0.9566810909090911 0.05378078787878791
v -0.2941179999999999 0.9566810909090911 0.0615451918359934
v -0.27383399999999997 0.9566810909090911 -0.04927973159216252
v -0.27383399999999997 0.9566810909090911 0.06601247860189656
v -0.25354999999999994 0.9566810909090911 -0.05070107788869123
v -0.25354999999999994 0.9566810909090911 0.06486059039360303
v -0.23326599999999992 0.9566810909090911 -0.04677417709782072
v -0.23326599999999992 0.9566810909090911 0.05830982507114373
v -0.2129819999999999 0.9566810909090911 -0.03831069795036584
v -0.222858903804329 0.9566810909090911 0.05378078787878791
v -0.2129819999999999 0.9566810909090911 0.047061940771757335
v -0.20134106446557423 0.9566810909090911 -0.033476787878787835
v -0.19269799999999987 0.9566810909090911 -0.027036516841104113
v -0.19463251486111083 0.9566810909090911 0.036329272727272835
v -0.19269799999999987 0.9566810909090911 0.03407506185254061
v -0.19269799999999987 0.9464404070070339 0.036329272727272835
v -0.17241399999999987 0.9566810909090911 -0.018301345415740824
v -0.17241399999999987 0.9566810909090911 0.024024429271364806
v -0.17241399999999987 0.9104406145616303 0.036329272727272835
v -0.15212999999999996 0.9566810909090911 -0.022828868669668073
v -0.15212999999999996 0.9566810909090911 0.027171579117094426
v -0.15212999999999996 0.9283771621189809 0.036329272727272835
v -0.13184599999999994 0.9463841860138891 -0.033476787878787835
v -0.13184599999999994 0.9566810909090911 -0.031839322644675455
v -0.14070961569260462 0.9566810909090911 0.036329272727272835
v -0.13184599999999994 0.9566810909090911 0.03955163022594607
v -0.12940490935986215 0.9566810909090911 -0.033476787878787835
v -0.11156199999999993 0.9566810909090911 -0.03965734583125123
v -0.11156199999999993 0.9566810909090911 0.05067091066318022
v -0.11156199999999993 0.9411367264235846 0.05378078787878791
v -0.09127799999999991 0.9074517411498042 -0.050928303030303004
v -0.09127799999999991 0.9566810909090911 -0.044617929712380294
v -0.10635663393724529 0.9566810909090911 0.05378078787878791
v -0.09127799999999991 0.9566810909090911 0.058782710386526
v -0.07099399999999989 0.9209064171654281 -0.050928303030303004
v -0.07099399999999989 0.9566810909090911 -0.04628657673789169
v -0.07099399999999989 0.9566810909090911 0.06319513128129402
v -0.05070999999999987 0.910161000858601 -0.050928303030303004
v -0.05070999999999987 0.9566810909090911 -0.04446730515652776
v -0.05070999999999987 0.9566810909090911 0.06350138253382806
v -0.03042599999999997 0.9566810909090911 -0.040356178637793116
v -0.03042599999999997 0.9566810909090911 0.060862205732845134
v -0.010141999999999953 0.9566810909090911 -0.03728595726333938
v -0.010141999999999953 0.9566810909090911 0.060101793714078575
v 0.010142000000000064 0.9566810909090911 -0.03729214822049979
v 0.010142000000000064 0.9566810909090911 0.060172143362472924
v 0.030426000000000192 0.9566810909090911 -0.040411630602416856
v 0.030426000000000192 0.9566810909090911 0.060977560407085865
v 0.050710000000000095 0.9111387056893765 -0.050928303030303004
v 0.050710000000000095 0.9566810909090911 -0.04469310045142792
v 0.050710000000000095 0.9566810909090911 0.06367849342313417
v 0.050710000000000095 0.9025826420483954 0.07123230303030298
v 0.070994 0.9239687111879121 -0.050928303030303004
v 0.070994 0.9566810909090911 -0.04682895921569352
v 0.070994 0.9566810909090911 0.06349903364964393
v 0.09127800000000014 0.9130042531871988 -0.050928303030303004
v 0.09127800000000014 0.9566810909090911 -0.04567690016025499
v 0.09127800000000014 0.9566810909090911 0.059330825208634766
v 0.11156200000000004 0.9566810909090911 -0.04151556770143171
v 0.10822682751644228 0.9566810909090911 0.05378078787878791
v 0.11156200000000004 0.9566810909090911 0.05182611774013316
v 0.11156200000000004 0.9468608657483487 0.05378078787878791
v 0.13184600000000016 0.9566810909090911 -0.035119318775126654
v 0.13184600000000016 0.9566810909090911 0.04137836526032676
v 0.14050922440204353 0.9566810909090911 -0.033476787878787835
v 0.15213000000000007 0.9045651312870358 -0.033476787878787835
v 0.15213000000000007 0.9566810909090911 -0.02923473520158637
v 0.14592017340931931 0.9566810909090911 0.036329272727272835
v 0.15213000000000007 0.9566810909090911 0.031538483672234434
v 0.15213000000000007 0.9407565395368865 0.036329272727272835
v 0.17241399999999998 0.9566810909090911 -0.026159522698216656
v 0.17241399999999998 0.9566810909090911 0.02802100434686216
v 0.17241399999999998 0.9223755090725461 0.036329272727272835
v 0.18968372679166515 0.9566810909090911 -0.033476787878787835
v 0.19269800000000012 0.9566810909090911 -0.034255933180191454
v 0.18978728352774904 0.9566810909090911 0.036329272727272835
v 0.19269800000000012 0.9566810909090911 0.03716209928845894
v 0.212982 0.9566810909090911 -0.043091837038231794
v 0.212982 0.9566810909090911 0.04812184533195361
v 0.23326600000000014 0.9566810909090911 -0.05045607292127837
v 0.2221803244842919 0.9566810909090911 0.05378078787878791
v 0.23326600000000014 0.9566810909090911 0.05813761947377151
v 0.23523161619788935 0.9566810909090911 -0.050928303030303004
v 0.25355000000000005 0.9566810909090911 -0.05413400189254789
v 0.25355000000000005 0.9566810909090911 0.0639137717031655
v 0.2738340000000002 0.9566810909090911 -0.05242626788490118
v 0.2738340000000002 0.9125428978857925 -0.050928303030303004
v 0.2738340000000002 0.9566810909090911 0.06458203660187181
v 0.27657152460106743 0.9566810909090911 -0.050928303030303004
v 0.2941180000000001 0.9566810909090911 -0.04596428048074114
v 0.2941180000000001 0.9566810909090911 0.05967512849617905
v 0.3070918289875829 0.9566810909090911 -0.033476787878787835
v 0.31440199999999996 0.9566810909090911 -0.030475183556811686
v 0.3001890571371594 0.9566810909090911 0.05378078787878791
v 0.31440199999999996 0.9566810909090911 0.046428675948947666
v 0.32044933686671623 0.9566810909090911 -0.016025272727272766
v 0.3217689184957843 0.9566810909090911 0.0014262424242424028
v 0.3231349804441597 0.9566810909090911 0.01887775757575757
v 0.3186773571390108 0.9566810909090911 0.036329272727272835
v -0.3208279305242832 1.0110038181818188 -0.016025272727272766
v -0.31440199999999985 1.0110038181818188 -0.031125378713580072
v -0.3211904702784749 1.0110038181818188 0.0014262424242424028
v -0.3245783672197096 1.0110038181818188 0.01887775757575757
v -0.32115312496007886 1.0110038181818188 0.036329272727272835
v -0.31440199999999985 1.0110038181818188 0.049886301772100065
v -0.30818327346649976 1.0110038181818188 -0.033476787878787835
v -0.2941179999999999 1.0110038181818188 -0.04646001197923069
v -0.3044938864472109 1.0110038181818188 0.05378078787878791
v -0.2941179999999999 1.0110038181818188 0.06182181185436923
v -0.2777816042578631 1.0110038181818188 -0.050928303030303004
v -0.27383399999999997 1.0110038181818188 -0.05298463808659207
v -0.27383399999999997 0.9847363090394119 -0.050928303030303004
v -0.27383399999999997 1.0110038181818188 0.06475443095655771
v -0.25354999999999994 1.0110038181818188 -0.054865924524913186
v -0.25354999999999994 0.9598833110260726 -0.050928303030303004
v -0.25354999999999994 1.0110038181818188 0.062118927224984195
v -0.23326599999999992 1.0110038181818188 -0.051712084678780544
v -0.23326599999999992 1.0027272202274022 -0.050928303030303004
v -0.23326599999999992 1.0110038181818188 0.05384525890176818
v -0.22829098570860412 1.0110038181818188 -0.050928303030303004
v -0.2129819999999999 1.0110038181818188 -0.047599552794258725
v -0.23307543704196232 1.0110038181818188 0.05378078787878791
v -0.2129819999999999 1.0110038181818188 0.043062489024549316
v -0.19269799999999987 1.0110038181818188 -0.040189790497718834
v -0.19269799999999987 0.9792437380733023 -0.033476787878787835
v -0.19853987887651856 1.0110038181818188 0.036329272727272835
v -0.19269799999999987 1.0110038181818188 0.03225109310531923
v -0.17270718920571992 1.0110038181818188 -0.033476787878787835
v -0.17241399999999987 1.0110038181818188 -0.033292239758643816
v -0.17241399999999987 1.0110038181818188 0.02231098395644497
v -0.15212999999999996 1.0110038181818188 -0.02931409185174913
v -0.15212999999999996 1.0110038181818188 0.02081794004502572
v -0.1326768000272759 1.0110038181818188 -0.033476787878787835
v -0.13184599999999994 1.0110038181818188 -0.03356597232591657
v -0.13184599999999994 1.007635004663342 -0.033476787878787835
v -0.13184599999999994 1.0110038181818188 0.028385383114164282
v -0.13184599999999994 0.9751632102374596 0.036329272727272835
v -0.11156199999999993 1.0110038181818188 -0.038244714082722
v -0.12078601258197617 1.0110038181818188 0.036329272727272835
v -0.11156199999999993 1.0110038181818188 0.03995518493287273
v -0.09127799999999991 1.0110038181818188 -0.04100113589057479
v -0.09127799999999991 1.0110038181818188 0.04959734725875235
v -0.09127799999999991 0.988322148862368 0.05378078787878791
v -0.07099399999999989 1.0110038181818188 -0.041375286389229965
v -0.07861106765076177 1.0110038181818188 0.05378078787878791
v -0.07099399999999989 1.0110038181818188 0.0552794741236524
v -0.05070999999999987 1.0110038181818188 -0.03822170167479017
v -0.05070999999999987 1.0110038181818188 0.05576954549836112
v -0.043956812959033996 1.0110038181818188 -0.033476787878787835
v -0.03042599999999997 0.9937355347914014 -0.033476787878787835
v -0.03042599999999997 1.0110038181818188 -0.030766967795826286
v -0.04596894917396592 1.0110038181818188 0.05378078787878791
v -0.03042599999999997 1.0110038181818188 0.05172288134685356
v -0.03042599999999997 0.9976786344980955 0.05378078787878791
v -0.010141999999999953 0.9683340293090442 -0.033476787878787835
v -0.010141999999999953 1.0110038181818188 -0.02609325042522487
v -0.010141999999999953 1.0110038181818188 0.046754873564161144
v -0.010141999999999953 0.977499856082647 0.05378078787878791
v 0.010142000000000064 0.9683558731105084 -0.033476787878787835
v 0.010142000000000064 1.0110038181818188 -0.02609904477795264
v 0.010142000000000064 1.0110038181818188 0.04679805280282737
v 0.010142000000000064 0.9777694964328488 0.05378078787878791
v 0.030426000000000192 0.9941743119245398 -0.033476787878787835
v 0.030426000000000192 1.0110038181818188 -0.030847045761772805
v 0.030426000000000192 1.0110038181818188 0.05188774053055252
v 0.030426000000000192 0.9986613974993306 0.05378078787878791
v 0.04343621221537394 1.0110038181818188 -0.033476787878787835
v 0.050710000000000095 1.0110038181818188 -0.038698780888154365
v 0.044669490777724405 1.0110038181818188 0.05378078787878791
v 0.050710000000000095 1.0110038181818188 0.05631270127380597
v 0.070994 1.0110038181818188 -0.04253741032059538
v 0.070994 1.0110038181818188 0.05569321081727609
v 0.09127800000000014 1.0110038181818188 -0.04276234327234042
v 0.08162810695572346 1.0110038181818188 0.05378078787878791
v 0.09127800000000014 1.0110038181818188 0.05088018054010059
v 0.09127800000000014 0.9939885557014586 0.05378078787878791
v 0.11156200000000004 1.0110038181818188 -0.04108825305991333
v 0.11156200000000004 1.0110038181818188 0.042419856951870484
v 0.13184600000000016 1.0110038181818188 -0.038608020884897384
v 0.1282836196511229 1.0110038181818188 0.036329272727272835
v 0.13184600000000016 1.0110038181818188 0.033965275714774146
v 0.13184600000000016 0.9963446371728245 0.036329272727272835
v 0.15213000000000007 1.0110038181818188 -0.03680452689876343
v 0.15213000000000007 0.9820528919169894 -0.033476787878787835
v 0.15213000000000007 1.0110038181818188 0.027216675129909676
v 0.17241399999999998 1.0110038181818188 -0.03937370562335444
v 0.17241399999999998 0.9816266708337749 -0.033476787878787835
v 0.17241399999999998 1.0110038181818188 0.02837525478805943
v 0.19269800000000012 1.0110038181818188 -0.045729624115871344
v 0.19052647096428488 1.0110038181818188 0.036329272727272835
v 0.19269800000000012 1.0110038181818188 0.03696788019904714
v 0.20768681798283 1.0110038181818188 -0.050928303030303004
v 0.212982 1.0110038181818188 -0.05219069019445576
v 0.212982 1.0026253160405842 -0.050928303030303004
v 0.212982 1.0110038181818188 0.04552870301453235
v 0.23326600000000014 1.0110038181818188 -0.05573302647608203
v 0.23326600000000014 0.9617542840457861 -0.050928303030303004
v 0.23057423207191935 1.0110038181818188 0.05378078787878791
v 0.23326600000000014 1.0110038181818188 0.054597382467105125
v 0.25355000000000005 1.0110038181818188 -0.05812425647444731
v 0.25355000000000005 1.0110038181818188 0.061870043096675334
v 0.2738340000000002 1.0110038181818188 -0.056466862795741014
v 0.2738340000000002 1.0110038181818188 0.06390968844733748
v 0.2859511076940799 1.0110038181818188 -0.050928303030303004
v 0.2941180000000001 1.0110038181818188 -0.04897115329679507
v 0.2941180000000001 1.0110038181818188 0.06024188983349501
v 0.31273911032879836 1.0110038181818188 -0.033476787878787835
v 0.31440199999999996 1.0110038181818188 -0.0329187129413471
v 0.30174429736476666 1.0110038181818188 0.05378078787878791
v 0.31440199999999996 1.0110038181818188 0.04821519675122402
v 0.321993341355724 1.0110038181818188 -0.016025272727272766
v 0.32150332813672433 1.0110038181818188 0.0014262424242424028
v 0.3239579489643516 1.0110038181818188 0.01887775757575757
v 0.3199808229166506 1.0110038181818188 0.036329272727272835
v -0.31516363049554424 1.0653265454545457 -0.033476787878787835
v -0.31440199999999985 1.0653265454545457 -0.03538169278044012
v -0.31440199999999985 1.053108397565976 -0.033476787878787835
v -0.32287608890093045 1.0653265454545457 -0.016025272727272766
v -0.3207573624162529 1.0653265454545457 0.0014262424242424028
v -0.3259487980121958 1.0653265454545457 0.01887775757575757
v -0.3226949028736525 1.0653265454545457 0.036329272727272835
v -0.31440199999999985 1.0653265454545457 0.050822206647115245
v -0.2956926024959886 1.0653265454545457 -0.050928303030303004
v -0.2941179999999999 1.0653265454545457 -0.05279085545359257
v -0.2941179999999999 1.0542522860091048 -0.050928303030303004
v -0.30508972868100603 1.0653265454545457 0.05378078787878791
v -0.2941179999999999 1.0653265454545457 0.060660919617952475
v -0.27383399999999997 1.0653265454545457 -0.06254092557292386
v -0.27383399999999997 1.0653265454545457 0.062374056325136804
v -0.25354999999999994 1.0653265454545457 -0.06620158425878195
v -0.25354999999999994 1.0653265454545457 0.05902859004403276
v -0.23326599999999992 1.0653265454545457 -0.06697807484464868
v -0.23787822276485251 1.0653265454545457 0.05378078787878791
v -0.23326599999999992 1.0653265454545457 0.05177561600208913
v -0.23326599999999992 1.0123371389899654 0.05378078787878791
v -0.2129819999999999 1.0653265454545457 -0.06559383621739322
v -0.2129819999999999 1.01840896320964 -0.050928303030303004
v -0.2129819999999999 1.0653265454545457 0.04314747775001574
v -0.19269799999999987 1.0653265454545457 -0.06288434887968078
v -0.19269799999999987 1.0306276294948806 -0.050928303030303004
v -0.1945364682503436 1.0653265454545457 0.036329272727272835
v -0.19269799999999987 1.0653265454545457 0.03542154020517392
v -0.17241399999999987 1.0653265454545457 -0.061883098656752004
v -0.17241399999999987 1.0375855561451017 -0.050928303030303004
v -0.17241399999999987 1.0111657569851038 -0.033476787878787835
v -0.17241399999999987 1.0653265454545457 0.029685267251079107
v -0.15212999999999996 1.0653265454545457 -0.05879396614018833
v -0.15212999999999996 1.0444114470825365 -0.050928303030303004
v -0.15212999999999996 1.0147838731528356 -0.033476787878787835
v -0.15212999999999996 1.0653265454545457 0.0288744455670925
v -0.13184599999999994 1.0653265454545457 -0.05683058715612579
v -0.13184599999999994 1.0478265742707609 -0.050928303030303004
v -0.13184599999999994 1.0653265454545457 0.03085365636458215
v -0.11156199999999993 1.0653265454545457 -0.05500172661429316
v -0.11156199999999993 1.0506149943772578 -0.050928303030303004
v -0.11156199999999993 1.0653265454545457 0.03570687668992575
v -0.11156199999999993 1.0567950099282395 0.036329272727272835
v -0.09446709367287479 1.0653265454545457 -0.050928303030303004
v -0.09127799999999991 1.0653265454545457 -0.050300393375680014
v -0.110257155166194 1.0653265454545457 0.036329272727272835
v -0.09127799999999991 1.0653265454545457 0.04189455810010578
v -0.07099399999999989 1.0653265454545457 -0.04562408199764242
v -0.07099399999999989 1.0653265454545457 0.047566424814578435
v -0.07099399999999989 1.0209308032976843 0.05378078787878791
v -0.05070999999999987 1.0653265454545457 -0.03771377361541619
v -0.05070999999999987 1.0653265454545457 0.04915588520591099
v -0.05070999999999987 1.025793021073631 0.05378078787878791
v -0.047708550482984 1.0653265454545457 -0.033476787878787835
v -0.03042599999999997 1.0653265454545457 -0.026770353499498058
v -0.03042599999999997 1.0653265454545457 0.04624156103421952
v -0.025332911083529495 1.0653265454545457 -0.016025272727272766
v -0.010141999999999953 1.0496136666225475 -0.016025272727272766
v -0.010141999999999953 1.0653265454545457 -0.011928071249812336
v -0.013740987886892032 1.0653265454545457 0.036329272727272835
v -0.010141999999999953 1.0653265454545457 0.03587006840839714
v -0.010141999999999953 1.0635828140603878 0.036329272727272835
v 0.010142000000000064 1.0496512261623132 -0.016025272727272766
v 0.010142000000000064 1.0653265454545457 -0.011940473910284065
v 0.010142000000000064 1.0653265454545457 0.03596153631944947
v 0.010142000000000064 1.0639310639767348 0.036329272727272835
v 0.02521885469176756 1.0653265454545457 -0.016025272727272766
v 0.030426000000000192 1.0653265454545457 -0.027022927684905454
v 0.013060814652628311 1.0653265454545457 0.036329272727272835
v 0.030426000000000192 1.0653265454545457 0.04645475980905556
v 0.046829648793023176 1.0653265454545457 -0.033476787878787835
v 0.050710000000000095 1.0653265454545457 -0.038923387146019874
v 0.050710000000000095 1.0653265454545457 0.049851370730323294
v 0.050710000000000095 1.0305105878882248 0.05378078787878791
v 0.070994 1.0653265454545457 -0.047154236540527555
v 0.070994 1.0653265454545457 0.04920124366143094
v 0.070994 1.0263332972250898 0.05378078787878791
v 0.08797248133515609 1.0653265454545457 -0.050928303030303004
v 0.09127800000000014 1.0653265454545457 -0.05208605364570233
v 0.09127800000000014 1.0592950493280033 -0.050928303030303004
v 0.09127800000000014 1.0653265454545457 0.04454499659474604
v 0.11156200000000004 1.0653265454545457 -0.05547104402379705
v 0.11156200000000004 1.0453889133517125 -0.050928303030303004
v 0.11156200000000004 1.0653265454545457 0.039085003594688056
v 0.13184600000000016 1.0653265454545457 -0.05787698165938448
v 0.13184600000000016 1.041453288603303 -0.050928303030303004
v 0.1268218827343748 1.0653265454545457 0.036329272727272835
v 0.13184600000000016 1.0653265454545457 0.035025134838099554
v 0.15213000000000007 1.0653265454545457 -0.06121552074583172
v 0.15213000000000007 1.0370217782120135 -0.050928303030303004
v 0.15213000000000007 1.0653265454545457 0.033904062718879246
v 0.17241399999999998 1.0653265454545457 -0.06466123826173037
v 0.17241399999999998 1.0289755569714596 -0.050928303030303004
v 0.17241399999999998 1.0653265454545457 0.03519658478527795
v 0.19269800000000012 1.0653265454545457 -0.06569459036730431
v 0.19269800000000012 1.020695927526616 -0.050928303030303004
v 0.17640802045768136 1.0653265454545457 0.036329272727272835
v 0.19269800000000012 1.0653265454545457 0.03997036187883226
v 0.212982 1.0653265454545457 -0.06829605375089795
v 0.212982 1.0653265454545457 0.04660487508950852
v 0.21404165915464574 1.0653265454545457 -0.06837981818181818
v 0.23326600000000014 1.0653265454545457 -0.06967779944231178
v 0.23326600000000014 1.059191317688302 -0.06837981818181818
v 0.23233008745364875 1.0653265454545457 0.05378078787878791
v 0.23326600000000014 1.0653265454545457 0.054064367625272794
v 0.25355000000000005 1.0653265454545457 -0.06891065393249958
v 0.25355000000000005 1.0626895421052378 -0.06837981818181818
v 0.25355000000000005 1.0653265454545457 0.06011394049552273
v 0.25572211917974264 1.0653265454545457 -0.06837981818181818
v 0.2738340000000002 1.0653265454545457 -0.06529986596890848
v 0.2738340000000002 1.0653265454545457 0.06254769711156127
v 0.2941180000000001 1.0653265454545457 -0.05640494889622456
v 0.2941180000000001 1.0307414660302479 -0.050928303030303004
v 0.2941180000000001 1.0653265454545457 0.05983651205622264
v 0.2991587141894144 1.0653265454545457 -0.050928303030303004
v 0.31440199999999996 1.0653265454545457 -0.03965270128287061
v 0.31440199999999996 1.021644494937237 -0.033476787878787835
v 0.30279424085931067 1.0653265454545457 0.05378078787878791
v 0.31440199999999996 1.0653265454545457 0.049540590897813375
v 0.31709272537246663 1.0653265454545457 -0.033476787878787835
v 0.32414281482303153 1.0653265454545457 -0.016025272727272766
v 0.3211409756994408 1.0653265454545457 0.0014262424242424028
v 0.3251798351729835 1.0653265454545457 0.01887775757575757
v 0.32153548822211175 1.0653265454545457 0.036329272727272835
v -0.3233292144147209 1.1196492727272727 -0.033476787878787835
v -0.31440199999999985 1.1196492727272727 -0.04931760867555096
v -0.3277614631075189 1.1196492727272727 -0.016025272727272766
v -0.32272580101980125 1.1196492727272727 0.0014262424242424028
v -0.3294446056729135 1.1196492727272727 0.01887775757575757
v -0.32417228372864704 1.1196492727272727 0.036329272727272835
v -0.31440199999999985 1.1196492727272727 0.04926997359730727
v -0.31153227928131827 1.1196492727272727 -0.050928303030303004
v -0.2941179999999999 1.1196492727272727 -0.06501511811409623
v -0.2941179999999999 1.1196492727272727 0.0532120157662951
v -0.2941179999999999 1.11219401273729 0.05378078787878791
v -0.28410802117386064 1.1196492727272727 -0.06837981818181818
v -0.27383399999999997 1.1196492727272727 -0.07312997925737205
v -0.27383399999999997 1.0940997451199836 -0.06837981818181818
v -0.27383399999999997 1.1196492727272727 0.05183728590958081
v -0.27383399999999997 1.104184114281093 0.05378078787878791
v -0.25354999999999994 1.1196492727272727 -0.07725939803348288
v -0.25354999999999994 1.073994461579263 -0.06837981818181818
v -0.25354999999999994 1.1196492727272727 0.04801594437329672
v -0.25354999999999994 1.0833454233076985 0.05378078787878791
v -0.23326599999999992 1.1196492727272727 -0.07891543375145346
v -0.23326599999999992 1.0697067782211014 -0.06837981818181818
v -0.23326599999999992 1.1196492727272727 0.043376217709666445
v -0.2129819999999999 1.1196492727272727 -0.07897869959866552
v -0.2129819999999999 1.072552719760044 -0.06837981818181818
v -0.2129819999999999 1.1196492727272727 0.039588028693804206
v -0.19269799999999987 1.1196492727272727 -0.07783167124729115
v -0.19269799999999987 1.0785306227011016 -0.06837981818181818
v -0.19269799999999987 1.0867564089439896 0.036329272727272835
v -0.19269799999999987 1.1196492727272727 0.03678081701030517
v -0.17241399999999987 1.1196492727272727 -0.07648838195435094
v -0.17241399999999987 1.0820150074303725 -0.06837981818181818
v -0.18593067586519565 1.1196492727272727 0.036329272727272835
v -0.17241399999999987 1.1196492727272727 0.03560404877136463
v -0.15212999999999996 1.1196492727272727 -0.0752885784933586
v -0.15212999999999996 1.0887967132800869 -0.06837981818181818
v -0.15212999999999996 1.1196492727272727 0.03493103816381044
v -0.13184599999999994 1.1196492727272727 -0.07473196815383168
v -0.13184599999999994 1.092719928258915 -0.06837981818181818
v -0.13184599999999994 1.1196492727272727 0.034746874657632244
v -0.11156199999999993 1.1196492727272727 -0.07237254364922169
v -0.11156199999999993 1.1025181878547958 -0.06837981818181818
v -0.11156199999999993 1.1196492727272727 0.03550363406781937
v -0.09153109477639762 1.1196492727272727 -0.06837981818181818
v -0.09127799999999991 1.1196492727272727 -0.06833992903684596
v -0.09127799999999991 1.0665146023322105 -0.050928303030303004
v -0.09637001498970904 1.1196492727272727 0.036329272727272835
v -0.09127799999999991 1.1196492727272727 0.03663793261010839
v -0.07099399999999989 1.1196492727272727 -0.06445427003455
v -0.07099399999999989 1.0798061094018188 -0.050928303030303004
v -0.07099399999999989 1.1196492727272727 0.0395185922241104
v -0.05070999999999987 1.1196492727272727 -0.057051139190070585
v -0.05070999999999987 1.105361695060115 -0.050928303030303004
v -0.05070999999999987 1.1196492727272727 0.041933973428355836
v -0.04280019467038896 1.1196492727272727 -0.050928303030303004
v -0.03042599999999997 1.1196492727272727 -0.04049290211347968
v -0.03042599999999997 1.110470698425434 -0.033476787878787835
v -0.03042599999999997 1.1196492727272727 0.040400260632803116
v -0.02763002236013375 1.1196492727272727 -0.033476787878787835
v -0.023281655427988202 1.1196492727272727 -0.016025272727272766
v -0.010141999999999953 1.1196492727272727 -0.011851238463258695
v -0.02860104826402264 1.1196492727272727 0.036329272727272835
v -0.010141999999999953 1.1196492727272727 0.0321946007888522
v 0.010142000000000064 1.1196492727272727 -0.011885907788750032
v 0.010142000000000064 1.1196492727272727 0.03224554405369326
v 0.027555593115115 1.1196492727272727 -0.033476787878787835
v 0.030426000000000192 1.1196492727272727 -0.04030930185234688
v 0.030426000000000192 1.1099899819468773 -0.033476787878787835
v 0.02318405148417064 1.1196492727272727 -0.016025272727272766
v 0.028258211876646545 1.1196492727272727 0.036329272727272835
v 0.030426000000000192 1.1196492727272727 0.04116425087280793
v 0.04313509589666237 1.1196492727272727 -0.050928303030303004
v 0.050710000000000095 1.1196492727272727 -0.056961500062594636
v 0.050710000000000095 1.1045704692642977 -0.050928303030303004
v 0.050710000000000095 1.1196492727272727 0.04335187562477654
v 0.070994 1.1196492727272727 -0.06407568338230045
v 0.070994 1.0769001126411926 -0.050928303030303004
v 0.070994 1.1196492727272727 0.04191471551409678
v 0.09127800000000014 1.1196492727272727 -0.06768724660352142
v 0.09127800000000014 1.1196492727272727 0.04011111589038081
v 0.09709783842869046 1.1196492727272727 -0.06837981818181818
v 0.11156200000000004 1.1196492727272727 -0.07060433614566466
v 0.11156200000000004 1.108466118461474 -0.06837981818181818
v 0.11156200000000004 1.1196492727272727 0.03891030428860601
v 0.13184600000000016 1.1196492727272727 -0.07280780983022486
v 0.13184600000000016 1.0970660234835898 -0.06837981818181818
v 0.13184600000000016 1.0752113233254128 0.036329272727272835
v 0.13184600000000016 1.1196492727272727 0.03818368918026324
v 0.15213000000000007 1.1196492727272727 -0.07431601178597401
v 0.15213000000000007 1.086533103795999 -0.06837981818181818
v 0.15213000000000007 1.0779109305822645 0.036329272727272835
v 0.15213000000000007 1.1196492727272727 0.038763343188478794
v 0.17241399999999998 1.1196492727272727 -0.07545728120689271
v 0.17241399999999998 1.077920809934525 -0.06837981818181818
v 0.17241399999999998 1.0705463720495676 0.036329272727272835
v 0.17241399999999998 1.1196492727272727 0.03951790180773766
v 0.19269800000000012 1.1196492727272727 -0.07699222054902909
v 0.19269800000000012 1.0735551230334417 -0.06837981818181818
v 0.19269800000000012 1.1196492727272727 0.04035406372722623
v 0.212982 1.1196492727272727 -0.07836316008308647
v 0.212982 1.065600266616788 -0.06837981818181818
v 0.212982 1.1196492727272727 0.042880011422421996
v 0.23326600000000014 1.1196492727272727 -0.07871664350587365
v 0.23326600000000014 1.1196492727272727 0.046308301609505026
v 0.23326600000000014 1.0662928478824445 0.05378078787878791
v 0.25355000000000005 1.1196492727272727 -0.07754266533948316
v 0.25355000000000005 1.1196492727272727 0.050155092763399384
v 0.25355000000000005 1.0915525651987315 0.05378078787878791
v 0.2738340000000002 1.1196492727272727 -0.07383218862443305
v 0.2738340000000002 1.0839970155373146 -0.06837981818181818
v 0.2738340000000002 1.1196492727272727 0.05297015019127959
v 0.2738340000000002 1.1118684776674095 0.05378078787878791
v 0.286762380897554 1.1196492727272727 -0.06837981818181818
v 0.2941180000000001 1.1196492727272727 -0.0661552326127567
v 0.2941180000000001 1.1196492727272727 0.05352004622396307
v 0.2941180000000001 1.1154356160766885 0.05378078787878791
v 0.31440199999999996 1.1196492727272727 -0.05094400571006473
v 0.31440199999999996 1.1195890272646967 -0.050928303030303004
v 0.31440199999999996 1.1196492727272727 0.04885015255146698
v 0.3144118688207673 1.1196492727272727 -0.050928303030303004
v 0.32499027244259004 1.1196492727272727 -0.033476787878787835
v 0.329180168303678 1.1196492727272727 -0.016025272727272766
v 0.3234436806330554 1.1196492727272727 0.0014262424242424028
v 0.32842232962348444 1.1196492727272727 0.01887775757575757
v 0.32335754649054915 1.1196492727272727 0.036329272727272835
v -0.33521579795244844 1.1739720000000005 -0.016025272727272766
v -0.3346859999999999 1.1739720000000005 -0.017654455066705564
v -0.3346859999999999 1.171133662749974 -0.016025272727272766
v -0.3460753209912956 1.1739720000000005 0.0014262424242424028
v -0.3346859999999999 1.1525825233439901 0.0014262424242424028
v -0.3346859999999999 1.1739720000000005 0.010518260767132564
v -0.32261907420502905 1.1739720000000005 -0.033476787878787835
v -0.31440199999999985 1.1739720000000005 -0.04318172987473989
v -0.31440199999999985 1.1739720000000005 0.013431350998584545
v -0.31440199999999985 1.1434528060261249 0.01887775757575757
v -0.31440199999999985 1.1342780124815404 0.036329272727272835
v -0.2941179999999999 1.1735226633156663 -0.050928303030303004
v -0.2941179999999999 1.1739720000000005 -0.05085531861349561
v -0.2941179999999999 1.1739720000000005 0.012061995982889491
v -0.2941179999999999 1.1337407772127177 0.01887775757575757
v -0.2941179999999999 1.1342904615185527 0.036329272727272835
v -0.27383399999999997 1.1331111743854472 -0.06837981818181818
v -0.29359636429393543 1.1739720000000005 -0.050928303030303004
v -0.27383399999999997 1.1739720000000005 -0.056130102453406584
v -0.27383399999999997 1.1739720000000005 0.011229802248088807
v -0.27383399999999997 1.1288290313956821 0.01887775757575757
v -0.27383399999999997 1.1292382654631536 0.036329272727272835
v -0.25354999999999994 1.1425195953998681 -0.06837981818181818
v -0.25354999999999994 1.1739720000000005 -0.057204887586220624
v -0.25354999999999994 1.1739720000000005 0.010658759275186456
v -0.25354999999999994 1.1261648521899068 0.01887775757575757
v -0.25354999999999994 1.1256001400482973 0.036329272727272835
v -0.23326599999999992 1.1454930465937854 -0.06837981818181818
v -0.23326599999999992 1.1739720000000005 -0.05794420270212799
v -0.23326599999999992 1.1739720000000005 0.010106417216342926
v -0.23326599999999992 1.1247419509274996 0.01887775757575757
v -0.23326599999999992 1.1228537123892086 0.036329272727272835
v -0.2129819999999999 1.1437238865188537 -0.06837981818181818
v -0.2129819999999999 1.1739720000000005 -0.05691159220720479
v -0.2129819999999999 1.1739720000000005 0.009778746627344894
v -0.2129819999999999 1.1237331367239949 0.01887775757575757
v -0.2129819999999999 1.121061423640653 0.036329272727272835
v -0.19269799999999987 1.1402814622353836 -0.06837981818181818
v -0.19269799999999987 1.1739720000000005 -0.055241701978455085
v -0.19269799999999987 1.1739720000000005 0.00935830209612492
v -0.19269799999999987 1.1231724756556916 0.01887775757575757
v -0.19269799999999987 1.1198355281445482 0.036329272727272835
v -0.17241399999999987 1.136964857872123 -0.06837981818181818
v -0.17241399999999987 1.1739720000000005 -0.05434431960812749
v -0.17241399999999987 1.1739720000000005 0.00886920048750557
v -0.17241399999999987 1.122769054492429 0.01887775757575757
v -0.15212999999999996 1.133607238859341 -0.06837981818181818
v -0.15212999999999996 1.1739720000000005 -0.05119376054558236
v -0.15212999999999996 1.1739720000000005 0.008877799615089589
v -0.15212999999999996 1.1224347090514728 0.01887775757575757
v -0.13184599999999994 1.1327568674133055 -0.06837981818181818
v -0.14526325160800543 1.1739720000000005 -0.050928303030303004
v -0.13184599999999994 1.1728493046541166 -0.050928303030303004
v -0.13184599999999994 1.1739720000000005 -0.050628090768376544
v -0.13184599999999994 1.1739720000000005 0.008312863399802181
v -0.13184599999999994 1.122555987839246 0.01887775757575757
v -0.11156199999999993 1.1280071406211085 -0.06837981818181818
v -0.11156199999999993 1.1697009032874455 -0.050928303030303004
v -0.11156199999999993 1.1739720000000005 -0.049900516970621756
v -0.11156199999999993 1.1739720000000005 0.008001818345195196
v -0.11156199999999993 1.1223714335214678 0.01887775757575757
v -0.09127799999999991 1.1628255274905197 -0.050928303030303004
v -0.09127799999999991 1.1739720000000005 -0.04796917776182617
v -0.09127799999999991 1.1739720000000005 0.007698259769007371
v -0.09127799999999991 1.1227123151264329 0.01887775757575757
v -0.09127799999999991 1.1197828378475492 0.036329272727272835
v -0.07099399999999989 1.1545963930377166 -0.050928303030303004
v -0.07099399999999989 1.1739720000000005 -0.04604114323011513
v -0.07099399999999989 1.1739720000000005 0.0075493661364861835
v -0.07099399999999989 1.1233592518281525 0.01887775757575757
v -0.07099399999999989 1.1212400172689676 0.036329272727272835
v -0.05070999999999987 1.1375502545729044 -0.050928303030303004
v -0.05070999999999987 1.1739720000000005 -0.043407790889422405
v -0.05070999999999987 1.1739720000000005 0.007057942328450041
v -0.05070999999999987 1.1250162195330384 0.01887775757575757
v -0.05070999999999987 1.1230505071730068 0.036329272727272835
v -0.03042599999999997 1.1739720000000005 -0.03663094562012335
v -0.03042599999999997 1.1739720000000005 0.006558786294003546
v -0.03042599999999997 1.1287769082979406 0.01887775757575757
v -0.03042599999999997 1.1231732405276453 0.036329272727272835
v -0.0221467825041715 1.1739720000000005 -0.033476787878787835
v -0.010141999999999953 1.1739720000000005 -0.03069647845377426
v -0.010141999999999953 1.160422299298749 -0.016025272727272766
v -0.010141999999999953 1.1739720000000005 0.0050667432619990824
v -0.010141999999999953 1.1411711199768193 0.01887775757575757
v 0.010142000000000064 1.1739720000000005 -0.030194292065750625
v 0.010142000000000064 1.160543288696415 -0.016025272727272766
v 0.010142000000000064 1.1739720000000005 0.004831528849606531
v 0.010142000000000064 1.1418906090674326 0.01887775757575757
v 0.0267556148048544 1.1739720000000005 -0.033476787878787835
v 0.030426000000000192 1.1739720000000005 -0.03476199261369255
v 0.030426000000000192 1.1739720000000005 0.006325586620282568
v 0.030426000000000192 1.1291903757524666 0.01887775757575757
v 0.030426000000000192 1.1239628251674865 0.036329272727272835
v 0.050710000000000095 1.134885247155951 -0.050928303030303004
v 0.050710000000000095 1.1739720000000005 -0.04004959736040442
v 0.050710000000000095 1.1739720000000005 0.006655493576692409
v 0.050710000000000095 1.1253510713605204 0.01887775757575757
v 0.050710000000000095 1.1241742828538752 0.036329272727272835
v 0.070994 1.1488044518003977 -0.050928303030303004
v 0.070994 1.1739720000000005 -0.04271196318351791
v 0.070994 1.1739720000000005 0.007179736101305765
v 0.070994 1.1238035903845862 0.01887775757575757
v 0.070994 1.1225360876193622 0.036329272727272835
v 0.09127800000000014 1.1554583787357369 -0.050928303030303004
v 0.09127800000000014 1.1739720000000005 -0.0443042505711109
v 0.09127800000000014 1.1739720000000005 0.007574066610093523
v 0.09127800000000014 1.1234026012895368 0.01887775757575757
v 0.09127800000000014 1.1213869873482487 0.036329272727272835
v 0.11156200000000004 1.1238530936191469 -0.06837981818181818
v 0.11156200000000004 1.1604799188520036 -0.050928303030303004
v 0.11156200000000004 1.1739720000000005 -0.046445688094822475
v 0.11156200000000004 1.1739720000000005 0.007629524334526449
v 0.11156200000000004 1.122889092442902 0.01887775757575757
v 0.11156200000000004 1.120775540025655 0.036329272727272835
v 0.13184600000000016 1.1279405095070782 -0.06837981818181818
v 0.13184600000000016 1.1635541110638024 -0.050928303030303004
v 0.13184600000000016 1.1739720000000005 -0.04751744633737484
v 0.13184600000000016 1.1739720000000005 0.007956714318288712
v 0.13184600000000016 1.123157476207244 0.01887775757575757
v 0.13184600000000016 1.1204381799749754 0.036329272727272835
v 0.15213000000000007 1.1304849704091628 -0.06837981818181818
v 0.15213000000000007 1.1658868796254869 -0.050928303030303004
v 0.15213000000000007 1.1739720000000005 -0.04851631893275381
v 0.15213000000000007 1.1739720000000005 0.00835330804985138
v 0.15213000000000007 1.1233243567372313 0.01887775757575757
v 0.15213000000000007 1.1207140947357082 0.036329272727272835
v 0.17241399999999998 1.132707948101496 -0.06837981818181818
v 0.17241399999999998 1.1724259699401705 -0.050928303030303004
v 0.17241399999999998 1.1739720000000005 -0.05047789818951437
v 0.17241399999999998 1.1739720000000005 0.00865767055627331
v 0.17241399999999998 1.1236987389577962 0.01887775757575757
v 0.17241399999999998 1.121024076122559 0.036329272727272835
v 0.19269800000000012 1.1361455124678883 -0.06837981818181818
v 0.19269800000000012 1.1725745683236852 -0.050928303030303004
v 0.19269800000000012 1.1739720000000005 -0.050516935654432445
v 0.19269800000000012 1.1739720000000005 0.008907525026607457
v 0.19269800000000012 1.1238000363391905 0.01887775757575757
v 0.19269800000000012 1.1213863248653047 0.036329272727272835
v 0.212982 1.1400076030358939 -0.06837981818181818
v 0.19830020256313763 1.1739720000000005 -0.050928303030303004
v 0.212982 1.1739720000000005 -0.052690714371372266
v 0.212982 1.1739720000000005 0.00932874477493122
v 0.212982 1.1243955526338993 0.01887775757575757
v 0.212982 1.1226202547349309 0.036329272727272835
v 0.23326600000000014 1.1419940616346398 -0.06837981818181818
v 0.23326600000000014 1.1739720000000005 -0.05425512279597137
v 0.23326600000000014 1.1739720000000005 0.009688240569866089
v 0.23326600000000014 1.1254829355844702 0.01887775757575757
v 0.23326600000000014 1.12437629567153 0.036329272727272835
v 0.25355000000000005 1.1406724971895508 -0.06837981818181818
v 0.25355000000000005 1.1739720000000005 -0.054205009049520476
v 0.25355000000000005 1.1739720000000005 0.010280645260342154
v 0.25355000000000005 1.126945556792272 0.01887775757575757
v 0.25355000000000005 1.1270507707399842 0.036329272727272835
v 0.2738340000000002 1.1333621715567426 -0.06837981818181818
v 0.2738340000000002 1.1739720000000005 -0.0537570060853684
v 0.2738340000000002 1.1739720000000005 0.01089644437790126
v 0.2738340000000002 1.1296325103711524 0.01887775757575757
v 0.2738340000000002 1.1304209796714482 0.036329272727272835
v 0.28548140620026746 1.1739720000000005 -0.050928303030303004
v 0.2941180000000001 1.1686293939192534 -0.050928303030303004
v 0.2941180000000001 1.1739720000000005 -0.04980827672004817
v 0.2941180000000001 1.1739720000000005 0.01172689176847558
v 0.2941180000000001 1.1345085336632403 0.01887775757575757
v 0.2941180000000001 1.1350613004217238 0.036329272727272835
v 0.31440199999999996 1.119705427191868 -0.050928303030303004
v 0.31440199999999996 1.1739720000000005 -0.04231755417487325
v 0.31440199999999996 1.1739720000000005 0.013169016188681
v 0.31440199999999996 1.1439779010831057 0.01887775757575757
v 0.31440199999999996 1.1340671137666036 0.036329272727272835
v 0.32197367717157566 1.1739720000000005 -0.033476787878787835
v 0.3346860000000001 1.1739720000000005 -0.017227740221529918
v 0.3346860000000001 1.1713005082870895 -0.016025272727272766
v 0.3346860000000001 1.1518410208674088 0.0014262424242424028
v 0.3346860000000001 1.1739720000000005 0.01024563262354973
v 0.3350764538068982 1.1739720000000005 -0.016025272727272766
v 0.3457696705153854 1.1739720000000005 0.0014262424242424028
v -0.3346859999999999 1.1756479293320943 -0.016025272727272766
v -0.3346859999999999 1.2123274756040008 0.0014262424242424028
v -0.31440199999999985 1.1848589616508725 -0.033476787878787835
v -0.31440199999999985 1.203969885626695 -0.016025272727272766
v -0.31440199999999985 1.2193428367474923 0.0014262424242424028
v -0.2941179999999999 1.191863872924338 -0.033476787878787835
v -0.2941179999999999 1.2036493753007644 -0.016025272727272766
v -0.2941179999999999 1.2183383817476068 0.0014262424242424028
v -0.27383399999999997 1.178590785557751 -0.050928303030303004
v -0.27383399999999997 1.1930422624979038 -0.033476787878787835
v -0.27383399999999997 1.2035187495813775 -0.016025272727272766
v -0.27383399999999997 1.2173306711070708 0.0014262424242424028
v -0.25354999999999994 1.1789187604741855 -0.050928303030303004
v -0.25354999999999994 1.1906512577445703 -0.033476787878787835
v -0.25354999999999994 1.2021586502213428 -0.016025272727272766
v -0.25354999999999994 1.2167984970781913 0.0014262424242424028
v -0.23326599999999992 1.1791789967735054 -0.050928303030303004
v -0.23326599999999992 1.1914103115739023 -0.033476787878787835
v -0.23326599999999992 1.2008212228483937 -0.016025272727272766
v -0.23326599999999992 1.215661584194481 0.0014262424242424028
v -0.2129819999999999 1.178323960244125 -0.050928303030303004
v -0.2129819999999999 1.190112595610175 -0.033476787878787835
v -0.2129819999999999 1.1995079680790912 -0.016025272727272766
v -0.2129819999999999 1.2152962554079534 0.0014262424242424028
v -0.19269799999999987 1.1769357772129987 -0.050928303030303004
v -0.19269799999999987 1.1891329246607167 -0.033476787878787835
v -0.19269799999999987 1.199531136992679 -0.016025272727272766
v -0.19269799999999987 1.214272168666593 0.0014262424242424028
v -0.17241399999999987 1.1763023215556916 -0.050928303030303004
v -0.17241399999999987 1.1881395167126891 -0.033476787878787835
v -0.17241399999999987 1.198798245035686 -0.016025272727272766
v -0.17241399999999987 1.2138069550366757 0.0014262424242424028
v -0.15212999999999996 1.174147294618577 -0.050928303030303004
v -0.15212999999999996 1.1872046571733448 -0.033476787878787835
v -0.15212999999999996 1.1974736760289977 -0.016025272727272766
v -0.15212999999999996 1.2145772167728497 0.0014262424242424028
v -0.13184599999999994 1.1864417049628566 -0.033476787878787835
v -0.13184599999999994 1.1971987122711172 -0.016025272727272766
v -0.13184599999999994 1.2124841350817055 0.0014262424242424028
v -0.11156199999999993 1.1863940127571828 -0.033476787878787835
v -0.11156199999999993 1.197002718952751 -0.016025272727272766
v -0.11156199999999993 1.213102402387961 0.0014262424242424028
v -0.09127799999999991 1.1845154422509125 -0.033476787878787835
v -0.09127799999999991 1.1964336142798497 -0.016025272727272766
v -0.09127799999999991 1.211676504946624 0.0014262424242424028
v -0.07099399999999989 1.1832927874590091 -0.033476787878787835
v -0.07099399999999989 1.1951492019298549 -0.016025272727272766
v -0.07099399999999989 1.2117556195842396 0.0014262424242424028
v -0.05070999999999987 1.1817956390498419 -0.033476787878787835
v -0.05070999999999987 1.1946416355247533 -0.016025272727272766
v -0.05070999999999987 1.2101844660577321 0.0014262424242424028
v -0.03042599999999997 1.1761785925623653 -0.033476787878787835
v -0.03042599999999997 1.1916653735251428 -0.016025272727272766
v -0.03042599999999997 1.2095900360917275 0.0014262424242424028
v -0.010141999999999953 1.1848996159226874 -0.016025272727272766
v -0.010141999999999953 1.2056279489457282 0.0014262424242424028
v 0.010142000000000064 1.1846887245627626 -0.016025272727272766
v 0.010142000000000064 1.2037687918357587 0.0014262424242424028
v 0.030426000000000192 1.1748303115024832 -0.033476787878787835
v 0.030426000000000192 1.1896042027324918 -0.016025272727272766
v 0.030426000000000192 1.208195207343394 0.0014262424242424028
v 0.050710000000000095 1.1786865574680405 -0.033476787878787835
v 0.050710000000000095 1.1922082763366122 -0.016025272727272766
v 0.050710000000000095 1.2084772747488046 0.0014262424242424028
v 0.070994 1.1804364193222185 -0.033476787878787835
v 0.070994 1.193000487575433 -0.016025272727272766
v 0.070994 1.2101786893161794 0.0014262424242424028
v 0.09127800000000014 1.1810830965415389 -0.033476787878787835
v 0.09127800000000014 1.193428952701098 -0.016025272727272766
v 0.09127800000000014 1.2104675837438907 0.0014262424242424028
v 0.11156200000000004 1.1826686658842256 -0.033476787878787835
v 0.11156200000000004 1.1943970056778985 -0.016025272727272766
v 0.11156200000000004 1.2113818695861083 0.0014262424242424028
v 0.13184600000000016 1.183473331446554 -0.033476787878787835
v 0.13184600000000016 1.194909775719709 -0.016025272727272766
v 0.13184600000000016 1.210793829537181 0.0014262424242424028
v 0.15213000000000007 1.184824628571612 -0.033476787878787835
v 0.15213000000000007 1.1950906734348963 -0.016025272727272766
v 0.15213000000000007 1.2117584761168665 0.0014262424242424028
v 0.17241399999999998 1.1856100906257392 -0.033476787878787835
v 0.17241399999999998 1.1965047485248022 -0.016025272727272766
v 0.17241399999999998 1.2119289351741993 0.0014262424242424028
v 0.19269800000000012 1.1861483551588805 -0.033476787878787835
v 0.19269800000000012 1.1970160719456644 -0.016025272727272766
v 0.19269800000000012 1.2127451757254182 0.0014262424242424028
v 0.212982 1.175146022372432 -0.050928303030303004
v 0.212982 1.1872945399390105 -0.033476787878787835
v 0.212982 1.1971389897115938 -0.016025272727272766
v 0.212982 1.213534954489607 0.0014262424242424028
v 0.23326600000000014 1.1763098786516522 -0.050928303030303004
v 0.23326600000000014 1.1887531219797434 -0.033476787878787835
v 0.23326600000000014 1.1985309892908012 -0.016025272727272766
v 0.23326600000000014 1.2139245632543478 0.0014262424242424028
v 0.25355000000000005 1.1764098723641685 -0.050928303030303004
v 0.25355000000000005 1.187963837972443 -0.033476787878787835
v 0.25355000000000005 1.1999827780391803 -0.016025272727272766
v 0.25355000000000005 1.2152042978945718 0.0014262424242424028
v 0.2738340000000002 1.176362091003215 -0.050928303030303004
v 0.2738340000000002 1.1908445055437424 -0.033476787878787835
v 0.2738340000000002 1.2014972069686096 -0.016025272727272766
v 0.2738340000000002 1.215848750414872 0.0014262424242424028
v 0.2941180000000001 1.190028957505146 -0.033476787878787835
v 0.2941180000000001 1.2019406126056733 -0.016025272727272766
v 0.2941180000000001 1.2169402880085172 0.0014262424242424028
v 0.31440199999999996 1.1835479812570289 -0.033476787878787835
v 0.31440199999999996 1.2026669826713847 -0.016025272727272766
v 0.31440199999999996 1.218159348640099 0.0014262424242424028
v 0.3346860000000001 1.175170040421977 -0.016025272727272766
v 0.3346860000000001 1.2113465679537125 0.0014262424242424028
f 3 2 1
f 3 4 5
f 1 4 3
f 5 6 7
f 4 6 5
f 6 8 7
f 11 10 9
f 11 12 13
f 9 12 11
f 13 14 15
f 12 14 13
f 15 16 17
f 14 16 15
f 2 17 16
f 2 3 17
f 3 18 17
f 5 19 3
f 19 18 3
f 7 20 5
f 20 19 5
f 21 7 8
f 21 22 7
f 22 20 7
f 22 23 24
f 21 23 22
f 24 25 26
f 23 25 24
f 26 27 28
f 25 27 26
f 28 29 30
f 27 29 28
f 29 31 30
f 34 33 32
f 34 35 36
f 32 35 34
f 36 37 38
f 35 37 36
f 10 38 37
f 10 11 38
f 11 39 38
f 13 40 11
f 40 39 11
f 15 41 13
f 41 40 13
f 17 42 15
f 42 41 15
f 18 43 17
f 43 42 17
f 19 44 18
f 44 43 18
f 20 45 19
f 45 44 19
f 22 46 20
f 46 45 20
f 24 47 22
f 47 46 22
f 26 48 24
f 48 47 24
f 28 49 26
f 49 48 26
f 30 50 28
f 50 49 28
f 51 30 31
f 51 52 30
f 52 50 30
f 52 53 54
f 51 53 52
f 53 55 54
f 58 57 56
f 33 58 56
f 33 34 58
f 34 59 58
f 36 60 34
f 60 59 34
f 38 61 36
f 61 60 36
f 39 62 38
f 62 61 38
f 40 63 39
f 63 62 39
f 41 64 40
f 64 63 40
f 42 65 41
f 65 64 41
f 43 66 42
f 66 65 42
f 44 67 43
f 67 66 43
f 45 68 44
f 68 67 44
f 46 69 45
f 69 68 45
f 47 70 46
f 70 69 46
f 48 71 47
f 71 70 47
f 49 72 48
f 72 71 48
f 50 73 49
f 73 72 49
f 52 74 50
f 74 73 50
f 54 75 52
f 75 74 52
f 76 54 55
f 76 77 54
f 77 75 54
f 76 78 77
f 81 80 79
f 81 82 83
f 79 82 81
f 57 83 82
f 57 58 83
f 58 84 83
f 59 85 58
f 85 84 58
f 60 86 59
f 86 85 59
f 61 87 60
f 87 86 60
f 62 88 61
f 88 87 61
f 63 89 62
f 89 88 62
f 64 90 63
f 90 89 63
f 65 91 64
f 91 90 64
f 66 92 65
f 92 91 65
f 67 93 66
f 93 92 66
f 68 94 67
f 94 93 67
f 69 95 68
f 95 94 68
f 70 96 69
f 96 95 69
f 71 97 70
f 97 96 70
f 72 98 71
f 98 97 71
f 73 99 72
f 99 98 72
f 74 100 73
f 100 99 73
f 75 101 74
f 101 100 74
f 77 102 75
f 102 101 75
f 103 77 78
f 103 104 77
f 104 102 77
f 104 105 106
f 103 105 104
f 105 107 106
f 110 109 108
f 80 110 108
f 80 81 110
f 81 111 110
f 83 112 81
f 112 111 81
f 84 113 83
f 113 112 83
f 85 114 84
f 114 113 84
f 86 115 85
f 115 114 85
f 87 116 86
f 116 115 86
f 88 117 87
f 117 116 87
f 89 118 88
f 118 117 88
f 90 119 89
f 119 118 89
f 91 120 90
f 120 119 90
f 92 121 91
f 121 120 91
f 93 122 92
f 122 121 92
f 94 123 93
f 123 122 93
f 95 124 94
f 124 123 94
f 96 125 95
f 125 124 95
f 97 126 96
f 126 125 96
f 98 127 97
f 127 126 97
f 99 128 98
f 128 127 98
f 100 129 99
f 129 128 99
f 101 130 100
f 130 129 100
f 102 131 101
f 131 130 101
f 104 132 102
f 132 131 102
f 106 133 104
f 133 132 104
f 134 106 107
f 134 135 106
f 135 133 106
f 134 136 135
f 139 138 137
f 109 139 137
f 109 110 139
f 110 140 139
f 111 141 110
f 141 140 110
f 112 142 111
f 142 141 111
f 113 143 112
f 143 142 112
f 114 144 113
f 144 143 113
f 115 145 114
f 145 144 114
f 116 146 115
f 146 145 115
f 117 147 116
f 147 146 116
f 118 148 117
f 148 147 117
f 119 149 118
f 149 148 118
f 120 150 119
f 150 149 119
f 121 151 120
f 151 150 120
f 122 152 121
f 152 151 121
f 123 153 122
f 153 152 122
f 124 154 123
f 154 153 123
f 125 155 124
f 155 154 124
f 126 156 125
f 156 155 125
f 127 157 126
f 157 156 126
f 128 158 127
f 158 157 127
f 129 159 128
f 159 158 128
f 130 160 129
f 160 159 129
f 131 161 130
f 161 160 130
f 132 162 131
f 162 161 131
f 133 163 132
f 163 162 132
f 135 164 133
f 164 163 133
f 165 135 136
f 165 166 135
f 166 164 135
f 165 167 166
f 169 138 139
f 168 138 169
f 140 170 139
f 170 169 139
f 141 171 140
f 171 170 140
f 142 172 141
f 172 171 141
f 143 173 142
f 173 172 142
f 144 174 143
f 174 173 143
f 145 175 144
f 175 174 144
f 146 176 145
f 176 175 145
f 147 177 146
f 177 176 146
f 148 178 147
f 178 177 147
f 149 179 148
f 179 178 148
f 150 180 149
f 180 179 149
f 151 181 150
f 181 180 150
f 152 182 151
f 182 181 151
f 153 183 152
f 183 182 152
f 154 184 153
f 184 183 153
f 155 185 154
f 185 184 154
f 156 186 155
f 186 185 155
f 157 187 156
f 187 186 156
f 158 188 157
f 188 187 157
f 159 189 158
f 189 188 158
f 160 190 159
f 190 189 159
f 161 191 160
f 191 190 160
f 162 192 161
f 192 191 161
f 163 193 162
f 193 192 162
f 164 194 163
f 194 193 163
f 166 195 164
f 195 194 164
f 196 166 167
f 195 166 196
f 199 198 197
f 168 199 197
f 168 169 199
f 169 200 199
f 170 201 169
f 201 200 169
f 171 202 170
f 202 201 170
f 172 203 171
f 203 202 171
f 173 204 172
f 204 203 172
f 174 205 173
f 205 204 173
f 175 206 174
f 206 205 174
f 176 207 175
f 207 206 175
f 177 208 176
f 208 207 176
f 178 209 177
f 209 208 177
f 179 210 178
f 210 209 178
f 180 211 179
f 211 210 179
f 181 212 180
f 212 211 180
f 182 213 181
f 213 212 181
f 183 214 182
f 214 213 182
f 184 215 183
f 215 214 183
f 185 216 184
f 216 215 184
f 186 217 185
f 217 216 185
f 187 218 186
f 218 217 186
f 188 219 187
f 219 218 187
f 189 220 188
f 220 219 188
f 190 221 189
f 221 220 189
f 191 222 190
f 222 221 190
f 192 223 191
f 223 222 191
f 193 224 192
f 224 223 192
f 194 225 193
f 225 224 193
f 195 226 194
f 226 225 194
f 227 195 196
f 227 228 195
f 228 226 195
f 227 229 228
f 232 231 230
f 198 232 230
f 198 199 232
f 199 233 232
f 200 234 199
f 234 233 199
f 201 235 200
f 235 234 200
f 202 236 201
f 236 235 201
f 203 237 202
f 237 236 202
f 204 238 203
f 238 237 203
f 205 239 204
f 239 238 204
f 206 240 205
f 240 239 205
f 207 241 206
f 241 240 206
f 208 242 207
f 242 241 207
f 209 243 208
f 243 242 208
f 210 244 209
f 244 243 209
f 211 245 210
f 245 244 210
f 212 246 211
f 246 245 211
f 213 247 212
f 247 246 212
f 214 248 213
f 248 247 213
f 215 249 214
f 249 248 214
f 216 250 215
f 250 249 215
f 217 251 216
f 251 250 216
f 218 252 217
f 252 251 217
f 219 253 218
f 253 252 218
f 220 254 219
f 254 253 219
f 221 255 220
f 255 254 220
f 222 256 221
f 256 255 221
f 223 257 222
f 257 256 222
f 224 258 223
f 258 257 223
f 225 259 224
f 259 258 224
f 226 260 225
f 260 259 225
f 228 261 226
f 261 260 226
f 262 228 229
f 261 228 262
f 264 231 232
f 263 231 264
f 233 265 232
f 265 264 232
f 234 266 233
f 266 265 233
f 235 267 234
f 267 266 234
f 236 268 235
f 268 267 235
f 237 269 236
f 269 268 236
f 238 270 237
f 270 269 237
f 239 271 238
f 271 270 238
f 240 272 239
f 272 271 239
f 241 273 240
f 273 272 240
f 242 274 241
f 274 273 241
f 243 275 242
f 275 274 242
f 244 276 243
f 276 275 243
f 245 277 244
f 277 276 244
f 246 278 245
f 278 277 245
f 247 279 246
f 279 278 246
f 248 280 247
f 280 279 247
f 249 281 248
f 281 280 248
f 250 282 249
f 282 281 249
f 251 283 250
f 283 282 250
f 252 284 251
f 284 283 251
f 253 285 252
f 285 284 252
f 254 286 253
f 286 285 253
f 255 287 254
f 287 286 254
f 256 288 255
f 288 287 255
f 257 289 256
f 289 288 256
f 258 290 257
f 290 289 257
f 259 291 258
f 291 290 258
f 260 292 259
f 292 291 259
f 261 293 260
f 293 292 260
f 294 261 262
f 294 295 261
f 295 293 261
f 294 296 295
f 299 298 297
f 263 299 297
f 263 264 299
f 264 300 299
f 265 301 264
f 301 300 264
f 266 302 265
f 302 301 265
f 267 303 266
f 303 302 266
f 268 304 267
f 304 303 267
f 269 305 268
f 305 304 268
f 270 306 269
f 306 305 269
f 271 307 270
f 307 306 270
f 272 308 271
f 308 307 271
f 273 309 272
f 309 308 272
f 274 310 273
f 310 309 273
f 275 311 274
f 311 310 274
f 276 312 275
f 312 311 275
f 277 313 276
f 313 312 276
f 278 314 277
f 314 313 277
f 279 315 278
f 315 314 278
f 280 316 279
f 316 315 279
f 281 317 280
f 317 316 280
f 282 318 281
f 318 317 281
f 283 319 282
f 319 318 282
f 284 320 283
f 320 319 283
f 285 321 284
f 321 320 284
f 286 322 285
f 322 321 285
f 287 323 286
f 323 322 286
f 288 324 287
f 324 323 287
f 289 325 288
f 325 324 288
f 290 326 289
f 326 325 289
f 291 327 290
f 327 326 290
f 292 328 291
f 328 327 291
f 293 329 292
f 329 328 292
f 295 330 293
f 330 329 293
f 331 295 296
f 330 295 331
f 333 298 299
f 332 298 333
f 300 334 299
f 334 333 299
f 301 335 300
f 335 334 300
f 302 336 301
f 336 335 301
f 303 337 302
f 337 336 302
f 304 338 303
f 338 337 303
f 305 339 304
f 339 338 304
f 306 340 305
f 340 339 305
f 307 341 306
f 341 340 306
f 308 342 307
f 342 341 307
f 309 343 308
f 343 342 308
f 310 344 309
f 344 343 309
f 311 345 310
f 345 344 310
f 312 346 311
f 346 345 311
f 313 347 312
f 347 346 312
f 314 348 313
f 348 347 313
f 315 349 314
f 349 348 314
f 316 350 315
f 350 349 315
f 317 351 316
f 351 350 316
f 318 352 317
f 352 351 317
f 319 353 318
f 353 352 318
f 320 354 319
f 354 353 319
f 321 355 320
f 355 354 320
f 322 356 321
f 356 355 321
f 323 357 322
f 357 356 322
f 324 358 323
f 358 357 323
f 325 359 324
f 359 358 324
f 326 360 325
f 360 359 325
f 327 361 326
f 361 360 326
f 328 362 327
f 362 361 327
f 329 363 328
f 363 362 328
f 330 364 329
f 364 363 329
f 365 330 331
f 364 330 365
f 367 332 333
f 366 332 367
f 334 368 333
f 368 367 333
f 335 369 334
f 369 368 334
f 336 370 335
f 370 369 335
f 337 371 336
f 371 370 336
f 338 372 337
f 372 371 337
f 339 373 338
f 373 372 338
f 340 374 339
f 374 373 339
f 341 375 340
f 375 374 340
f 342 376 341
f 376 375 341
f 343 377 342
f 377 376 342
f 344 378 343
f 378 377 343
f 345 379 344
f 379 378 344
f 346 380 345
f 380 379 345
f 347 381 346
f 381 380 346
f 348 382 347
f 382 381 347
f 349 383 348
f 383 382 348
f 350 384 349
f 384 383 349
f 351 385 350
f 385 384 350
f 352 386 351
f 386 385 351
f 353 387 352
f 387 386 352
f 354 388 353
f 388 387 353
f 355 389 354
f 389 388 354
f 356 390 355
f 390 389 355
f 357 391 356
f 391 390 356
f 358 392 357
f 392 391 357
f 359 393 358
f 393 392 358
f 360 394 359
f 394 393 359
f 361 395 360
f 395 394 360
f 362 396 361
f 396 395 361
f 363 397 362
f 397 396 362
f 364 398 363
f 398 397 363
f 399 364 365
f 398 364 399
f 401 366 367
f 400 366 401
f 368 402 367
f 402 401 367
f 369 403 368
f 403 402 368
f 405 370 404
f 405 403 370
f 403 369 370
f 404 407 406
f 404 370 407
f 370 371 407
f 372 408 371
f 408 407 371
f 410 373 409
f 410 408 373
f 408 372 373
f 409 412 411
f 409 373 412
f 373 374 412
f 375 413 374
f 413 412 374
f 376 414 375
f 414 413 375
f 377 415 376
f 415 414 376
f 378 416 377
f 416 415 377
f 379 417 378
f 417 416 378
f 380 418 379
f 418 417 379
f 381 419 380
f 419 418 380
f 382 420 381
f 420 419 381
f 383 421 382
f 421 420 382
f 384 422 383
f 422 421 383
f 385 423 384
f 423 422 384
f 386 424 385
f 424 423 385
f 387 425 386
f 425 424 386
f 388 426 387
f 426 425 387
f 389 427 388
f 427 426 388
f 390 428 389
f 428 427 389
f 391 429 390
f 429 428 390
f 392 430 391
f 430 429 391
f 393 431 392
f 431 430 392
f 394 432 393
f 432 431 393
f 395 433 394
f 433 432 394
f 396 434 395
f 434 433 395
f 397 435 396
f 435 434 396
f 398 436 397
f 436 435 397
f 437 398 399
f 436 398 437
f 439 400 401
f 438 400 439
f 402 440 401
f 440 439 401
f 403 441 402
f 441 440 402
f 442 403 405
f 442 443 403
f 443 441 403
f 406 443 442
f 406 407 443
f 407 444 443
f 408 445 407
f 445 444 407
f 446 408 410
f 446 447 408
f 447 445 408
f 411 447 446
f 411 412 447
f 412 448 447
f 413 449 412
f 449 448 412
f 414 450 413
f 450 449 413
f 415 451 414
f 451 450 414
f 416 452 415
f 452 451 415
f 417 453 416
f 453 452 416
f 418 454 417
f 454 453 417
f 419 455 418
f 455 454 418
f 420 456 419
f 456 455 419
f 421 457 420
f 457 456 420
f 422 458 421
f 458 457 421
f 423 459 422
f 459 458 422
f 424 460 423
f 460 459 423
f 425 461 424
f 461 460 424
f 426 462 425
f 462 461 425
f 427 463 426
f 463 462 426
f 428 464 427
f 464 463 427
f 429 465 428
f 465 464 428
f 430 466 429
f 466 465 429
f 431 467 430
f 467 466 430
f 432 468 431
f 468 467 431
f 433 469 432
f 469 468 432
f 434 470 433
f 470 469 433
f 435 471 434
f 471 470 434
f 436 472 435
f 472 471 435
f 473 436 437
f 472 436 473
f 475 438 439
f 474 438 475
f 440 476 439
f 476 475 439
f 441 477 440
f 477 476 440
f 443 478 441
f 478 477 441
f 444 479 443
f 479 478 443
f 445 480 444
f 480 479 444
f 447 481 445
f 481 480 445
f 448 482 447
f 482 481 447
f 449 483 448
f 483 482 448
f 450 484 449
f 484 483 449
f 451 485 450
f 485 484 450
f 452 486 451
f 486 485 451
f 453 487 452
f 487 486 452
f 454 488 453
f 488 487 453
f 455 489 454
f 489 488 454
f 456 490 455
f 490 489 455
f 457 491 456
f 491 490 456
f 458 492 457
f 492 491 457
f 459 493 458
f 493 492 458
f 460 494 459
f 494 493 459
f 461 495 460
f 495 494 460
f 462 496 461
f 496 495 461
f 463 497 462
f 497 496 462
f 464 498 463
f 498 497 463
f 465 499 464
f 499 498 464
f 466 500 465
f 500 499 465
f 467 501 466
f 501 500 466
f 468 502 467
f 502 501 467
f 469 503 468
f 503 502 468
f 470 504 469
f 504 503 469
f 471 505 470
f 505 504 470
f 472 506 471
f 506 505 471
f 507 472 473
f 506 472 507
f 475 508 474
f 508 510 509
f 508 475 510
f 475 476 510
f 477 511 476
f 511 510 476
f 478 512 477
f 512 511 477
f 479 513 478
f 513 512 478
f 480 514 479
f 514 513 479
f 481 515 480
f 515 514 480
f 482 516 481
f 516 515 481
f 483 517 482
f 517 516 482
f 484 518 483
f 518 517 483
f 485 519 484
f 519 518 484
f 486 520 485
f 520 519 485
f 487 521 486
f 521 520 486
f 488 522 487
f 522 521 487
f 489 523 488
f 523 522 488
f 490 524 489
f 524 523 489
f 491 525 490
f 525 524 490
f 492 526 491
f 526 525 491
f 493 527 492
f 527 526 492
f 494 528 493
f 528 527 493
f 495 529 494
f 529 528 494
f 496 530 495
f 530 529 495
f 497 531 496
f 531 530 496
f 498 532 497
f 532 531 497
f 499 533 498
f 533 532 498
f 500 534 499
f 534 533 499
f 501 535 500
f 535 534 500
f 502 536 501
f 536 535 501
f 503 537 502
f 537 536 502
f 504 538 503
f 538 537 503
f 505 539 504
f 539 538 504
f 506 540 505
f 540 539 505
f 541 506 507
f 540 506 541
f 543 509 510
f 542 509 543
f 511 544 510
f 544 543 510
f 512 545 511
f 545 544 511
f 513 546 512
f 546 545 512
f 514 547 513
f 547 546 513
f 515 548 514
f 548 547 514
f 516 549 515
f 549 548 515
f 517 550 516
f 550 549 516
f 518 551 517
f 551 550 517
f 519 552 518
f 552 551 518
f 520 553 519
f 553 552 519
f 521 554 520
f 554 553 520
f 522 555 521
f 555 554 521
f 523 556 522
f 556 555 522
f 524 557 523
f 557 556 523
f 525 558 524
f 558 557 524
f 526 559 525
f 559 558 525
f 527 560 526
f 560 559 526
f 528 561 527
f 561 560 527
f 529 562 528
f 562 561 528
f 530 563 529
f 563 562 529
f 531 564 530
f 564 563 530
f 532 565 531
f 565 564 531
f 533 566 532
f 566 565 532
f 534 567 533
f 567 566 533
f 535 568 534
f 568 567 534
f 536 569 535
f 569 568 535
f 537 570 536
f 570 569 536
f 538 571 537
f 571 570 537
f 539 572 538
f 572 571 538
f 574 540 573
f 574 572 540
f 572 539 540
f 541 573 540
f 543 575 542
f 575 577 576
f 575 543 577
f 543 544 577
f 545 578 544
f 578 577 544
f 546 579 545
f 579 578 545
f 547 580 546
f 580 579 546
f 548 581 547
f 581 580 547
f 549 582 548
f 582 581 548
f 550 583 549
f 583 582 549
f 551 584 550
f 584 583 550
f 552 585 551
f 585 584 551
f 553 586 552
f 586 585 552
f 554 587 553
f 587 586 553
f 555 588 554
f 588 587 554
f 556 589 555
f 589 588 555
f 557 590 556
f 590 589 556
f 558 591 557
f 591 590 557
f 559 592 558
f 592 591 558
f 560 593 559
f 593 592 559
f 561 594 560
f 594 593 560
f 562 595 561
f 595 594 561
f 563 596 562
f 596 595 562
f 564 597 563
f 597 596 563
f 565 598 564
f 598 597 564
f 566 599 565
f 599 598 565
f 567 600 566
f 600 599 566
f 568 601 567
f 601 600 567
f 569 602 568
f 602 601 568
f 570 603 569
f 603 602 569
f 571 604 570
f 604 603 570
f 572 605 571
f 605 604 571
f 606 572 574
f 605 572 606
f 577 607 576
f 607 609 608
f 607 577 609
f 577 578 609
f 579 610 578
f 610 609 578
f 580 611 579
f 611 610 579
f 581 612 580
f 612 611 580
f 582 613 581
f 613 612 581
f 583 614 582
f 614 613 582
f 584 615 583
f 615 614 583
f 585 616 584
f 616 615 584
f 586 617 585
f 617 616 585
f 587 618 586
f 618 617 586
f 588 619 587
f 619 618 587
f 589 620 588
f 620 619 588
f 590 621 589
f 621 620 589
f 591 622 590
f 622 621 590
f 592 623 591
f 623 622 591
f 593 624 592
f 624 623 592
f 594 625 593
f 625 624 593
f 595 626 594
f 626 625 594
f 596 627 595
f 627 626 595
f 597 628 596
f 628 627 596
f 598 629 597
f 629 628 597
f 599 630 598
f 630 629 598
f 600 631 599
f 631 630 599
f 601 632 600
f 632 631 600
f 602 633 601
f 633 632 601
f 603 634 602
f 634 633 602
f 604 635 603
f 635 634 603
f 637 605 636
f 637 635 605
f 635 604 605
f 606 636 605
f 639 608 609
f 638 608 639
f 610 640 609
f 640 639 609
f 611 641 610
f 641 640 610
f 612 642 611
f 642 641 611
f 613 643 612
f 643 642 612
f 614 644 613
f 644 643 613
f 615 645 614
f 645 644 614
f 616 646 615
f 646 645 615
f 617 647 616
f 647 646 616
f 618 648 617
f 648 647 617
f 619 649 618
f 649 648 618
f 620 650 619
f 650 649 619
f 621 651 620
f 651 650 620
f 622 652 621
f 652 651 621
f 623 653 622
f 653 652 622
f 624 654 623
f 654 653 623
f 625 655 624
f 655 654 624
f 626 656 625
f 656 655 625
f 627 657 626
f 657 656 626
f 628 658 627
f 658 657 627
f 629 659 628
f 659 658 628
f 630 660 629
f 660 659 629
f 631 661 630
f 661 660 630
f 632 662 631
f 662 661 631
f 633 663 632
f 663 662 632
f 634 664 633
f 664 663 633
f 635 665 634
f 665 664 634
f 666 635 637
f 665 635 666
f 639 667 638
f 667 669 668
f 667 639 669
f 639 640 669
f 641 670 640
f 670 669 640
f 642 671 641
f 671 670 641
f 643 672 642
f 672 671 642
f 644 673 643
f 673 672 643
f 645 674 644
f 674 673 644
f 646 675 645
f 675 674 645
f 647 676 646
f 676 675 646
f 648 677 647
f 677 676 647
f 649 678 648
f 678 677 648
f 650 679 649
f 679 678 649
f 651 680 650
f 680 679 650
f 652 681 651
f 681 680 651
f 653 682 652
f 682 681 652
f 654 683 653
f 683 682 653
f 655 684 654
f 684 683 654
f 656 685 655
f 685 684 655
f 657 686 656
f 686 685 656
f 658 687 657
f 687 686 657
f 659 688 658
f 688 687 658
f 660 689 659
f 689 688 659
f 661 690 660
f 690 689 660
f 662 691 661
f 691 690 661
f 663 692 662
f 692 691 662
f 664 693 663
f 693 692 663
f 695 665 694
f 695 693 665
f 693 664 665
f 666 694 665
f 669 696 668
f 696 698 697
f 696 669 698
f 669 670 698
f 671 699 670
f 699 698 670
f 672 700 671
f 700 699 671
f 673 701 672
f 701 700 672
f 674 702 673
f 702 701 673
f 675 703 674
f 703 702 674
f 676 704 675
f 704 703 675
f 677 705 676
f 705 704 676
f 678 706 677
f 706 705 677
f 679 707 678
f 707 706 678
f 680 708 679
f 708 707 679
f 681 709 680
f 709 708 680
f 682 710 681
f 710 709 681
f 683 711 682
f 711 710 682
f 684 712 683
f 712 711 683
f 685 713 684
f 713 712 684
f 686 714 685
f 714 713 685
f 687 715 686
f 715 714 686
f 688 716 687
f 716 715 687
f 689 717 688
f 717 716 688
f 690 718 689
f 718 717 689
f 691 719 690
f 719 718 690
f 692 720 691
f 720 719 691
f 722 693 721
f 722 720 693
f 720 692 693
f 695 721 693
f 698 723 697
f 699 723 698
f 724 723 699
f 724 726 725
f 724 699 726
f 699 700 726
f 701 727 700
f 727 726 700
f 702 728 701
f 728 727 701
f 703 729 702
f 729 728 702
f 704 730 703
f 730 729 703
f 705 731 704
f 731 730 704
f 706 732 705
f 732 731 705
f 707 733 706
f 733 732 706
f 708 734 707
f 734 733 707
f 709 735 708
f 735 734 708
f 710 736 709
f 736 735 709
f 711 737 710
f 737 736 710
f 712 738 711
f 738 737 711
f 713 739 712
f 739 738 712
f 714 740 713
f 740 739 713
f 715 741 714
f 741 740 714
f 716 742 715
f 742 741 715
f 717 743 716
f 743 742 716
f 718 744 717
f 744 743 717
f 746 719 745
f 746 744 719
f 744 718 719
f 720 745 719
f 747 745 720
f 722 747 720
f 726 748 725
f 748 750 749
f 748 726 750
f 726 727 750
f 728 751 727
f 751 750 727
f 729 752 728
f 752 751 728
f 730 753 729
f 753 752 729
f 731 754 730
f 754 753 730
f 732 755 731
f 755 754 731
f 733 756 732
f 756 755 732
f 734 757 733
f 757 756 733
f 735 758 734
f 758 757 734
f 736 759 735
f 759 758 735
f 737 760 736
f 760 759 736
f 738 761 737
f 761 760 737
f 739 762 738
f 762 761 738
f 740 763 739
f 763 762 739
f 741 764 740
f 764 763 740
f 742 765 741
f 765 764 741
f 743 766 742
f 766 765 742
f 768 744 767
f 768 766 744
f 766 743 744
f 746 767 744
f 750 769 749
f 751 769 750
f 770 769 751
f 752 770 751
f 771 770 752
f 771 773 772
f 771 752 773
f 752 753 773
f 754 774 753
f 774 773 753
f 755 775 754
f 775 774 754
f 756 776 755
f 776 775 755
f 757 777 756
f 777 776 756
f 758 778 757
f 778 777 757
f 759 779 758
f 779 778 758
f 760 780 759
f 780 779 759
f 761 781 760
f 781 780 760
f 762 782 761
f 782 781 761
f 763 783 762
f 783 782 762
f 764 784 763
f 784 783 763
f 786 765 785
f 786 784 765
f 784 764 765
f 766 785 765
f 787 785 766
f 768 787 766
f 773 788 772
f 774 788 773
f 789 788 774
f 775 789 774
f 790 789 775
f 776 790 775
f 791 790 776
f 791 793 792
f 791 776 793
f 776 777 793
f 778 794 777
f 794 793 777
f 779 795 778
f 795 794 778
f 797 780 796
f 797 795 780
f 795 779 780
f 781 796 780
f 798 796 781
f 782 798 781
f 799 798 782
f 783 799 782
f 800 799 783
f 784 800 783
f 801 800 784
f 786 801 784
f 793 802 792
f 794 802 793
f 803 802 794
f 795 803 794
f 804 803 795
f 797 804 795
f 807 806 805
f 807 808 809
f 805 808 807
f 809 810 811
f 808 810 809
f 810 812 811
f 815 814 813
f 815 816 817
f 813 816 815
f 817 818 819
f 816 818 817
f 819 820 821
f 818 820 819
f 820 822 821
f 825 824 823
f 825 826 827
f 823 826 825
f 827 828 829
f 826 828 827
f 806 829 828
f 806 807 829
f 807 830 829
f 809 831 807
f 831 830 807
f 811 832 809
f 832 831 809
f 833 811 812
f 833 834 811
f 834 832 811
f 834 1 2
f 834 833 1
f 833 835 1
f 4 1 836
f 1 835 836
f 6 4 837
f 4 836 837
f 8 815 838
f 8 837 815
f 8 6 837
f 837 814 815
f 817 839 815
f 839 838 815
f 819 840 817
f 840 839 817
f 821 841 819
f 841 840 819
f 842 821 822
f 842 843 821
f 843 841 821
f 843 844 845
f 842 844 843
f 845 846 847
f 844 846 845
f 846 848 847
f 851 850 849
f 851 852 853
f 849 852 851
f 824 853 852
f 824 825 853
f 825 854 853
f 827 855 825
f 855 854 825
f 829 856 827
f 856 855 827
f 9 10 856
f 9 856 830
f 830 856 829
f 12 9 830
f 831 12 830
f 14 12 831
f 832 14 831
f 16 14 832
f 834 16 832
f 2 16 834
f 8 838 21
f 23 21 838
f 839 23 838
f 25 23 839
f 840 25 839
f 27 25 840
f 841 27 840
f 29 27 841
f 843 29 841
f 31 29 843
f 31 843 857
f 857 843 845
f 847 858 845
f 858 857 845
f 859 847 848
f 859 860 847
f 860 858 847
f 860 861 862
f 859 861 860
f 861 863 862
f 866 865 864
f 850 866 864
f 850 851 866
f 851 867 866
f 853 868 851
f 868 867 851
f 32 33 868
f 32 868 854
f 854 868 853
f 35 32 854
f 855 35 854
f 37 35 855
f 856 37 855
f 10 37 856
f 31 857 51
f 53 51 857
f 858 53 857
f 55 53 858
f 55 858 869
f 869 858 860
f 862 870 860
f 870 869 860
f 871 862 863
f 871 872 862
f 872 870 862
f 872 873 874
f 871 873 872
f 873 875 874
f 878 877 876
f 878 879 880
f 876 879 878
f 865 880 879
f 865 866 880
f 866 881 880
f 867 882 866
f 882 881 866
f 56 57 882
f 56 882 868
f 868 882 867
f 33 56 868
f 55 869 76
f 78 76 869
f 78 869 883
f 883 869 870
f 872 884 870
f 884 883 870
f 874 885 872
f 885 884 872
f 886 874 875
f 886 887 874
f 887 885 874
f 886 888 887
f 891 890 889
f 877 891 889
f 877 878 891
f 878 892 891
f 880 893 878
f 893 892 878
f 79 80 893
f 79 893 881
f 881 893 880
f 82 79 881
f 882 82 881
f 57 82 882
f 78 883 103
f 105 103 883
f 884 105 883
f 107 105 884
f 107 884 894
f 894 884 885
f 887 895 885
f 895 894 885
f 896 887 888
f 896 897 887
f 897 895 887
f 896 898 897
f 901 900 899
f 890 901 899
f 890 891 901
f 891 902 901
f 892 903 891
f 903 902 891
f 108 109 903
f 108 903 893
f 893 903 892
f 80 108 893
f 107 894 134
f 136 134 894
f 136 894 904
f 904 894 895
f 897 905 895
f 905 904 895
f 906 897 898
f 906 907 897
f 907 905 897
f 906 908 907
f 911 910 909
f 900 911 909
f 900 901 911
f 901 912 911
f 902 913 901
f 913 912 901
f 137 138 913
f 137 913 903
f 903 913 902
f 109 137 903
f 136 904 165
f 167 165 904
f 167 904 914
f 914 904 905
f 907 915 905
f 915 914 905
f 916 907 908
f 915 907 916
f 918 910 911
f 917 910 918
f 912 919 911
f 919 918 911
f 913 920 912
f 920 919 912
f 138 168 920
f 913 138 920
f 914 921 196
f 167 914 196
f 915 922 914
f 922 921 914
f 923 915 916
f 923 924 915
f 924 922 915
f 923 925 924
f 928 927 926
f 917 928 926
f 917 918 928
f 918 929 928
f 919 930 918
f 930 929 918
f 197 198 930
f 197 930 920
f 920 930 919
f 168 197 920
f 196 921 227
f 229 227 921
f 229 921 931
f 931 921 922
f 924 932 922
f 932 931 922
f 933 924 925
f 932 924 933
f 935 927 928
f 934 927 935
f 929 936 928
f 936 935 928
f 230 231 936
f 230 936 930
f 930 936 929
f 198 230 930
f 931 937 262
f 229 931 262
f 932 938 931
f 938 937 931
f 939 932 933
f 938 932 939
f 941 934 935
f 940 934 941
f 936 942 935
f 942 941 935
f 231 263 942
f 936 231 942
f 262 937 294
f 296 294 937
f 296 937 943
f 943 937 938
f 944 938 939
f 944 945 938
f 945 943 938
f 944 946 945
f 948 940 941
f 947 940 948
f 297 298 948
f 297 948 942
f 942 948 941
f 263 297 942
f 943 949 331
f 296 943 331
f 945 950 943
f 950 949 943
f 951 945 946
f 950 945 951
f 953 947 948
f 952 947 953
f 298 332 953
f 948 298 953
f 949 954 365
f 331 949 365
f 956 950 955
f 956 954 950
f 954 949 950
f 951 955 950
f 958 952 953
f 957 952 958
f 332 366 958
f 953 332 958
f 954 959 399
f 365 954 399
f 960 954 956
f 959 954 960
f 962 957 958
f 961 957 962
f 366 400 962
f 958 366 962
f 404 963 405
f 404 406 963
f 409 964 410
f 409 411 964
f 959 965 437
f 399 959 437
f 966 959 960
f 965 959 966
f 968 961 962
f 967 961 968
f 400 438 968
f 962 400 968
f 405 963 442
f 406 442 963
f 410 964 446
f 411 446 964
f 965 969 473
f 437 965 473
f 970 965 966
f 969 965 970
f 972 967 968
f 971 967 972
f 438 474 972
f 968 438 972
f 969 973 507
f 473 969 507
f 974 969 970
f 974 975 969
f 975 973 969
f 974 976 975
f 978 971 972
f 977 971 978
f 474 508 979
f 474 979 972
f 972 979 978
f 508 509 979
f 973 980 541
f 507 973 541
f 975 981 973
f 981 980 973
f 982 975 976
f 981 975 982
f 984 977 978
f 983 977 984
f 979 985 978
f 985 984 978
f 509 542 985
f 979 509 985
f 573 986 574
f 573 541 980
f 573 980 986
f 986 980 987
f 981 988 980
f 988 987 980
f 989 981 982
f 988 981 989
f 984 990 983
f 990 992 991
f 990 984 992
f 984 985 992
f 542 575 993
f 542 993 985
f 985 993 992
f 575 576 993
f 986 994 606
f 574 986 606
f 987 995 986
f 995 994 986
f 997 988 996
f 997 995 988
f 995 987 988
f 989 996 988
f 999 991 992
f 998 991 999
f 993 1000 992
f 1000 999 992
f 576 607 1001
f 576 1001 993
f 993 1001 1000
f 607 608 1001
f 636 1002 637
f 636 606 994
f 636 994 1002
f 1002 994 1003
f 995 1004 994
f 1004 1003 994
f 1005 995 997
f 1004 995 1005
f 999 1006 998
f 1006 1008 1007
f 1006 999 1008
f 999 1000 1008
f 1001 1009 1000
f 1009 1008 1000
f 608 638 1009
f 1001 608 1009
f 1002 1010 666
f 637 1002 666
f 1003 1011 1002
f 1011 1010 1002
f 1013 1004 1012
f 1013 1011 1004
f 1011 1003 1004
f 1005 1012 1004
f 1008 1014 1007
f 1014 1016 1015
f 1014 1008 1016
f 1008 1009 1016
f 638 667 1017
f 638 1017 1009
f 1009 1017 1016
f 667 668 1017
f 694 1018 695
f 694 666 1010
f 694 1010 1018
f 1018 1010 1019
f 1011 1020 1010
f 1020 1019 1010
f 1021 1011 1013
f 1020 1011 1021
f 1016 1022 1015
f 1022 1024 1023
f 1022 1016 1024
f 1016 1017 1024
f 668 696 1025
f 668 1025 1017
f 1017 1025 1024
f 696 697 1025
f 721 1026 722
f 721 695 1018
f 721 1018 1026
f 1026 1018 1027
f 1019 1028 1018
f 1028 1027 1018
f 1030 1020 1029
f 1030 1028 1020
f 1028 1019 1020
f 1021 1029 1020
f 1024 1031 1023
f 1031 1033 1032
f 1031 1024 1033
f 1024 1025 1033
f 697 723 1034
f 697 1034 1025
f 1025 1034 1033
f 723 724 1035
f 1034 723 1035
f 724 725 1035
f 745 1036 746
f 745 747 1037
f 1036 745 1037
f 747 722 1026
f 747 1026 1037
f 1037 1026 1038
f 1027 1039 1026
f 1039 1038 1026
f 1041 1028 1040
f 1041 1039 1028
f 1039 1027 1028
f 1030 1040 1028
f 1033 1042 1032
f 1042 1044 1043
f 1042 1033 1044
f 1033 1034 1044
f 1035 1045 1034
f 1045 1044 1034
f 725 748 1046
f 725 1046 1035
f 1035 1046 1045
f 748 749 1046
f 767 1047 768
f 767 746 1036
f 767 1036 1047
f 1047 1036 1048
f 1037 1049 1036
f 1049 1048 1036
f 1051 1038 1050
f 1051 1049 1038
f 1049 1037 1038
f 1039 1050 1038
f 1052 1050 1039
f 1041 1052 1039
f 1044 1053 1043
f 1053 1055 1054
f 1053 1044 1055
f 1044 1045 1055
f 1046 1056 1045
f 1056 1055 1045
f 749 769 1057
f 749 1057 1046
f 1046 1057 1056
f 769 770 1058
f 1057 769 1058
f 770 771 1059
f 1058 770 1059
f 771 772 1059
f 785 1060 786
f 785 787 1061
f 1060 785 1061
f 787 768 1047
f 787 1047 1061
f 1061 1047 1062
f 1048 1063 1047
f 1063 1062 1047
f 1065 1049 1064
f 1065 1063 1049
f 1063 1048 1049
f 1051 1064 1049
f 1055 1066 1054
f 1056 1066 1055
f 1067 1066 1056
f 1067 1069 1068
f 1067 1056 1069
f 1056 1057 1069
f 1058 1070 1057
f 1070 1069 1057
f 1059 1071 1058
f 1071 1070 1058
f 772 788 1072
f 772 1072 1059
f 1059 1072 1071
f 788 789 1073
f 1072 788 1073
f 789 790 1074
f 1073 789 1074
f 790 791 1075
f 1074 790 1075
f 791 792 1075
f 796 1076 797
f 796 798 1077
f 1076 796 1077
f 798 799 1078
f 1077 798 1078
f 799 800 1079
f 1078 799 1079
f 800 801 1080
f 1079 800 1080
f 801 786 1060
f 801 1060 1080
f 1080 1060 1081
f 1061 1082 1060
f 1082 1081 1060
f 1084 1062 1083
f 1084 1082 1062
f 1082 1061 1062
f 1063 1083 1062
f 1085 1083 1063
f 1065 1085 1063
f 1069 1086 1068
f 1070 1086 1069
f 1087 1086 1070
f 1071 1087 1070
f 1088 1087 1071
f 1088 1090 1089
f 1088 1071 1090
f 1071 1072 1090
f 1073 1091 1072
f 1091 1090 1072
f 1074 1092 1073
f 1092 1091 1073
f 1094 1075 1093
f 1094 1092 1075
f 1092 1074 1075
f 792 1093 1075
f 792 802 1093
f 802 1095 1093
f 803 1096 802
f 802 1096 1095
f 804 1097 803
f 803 1097 1096
f 797 1097 804
f 797 1099 1097
f 797 1076 1099
f 1098 1097 1099
f 1077 1100 1076
f 1100 1099 1076
f 1078 1101 1077
f 1101 1100 1077
f 1079 1102 1078
f 1102 1101 1078
f 1104 1080 1103
f 1104 1102 1080
f 1102 1079 1080
f 1081 1103 1080
f 1105 1103 1081
f 1082 1105 1081
f 1106 1105 1082
f 1084 1106 1082
f 1090 1107 1089
f 1091 1107 1090
f 1108 1107 1091
f 1092 1108 1091
f 1109 1108 1092
f 1094 1109 1092
f 1099 1110 1098
f 1100 1110 1099
f 1111 1110 1100
f 1101 1111 1100
f 1112 1111 1101
f 1102 1112 1101
f 1113 1112 1102
f 1104 1113 1102
f 805 806 1114
f 805 1115 808
f 1114 1115 805
f 808 1116 810
f 1115 1116 808
f 810 1116 812
f 813 814 1117
f 1119 813 1117
f 1119 1118 813
f 1118 816 813
f 818 816 1120
f 816 1118 1120
f 820 818 1121
f 818 1120 1121
f 1121 822 820
f 1122 822 1121
f 823 1124 1123
f 824 1124 823
f 826 823 1125
f 823 1123 1125
f 828 826 1126
f 826 1125 1126
f 1114 806 828
f 1114 828 1127
f 1127 828 1126
f 1115 1114 1127
f 1128 1115 1127
f 1116 1115 1128
f 1129 1116 1128
f 812 1116 1129
f 812 1129 833
f 833 1129 1130
f 835 833 1131
f 833 1130 1131
f 836 835 1132
f 835 1131 1132
f 837 836 1133
f 836 1132 1133
f 1117 814 837
f 1117 837 1134
f 1134 837 1133
f 1119 1117 1134
f 822 1122 1135
f 842 822 1135
f 844 842 1136
f 842 1135 1136
f 846 844 1137
f 844 1136 1137
f 1137 848 846
f 1138 848 1137
f 849 1140 1139
f 850 1140 849
f 852 849 1141
f 849 1139 1141
f 1124 824 852
f 1141 1124 852
f 848 1138 1142
f 859 848 1142
f 861 859 1143
f 859 1142 1143
f 1143 863 861
f 1144 863 1143
f 864 1146 1145
f 865 1146 864
f 1140 850 864
f 1145 1140 864
f 863 1144 1147
f 871 863 1147
f 873 871 1148
f 871 1147 1148
f 1148 875 873
f 1149 875 1148
f 876 1151 1150
f 877 1151 876
f 879 876 1152
f 876 1150 1152
f 1146 865 879
f 1152 1146 879
f 875 1149 1153
f 886 875 1153
f 1153 888 886
f 1154 888 1153
f 889 1156 1155
f 890 1156 889
f 1151 877 889
f 1155 1151 889
f 888 1154 1157
f 896 888 1157
f 1157 898 896
f 1158 898 1157
f 899 1160 1159
f 900 1160 899
f 1156 890 899
f 1159 1156 899
f 1162 906 898
f 1162 898 1161
f 1161 898 1158
f 906 1162 908
f 909 1164 1163
f 910 1164 909
f 1160 900 909
f 1163 1160 909
f 1162 1161 1165
f 1165 908 1162
f 1165 1166 908
f 1166 916 908
f 910 917 1164
f 1164 917 1167
f 916 1166 1168
f 923 916 1168
f 1168 925 923
f 1169 925 1168
f 926 927 1170
f 926 1170 1171
f 926 1171 917
f 917 1171 1167
f 925 1169 933
f 1169 1172 933
f 1170 1174 1173
f 1170 927 1174
f 927 934 1174
f 1171 1170 1173
f 933 1172 939
f 1172 1175 939
f 934 940 1174
f 1174 940 1176
f 1178 944 939
f 1178 939 1177
f 1177 939 1175
f 944 1178 946
f 940 947 1176
f 1176 947 1179
f 1181 1178 1177
f 1180 1181 1177
f 946 1181 951
f 1178 1181 946
f 947 952 1179
f 1179 952 1182
f 955 1181 1180
f 955 1180 956
f 956 1180 1183
f 951 1181 955
f 1184 957 1185
f 1184 1182 957
f 1182 952 957
f 1184 1185 1186
f 1189 1187 1188
f 1189 1183 1187
f 1189 960 1183
f 960 956 1183
f 1185 961 1190
f 957 961 1185
f 1191 1186 1185
f 1190 1191 1185
f 1193 1189 1188
f 1192 1193 1188
f 960 1193 966
f 1189 1193 960
f 1190 1195 1194
f 1190 961 1195
f 961 967 1195
f 1191 1190 1194
f 1193 1192 1196
f 1196 966 1193
f 1196 1197 966
f 1197 970 966
f 1198 971 1199
f 1198 1195 971
f 1195 967 971
f 1198 1199 1200
f 1202 974 970
f 1202 970 1201
f 1201 970 1197
f 974 1202 976
f 1199 977 1203
f 971 977 1199
f 1204 1200 1199
f 1203 1204 1199
f 1206 1202 1201
f 1205 1206 1201
f 976 1206 982
f 1202 1206 976
f 1203 983 1207
f 977 983 1203
f 1208 1204 1203
f 1207 1208 1203
f 1210 1206 1205
f 1209 1210 1205
f 982 1210 989
f 1206 1210 982
f 983 990 1207
f 1207 990 991
f 1207 991 1208
f 1208 991 1211
f 996 1210 1209
f 996 1209 997
f 997 1209 1212
f 989 1210 996
f 1213 998 1214
f 1213 1211 998
f 1211 991 998
f 1213 1214 1215
f 997 1212 1005
f 1212 1216 1005
f 998 1006 1214
f 1214 1006 1007
f 1214 1007 1215
f 1215 1007 1217
f 1012 1218 1219
f 1013 1012 1219
f 1216 1012 1005
f 1218 1012 1216
f 1007 1220 1217
f 1014 1220 1007
f 1220 1014 1015
f 1221 1220 1015
f 1224 1222 1223
f 1224 1219 1222
f 1224 1021 1219
f 1021 1013 1219
f 1015 1225 1221
f 1022 1225 1015
f 1225 1022 1023
f 1226 1225 1023
f 1029 1224 1223
f 1029 1223 1030
f 1030 1223 1227
f 1021 1224 1029
f 1023 1228 1226
f 1031 1228 1023
f 1228 1031 1032
f 1229 1228 1032
f 1040 1230 1231
f 1041 1040 1231
f 1227 1040 1030
f 1230 1040 1227
f 1032 1232 1229
f 1042 1232 1032
f 1232 1042 1043
f 1233 1232 1043
f 1050 1234 1235
f 1051 1050 1235
f 1052 1236 1050
f 1050 1236 1234
f 1231 1052 1041
f 1236 1052 1231
f 1043 1237 1233
f 1053 1237 1043
f 1237 1053 1054
f 1238 1237 1054
f 1064 1239 1240
f 1065 1064 1240
f 1235 1064 1051
f 1239 1064 1235
f 1054 1241 1238
f 1066 1241 1054
f 1067 1242 1066
f 1066 1242 1241
f 1068 1244 1243
f 1068 1243 1067
f 1067 1243 1242
f 1243 1244 1245
f 1083 1246 1247
f 1084 1083 1247
f 1085 1248 1083
f 1083 1248 1246
f 1240 1085 1065
f 1248 1085 1240
f 1068 1086 1244
f 1244 1249 1245
f 1244 1086 1249
f 1086 1087 1249
f 1088 1250 1087
f 1087 1250 1249
f 1089 1252 1251
f 1089 1251 1088
f 1088 1251 1250
f 1252 1254 1253
f 1251 1252 1253
f 1254 1256 1255
f 1253 1254 1255
f 1256 1094 1093
f 1256 1093 1255
f 1255 1093 1257
f 1095 1258 1093
f 1093 1258 1257
f 1096 1259 1095
f 1095 1259 1258
f 1097 1260 1096
f 1096 1260 1259
f 1098 1262 1261
f 1098 1261 1097
f 1097 1261 1260
f 1261 1262 1263
f 1266 1264 1265
f 1266 1104 1103
f 1266 1103 1264
f 1264 1103 1267
f 1105 1268 1103
f 1103 1268 1267
f 1106 1269 1105
f 1105 1269 1268
f 1247 1106 1084
f 1269 1106 1247
f 1089 1107 1252
f 1108 1252 1107
f 1254 1252 1108
f 1109 1254 1108
f 1256 1254 1109
f 1094 1256 1109
f 1098 1110 1262
f 1262 1270 1263
f 1262 1110 1270
f 1110 1111 1270
f 1112 1271 1111
f 1111 1271 1270
f 1265 1113 1266
f 1265 1271 1113
f 1271 1112 1113
f 1104 1266 1113
f 1118 1119 1272
f 1118 1273 1120
f 1272 1273 1118
f 1120 1274 1121
f 1273 1274 1120
f 1121 1274 1122
f 1123 1124 1275
f 1123 1276 1125
f 1275 1276 1123
f 1125 1277 1126
f 1276 1277 1125
f 1126 1278 1127
f 1277 1278 1126
f 1127 1279 1128
f 1278 1279 1127
f 1281 1128 1279
f 1281 1280 1128
f 1280 1129 1128
f 1130 1129 1282
f 1129 1280 1282
f 1131 1130 1283
f 1130 1282 1283
f 1132 1131 1284
f 1131 1283 1284
f 1133 1132 1285
f 1132 1284 1285
f 1134 1133 1286
f 1133 1285 1286
f 1272 1119 1134
f 1272 1134 1287
f 1287 1134 1286
f 1273 1272 1287
f 1288 1273 1287
f 1288 1289 1290
f 1288 1290 1273
f 1273 1290 1274
f 1122 1291 1135
f 1122 1274 1291
f 1274 1290 1291
f 1135 1292 1136
f 1291 1292 1135
f 1136 1293 1137
f 1292 1293 1136
f 1137 1293 1138
f 1139 1140 1294
f 1139 1295 1141
f 1294 1295 1139
f 1141 1275 1124
f 1141 1295 1275
f 1295 1296 1275
f 1298 1297 1276
f 1298 1276 1296
f 1296 1276 1275
f 1277 1276 1297
f 1299 1277 1297
f 1278 1277 1299
f 1300 1278 1299
f 1279 1278 1300
f 1301 1279 1300
f 1281 1279 1301
f 1290 1289 1302
f 1291 1290 1302
f 1303 1291 1302
f 1292 1291 1303
f 1304 1292 1303
f 1293 1292 1304
f 1305 1293 1304
f 1307 1305 1306
f 1142 1305 1307
f 1142 1293 1305
f 1142 1138 1293
f 1142 1308 1143
f 1307 1308 1142
f 1143 1308 1144
f 1145 1146 1309
f 1145 1294 1140
f 1145 1309 1294
f 1309 1310 1294
f 1312 1311 1295
f 1312 1295 1310
f 1310 1295 1294
f 1296 1295 1311
f 1313 1296 1311
f 1298 1296 1313
f 1307 1306 1314
f 1308 1307 1314
f 1315 1308 1314
f 1317 1315 1316
f 1147 1315 1317
f 1147 1308 1315
f 1147 1144 1308
f 1147 1318 1148
f 1317 1318 1147
f 1148 1318 1149
f 1150 1151 1319
f 1150 1320 1152
f 1319 1320 1150
f 1152 1309 1146
f 1152 1320 1309
f 1320 1321 1309
f 1323 1322 1310
f 1323 1310 1321
f 1321 1310 1309
f 1312 1310 1322
f 1317 1316 1324
f 1324 1325 1326
f 1324 1326 1317
f 1317 1326 1318
f 1149 1327 1153
f 1149 1318 1327
f 1318 1326 1327
f 1153 1327 1154
f 1155 1156 1328
f 1155 1319 1151
f 1155 1328 1319
f 1328 1329 1319
f 1331 1330 1320
f 1331 1320 1329
f 1329 1320 1319
f 1321 1320 1330
f 1332 1321 1330
f 1323 1321 1332
f 1326 1325 1333
f 1333 1334 1335
f 1333 1335 1326
f 1326 1335 1327
f 1154 1336 1157
f 1154 1327 1336
f 1327 1335 1336
f 1157 1336 1158
f 1159 1160 1337
f 1159 1328 1156
f 1159 1337 1328
f 1337 1338 1328
f 1340 1339 1329
f 1340 1329 1338
f 1338 1329 1328
f 1331 1329 1339
f 1335 1334 1341
f 1341 1342 1343
f 1341 1343 1335
f 1335 1343 1336
f 1158 1343 1161
f 1336 1343 1158
f 1163 1164 1344
f 1163 1337 1160
f 1163 1344 1337
f 1344 1345 1337
f 1347 1346 1338
f 1347 1338 1345
f 1345 1338 1337
f 1340 1338 1346
f 1343 1342 1348
f 1350 1348 1349
f 1165 1348 1350
f 1165 1343 1348
f 1165 1161 1343
f 1165 1350 1166
f 1344 1167 1351
f 1164 1167 1344
f 1353 1352 1345
f 1353 1345 1351
f 1351 1345 1344
f 1347 1345 1352
f 1355 1350 1349
f 1354 1355 1349
f 1166 1356 1168
f 1166 1350 1356
f 1350 1355 1356
f 1168 1356 1169
f 1351 1358 1357
f 1351 1167 1358
f 1167 1171 1358
f 1353 1351 1357
f 1355 1354 1359
f 1359 1360 1361
f 1359 1361 1355
f 1355 1361 1356
f 1169 1361 1172
f 1356 1361 1169
f 1173 1174 1362
f 1173 1362 1363
f 1173 1363 1171
f 1171 1363 1358
f 1365 1361 1360
f 1364 1365 1360
f 1172 1365 1175
f 1361 1365 1172
f 1362 1176 1366
f 1174 1176 1362
f 1367 1363 1362
f 1366 1367 1362
f 1369 1365 1364
f 1368 1369 1364
f 1175 1369 1177
f 1365 1369 1175
f 1366 1179 1370
f 1176 1179 1366
f 1371 1367 1366
f 1370 1371 1366
f 1374 1372 1373
f 1372 1374 1375
f 1377 1369 1368
f 1376 1377 1368
f 1177 1377 1180
f 1369 1377 1177
f 1370 1182 1378
f 1179 1182 1370
f 1379 1371 1370
f 1378 1379 1370
f 1382 1380 1381
f 1373 1380 1382
f 1373 1382 1374
f 1374 1382 1383
f 1384 1375 1374
f 1383 1384 1374
f 1386 1377 1376
f 1385 1386 1376
f 1180 1386 1183
f 1377 1386 1180
f 1182 1184 1378
f 1186 1388 1387
f 1184 1186 1387
f 1184 1387 1379
f 1184 1379 1378
f 1381 1387 1388
f 1381 1388 1382
f 1382 1388 1389
f 1383 1382 1390
f 1390 1382 1389
f 1391 1384 1383
f 1390 1391 1383
f 1187 1386 1385
f 1187 1385 1188
f 1188 1385 1392
f 1183 1386 1187
f 1388 1191 1393
f 1186 1191 1388
f 1389 1388 1394
f 1394 1388 1393
f 1390 1389 1395
f 1395 1389 1394
f 1396 1391 1390
f 1395 1396 1390
f 1188 1392 1192
f 1392 1397 1192
f 1194 1195 1398
f 1194 1398 1400
f 1191 1194 1400
f 1191 1400 1399
f 1191 1399 1393
f 1394 1393 1399
f 1401 1394 1399
f 1401 1402 1403
f 1401 1403 1394
f 1394 1403 1395
f 1404 1396 1395
f 1403 1404 1395
f 1406 1196 1192
f 1406 1192 1405
f 1405 1192 1397
f 1196 1406 1197
f 1195 1198 1398
f 1398 1198 1200
f 1398 1200 1400
f 1400 1200 1407
f 1409 1403 1402
f 1408 1409 1402
f 1410 1404 1403
f 1409 1410 1403
f 1412 1406 1405
f 1411 1412 1405
f 1197 1412 1201
f 1406 1412 1197
f 1200 1204 1407
f 1407 1204 1413
f 1416 1414 1415
f 1408 1414 1416
f 1408 1416 1409
f 1409 1416 1417
f 1418 1410 1409
f 1417 1418 1409
f 1420 1412 1411
f 1419 1420 1411
f 1201 1420 1205
f 1412 1420 1201
f 1204 1208 1413
f 1413 1208 1421
f 1423 1416 1415
f 1422 1423 1415
f 1425 1424 1417
f 1425 1417 1423
f 1423 1417 1416
f 1418 1417 1424
f 1427 1420 1419
f 1426 1427 1419
f 1205 1427 1209
f 1420 1427 1205
f 1208 1211 1421
f 1421 1211 1428
f 1423 1422 1429
f 1425 1423 1429
f 1431 1427 1426
f 1430 1431 1426
f 1209 1431 1212
f 1427 1431 1209
f 1211 1432 1428
f 1213 1432 1211
f 1432 1213 1215
f 1433 1432 1215
f 1436 1434 1435
f 1430 1434 1436
f 1430 1436 1431
f 1431 1436 1437
f 1212 1437 1216
f 1431 1437 1212
f 1438 1217 1439
f 1438 1433 1217
f 1433 1215 1217
f 1438 1439 1440
f 1442 1436 1435
f 1441 1442 1435
f 1218 1442 1219
f 1218 1437 1442
f 1437 1436 1442
f 1216 1437 1218
f 1217 1220 1439
f 1221 1444 1443
f 1220 1221 1443
f 1220 1443 1440
f 1220 1440 1439
f 1443 1444 1445
f 1448 1446 1447
f 1441 1446 1448
f 1442 1441 1448
f 1442 1448 1223
f 1442 1223 1222
f 1219 1442 1222
f 1221 1225 1444
f 1226 1450 1449
f 1225 1226 1449
f 1225 1449 1445
f 1225 1445 1444
f 1449 1450 1451
f 1454 1452 1453
f 1447 1452 1454
f 1447 1454 1448
f 1448 1454 1455
f 1223 1455 1227
f 1448 1455 1223
f 1226 1228 1450
f 1229 1457 1456
f 1228 1229 1456
f 1228 1456 1451
f 1228 1451 1450
f 1457 1459 1458
f 1456 1457 1458
f 1458 1459 1460
f 1463 1461 1462
f 1453 1461 1463
f 1453 1463 1454
f 1454 1463 1464
f 1230 1464 1231
f 1230 1455 1464
f 1455 1454 1464
f 1227 1455 1230
f 1229 1232 1457
f 1233 1457 1232
f 1233 1465 1457
f 1465 1459 1457
f 1466 1460 1459
f 1466 1459 1467
f 1467 1459 1465
f 1466 1467 1468
f 1471 1469 1470
f 1471 1473 1472
f 1469 1471 1472
f 1462 1472 1473
f 1463 1462 1473
f 1463 1473 1235
f 1463 1235 1234
f 1236 1463 1234
f 1464 1463 1236
f 1231 1464 1236
f 1233 1237 1465
f 1238 1465 1237
f 1238 1474 1465
f 1474 1467 1465
f 1475 1468 1467
f 1475 1467 1476
f 1476 1467 1474
f 1476 1478 1477
f 1475 1476 1477
f 1477 1478 1479
f 1482 1480 1481
f 1470 1480 1482
f 1470 1482 1471
f 1471 1482 1483
f 1239 1483 1240
f 1239 1473 1483
f 1473 1471 1483
f 1235 1473 1239
f 1238 1241 1474
f 1242 1474 1241
f 1476 1474 1242
f 1243 1476 1242
f 1478 1476 1243
f 1245 1485 1484
f 1243 1245 1484
f 1243 1484 1479
f 1243 1479 1478
f 1485 1487 1486
f 1484 1485 1486
f 1487 1489 1488
f 1486 1487 1488
f 1489 1491 1490
f 1488 1489 1490
f 1490 1491 1492
f 1495 1493 1494
f 1495 1497 1496
f 1493 1495 1496
f 1497 1499 1498
f 1496 1497 1498
f 1499 1501 1500
f 1498 1499 1500
f 1481 1500 1501
f 1482 1481 1501
f 1482 1501 1247
f 1482 1247 1246
f 1248 1482 1246
f 1483 1482 1248
f 1240 1483 1248
f 1245 1249 1485
f 1250 1485 1249
f 1487 1485 1250
f 1251 1487 1250
f 1489 1487 1251
f 1253 1489 1251
f 1491 1489 1253
f 1491 1502 1492
f 1491 1253 1502
f 1253 1255 1502
f 1257 1503 1255
f 1255 1503 1502
f 1258 1504 1257
f 1257 1504 1503
f 1259 1505 1258
f 1258 1505 1504
f 1260 1506 1259
f 1259 1506 1505
f 1261 1507 1260
f 1260 1507 1506
f 1263 1509 1508
f 1263 1508 1261
f 1261 1508 1507
f 1509 1511 1510
f 1508 1509 1510
f 1494 1510 1511
f 1495 1494 1511
f 1495 1511 1265
f 1495 1265 1264
f 1267 1495 1264
f 1497 1495 1267
f 1268 1497 1267
f 1499 1497 1268
f 1269 1499 1268
f 1501 1499 1269
f 1247 1501 1269
f 1263 1270 1509
f 1271 1509 1270
f 1511 1509 1271
f 1265 1511 1271
f 1514 1513 1512
f 1514 1515 1516
f 1512 1515 1514
f 1516 1517 1518
f 1515 1517 1516
f 1518 1280 1281
f 1518 1517 1280
f 1517 1519 1280
f 1282 1280 1520
f 1280 1519 1520
f 1283 1282 1521
f 1282 1520 1521
f 1284 1283 1522
f 1283 1521 1522
f 1285 1284 1523
f 1284 1522 1523
f 1286 1285 1524
f 1285 1523 1524
f 1287 1286 1525
f 1286 1524 1525
f 1288 1287 1526
f 1287 1525 1526
f 1289 1527 1528
f 1289 1288 1527
f 1288 1526 1527
f 1528 1529 1530
f 1527 1529 1528
f 1529 1531 1530
f 1534 1533 1532
f 1534 1297 1298
f 1534 1532 1297
f 1532 1535 1297
f 1513 1514 1299
f 1513 1299 1535
f 1535 1299 1297
f 1300 1299 1514
f 1516 1300 1514
f 1301 1300 1516
f 1518 1301 1516
f 1281 1301 1518
f 1289 1528 1302
f 1303 1302 1528
f 1530 1303 1528
f 1530 1531 1536
f 1530 1536 1303
f 1303 1536 1304
f 1305 1304 1537
f 1304 1536 1537
f 1306 1538 1539
f 1306 1305 1538
f 1305 1537 1538
f 1538 1540 1539
f 1543 1542 1541
f 1543 1311 1312
f 1543 1541 1311
f 1541 1544 1311
f 1533 1534 1313
f 1533 1313 1544
f 1544 1313 1311
f 1298 1313 1534
f 1306 1539 1314
f 1539 1540 1545
f 1539 1545 1314
f 1314 1545 1315
f 1545 1316 1315
f 1546 1316 1545
f 1549 1548 1547
f 1549 1550 1551
f 1547 1550 1549
f 1542 1551 1550
f 1543 1551 1542
f 1543 1323 1551
f 1543 1322 1323
f 1312 1322 1543
f 1316 1546 1552
f 1324 1316 1552
f 1325 1553 1554
f 1325 1324 1553
f 1324 1552 1553
f 1553 1555 1554
f 1558 1557 1556
f 1548 1558 1556
f 1549 1558 1548
f 1549 1331 1558
f 1549 1330 1331
f 1332 1330 1549
f 1551 1332 1549
f 1323 1332 1551
f 1325 1554 1333
f 1334 1559 1560
f 1333 1559 1334
f 1333 1555 1559
f 1333 1554 1555
f 1559 1561 1560
f 1564 1563 1562
f 1557 1564 1562
f 1558 1564 1557
f 1558 1340 1564
f 1558 1339 1340
f 1331 1339 1558
f 1334 1560 1341
f 1560 1342 1341
f 1560 1561 1342
f 1561 1565 1342
f 1568 1567 1566
f 1563 1568 1566
f 1564 1568 1563
f 1564 1347 1568
f 1564 1346 1347
f 1340 1346 1564
f 1342 1565 1569
f 1348 1342 1569
f 1569 1349 1348
f 1570 1349 1569
f 1573 1572 1571
f 1567 1573 1571
f 1568 1573 1567
f 1568 1353 1573
f 1568 1352 1353
f 1347 1352 1568
f 1574 1575 1354
f 1574 1354 1570
f 1570 1354 1349
f 1574 1576 1575
f 1357 1572 1573
f 1357 1358 1572
f 1358 1577 1572
f 1353 1357 1573
f 1354 1575 1359
f 1575 1360 1359
f 1575 1576 1360
f 1576 1578 1360
f 1358 1363 1577
f 1577 1363 1579
f 1360 1578 1364
f 1578 1580 1364
f 1363 1367 1579
f 1579 1367 1581
f 1582 1583 1368
f 1582 1368 1580
f 1580 1368 1364
f 1582 1584 1583
f 1367 1371 1581
f 1581 1371 1585
f 1372 1586 1373
f 1372 1375 1586
f 1583 1587 1376
f 1368 1583 1376
f 1588 1583 1584
f 1587 1583 1588
f 1589 1379 1590
f 1589 1585 1379
f 1585 1371 1379
f 1590 1381 1380
f 1590 1380 1589
f 1589 1380 1591
f 1373 1591 1380
f 1373 1593 1591
f 1373 1586 1593
f 1592 1591 1593
f 1375 1384 1593
f 1586 1375 1593
f 1587 1594 1385
f 1376 1587 1385
f 1595 1587 1588
f 1594 1587 1595
f 1379 1387 1590
f 1381 1590 1387
f 1593 1596 1592
f 1596 1593 1384
f 1596 1384 1597
f 1597 1384 1391
f 1594 1598 1599
f 1594 1599 1385
f 1385 1599 1392
f 1595 1598 1594
f 1391 1396 1597
f 1597 1396 1600
f 1392 1599 1397
f 1599 1601 1397
f 1399 1400 1602
f 1604 1399 1602
f 1604 1603 1399
f 1603 1401 1399
f 1402 1605 1606
f 1402 1401 1605
f 1401 1603 1605
f 1606 1605 1600
f 1606 1600 1404
f 1404 1600 1396
f 1607 1608 1405
f 1607 1405 1601
f 1601 1405 1397
f 1607 1609 1608
f 1602 1611 1610
f 1602 1400 1611
f 1400 1407 1611
f 1604 1602 1610
f 1606 1612 1408
f 1402 1606 1408
f 1404 1410 1612
f 1606 1404 1612
f 1608 1613 1411
f 1405 1608 1411
f 1614 1608 1609
f 1613 1608 1614
f 1617 1616 1615
f 1617 1615 1611
f 1617 1611 1413
f 1413 1611 1407
f 1414 1618 1415
f 1414 1408 1612
f 1414 1612 1618
f 1618 1612 1619
f 1410 1418 1619
f 1612 1410 1619
f 1613 1620 1419
f 1411 1613 1419
f 1621 1613 1614
f 1620 1613 1621
f 1617 1622 1616
f 1622 1617 1413
f 1622 1413 1623
f 1623 1413 1421
f 1618 1624 1422
f 1415 1618 1422
f 1424 1425 1624
f 1424 1624 1619
f 1619 1624 1618
f 1418 1424 1619
f 1620 1625 1626
f 1620 1626 1419
f 1419 1626 1426
f 1621 1625 1620
f 1421 1428 1623
f 1623 1428 1627
f 1422 1624 1429
f 1425 1429 1624
f 1426 1626 1430
f 1626 1628 1430
f 1630 1428 1432
f 1630 1629 1428
f 1629 1627 1428
f 1432 1433 1630
f 1434 1631 1435
f 1434 1632 1631
f 1434 1430 1632
f 1430 1628 1632
f 1630 1633 1629
f 1635 1634 1633
f 1438 1635 1633
f 1438 1633 1630
f 1438 1630 1433
f 1438 1440 1635
f 1631 1636 1637
f 1631 1637 1435
f 1435 1637 1441
f 1632 1636 1631
f 1635 1638 1634
f 1640 1639 1638
f 1443 1640 1638
f 1443 1638 1635
f 1443 1635 1440
f 1443 1445 1640
f 1446 1641 1642
f 1447 1446 1642
f 1637 1446 1441
f 1641 1446 1637
f 1640 1643 1639
f 1645 1644 1643
f 1449 1645 1643
f 1449 1643 1640
f 1449 1640 1445
f 1449 1451 1645
f 1452 1646 1453
f 1452 1647 1646
f 1452 1447 1647
f 1447 1642 1647
f 1645 1648 1644
f 1650 1649 1648
f 1456 1650 1648
f 1456 1648 1645
f 1456 1645 1451
f 1456 1458 1651
f 1650 1456 1651
f 1458 1460 1651
f 1461 1652 1462
f 1461 1654 1652
f 1453 1654 1461
f 1453 1653 1654
f 1453 1646 1653
f 1647 1653 1646
f 1650 1655 1649
f 1651 1655 1650
f 1656 1655 1651
f 1658 1657 1656
f 1466 1658 1656
f 1466 1656 1651
f 1466 1651 1460
f 1466 1468 1658
f 1469 1659 1470
f 1661 1659 1469
f 1661 1469 1660
f 1660 1469 1472
f 1652 1472 1462
f 1652 1662 1472
f 1662 1660 1472
f 1654 1662 1652
f 1658 1663 1657
f 1468 1663 1658
f 1468 1475 1663
f 1475 1664 1663
f 1666 1665 1664
f 1666 1664 1477
f 1477 1664 1475
f 1477 1479 1666
f 1480 1667 1481
f 1480 1669 1667
f 1470 1669 1480
f 1470 1668 1669
f 1470 1659 1668
f 1661 1668 1659
f 1666 1670 1665
f 1479 1670 1666
f 1479 1484 1670
f 1484 1671 1670
f 1673 1672 1671
f 1673 1671 1486
f 1486 1671 1484
f 1486 1488 1674
f 1673 1486 1674
f 1488 1490 1675
f 1674 1488 1675
f 1490 1492 1675
f 1493 1676 1494
f 1493 1496 1677
f 1676 1493 1677
f 1679 1677 1496
f 1679 1496 1678
f 1678 1496 1498
f 1500 1680 1498
f 1498 1680 1678
f 1667 1500 1481
f 1667 1681 1500
f 1681 1680 1500
f 1669 1681 1667
f 1673 1682 1672
f 1674 1682 1673
f 1683 1682 1674
f 1675 1683 1674
f 1684 1683 1675
f 1492 1684 1675
f 1492 1502 1684
f 1502 1685 1684
f 1503 1686 1502
f 1502 1686 1685
f 1504 1687 1503
f 1503 1687 1686
f 1505 1688 1504
f 1504 1688 1687
f 1506 1689 1505
f 1505 1689 1688
f 1507 1690 1506
f 1506 1690 1689
f 1508 1691 1507
f 1507 1691 1690
f 1510 1692 1508
f 1508 1692 1691
f 1676 1510 1494
f 1676 1693 1510
f 1693 1692 1510
f 1677 1693 1676
f 1694 1693 1677
f 1679 1694 1677
f 1697 1696 1695
f 1697 1698 1699
f 1695 1698 1697
f 1698 1700 1699
f 1703 1702 1701
f 1703 1704 1705
f 1701 1704 1703
f 1705 1512 1513
f 1705 1704 1512
f 1704 1706 1512
f 1515 1512 1707
f 1512 1706 1707
f 1517 1515 1708
f 1515 1707 1708
f 1519 1517 1709
f 1517 1708 1709
f 1520 1519 1710
f 1519 1709 1710
f 1521 1520 1711
f 1520 1710 1711
f 1522 1521 1712
f 1521 1711 1712
f 1523 1522 1713
f 1522 1712 1713
f 1524 1523 1714
f 1523 1713 1714
f 1696 1697 1525
f 1696 1525 1714
f 1714 1525 1524
f 1526 1525 1697
f 1699 1526 1697
f 1699 1700 1715
f 1699 1715 1526
f 1526 1715 1527
f 1529 1527 1716
f 1527 1715 1716
f 1531 1717 1718
f 1531 1529 1717
f 1529 1716 1717
f 1718 1719 1720
f 1717 1719 1718
f 1719 1721 1720
f 1724 1723 1722
f 1724 1725 1726
f 1722 1725 1724
f 1702 1726 1725
f 1703 1726 1702
f 1703 1533 1726
f 1703 1532 1533
f 1535 1532 1703
f 1705 1535 1703
f 1513 1535 1705
f 1531 1718 1536
f 1537 1536 1718
f 1720 1537 1718
f 1720 1721 1727
f 1720 1727 1537
f 1537 1727 1538
f 1540 1728 1729
f 1540 1538 1728
f 1538 1727 1728
f 1728 1730 1729
f 1733 1732 1731
f 1733 1734 1735
f 1731 1734 1733
f 1723 1735 1734
f 1724 1735 1723
f 1724 1542 1735
f 1724 1541 1542
f 1544 1541 1724
f 1726 1544 1724
f 1533 1544 1726
f 1540 1729 1545
f 1546 1736 1737
f 1545 1736 1546
f 1545 1730 1736
f 1545 1729 1730
f 1736 1738 1737
f 1741 1740 1739
f 1732 1741 1739
f 1733 1741 1732
f 1733 1548 1741
f 1733 1547 1548
f 1550 1547 1733
f 1735 1550 1733
f 1542 1550 1735
f 1546 1737 1552
f 1737 1738 1742
f 1737 1742 1552
f 1552 1742 1553
f 1555 1743 1744
f 1555 1553 1743
f 1553 1742 1743
f 1743 1745 1744
f 1748 1747 1746
f 1740 1748 1746
f 1741 1748 1740
f 1741 1557 1748
f 1741 1556 1557
f 1548 1556 1741
f 1555 1744 1559
f 1744 1561 1559
f 1744 1745 1561
f 1745 1749 1561
f 1752 1751 1750
f 1747 1752 1750
f 1748 1752 1747
f 1748 1563 1752
f 1748 1562 1563
f 1557 1562 1748
f 1753 1754 1565
f 1753 1565 1749
f 1749 1565 1561
f 1753 1755 1754
f 1566 1751 1752
f 1566 1567 1751
f 1567 1756 1751
f 1563 1566 1752
f 1565 1754 1569
f 1570 1757 1758
f 1569 1757 1570
f 1569 1755 1757
f 1569 1754 1755
f 1757 1759 1758
f 1571 1761 1760
f 1572 1761 1571
f 1756 1567 1571
f 1760 1756 1571
f 1570 1758 1574
f 1758 1576 1574
f 1758 1759 1576
f 1759 1762 1576
f 1572 1577 1761
f 1761 1577 1763
f 1764 1765 1578
f 1764 1578 1762
f 1762 1578 1576
f 1764 1766 1765
f 1577 1579 1763
f 1763 1579 1767
f 1765 1768 1580
f 1578 1765 1580
f 1769 1765 1766
f 1768 1765 1769
f 1579 1581 1767
f 1767 1581 1770
f 1580 1768 1582
f 1768 1584 1582
f 1768 1769 1584
f 1769 1771 1584
f 1581 1585 1770
f 1770 1585 1772
f 1584 1771 1588
f 1771 1773 1588
f 1775 1585 1589
f 1775 1774 1585
f 1774 1772 1585
f 1589 1591 1776
f 1775 1589 1776
f 1591 1592 1776
f 1588 1773 1595
f 1773 1777 1595
f 1775 1778 1774
f 1778 1780 1779
f 1778 1775 1780
f 1775 1776 1780
f 1592 1596 1781
f 1592 1781 1776
f 1776 1781 1780
f 1596 1597 1781
f 1598 1782 1783
f 1599 1598 1783
f 1777 1598 1595
f 1782 1598 1777
f 1785 1779 1780
f 1784 1779 1785
f 1781 1786 1780
f 1786 1785 1780
f 1597 1600 1786
f 1781 1597 1786
f 1599 1783 1601
f 1783 1787 1601
f 1790 1789 1788
f 1784 1790 1788
f 1785 1790 1784
f 1785 1604 1790
f 1785 1603 1604
f 1605 1603 1785
f 1786 1605 1785
f 1600 1605 1786
f 1601 1787 1791
f 1607 1601 1791
f 1791 1609 1607
f 1792 1609 1791
f 1610 1789 1790
f 1610 1611 1789
f 1611 1793 1789
f 1604 1610 1790
f 1609 1792 1614
f 1792 1794 1614
f 1615 1616 1795
f 1615 1795 1796
f 1615 1796 1611
f 1611 1796 1793
f 1614 1794 1621
f 1794 1797 1621
f 1616 1622 1795
f 1795 1622 1623
f 1795 1623 1796
f 1796 1623 1798
f 1625 1799 1626
f 1625 1800 1799
f 1625 1621 1800
f 1621 1797 1800
f 1623 1627 1798
f 1798 1627 1801
f 1799 1802 1628
f 1626 1799 1628
f 1803 1799 1800
f 1802 1799 1803
f 1627 1629 1801
f 1801 1629 1804
f 1802 1805 1806
f 1802 1806 1628
f 1628 1806 1632
f 1803 1805 1802
f 1629 1807 1804
f 1633 1807 1629
f 1807 1633 1634
f 1808 1807 1634
f 1636 1809 1637
f 1636 1810 1809
f 1636 1632 1810
f 1632 1806 1810
f 1812 1634 1638
f 1812 1811 1634
f 1811 1808 1634
f 1638 1639 1812
f 1641 1813 1642
f 1641 1815 1813
f 1637 1815 1641
f 1637 1814 1815
f 1637 1809 1814
f 1810 1814 1809
f 1812 1816 1811
f 1818 1817 1816
f 1643 1818 1816
f 1643 1816 1812
f 1643 1812 1639
f 1643 1644 1818
f 1813 1819 1820
f 1813 1820 1642
f 1642 1820 1647
f 1815 1819 1813
f 1818 1821 1817
f 1823 1822 1821
f 1648 1823 1821
f 1648 1821 1818
f 1648 1818 1644
f 1648 1649 1823
f 1653 1824 1825
f 1654 1653 1825
f 1820 1653 1647
f 1824 1653 1820
f 1823 1826 1822
f 1649 1826 1823
f 1649 1655 1826
f 1655 1827 1826
f 1829 1828 1827
f 1829 1827 1656
f 1656 1827 1655
f 1656 1657 1829
f 1660 1830 1661
f 1832 1830 1660
f 1832 1660 1831
f 1831 1660 1662
f 1825 1662 1654
f 1831 1662 1825
f 1829 1833 1828
f 1835 1834 1833
f 1663 1835 1833
f 1663 1833 1829
f 1663 1829 1657
f 1663 1664 1836
f 1835 1663 1836
f 1664 1665 1836
f 1668 1837 1669
f 1668 1839 1837
f 1661 1839 1668
f 1661 1838 1839
f 1661 1830 1838
f 1832 1838 1830
f 1835 1840 1834
f 1836 1840 1835
f 1841 1840 1836
f 1665 1841 1836
f 1665 1670 1841
f 1670 1842 1841
f 1844 1843 1842
f 1844 1842 1671
f 1671 1842 1670
f 1671 1672 1844
f 1678 1845 1679
f 1678 1680 1846
f 1845 1678 1846
f 1848 1846 1680
f 1848 1680 1847
f 1847 1680 1681
f 1837 1681 1669
f 1837 1849 1681
f 1849 1847 1681
f 1839 1849 1837
f 1844 1850 1843
f 1672 1850 1844
f 1672 1682 1850
f 1682 1851 1850
f 1683 1852 1682
f 1682 1852 1851
f 1684 1853 1683
f 1683 1853 1852
f 1685 1854 1684
f 1684 1854 1853
f 1686 1855 1685
f 1685 1855 1854
f 1687 1856 1686
f 1686 1856 1855
f 1688 1857 1687
f 1687 1857 1856
f 1689 1858 1688
f 1688 1858 1857
f 1690 1859 1689
f 1689 1859 1858
f 1691 1860 1690
f 1690 1860 1859
f 1692 1861 1691
f 1691 1861 1860
f 1693 1862 1692
f 1692 1862 1861
f 1694 1863 1693
f 1693 1863 1862
f 1845 1694 1679
f 1845 1864 1694
f 1864 1863 1694
f 1846 1864 1845
f 1865 1864 1846
f 1848 1865 1846
f 1695 1696 1866
f 1695 1867 1698
f 1866 1867 1695
f 1698 1867 1700
f 1701 1702 1868
f 1701 1869 1704
f 1868 1869 1701
f 1871 1704 1869
f 1871 1870 1704
f 1870 1706 1704
f 1707 1706 1872
f 1706 1870 1872
f 1708 1707 1873
f 1707 1872 1873
f 1709 1708 1874
f 1708 1873 1874
f 1710 1709 1875
f 1709 1874 1875
f 1711 1710 1876
f 1710 1875 1876
f 1712 1711 1877
f 1711 1876 1877
f 1713 1712 1878
f 1712 1877 1878
f 1714 1713 1879
f 1713 1878 1879
f 1866 1696 1714
f 1866 1714 1880
f 1880 1714 1879
f 1867 1866 1880
f 1881 1867 1880
f 1700 1867 1881
f 1700 1881 1715
f 1715 1881 1882
f 1716 1715 1883
f 1715 1882 1883
f 1885 1883 1884
f 1885 1717 1883
f 1717 1716 1883
f 1717 1886 1719
f 1885 1886 1717
f 1719 1886 1721
f 1722 1723 1887
f 1722 1888 1725
f 1887 1888 1722
f 1725 1888 1890
f 1702 1725 1890
f 1702 1890 1889
f 1702 1889 1868
f 1869 1868 1889
f 1891 1869 1889
f 1871 1869 1891
f 1885 1884 1892
f 1886 1885 1892
f 1893 1886 1892
f 1895 1893 1894
f 1727 1893 1895
f 1727 1886 1893
f 1727 1721 1886
f 1727 1896 1728
f 1895 1896 1727
f 1728 1896 1730
f 1731 1732 1897
f 1731 1898 1734
f 1897 1898 1731
f 1734 1898 1900
f 1723 1734 1900
f 1723 1900 1899
f 1723 1899 1887
f 1888 1887 1899
f 1901 1888 1899
f 1890 1888 1901
f 1895 1894 1902
f 1896 1895 1902
f 1903 1896 1902
f 1905 1903 1904
f 1736 1903 1905
f 1736 1896 1903
f 1736 1730 1896
f 1736 1905 1738
f 1739 1740 1906
f 1739 1897 1732
f 1739 1906 1897
f 1906 1907 1897
f 1909 1908 1898
f 1909 1898 1907
f 1907 1898 1897
f 1900 1898 1908
f 1905 1904 1910
f 1912 1910 1911
f 1742 1910 1912
f 1742 1905 1910
f 1742 1738 1905
f 1742 1913 1743
f 1912 1913 1742
f 1743 1913 1745
f 1746 1747 1914
f 1746 1906 1740
f 1746 1914 1906
f 1914 1915 1906
f 1917 1916 1907
f 1917 1907 1915
f 1915 1907 1906
f 1909 1907 1916
f 1912 1911 1918
f 1918 1919 1920
f 1918 1920 1912
f 1912 1920 1913
f 1745 1920 1749
f 1913 1920 1745
f 1750 1751 1921
f 1750 1914 1747
f 1750 1921 1914
f 1921 1922 1914
f 1924 1923 1915
f 1924 1915 1922
f 1922 1915 1914
f 1917 1915 1923
f 1920 1919 1925
f 1927 1925 1926
f 1753 1925 1927
f 1753 1920 1925
f 1753 1749 1920
f 1753 1927 1755
f 1921 1756 1928
f 1751 1756 1921
f 1930 1929 1922
f 1930 1922 1928
f 1928 1922 1921
f 1924 1922 1929
f 1927 1926 1931
f 1933 1931 1932
f 1757 1931 1933
f 1757 1927 1931
f 1757 1755 1927
f 1757 1933 1759
f 1760 1761 1934
f 1760 1934 1936
f 1756 1760 1936
f 1756 1936 1935
f 1756 1935 1928
f 1930 1928 1935
f 1938 1933 1932
f 1937 1938 1932
f 1759 1938 1762
f 1933 1938 1759
f 1934 1763 1939
f 1761 1763 1934
f 1940 1936 1934
f 1939 1940 1934
f 1938 1937 1941
f 1943 1941 1942
f 1764 1941 1943
f 1764 1938 1941
f 1764 1762 1938
f 1764 1943 1766
f 1939 1945 1944
f 1939 1763 1945
f 1763 1767 1945
f 1940 1939 1944
f 1947 1943 1942
f 1946 1947 1942
f 1766 1947 1769
f 1943 1947 1766
f 1767 1770 1945
f 1945 1770 1948
f 1950 1947 1946
f 1949 1950 1946
f 1769 1950 1771
f 1947 1950 1769
f 1770 1772 1948
f 1948 1772 1951
f 1950 1949 1952
f 1952 1771 1950
f 1952 1953 1771
f 1953 1773 1771
f 1772 1774 1951
f 1951 1774 1954
f 1957 1955 1956
f 1957 1953 1955
f 1957 1777 1953
f 1777 1773 1953
f 1959 1774 1778
f 1959 1958 1774
f 1958 1954 1774
f 1778 1779 1959
f 1782 1957 1956
f 1782 1956 1783
f 1783 1956 1960
f 1777 1957 1782
f 1962 1958 1959
f 1961 1958 1962
f 1779 1784 1962
f 1959 1779 1962
f 1783 1960 1787
f 1960 1963 1787
f 1788 1961 1962
f 1788 1789 1961
f 1789 1964 1961
f 1784 1788 1962
f 1966 1791 1787
f 1966 1787 1965
f 1965 1787 1963
f 1791 1966 1792
f 1789 1793 1964
f 1964 1793 1967
f 1966 1965 1968
f 1968 1792 1966
f 1968 1969 1792
f 1969 1794 1792
f 1793 1796 1967
f 1967 1796 1970
f 1973 1971 1972
f 1973 1969 1971
f 1973 1797 1969
f 1797 1794 1969
f 1796 1798 1970
f 1970 1798 1974
f 1976 1973 1972
f 1975 1976 1972
f 1797 1976 1800
f 1973 1976 1797
f 1977 1801 1978
f 1977 1974 1801
f 1974 1798 1801
f 1977 1978 1979
f 1981 1976 1975
f 1980 1981 1975
f 1800 1981 1803
f 1976 1981 1800
f 1978 1804 1982
f 1801 1804 1978
f 1983 1979 1978
f 1982 1983 1978
f 1986 1984 1985
f 1980 1984 1986
f 1981 1980 1986
f 1981 1986 1806
f 1981 1806 1805
f 1803 1981 1805
f 1804 1807 1982
f 1808 1988 1987
f 1807 1808 1987
f 1807 1987 1983
f 1807 1983 1982
f 1987 1988 1989
f 1991 1986 1985
f 1990 1991 1985
f 1806 1991 1810
f 1986 1991 1806
f 1988 1811 1992
f 1808 1811 1988
f 1993 1989 1988
f 1993 1988 1994
f 1994 1988 1992
f 1993 1994 1995
f 1998 1996 1997
f 1990 1996 1998
f 1991 1990 1998
f 1991 1998 1815
f 1991 1815 1814
f 1810 1991 1814
f 1811 1816 1992
f 1817 1992 1816
f 1817 1999 1992
f 1999 1994 1992
f 2000 1995 1994
f 2000 1994 2001
f 2001 1994 1999
f 2000 2001 2002
f 2005 2003 2004
f 1997 2003 2005
f 1998 1997 2005
f 1998 2005 1820
f 1998 1820 1819
f 1815 1998 1819
f 1817 1821 1999
f 1822 1999 1821
f 1822 2006 1999
f 2006 2001 1999
f 2007 2002 2001
f 2007 2001 2008
f 2008 2001 2006
f 2007 2008 2009
f 2012 2010 2011
f 2004 2010 2012
f 2005 2004 2012
f 2005 2012 1825
f 2005 1825 1824
f 1820 2005 1824
f 1822 1826 2006
f 1827 2006 1826
f 2008 2006 1827
f 1828 2014 2013
f 1827 1828 2013
f 1827 2013 2009
f 1827 2009 2008
f 2013 2014 2015
f 2018 2016 2017
f 2011 2016 2018
f 2012 2011 2018
f 2012 2018 1832
f 2012 1832 1831
f 1825 2012 1831
f 1828 1833 2014
f 1834 2020 2019
f 1833 1834 2019
f 1833 2019 2015
f 1833 2015 2014
f 2020 2022 2021
f 2019 2020 2021
f 2021 2022 2023
f 2026 2024 2025
f 2026 2028 2027
f 2024 2026 2027
f 2017 2027 2028
f 2018 2017 2028
f 2018 2028 1839
f 2018 1839 1838
f 1832 2018 1838
f 1834 1840 2020
f 1841 2020 1840
f 2022 2020 1841
f 2022 2029 2023
f 2022 1841 2029
f 1841 1842 2029
f 1843 2031 2030
f 1843 2030 1842
f 1842 2030 2029
f 2030 2031 2032
f 2035 2033 2034
f 2035 2037 2036
f 2033 2035 2036
f 2025 2036 2037
f 2026 2025 2037
f 2026 2037 1848
f 2026 1848 1847
f 1849 2026 1847
f 2028 2026 1849
f 1839 2028 1849
f 1843 1850 2031
f 2031 2038 2032
f 2031 1850 2038
f 1850 1851 2038
f 1852 2039 1851
f 1851 2039 2038
f 1853 2040 1852
f 1852 2040 2039
f 1854 2041 1853
f 1853 2041 2040
f 1855 2042 1854
f 1854 2042 2041
f 1856 2043 1855
f 1855 2043 2042
f 1857 2044 1856
f 1856 2044 2043
f 1858 2045 1857
f 1857 2045 2044
f 1859 2046 1858
f 1858 2046 2045
f 1860 2047 1859
f 1859 2047 2046
f 1861 2048 1860
f 1860 2048 2047
f 1862 2049 1861
f 1861 2049 2048
f 1863 2050 1862
f 1862 2050 2049
f 2034 1864 2035
f 2034 2050 1864
f 2050 1863 1864
f 1865 2035 1864
f 2037 2035 1865
f 1848 2037 1865
f 1870 1871 2051
f 2053 1870 2051
f 2053 2052 1870
f 2052 1872 1870
f 1873 1872 2054
f 1872 2052 2054
f 1874 1873 2055
f 1873 2054 2055
f 1875 1874 2056
f 1874 2055 2056
f 1876 1875 2057
f 1875 2056 2057
f 1877 1876 2058
f 1876 2057 2058
f 1878 1877 2059
f 1877 2058 2059
f 1879 1878 2060
f 1878 2059 2060
f 1880 1879 2061
f 1879 2060 2061
f 1881 1880 2062
f 1880 2061 2062
f 1882 1881 2063
f 1881 2062 2063
f 2065 2063 2064
f 2065 1883 2063
f 1883 1882 2063
f 1883 2065 1884
f 1889 1890 2066
f 2068 1889 2066
f 2068 2067 1889
f 2067 1891 1889
f 2051 1871 1891
f 2051 1891 2069
f 2069 1891 2067
f 2053 2051 2069
f 2065 2064 2070
f 1884 2065 2070
f 1884 2070 1892
f 1892 2070 2071
f 2073 2071 2072
f 2073 1893 2071
f 1893 1892 2071
f 1893 2073 1894
f 1899 1900 2074
f 2076 1899 2074
f 2076 2075 1899
f 2075 1901 1899
f 2066 1890 1901
f 2066 1901 2077
f 2077 1901 2075
f 2068 2066 2077
f 2073 2072 2078
f 1894 2073 2078
f 1894 2078 1902
f 1902 2078 2079
f 2081 2079 2080
f 2081 1903 2079
f 1903 1902 2079
f 1903 2081 1904
f 1908 1909 2082
f 1908 2082 2084
f 1900 1908 2084
f 1900 2084 2083
f 1900 2083 2074
f 2076 2074 2083
f 2081 2080 2085
f 2087 2085 2086
f 1910 2085 2087
f 1910 2081 2085
f 1910 1904 2081
f 1910 2087 1911
f 1916 1917 2088
f 1916 2088 2090
f 1909 1916 2090
f 1909 2090 2089
f 1909 2089 2082
f 2084 2082 2089
f 2087 2086 2091
f 2093 2091 2092
f 1918 2091 2093
f 1918 2087 2091
f 1918 1911 2087
f 1918 2093 1919
f 1923 1924 2094
f 1923 2094 2096
f 1917 1923 2096
f 1917 2096 2095
f 1917 2095 2088
f 2090 2088 2095
f 2093 2092 2097
f 2099 2097 2098
f 1925 2097 2099
f 1925 2093 2097
f 1925 1919 2093
f 1925 2099 1926
f 1929 1930 2100
f 1929 2100 2102
f 1924 1929 2102
f 1924 2102 2101
f 1924 2101 2094
f 2096 2094 2101
f 2099 2098 2103
f 2105 2103 2104
f 1931 2103 2105
f 1931 2099 2103
f 1931 1926 2099
f 1931 2105 1932
f 1935 1936 2106
f 1935 2106 2108
f 1930 1935 2108
f 1930 2108 2107
f 1930 2107 2100
f 2102 2100 2107
f 2110 2105 2104
f 2109 2110 2104
f 1932 2110 1937
f 2105 2110 1932
f 2106 1940 2111
f 1936 1940 2106
f 2112 2108 2106
f 2111 2112 2106
f 2110 2109 2113
f 2115 2113 2114
f 1941 2113 2115
f 1941 2110 2113
f 1941 1937 2110
f 1941 2115 1942
f 1944 1945 2116
f 1944 2116 2118
f 1940 1944 2118
f 1940 2118 2117
f 1940 2117 2111
f 2112 2111 2117
f 2120 2115 2114
f 2119 2120 2114
f 1942 2120 1946
f 2115 2120 1942
f 2116 1948 2121
f 1945 1948 2116
f 2122 2118 2116
f 2121 2122 2116
f 2120 2119 2123
f 2123 1946 2120
f 2123 2124 1946
f 2124 1949 1946
f 2121 1951 2125
f 1948 1951 2121
f 2126 2122 2121
f 2125 2126 2121
f 2128 1952 1949
f 2128 1949 2127
f 2127 1949 2124
f 1952 2128 1953
f 2125 2130 2129
f 2125 1951 2130
f 1951 1954 2130
f 2126 2125 2129
f 1955 2128 2127
f 1955 2127 1956
f 1956 2127 2131
f 1953 2128 1955
f 1954 1958 2130
f 2130 1958 2132
f 1956 2131 1960
f 2131 2133 1960
f 1958 1961 2132
f 2132 1961 2134
f 1960 2133 1963
f 2133 2135 1963
f 1961 1964 2134
f 2134 1964 2136
f 1963 2135 1965
f 2135 2137 1965
f 2138 1967 2139
f 2138 2136 1967
f 2136 1964 1967
f 2138 2139 2140
f 2142 1968 1965
f 2142 1965 2141
f 2141 1965 2137
f 1968 2142 1969
f 2139 1970 2143
f 1967 1970 2139
f 2144 2140 2139
f 2143 2144 2139
f 1971 2142 2141
f 1971 2141 1972
f 1972 2141 2145
f 1969 2142 1971
f 2143 1974 2146
f 1970 1974 2143
f 2147 2144 2143
f 2146 2147 2143
f 2150 2148 2149
f 2150 2145 2148
f 2150 1975 2145
f 1975 1972 2145
f 1974 1977 2146
f 1979 2152 2151
f 1977 1979 2151
f 1977 2151 2147
f 1977 2147 2146
f 2151 2152 2153
f 2155 2150 2149
f 2154 2155 2149
f 1975 2155 1980
f 2150 2155 1975
f 2152 1983 2156
f 1979 1983 2152
f 2157 2153 2152
f 2156 2157 2152
f 2160 2158 2159
f 2154 2158 2160
f 2155 2154 2160
f 2155 2160 1985
f 2155 1985 1984
f 1980 2155 1984
f 1983 1987 2156
f 1989 2162 2161
f 1987 1989 2161
f 1987 2161 2157
f 1987 2157 2156
f 2161 2162 2163
f 2165 2160 2159
f 2164 2165 2159
f 1985 2165 1990
f 2160 2165 1985
f 1989 1993 2162
f 1995 2167 2166
f 1993 1995 2166
f 1993 2166 2163
f 1993 2163 2162
f 2166 2167 2168
f 2171 2169 2170
f 2164 2169 2171
f 2165 2164 2171
f 2165 2171 1997
f 2165 1997 1996
f 1990 2165 1996
f 1995 2000 2167
f 2002 2173 2172
f 2000 2002 2172
f 2000 2172 2168
f 2000 2168 2167
f 2172 2173 2174
f 2177 2175 2176
f 2170 2175 2177
f 2171 2170 2177
f 2171 2177 2004
f 2171 2004 2003
f 1997 2171 2003
f 2002 2007 2173
f 2009 2179 2178
f 2007 2009 2178
f 2007 2178 2174
f 2007 2174 2173
f 2178 2179 2180
f 2183 2181 2182
f 2176 2181 2183
f 2177 2176 2183
f 2177 2183 2011
f 2177 2011 2010
f 2004 2177 2010
f 2009 2013 2179
f 2015 2185 2184
f 2013 2015 2184
f 2013 2184 2180
f 2013 2180 2179
f 2184 2185 2186
f 2189 2187 2188
f 2182 2187 2189
f 2183 2182 2189
f 2183 2189 2017
f 2183 2017 2016
f 2011 2183 2016
f 2015 2019 2185
f 2185 2190 2186
f 2185 2019 2190
f 2019 2021 2190
f 2023 2192 2191
f 2023 2191 2021
f 2021 2191 2190
f 2191 2192 2193
f 2196 2194 2195
f 2196 2025 2024
f 2196 2024 2194
f 2194 2024 2197
f 2188 2027 2189
f 2188 2197 2027
f 2197 2024 2027
f 2017 2189 2027
f 2023 2029 2192
f 2192 2198 2193
f 2192 2029 2198
f 2029 2030 2198
f 2032 2200 2199
f 2032 2199 2030
f 2030 2199 2198
f 2199 2200 2201
f 2204 2202 2203
f 2204 2034 2033
f 2204 2033 2202
f 2202 2033 2205
f 2195 2036 2196
f 2195 2205 2036
f 2205 2033 2036
f 2025 2196 2036
f 2032 2038 2200
f 2200 2206 2201
f 2200 2038 2206
f 2038 2039 2206
f 2040 2207 2039
f 2039 2207 2206
f 2041 2208 2040
f 2040 2208 2207
f 2042 2209 2041
f 2041 2209 2208
f 2043 2210 2042
f 2042 2210 2209
f 2044 2211 2043
f 2043 2211 2210
f 2045 2212 2044
f 2044 2212 2211
f 2046 2213 2045
f 2045 2213 2212
f 2047 2214 2046
f 2046 2214 2213
f 2048 2215 2047
f 2047 2215 2214
f 2049 2216 2048
f 2048 2216 2215
f 2203 2050 2204
f 2203 2216 2050
f 2216 2049 2050
f 2034 2204 2050
f 2219 2218 2217
f 2217 2220 2219
f 2223 2222 2221
f 2223 2052 2053
f 2223 2221 2052
f 2221 2224 2052
f 2054 2052 2225
f 2052 2224 2225
f 2055 2054 2226
f 2054 2225 2226
f 2056 2055 2227
f 2055 2226 2227
f 2057 2056 2228
f 2056 2227 2228
f 2058 2057 2229
f 2057 2228 2229
f 2059 2058 2230
f 2058 2229 2230
f 2218 2219 2060
f 2218 2060 2230
f 2230 2060 2059
f 2219 2220 2231
f 2219 2231 2060
f 2060 2231 2061
f 2062 2061 2232
f 2061 2231 2232
f 2063 2062 2233
f 2062 2232 2233
f 2064 2234 2235
f 2064 2063 2234
f 2063 2233 2234
f 2235 2236 2237
f 2234 2236 2235
f 2236 2238 2237
f 2241 2240 2239
f 2241 2067 2068
f 2241 2239 2067
f 2239 2242 2067
f 2222 2223 2069
f 2222 2069 2242
f 2242 2069 2067
f 2053 2069 2223
f 2064 2235 2070
f 2071 2070 2235
f 2237 2071 2235
f 2072 2243 2244
f 2071 2243 2072
f 2071 2238 2243
f 2071 2237 2238
f 2244 2245 2246
f 2243 2245 2244
f 2245 2247 2246
f 2250 2249 2248
f 2250 2075 2076
f 2250 2248 2075
f 2248 2251 2075
f 2240 2241 2077
f 2240 2077 2251
f 2251 2077 2075
f 2068 2077 2241
f 2072 2244 2078
f 2079 2078 2244
f 2246 2079 2244
f 2080 2252 2253
f 2079 2252 2080
f 2079 2247 2252
f 2079 2246 2247
f 2252 2254 2253
f 2257 2256 2255
f 2249 2257 2255
f 2250 2257 2249
f 2250 2084 2257
f 2250 2083 2084
f 2076 2083 2250
f 2080 2253 2085
f 2086 2258 2259
f 2085 2258 2086
f 2085 2254 2258
f 2085 2253 2254
f 2258 2260 2259
f 2263 2262 2261
f 2256 2263 2261
f 2257 2263 2256
f 2257 2090 2263
f 2257 2089 2090
f 2084 2089 2257
f 2086 2259 2091
f 2092 2264 2265
f 2091 2264 2092
f 2091 2260 2264
f 2091 2259 2260
f 2264 2266 2265
f 2269 2268 2267
f 2262 2269 2267
f 2263 2269 2262
f 2263 2096 2269
f 2263 2095 2096
f 2090 2095 2263
f 2092 2265 2097
f 2098 2270 2271
f 2097 2270 2098
f 2097 2266 2270
f 2097 2265 2266
f 2270 2272 2271
f 2275 2274 2273
f 2268 2275 2273
f 2269 2275 2268
f 2269 2102 2275
f 2269 2101 2102
f 2096 2101 2269
f 2098 2271 2103
f 2271 2104 2103
f 2271 2272 2104
f 2272 2276 2104
f 2107 2274 2275
f 2107 2108 2274
f 2108 2277 2274
f 2102 2107 2275
f 2278 2279 2109
f 2278 2109 2276
f 2276 2109 2104
f 2278 2280 2279
f 2283 2282 2281
f 2283 2281 2277
f 2283 2277 2112
f 2112 2277 2108
f 2109 2279 2113
f 2279 2114 2113
f 2279 2280 2114
f 2280 2284 2114
f 2117 2282 2283
f 2117 2118 2282
f 2118 2285 2282
f 2112 2117 2283
f 2286 2287 2119
f 2286 2119 2284
f 2284 2119 2114
f 2286 2288 2287
f 2118 2122 2285
f 2285 2122 2289
f 2119 2287 2123
f 2287 2124 2123
f 2287 2288 2124
f 2288 2290 2124
f 2122 2126 2289
f 2289 2126 2291
f 2124 2290 2127
f 2290 2292 2127
f 2129 2130 2293
f 2129 2293 2294
f 2129 2294 2126
f 2126 2294 2291
f 2127 2292 2131
f 2292 2295 2131
f 2293 2132 2296
f 2130 2132 2293
f 2297 2294 2293
f 2296 2297 2293
f 2131 2295 2133
f 2295 2298 2133
f 2296 2134 2299
f 2132 2134 2296
f 2300 2297 2296
f 2299 2300 2296
f 2133 2298 2135
f 2298 2301 2135
f 2299 2136 2302
f 2134 2136 2299
f 2303 2300 2299
f 2302 2303 2299
f 2135 2301 2137
f 2301 2304 2137
f 2136 2138 2302
f 2302 2138 2140
f 2302 2140 2303
f 2303 2140 2305
f 2137 2304 2141
f 2304 2306 2141
f 2140 2144 2305
f 2305 2144 2307
f 2141 2306 2145
f 2306 2308 2145
f 2144 2147 2307
f 2307 2147 2309
f 2148 2310 2149
f 2148 2311 2310
f 2148 2145 2311
f 2145 2308 2311
f 2313 2147 2151
f 2313 2312 2147
f 2312 2309 2147
f 2151 2153 2313
f 2310 2314 2315
f 2310 2315 2149
f 2149 2315 2154
f 2311 2314 2310
f 2313 2316 2312
f 2316 2313 2153
f 2316 2153 2317
f 2317 2153 2157
f 2158 2318 2159
f 2158 2319 2318
f 2158 2154 2319
f 2154 2315 2319
f 2321 2157 2161
f 2321 2320 2157
f 2320 2317 2157
f 2161 2163 2321
f 2318 2322 2323
f 2318 2323 2159
f 2159 2323 2164
f 2319 2322 2318
f 2321 2324 2320
f 2326 2325 2324
f 2166 2326 2324
f 2166 2324 2321
f 2166 2321 2163
f 2166 2168 2326
f 2169 2327 2170
f 2169 2328 2327
f 2169 2164 2328
f 2164 2323 2328
f 2326 2329 2325
f 2331 2330 2329
f 2172 2331 2329
f 2172 2329 2326
f 2172 2326 2168
f 2172 2174 2331
f 2175 2332 2176
f 2175 2334 2332
f 2170 2334 2175
f 2170 2333 2334
f 2170 2327 2333
f 2328 2333 2327
f 2331 2335 2330
f 2337 2336 2335
f 2178 2337 2335
f 2178 2335 2331
f 2178 2331 2174
f 2178 2180 2337
f 2181 2338 2182
f 2181 2340 2338
f 2176 2340 2181
f 2176 2339 2340
f 2176 2332 2339
f 2334 2339 2332
f 2337 2341 2336
f 2343 2342 2341
f 2184 2343 2341
f 2184 2341 2337
f 2184 2337 2180
f 2184 2186 2343
f 2187 2344 2188
f 2187 2346 2344
f 2182 2346 2187
f 2182 2345 2346
f 2182 2338 2345
f 2340 2345 2338
f 2343 2347 2342
f 2186 2347 2343
f 2186 2190 2347
f 2190 2348 2347
f 2350 2349 2348
f 2350 2348 2191
f 2191 2348 2190
f 2191 2193 2350
f 2194 2351 2195
f 2353 2351 2194
f 2353 2194 2352
f 2352 2194 2197
f 2344 2197 2188
f 2344 2354 2197
f 2354 2352 2197
f 2346 2354 2344
f 2350 2355 2349
f 2357 2356 2355
f 2198 2357 2355
f 2198 2355 2350
f 2198 2350 2193
f 2198 2199 2358
f 2357 2198 2358
f 2199 2201 2358
f 2202 2359 2203
f 2361 2359 2202
f 2361 2202 2360
f 2360 2202 2205
f 2351 2205 2195
f 2351 2362 2205
f 2362 2360 2205
f 2353 2362 2351
f 2357 2363 2356
f 2358 2363 2357
f 2364 2363 2358
f 2201 2364 2358
f 2201 2206 2364
f 2206 2365 2364
f 2207 2366 2206
f 2206 2366 2365
f 2208 2367 2207
f 2207 2367 2366
f 2209 2368 2208
f 2208 2368 2367
f 2210 2369 2209
f 2209 2369 2368
f 2211 2370 2210
f 2210 2370 2369
f 2212 2371 2211
f 2211 2371 2370
f 2213 2372 2212
f 2212 2372 2371
f 2214 2373 2213
f 2213 2373 2372
f 2215 2374 2214
f 2214 2374 2373
f 2216 2375 2215
f 2215 2375 2374
f 2359 2216 2203
f 2359 2376 2216
f 2376 2375 2216
f 2361 2376 2359
f 2217 2378 2377
f 2218 2378 2217
f 2377 2220 2217
f 2379 2220 2377
f 2221 2381 2380
f 2222 2381 2221
f 2224 2221 2382
f 2221 2380 2382
f 2225 2224 2383
f 2224 2382 2383
f 2226 2225 2384
f 2225 2383 2384
f 2227 2226 2385
f 2226 2384 2385
f 2228 2227 2386
f 2227 2385 2386
f 2229 2228 2387
f 2228 2386 2387
f 2230 2229 2388
f 2229 2387 2388
f 2378 2218 2230
f 2388 2378 2230
f 2220 2379 2389
f 2231 2220 2389
f 2232 2231 2390
f 2231 2389 2390
f 2233 2232 2391
f 2232 2390 2391
f 2234 2233 2392
f 2233 2391 2392
f 2236 2234 2393
f 2234 2392 2393
f 2393 2238 2236
f 2394 2238 2393
f 2397 2396 2395
f 2397 2239 2240
f 2397 2395 2239
f 2395 2398 2239
f 2242 2239 2399
f 2239 2398 2399
f 2381 2222 2242
f 2399 2381 2242
f 2238 2394 2400
f 2243 2238 2400
f 2245 2243 2401
f 2243 2400 2401
f 2401 2247 2245
f 2402 2247 2401
f 2248 2404 2403
f 2249 2404 2248
f 2396 2397 2251
f 2396 2251 2403
f 2403 2251 2248
f 2240 2251 2397
f 2247 2402 2405
f 2252 2247 2405
f 2405 2254 2252
f 2406 2254 2405
f 2255 2408 2407
f 2256 2408 2255
f 2404 2249 2255
f 2407 2404 2255
f 2254 2406 2409
f 2258 2254 2409
f 2409 2260 2258
f 2410 2260 2409
f 2261 2412 2411
f 2262 2412 2261
f 2408 2256 2261
f 2411 2408 2261
f 2260 2410 2413
f 2264 2260 2413
f 2413 2266 2264
f 2414 2266 2413
f 2267 2416 2415
f 2268 2416 2267
f 2412 2262 2267
f 2415 2412 2267
f 2266 2414 2417
f 2270 2266 2417
f 2417 2272 2270
f 2418 2272 2417
f 2273 2420 2419
f 2274 2420 2273
f 2416 2268 2273
f 2419 2416 2273
f 2272 2418 2276
f 2418 2421 2276
f 2274 2277 2420
f 2420 2277 2422
f 2276 2421 2423
f 2278 2276 2423
f 2423 2280 2278
f 2424 2280 2423
f 2281 2282 2425
f 2281 2425 2426
f 2281 2426 2277
f 2277 2426 2422
f 2280 2424 2284
f 2424 2427 2284
f 2425 2429 2428
f 2425 2282 2429
f 2282 2285 2429
f 2426 2425 2428
f 2431 2286 2284
f 2431 2284 2430
f 2430 2284 2427
f 2286 2431 2288
f 2285 2289 2429
f 2429 2289 2432
f 2434 2431 2430
f 2433 2434 2430
f 2288 2434 2290
f 2431 2434 2288
f 2289 2291 2432
f 2432 2291 2435
f 2437 2434 2433
f 2436 2437 2433
f 2290 2437 2292
f 2434 2437 2290
f 2291 2294 2435
f 2435 2294 2438
f 2440 2437 2436
f 2439 2440 2436
f 2292 2440 2295
f 2437 2440 2292
f 2294 2297 2438
f 2438 2297 2441
f 2443 2440 2439
f 2442 2443 2439
f 2295 2443 2298
f 2440 2443 2295
f 2297 2300 2441
f 2441 2300 2444
f 2446 2443 2442
f 2445 2446 2442
f 2298 2446 2301
f 2443 2446 2298
f 2300 2303 2444
f 2444 2303 2447
f 2449 2446 2445
f 2448 2449 2445
f 2301 2449 2304
f 2446 2449 2301
f 2303 2305 2447
f 2447 2305 2450
f 2452 2449 2448
f 2451 2452 2448
f 2304 2452 2306
f 2449 2452 2304
f 2305 2307 2450
f 2450 2307 2453
f 2455 2452 2451
f 2454 2455 2451
f 2306 2455 2308
f 2452 2455 2306
f 2307 2309 2453
f 2453 2309 2456
f 2458 2455 2454
f 2457 2458 2454
f 2308 2458 2311
f 2455 2458 2308
f 2459 2312 2460
f 2459 2456 2312
f 2456 2309 2312
f 2459 2460 2461
f 2314 2458 2457
f 2314 2457 2315
f 2315 2457 2462
f 2311 2458 2314
f 2312 2316 2460
f 2460 2316 2317
f 2460 2317 2461
f 2461 2317 2463
f 2315 2462 2319
f 2462 2464 2319
f 2317 2320 2463
f 2463 2320 2465
f 2322 2466 2467
f 2323 2322 2467
f 2464 2322 2319
f 2466 2322 2464
f 2320 2468 2465
f 2324 2468 2320
f 2468 2324 2325
f 2469 2468 2325
f 2323 2467 2328
f 2467 2470 2328
f 2325 2471 2469
f 2329 2471 2325
f 2471 2329 2330
f 2472 2471 2330
f 2333 2473 2474
f 2334 2333 2474
f 2470 2333 2328
f 2473 2333 2470
f 2330 2475 2472
f 2335 2475 2330
f 2475 2335 2336
f 2476 2475 2336
f 2339 2477 2478
f 2340 2339 2478
f 2474 2339 2334
f 2477 2339 2474
f 2336 2479 2476
f 2341 2479 2336
f 2479 2341 2342
f 2480 2479 2342
f 2345 2481 2482
f 2346 2345 2482
f 2478 2345 2340
f 2481 2345 2478
f 2342 2483 2480
f 2347 2483 2342
f 2485 2484 2483
f 2485 2483 2348
f 2348 2483 2347
f 2348 2349 2485
f 2352 2486 2487
f 2353 2352 2487
f 2354 2488 2352
f 2352 2488 2486
f 2482 2354 2346
f 2488 2354 2482
f 2485 2489 2484
f 2349 2489 2485
f 2349 2355 2489
f 2355 2490 2489
f 2490 2355 2356
f 2491 2490 2356
f 2360 2492 2493
f 2361 2360 2493
f 2362 2494 2360
f 2360 2494 2492
f 2487 2362 2353
f 2494 2362 2487
f 2356 2495 2491
f 2363 2495 2356
f 2364 2496 2363
f 2363 2496 2495
f 2365 2497 2364
f 2364 2497 2496
f 2366 2498 2365
f 2365 2498 2497
f 2367 2499 2366
f 2366 2499 2498
f 2368 2500 2367
f 2367 2500 2499
f 2369 2501 2368
f 2368 2501 2500
f 2370 2502 2369
f 2369 2502 2501
f 2371 2503 2370
f 2370 2503 2502
f 2372 2504 2371
f 2371 2504 2503
f 2373 2505 2372
f 2372 2505 2504
f 2374 2506 2373
f 2373 2506 2505
f 2375 2507 2374
f 2374 2507 2506
f 2376 2508 2375
f 2375 2508 2507
f 2493 2376 2361
f 2508 2376 2493
f 2511 2510 2509
f 2511 2512 2513
f 2509 2512 2511
f 2513 2377 2378
f 2513 2512 2377
f 2512 2514 2377
f 2514 2379 2377
f 2515 2379 2514
f 2380 2517 2516
f 2381 2517 2380
f 2382 2380 2518
f 2380 2516 2518
f 2383 2382 2519
f 2382 2518 2519
f 2384 2383 2520
f 2383 2519 2520
f 2385 2384 2521
f 2384 2520 2521
f 2386 2385 2522
f 2385 2521 2522
f 2510 2511 2387
f 2510 2387 2522
f 2522 2387 2386
f 2388 2387 2511
f 2513 2388 2511
f 2378 2388 2513
f 2379 2515 2523
f 2389 2379 2523
f 2390 2389 2524
f 2389 2523 2524
f 2391 2390 2525
f 2390 2524 2525
f 2392 2391 2526
f 2391 2525 2526
f 2528 2526 2527
f 2528 2393 2526
f 2393 2392 2526
f 2393 2528 2394
f 2395 2396 2529
f 2531 2395 2529
f 2531 2530 2395
f 2530 2398 2395
f 2399 2398 2532
f 2398 2530 2532
f 2517 2381 2399
f 2532 2517 2399
f 2528 2527 2533
f 2394 2528 2533
f 2394 2533 2400
f 2400 2533 2534
f 2536 2534 2535
f 2536 2401 2534
f 2401 2400 2534
f 2401 2536 2402
f 2403 2538 2537
f 2404 2538 2403
f 2529 2396 2403
f 2529 2403 2539
f 2539 2403 2537
f 2531 2529 2539
f 2536 2535 2540
f 2402 2536 2540
f 2402 2540 2405
f 2405 2540 2541
f 2541 2406 2405
f 2542 2406 2541
f 2407 2544 2543
f 2408 2544 2407
f 2538 2404 2407
f 2543 2538 2407
f 2406 2542 2545
f 2409 2406 2545
f 2545 2410 2409
f 2546 2410 2545
f 2411 2548 2547
f 2412 2548 2411
f 2544 2408 2411
f 2547 2544 2411
f 2410 2546 2549
f 2413 2410 2549
f 2549 2414 2413
f 2550 2414 2549
f 2415 2416 2551
f 2415 2551 2552
f 2415 2552 2412
f 2412 2552 2548
f 2554 2417 2414
f 2554 2414 2553
f 2553 2414 2550
f 2417 2554 2418
f 2419 2420 2555
f 2419 2555 2557
f 2416 2419 2557
f 2416 2557 2556
f 2416 2556 2551
f 2552 2551 2556
f 2554 2553 2558
f 2558 2418 2554
f 2558 2559 2418
f 2559 2421 2418
f 2555 2422 2560
f 2420 2422 2555
f 2561 2557 2555
f 2560 2561 2555
f 2563 2423 2421
f 2563 2421 2562
f 2562 2421 2559
f 2423 2563 2424
f 2560 2565 2564
f 2560 2422 2565
f 2422 2426 2565
f 2561 2560 2564
f 2567 2563 2562
f 2566 2567 2562
f 2424 2567 2427
f 2563 2567 2424
f 2428 2429 2568
f 2428 2568 2569
f 2428 2569 2426
f 2426 2569 2565
f 2567 2566 2570
f 2570 2427 2567
f 2570 2571 2427
f 2571 2430 2427
f 2568 2432 2572
f 2429 2432 2568
f 2573 2569 2568
f 2572 2573 2568
f 2430 2571 2433
f 2571 2574 2433
f 2572 2435 2575
f 2432 2435 2572
f 2576 2573 2572
f 2575 2576 2572
f 2579 2577 2578
f 2579 2574 2577
f 2579 2436 2574
f 2436 2433 2574
f 2575 2438 2580
f 2435 2438 2575
f 2581 2576 2575
f 2580 2581 2575
f 2583 2579 2578
f 2582 2583 2578
f 2436 2583 2439
f 2579 2583 2436
f 2580 2441 2584
f 2438 2441 2580
f 2585 2581 2580
f 2584 2585 2580
f 2587 2583 2582
f 2586 2587 2582
f 2439 2587 2442
f 2583 2587 2439
f 2584 2444 2588
f 2441 2444 2584
f 2589 2585 2584
f 2588 2589 2584
f 2591 2587 2586
f 2590 2591 2586
f 2442 2591 2445
f 2587 2591 2442
f 2588 2447 2592
f 2444 2447 2588
f 2593 2589 2588
f 2592 2593 2588
f 2595 2591 2590
f 2594 2595 2590
f 2445 2595 2448
f 2591 2595 2445
f 2592 2450 2596
f 2447 2450 2592
f 2597 2593 2592
f 2596 2597 2592
f 2599 2595 2594
f 2598 2599 2594
f 2448 2599 2451
f 2595 2599 2448
f 2596 2453 2600
f 2450 2453 2596
f 2601 2597 2596
f 2600 2601 2596
f 2599 2598 2602
f 2602 2451 2599
f 2602 2603 2451
f 2603 2454 2451
f 2600 2456 2604
f 2453 2456 2600
f 2605 2601 2600
f 2604 2605 2600
f 2454 2603 2457
f 2603 2606 2457
f 2456 2459 2604
f 2604 2459 2461
f 2604 2461 2605
f 2605 2461 2607
f 2610 2608 2609
f 2610 2606 2608
f 2610 2462 2606
f 2462 2457 2606
f 2611 2463 2612
f 2611 2607 2463
f 2607 2461 2463
f 2611 2612 2613
f 2615 2610 2609
f 2614 2615 2609
f 2462 2615 2464
f 2610 2615 2462
f 2612 2465 2616
f 2463 2465 2612
f 2617 2613 2612
f 2616 2617 2612
f 2466 2615 2614
f 2466 2614 2467
f 2467 2614 2618
f 2464 2615 2466
f 2465 2468 2616
f 2616 2468 2469
f 2616 2469 2617
f 2617 2469 2619
f 2622 2620 2621
f 2622 2618 2620
f 2622 2470 2618
f 2470 2467 2618
f 2469 2623 2619
f 2471 2623 2469
f 2623 2471 2472
f 2624 2623 2472
f 2627 2625 2626
f 2621 2625 2627
f 2622 2621 2627
f 2622 2627 2474
f 2622 2474 2473
f 2470 2622 2473
f 2472 2628 2624
f 2475 2628 2472
f 2628 2475 2476
f 2629 2628 2476
f 2477 2627 2626
f 2477 2626 2478
f 2478 2626 2630
f 2474 2627 2477
f 2476 2631 2629
f 2479 2631 2476
f 2631 2479 2480
f 2632 2631 2480
f 2635 2633 2634
f 2635 2482 2481
f 2635 2481 2633
f 2633 2481 2636
f 2630 2481 2478
f 2636 2481 2630
f 2480 2637 2632
f 2483 2637 2480
f 2484 2639 2638
f 2484 2638 2483
f 2483 2638 2637
f 2638 2639 2640
f 2486 2641 2642
f 2487 2486 2642
f 2634 2488 2635
f 2634 2641 2488
f 2641 2486 2488
f 2482 2635 2488
f 2484 2489 2639
f 2639 2643 2640
f 2639 2489 2643
f 2489 2490 2643
f 2491 2645 2644
f 2491 2644 2490
f 2490 2644 2643
f 2644 2645 2646
f 2492 2647 2648
f 2493 2492 2648
f 2494 2649 2492
f 2492 2649 2647
f 2642 2494 2487
f 2649 2494 2642
f 2491 2495 2645
f 2645 2650 2646
f 2645 2495 2650
f 2495 2496 2650
f 2497 2651 2496
f 2496 2651 2650
f 2498 2652 2497
f 2497 2652 2651
f 2499 2653 2498
f 2498 2653 2652
f 2500 2654 2499
f 2499 2654 2653
f 2501 2655 2500
f 2500 2655 2654
f 2657 2656 2655
f 2657 2655 2502
f 2502 2655 2501
f 2659 2657 2502
f 2659 2502 2658
f 2658 2502 2503
f 2504 2660 2503
f 2503 2660 2658
f 2505 2661 2504
f 2504 2661 2660
f 2506 2662 2505
f 2505 2662 2661
f 2507 2663 2506
f 2506 2663 2662
f 2508 2664 2507
f 2507 2664 2663
f 2648 2508 2493
f 2664 2508 2648
f 2657 2665 2656
f 2659 2665 2657
f 2668 2667 2666
f 2668 2509 2510
f 2668 2666 2509
f 2666 2669 2509
f 2512 2509 2670
f 2509 2669 2670
f 2514 2512 2671
f 2512 2670 2671
f 2671 2515 2514
f 2672 2515 2671
f 2516 2517 2673
f 2675 2516 2673
f 2675 2674 2516
f 2674 2518 2516
f 2519 2518 2676
f 2518 2674 2676
f 2520 2519 2677
f 2519 2676 2677
f 2521 2520 2678
f 2520 2677 2678
f 2667 2668 2522
f 2667 2522 2678
f 2678 2522 2521
f 2510 2522 2668
f 2515 2672 2679
f 2523 2515 2679
f 2524 2523 2680
f 2523 2679 2680
f 2525 2524 2681
f 2524 2680 2681
f 2683 2681 2682
f 2683 2526 2681
f 2526 2525 2681
f 2526 2683 2527
f 2530 2531 2684
f 2686 2530 2684
f 2686 2685 2530
f 2685 2532 2530
f 2673 2517 2532
f 2673 2532 2687
f 2687 2532 2685
f 2675 2673 2687
f 2683 2682 2688
f 2527 2683 2688
f 2527 2688 2533
f 2533 2688 2689
f 2691 2689 2690
f 2691 2534 2689
f 2534 2533 2689
f 2534 2691 2535
f 2537 2538 2692
f 2694 2537 2692
f 2694 2693 2537
f 2693 2539 2537
f 2684 2531 2539
f 2684 2539 2695
f 2695 2539 2693
f 2686 2684 2695
f 2691 2690 2696
f 2535 2691 2696
f 2535 2696 2540
f 2540 2696 2697
f 2699 2697 2698
f 2699 2541 2697
f 2541 2540 2697
f 2541 2699 2542
f 2543 2544 2700
f 2543 2700 2702
f 2538 2543 2702
f 2538 2702 2701
f 2538 2701 2692
f 2694 2692 2701
f 2699 2698 2703
f 2705 2703 2704
f 2545 2703 2705
f 2545 2699 2703
f 2545 2542 2699
f 2545 2705 2546
f 2547 2548 2706
f 2547 2706 2708
f 2544 2547 2708
f 2544 2708 2707
f 2544 2707 2700
f 2702 2700 2707
f 2705 2704 2709
f 2711 2709 2710
f 2549 2709 2711
f 2549 2705 2709
f 2549 2546 2705
f 2549 2711 2550
f 2706 2713 2712
f 2706 2548 2713
f 2548 2552 2713
f 2708 2706 2712
f 2715 2711 2710
f 2714 2715 2710
f 2550 2715 2553
f 2711 2715 2550
f 2556 2557 2716
f 2556 2716 2717
f 2556 2717 2552
f 2552 2717 2713
f 2715 2714 2718
f 2720 2718 2719
f 2558 2718 2720
f 2558 2715 2718
f 2558 2553 2715
f 2558 2720 2559
f 2716 2722 2721
f 2716 2557 2722
f 2557 2561 2722
f 2717 2716 2721
f 2724 2720 2719
f 2723 2724 2719
f 2559 2724 2562
f 2720 2724 2559
f 2564 2565 2725
f 2564 2725 2726
f 2564 2726 2561
f 2561 2726 2722
f 2724 2723 2727
f 2727 2562 2724
f 2727 2728 2562
f 2728 2566 2562
f 2725 2569 2729
f 2565 2569 2725
f 2730 2726 2725
f 2729 2730 2725
f 2732 2570 2566
f 2732 2566 2731
f 2731 2566 2728
f 2570 2732 2571
f 2729 2573 2733
f 2569 2573 2729
f 2734 2730 2729
f 2733 2734 2729
f 2736 2732 2731
f 2735 2736 2731
f 2571 2736 2574
f 2732 2736 2571
f 2733 2576 2737
f 2573 2576 2733
f 2738 2734 2733
f 2737 2738 2733
f 2577 2736 2735
f 2577 2735 2578
f 2578 2735 2739
f 2574 2736 2577
f 2737 2581 2740
f 2576 2581 2737
f 2741 2738 2737
f 2740 2741 2737
f 2578 2739 2582
f 2739 2742 2582
f 2740 2585 2743
f 2581 2585 2740
f 2744 2741 2740
f 2743 2744 2740
f 2582 2742 2586
f 2742 2745 2586
f 2743 2589 2746
f 2585 2589 2743
f 2747 2744 2743
f 2746 2747 2743
f 2586 2745 2590
f 2745 2748 2590
f 2746 2593 2749
f 2589 2593 2746
f 2750 2747 2746
f 2749 2750 2746
f 2590 2748 2594
f 2748 2751 2594
f 2749 2597 2752
f 2593 2597 2749
f 2753 2750 2749
f 2752 2753 2749
f 2594 2751 2598
f 2751 2754 2598
f 2752 2601 2755
f 2597 2601 2752
f 2756 2753 2752
f 2755 2756 2752
f 2758 2602 2598
f 2758 2598 2757
f 2757 2598 2754
f 2602 2758 2603
f 2755 2605 2759
f 2601 2605 2755
f 2760 2756 2755
f 2759 2760 2755
f 2762 2758 2757
f 2761 2762 2757
f 2603 2762 2606
f 2758 2762 2603
f 2759 2607 2763
f 2605 2607 2759
f 2764 2760 2759
f 2763 2764 2759
f 2608 2762 2761
f 2608 2761 2609
f 2609 2761 2765
f 2606 2762 2608
f 2607 2611 2763
f 2763 2611 2613
f 2763 2613 2764
f 2764 2613 2766
f 2769 2767 2768
f 2769 2765 2767
f 2769 2614 2765
f 2614 2609 2765
f 2770 2617 2771
f 2770 2766 2617
f 2766 2613 2617
f 2770 2771 2772
f 2774 2769 2768
f 2773 2774 2768
f 2614 2774 2618
f 2769 2774 2614
f 2771 2619 2775
f 2617 2619 2771
f 2776 2772 2771
f 2775 2776 2771
f 2779 2777 2778
f 2773 2777 2779
f 2774 2773 2779
f 2774 2779 2621
f 2774 2621 2620
f 2618 2774 2620
f 2619 2623 2775
f 2624 2781 2780
f 2623 2624 2780
f 2623 2780 2776
f 2623 2776 2775
f 2780 2781 2782
f 2625 2779 2778
f 2625 2778 2626
f 2626 2778 2783
f 2621 2779 2625
f 2624 2628 2781
f 2629 2785 2784
f 2628 2629 2784
f 2628 2784 2782
f 2628 2782 2781
f 2784 2785 2786
f 2789 2787 2788
f 2789 2783 2787
f 2789 2630 2783
f 2630 2626 2783
f 2629 2631 2785
f 2632 2791 2790
f 2631 2632 2790
f 2631 2790 2786
f 2631 2786 2785
f 2790 2791 2792
f 2633 2793 2794
f 2634 2633 2794
f 2788 2636 2789
f 2788 2793 2636
f 2793 2633 2636
f 2630 2789 2636
f 2632 2637 2791
f 2791 2795 2792
f 2791 2637 2795
f 2637 2638 2795
f 2640 2797 2796
f 2640 2796 2638
f 2638 2796 2795
f 2796 2797 2798
f 2801 2799 2800
f 2801 2642 2641
f 2801 2641 2799
f 2799 2641 2802
f 2794 2641 2634
f 2802 2641 2794
f 2640 2643 2797
f 2797 2803 2798
f 2797 2643 2803
f 2643 2644 2803
f 2646 2805 2804
f 2646 2804 2644
f 2644 2804 2803
f 2804 2805 2806
f 2809 2807 2808
f 2809 2648 2647
f 2809 2647 2807
f 2807 2647 2810
f 2800 2649 2801
f 2800 2810 2649
f 2810 2647 2649
f 2642 2801 2649
f 2646 2650 2805
f 2805 2811 2806
f 2805 2650 2811
f 2650 2651 2811
f 2652 2812 2651
f 2651 2812 2811
f 2653 2813 2652
f 2652 2813 2812
f 2654 2814 2653
f 2653 2814 2813
f 2816 2815 2814
f 2816 2814 2655
f 2655 2814 2654
f 2655 2656 2816
f 2658 2817 2659
f 2819 2817 2658
f 2819 2658 2818
f 2818 2658 2660
f 2661 2820 2660
f 2660 2820 2818
f 2662 2821 2661
f 2661 2821 2820
f 2663 2822 2662
f 2662 2822 2821
f 2808 2664 2809
f 2808 2822 2664
f 2822 2663 2664
f 2648 2809 2664
f 2816 2823 2815
f 2656 2823 2816
f 2656 2665 2823
f 2665 2824 2823
f 2817 2665 2659
f 2817 2825 2665
f 2825 2824 2665
f 2819 2825 2817
f 2666 2827 2826
f 2667 2827 2666
f 2669 2666 2828
f 2666 2826 2828
f 2670 2669 2829
f 2669 2828 2829
f 2671 2670 2830
f 2670 2829 2830
f 2830 2672 2671
f 2831 2672 2830
f 2674 2833 2832
f 2675 2833 2674
f 2676 2674 2834
f 2674 2832 2834
f 2677 2676 2835
f 2676 2834 2835
f 2678 2677 2836
f 2677 2835 2836
f 2827 2667 2678
f 2836 2827 2678
f 2672 2831 2837
f 2679 2672 2837
f 2680 2679 2838
f 2679 2837 2838
f 2681 2680 2839
f 2680 2838 2839
f 2839 2682 2681
f 2840 2682 2839
f 2685 2842 2841
f 2686 2842 2685
f 2687 2685 2843
f 2685 2841 2843
f 2833 2675 2687
f 2843 2833 2687
f 2682 2840 2844
f 2688 2682 2844
f 2689 2688 2845
f 2688 2844 2845
f 2845 2690 2689
f 2846 2690 2845
f 2693 2694 2847
f 2849 2693 2847
f 2849 2848 2693
f 2848 2695 2693
f 2842 2686 2695
f 2848 2842 2695
f 2690 2846 2850
f 2696 2690 2850
f 2852 2850 2851
f 2852 2697 2850
f 2697 2696 2850
f 2697 2852 2698
f 2701 2702 2853
f 2701 2853 2855
f 2694 2701 2855
f 2694 2855 2854
f 2694 2854 2847
f 2849 2847 2854
f 2852 2851 2856
f 2858 2856 2857
f 2703 2856 2858
f 2703 2852 2856
f 2703 2698 2852
f 2703 2858 2704
f 2707 2708 2859
f 2707 2859 2861
f 2702 2707 2861
f 2702 2861 2860
f 2702 2860 2853
f 2855 2853 2860
f 2858 2857 2862
f 2864 2862 2863
f 2709 2862 2864
f 2709 2858 2862
f 2709 2704 2858
f 2709 2864 2710
f 2712 2713 2865
f 2712 2865 2867
f 2708 2712 2867
f 2708 2867 2866
f 2708 2866 2859
f 2861 2859 2866
f 2864 2863 2868
f 2868 2710 2864
f 2868 2869 2710
f 2869 2714 2710
f 2865 2717 2870
f 2713 2717 2865
f 2871 2867 2865
f 2870 2871 2865
f 2873 2718 2714
f 2873 2714 2872
f 2872 2714 2869
f 2718 2873 2719
f 2721 2722 2874
f 2721 2874 2876
f 2717 2721 2876
f 2717 2876 2875
f 2717 2875 2870
f 2871 2870 2875
f 2878 2873 2872
f 2877 2878 2872
f 2719 2878 2723
f 2873 2878 2719
f 2874 2726 2879
f 2722 2726 2874
f 2880 2876 2874
f 2879 2880 2874
f 2878 2877 2881
f 2883 2881 2882
f 2727 2881 2883
f 2727 2878 2881
f 2727 2723 2878
f 2727 2883 2728
f 2879 2885 2884
f 2879 2726 2885
f 2726 2730 2885
f 2880 2879 2884
f 2887 2883 2882
f 2886 2887 2882
f 2728 2887 2731
f 2883 2887 2728
f 2730 2734 2885
f 2885 2734 2888
f 2890 2887 2886
f 2889 2890 2886
f 2731 2890 2735
f 2887 2890 2731
f 2734 2738 2888
f 2888 2738 2891
f 2893 2890 2889
f 2892 2893 2889
f 2735 2893 2739
f 2890 2893 2735
f 2738 2741 2891
f 2891 2741 2894
f 2896 2893 2892
f 2895 2896 2892
f 2739 2896 2742
f 2893 2896 2739
f 2741 2744 2894
f 2894 2744 2897
f 2899 2896 2895
f 2898 2899 2895
f 2742 2899 2745
f 2896 2899 2742
f 2744 2747 2897
f 2897 2747 2900
f 2902 2899 2898
f 2901 2902 2898
f 2745 2902 2748
f 2899 2902 2745
f 2747 2750 2900
f 2900 2750 2903
f 2905 2902 2901
f 2904 2905 2901
f 2748 2905 2751
f 2902 2905 2748
f 2750 2753 2903
f 2903 2753 2906
f 2908 2905 2904
f 2907 2908 2904
f 2751 2908 2754
f 2905 2908 2751
f 2753 2756 2906
f 2906 2756 2909
f 2911 2908 2907
f 2910 2911 2907
f 2754 2911 2757
f 2908 2911 2754
f 2756 2760 2909
f 2909 2760 2912
f 2914 2911 2910
f 2913 2914 2910
f 2757 2914 2761
f 2911 2914 2757
f 2915 2764 2916
f 2915 2912 2764
f 2912 2760 2764
f 2915 2916 2917
f 2919 2914 2913
f 2918 2919 2913
f 2761 2919 2765
f 2914 2919 2761
f 2916 2766 2920
f 2764 2766 2916
f 2921 2917 2916
f 2920 2921 2916
f 2924 2922 2923
f 2918 2922 2924
f 2919 2918 2924
f 2919 2924 2768
f 2919 2768 2767
f 2765 2919 2767
f 2766 2770 2920
f 2920 2770 2772
f 2920 2772 2921
f 2921 2772 2925
f 2927 2924 2923
f 2926 2927 2923
f 2768 2927 2773
f 2924 2927 2768
f 2928 2776 2929
f 2928 2925 2776
f 2925 2772 2776
f 2928 2929 2930
f 2933 2931 2932
f 2926 2931 2933
f 2927 2926 2933
f 2927 2933 2778
f 2927 2778 2777
f 2773 2927 2777
f 2776 2780 2929
f 2782 2935 2934
f 2780 2782 2934
f 2780 2934 2930
f 2780 2930 2929
f 2934 2935 2936
f 2938 2933 2932
f 2937 2938 2932
f 2778 2938 2783
f 2933 2938 2778
f 2782 2784 2935
f 2786 2940 2939
f 2784 2786 2939
f 2784 2939 2936
f 2784 2936 2935
f 2939 2940 2941
f 2944 2942 2943
f 2937 2942 2944
f 2938 2937 2944
f 2938 2944 2788
f 2938 2788 2787
f 2783 2938 2787
f 2786 2790 2940
f 2792 2946 2945
f 2790 2792 2945
f 2790 2945 2941
f 2790 2941 2940
f 2945 2946 2947
f 2950 2948 2949
f 2943 2948 2950
f 2944 2943 2950
f 2944 2950 2794
f 2944 2794 2793
f 2788 2944 2793
f 2792 2795 2946
f 2946 2951 2947
f 2946 2795 2951
f 2795 2796 2951
f 2951 2796 2798
f 2952 2951 2798
f 2955 2953 2954
f 2955 2800 2799
f 2955 2799 2953
f 2953 2799 2956
f 2949 2802 2950
f 2949 2956 2802
f 2956 2799 2802
f 2794 2950 2802
f 2798 2957 2952
f 2803 2957 2798
f 2804 2958 2803
f 2803 2958 2957
f 2958 2804 2806
f 2959 2958 2806
f 2807 2960 2961
f 2808 2807 2961
f 2954 2810 2955
f 2954 2960 2810
f 2960 2807 2810
f 2800 2955 2810
f 2806 2962 2959
f 2811 2962 2806
f 2812 2963 2811
f 2811 2963 2962
f 2813 2964 2812
f 2812 2964 2963
f 2966 2965 2964
f 2966 2964 2814
f 2814 2964 2813
f 2814 2815 2966
f 2818 2967 2968
f 2819 2818 2968
f 2820 2969 2818
f 2818 2969 2967
f 2821 2970 2820
f 2820 2970 2969
f 2822 2971 2821
f 2821 2971 2970
f 2961 2822 2808
f 2971 2822 2961
f 2966 2972 2965
f 2815 2972 2966
f 2815 2823 2972
f 2823 2973 2972
f 2824 2974 2823
f 2823 2974 2973
f 2825 2975 2824
f 2824 2975 2974
f 2968 2825 2819
f 2975 2825 2968
f 2978 2977 2976
f 2978 2826 2827
f 2978 2976 2826
f 2976 2979 2826
f 2828 2826 2980
f 2826 2979 2980
f 2829 2828 2981
f 2828 2980 2981
f 2830 2829 2982
f 2829 2981 2982
f 2982 2831 2830
f 2983 2831 2982
f 2832 2985 2984
f 2833 2985 2832
f 2834 2832 2986
f 2832 2984 2986
f 2835 2834 2987
f 2834 2986 2987
f 2977 2978 2836
f 2977 2836 2987
f 2987 2836 2835
f 2827 2836 2978
f 2831 2983 2988
f 2837 2831 2988
f 2838 2837 2989
f 2837 2988 2989
f 2839 2838 2990
f 2838 2989 2990
f 2990 2840 2839
f 2991 2840 2990
f 2841 2842 2992
f 2994 2841 2992
f 2994 2993 2841
f 2993 2843 2841
f 2985 2833 2843
f 2993 2985 2843
f 2840 2991 2995
f 2844 2840 2995
f 2997 2995 2996
f 2997 2845 2995
f 2845 2844 2995
f 2845 2997 2846
f 2848 2999 2998
f 2849 2999 2848
f 2992 2842 2848
f 2992 2848 3000
f 3000 2848 2998
f 2994 2992 3000
f 2997 2996 3001
f 3003 3001 3002
f 2850 3001 3003
f 2850 2997 3001
f 2850 2846 2997
f 2850 3003 2851
f 2854 3005 3004
f 2855 3005 2854
f 2999 2849 2854
f 3004 2999 2854
f 3003 3002 3006
f 3008 3006 3007
f 2856 3006 3008
f 2856 3003 3006
f 2856 2851 3003
f 2856 3008 2857
f 2860 3010 3009
f 2861 3010 2860
f 3005 2855 2860
f 3009 3005 2860
f 3008 3007 3011
f 3013 3011 3012
f 2862 3011 3013
f 2862 3008 3011
f 2862 2857 3008
f 2862 3013 2863
f 2866 2867 3014
f 2866 3014 3015
f 2866 3015 2861
f 2861 3015 3010
f 3013 3012 3016
f 3018 3016 3017
f 2868 3016 3018
f 2868 3013 3016
f 2868 2863 3013
f 2868 3018 2869
f 3014 3020 3019
f 3014 2867 3020
f 2867 2871 3020
f 3015 3014 3019
f 3022 3018 3017
f 3021 3022 3017
f 2869 3022 2872
f 3018 3022 2869
f 2875 2876 3023
f 2875 3023 3024
f 2875 3024 2871
f 2871 3024 3020
f 3022 3021 3025
f 3025 2872 3022
f 3025 3026 2872
f 3026 2877 2872
f 3023 3028 3027
f 3023 2876 3028
f 2876 2880 3028
f 3024 3023 3027
f 3030 2881 2877
f 3030 2877 3029
f 3029 2877 3026
f 2881 3030 2882
f 2884 2885 3031
f 2884 3031 3032
f 2884 3032 2880
f 2880 3032 3028
f 3034 3030 3029
f 3033 3034 3029
f 2882 3034 2886
f 3030 3034 2882
f 3031 2888 3035
f 2885 2888 3031
f 3036 3032 3031
f 3035 3036 3031
f 3038 3034 3033
f 3037 3038 3033
f 2886 3038 2889
f 3034 3038 2886
f 3035 2891 3039
f 2888 2891 3035
f 3040 3036 3035
f 3039 3040 3035
f 3042 3038 3037
f 3041 3042 3037
f 2889 3042 2892
f 3038 3042 2889
f 3039 2894 3043
f 2891 2894 3039
f 3044 3040 3039
f 3043 3044 3039
f 3046 3042 3041
f 3045 3046 3041
f 2892 3046 2895
f 3042 3046 2892
f 3043 2897 3047
f 2894 2897 3043
f 3048 3044 3043
f 3047 3048 3043
f 3050 3046 3045
f 3049 3050 3045
f 2895 3050 2898
f 3046 3050 2895
f 3047 2900 3051
f 2897 2900 3047
f 3052 3048 3047
f 3051 3052 3047
f 3054 3050 3049
f 3053 3054 3049
f 2898 3054 2901
f 3050 3054 2898
f 3051 2903 3055
f 2900 2903 3051
f 3056 3052 3051
f 3055 3056 3051
f 3058 3054 3053
f 3057 3058 3053
f 2901 3058 2904
f 3054 3058 2901
f 3055 2906 3059
f 2903 2906 3055
f 3060 3056 3055
f 3059 3060 3055
f 3062 3058 3057
f 3061 3062 3057
f 2904 3062 2907
f 3058 3062 2904
f 3059 2909 3063
f 2906 2909 3059
f 3064 3060 3059
f 3063 3064 3059
f 3066 3062 3061
f 3065 3066 3061
f 2907 3066 2910
f 3062 3066 2907
f 3063 2912 3067
f 2909 2912 3063
f 3068 3064 3063
f 3067 3068 3063
f 3070 3066 3065
f 3069 3070 3065
f 2910 3070 2913
f 3066 3070 2910
f 2912 2915 3067
f 3067 2915 2917
f 3067 2917 3068
f 3068 2917 3071
f 3073 3070 3069
f 3072 3073 3069
f 2913 3073 2918
f 3070 3073 2913
f 3074 2921 3075
f 3074 3071 2921
f 3071 2917 2921
f 3074 3075 3076
f 2922 3073 3072
f 2922 3072 2923
f 2923 3072 3077
f 2918 3073 2922
f 3075 2925 3078
f 2921 2925 3075
f 3079 3076 3075
f 3078 3079 3075
f 3082 3080 3081
f 3082 3077 3080
f 3082 2926 3077
f 2926 2923 3077
f 2925 2928 3078
f 2930 3084 3083
f 2928 2930 3083
f 2928 3083 3079
f 2928 3079 3078
f 3083 3084 3085
f 2931 3082 3081
f 2931 3081 2932
f 2932 3081 3086
f 2926 3082 2931
f 2930 2934 3084
f 3084 2934 2936
f 3084 2936 3085
f 3085 2936 3087
f 3090 3088 3089
f 3090 3086 3088
f 3090 2937 3086
f 2937 2932 3086
f 2936 3091 3087
f 2939 3091 2936
f 3091 2939 2941
f 3092 3091 2941
f 3095 3093 3094
f 3089 3093 3095
f 3090 3089 3095
f 3090 3095 2943
f 3090 2943 2942
f 2937 3090 2942
f 2941 3096 3092
f 2945 3096 2941
f 3096 2945 2947
f 3097 3096 2947
f 3100 3098 3099
f 3094 3098 3100
f 3095 3094 3100
f 3095 3100 2949
f 3095 2949 2948
f 2943 3095 2948
f 2947 3101 3097
f 2951 3101 2947
f 3101 2951 2952
f 3102 3101 2952
f 2953 3103 3104
f 2954 2953 3104
f 3099 2956 3100
f 3099 3103 2956
f 3103 2953 2956
f 2949 3100 2956
f 2952 3105 3102
f 2957 3105 2952
f 2958 3106 2957
f 2957 3106 3105
f 3106 2958 2959
f 3107 3106 2959
f 3110 3108 3109
f 3110 2961 2960
f 3110 2960 3108
f 3108 2960 3111
f 3104 2960 2954
f 3111 2960 3104
f 2959 3112 3107
f 2962 3112 2959
f 2963 3113 2962
f 2962 3113 3112
f 2964 3114 2963
f 2963 3114 3113
f 3114 2964 2965
f 3115 3114 2965
f 2967 3116 2968
f 3118 3116 2967
f 3118 2967 3117
f 3117 2967 2969
f 2970 3119 2969
f 2969 3119 3117
f 3109 2971 3110
f 3109 3119 2971
f 3119 2970 2971
f 2961 3110 2971
f 2965 3120 3115
f 2972 3120 2965
f 2973 3121 2972
f 2972 3121 3120
f 2974 3122 2973
f 2973 3122 3121
f 2975 3123 2974
f 2974 3123 3122
f 3116 2975 2968
f 3116 3124 2975
f 3124 3123 2975
f 3118 3124 3116
f 2976 3126 3125
f 2977 3126 2976
f 2979 2976 3127
f 2976 3125 3127
f 2980 2979 3128
f 2979 3127 3128
f 2981 2980 3129
f 2980 3128 3129
f 2982 2981 3130
f 2981 3129 3130
f 3130 2983 2982
f 3131 2983 3130
f 2984 3133 3132
f 2985 3133 2984
f 2986 2984 3134
f 2984 3132 3134
f 2987 2986 3135
f 2986 3134 3135
f 3126 2977 2987
f 3135 3126 2987
f 2983 3131 3136
f 2988 2983 3136
f 2989 2988 3137
f 2988 3136 3137
f 3139 3137 3138
f 3139 2990 3137
f 2990 2989 3137
f 2990 3139 2991
f 2993 3141 3140
f 2994 3141 2993
f 3133 2985 2993
f 3140 3133 2993
f 3139 3138 3142
f 2991 3139 3142
f 2991 3142 2995
f 2995 3142 3143
f 3143 2996 2995
f 3144 2996 3143
f 2998 2999 3145
f 3147 2998 3145
f 3147 3146 2998
f 3146 3000 2998
f 3141 2994 3000
f 3146 3141 3000
f 2996 3144 3148
f 3001 2996 3148
f 3148 3002 3001
f 3149 3002 3148
f 3004 3005 3150
f 3004 3150 3152
f 2999 3004 3152
f 2999 3152 3151
f 2999 3151 3145
f 3147 3145 3151
f 3002 3149 3153
f 3006 3002 3153
f 3153 3007 3006
f 3154 3007 3153
f 3009 3010 3155
f 3009 3155 3157
f 3005 3009 3157
f 3005 3157 3156
f 3005 3156 3150
f 3152 3150 3156
f 3007 3154 3158
f 3011 3007 3158
f 3158 3012 3011
f 3159 3012 3158
f 3155 3161 3160
f 3155 3010 3161
f 3010 3015 3161
f 3157 3155 3160
f 3163 3016 3012
f 3163 3012 3162
f 3162 3012 3159
f 3016 3163 3017
f 3019 3020 3164
f 3019 3164 3165
f 3019 3165 3015
f 3015 3165 3161
f 3163 3162 3166
f 3166 3017 3163
f 3166 3167 3017
f 3167 3021 3017
f 3164 3169 3168
f 3164 3020 3169
f 3020 3024 3169
f 3165 3164 3168
f 3171 3025 3021
f 3171 3021 3170
f 3170 3021 3167
f 3025 3171 3026
f 3027 3028 3172
f 3027 3172 3173
f 3027 3173 3024
f 3024 3173 3169
f 3175 3171 3170
f 3174 3175 3170
f 3026 3175 3029
f 3171 3175 3026
f 3172 3032 3176
f 3028 3032 3172
f 3177 3173 3172
f 3176 3177 3172
f 3175 3174 3178
f 3178 3029 3175
f 3178 3179 3029
f 3179 3033 3029
f 3176 3036 3180
f 3032 3036 3176
f 3181 3177 3176
f 3180 3181 3176
f 3033 3179 3037
f 3179 3182 3037
f 3180 3184 3183
f 3180 3036 3184
f 3036 3040 3184
f 3181 3180 3183
f 3037 3182 3041
f 3182 3185 3041
f 3040 3044 3184
f 3184 3044 3186
f 3041 3185 3045
f 3185 3187 3045
f 3044 3048 3186
f 3186 3048 3188
f 3045 3187 3049
f 3187 3189 3049
f 3048 3052 3188
f 3188 3052 3190
f 3049 3189 3053
f 3189 3191 3053
f 3052 3056 3190
f 3190 3056 3192
f 3053 3191 3057
f 3191 3193 3057
f 3056 3060 3192
f 3192 3060 3194
f 3057 3193 3061
f 3193 3195 3061
f 3196 3064 3197
f 3196 3194 3064
f 3194 3060 3064
f 3196 3197 3198
f 3061 3195 3065
f 3195 3199 3065
f 3197 3068 3200
f 3064 3068 3197
f 3201 3198 3197
f 3200 3201 3197
f 3065 3199 3069
f 3199 3202 3069
f 3200 3071 3203
f 3068 3071 3200
f 3204 3201 3200
f 3203 3204 3200
f 3207 3205 3206
f 3207 3202 3205
f 3207 3072 3202
f 3072 3069 3202
f 3071 3074 3203
f 3203 3074 3076
f 3203 3076 3204
f 3204 3076 3208
f 3210 3207 3206
f 3209 3210 3206
f 3072 3210 3077
f 3207 3210 3072
f 3211 3079 3212
f 3211 3208 3079
f 3208 3076 3079
f 3211 3212 3213
f 3080 3210 3209
f 3080 3209 3081
f 3081 3209 3214
f 3077 3210 3080
f 3079 3083 3212
f 3212 3083 3085
f 3212 3085 3213
f 3213 3085 3215
f 3218 3216 3217
f 3218 3214 3216
f 3218 3086 3214
f 3086 3081 3214
f 3219 3087 3220
f 3219 3215 3087
f 3215 3085 3087
f 3219 3220 3221
f 3088 3218 3217
f 3088 3217 3089
f 3089 3217 3222
f 3086 3218 3088
f 3087 3091 3220
f 3220 3091 3092
f 3220 3092 3221
f 3221 3092 3223
f 3093 3224 3225
f 3094 3093 3225
f 3222 3093 3089
f 3224 3093 3222
f 3092 3226 3223
f 3096 3226 3092
f 3226 3096 3097
f 3227 3226 3097
f 3098 3228 3229
f 3099 3098 3229
f 3225 3098 3094
f 3228 3098 3225
f 3097 3230 3227
f 3101 3230 3097
f 3102 3232 3231
f 3102 3231 3101
f 3101 3231 3230
f 3231 3232 3233
f 3103 3234 3235
f 3104 3103 3235
f 3229 3103 3099
f 3234 3103 3229
f 3102 3105 3232
f 3232 3236 3233
f 3232 3105 3236
f 3105 3106 3236
f 3236 3106 3107
f 3237 3236 3107
f 3108 3238 3239
f 3109 3108 3239
f 3111 3240 3108
f 3108 3240 3238
f 3235 3111 3104
f 3240 3111 3235
f 3107 3241 3237
f 3112 3241 3107
f 3113 3242 3112
f 3112 3242 3241
f 3114 3243 3113
f 3113 3243 3242
f 3243 3114 3115
f 3244 3243 3115
f 3117 3245 3246
f 3118 3117 3246
f 3119 3247 3117
f 3117 3247 3245
f 3239 3119 3109
f 3247 3119 3239
f 3115 3248 3244
f 3120 3248 3115
f 3121 3249 3120
f 3120 3249 3248
f 3122 3250 3121
f 3121 3250 3249
f 3123 3251 3122
f 3122 3251 3250
f 3124 3252 3123
f 3123 3252 3251
f 3246 3124 3118
f 3252 3124 3246
f 3125 3254 3253
f 3126 3254 3125
f 3127 3125 3255
f 3125 3253 3255
f 3128 3127 3256
f 3127 3255 3256
f 3129 3128 3257
f 3128 3256 3257
f 3130 3129 3258
f 3129 3257 3258
f 3258 3131 3130
f 3259 3131 3258
f 3132 3261 3260
f 3133 3261 3132
f 3134 3132 3262
f 3132 3260 3262
f 3135 3134 3263
f 3134 3262 3263
f 3254 3126 3135
f 3263 3254 3135
f 3131 3259 3264
f 3136 3131 3264
f 3137 3136 3265
f 3136 3264 3265
f 3138 3266 3267
f 3138 3137 3266
f 3137 3265 3266
f 3266 3268 3267
f 3140 3270 3269
f 3141 3270 3140
f 3261 3133 3140
f 3269 3261 3140
f 3138 3267 3142
f 3267 3268 3271
f 3267 3271 3142
f 3142 3271 3143
f 3271 3144 3143
f 3272 3144 3271
f 3146 3274 3273
f 3147 3274 3146
f 3270 3141 3146
f 3273 3270 3146
f 3144 3272 3275
f 3148 3144 3275
f 3275 3149 3148
f 3276 3149 3275
f 3151 3278 3277
f 3152 3278 3151
f 3274 3147 3151
f 3277 3274 3151
f 3149 3276 3279
f 3153 3149 3279
f 3279 3154 3153
f 3280 3154 3279
f 3156 3282 3281
f 3157 3282 3156
f 3278 3152 3156
f 3281 3278 3156
f 3284 3158 3154
f 3284 3154 3283
f 3283 3154 3280
f 3158 3284 3159
f 3160 3286 3285
f 3161 3286 3160
f 3282 3157 3160
f 3285 3282 3160
f 3284 3283 3287
f 3287 3159 3284
f 3287 3288 3159
f 3288 3162 3159
f 3161 3165 3286
f 3286 3165 3289
f 3291 3166 3162
f 3291 3162 3290
f 3290 3162 3288
f 3166 3291 3167
f 3168 3169 3292
f 3168 3292 3293
f 3168 3293 3165
f 3165 3293 3289
f 3291 3290 3294
f 3294 3167 3291
f 3294 3295 3167
f 3295 3170 3167
f 3292 3297 3296
f 3292 3169 3297
f 3169 3173 3297
f 3293 3292 3296
f 3170 3295 3174
f 3295 3298 3174
f 3173 3177 3297
f 3297 3177 3299
f 3301 3178 3174
f 3301 3174 3300
f 3300 3174 3298
f 3178 3301 3179
f 3177 3181 3299
f 3299 3181 3302
f 3304 3301 3300
f 3303 3304 3300
f 3179 3304 3182
f 3301 3304 3179
f 3183 3184 3305
f 3183 3305 3306
f 3183 3306 3181
f 3181 3306 3302
f 3308 3304 3303
f 3307 3308 3303
f 3182 3308 3185
f 3304 3308 3182
f 3305 3186 3309
f 3184 3186 3305
f 3310 3306 3305
f 3309 3310 3305
f 3312 3308 3307
f 3311 3312 3307
f 3185 3312 3187
f 3308 3312 3185
f 3309 3188 3313
f 3186 3188 3309
f 3314 3310 3309
f 3313 3314 3309
f 3316 3312 3311
f 3315 3316 3311
f 3187 3316 3189
f 3312 3316 3187
f 3313 3190 3317
f 3188 3190 3313
f 3318 3314 3313
f 3317 3318 3313
f 3320 3316 3315
f 3319 3320 3315
f 3189 3320 3191
f 3316 3320 3189
f 3317 3192 3321
f 3190 3192 3317
f 3322 3318 3317
f 3321 3322 3317
f 3324 3320 3319
f 3323 3324 3319
f 3191 3324 3193
f 3320 3324 3191
f 3321 3194 3325
f 3192 3194 3321
f 3326 3322 3321
f 3325 3326 3321
f 3328 3324 3323
f 3327 3328 3323
f 3193 3328 3195
f 3324 3328 3193
f 3194 3196 3325
f 3325 3196 3198
f 3325 3198 3326
f 3326 3198 3329
f 3331 3328 3327
f 3330 3331 3327
f 3195 3331 3199
f 3328 3331 3195
f 3198 3201 3329
f 3329 3201 3332
f 3334 3331 3330
f 3333 3334 3330
f 3199 3334 3202
f 3331 3334 3199
f 3201 3204 3332
f 3332 3204 3335
f 3205 3334 3333
f 3205 3333 3206
f 3206 3333 3336
f 3202 3334 3205
f 3337 3208 3338
f 3337 3335 3208
f 3335 3204 3208
f 3337 3338 3339
f 3206 3336 3209
f 3336 3340 3209
f 3208 3211 3338
f 3338 3211 3213
f 3338 3213 3339
f 3339 3213 3341
f 3344 3342 3343
f 3344 3340 3342
f 3344 3214 3340
f 3214 3209 3340
f 3213 3215 3341
f 3341 3215 3345
f 3216 3344 3343
f 3216 3343 3217
f 3217 3343 3346
f 3214 3344 3216
f 3215 3347 3345
f 3219 3347 3215
f 3347 3219 3221
f 3348 3347 3221
f 3351 3349 3350
f 3351 3346 3349
f 3351 3222 3346
f 3222 3217 3346
f 3352 3223 3353
f 3352 3348 3223
f 3348 3221 3223
f 3352 3353 3354
f 3357 3355 3356
f 3350 3355 3357
f 3351 3350 3357
f 3351 3357 3225
f 3351 3225 3224
f 3222 3351 3224
f 3223 3226 3353
f 3353 3226 3227
f 3353 3227 3354
f 3354 3227 3358
f 3228 3357 3356
f 3228 3356 3229
f 3229 3356 3359
f 3225 3357 3228
f 3227 3360 3358
f 3230 3360 3227
f 3231 3361 3230
f 3230 3361 3360
f 3361 3231 3233
f 3362 3361 3233
f 3234 3363 3364
f 3235 3234 3364
f 3359 3234 3229
f 3363 3234 3359
f 3233 3365 3362
f 3236 3365 3233
f 3365 3236 3237
f 3366 3365 3237
f 3238 3367 3368
f 3239 3238 3368
f 3240 3369 3238
f 3238 3369 3367
f 3364 3240 3235
f 3369 3240 3364
f 3237 3370 3366
f 3241 3370 3237
f 3242 3371 3241
f 3241 3371 3370
f 3373 3372 3371
f 3373 3371 3243
f 3243 3371 3242
f 3243 3244 3373
f 3245 3374 3375
f 3246 3245 3375
f 3247 3376 3245
f 3245 3376 3374
f 3368 3247 3239
f 3376 3247 3368
f 3373 3377 3372
f 3244 3377 3373
f 3244 3248 3377
f 3248 3378 3377
f 3249 3379 3248
f 3248 3379 3378
f 3250 3380 3249
f 3249 3380 3379
f 3251 3381 3250
f 3250 3381 3380
f 3252 3382 3251
f 3251 3382 3381
f 3375 3252 3246
f 3382 3252 3375
f 3385 3384 3383
f 3385 3253 3254
f 3385 3383 3253
f 3383 3386 3253
f 3255 3253 3387
f 3253 3386 3387
f 3256 3255 3388
f 3255 3387 3388
f 3257 3256 3389
f 3256 3388 3389
f 3258 3257 3390
f 3257 3389 3390
f 3259 3391 3392
f 3259 3258 3391
f 3258 3390 3391
f 3391 3393 3392
f 3260 3395 3394
f 3261 3395 3260
f 3262 3260 3396
f 3260 3394 3396
f 3384 3385 3263
f 3384 3263 3396
f 3396 3263 3262
f 3254 3263 3385
f 3259 3392 3264
f 3392 3393 3397
f 3392 3397 3264
f 3264 3397 3265
f 3266 3265 3398
f 3265 3397 3398
f 3398 3268 3266
f 3399 3268 3398
f 3402 3401 3400
f 3402 3269 3270
f 3402 3400 3269
f 3400 3403 3269
f 3395 3261 3269
f 3403 3395 3269
f 3268 3399 3404
f 3271 3268 3404
f 3404 3272 3271
f 3405 3272 3404
f 3408 3407 3406
f 3401 3408 3406
f 3402 3408 3401
f 3402 3274 3408
f 3402 3273 3274
f 3270 3273 3402
f 3272 3405 3409
f 3275 3272 3409
f 3409 3276 3275
f 3410 3276 3409
f 3277 3407 3408
f 3277 3278 3407
f 3278 3411 3407
f 3274 3277 3408
f 3413 3279 3276
f 3413 3276 3412
f 3412 3276 3410
f 3279 3413 3280
f 3281 3415 3414
f 3282 3415 3281
f 3411 3278 3281
f 3414 3411 3281
f 3413 3412 3416
f 3416 3280 3413
f 3416 3417 3280
f 3417 3283 3280
f 3285 3286 3418
f 3285 3418 3419
f 3285 3419 3282
f 3282 3419 3415
f 3421 3287 3283
f 3421 3283 3420
f 3420 3283 3417
f 3287 3421 3288
f 3418 3423 3422
f 3418 3286 3423
f 3286 3289 3423
f 3419 3418 3422
f 3421 3420 3424
f 3424 3288 3421
f 3424 3425 3288
f 3425 3290 3288
f 3289 3293 3423
f 3423 3293 3426
f 3428 3294 3290
f 3428 3290 3427
f 3427 3290 3425
f 3294 3428 3295
f 3296 3297 3429
f 3296 3429 3430
f 3296 3430 3293
f 3293 3430 3426
f 3432 3428 3427
f 3431 3432 3427
f 3295 3432 3298
f 3428 3432 3295
f 3429 3299 3433
f 3297 3299 3429
f 3434 3430 3429
f 3433 3434 3429
f 3436 3432 3431
f 3435 3436 3431
f 3298 3436 3300
f 3432 3436 3298
f 3433 3302 3437
f 3299 3302 3433
f 3438 3434 3433
f 3437 3438 3433
f 3436 3435 3439
f 3439 3300 3436
f 3439 3440 3300
f 3440 3303 3300
f 3437 3306 3441
f 3302 3306 3437
f 3442 3438 3437
f 3441 3442 3437
f 3303 3440 3307
f 3440 3443 3307
f 3441 3310 3444
f 3306 3310 3441
f 3445 3442 3441
f 3444 3445 3441
f 3307 3443 3311
f 3443 3446 3311
f 3444 3314 3447
f 3310 3314 3444
f 3448 3445 3444
f 3447 3448 3444
f 3311 3446 3315
f 3446 3449 3315
f 3447 3318 3450
f 3314 3318 3447
f 3451 3448 3447
f 3450 3451 3447
f 3315 3449 3319
f 3449 3452 3319
f 3450 3322 3453
f 3318 3322 3450
f 3454 3451 3450
f 3453 3454 3450
f 3319 3452 3323
f 3452 3455 3323
f 3453 3326 3456
f 3322 3326 3453
f 3457 3454 3453
f 3456 3457 3453
f 3323 3455 3327
f 3455 3458 3327
f 3456 3329 3459
f 3326 3329 3456
f 3460 3457 3456
f 3459 3460 3456
f 3327 3458 3330
f 3458 3461 3330
f 3459 3332 3462
f 3329 3332 3459
f 3463 3460 3459
f 3462 3463 3459
f 3466 3464 3465
f 3466 3461 3464
f 3466 3333 3461
f 3333 3330 3461
f 3462 3335 3467
f 3332 3335 3462
f 3468 3463 3462
f 3467 3468 3462
f 3470 3466 3465
f 3469 3470 3465
f 3333 3470 3336
f 3466 3470 3333
f 3335 3337 3467
f 3467 3337 3339
f 3467 3339 3468
f 3468 3339 3471
f 3473 3470 3469
f 3472 3473 3469
f 3336 3473 3340
f 3470 3473 3336
f 3339 3341 3471
f 3471 3341 3474
f 3342 3473 3472
f 3342 3472 3343
f 3343 3472 3475
f 3340 3473 3342
f 3476 3345 3477
f 3476 3474 3345
f 3474 3341 3345
f 3476 3477 3478
f 3481 3479 3480
f 3481 3475 3479
f 3481 3346 3475
f 3346 3343 3475
f 3345 3347 3477
f 3477 3347 3348
f 3477 3348 3478
f 3478 3348 3482
f 3349 3481 3480
f 3349 3480 3350
f 3350 3480 3483
f 3346 3481 3349
f 3348 3484 3482
f 3352 3484 3348
f 3484 3352 3354
f 3485 3484 3354
f 3355 3486 3487
f 3356 3355 3487
f 3483 3355 3350
f 3486 3355 3483
f 3354 3358 3485
f 3485 3358 3488
f 3491 3489 3490
f 3491 3487 3489
f 3491 3359 3487
f 3359 3356 3487
f 3358 3492 3488
f 3360 3492 3358
f 3494 3493 3492
f 3494 3492 3361
f 3361 3492 3360
f 3361 3362 3494
f 3363 3491 3490
f 3363 3490 3364
f 3364 3490 3495
f 3359 3491 3363
f 3494 3496 3493
f 3362 3496 3494
f 3362 3365 3496
f 3365 3497 3496
f 3497 3365 3366
f 3498 3497 3366
f 3367 3499 3500
f 3368 3367 3500
f 3369 3501 3367
f 3367 3501 3499
f 3495 3369 3364
f 3501 3369 3495
f 3366 3502 3498
f 3370 3502 3366
f 3371 3503 3370
f 3370 3503 3502
f 3503 3371 3372
f 3504 3503 3372
f 3374 3505 3506
f 3375 3374 3506
f 3376 3507 3374
f 3374 3507 3505
f 3500 3376 3368
f 3507 3376 3500
f 3372 3508 3504
f 3377 3508 3372
f 3378 3509 3377
f 3377 3509 3508
f 3379 3510 3378
f 3378 3510 3509
f 3380 3511 3379
f 3379 3511 3510
f 3381 3512 3380
f 3380 3512 3511
f 3382 3513 3381
f 3381 3513 3512
f 3506 3382 3375
f 3513 3382 3506
f 3383 3515 3514
f 3384 3515 3383
f 3386 3383 3516
f 3383 3514 3516
f 3387 3386 3517
f 3386 3516 3517
f 3388 3387 3518
f 3387 3517 3518
f 3389 3388 3519
f 3388 3518 3519
f 3390 3389 3520
f 3389 3519 3520
f 3391 3390 3521
f 3390 3520 3521
f 3521 3393 3391
f 3522 3393 3521
f 3394 3524 3523
f 3395 3524 3394
f 3396 3394 3525
f 3394 3523 3525
f 3515 3384 3396
f 3525 3515 3396
f 3393 3522 3526
f 3397 3393 3526
f 3398 3397 3527
f 3397 3526 3527
f 3527 3399 3398
f 3528 3399 3527
f 3400 3401 3529
f 3531 3400 3529
f 3531 3530 3400
f 3530 3403 3400
f 3524 3395 3403
f 3530 3524 3403
f 3533 3404 3399
f 3533 3399 3532
f 3532 3399 3528
f 3404 3533 3405
f 3406 3407 3534
f 3406 3534 3536
f 3401 3406 3536
f 3401 3536 3535
f 3401 3535 3529
f 3531 3529 3535
f 3533 3532 3537
f 3539 3537 3538
f 3409 3537 3539
f 3409 3533 3537
f 3409 3405 3533
f 3409 3539 3410
f 3534 3541 3540
f 3534 3407 3541
f 3407 3411 3541
f 3536 3534 3540
f 3539 3538 3542
f 3542 3410 3539
f 3542 3543 3410
f 3543 3412 3410
f 3414 3545 3544
f 3415 3545 3414
f 3541 3411 3414
f 3544 3541 3414
f 3547 3416 3412
f 3547 3412 3546
f 3546 3412 3543
f 3416 3547 3417
f 3415 3419 3545
f 3545 3419 3548
f 3547 3546 3549
f 3549 3417 3547
f 3549 3550 3417
f 3550 3420 3417
f 3422 3423 3551
f 3422 3551 3552
f 3422 3552 3419
f 3419 3552 3548
f 3554 3424 3420
f 3554 3420 3553
f 3553 3420 3550
f 3424 3554 3425
f 3551 3556 3555
f 3551 3423 3556
f 3423 3426 3556
f 3552 3551 3555
f 3558 3554 3553
f 3557 3558 3553
f 3425 3558 3427
f 3554 3558 3425
f 3426 3430 3556
f 3556 3430 3559
f 3558 3557 3560
f 3560 3427 3558
f 3560 3561 3427
f 3561 3431 3427
f 3430 3434 3559
f 3559 3434 3562
f 3431 3561 3435
f 3561 3563 3435
f 3434 3438 3562
f 3562 3438 3564
f 3566 3439 3435
f 3566 3435 3565
f 3565 3435 3563
f 3439 3566 3440
f 3438 3442 3564
f 3564 3442 3567
f 3569 3566 3565
f 3568 3569 3565
f 3440 3569 3443
f 3566 3569 3440
f 3442 3445 3567
f 3567 3445 3570
f 3572 3569 3568
f 3571 3572 3568
f 3443 3572 3446
f 3569 3572 3443
f 3445 3448 3570
f 3570 3448 3573
f 3575 3572 3571
f 3574 3575 3571
f 3446 3575 3449
f 3572 3575 3446
f 3448 3451 3573
f 3573 3451 3576
f 3578 3575 3574
f 3577 3578 3574
f 3449 3578 3452
f 3575 3578 3449
f 3451 3454 3576
f 3576 3454 3579
f 3581 3578 3577
f 3580 3581 3577
f 3452 3581 3455
f 3578 3581 3452
f 3454 3457 3579
f 3579 3457 3582
f 3584 3581 3580
f 3583 3584 3580
f 3455 3584 3458
f 3581 3584 3455
f 3457 3460 3582
f 3582 3460 3585
f 3587 3584 3583
f 3586 3587 3583
f 3458 3587 3461
f 3584 3587 3458
f 3460 3463 3585
f 3585 3463 3588
f 3464 3587 3586
f 3464 3586 3465
f 3465 3586 3589
f 3461 3587 3464
f 3463 3468 3588
f 3588 3468 3590
f 3465 3589 3469
f 3589 3591 3469
f 3468 3471 3590
f 3590 3471 3592
f 3595 3593 3594
f 3595 3591 3593
f 3595 3472 3591
f 3472 3469 3591
f 3596 3474 3597
f 3596 3592 3474
f 3592 3471 3474
f 3596 3597 3598
f 3600 3595 3594
f 3599 3600 3594
f 3472 3600 3475
f 3595 3600 3472
f 3474 3476 3597
f 3597 3476 3478
f 3597 3478 3598
f 3598 3478 3601
f 3479 3600 3599
f 3479 3599 3480
f 3480 3599 3602
f 3475 3600 3479
f 3478 3482 3601
f 3601 3482 3603
f 3606 3604 3605
f 3606 3602 3604
f 3606 3483 3602
f 3483 3480 3602
f 3482 3607 3603
f 3484 3607 3482
f 3607 3484 3485
f 3608 3607 3485
f 3486 3606 3605
f 3486 3605 3487
f 3487 3605 3609
f 3483 3606 3486
f 3610 3488 3611
f 3610 3608 3488
f 3608 3485 3488
f 3610 3611 3612
f 3489 3613 3614
f 3490 3489 3614
f 3609 3489 3487
f 3613 3489 3609
f 3488 3492 3611
f 3493 3616 3615
f 3492 3493 3615
f 3492 3615 3612
f 3492 3612 3611
f 3615 3616 3617
f 3620 3618 3619
f 3620 3614 3618
f 3620 3495 3614
f 3495 3490 3614
f 3493 3496 3616
f 3616 3621 3617
f 3616 3496 3621
f 3496 3497 3621
f 3621 3497 3498
f 3622 3621 3498
f 3499 3623 3624
f 3500 3499 3624
f 3619 3501 3620
f 3619 3623 3501
f 3623 3499 3501
f 3495 3620 3501
f 3498 3625 3622
f 3502 3625 3498
f 3627 3626 3625
f 3627 3625 3503
f 3503 3625 3502
f 3503 3504 3627
f 3505 3628 3506
f 3630 3628 3505
f 3630 3505 3629
f 3629 3505 3507
f 3624 3507 3500
f 3629 3507 3624
f 3627 3631 3626
f 3504 3631 3627
f 3504 3508 3631
f 3508 3632 3631
f 3509 3633 3508
f 3508 3633 3632
f 3510 3634 3509
f 3509 3634 3633
f 3511 3635 3510
f 3510 3635 3634
f 3512 3636 3511
f 3511 3636 3635
f 3513 3637 3512
f 3512 3637 3636
f 3628 3513 3506
f 3628 3638 3513
f 3638 3637 3513
f 3630 3638 3628
f 3514 3640 3639
f 3515 3640 3514
f 3516 3514 3641
f 3514 3639 3641
f 3517 3516 3642
f 3516 3641 3642
f 3518 3517 3643
f 3517 3642 3643
f 3519 3518 3644
f 3518 3643 3644
f 3520 3519 3645
f 3519 3644 3645
f 3647 3645 3646
f 3647 3521 3645
f 3521 3520 3645
f 3521 3647 3522
f 3523 3649 3648
f 3524 3649 3523
f 3525 3523 3650
f 3523 3648 3650
f 3640 3515 3525
f 3650 3640 3525
f 3647 3646 3651
f 3522 3647 3651
f 3522 3651 3526
f 3526 3651 3652
f 3654 3652 3653
f 3654 3527 3652
f 3527 3526 3652
f 3527 3654 3528
f 3530 3656 3655
f 3531 3656 3530
f 3649 3524 3530
f 3655 3649 3530
f 3654 3653 3657
f 3657 3528 3654
f 3657 3658 3528
f 3658 3532 3528
f 3535 3660 3659
f 3536 3660 3535
f 3656 3531 3535
f 3659 3656 3535
f 3532 3658 3661
f 3537 3532 3661
f 3661 3538 3537
f 3662 3538 3661
f 3540 3541 3663
f 3540 3663 3664
f 3540 3664 3536
f 3536 3664 3660
f 3666 3542 3538
f 3666 3538 3665
f 3665 3538 3662
f 3542 3666 3543
f 3544 3545 3667
f 3544 3667 3669
f 3541 3544 3669
f 3541 3669 3668
f 3541 3668 3663
f 3664 3663 3668
f 3671 3666 3665
f 3670 3671 3665
f 3543 3671 3546
f 3666 3671 3543
f 3667 3548 3672
f 3545 3548 3667
f 3673 3669 3667
f 3672 3673 3667
f 3671 3670 3674
f 3676 3674 3675
f 3549 3674 3676
f 3549 3671 3674
f 3549 3546 3671
f 3549 3676 3550
f 3672 3678 3677
f 3672 3548 3678
f 3548 3552 3678
f 3673 3672 3677
f 3680 3676 3675
f 3679 3680 3675
f 3550 3680 3553
f 3676 3680 3550
f 3555 3556 3681
f 3555 3681 3682
f 3555 3682 3552
f 3552 3682 3678
f 3680 3679 3683
f 3683 3553 3680
f 3683 3684 3553
f 3684 3557 3553
f 3681 3559 3685
f 3556 3559 3681
f 3686 3682 3681
f 3685 3686 3681
f 3688 3560 3557
f 3688 3557 3687
f 3687 3557 3684
f 3560 3688 3561
f 3685 3562 3689
f 3559 3562 3685
f 3690 3686 3685
f 3689 3690 3685
f 3692 3688 3687
f 3691 3692 3687
f 3561 3692 3563
f 3688 3692 3561
f 3689 3564 3693
f 3562 3564 3689
f 3694 3690 3689
f 3693 3694 3689
f 3696 3692 3691
f 3695 3696 3691
f 3563 3696 3565
f 3692 3696 3563
f 3693 3567 3697
f 3564 3567 3693
f 3698 3694 3693
f 3697 3698 3693
f 3700 3696 3695
f 3699 3700 3695
f 3565 3700 3568
f 3696 3700 3565
f 3697 3570 3701
f 3567 3570 3697
f 3702 3698 3697
f 3701 3702 3697
f 3704 3700 3699
f 3703 3704 3699
f 3568 3704 3571
f 3700 3704 3568
f 3701 3573 3705
f 3570 3573 3701
f 3706 3702 3701
f 3705 3706 3701
f 3708 3704 3703
f 3707 3708 3703
f 3571 3708 3574
f 3704 3708 3571
f 3705 3576 3709
f 3573 3576 3705
f 3710 3706 3705
f 3709 3710 3705
f 3712 3708 3707
f 3711 3712 3707
f 3574 3712 3577
f 3708 3712 3574
f 3709 3579 3713
f 3576 3579 3709
f 3714 3710 3709
f 3713 3714 3709
f 3716 3712 3711
f 3715 3716 3711
f 3577 3716 3580
f 3712 3716 3577
f 3713 3582 3717
f 3579 3582 3713
f 3718 3714 3713
f 3717 3718 3713
f 3720 3716 3715
f 3719 3720 3715
f 3580 3720 3583
f 3716 3720 3580
f 3717 3585 3721
f 3582 3585 3717
f 3722 3718 3717
f 3721 3722 3717
f 3724 3720 3719
f 3723 3724 3719
f 3583 3724 3586
f 3720 3724 3583
f 3721 3588 3725
f 3585 3588 3721
f 3726 3722 3721
f 3725 3726 3721
f 3728 3724 3723
f 3727 3728 3723
f 3586 3728 3589
f 3724 3728 3586
f 3725 3590 3729
f 3588 3590 3725
f 3730 3726 3725
f 3729 3730 3725
f 3732 3728 3727
f 3731 3732 3727
f 3589 3732 3591
f 3728 3732 3589
f 3729 3592 3733
f 3590 3592 3729
f 3734 3730 3729
f 3733 3734 3729
f 3593 3732 3731
f 3593 3731 3594
f 3594 3731 3735
f 3591 3732 3593
f 3592 3596 3733
f 3733 3596 3598
f 3733 3598 3734
f 3734 3598 3736
f 3739 3737 3738
f 3739 3735 3737
f 3739 3599 3735
f 3599 3594 3735
f 3740 3601 3741
f 3740 3736 3601
f 3736 3598 3601
f 3740 3741 3742
f 3744 3739 3738
f 3743 3744 3738
f 3599 3744 3602
f 3739 3744 3599
f 3741 3603 3745
f 3601 3603 3741
f 3746 3742 3741
f 3745 3746 3741
f 3749 3747 3748
f 3743 3747 3749
f 3744 3743 3749
f 3744 3749 3605
f 3744 3605 3604
f 3602 3744 3604
f 3603 3607 3745
f 3608 3751 3750
f 3607 3608 3750
f 3607 3750 3746
f 3607 3746 3745
f 3750 3751 3752
f 3754 3749 3748
f 3753 3754 3748
f 3605 3754 3609
f 3749 3754 3605
f 3608 3610 3751
f 3751 3610 3612
f 3751 3612 3752
f 3752 3612 3755
f 3613 3754 3753
f 3613 3753 3614
f 3614 3753 3756
f 3609 3754 3613
f 3612 3757 3755
f 3615 3757 3612
f 3757 3615 3617
f 3758 3757 3617
f 3618 3759 3760
f 3619 3618 3760
f 3756 3618 3614
f 3759 3618 3756
f 3617 3761 3758
f 3621 3761 3617
f 3761 3621 3622
f 3762 3761 3622
f 3623 3763 3764
f 3624 3623 3764
f 3760 3623 3619
f 3763 3623 3760
f 3622 3765 3762
f 3625 3765 3622
f 3626 3767 3766
f 3626 3766 3625
f 3625 3766 3765
f 3766 3767 3768
f 3771 3769 3770
f 3771 3630 3629
f 3771 3629 3769
f 3769 3629 3772
f 3764 3629 3624
f 3772 3629 3764
f 3626 3631 3767
f 3767 3773 3768
f 3767 3631 3773
f 3631 3632 3773
f 3633 3774 3632
f 3632 3774 3773
f 3634 3775 3633
f 3633 3775 3774
f 3635 3776 3634
f 3634 3776 3775
f 3636 3777 3635
f 3635 3777 3776
f 3637 3778 3636
f 3636 3778 3777
f 3770 3638 3771
f 3770 3778 3638
f 3778 3637 3638
f 3630 3771 3638
f 3639 3780 3779
f 3640 3780 3639
f 3641 3639 3781
f 3639 3779 3781
f 3642 3641 3782
f 3641 3781 3782
f 3643 3642 3783
f 3642 3782 3783
f 3644 3643 3784
f 3643 3783 3784
f 3645 3644 3785
f 3644 3784 3785
f 3646 3786 3787
f 3646 3645 3786
f 3645 3785 3786
f 3786 3788 3787
f 3648 3790 3789
f 3649 3790 3648
f 3650 3648 3791
f 3648 3789 3791
f 3780 3640 3650
f 3791 3780 3650
f 3646 3787 3651
f 3787 3788 3792
f 3787 3792 3651
f 3651 3792 3652
f 3792 3653 3652
f 3793 3653 3792
f 3655 3795 3794
f 3656 3795 3655
f 3790 3649 3655
f 3794 3790 3655
f 3653 3793 3796
f 3657 3653 3796
f 3796 3658 3657
f 3797 3658 3796
f 3659 3799 3798
f 3660 3799 3659
f 3795 3656 3659
f 3798 3795 3659
f 3658 3797 3800
f 3661 3658 3800
f 3800 3662 3661
f 3801 3662 3800
f 3660 3664 3799
f 3799 3664 3802
f 3662 3801 3665
f 3801 3803 3665
f 3668 3805 3804
f 3669 3805 3668
f 3802 3664 3668
f 3804 3802 3668
f 3806 3807 3670
f 3806 3670 3803
f 3803 3670 3665
f 3806 3808 3807
f 3669 3673 3805
f 3805 3673 3809
f 3670 3807 3674
f 3807 3675 3674
f 3807 3808 3675
f 3808 3810 3675
f 3677 3678 3811
f 3677 3811 3812
f 3677 3812 3673
f 3673 3812 3809
f 3675 3810 3679
f 3810 3813 3679
f 3811 3682 3814
f 3678 3682 3811
f 3815 3812 3811
f 3814 3815 3811
f 3817 3683 3679
f 3817 3679 3816
f 3816 3679 3813
f 3683 3817 3684
f 3814 3819 3818
f 3814 3682 3819
f 3682 3686 3819
f 3815 3814 3818
f 3817 3816 3820
f 3820 3684 3817
f 3820 3821 3684
f 3821 3687 3684
f 3686 3690 3819
f 3819 3690 3822
f 3687 3821 3691
f 3821 3823 3691
f 3690 3694 3822
f 3822 3694 3824
f 3691 3823 3695
f 3823 3825 3695
f 3694 3698 3824
f 3824 3698 3826
f 3695 3825 3699
f 3825 3827 3699
f 3698 3702 3826
f 3826 3702 3828
f 3699 3827 3703
f 3827 3829 3703
f 3702 3706 3828
f 3828 3706 3830
f 3703 3829 3707
f 3829 3831 3707
f 3706 3710 3830
f 3830 3710 3832
f 3707 3831 3711
f 3831 3833 3711
f 3710 3714 3832
f 3832 3714 3834
f 3711 3833 3715
f 3833 3835 3715
f 3714 3718 3834
f 3834 3718 3836
f 3715 3835 3719
f 3835 3837 3719
f 3718 3722 3836
f 3836 3722 3838
f 3719 3837 3723
f 3837 3839 3723
f 3722 3726 3838
f 3838 3726 3840
f 3723 3839 3727
f 3839 3841 3727
f 3726 3730 3840
f 3840 3730 3842
f 3727 3841 3731
f 3841 3843 3731
f 3730 3734 3842
f 3842 3734 3844
f 3847 3845 3846
f 3847 3843 3845
f 3847 3735 3843
f 3735 3731 3843
f 3848 3736 3849
f 3848 3844 3736
f 3844 3734 3736
f 3848 3849 3850
f 3737 3847 3846
f 3737 3846 3738
f 3738 3846 3851
f 3735 3847 3737
f 3736 3740 3849
f 3849 3740 3742
f 3849 3742 3850
f 3850 3742 3852
f 3738 3851 3743
f 3851 3853 3743
f 3742 3746 3852
f 3852 3746 3854
f 3747 3855 3748
f 3747 3856 3855
f 3747 3743 3856
f 3743 3853 3856
f 3858 3746 3750
f 3858 3857 3746
f 3857 3854 3746
f 3750 3752 3858
f 3855 3859 3860
f 3855 3860 3748
f 3748 3860 3753
f 3856 3859 3855
f 3858 3861 3857
f 3861 3858 3752
f 3861 3752 3862
f 3862 3752 3755
f 3753 3860 3756
f 3860 3863 3756
f 3755 3864 3862
f 3757 3864 3755
f 3864 3757 3758
f 3865 3864 3758
f 3759 3866 3867
f 3760 3759 3867
f 3863 3759 3756
f 3866 3759 3863
f 3758 3868 3865
f 3761 3868 3758
f 3868 3761 3762
f 3869 3868 3762
f 3763 3870 3871
f 3764 3763 3871
f 3867 3763 3760
f 3870 3763 3867
f 3762 3872 3869
f 3765 3872 3762
f 3874 3873 3872
f 3874 3872 3766
f 3766 3872 3765
f 3766 3768 3874
f 3769 3875 3770
f 3877 3875 3769
f 3877 3769 3876
f 3876 3769 3772
f 3871 3772 3764
f 3876 3772 3871
f 3874 3878 3873
f 3768 3878 3874
f 3768 3773 3878
f 3773 3879 3878
f 3774 3880 3773
f 3773 3880 3879
f 3775 3881 3774
f 3774 3881 3880
f 3776 3882 3775
f 3775 3882 3881
f 3777 3883 3776
f 3776 3883 3882
f 3778 3884 3777
f 3777 3884 3883
f 3875 3778 3770
f 3875 3885 3778
f 3885 3884 3778
f 3877 3885 3875
f 3779 3887 3886
f 3780 3887 3779
f 3781 3779 3888
f 3779 3886 3888
f 3782 3781 3889
f 3781 3888 3889
f 3783 3782 3890
f 3782 3889 3890
f 3784 3783 3891
f 3783 3890 3891
f 3785 3784 3892
f 3784 3891 3892
f 3786 3785 3893
f 3785 3892 3893
f 3893 3788 3786
f 3894 3788 3893
f 3789 3896 3895
f 3790 3896 3789
f 3791 3789 3897
f 3789 3895 3897
f 3887 3780 3791
f 3897 3887 3791
f 3788 3894 3898
f 3792 3788 3898
f 3898 3793 3792
f 3899 3793 3898
f 3794 3901 3900
f 3795 3901 3794
f 3896 3790 3794
f 3900 3896 3794
f 3793 3899 3902
f 3796 3793 3902
f 3902 3797 3796
f 3903 3797 3902
f 3798 3799 3904
f 3798 3904 3905
f 3798 3905 3795
f 3795 3905 3901
f 3797 3903 3906
f 3800 3797 3906
f 3906 3801 3800
f 3907 3801 3906
f 3904 3909 3908
f 3904 3799 3909
f 3799 3802 3909
f 3905 3904 3908
f 3801 3907 3803
f 3907 3910 3803
f 3804 3805 3911
f 3804 3911 3912
f 3804 3912 3802
f 3802 3912 3909
f 3803 3910 3913
f 3806 3803 3913
f 3913 3808 3806
f 3914 3808 3913
f 3911 3916 3915
f 3911 3805 3916
f 3805 3809 3916
f 3912 3911 3915
f 3808 3914 3810
f 3914 3917 3810
f 3809 3812 3916
f 3916 3812 3918
f 3810 3917 3813
f 3917 3919 3813
f 3812 3815 3918
f 3918 3815 3920
f 3813 3919 3816
f 3919 3921 3816
f 3818 3819 3922
f 3818 3922 3923
f 3818 3923 3815
f 3815 3923 3920
f 3925 3820 3816
f 3925 3816 3924
f 3924 3816 3921
f 3820 3925 3821
f 3922 3822 3926
f 3819 3822 3922
f 3927 3923 3922
f 3926 3927 3922
f 3929 3925 3924
f 3928 3929 3924
f 3821 3929 3823
f 3925 3929 3821
f 3926 3824 3930
f 3822 3824 3926
f 3931 3927 3926
f 3930 3931 3926
f 3933 3929 3928
f 3932 3933 3928
f 3823 3933 3825
f 3929 3933 3823
f 3930 3826 3934
f 3824 3826 3930
f 3935 3931 3930
f 3934 3935 3930
f 3937 3933 3932
f 3936 3937 3932
f 3825 3937 3827
f 3933 3937 3825
f 3934 3828 3938
f 3826 3828 3934
f 3939 3935 3934
f 3938 3939 3934
f 3941 3937 3936
f 3940 3941 3936
f 3827 3941 3829
f 3937 3941 3827
f 3938 3830 3942
f 3828 3830 3938
f 3943 3939 3938
f 3942 3943 3938
f 3945 3941 3940
f 3944 3945 3940
f 3829 3945 3831
f 3941 3945 3829
f 3942 3832 3946
f 3830 3832 3942
f 3947 3943 3942
f 3946 3947 3942
f 3949 3945 3944
f 3948 3949 3944
f 3831 3949 3833
f 3945 3949 3831
f 3946 3834 3950
f 3832 3834 3946
f 3951 3947 3946
f 3950 3951 3946
f 3953 3949 3948
f 3952 3953 3948
f 3833 3953 3835
f 3949 3953 3833
f 3950 3836 3954
f 3834 3836 3950
f 3955 3951 3950
f 3954 3955 3950
f 3957 3953 3952
f 3956 3957 3952
f 3835 3957 3837
f 3953 3957 3835
f 3954 3838 3958
f 3836 3838 3954
f 3959 3955 3954
f 3958 3959 3954
f 3961 3957 3956
f 3960 3961 3956
f 3837 3961 3839
f 3957 3961 3837
f 3958 3840 3962
f 3838 3840 3958
f 3963 3959 3958
f 3962 3963 3958
f 3965 3961 3960
f 3964 3965 3960
f 3839 3965 3841
f 3961 3965 3839
f 3962 3842 3966
f 3840 3842 3962
f 3967 3963 3962
f 3966 3967 3962
f 3969 3965 3964
f 3968 3969 3964
f 3841 3969 3843
f 3965 3969 3841
f 3966 3844 3970
f 3842 3844 3966
f 3971 3967 3966
f 3970 3971 3966
f 3845 3969 3968
f 3845 3968 3846
f 3846 3968 3972
f 3843 3969 3845
f 3844 3848 3970
f 3970 3848 3850
f 3970 3850 3971
f 3971 3850 3973
f 3846 3972 3851
f 3972 3974 3851
f 3850 3852 3973
f 3973 3852 3975
f 3851 3974 3853
f 3974 3976 3853
f 3852 3854 3975
f 3975 3854 3977
f 3853 3976 3856
f 3976 3978 3856
f 3979 3857 3980
f 3979 3977 3857
f 3977 3854 3857
f 3979 3980 3981
f 3859 3982 3983
f 3860 3859 3983
f 3978 3859 3856
f 3982 3859 3978
f 3857 3861 3980
f 3980 3861 3862
f 3980 3862 3981
f 3981 3862 3984
f 3860 3983 3863
f 3983 3985 3863
f 3862 3986 3984
f 3864 3986 3862
f 3986 3864 3865
f 3987 3986 3865
f 3866 3988 3989
f 3867 3866 3989
f 3985 3866 3863
f 3988 3866 3985
f 3865 3990 3987
f 3868 3990 3865
f 3990 3868 3869
f 3991 3990 3869
f 3870 3992 3993
f 3871 3870 3993
f 3989 3870 3867
f 3992 3870 3989
f 3869 3994 3991
f 3872 3994 3869
f 3873 3996 3995
f 3873 3995 3872
f 3872 3995 3994
f 3995 3996 3997
f 4000 3998 3999
f 4000 3877 3876
f 4000 3876 3998
f 3998 3876 4001
f 3993 3876 3871
f 4001 3876 3993
f 3873 3878 3996
f 3996 4002 3997
f 3996 3878 4002
f 3878 3879 4002
f 3880 4003 3879
f 3879 4003 4002
f 3881 4004 3880
f 3880 4004 4003
f 3882 4005 3881
f 3881 4005 4004
f 3883 4006 3882
f 3882 4006 4005
f 3884 4007 3883
f 3883 4007 4006
f 3999 3885 4000
f 3999 4007 3885
f 4007 3884 3885
f 3877 4000 3885
f 3886 4009 4008
f 3887 4009 3886
f 3888 3886 4010
f 3886 4008 4010
f 3889 3888 4011
f 3888 4010 4011
f 3890 3889 4012
f 3889 4011 4012
f 3891 3890 4013
f 3890 4012 4013
f 3892 3891 4014
f 3891 4013 4014
f 4016 4014 4015
f 4016 3893 4014
f 3893 3892 4014
f 3893 4016 3894
f 3895 3896 4017
f 4019 3895 4017
f 4019 4018 3895
f 4018 3897 3895
f 4009 3887 3897
f 4018 4009 3897
f 4016 4015 4020
f 3894 4016 4020
f 3894 4020 3898
f 3898 4020 4021
f 4021 3899 3898
f 4022 3899 4021
f 3900 3901 4023
f 3900 4023 4025
f 3896 3900 4025
f 3896 4025 4024
f 3896 4024 4017
f 4019 4017 4024
f 4027 3902 3899
f 4027 3899 4026
f 4026 3899 4022
f 3902 4027 3903
f 4023 4029 4028
f 4023 3901 4029
f 3901 3905 4029
f 4025 4023 4028
f 4027 4026 4030
f 4032 4030 4031
f 3906 4030 4032
f 3906 4027 4030
f 3906 3903 4027
f 3906 4032 3907
f 3908 3909 4033
f 3908 4033 4034
f 3908 4034 3905
f 3905 4034 4029
f 4036 4032 4031
f 4035 4036 4031
f 3907 4036 3910
f 4032 4036 3907
f 4033 4038 4037
f 4033 3909 4038
f 3909 3912 4038
f 4034 4033 4037
f 4036 4035 4039
f 4041 4039 4040
f 3913 4039 4041
f 3913 4036 4039
f 3913 3910 4036
f 3913 4041 3914
f 3915 3916 4042
f 3915 4042 4043
f 3915 4043 3912
f 3912 4043 4038
f 4045 4041 4040
f 4044 4045 4040
f 3914 4045 3917
f 4041 4045 3914
f 4042 3918 4046
f 3916 3918 4042
f 4047 4043 4042
f 4046 4047 4042
f 4049 4045 4044
f 4048 4049 4044
f 3917 4049 3919
f 4045 4049 3917
f 4046 3920 4050
f 3918 3920 4046
f 4051 4047 4046
f 4050 4051 4046
f 4049 4048 4052
f 4052 3919 4049
f 4052 4053 3919
f 4053 3921 3919
f 4050 4055 4054
f 4050 3920 4055
f 3920 3923 4055
f 4051 4050 4054
f 3921 4053 3924
f 4053 4056 3924
f 3923 3927 4055
f 4055 3927 4057
f 3924 4056 3928
f 4056 4058 3928
f 3927 3931 4057
f 4057 3931 4059
f 3928 4058 3932
f 4058 4060 3932
f 3931 3935 4059
f 4059 3935 4061
f 3932 4060 3936
f 4060 4062 3936
f 3935 3939 4061
f 4061 3939 4063
f 3936 4062 3940
f 4062 4064 3940
f 3939 3943 4063
f 4063 3943 4065
f 3940 4064 3944
f 4064 4066 3944
f 3943 3947 4065
f 4065 3947 4067
f 3944 4066 3948
f 4066 4068 3948
f 3947 3951 4067
f 4067 3951 4069
f 3948 4068 3952
f 4068 4070 3952
f 3951 3955 4069
f 4069 3955 4071
f 3952 4070 3956
f 4070 4072 3956
f 3955 3959 4071
f 4071 3959 4073
f 3956 4072 3960
f 4072 4074 3960
f 3959 3963 4073
f 4073 3963 4075
f 3960 4074 3964
f 4074 4076 3964
f 3963 3967 4075
f 4075 3967 4077
f 3964 4076 3968
f 4076 4078 3968
f 3967 3971 4077
f 4077 3971 4079
f 3968 4078 3972
f 4078 4080 3972
f 4081 3973 4082
f 4081 4079 3973
f 4079 3971 3973
f 4081 4082 4083
f 4086 4084 4085
f 4086 4080 4084
f 4086 3974 4080
f 3974 3972 4080
f 4082 3975 4087
f 3973 3975 4082
f 4088 4083 4082
f 4087 4088 4082
f 4090 4086 4085
f 4089 4090 4085
f 3974 4090 3976
f 4086 4090 3974
f 4087 3977 4091
f 3975 3977 4087
f 4092 4088 4087
f 4091 4092 4087
f 4094 4090 4089
f 4093 4094 4089
f 3976 4094 3978
f 4090 4094 3976
f 3977 3979 4091
f 3981 4096 4095
f 3979 3981 4095
f 3979 4095 4092
f 3979 4092 4091
f 4095 4096 4097
f 4100 4098 4099
f 4093 4098 4100
f 4094 4093 4100
f 4094 4100 3983
f 4094 3983 3982
f 3978 4094 3982
f 4096 3984 4101
f 3981 3984 4096
f 4102 4097 4096
f 4101 4102 4096
f 4104 4100 4099
f 4103 4104 4099
f 3983 4104 3985
f 4100 4104 3983
f 3984 3986 4101
f 3987 4106 4105
f 3986 3987 4105
f 3986 4105 4102
f 3986 4102 4101
f 4105 4106 4107
f 4110 4108 4109
f 4103 4108 4110
f 4104 4103 4110
f 4104 4110 3989
f 4104 3989 3988
f 3985 4104 3988
f 3987 3990 4106
f 3991 4112 4111
f 3990 3991 4111
f 3990 4111 4107
f 3990 4107 4106
f 4111 4112 4113
f 4116 4114 4115
f 4109 4114 4116
f 4110 4109 4116
f 4110 4116 3993
f 4110 3993 3992
f 3989 4110 3992
f 3991 3994 4112
f 4112 4117 4113
f 4112 3994 4117
f 3994 3995 4117
f 4117 3995 3997
f 4118 4117 3997
f 3998 4119 4120
f 3999 3998 4120
f 4115 4001 4116
f 4115 4119 4001
f 4119 3998 4001
f 3993 4116 4001
f 3997 4121 4118
f 4002 4121 3997
f 4003 4122 4002
f 4002 4122 4121
f 4004 4123 4003
f 4003 4123 4122
f 4005 4124 4004
f 4004 4124 4123
f 4006 4125 4005
f 4005 4125 4124
f 4007 4126 4006
f 4006 4126 4125
f 4120 4007 3999
f 4126 4007 4120
f 4129 4128 4127
f 4129 4130 4131
f 4127 4130 4129
f 4130 4132 4131
f 4008 4134 4133
f 4009 4134 4008
f 4010 4008 4135
f 4008 4133 4135
f 4128 4129 4011
f 4128 4011 4135
f 4135 4011 4010
f 4012 4011 4129
f 4131 4012 4129
f 4131 4132 4136
f 4131 4136 4012
f 4012 4136 4013
f 4014 4013 4137
f 4013 4136 4137
f 4137 4015 4014
f 4138 4015 4137
f 4018 4140 4139
f 4019 4140 4018
f 4134 4009 4018
f 4139 4134 4018
f 4015 4138 4141
f 4020 4015 4141
f 4143 4141 4142
f 4143 4021 4141
f 4021 4020 4141
f 4021 4143 4022
f 4024 4025 4144
f 4024 4144 4145
f 4024 4145 4019
f 4019 4145 4140
f 4143 4142 4146
f 4146 4022 4143
f 4146 4147 4022
f 4147 4026 4022
f 4028 4029 4148
f 4028 4148 4150
f 4025 4028 4150
f 4025 4150 4149
f 4025 4149 4144
f 4145 4144 4149
f 4152 4030 4026
f 4152 4026 4151
f 4151 4026 4147
f 4030 4152 4031
f 4148 4034 4153
f 4029 4034 4148
f 4154 4150 4148
f 4153 4154 4148
f 4152 4151 4155
f 4155 4031 4152
f 4155 4156 4031
f 4156 4035 4031
f 4037 4038 4157
f 4037 4157 4159
f 4034 4037 4159
f 4034 4159 4158
f 4034 4158 4153
f 4154 4153 4158
f 4161 4039 4035
f 4161 4035 4160
f 4160 4035 4156
f 4039 4161 4040
f 4157 4043 4162
f 4038 4043 4157
f 4163 4159 4157
f 4162 4163 4157
f 4165 4161 4160
f 4164 4165 4160
f 4040 4165 4044
f 4161 4165 4040
f 4162 4047 4166
f 4043 4047 4162
f 4167 4163 4162
f 4166 4167 4162
f 4165 4164 4168
f 4168 4044 4165
f 4168 4169 4044
f 4169 4048 4044
f 4166 4171 4170
f 4166 4047 4171
f 4047 4051 4171
f 4167 4166 4170
f 4173 4052 4048
f 4173 4048 4172
f 4172 4048 4169
f 4052 4173 4053
f 4054 4055 4174
f 4054 4174 4175
f 4054 4175 4051
f 4051 4175 4171
f 4177 4173 4172
f 4176 4177 4172
f 4053 4177 4056
f 4173 4177 4053
f 4174 4057 4178
f 4055 4057 4174
f 4179 4175 4174
f 4178 4179 4174
f 4181 4177 4176
f 4180 4181 4176
f 4056 4181 4058
f 4177 4181 4056
f 4178 4059 4182
f 4057 4059 4178
f 4183 4179 4178
f 4182 4183 4178
f 4185 4181 4180
f 4184 4185 4180
f 4058 4185 4060
f 4181 4185 4058
f 4182 4061 4186
f 4059 4061 4182
f 4187 4183 4182
f 4186 4187 4182
f 4189 4185 4184
f 4188 4189 4184
f 4060 4189 4062
f 4185 4189 4060
f 4186 4063 4190
f 4061 4063 4186
f 4191 4187 4186
f 4190 4191 4186
f 4193 4189 4188
f 4192 4193 4188
f 4062 4193 4064
f 4189 4193 4062
f 4190 4065 4194
f 4063 4065 4190
f 4195 4191 4190
f 4194 4195 4190
f 4197 4193 4192
f 4196 4197 4192
f 4064 4197 4066
f 4193 4197 4064
f 4194 4067 4198
f 4065 4067 4194
f 4199 4195 4194
f 4198 4199 4194
f 4201 4197 4196
f 4200 4201 4196
f 4066 4201 4068
f 4197 4201 4066
f 4198 4069 4202
f 4067 4069 4198
f 4203 4199 4198
f 4202 4203 4198
f 4205 4201 4200
f 4204 4205 4200
f 4068 4205 4070
f 4201 4205 4068
f 4202 4071 4206
f 4069 4071 4202
f 4207 4203 4202
f 4206 4207 4202
f 4209 4205 4204
f 4208 4209 4204
f 4070 4209 4072
f 4205 4209 4070
f 4206 4073 4210
f 4071 4073 4206
f 4211 4207 4206
f 4210 4211 4206
f 4213 4209 4208
f 4212 4213 4208
f 4072 4213 4074
f 4209 4213 4072
f 4210 4075 4214
f 4073 4075 4210
f 4215 4211 4210
f 4214 4215 4210
f 4217 4213 4212
f 4216 4217 4212
f 4074 4217 4076
f 4213 4217 4074
f 4214 4077 4218
f 4075 4077 4214
f 4219 4215 4214
f 4218 4219 4214
f 4221 4217 4216
f 4220 4221 4216
f 4076 4221 4078
f 4217 4221 4076
f 4218 4079 4222
f 4077 4079 4218
f 4223 4219 4218
f 4222 4223 4218
f 4225 4221 4220
f 4224 4225 4220
f 4078 4225 4080
f 4221 4225 4078
f 4079 4081 4222
f 4222 4081 4083
f 4222 4083 4223
f 4223 4083 4226
f 4084 4225 4224
f 4084 4224 4085
f 4085 4224 4227
f 4080 4225 4084
f 4228 4088 4229
f 4228 4226 4088
f 4226 4083 4088
f 4228 4229 4230
f 4233 4231 4232
f 4233 4227 4231
f 4233 4089 4227
f 4089 4085 4227
f 4229 4092 4234
f 4088 4092 4229
f 4235 4230 4229
f 4234 4235 4229
f 4237 4233 4232
f 4236 4237 4232
f 4089 4237 4093
f 4233 4237 4089
f 4092 4095 4234
f 4234 4095 4097
f 4234 4097 4235
f 4235 4097 4238
f 4098 4237 4236
f 4098 4236 4099
f 4099 4236 4239
f 4093 4237 4098
f 4240 4102 4241
f 4240 4238 4102
f 4238 4097 4102
f 4240 4241 4242
f 4245 4243 4244
f 4245 4239 4243
f 4245 4103 4239
f 4103 4099 4239
f 4102 4105 4241
f 4241 4105 4107
f 4241 4107 4242
f 4242 4107 4246
f 4108 4245 4244
f 4108 4244 4109
f 4109 4244 4247
f 4103 4245 4108
f 4107 4248 4246
f 4111 4248 4107
f 4248 4111 4113
f 4249 4248 4113
f 4114 4250 4251
f 4115 4114 4251
f 4247 4114 4109
f 4250 4114 4247
f 4113 4252 4249
f 4117 4252 4113
f 4252 4117 4118
f 4253 4252 4118
f 4119 4254 4255
f 4120 4119 4255
f 4251 4119 4115
f 4254 4119 4251
f 4118 4256 4253
f 4121 4256 4118
f 4122 4257 4121
f 4121 4257 4256
f 4259 4258 4257
f 4259 4257 4123
f 4123 4257 4122
f 4123 4124 4260
f 4259 4123 4260
f 4262 4260 4124
f 4262 4124 4261
f 4261 4124 4125
f 4126 4263 4125
f 4125 4263 4261
f 4255 4126 4120
f 4263 4126 4255
f 4259 4264 4258
f 4260 4264 4259
f 4265 4264 4260
f 4262 4265 4260
f 4127 4267 4266
f 4128 4267 4127
f 4130 4127 4268
f 4127 4266 4268
f 4268 4132 4130
f 4269 4132 4268
f 4133 4271 4270
f 4134 4271 4133
f 4135 4133 4272
f 4133 4270 4272
f 4267 4128 4135
f 4272 4267 4135
f 4132 4269 4273
f 4136 4132 4273
f 4137 4136 4274
f 4136 4273 4274
f 4274 4138 4137
f 4275 4138 4274
f 4139 4277 4276
f 4140 4277 4139
f 4271 4134 4139
f 4276 4271 4139
f 4138 4275 4278
f 4141 4138 4278
f 4278 4142 4141
f 4279 4142 4278
f 4140 4145 4277
f 4277 4145 4280
f 4282 4146 4142
f 4282 4142 4281
f 4281 4142 4279
f 4146 4282 4147
f 4149 4284 4283
f 4150 4284 4149
f 4280 4145 4149
f 4283 4280 4149
f 4282 4281 4285
f 4285 4147 4282
f 4285 4286 4147
f 4286 4151 4147
f 4150 4154 4284
f 4284 4154 4287
f 4289 4155 4151
f 4289 4151 4288
f 4288 4151 4286
f 4155 4289 4156
f 4158 4159 4290
f 4158 4290 4291
f 4158 4291 4154
f 4154 4291 4287
f 4293 4289 4288
f 4292 4293 4288
f 4156 4293 4160
f 4289 4293 4156
f 4290 4163 4294
f 4159 4163 4290
f 4295 4291 4290
f 4294 4295 4290
f 4297 4293 4292
f 4296 4297 4292
f 4160 4297 4164
f 4293 4297 4160
f 4294 4299 4298
f 4294 4163 4299
f 4163 4167 4299
f 4295 4294 4298
f 4297 4296 4300
f 4302 4300 4301
f 4168 4300 4302
f 4168 4297 4300
f 4168 4164 4297
f 4168 4302 4169
f 4170 4171 4303
f 4170 4303 4304
f 4170 4304 4167
f 4167 4304 4299
f 4306 4302 4301
f 4305 4306 4301
f 4169 4306 4172
f 4302 4306 4169
f 4303 4175 4307
f 4171 4175 4303
f 4308 4304 4303
f 4307 4308 4303
f 4310 4306 4305
f 4309 4310 4305
f 4172 4310 4176
f 4306 4310 4172
f 4307 4179 4311
f 4175 4179 4307
f 4312 4308 4307
f 4311 4312 4307
f 4314 4310 4309
f 4313 4314 4309
f 4176 4314 4180
f 4310 4314 4176
f 4311 4183 4315
f 4179 4183 4311
f 4316 4312 4311
f 4315 4316 4311
f 4318 4314 4313
f 4317 4318 4313
f 4180 4318 4184
f 4314 4318 4180
f 4315 4187 4319
f 4183 4187 4315
f 4320 4316 4315
f 4319 4320 4315
f 4322 4318 4317
f 4321 4322 4317
f 4184 4322 4188
f 4318 4322 4184
f 4319 4191 4323
f 4187 4191 4319
f 4324 4320 4319
f 4323 4324 4319
f 4326 4322 4321
f 4325 4326 4321
f 4188 4326 4192
f 4322 4326 4188
f 4323 4195 4327
f 4191 4195 4323
f 4328 4324 4323
f 4327 4328 4323
f 4330 4326 4325
f 4329 4330 4325
f 4192 4330 4196
f 4326 4330 4192
f 4327 4199 4331
f 4195 4199 4327
f 4332 4328 4327
f 4331 4332 4327
f 4334 4330 4329
f 4333 4334 4329
f 4196 4334 4200
f 4330 4334 4196
f 4331 4203 4335
f 4199 4203 4331
f 4336 4332 4331
f 4335 4336 4331
f 4338 4334 4333
f 4337 4338 4333
f 4200 4338 4204
f 4334 4338 4200
f 4335 4207 4339
f 4203 4207 4335
f 4340 4336 4335
f 4339 4340 4335
f 4342 4338 4337
f 4341 4342 4337
f 4204 4342 4208
f 4338 4342 4204
f 4339 4211 4343
f 4207 4211 4339
f 4344 4340 4339
f 4343 4344 4339
f 4346 4342 4341
f 4345 4346 4341
f 4208 4346 4212
f 4342 4346 4208
f 4343 4215 4347
f 4211 4215 4343
f 4348 4344 4343
f 4347 4348 4343
f 4350 4346 4345
f 4349 4350 4345
f 4212 4350 4216
f 4346 4350 4212
f 4347 4219 4351
f 4215 4219 4347
f 4352 4348 4347
f 4351 4352 4347
f 4354 4350 4349
f 4353 4354 4349
f 4216 4354 4220
f 4350 4354 4216
f 4351 4223 4355
f 4219 4223 4351
f 4356 4352 4351
f 4355 4356 4351
f 4358 4354 4353
f 4357 4358 4353
f 4220 4358 4224
f 4354 4358 4220
f 4355 4226 4359
f 4223 4226 4355
f 4360 4356 4355
f 4359 4360 4355
f 4362 4358 4357
f 4361 4362 4357
f 4224 4362 4227
f 4358 4362 4224
f 4226 4228 4359
f 4359 4228 4230
f 4359 4230 4360
f 4360 4230 4363
f 4366 4364 4365
f 4361 4364 4366
f 4362 4361 4366
f 4362 4366 4232
f 4362 4232 4231
f 4227 4362 4231
f 4367 4235 4368
f 4367 4363 4235
f 4363 4230 4235
f 4367 4368 4369
f 4371 4366 4365
f 4370 4371 4365
f 4232 4371 4236
f 4366 4371 4232
f 4368 4238 4372
f 4235 4238 4368
f 4373 4369 4368
f 4372 4373 4368
f 4375 4371 4370
f 4374 4375 4370
f 4236 4375 4239
f 4371 4375 4236
f 4238 4240 4372
f 4372 4240 4242
f 4372 4242 4373
f 4373 4242 4376
f 4243 4375 4374
f 4243 4374 4244
f 4244 4374 4377
f 4239 4375 4243
f 4378 4246 4379
f 4378 4376 4246
f 4376 4242 4246
f 4378 4379 4380
f 4383 4381 4382
f 4383 4377 4381
f 4383 4247 4377
f 4247 4244 4377
f 4246 4248 4379
f 4379 4248 4249
f 4379 4249 4380
f 4380 4249 4384
f 4250 4383 4382
f 4250 4382 4251
f 4251 4382 4385
f 4247 4383 4250
f 4249 4386 4384
f 4252 4386 4249
f 4386 4252 4253
f 4387 4386 4253
f 4254 4388 4389
f 4255 4254 4389
f 4385 4254 4251
f 4388 4254 4385
f 4253 4390 4387
f 4256 4390 4253
f 4257 4391 4256
f 4256 4391 4390
f 4391 4257 4258
f 4392 4391 4258
f 4261 4393 4394
f 4262 4261 4394
f 4263 4395 4261
f 4261 4395 4393
f 4389 4263 4255
f 4395 4263 4389
f 4258 4396 4392
f 4264 4396 4258
f 4265 4397 4264
f 4264 4397 4396
f 4394 4265 4262
f 4397 4265 4394
f 4266 4399 4398
f 4267 4399 4266
f 4268 4266 4400
f 4266 4398 4400
f 4400 4269 4268
f 4401 4269 4400
f 4270 4403 4402
f 4271 4403 4270
f 4272 4270 4404
f 4270 4402 4404
f 4399 4267 4272
f 4404 4399 4272
f 4269 4401 4405
f 4273 4269 4405
f 4274 4273 4406
f 4273 4405 4406
f 4406 4275 4274
f 4407 4275 4406
f 4276 4277 4408
f 4276 4408 4409
f 4276 4409 4271
f 4271 4409 4403
f 4275 4407 4410
f 4278 4275 4410
f 4410 4279 4278
f 4411 4279 4410
f 4408 4413 4412
f 4408 4277 4413
f 4277 4280 4413
f 4409 4408 4412
f 4279 4411 4281
f 4411 4414 4281
f 4283 4284 4415
f 4283 4415 4416
f 4283 4416 4280
f 4280 4416 4413
f 4418 4285 4281
f 4418 4281 4417
f 4417 4281 4414
f 4285 4418 4286
f 4415 4287 4419
f 4284 4287 4415
f 4420 4416 4415
f 4419 4420 4415
f 4422 4418 4417
f 4421 4422 4417
f 4286 4422 4288
f 4418 4422 4286
f 4419 4291 4423
f 4287 4291 4419
f 4424 4420 4419
f 4423 4424 4419
f 4426 4422 4421
f 4425 4426 4421
f 4288 4426 4292
f 4422 4426 4288
f 4423 4428 4427
f 4423 4291 4428
f 4291 4295 4428
f 4424 4423 4427
f 4426 4425 4429
f 4429 4292 4426
f 4429 4430 4292
f 4430 4296 4292
f 4298 4299 4431
f 4298 4431 4432
f 4298 4432 4295
f 4295 4432 4428
f 4434 4300 4296
f 4434 4296 4433
f 4433 4296 4430
f 4300 4434 4301
f 4431 4304 4435
f 4299 4304 4431
f 4436 4432 4431
f 4435 4436 4431
f 4438 4434 4433
f 4437 4438 4433
f 4301 4438 4305
f 4434 4438 4301
f 4435 4440 4439
f 4435 4304 4440
f 4304 4308 4440
f 4436 4435 4439
f 4442 4438 4437
f 4441 4442 4437
f 4305 4442 4309
f 4438 4442 4305
f 4308 4312 4440
f 4440 4312 4443
f 4442 4441 4444
f 4444 4309 4442
f 4444 4445 4309
f 4445 4313 4309
f 4312 4316 4443
f 4443 4316 4446
f 4313 4445 4317
f 4445 4447 4317
f 4316 4320 4446
f 4446 4320 4448
f 4317 4447 4321
f 4447 4449 4321
f 4320 4324 4448
f 4448 4324 4450
f 4321 4449 4325
f 4449 4451 4325
f 4324 4328 4450
f 4450 4328 4452
f 4325 4451 4329
f 4451 4453 4329
f 4328 4332 4452
f 4452 4332 4454
f 4329 4453 4333
f 4453 4455 4333
f 4332 4336 4454
f 4454 4336 4456
f 4333 4455 4337
f 4455 4457 4337
f 4336 4340 4456
f 4456 4340 4458
f 4337 4457 4341
f 4457 4459 4341
f 4340 4344 4458
f 4458 4344 4460
f 4341 4459 4345
f 4459 4461 4345
f 4344 4348 4460
f 4460 4348 4462
f 4345 4461 4349
f 4461 4463 4349
f 4348 4352 4462
f 4462 4352 4464
f 4467 4465 4466
f 4467 4463 4465
f 4467 4353 4463
f 4353 4349 4463
f 4468 4356 4469
f 4468 4464 4356
f 4464 4352 4356
f 4468 4469 4470
f 4472 4467 4466
f 4471 4472 4466
f 4353 4472 4357
f 4467 4472 4353
f 4469 4360 4473
f 4356 4360 4469
f 4474 4470 4469
f 4473 4474 4469
f 4476 4472 4471
f 4475 4476 4471
f 4357 4476 4361
f 4472 4476 4357
f 4473 4363 4477
f 4360 4363 4473
f 4478 4474 4473
f 4477 4478 4473
f 4364 4476 4475
f 4364 4475 4365
f 4365 4475 4479
f 4361 4476 4364
f 4363 4367 4477
f 4477 4367 4369
f 4477 4369 4478
f 4478 4369 4480
f 4483 4481 4482
f 4483 4479 4481
f 4483 4370 4479
f 4370 4365 4479
f 4484 4373 4485
f 4484 4480 4373
f 4480 4369 4373
f 4484 4485 4486
f 4488 4483 4482
f 4487 4488 4482
f 4370 4488 4374
f 4483 4488 4370
f 4485 4376 4489
f 4373 4376 4485
f 4490 4486 4485
f 4489 4490 4485
f 4492 4488 4487
f 4491 4492 4487
f 4374 4492 4377
f 4488 4492 4374
f 4376 4378 4489
f 4489 4378 4380
f 4489 4380 4490
f 4490 4380 4493
f 4381 4492 4491
f 4381 4491 4382
f 4382 4491 4494
f 4377 4492 4381
f 4380 4384 4493
f 4493 4384 4495
f 4382 4494 4385
f 4494 4496 4385
f 4384 4497 4495
f 4386 4497 4384
f 4497 4386 4387
f 4498 4497 4387
f 4388 4499 4500
f 4389 4388 4500
f 4496 4388 4385
f 4499 4388 4496
f 4387 4501 4498
f 4390 4501 4387
f 4391 4502 4390
f 4390 4502 4501
f 4502 4391 4392
f 4503 4502 4392
f 4393 4504 4505
f 4394 4393 4505
f 4395 4506 4393
f 4393 4506 4504
f 4500 4395 4389
f 4506 4395 4500
f 4392 4507 4503
f 4396 4507 4392
f 4397 4508 4396
f 4396 4508 4507
f 4505 4397 4394
f 4508 4397 4505
f 4398 4510 4509
f 4399 4510 4398
f 4400 4398 4511
f 4398 4509 4511
f 4401 4512 4513
f 4401 4400 4512
f 4400 4511 4512
f 4512 4514 4513
f 4402 4516 4515
f 4403 4516 4402
f 4404 4402 4517
f 4402 4515 4517
f 4510 4399 4404
f 4517 4510 4404
f 4401 4513 4405
f 4513 4514 4518
f 4513 4518 4405
f 4405 4518 4406
f 4518 4407 4406
f 4519 4407 4518
f 4403 4409 4516
f 4516 4409 4520
f 4407 4519 4521
f 4410 4407 4521
f 4521 4411 4410
f 4522 4411 4521
f 4412 4524 4523
f 4413 4524 4412
f 4520 4409 4412
f 4523 4520 4412
f 4411 4522 4414
f 4522 4525 4414
f 4413 4416 4524
f 4524 4416 4526
f 4414 4525 4417
f 4525 4527 4417
f 4416 4420 4526
f 4526 4420 4528
f 4417 4527 4421
f 4527 4529 4421
f 4420 4424 4528
f 4528 4424 4530
f 4421 4529 4425
f 4529 4531 4425
f 4427 4428 4532
f 4427 4532 4533
f 4427 4533 4424
f 4424 4533 4530
f 4535 4429 4425
f 4535 4425 4534
f 4534 4425 4531
f 4429 4535 4430
f 4532 4432 4536
f 4428 4432 4532
f 4537 4533 4532
f 4536 4537 4532
f 4539 4535 4534
f 4538 4539 4534
f 4430 4539 4433
f 4535 4539 4430
f 4536 4541 4540
f 4536 4432 4541
f 4432 4436 4541
f 4537 4536 4540
f 4543 4539 4538
f 4542 4543 4538
f 4433 4543 4437
f 4539 4543 4433
f 4439 4440 4544
f 4439 4544 4545
f 4439 4545 4436
f 4436 4545 4541
f 4543 4542 4546
f 4546 4437 4543
f 4546 4547 4437
f 4547 4441 4437
f 4544 4443 4548
f 4440 4443 4544
f 4549 4545 4544
f 4548 4549 4544
f 4551 4444 4441
f 4551 4441 4550
f 4550 4441 4547
f 4444 4551 4445
f 4548 4446 4552
f 4443 4446 4548
f 4553 4549 4548
f 4552 4553 4548
f 4555 4551 4550
f 4554 4555 4550
f 4445 4555 4447
f 4551 4555 4445
f 4552 4448 4556
f 4446 4448 4552
f 4557 4553 4552
f 4556 4557 4552
f 4559 4555 4554
f 4558 4559 4554
f 4447 4559 4449
f 4555 4559 4447
f 4556 4450 4560
f 4448 4450 4556
f 4561 4557 4556
f 4560 4561 4556
f 4563 4559 4558
f 4562 4563 4558
f 4449 4563 4451
f 4559 4563 4449
f 4560 4452 4564
f 4450 4452 4560
f 4565 4561 4560
f 4564 4565 4560
f 4567 4563 4562
f 4566 4567 4562
f 4451 4567 4453
f 4563 4567 4451
f 4564 4454 4568
f 4452 4454 4564
f 4569 4565 4564
f 4568 4569 4564
f 4571 4567 4566
f 4570 4571 4566
f 4453 4571 4455
f 4567 4571 4453
f 4568 4456 4572
f 4454 4456 4568
f 4573 4569 4568
f 4572 4573 4568
f 4575 4571 4570
f 4574 4575 4570
f 4455 4575 4457
f 4571 4575 4455
f 4572 4458 4576
f 4456 4458 4572
f 4577 4573 4572
f 4576 4577 4572
f 4579 4575 4574
f 4578 4579 4574
f 4457 4579 4459
f 4575 4579 4457
f 4576 4460 4580
f 4458 4460 4576
f 4581 4577 4576
f 4580 4581 4576
f 4583 4579 4578
f 4582 4583 4578
f 4459 4583 4461
f 4579 4583 4459
f 4580 4462 4584
f 4460 4462 4580
f 4585 4581 4580
f 4584 4585 4580
f 4587 4583 4582
f 4586 4587 4582
f 4461 4587 4463
f 4583 4587 4461
f 4584 4464 4588
f 4462 4464 4584
f 4589 4585 4584
f 4588 4589 4584
f 4465 4587 4586
f 4465 4586 4466
f 4466 4586 4590
f 4463 4587 4465
f 4464 4468 4588
f 4588 4468 4470
f 4588 4470 4589
f 4589 4470 4591
f 4594 4592 4593
f 4594 4590 4592
f 4594 4471 4590
f 4471 4466 4590
f 4595 4474 4596
f 4595 4591 4474
f 4591 4470 4474
f 4595 4596 4597
f 4599 4594 4593
f 4598 4599 4593
f 4471 4599 4475
f 4594 4599 4471
f 4596 4478 4600
f 4474 4478 4596
f 4601 4597 4596
f 4600 4601 4596
f 4603 4599 4598
f 4602 4603 4598
f 4475 4603 4479
f 4599 4603 4475
f 4600 4480 4604
f 4478 4480 4600
f 4605 4601 4600
f 4604 4605 4600
f 4481 4603 4602
f 4481 4602 4482
f 4482 4602 4606
f 4479 4603 4481
f 4480 4484 4604
f 4604 4484 4486
f 4604 4486 4605
f 4605 4486 4607
f 4482 4606 4487
f 4606 4608 4487
f 4486 4490 4607
f 4607 4490 4609
f 4487 4608 4491
f 4608 4610 4491
f 4490 4493 4609
f 4609 4493 4611
f 4491 4610 4494
f 4610 4612 4494
f 4493 4495 4611
f 4611 4495 4613
f 4616 4614 4615
f 4616 4612 4614
f 4616 4496 4612
f 4496 4494 4612
f 4495 4617 4613
f 4497 4617 4495
f 4617 4497 4498
f 4618 4617 4498
f 4499 4616 4615
f 4499 4615 4500
f 4500 4615 4619
f 4496 4616 4499
f 4498 4620 4618
f 4501 4620 4498
f 4622 4621 4620
f 4622 4620 4502
f 4502 4620 4501
f 4502 4503 4622
f 4504 4623 4624
f 4505 4504 4624
f 4506 4625 4504
f 4504 4625 4623
f 4619 4506 4500
f 4625 4506 4619
f 4622 4626 4621
f 4503 4626 4622
f 4503 4507 4626
f 4507 4627 4626
f 4508 4628 4507
f 4507 4628 4627
f 4624 4508 4505
f 4628 4508 4624
f 4631 4630 4629
f 4631 4509 4510
f 4631 4629 4509
f 4629 4632 4509
f 4511 4509 4633
f 4509 4632 4633
f 4512 4511 4634
f 4511 4633 4634
f 4634 4514 4512
f 4635 4514 4634
f 4515 4637 4636
f 4516 4637 4515
f 4630 4631 4517
f 4630 4517 4636
f 4636 4517 4515
f 4510 4517 4631
f 4514 4635 4638
f 4518 4514 4638
f 4638 4519 4518
f 4639 4519 4638
f 4516 4520 4637
f 4637 4520 4640
f 4642 4521 4519
f 4642 4519 4641
f 4641 4519 4639
f 4521 4642 4522
f 4523 4644 4643
f 4524 4644 4523
f 4640 4520 4523
f 4643 4640 4523
f 4642 4641 4645
f 4645 4522 4642
f 4645 4646 4522
f 4646 4525 4522
f 4524 4526 4644
f 4644 4526 4647
f 4525 4646 4527
f 4646 4648 4527
f 4649 4528 4650
f 4649 4647 4528
f 4647 4526 4528
f 4649 4650 4651
f 4654 4652 4653
f 4654 4648 4652
f 4654 4529 4648
f 4529 4527 4648
f 4650 4530 4655
f 4528 4530 4650
f 4656 4651 4650
f 4655 4656 4650
f 4658 4654 4653
f 4657 4658 4653
f 4529 4658 4531
f 4654 4658 4529
f 4655 4533 4659
f 4530 4533 4655
f 4660 4656 4655
f 4659 4660 4655
f 4662 4658 4657
f 4661 4662 4657
f 4531 4662 4534
f 4658 4662 4531
f 4659 4664 4663
f 4659 4533 4664
f 4533 4537 4664
f 4660 4659 4663
f 4666 4662 4661
f 4665 4666 4661
f 4534 4666 4538
f 4662 4666 4534
f 4540 4541 4667
f 4540 4667 4668
f 4540 4668 4537
f 4537 4668 4664
f 4666 4665 4669
f 4669 4538 4666
f 4669 4670 4538
f 4670 4542 4538
f 4667 4545 4671
f 4541 4545 4667
f 4672 4668 4667
f 4671 4672 4667
f 4674 4546 4542
f 4674 4542 4673
f 4673 4542 4670
f 4546 4674 4547
f 4671 4676 4675
f 4671 4545 4676
f 4545 4549 4676
f 4672 4671 4675
f 4678 4674 4673
f 4677 4678 4673
f 4547 4678 4550
f 4674 4678 4547
f 4549 4553 4676
f 4676 4553 4679
f 4681 4678 4677
f 4680 4681 4677
f 4550 4681 4554
f 4678 4681 4550
f 4553 4557 4679
f 4679 4557 4682
f 4681 4680 4683
f 4683 4554 4681
f 4683 4684 4554
f 4684 4558 4554
f 4557 4561 4682
f 4682 4561 4685
f 4558 4684 4562
f 4684 4686 4562
f 4561 4565 4685
f 4685 4565 4687
f 4690 4688 4689
f 4690 4686 4688
f 4690 4566 4686
f 4566 4562 4686
f 4565 4569 4687
f 4687 4569 4691
f 4693 4690 4689
f 4692 4693 4689
f 4566 4693 4570
f 4690 4693 4566
f 4569 4573 4691
f 4691 4573 4694
f 4693 4692 4695
f 4695 4570 4693
f 4695 4696 4570
f 4696 4574 4570
f 4573 4577 4694
f 4694 4577 4697
f 4574 4696 4578
f 4696 4698 4578
f 4577 4581 4697
f 4697 4581 4699
f 4702 4700 4701
f 4702 4698 4700
f 4702 4582 4698
f 4582 4578 4698
f 4581 4585 4699
f 4699 4585 4703
f 4705 4702 4701
f 4704 4705 4701
f 4582 4705 4586
f 4702 4705 4582
f 4706 4589 4707
f 4706 4703 4589
f 4703 4585 4589
f 4706 4707 4708
f 4710 4705 4704
f 4709 4710 4704
f 4586 4710 4590
f 4705 4710 4586
f 4707 4591 4711
f 4589 4591 4707
f 4712 4708 4707
f 4711 4712 4707
f 4592 4710 4709
f 4592 4709 4593
f 4593 4709 4713
f 4590 4710 4592
f 4591 4595 4711
f 4711 4595 4597
f 4711 4597 4712
f 4712 4597 4714
f 4717 4715 4716
f 4717 4713 4715
f 4717 4598 4713
f 4598 4593 4713
f 4718 4601 4719
f 4718 4714 4601
f 4714 4597 4601
f 4718 4719 4720
f 4722 4717 4716
f 4721 4722 4716
f 4598 4722 4602
f 4717 4722 4598
f 4719 4605 4723
f 4601 4605 4719
f 4724 4720 4719
f 4723 4724 4719
f 4726 4722 4721
f 4725 4726 4721
f 4602 4726 4606
f 4722 4726 4602
f 4723 4728 4727
f 4723 4605 4728
f 4605 4607 4728
f 4724 4723 4727
f 4730 4726 4725
f 4729 4730 4725
f 4606 4730 4608
f 4726 4730 4606
f 4607 4609 4728
f 4728 4609 4731
f 4733 4730 4729
f 4732 4733 4729
f 4608 4733 4610
f 4730 4733 4608
f 4609 4611 4731
f 4731 4611 4734
f 4736 4733 4732
f 4735 4736 4732
f 4610 4736 4612
f 4733 4736 4610
f 4611 4613 4734
f 4734 4613 4737
f 4614 4736 4735
f 4614 4735 4615
f 4615 4735 4738
f 4612 4736 4614
f 4613 4739 4737
f 4617 4739 4613
f 4739 4617 4618
f 4740 4739 4618
f 4615 4738 4619
f 4738 4741 4619
f 4618 4742 4740
f 4620 4742 4618
f 4742 4620 4621
f 4743 4742 4621
f 4623 4744 4624
f 4746 4744 4623
f 4746 4623 4745
f 4745 4623 4625
f 4741 4625 4619
f 4745 4625 4741
f 4621 4747 4743
f 4626 4747 4621
f 4627 4748 4626
f 4626 4748 4747
f 4628 4749 4627
f 4627 4749 4748
f 4744 4628 4624
f 4744 4750 4628
f 4750 4749 4628
f 4746 4750 4744
f 4629 4752 4751
f 4630 4752 4629
f 4632 4629 4753
f 4629 4751 4753
f 4633 4632 4754
f 4632 4753 4754
f 4634 4633 4755
f 4633 4754 4755
f 4755 4635 4634
f 4756 4635 4755
f 4636 4758 4757
f 4637 4758 4636
f 4752 4630 4636
f 4757 4752 4636
f 4635 4756 4759
f 4638 4635 4759
f 4759 4639 4638
f 4760 4639 4759
f 4637 4640 4758
f 4758 4640 4761
f 4639 4760 4641
f 4760 4762 4641
f 4643 4764 4763
f 4644 4764 4643
f 4761 4640 4643
f 4763 4761 4643
f 4766 4645 4641
f 4766 4641 4765
f 4765 4641 4762
f 4645 4766 4646
f 4767 4647 4768
f 4767 4764 4647
f 4764 4644 4647
f 4767 4768 4769
f 4771 4766 4765
f 4770 4771 4765
f 4646 4771 4648
f 4766 4771 4646
f 4647 4649 4768
f 4768 4649 4651
f 4768 4651 4769
f 4769 4651 4772
f 4652 4771 4770
f 4652 4770 4653
f 4653 4770 4773
f 4648 4771 4652
f 4651 4656 4772
f 4772 4656 4774
f 4653 4773 4657
f 4773 4775 4657
f 4656 4660 4774
f 4774 4660 4776
f 4779 4777 4778
f 4779 4775 4777
f 4779 4661 4775
f 4661 4657 4775
f 4663 4664 4780
f 4663 4780 4781
f 4663 4781 4660
f 4660 4781 4776
f 4779 4778 4782
f 4782 4661 4779
f 4782 4783 4661
f 4783 4665 4661
f 4780 4668 4784
f 4664 4668 4780
f 4785 4781 4780
f 4784 4785 4780
f 4787 4669 4665
f 4787 4665 4786
f 4786 4665 4783
f 4669 4787 4670
f 4784 4789 4788
f 4784 4668 4789
f 4668 4672 4789
f 4785 4784 4788
f 4791 4787 4786
f 4790 4791 4786
f 4670 4791 4673
f 4787 4791 4670
f 4675 4676 4792
f 4675 4792 4793
f 4675 4793 4672
f 4672 4793 4789
f 4791 4790 4794
f 4794 4673 4791
f 4794 4795 4673
f 4795 4677 4673
f 4792 4679 4796
f 4676 4679 4792
f 4797 4793 4792
f 4796 4797 4792
f 4677 4795 4680
f 4795 4798 4680
f 4796 4682 4799
f 4679 4682 4796
f 4800 4797 4796
f 4799 4800 4796
f 4802 4683 4680
f 4802 4680 4801
f 4801 4680 4798
f 4683 4802 4684
f 4799 4685 4803
f 4682 4685 4799
f 4804 4800 4799
f 4803 4804 4799
f 4806 4802 4801
f 4805 4806 4801
f 4684 4806 4686
f 4802 4806 4684
f 4803 4687 4807
f 4685 4687 4803
f 4808 4804 4803
f 4807 4808 4803
f 4688 4806 4805
f 4688 4805 4689
f 4689 4805 4809
f 4686 4806 4688
f 4807 4691 4810
f 4687 4691 4807
f 4811 4808 4807
f 4810 4811 4807
f 4689 4809 4692
f 4809 4812 4692
f 4810 4694 4813
f 4691 4694 4810
f 4814 4811 4810
f 4813 4814 4810
f 4816 4695 4692
f 4816 4692 4815
f 4815 4692 4812
f 4695 4816 4696
f 4813 4697 4817
f 4694 4697 4813
f 4818 4814 4813
f 4817 4818 4813
f 4820 4816 4815
f 4819 4820 4815
f 4696 4820 4698
f 4816 4820 4696
f 4817 4699 4821
f 4697 4699 4817
f 4822 4818 4817
f 4821 4822 4817
f 4700 4820 4819
f 4700 4819 4701
f 4701 4819 4823
f 4698 4820 4700
f 4821 4703 4824
f 4699 4703 4821
f 4825 4822 4821
f 4824 4825 4821
f 4701 4823 4704
f 4823 4826 4704
f 4703 4706 4824
f 4824 4706 4708
f 4824 4708 4825
f 4825 4708 4827
f 4830 4828 4829
f 4830 4826 4828
f 4830 4709 4826
f 4709 4704 4826
f 4831 4712 4832
f 4831 4827 4712
f 4827 4708 4712
f 4831 4832 4833
f 4835 4830 4829
f 4834 4835 4829
f 4709 4835 4713
f 4830 4835 4709
f 4832 4714 4836
f 4712 4714 4832
f 4837 4833 4832
f 4836 4837 4832
f 4715 4835 4834
f 4715 4834 4716
f 4716 4834 4838
f 4713 4835 4715
f 4714 4718 4836
f 4836 4718 4720
f 4836 4720 4837
f 4837 4720 4839
f 4842 4840 4841
f 4842 4838 4840
f 4842 4721 4838
f 4721 4716 4838
f 4720 4724 4839
f 4839 4724 4843
f 4842 4841 4844
f 4844 4721 4842
f 4844 4845 4721
f 4845 4725 4721
f 4727 4728 4846
f 4727 4846 4847
f 4727 4847 4724
f 4724 4847 4843
f 4725 4845 4729
f 4845 4848 4729
f 4846 4850 4849
f 4846 4728 4850
f 4728 4731 4850
f 4847 4846 4849
f 4729 4848 4732
f 4848 4851 4732
f 4731 4734 4850
f 4850 4734 4852
f 4732 4851 4735
f 4851 4853 4735
f 4734 4737 4852
f 4852 4737 4854
f 4735 4853 4738
f 4853 4855 4738
f 4737 4856 4854
f 4739 4856 4737
f 4856 4739 4740
f 4857 4856 4740
f 4738 4855 4741
f 4855 4858 4741
f 4740 4859 4857
f 4742 4859 4740
f 4859 4742 4743
f 4860 4859 4743
f 4745 4861 4862
f 4746 4745 4862
f 4858 4745 4741
f 4861 4745 4858
f 4743 4863 4860
f 4747 4863 4743
f 4748 4864 4747
f 4747 4864 4863
f 4749 4865 4748
f 4748 4865 4864
f 4750 4866 4749
f 4749 4866 4865
f 4862 4750 4746
f 4866 4750 4862
f 4751 4868 4867
f 4752 4868 4751
f 4753 4751 4869
f 4751 4867 4869
f 4754 4753 4870
f 4753 4869 4870
f 4755 4754 4871
f 4754 4870 4871
f 4871 4756 4755
f 4872 4756 4871
f 4757 4874 4873
f 4758 4874 4757
f 4868 4752 4757
f 4873 4868 4757
f 4756 4872 4875
f 4759 4756 4875
f 4875 4760 4759
f 4876 4760 4875
f 4758 4761 4874
f 4874 4761 4877
f 4760 4876 4762
f 4876 4878 4762
f 4763 4764 4879
f 4763 4879 4880
f 4763 4880 4761
f 4761 4880 4877
f 4762 4878 4765
f 4878 4881 4765
f 4764 4767 4879
f 4879 4767 4769
f 4879 4769 4880
f 4880 4769 4882
f 4765 4881 4770
f 4881 4883 4770
f 4769 4772 4882
f 4882 4772 4884
f 4887 4885 4886
f 4887 4883 4885
f 4887 4773 4883
f 4773 4770 4883
f 4888 4774 4889
f 4888 4884 4774
f 4884 4772 4774
f 4888 4889 4890
f 4892 4887 4886
f 4891 4892 4886
f 4773 4892 4775
f 4887 4892 4773
f 4889 4776 4893
f 4774 4776 4889
f 4894 4890 4889
f 4893 4894 4889
f 4777 4892 4891
f 4777 4891 4778
f 4778 4891 4895
f 4775 4892 4777
f 4893 4781 4896
f 4776 4781 4893
f 4897 4894 4893
f 4896 4897 4893
f 4899 4782 4778
f 4899 4778 4898
f 4898 4778 4895
f 4782 4899 4783
f 4896 4901 4900
f 4896 4781 4901
f 4781 4785 4901
f 4897 4896 4900
f 4903 4899 4898
f 4902 4903 4898
f 4783 4903 4786
f 4899 4903 4783
f 4788 4789 4904
f 4788 4904 4905
f 4788 4905 4785
f 4785 4905 4901
f 4903 4902 4906
f 4906 4786 4903
f 4906 4907 4786
f 4907 4790 4786
f 4904 4909 4908
f 4904 4789 4909
f 4789 4793 4909
f 4905 4904 4908
f 4911 4794 4790
f 4911 4790 4910
f 4910 4790 4907
f 4794 4911 4795
f 4793 4797 4909
f 4909 4797 4912
f 4914 4911 4910
f 4913 4914 4910
f 4795 4914 4798
f 4911 4914 4795
f 4797 4800 4912
f 4912 4800 4915
f 4917 4914 4913
f 4916 4917 4913
f 4798 4917 4801
f 4914 4917 4798
f 4918 4804 4919
f 4918 4915 4804
f 4915 4800 4804
f 4918 4919 4920
f 4922 4917 4916
f 4921 4922 4916
f 4801 4922 4805
f 4917 4922 4801
f 4919 4808 4923
f 4804 4808 4919
f 4924 4920 4919
f 4923 4924 4919
f 4926 4922 4921
f 4925 4926 4921
f 4805 4926 4809
f 4922 4926 4805
f 4923 4811 4927
f 4808 4811 4923
f 4928 4924 4923
f 4927 4928 4923
f 4930 4926 4925
f 4929 4930 4925
f 4809 4930 4812
f 4926 4930 4809
f 4927 4814 4931
f 4811 4814 4927
f 4932 4928 4927
f 4931 4932 4927
f 4934 4930 4929
f 4933 4934 4929
f 4812 4934 4815
f 4930 4934 4812
f 4931 4936 4935
f 4931 4814 4936
f 4814 4818 4936
f 4932 4931 4935
f 4934 4933 4937
f 4937 4815 4934
f 4937 4938 4815
f 4938 4819 4815
f 4818 4822 4936
f 4936 4822 4939
f 4942 4940 4941
f 4942 4938 4940
f 4942 4823 4938
f 4823 4819 4938
f 4822 4825 4939
f 4939 4825 4943
f 4945 4942 4941
f 4944 4945 4941
f 4823 4945 4826
f 4942 4945 4823
f 4946 4827 4947
f 4946 4943 4827
f 4943 4825 4827
f 4946 4947 4948
f 4828 4945 4944
f 4828 4944 4829
f 4829 4944 4949
f 4826 4945 4828
f 4827 4831 4947
f 4947 4831 4833
f 4947 4833 4948
f 4948 4833 4950
f 4953 4951 4952
f 4953 4949 4951
f 4953 4834 4949
f 4834 4829 4949
f 4833 4837 4950
f 4950 4837 4954
f 4956 4953 4952
f 4955 4956 4952
f 4834 4956 4838
f 4953 4956 4834
f 4957 4839 4958
f 4957 4954 4839
f 4954 4837 4839
f 4957 4958 4959
f 4840 4956 4955
f 4840 4955 4841
f 4841 4955 4960
f 4838 4956 4840
f 4958 4962 4961
f 4958 4839 4962
f 4839 4843 4962
f 4959 4958 4961
f 4964 4844 4841
f 4964 4841 4963
f 4963 4841 4960
f 4844 4964 4845
f 4843 4847 4962
f 4962 4847 4965
f 4967 4964 4963
f 4966 4967 4963
f 4845 4967 4848
f 4964 4967 4845
f 4849 4850 4968
f 4849 4968 4969
f 4849 4969 4847
f 4847 4969 4965
f 4967 4966 4970
f 4970 4848 4967
f 4970 4971 4848
f 4971 4851 4848
f 4968 4973 4972
f 4968 4850 4973
f 4850 4852 4973
f 4969 4968 4972
f 4851 4971 4853
f 4971 4974 4853
f 4975 4854 4976
f 4975 4973 4854
f 4973 4852 4854
f 4975 4976 4977
f 4853 4974 4855
f 4974 4978 4855
f 4854 4856 4976
f 4976 4856 4857
f 4976 4857 4977
f 4977 4857 4979
f 4855 4978 4858
f 4978 4980 4858
f 4857 4981 4979
f 4859 4981 4857
f 4981 4859 4860
f 4982 4981 4860
f 4861 4983 4984
f 4862 4861 4984
f 4980 4861 4858
f 4983 4861 4980
f 4860 4985 4982
f 4863 4985 4860
f 4864 4986 4863
f 4863 4986 4985
f 4865 4987 4864
f 4864 4987 4986
f 4866 4988 4865
f 4865 4988 4987
f 4984 4866 4862
f 4988 4866 4984
f 4867 4990 4989
f 4868 4990 4867
f 4869 4867 4991
f 4867 4989 4991
f 4870 4869 4992
f 4869 4991 4992
f 4871 4870 4993
f 4870 4992 4993
f 4993 4872 4871
f 4994 4872 4993
f 4873 4996 4995
f 4874 4996 4873
f 4990 4868 4873
f 4995 4990 4873
f 4872 4994 4997
f 4875 4872 4997
f 4997 4876 4875
f 4998 4876 4997
f 4874 4877 4996
f 4996 4877 4999
f 4876 4998 4878
f 4998 5000 4878
f 4877 4880 4999
f 4999 4880 5001
f 4878 5000 4881
f 5000 5002 4881
f 4880 4882 5001
f 5001 4882 5003
f 4881 5002 4883
f 5002 5004 4883
f 4882 4884 5003
f 5003 4884 5005
f 4885 5006 5007
f 4886 4885 5007
f 5004 4885 4883
f 5006 4885 5004
f 4884 5008 5005
f 4888 5008 4884
f 5008 4888 4890
f 5009 5008 4890
f 5012 5010 5011
f 5012 5007 5010
f 5012 4891 5007
f 4891 4886 5007
f 4890 4894 5009
f 5009 4894 5013
f 5015 5012 5011
f 5014 5015 5011
f 4891 5015 4895
f 5012 5015 4891
f 4894 4897 5013
f 5013 4897 5016
f 5018 5015 5014
f 5017 5018 5014
f 4895 5018 4898
f 5015 5018 4895
f 4900 4901 5019
f 4900 5019 5020
f 4900 5020 4897
f 4897 5020 5016
f 5018 5017 5021
f 5021 4898 5018
f 5021 5022 4898
f 5022 4902 4898
f 5019 5024 5023
f 5019 4901 5024
f 4901 4905 5024
f 5020 5019 5023
f 5026 4906 4902
f 5026 4902 5025
f 5025 4902 5022
f 4906 5026 4907
f 4908 4909 5027
f 4908 5027 5028
f 4908 5028 4905
f 4905 5028 5024
f 5026 5025 5029
f 5029 4907 5026
f 5029 5030 4907
f 5030 4910 4907
f 5027 4912 5031
f 4909 4912 5027
f 5032 5028 5027
f 5031 5032 5027
f 4910 5030 4913
f 5030 5033 4913
f 5031 4915 5034
f 4912 4915 5031
f 5035 5032 5031
f 5034 5035 5031
f 4913 5033 4916
f 5033 5036 4916
f 4915 4918 5034
f 5034 4918 4920
f 5034 4920 5035
f 5035 4920 5037
f 4916 5036 4921
f 5036 5038 4921
f 4920 4924 5037
f 5037 4924 5039
f 4921 5038 4925
f 5038 5040 4925
f 4924 4928 5039
f 5039 4928 5041
f 4925 5040 4929
f 5040 5042 4929
f 4928 4932 5041
f 5041 4932 5043
f 4929 5042 4933
f 5042 5044 4933
f 4935 4936 5045
f 4935 5045 5046
f 4935 5046 4932
f 4932 5046 5043
f 5048 4937 4933
f 5048 4933 5047
f 5047 4933 5044
f 4937 5048 4938
f 5045 4939 5049
f 4936 4939 5045
f 5050 5046 5045
f 5049 5050 5045
f 4940 5048 5047
f 4940 5047 4941
f 4941 5047 5051
f 4938 5048 4940
f 5049 4943 5052
f 4939 4943 5049
f 5053 5050 5049
f 5052 5053 5049
f 4941 5051 4944
f 5051 5054 4944
f 4943 4946 5052
f 5052 4946 4948
f 5052 4948 5053
f 5053 4948 5055
f 5058 5056 5057
f 5058 5054 5056
f 5058 4949 5054
f 4949 4944 5054
f 4948 4950 5055
f 5055 4950 5059
f 4951 5058 5057
f 4951 5057 4952
f 4952 5057 5060
f 4949 5058 4951
f 5061 4954 5062
f 5061 5059 4954
f 5059 4950 4954
f 5061 5062 5063
f 5066 5064 5065
f 5066 5060 5064
f 5066 4955 5060
f 4955 4952 5060
f 4954 4957 5062
f 5062 4957 4959
f 5062 4959 5063
f 5063 4959 5067
f 5069 5066 5065
f 5068 5069 5065
f 4955 5069 4960
f 5066 5069 4955
f 4961 5071 5070
f 4962 5071 4961
f 5067 4959 4961
f 5070 5067 4961
f 5069 5068 5072
f 5072 4960 5069
f 5072 5073 4960
f 5073 4963 4960
f 4962 4965 5071
f 5071 4965 5074
f 4963 5073 4966
f 5073 5075 4966
f 4965 4969 5074
f 5074 4969 5076
f 4966 5075 5077
f 4970 4966 5077
f 5077 4971 4970
f 5078 4971 5077
f 4972 5080 5079
f 4973 5080 4972
f 5076 4969 4972
f 5079 5076 4972
f 4971 5078 4974
f 5078 5081 4974
f 5083 4973 4975
f 5083 5082 4973
f 5082 5080 4973
f 4975 4977 5083
f 4974 5081 4978
f 5081 5084 4978
f 5083 5085 5082
f 5085 5083 4977
f 5085 4977 5086
f 5086 4977 4979
f 4978 5084 4980
f 5084 5087 4980
f 4979 5088 5086
f 4981 5088 4979
f 5088 4981 4982
f 5089 5088 4982
f 4983 5090 5091
f 4984 4983 5091
f 5087 4983 4980
f 5090 4983 5087
f 4982 5092 5089
f 4985 5092 4982
f 4986 5093 4985
f 4985 5093 5092
f 4987 5094 4986
f 4986 5094 5093
f 4988 5095 4987
f 4987 5095 5094
f 5091 4988 4984
f 5095 4988 5091
f 4989 5097 5096
f 4990 5097 4989
f 4991 4989 5098
f 4989 5096 5098
f 4992 4991 5099
f 4991 5098 5099
f 4993 4992 5100
f 4992 5099 5100
f 5100 4994 4993
f 5101 4994 5100
f 4995 5103 5102
f 4996 5103 4995
f 5097 4990 4995
f 5102 5097 4995
f 4994 5101 5104
f 4997 4994 5104
f 5104 4998 4997
f 5105 4998 5104
f 5108 5107 5106
f 5108 5106 5103
f 5108 5103 4999
f 4999 5103 4996
f 4998 5105 5000
f 5105 5109 5000
f 5111 5107 5108
f 5110 5107 5111
f 4999 5001 5111
f 5108 4999 5111
f 5000 5109 5002
f 5109 5112 5002
f 5114 5110 5111
f 5113 5110 5114
f 5001 5003 5114
f 5111 5001 5114
f 5002 5112 5004
f 5112 5115 5004
f 5114 5116 5113
f 5116 5114 5003
f 5116 5003 5117
f 5117 5003 5005
f 5006 5118 5119
f 5007 5006 5119
f 5115 5006 5004
f 5118 5006 5115
f 5121 5005 5008
f 5121 5120 5005
f 5120 5117 5005
f 5008 5009 5121
f 5010 5122 5123
f 5011 5010 5123
f 5119 5010 5007
f 5122 5010 5119
f 5121 5124 5120
f 5124 5121 5009
f 5124 5009 5125
f 5125 5009 5013
f 5011 5123 5014
f 5123 5126 5014
f 5013 5016 5125
f 5125 5016 5127
f 5014 5126 5017
f 5126 5128 5017
f 5131 5130 5129
f 5131 5129 5127
f 5131 5127 5020
f 5020 5127 5016
f 5133 5021 5017
f 5133 5017 5132
f 5132 5017 5128
f 5021 5133 5022
f 5023 5130 5131
f 5023 5024 5130
f 5024 5134 5130
f 5020 5023 5131
f 5133 5132 5135
f 5135 5022 5133
f 5135 5136 5022
f 5136 5025 5022
f 5024 5028 5134
f 5134 5028 5137
f 5139 5029 5025
f 5139 5025 5138
f 5138 5025 5136
f 5029 5139 5030
f 5028 5032 5137
f 5137 5032 5140
f 5139 5138 5141
f 5141 5030 5139
f 5141 5142 5030
f 5142 5033 5030
f 5032 5035 5140
f 5140 5035 5143
f 5033 5142 5036
f 5142 5144 5036
f 5145 5037 5146
f 5145 5143 5037
f 5143 5035 5037
f 5145 5146 5147
f 5150 5148 5149
f 5150 5144 5148
f 5150 5038 5144
f 5038 5036 5144
f 5146 5039 5151
f 5037 5039 5146
f 5152 5147 5146
f 5151 5152 5146
f 5154 5150 5149
f 5153 5154 5149
f 5038 5154 5040
f 5150 5154 5038
f 5151 5041 5155
f 5039 5041 5151
f 5156 5152 5151
f 5155 5156 5151
f 5158 5154 5153
f 5157 5158 5153
f 5040 5158 5042
f 5154 5158 5040
f 5155 5043 5159
f 5041 5043 5155
f 5160 5156 5155
f 5159 5160 5155
f 5162 5158 5157
f 5161 5162 5157
f 5042 5162 5044
f 5158 5162 5042
f 5159 5164 5163
f 5159 5043 5164
f 5043 5046 5164
f 5160 5159 5163
f 5162 5161 5165
f 5165 5044 5162
f 5165 5166 5044
f 5166 5047 5044
f 5046 5050 5164
f 5164 5050 5167
f 5047 5166 5051
f 5166 5168 5051
f 5050 5053 5167
f 5167 5053 5169
f 5172 5170 5171
f 5172 5168 5170
f 5172 5054 5168
f 5054 5051 5168
f 5053 5055 5169
f 5169 5055 5173
f 5056 5172 5171
f 5056 5171 5057
f 5057 5171 5174
f 5054 5172 5056
f 5055 5059 5173
f 5173 5059 5175
f 5178 5176 5177
f 5178 5174 5176
f 5178 5060 5174
f 5060 5057 5174
f 5180 5059 5061
f 5180 5179 5059
f 5179 5175 5059
f 5061 5063 5180
f 5064 5178 5177
f 5064 5177 5065
f 5065 5177 5181
f 5060 5178 5064
f 5183 5179 5180
f 5182 5179 5183
f 5063 5067 5183
f 5180 5063 5183
f 5065 5181 5068
f 5181 5184 5068
f 5070 5182 5183
f 5070 5071 5182
f 5071 5185 5182
f 5067 5070 5183
f 5068 5184 5186
f 5072 5068 5186
f 5186 5073 5072
f 5187 5073 5186
f 5190 5189 5188
f 5190 5188 5185
f 5190 5185 5074
f 5074 5185 5071
f 5073 5187 5075
f 5187 5191 5075
f 5193 5189 5190
f 5192 5189 5193
f 5074 5076 5193
f 5190 5074 5193
f 5075 5191 5194
f 5077 5075 5194
f 5194 5078 5077
f 5195 5078 5194
f 5079 5192 5193
f 5079 5080 5192
f 5080 5196 5192
f 5076 5079 5193
f 5078 5195 5081
f 5195 5197 5081
f 5080 5082 5196
f 5196 5082 5198
f 5081 5197 5084
f 5197 5199 5084
f 5082 5200 5198
f 5085 5200 5082
f 5200 5085 5086
f 5201 5200 5086
f 5084 5199 5087
f 5199 5202 5087
f 5086 5203 5201
f 5088 5203 5086
f 5203 5088 5089
f 5204 5203 5089
f 5090 5205 5206
f 5091 5090 5206
f 5202 5090 5087
f 5205 5090 5202
f 5089 5207 5204
f 5092 5207 5089
f 5093 5208 5092
f 5092 5208 5207
f 5094 5209 5093
f 5093 5209 5208
f 5095 5210 5094
f 5094 5210 5209
f 5206 5095 5091
f 5210 5095 5206
f 5213 5212 5211
f 5213 5096 5097
f 5213 5211 5096
f 5211 5214 5096
f 5098 5096 5215
f 5096 5214 5215
f 5099 5098 5216
f 5098 5215 5216
f 5100 5099 5217
f 5099 5216 5217
f 5217 5101 5100
f 5218 5101 5217
f 5221 5220 5219
f 5212 5221 5219
f 5213 5221 5212
f 5213 5103 5221
f 5213 5102 5103
f 5097 5102 5213
f 5101 5218 5222
f 5104 5101 5222
f 5222 5105 5104
f 5223 5105 5222
f 5106 5220 5221
f 5106 5107 5220
f 5107 5224 5220
f 5103 5106 5221
f 5105 5223 5109
f 5223 5225 5109
f 5107 5110 5224
f 5224 5110 5226
f 5109 5225 5112
f 5225 5227 5112
f 5110 5113 5226
f 5226 5113 5228
f 5231 5229 5230
f 5231 5227 5229
f 5231 5115 5227
f 5115 5112 5227
f 5233 5113 5116
f 5233 5232 5113
f 5232 5228 5113
f 5116 5117 5233
f 5118 5231 5230
f 5118 5230 5119
f 5119 5230 5234
f 5115 5231 5118
f 5236 5232 5233
f 5235 5232 5236
f 5117 5120 5236
f 5233 5117 5236
f 5122 5237 5238
f 5123 5122 5238
f 5234 5122 5119
f 5237 5122 5234
f 5240 5235 5236
f 5239 5235 5240
f 5120 5124 5241
f 5120 5241 5236
f 5236 5241 5240
f 5124 5125 5241
f 5123 5238 5126
f 5238 5242 5126
f 5244 5239 5240
f 5243 5239 5244
f 5241 5245 5240
f 5245 5244 5240
f 5125 5127 5245
f 5241 5125 5245
f 5126 5242 5128
f 5242 5246 5128
f 5248 5243 5244
f 5247 5243 5248
f 5129 5130 5248
f 5129 5248 5245
f 5245 5248 5244
f 5127 5129 5245
f 5128 5246 5132
f 5246 5249 5132
f 5251 5247 5248
f 5250 5247 5251
f 5130 5134 5251
f 5248 5130 5251
f 5253 5135 5132
f 5253 5132 5252
f 5252 5132 5249
f 5135 5253 5136
f 5251 5254 5250
f 5254 5251 5134
f 5254 5134 5255
f 5255 5134 5137
f 5253 5252 5256
f 5256 5136 5253
f 5256 5257 5136
f 5257 5138 5136
f 5137 5140 5255
f 5255 5140 5258
f 5260 5141 5138
f 5260 5138 5259
f 5259 5138 5257
f 5141 5260 5142
f 5140 5143 5258
f 5258 5143 5261
f 5263 5260 5259
f 5262 5263 5259
f 5142 5263 5144
f 5260 5263 5142
f 5143 5264 5261
f 5145 5264 5143
f 5264 5145 5147
f 5265 5264 5147
f 5148 5263 5262
f 5148 5262 5149
f 5149 5262 5266
f 5144 5263 5148
f 5267 5152 5268
f 5267 5265 5152
f 5265 5147 5152
f 5267 5268 5269
f 5272 5270 5271
f 5272 5266 5270
f 5272 5153 5266
f 5153 5149 5266
f 5268 5156 5273
f 5152 5156 5268
f 5274 5269 5268
f 5273 5274 5268
f 5276 5272 5271
f 5275 5276 5271
f 5153 5276 5157
f 5272 5276 5153
f 5273 5278 5277
f 5273 5156 5278
f 5156 5160 5278
f 5274 5273 5277
f 5276 5275 5279
f 5279 5157 5276
f 5279 5280 5157
f 5280 5161 5157
f 5163 5282 5281
f 5164 5282 5163
f 5278 5160 5163
f 5281 5278 5163
f 5284 5165 5161
f 5284 5161 5283
f 5283 5161 5280
f 5165 5284 5166
f 5164 5167 5282
f 5282 5167 5285
f 5287 5284 5283
f 5286 5287 5283
f 5166 5287 5168
f 5284 5287 5166
f 5290 5289 5288
f 5290 5288 5285
f 5290 5285 5169
f 5169 5285 5167
f 5170 5287 5286
f 5170 5286 5171
f 5171 5286 5291
f 5168 5287 5170
f 5293 5289 5290
f 5292 5289 5293
f 5169 5173 5293
f 5290 5169 5293
f 5171 5291 5174
f 5291 5294 5174
f 5296 5292 5293
f 5295 5292 5296
f 5173 5175 5296
f 5293 5173 5296
f 5176 5297 5298
f 5177 5176 5298
f 5294 5176 5174
f 5297 5176 5294
f 5300 5295 5296
f 5299 5295 5300
f 5175 5179 5300
f 5296 5175 5300
f 5177 5298 5181
f 5298 5301 5181
f 5303 5299 5300
f 5302 5299 5303
f 5179 5182 5303
f 5300 5179 5303
f 5181 5301 5184
f 5301 5304 5184
f 5306 5302 5303
f 5305 5302 5306
f 5182 5185 5306
f 5303 5182 5306
f 5184 5304 5307
f 5186 5184 5307
f 5307 5187 5186
f 5308 5187 5307
f 5188 5305 5306
f 5188 5189 5305
f 5189 5309 5305
f 5185 5188 5306
f 5187 5308 5191
f 5308 5310 5191
f 5313 5312 5311
f 5313 5311 5309
f 5313 5309 5192
f 5192 5309 5189
f 5191 5310 5314
f 5194 5191 5314
f 5314 5195 5194
f 5315 5195 5314
f 5317 5312 5313
f 5316 5312 5317
f 5192 5196 5317
f 5313 5192 5317
f 5195 5315 5197
f 5315 5318 5197
f 5317 5319 5316
f 5319 5317 5196
f 5319 5196 5320
f 5320 5196 5198
f 5197 5318 5199
f 5318 5321 5199
f 5323 5198 5200
f 5323 5322 5198
f 5322 5320 5198
f 5200 5201 5323
f 5199 5321 5202
f 5321 5324 5202
f 5323 5325 5322
f 5327 5326 5325
f 5203 5327 5325
f 5203 5325 5323
f 5203 5323 5201
f 5203 5204 5327
f 5205 5328 5329
f 5206 5205 5329
f 5324 5205 5202
f 5328 5205 5324
f 5327 5330 5326
f 5204 5330 5327
f 5204 5207 5330
f 5207 5331 5330
f 5208 5332 5207
f 5207 5332 5331
f 5209 5333 5208
f 5208 5333 5332
f 5210 5334 5209
f 5209 5334 5333
f 5329 5210 5206
f 5334 5210 5329
f 5211 5336 5335
f 5212 5336 5211
f 5214 5211 5337
f 5211 5335 5337
f 5215 5214 5338
f 5214 5337 5338
f 5216 5215 5339
f 5215 5338 5339
f 5217 5216 5340
f 5216 5339 5340
f 5340 5218 5217
f 5341 5218 5340
f 5219 5343 5342
f 5220 5343 5219
f 5336 5212 5219
f 5342 5336 5219
f 5345 5222 5218
f 5345 5218 5344
f 5344 5218 5341
f 5222 5345 5223
f 5348 5347 5346
f 5348 5346 5343
f 5348 5343 5224
f 5224 5343 5220
f 5350 5345 5344
f 5349 5350 5344
f 5223 5350 5225
f 5345 5350 5223
f 5352 5347 5348
f 5351 5347 5352
f 5224 5226 5352
f 5348 5224 5352
f 5354 5350 5349
f 5353 5354 5349
f 5225 5354 5227
f 5350 5354 5225
f 5356 5351 5352
f 5355 5351 5356
f 5226 5228 5356
f 5352 5226 5356
f 5229 5354 5353
f 5229 5353 5230
f 5230 5353 5357
f 5227 5354 5229
f 5359 5355 5356
f 5358 5355 5359
f 5228 5232 5359
f 5356 5228 5359
f 5230 5357 5234
f 5357 5360 5234
f 5362 5358 5359
f 5361 5358 5362
f 5232 5235 5362
f 5359 5232 5362
f 5237 5363 5238
f 5237 5364 5363
f 5237 5234 5364
f 5234 5360 5364
f 5366 5361 5362
f 5365 5361 5366
f 5235 5239 5366
f 5362 5235 5366
f 5363 5367 5368
f 5363 5368 5238
f 5238 5368 5242
f 5364 5367 5363
f 5370 5365 5366
f 5369 5365 5370
f 5239 5243 5370
f 5366 5239 5370
f 5242 5368 5246
f 5368 5371 5246
f 5373 5369 5370
f 5372 5369 5373
f 5243 5247 5373
f 5370 5243 5373
f 5246 5371 5249
f 5371 5374 5249
f 5376 5372 5373
f 5375 5372 5376
f 5247 5250 5376
f 5373 5247 5376
f 5249 5374 5252
f 5374 5377 5252
f 5376 5378 5375
f 5380 5379 5378
f 5254 5380 5378
f 5254 5378 5376
f 5254 5376 5250
f 5254 5255 5380
f 5252 5377 5381
f 5256 5252 5381
f 5381 5257 5256
f 5382 5257 5381
f 5384 5379 5380
f 5383 5379 5384
f 5255 5258 5384
f 5380 5255 5384
f 5257 5382 5259
f 5382 5385 5259
f 5387 5383 5384
f 5386 5383 5387
f 5258 5261 5387
f 5384 5258 5387
f 5259 5385 5262
f 5385 5388 5262
f 5387 5389 5386
f 5391 5390 5389
f 5264 5391 5389
f 5264 5389 5387
f 5264 5387 5261
f 5264 5265 5391
f 5262 5388 5266
f 5388 5392 5266
f 5391 5393 5390
f 5265 5393 5391
f 5265 5267 5393
f 5267 5394 5393
f 5394 5267 5269
f 5395 5394 5269
f 5270 5396 5397
f 5271 5270 5397
f 5392 5270 5266
f 5396 5270 5392
f 5269 5274 5395
f 5395 5274 5398
f 5271 5397 5275
f 5397 5399 5275
f 5402 5401 5400
f 5402 5277 5278
f 5402 5400 5277
f 5400 5403 5277
f 5398 5274 5277
f 5403 5398 5277
f 5275 5399 5404
f 5279 5275 5404
f 5404 5280 5279
f 5405 5280 5404
f 5408 5407 5406
f 5401 5408 5406
f 5402 5408 5401
f 5402 5282 5408
f 5402 5281 5282
f 5278 5281 5402
f 5280 5405 5283
f 5405 5409 5283
f 5411 5407 5408
f 5410 5407 5411
f 5282 5285 5411
f 5408 5282 5411
f 5283 5409 5286
f 5409 5412 5286
f 5288 5410 5411
f 5288 5289 5410
f 5289 5413 5410
f 5285 5288 5411
f 5286 5412 5291
f 5412 5414 5291
f 5417 5416 5415
f 5417 5415 5413
f 5417 5413 5292
f 5292 5413 5289
f 5291 5414 5294
f 5414 5418 5294
f 5420 5416 5417
f 5419 5416 5420
f 5292 5295 5420
f 5417 5292 5420
f 5297 5421 5298
f 5297 5422 5421
f 5297 5294 5422
f 5294 5418 5422
f 5424 5419 5420
f 5423 5419 5424
f 5295 5299 5424
f 5420 5295 5424
f 5421 5425 5301
f 5298 5421 5301
f 5426 5421 5422
f 5425 5421 5426
f 5428 5423 5424
f 5427 5423 5428
f 5299 5302 5428
f 5424 5299 5428
f 5425 5429 5304
f 5301 5425 5304
f 5430 5425 5426
f 5429 5425 5430
f 5432 5427 5428
f 5431 5427 5432
f 5302 5305 5432
f 5428 5302 5432
f 5304 5429 5307
f 5429 5308 5307
f 5429 5430 5308
f 5430 5433 5308
f 5435 5431 5432
f 5434 5431 5435
f 5305 5309 5435
f 5432 5305 5435
f 5308 5433 5310
f 5433 5436 5310
f 5311 5434 5435
f 5311 5312 5434
f 5312 5437 5434
f 5309 5311 5435
f 5439 5314 5310
f 5439 5310 5438
f 5438 5310 5436
f 5314 5439 5315
f 5312 5316 5437
f 5437 5316 5440
f 5442 5439 5438
f 5441 5442 5438
f 5315 5442 5318
f 5439 5442 5315
f 5444 5316 5319
f 5444 5443 5316
f 5443 5440 5316
f 5319 5320 5444
f 5446 5442 5441
f 5445 5446 5441
f 5318 5446 5321
f 5442 5446 5318
f 5444 5447 5443
f 5447 5444 5320
f 5447 5320 5448
f 5448 5320 5322
f 5450 5446 5445
f 5449 5450 5445
f 5321 5450 5324
f 5446 5450 5321
f 5452 5322 5325
f 5452 5451 5322
f 5451 5448 5322
f 5325 5326 5452
f 5328 5450 5449
f 5328 5449 5329
f 5329 5449 5453
f 5324 5450 5328
f 5452 5454 5451
f 5326 5454 5452
f 5326 5330 5454
f 5330 5455 5454
f 5331 5456 5330
f 5330 5456 5455
f 5332 5457 5331
f 5331 5457 5456
f 5333 5458 5332
f 5332 5458 5457
f 5334 5459 5333
f 5333 5459 5458
f 5453 5334 5329
f 5459 5334 5453
f 5462 5461 5460
f 5462 5463 5464
f 5460 5463 5462
f 5463 5465 5464
f 5335 5467 5466
f 5336 5467 5335
f 5461 5462 5337
f 5461 5337 5466
f 5466 5337 5335
f 5338 5337 5462
f 5464 5338 5462
f 5464 5339 5338
f 5464 5468 5339
f 5464 5465 5468
f 5468 5469 5339
f 5339 5470 5340
f 5469 5470 5339
f 5340 5470 5341
f 5342 5343 5471
f 5342 5471 5472
f 5342 5472 5336
f 5336 5472 5467
f 5474 5469 5468
f 5473 5474 5468
f 5470 5469 5475
f 5475 5469 5474
f 5341 5475 5344
f 5470 5475 5341
f 5346 5347 5476
f 5346 5476 5478
f 5343 5346 5478
f 5343 5478 5477
f 5343 5477 5471
f 5472 5471 5477
f 5480 5474 5473
f 5479 5480 5473
f 5475 5474 5481
f 5481 5474 5480
f 5344 5481 5349
f 5475 5481 5344
f 5476 5351 5482
f 5347 5351 5476
f 5483 5478 5476
f 5482 5483 5476
f 5485 5480 5479
f 5484 5485 5479
f 5481 5480 5486
f 5486 5480 5485
f 5349 5486 5353
f 5481 5486 5349
f 5482 5355 5487
f 5351 5355 5482
f 5488 5483 5482
f 5487 5488 5482
f 5490 5485 5484
f 5489 5490 5484
f 5486 5485 5491
f 5491 5485 5490
f 5353 5491 5357
f 5486 5491 5353
f 5487 5358 5492
f 5355 5358 5487
f 5493 5488 5487
f 5492 5493 5487
f 5495 5490 5489
f 5494 5495 5489
f 5491 5490 5496
f 5496 5490 5495
f 5357 5496 5360
f 5491 5496 5357
f 5492 5361 5497
f 5358 5361 5492
f 5498 5493 5492
f 5497 5498 5492
f 5500 5495 5494
f 5499 5500 5494
f 5496 5495 5501
f 5501 5495 5500
f 5360 5501 5364
f 5496 5501 5360
f 5497 5365 5502
f 5361 5365 5497
f 5503 5498 5497
f 5502 5503 5497
f 5505 5500 5499
f 5504 5505 5499
f 5367 5505 5368
f 5367 5501 5505
f 5501 5500 5505
f 5364 5501 5367
f 5502 5369 5506
f 5365 5369 5502
f 5507 5503 5502
f 5506 5507 5502
f 5509 5505 5504
f 5508 5509 5504
f 5368 5509 5371
f 5505 5509 5368
f 5506 5372 5510
f 5369 5372 5506
f 5511 5507 5506
f 5511 5506 5512
f 5512 5506 5510
f 5511 5512 5513
f 5515 5509 5508
f 5514 5515 5508
f 5371 5515 5374
f 5509 5515 5371
f 5510 5375 5516
f 5372 5375 5510
f 5512 5510 5517
f 5517 5510 5516
f 5518 5513 5512
f 5517 5518 5512
f 5520 5515 5514
f 5519 5520 5514
f 5374 5520 5377
f 5515 5520 5374
f 5375 5378 5516
f 5379 5516 5378
f 5379 5521 5516
f 5521 5517 5516
f 5522 5518 5517
f 5521 5522 5517
f 5524 5520 5519
f 5523 5524 5519
f 5377 5525 5381
f 5377 5520 5525
f 5520 5524 5525
f 5381 5525 5382
f 5521 5383 5526
f 5379 5383 5521
f 5527 5522 5521
f 5526 5527 5521
f 5529 5524 5523
f 5528 5529 5523
f 5525 5524 5530
f 5530 5524 5529
f 5382 5530 5385
f 5525 5530 5382
f 5526 5386 5531
f 5383 5386 5526
f 5532 5527 5526
f 5531 5532 5526
f 5534 5529 5528
f 5533 5534 5528
f 5530 5529 5535
f 5535 5529 5534
f 5385 5535 5388
f 5530 5535 5385
f 5386 5389 5531
f 5531 5389 5390
f 5531 5390 5532
f 5532 5390 5536
f 5538 5534 5533
f 5537 5538 5533
f 5535 5534 5539
f 5539 5534 5538
f 5388 5539 5392
f 5535 5539 5388
f 5390 5540 5536
f 5393 5540 5390
f 5542 5541 5540
f 5542 5540 5394
f 5394 5540 5393
f 5394 5395 5542
f 5544 5538 5537
f 5543 5544 5537
f 5396 5544 5397
f 5396 5539 5544
f 5539 5538 5544
f 5392 5539 5396
f 5546 5541 5542
f 5545 5541 5546
f 5395 5398 5546
f 5542 5395 5546
f 5548 5544 5543
f 5547 5548 5543
f 5397 5548 5399
f 5544 5548 5397
f 5400 5550 5549
f 5401 5550 5400
f 5545 5546 5403
f 5545 5403 5549
f 5549 5403 5400
f 5398 5403 5546
f 5552 5548 5547
f 5551 5552 5547
f 5399 5553 5404
f 5399 5548 5553
f 5548 5552 5553
f 5404 5553 5405
f 5406 5407 5554
f 5406 5554 5555
f 5406 5555 5401
f 5401 5555 5550
f 5557 5552 5551
f 5556 5557 5551
f 5553 5552 5558
f 5558 5552 5557
f 5405 5558 5409
f 5553 5558 5405
f 5554 5410 5559
f 5407 5410 5554
f 5560 5555 5554
f 5559 5560 5554
f 5562 5557 5556
f 5561 5562 5556
f 5558 5557 5563
f 5563 5557 5562
f 5409 5563 5412
f 5558 5563 5409
f 5559 5413 5564
f 5410 5413 5559
f 5565 5560 5559
f 5564 5565 5559
f 5567 5562 5561
f 5566 5567 5561
f 5563 5562 5568
f 5568 5562 5567
f 5412 5568 5414
f 5563 5568 5412
f 5415 5416 5569
f 5415 5564 5413
f 5415 5569 5564
f 5569 5570 5564
f 5571 5565 5564
f 5570 5571 5564
f 5573 5567 5566
f 5572 5573 5566
f 5568 5567 5574
f 5574 5567 5573
f 5414 5574 5418
f 5568 5574 5414
f 5569 5419 5575
f 5416 5419 5569
f 5570 5569 5576
f 5576 5569 5575
f 5577 5571 5570
f 5576 5577 5570
f 5579 5573 5572
f 5578 5579 5572
f 5574 5573 5580
f 5580 5573 5579
f 5418 5580 5422
f 5574 5580 5418
f 5575 5423 5581
f 5419 5423 5575
f 5576 5575 5582
f 5582 5575 5581
f 5583 5577 5576
f 5582 5583 5576
f 5585 5579 5578
f 5584 5585 5578
f 5580 5579 5586
f 5586 5579 5585
f 5422 5586 5426
f 5580 5586 5422
f 5581 5427 5587
f 5423 5427 5581
f 5582 5581 5588
f 5588 5581 5587
f 5589 5583 5582
f 5588 5589 5582
f 5591 5585 5584
f 5590 5591 5584
f 5586 5585 5592
f 5592 5585 5591
f 5426 5592 5430
f 5586 5592 5426
f 5587 5431 5593
f 5427 5431 5587
f 5588 5587 5594
f 5594 5587 5593
f 5595 5589 5588
f 5594 5595 5588
f 5597 5591 5590
f 5596 5597 5590
f 5592 5591 5598
f 5598 5591 5597
f 5430 5598 5433
f 5592 5598 5430
f 5593 5434 5599
f 5431 5434 5593
f 5601 5600 5594
f 5601 5594 5599
f 5599 5594 5593
f 5595 5594 5600
f 5603 5597 5596
f 5602 5603 5596
f 5598 5597 5604
f 5604 5597 5603
f 5433 5604 5436
f 5598 5604 5433
f 5599 5437 5605
f 5434 5437 5599
f 5606 5601 5599
f 5605 5606 5599
f 5608 5603 5602
f 5607 5608 5602
f 5604 5603 5609
f 5609 5603 5608
f 5436 5609 5438
f 5604 5609 5436
f 5605 5440 5610
f 5437 5440 5605
f 5611 5606 5605
f 5610 5611 5605
f 5613 5608 5607
f 5612 5613 5607
f 5609 5608 5614
f 5614 5608 5613
f 5438 5614 5441
f 5609 5614 5438
f 5610 5443 5615
f 5440 5443 5610
f 5616 5611 5610
f 5615 5616 5610
f 5618 5613 5612
f 5617 5618 5612
f 5614 5613 5619
f 5619 5613 5618
f 5441 5619 5445
f 5614 5619 5441
f 5443 5447 5615
f 5448 5621 5620
f 5447 5448 5620
f 5447 5620 5616
f 5447 5616 5615
f 5620 5621 5622
f 5624 5618 5617
f 5623 5624 5617
f 5619 5618 5625
f 5625 5618 5624
f 5445 5625 5449
f 5619 5625 5445
f 5621 5451 5626
f 5448 5451 5621
f 5627 5622 5621
f 5626 5627 5621
f 5629 5624 5623
f 5628 5629 5623
f 5625 5624 5630
f 5630 5624 5629
f 5449 5630 5453
f 5625 5630 5449
f 5451 5454 5626
f 5626 5631 5627
f 5626 5454 5631
f 5454 5455 5631
f 5633 5632 5631
f 5633 5631 5456
f 5456 5631 5455
f 5456 5457 5634
f 5633 5456 5634
f 5629 5628 5635
f 5629 5635 5457
f 5629 5457 5458
f 5634 5457 5635
f 5459 5629 5458
f 5630 5629 5459
f 5453 5630 5459
f 5633 5636 5632
f 5634 5636 5633
f 5637 5636 5634
f 5635 5637 5634
f 5460 5461 5638
f 5460 5639 5463
f 5638 5639 5460
f 5463 5639 5465
f 5466 5467 5640
f 5466 5638 5461
f 5466 5640 5638
f 5640 5641 5638
f 5639 5638 5642
f 5642 5638 5641
f 5465 5642 5468
f 5639 5642 5465
f 5640 5472 5643
f 5467 5472 5640
f 5641 5640 5644
f 5644 5640 5643
f 5642 5641 5645
f 5645 5641 5644
f 5468 5645 5473
f 5642 5645 5468
f 5477 5478 5646
f 5477 5643 5472
f 5477 5646 5643
f 5646 5647 5643
f 5644 5643 5648
f 5648 5643 5647
f 5645 5644 5649
f 5649 5644 5648
f 5473 5649 5479
f 5645 5649 5473
f 5646 5483 5650
f 5478 5483 5646
f 5647 5646 5651
f 5651 5646 5650
f 5648 5647 5652
f 5652 5647 5651
f 5649 5648 5653
f 5653 5648 5652
f 5479 5653 5484
f 5649 5653 5479
f 5650 5488 5654
f 5483 5488 5650
f 5651 5650 5655
f 5655 5650 5654
f 5652 5651 5656
f 5656 5651 5655
f 5653 5652 5657
f 5657 5652 5656
f 5484 5657 5489
f 5653 5657 5484
f 5654 5493 5658
f 5488 5493 5654
f 5655 5654 5659
f 5659 5654 5658
f 5656 5655 5660
f 5660 5655 5659
f 5657 5656 5661
f 5661 5656 5660
f 5489 5661 5494
f 5657 5661 5489
f 5658 5498 5662
f 5493 5498 5658
f 5659 5658 5663
f 5663 5658 5662
f 5660 5659 5664
f 5664 5659 5663
f 5661 5660 5665
f 5665 5660 5664
f 5494 5665 5499
f 5661 5665 5494
f 5662 5503 5666
f 5498 5503 5662
f 5663 5662 5667
f 5667 5662 5666
f 5664 5663 5668
f 5668 5663 5667
f 5665 5664 5669
f 5669 5664 5668
f 5499 5669 5504
f 5665 5669 5499
f 5666 5507 5670
f 5503 5507 5666
f 5667 5666 5671
f 5671 5666 5670
f 5668 5667 5672
f 5672 5667 5671
f 5669 5668 5673
f 5673 5668 5672
f 5504 5673 5508
f 5669 5673 5504
f 5507 5511 5670
f 5513 5670 5511
f 5513 5674 5670
f 5674 5671 5670
f 5672 5671 5675
f 5675 5671 5674
f 5673 5672 5676
f 5676 5672 5675
f 5508 5676 5514
f 5673 5676 5508
f 5674 5518 5677
f 5513 5518 5674
f 5675 5674 5678
f 5678 5674 5677
f 5676 5675 5679
f 5679 5675 5678
f 5514 5679 5519
f 5676 5679 5514
f 5677 5522 5680
f 5518 5522 5677
f 5678 5677 5681
f 5681 5677 5680
f 5679 5678 5682
f 5682 5678 5681
f 5519 5682 5523
f 5679 5682 5519
f 5680 5527 5683
f 5522 5527 5680
f 5681 5680 5684
f 5684 5680 5683
f 5682 5681 5685
f 5685 5681 5684
f 5523 5685 5528
f 5682 5685 5523
f 5683 5532 5686
f 5527 5532 5683
f 5684 5683 5687
f 5687 5683 5686
f 5685 5684 5688
f 5688 5684 5687
f 5528 5688 5533
f 5685 5688 5528
f 5686 5536 5689
f 5532 5536 5686
f 5687 5686 5690
f 5690 5686 5689
f 5688 5687 5691
f 5691 5687 5690
f 5533 5691 5537
f 5688 5691 5533
f 5536 5540 5689
f 5541 5689 5540
f 5541 5692 5689
f 5692 5690 5689
f 5691 5690 5693
f 5693 5690 5692
f 5537 5693 5543
f 5691 5693 5537
f 5692 5545 5694
f 5541 5545 5692
f 5693 5692 5695
f 5695 5692 5694
f 5543 5695 5547
f 5693 5695 5543
f 5549 5550 5696
f 5549 5694 5545
f 5549 5696 5694
f 5696 5697 5694
f 5695 5694 5698
f 5698 5694 5697
f 5547 5698 5551
f 5695 5698 5547
f 5696 5555 5699
f 5550 5555 5696
f 5697 5696 5700
f 5700 5696 5699
f 5698 5697 5701
f 5701 5697 5700
f 5551 5701 5556
f 5698 5701 5551
f 5699 5560 5702
f 5555 5560 5699
f 5700 5699 5703
f 5703 5699 5702
f 5701 5700 5704
f 5704 5700 5703
f 5556 5704 5561
f 5701 5704 5556
f 5702 5565 5705
f 5560 5565 5702
f 5703 5702 5706
f 5706 5702 5705
f 5704 5703 5707
f 5707 5703 5706
f 5561 5707 5566
f 5704 5707 5561
f 5705 5571 5708
f 5565 5571 5705
f 5706 5705 5709
f 5709 5705 5708
f 5707 5706 5710
f 5710 5706 5709
f 5566 5710 5572
f 5707 5710 5566
f 5708 5577 5711
f 5571 5577 5708
f 5709 5708 5712
f 5712 5708 5711
f 5710 5709 5713
f 5713 5709 5712
f 5572 5713 5578
f 5710 5713 5572
f 5711 5583 5714
f 5577 5583 5711
f 5712 5711 5715
f 5715 5711 5714
f 5713 5712 5716
f 5716 5712 5715
f 5578 5716 5584
f 5713 5716 5578
f 5714 5589 5717
f 5583 5589 5714
f 5715 5714 5718
f 5718 5714 5717
f 5716 5715 5719
f 5719 5715 5718
f 5584 5719 5590
f 5716 5719 5584
f 5717 5595 5720
f 5589 5595 5717
f 5718 5717 5721
f 5721 5717 5720
f 5719 5718 5722
f 5722 5718 5721
f 5590 5722 5596
f 5719 5722 5590
f 5600 5601 5723
f 5600 5720 5595
f 5600 5723 5720
f 5723 5724 5720
f 5721 5720 5725
f 5725 5720 5724
f 5722 5721 5726
f 5726 5721 5725
f 5596 5726 5602
f 5722 5726 5596
f 5723 5606 5727
f 5601 5606 5723
f 5724 5723 5728
f 5728 5723 5727
f 5725 5724 5729
f 5729 5724 5728
f 5726 5725 5730
f 5730 5725 5729
f 5602 5730 5607
f 5726 5730 5602
f 5727 5611 5731
f 5606 5611 5727
f 5728 5727 5732
f 5732 5727 5731
f 5729 5728 5733
f 5733 5728 5732
f 5730 5729 5734
f 5734 5729 5733
f 5607 5734 5612
f 5730 5734 5607
f 5731 5616 5735
f 5611 5616 5731
f 5732 5731 5736
f 5736 5731 5735
f 5733 5732 5737
f 5737 5732 5736
f 5734 5733 5738
f 5738 5733 5737
f 5612 5738 5617
f 5734 5738 5612
f 5616 5620 5735
f 5622 5735 5620
f 5622 5739 5735
f 5739 5736 5735
f 5737 5736 5740
f 5740 5736 5739
f 5738 5737 5741
f 5741 5737 5740
f 5617 5741 5623
f 5738 5741 5617
f 5739 5627 5742
f 5622 5627 5739
f 5740 5739 5743
f 5743 5739 5742
f 5741 5740 5744
f 5744 5740 5743
f 5623 5744 5628
f 5741 5744 5623
f 5627 5631 5742
f 5632 5742 5631
f 5632 5745 5742
f 5745 5743 5742
f 5744 5743 5746
f 5746 5743 5745
f 5628 5746 5635
f 5744 5746 5628
f 5632 5636 5745
f 5637 5745 5636
f 5746 5745 5637
f 5635 5746 5637
