v -0.17951005333277847 -0.21184053448275864 0.058487301724138
v -0.1674852931034483 -0.21184053448275864 0.03098545160856327
v -0.1674852931034483 -0.23256373621867188 0.058487301724138
v -0.18118292154159613 -0.21184053448275864 0.09418383620689658
v -0.1674852931034483 -0.23573529675724253 0.09418383620689658
v -0.17782900757576703 -0.21184053448275864 0.12988037068965527
v -0.1674852931034483 -0.23218503932184215 0.12988037068965527
v -0.17431466026573164 -0.21184053448275864 0.16557690517241386
v -0.1674852931034483 -0.22801600562942326 0.16557690517241386
v -0.1725363411312999 -0.21184053448275864 0.20127343965517255
v -0.1674852931034483 -0.2267908244857703 0.20127343965517255
v -0.1698713699478911 -0.21184053448275864 0.2369699741379311
v -0.1674852931034483 -0.22561576175114448 0.2369699741379311
v -0.16981778620058702 -0.21184053448275864 0.2726665086206897
v -0.1674852931034483 -0.22651337614619108 0.2726665086206897
v -0.17220899464351558 -0.21184053448275864 0.3083630431034484
v -0.1674852931034483 -0.2278643979344511 0.3083630431034484
v -0.1674852931034483 -0.21184053448275864 0.31540582137806245
v -0.15260556684064072 -0.21184053448275864 -0.11999537068965513
v -0.14757325862068968 -0.21184053448275864 -0.13033745083717077
v -0.14757325862068968 -0.220141088519509 -0.11999537068965513
v -0.16341034658152145 -0.21184053448275864 -0.08429883620689649
v -0.14757325862068968 -0.23794299704098315 -0.08429883620689649
v -0.15881889702973573 -0.21184053448275864 -0.048602301724137854
v -0.14757325862068968 -0.2323560625409503 -0.048602301724137854
v -0.1551529801928671 -0.21184053448275864 -0.012905767241379276
v -0.14757325862068968 -0.2285313885136378 -0.012905767241379276
v -0.15677465997733966 -0.21184053448275864 0.02279076724137942
v -0.14757325862068968 -0.22522503966276017 0.02279076724137942
v -0.14757325862068968 -0.22301107817281707 0.058487301724138
v -0.14757325862068968 -0.2216388725159348 0.09418383620689658
v -0.14757325862068968 -0.2204896375572257 0.12988037068965527
v -0.14757325862068968 -0.22008965889503748 0.16557690517241386
v -0.14757325862068968 -0.2202059648843567 0.20127343965517255
v -0.14757325862068968 -0.22159999119327486 0.2369699741379311
v -0.14757325862068968 -0.2242885510575537 0.2726665086206897
v -0.14757325862068968 -0.2264751626974787 0.3083630431034484
v -0.14757325862068968 -0.21184053448275864 0.32374478255095274
v -0.1421284182482715 -0.21184053448275864 -0.22708497413793097
v -0.12766122413793105 -0.21184053448275864 -0.25090663435619903
v -0.12766122413793105 -0.23505200989518013 -0.22708497413793097
v -0.13950692472381923 -0.21184053448275864 -0.19138843965517235
v -0.12766122413793105 -0.23243224004652688 -0.19138843965517235
v -0.1367425077356903 -0.21184053448275864 -0.1556919051724137
v -0.12766122413793105 -0.22834323348605798 -0.1556919051724137
v -0.12766122413793105 -0.22575802487454827 -0.11999537068965513
v -0.12766122413793105 -0.22363716020415242 -0.08429883620689649
v -0.12766122413793105 -0.22158997126532542 -0.048602301724137854
v -0.12766122413793105 -0.21986115802933381 -0.012905767241379276
v -0.12766122413793105 -0.21803338710903275 0.02279076724137942
v -0.12766122413793105 -0.21603309131297097 0.058487301724138
v -0.12766122413793105 -0.21446820769299796 0.09418383620689658
v -0.12766122413793105 -0.21319732350464327 0.12988037068965527
v -0.12766122413793105 -0.21332377064037322 0.16557690517241386
v -0.12766122413793105 -0.21439463828136313 0.20127343965517255
v -0.12766122413793105 -0.21721030766689156 0.2369699741379311
v -0.12766122413793105 -0.22191860887218676 0.2726665086206897
v -0.12766122413793105 -0.22528631570762242 0.3083630431034484
v -0.1446973618746232 -0.21184053448275864 0.344059577586207
v -0.12766122413793105 -0.23603886182827283 0.344059577586207
v -0.12766122413793105 -0.21184053448275864 0.3697853587897646
v -0.11528813171581277 -0.21184053448275864 -0.2984780431034483
v -0.10774918965517241 -0.21184053448275864 -0.3133625028930383
v -0.10774918965517241 -0.22324123986903183 -0.2984780431034483
v -0.11820260165032447 -0.21184053448275864 -0.2627815086206896
v -0.10774918965517241 -0.23080328439285638 -0.2627815086206896
v -0.10774918965517241 -0.22821214913114657 -0.22708497413793097
v -0.10774918965517241 -0.22340507856564845 -0.19138843965517235
v -0.10774918965517241 -0.22190250951385426 -0.1556919051724137
v -0.10774918965517241 -0.21975075990067572 -0.11999537068965513
v -0.10774918965517241 -0.21774125792612964 -0.08429883620689649
v -0.10774918965517241 -0.215358383593726 -0.048602301724137854
v -0.10774918965517241 -0.2126460014506744 -0.012905767241379276
v -0.11058742973905829 -0.21184053448275864 0.02279076724137942
v -0.10774918965517241 -0.21184053448275864 -0.00033616656954231494
v -0.11623294164611646 -0.21184053448275864 0.058487301724138
v -0.1207120520038147 -0.21184053448275864 0.09418383620689658
v -0.12399047194285495 -0.21184053448275864 0.12988037068965527
v -0.12368902363253984 -0.21184053448275864 0.16557690517241386
v -0.12056462712176798 -0.21184053448275864 0.20127343965517255
v -0.11138430903516391 -0.21184053448275864 0.2369699741379311
v -0.10774918965517241 -0.21184053448275864 0.24286034108369306
v -0.10774918965517241 -0.218181929043203 0.2726665086206897
v -0.10774918965517241 -0.22371149938482612 0.3083630431034484
v -0.10774918965517241 -0.24025895829714228 0.344059577586207
v -0.10774918965517241 -0.21184053448275864 0.3751109004151444
v -0.08783715517241378 -0.21184053448275864 -0.31153017730058813
v -0.08783715517241378 -0.22373996213304864 -0.2984780431034483
v -0.08783715517241378 -0.22374605573184858 -0.2627815086206896
v -0.08783715517241378 -0.2261199042125717 -0.22708497413793097
v -0.08783715517241378 -0.22135867089526828 -0.19138843965517235
v -0.08783715517241378 -0.21759404869000573 -0.1556919051724137
v -0.08783715517241378 -0.21430754804559066 -0.11999537068965513
v -0.08968289896553201 -0.21184053448275864 -0.08429883620689649
v -0.08783715517241378 -0.21184053448275864 -0.09286550086403078
v -0.09724357516698721 -0.21184053448275864 -0.048602301724137854
v -0.1054297360963164 -0.21184053448275864 -0.012905767241379276
v -0.08783715517241378 -0.21184053448275864 0.2651990900996386
v -0.08783715517241378 -0.21376248655575872 0.2726665086206897
v -0.08783715517241378 -0.22221067194581184 0.3083630431034484
v -0.08783715517241378 -0.24008858364881713 0.344059577586207
v -0.08783715517241378 -0.21184053448275864 0.3747773382252579
v -0.06792512068965517 -0.21184053448275864 -0.31015304479488703
v -0.06792512068965517 -0.22177956380362346 -0.2984780431034483
v -0.06792512068965517 -0.22394219480837552 -0.2627815086206896
v -0.06792512068965517 -0.22211713897455246 -0.22708497413793097
v -0.06792512068965517 -0.21880462181656465 -0.19138843965517235
v -0.06792512068965517 -0.21419171784793892 -0.1556919051724137
v -0.07706014001000085 -0.21184053448275864 -0.11999537068965513
v -0.06792512068965517 -0.21184053448275864 -0.13685516000540784
v -0.07649368611600327 -0.21184053448275864 0.2726665086206897
v -0.06792512068965517 -0.21184053448275864 0.275526801238138
v -0.06792512068965517 -0.22092100675866122 0.3083630431034484
v -0.06792512068965517 -0.2367586710666903 0.344059577586207
v -0.06792512068965517 -0.21184053448275864 0.370120766906813
v -0.048013086206896545 -0.21184053448275864 -0.31735442038488076
v -0.048013086206896545 -0.22282875064995927 -0.2984780431034483
v -0.048013086206896545 -0.22351769852283263 -0.2627815086206896
v -0.048013086206896545 -0.21892639053143395 -0.22708497413793097
v -0.048013086206896545 -0.21617889182930944 -0.19138843965517235
v -0.048013086206896545 -0.212114137855703 -0.1556919051724137
v -0.048013086206896545 -0.21184053448275864 -0.153183723599093
v -0.048013086206896545 -0.21184053448275864 0.2791657317907727
v -0.048013086206896545 -0.22019390990092816 0.3083630431034484
v -0.048013086206896545 -0.23286241318567638 0.344059577586207
v -0.048013086206896545 -0.21184053448275864 0.365096723627264
v -0.028101051724137915 -0.21184053448275864 -0.3201869266314642
v -0.028101051724137915 -0.22408546732482484 -0.2984780431034483
v -0.028101051724137915 -0.22249119771912648 -0.2627815086206896
v -0.028101051724137915 -0.21745580075797943 -0.22708497413793097
v -0.028101051724137915 -0.2155034948946688 -0.19138843965517235
v -0.028101051724137915 -0.2129059378209474 -0.1556919051724137
v -0.028101051724137915 -0.21184053448275864 -0.14192683157649727
v -0.028101051724137915 -0.21184053448275864 0.2752619652018122
v -0.028101051724137915 -0.22055451869316764 0.3083630431034484
v -0.028101051724137915 -0.2318589001006701 0.344059577586207
v -0.028101051724137915 -0.21184053448275864 0.3640186824185043
v -0.008189017241379314 -0.21184053448275864 -0.3248095693309895
v -0.008189017241379314 -0.22997700924013975 -0.2984780431034483
v -0.008189017241379314 -0.22438788008519697 -0.2627815086206896
v -0.008189017241379314 -0.22204910903999242 -0.22708497413793097
v -0.008189017241379314 -0.2231210667646834 -0.19138843965517235
v -0.008189017241379314 -0.22139462104317809 -0.1556919051724137
v -0.026356659803675485 -0.21184053448275864 -0.11999537068965513
v -0.008189017241379314 -0.22080587540657134 -0.11999537068965513
v -0.023321565141911416 -0.21184053448275864 -0.08429883620689649
v -0.008189017241379314 -0.21931874823266945 -0.08429883620689649
v -0.02179352101603739 -0.21184053448275864 -0.048602301724137854
v -0.008189017241379314 -0.21943840600480755 -0.048602301724137854
v -0.01863397118748786 -0.21184053448275864 -0.012905767241379276
v -0.008189017241379314 -0.21729680215231986 -0.012905767241379276
v -0.01732654224199623 -0.21184053448275864 0.02279076724137942
v -0.008189017241379314 -0.21682666842688786 0.02279076724137942
v -0.014894142770470888 -0.21184053448275864 0.058487301724138
v -0.008189017241379314 -0.21530906971679703 0.058487301724138
v -0.01460050583023686 -0.21184053448275864 0.09418383620689658
v -0.008189017241379314 -0.2153080009428356 0.09418383620689658
v -0.013283203876159904 -0.21184053448275864 0.12988037068965527
v -0.008189017241379314 -0.21450460373576402 0.12988037068965527
v -0.013600373815558122 -0.21184053448275864 0.16557690517241386
v -0.008189017241379314 -0.21471398680313025 0.16557690517241386
v -0.015093498437597002 -0.21184053448275864 0.20127343965517255
v -0.008189017241379314 -0.21542124959603315 0.20127343965517255
v -0.019023205170404615 -0.21184053448275864 0.2369699741379311
v -0.008189017241379314 -0.21738343350153003 0.2369699741379311
v -0.026890179016482118 -0.21184053448275864 0.2726665086206897
v -0.008189017241379314 -0.22013040118445562 0.2726665086206897
v -0.008189017241379314 -0.2252566971965156 0.3083630431034484
v -0.008189017241379314 -0.2339078424661031 0.344059577586207
v -0.008189017241379314 -0.21184053448275864 0.36708827089991986
v 0.011723017241379351 -0.21184053448275864 -0.3240549829614013
v 0.011723017241379351 -0.22756825901286093 -0.2984780431034483
v 0.011723017241379351 -0.22248699390995116 -0.2627815086206896
v 0.011723017241379351 -0.21928219451762823 -0.22708497413793097
v 0.011723017241379351 -0.21913620369589534 -0.19138843965517235
v 0.011723017241379351 -0.21752227019604753 -0.1556919051724137
v 0.011723017241379351 -0.21668874896077508 -0.11999537068965513
v 0.011723017241379351 -0.2154505122738004 -0.08429883620689649
v 0.011723017241379351 -0.2144294617085375 -0.048602301724137854
v 0.011723017241379351 -0.21331555271284947 -0.012905767241379276
v 0.011723017241379351 -0.21249150538286812 0.02279076724137942
v 0.00869442249451883 -0.21184053448275864 0.058487301724138
v 0.011723017241379351 -0.21184053448275864 0.039439953576825684
v 0.008664986759895082 -0.21184053448275864 0.09418383620689658
v 0.006520620005337029 -0.21184053448275864 0.12988037068965527
v 0.007061042625188977 -0.21184053448275864 0.16557690517241386
v 0.011723017241379351 -0.21184053448275864 0.19927241132757909
v 0.011723017241379351 -0.21190437811300625 0.20127343965517255
v 0.011723017241379351 -0.21400282924802655 0.2369699741379311
v 0.011723017241379351 -0.2176380192532106 0.2726665086206897
v 0.011723017241379351 -0.2229735309823409 0.3083630431034484
v 0.011723017241379351 -0.23315541149977081 0.344059577586207
v 0.011723017241379351 -0.21184053448275864 0.3665932889107532
v 0.031635051724137955 -0.21184053448275864 -0.3206215328234428
v 0.031635051724137955 -0.2234416673916915 -0.2984780431034483
v 0.031635051724137955 -0.21951260914543919 -0.2627815086206896
v 0.031635051724137955 -0.21909782812167009 -0.22708497413793097
v 0.031635051724137955 -0.2174524567948286 -0.19138843965517235
v 0.031635051724137955 -0.21557530981484863 -0.1556919051724137
v 0.031635051724137955 -0.21379657190331547 -0.11999537068965513
v 0.031635051724137955 -0.2121641896240226 -0.08429883620689649
v 0.027775605817089932 -0.21184053448275864 -0.048602301724137854
v 0.031635051724137955 -0.21184053448275864 -0.0758760505889515
v 0.021917593258441552 -0.21184053448275864 -0.012905767241379276
v 0.016432192629969696 -0.21184053448275864 0.02279076724137942
v 0.012326101399030294 -0.21184053448275864 0.20127343965517255
v 0.031635051724137955 -0.21184053448275864 0.23429917763186162
v 0.031635051724137955 -0.21210269994946765 0.2369699741379311
v 0.031635051724137955 -0.21752452205329326 0.2726665086206897
v 0.031635051724137955 -0.22284418032741293 0.3083630431034484
v 0.031635051724137955 -0.2334785332658836 0.344059577586207
v 0.031635051724137955 -0.21184053448275864 0.36693597200557965
v 0.05154708620689655 -0.21184053448275864 -0.31309925536099675
v 0.05154708620689655 -0.22206294761001216 -0.2984780431034483
v 0.05154708620689655 -0.2197177152852447 -0.2627815086206896
v 0.05154708620689655 -0.22279922883868025 -0.22708497413793097
v 0.05154708620689655 -0.2209812461850347 -0.19138843965517235
v 0.05154708620689655 -0.21878292463776233 -0.1556919051724137
v 0.05154708620689655 -0.21710405386720388 -0.11999537068965513
v 0.05154708620689655 -0.21561381660438617 -0.08429883620689649
v 0.038970375026143526 -0.21184053448275864 -0.048602301724137854
v 0.05154708620689655 -0.21432423730977937 -0.048602301724137854
v 0.04661017627280114 -0.21184053448275864 -0.012905767241379276
v 0.05154708620689655 -0.21291524199206827 -0.012905767241379276
v 0.05154708620689655 -0.21184053448275864 0.016678416491638304
v 0.05116871349155832 -0.21184053448275864 0.20127343965517255
v 0.05154708620689655 -0.21184053448275864 0.19957096559768098
v 0.05154708620689655 -0.21193283497708473 0.20127343965517255
v 0.05154708620689655 -0.21606175980439052 0.2369699741379311
v 0.05154708620689655 -0.22113064295032478 0.2726665086206897
v 0.05154708620689655 -0.22419848778140852 0.3083630431034484
v 0.05154708620689655 -0.231154053330103 0.344059577586207
v 0.05154708620689655 -0.21184053448275864 0.36391411420897796
v 0.07145912068965521 -0.21184053448275864 -0.3100424832308776
v 0.07145912068965521 -0.22124577661804862 -0.2984780431034483
v 0.07145912068965521 -0.22388351908665255 -0.2627815086206896
v 0.07145912068965521 -0.22624585233666647 -0.22708497413793097
v 0.07145912068965521 -0.2247685344117638 -0.19138843965517235
v 0.07145912068965521 -0.22279333386889888 -0.1556919051724137
v 0.07145912068965521 -0.22107511292279508 -0.11999537068965513
v 0.07145912068965521 -0.22021981884625672 -0.08429883620689649
v 0.07145912068965521 -0.21940050869772265 -0.048602301724137854
v 0.07145912068965521 -0.21815306524065942 -0.012905767241379276
v 0.05252378790747235 -0.21184053448275864 0.02279076724137942
v 0.07145912068965521 -0.2167353954947581 0.02279076724137942
v 0.056781135187166744 -0.21184053448275864 0.058487301724138
v 0.07145912068965521 -0.21575277849695615 0.058487301724138
v 0.06013676191200687 -0.21184053448275864 0.09418383620689658
v 0.07145912068965521 -0.2148481381575853 0.09418383620689658
v 0.06270594899233456 -0.21184053448275864 0.12988037068965527
v 0.07145912068965521 -0.21410597183047908 0.12988037068965527
v 0.06012600134951968 -0.21184053448275864 0.16557690517241386
v 0.07145912068965521 -0.21472061285041869 0.16557690517241386
v 0.07145912068965521 -0.2165919245667426 0.20127343965517255
v 0.07145912068965521 -0.22034178476544009 0.2369699741379311
v 0.07145912068965521 -0.22430797614704012 0.2726665086206897
v 0.07145912068965521 -0.22534262223614174 0.3083630431034484
v 0.07145912068965521 -0.23241088383731182 0.344059577586207
v 0.07145912068965521 -0.21184053448275864 0.36537397846080805
v 0.09137115517241381 -0.21184053448275864 -0.31368797765157297
v 0.09137115517241381 -0.22458678571213936 -0.2984780431034483
v 0.09137115517241381 -0.2275703226720522 -0.2627815086206896
v 0.09137115517241381 -0.22906893650323287 -0.22708497413793097
v 0.09137115517241381 -0.22707069935523272 -0.19138843965517235
v 0.09137115517241381 -0.2255927554710181 -0.1556919051724137
v 0.09137115517241381 -0.22452510481265303 -0.11999537068965513
v 0.09137115517241381 -0.22403320487475456 -0.08429883620689649
v 0.09137115517241381 -0.2236757486787193 -0.048602301724137854
v 0.09137115517241381 -0.22290104269748795 -0.012905767241379276
v 0.09137115517241381 -0.22190433224217065 0.02279076724137942
v 0.09137115517241381 -0.22097205553582933 0.058487301724138
v 0.09137115517241381 -0.2200276392552736 0.09418383620689658
v 0.09137115517241381 -0.21941173923986684 0.12988037068965527
v 0.09137115517241381 -0.21955683520210859 0.16557690517241386
v 0.09137115517241381 -0.22109215432138227 0.20127343965517255
v 0.09137115517241381 -0.22398811199258445 0.2369699741379311
v 0.09137115517241381 -0.22686541656120515 0.2726665086206897
v 0.09137115517241381 -0.22632896814416273 0.3083630431034484
v 0.09137115517241381 -0.2384820576468123 0.344059577586207
v 0.09137115517241381 -0.21184053448275864 0.3731568150770971
v 0.11128318965517248 -0.21184053448275864 -0.3012282792093518
v 0.11128318965517248 -0.21387459954859017 -0.2984780431034483
v 0.11128318965517248 -0.23238152919712507 -0.2627815086206896
v 0.11128318965517248 -0.23030718442885326 -0.22708497413793097
v 0.11128318965517248 -0.22785823030762248 -0.19138843965517235
v 0.11128318965517248 -0.22707353550714238 -0.1556919051724137
v 0.11128318965517248 -0.22645295733592352 -0.11999537068965513
v 0.11128318965517248 -0.22637981515364528 -0.08429883620689649
v 0.11128318965517248 -0.2263473976853973 -0.048602301724137854
v 0.11128318965517248 -0.22578904114907805 -0.012905767241379276
v 0.11128318965517248 -0.22550692515086684 0.02279076724137942
v 0.11128318965517248 -0.22470595282745603 0.058487301724138
v 0.11128318965517248 -0.22402058066876004 0.09418383620689658
v 0.11128318965517248 -0.22355198821777936 0.12988037068965527
v 0.11128318965517248 -0.22368897102362978 0.16557690517241386
v 0.11128318965517248 -0.22485969266152403 0.20127343965517255
v 0.11128318965517248 -0.2268031491817275 0.2369699741379311
v 0.11128318965517248 -0.22865991111953318 0.2726665086206897
v 0.11128318965517248 -0.22736057116489136 0.3083630431034484
v 0.11128318965517248 -0.2409385917423086 0.344059577586207
v 0.11128318965517248 -0.21184053448275864 0.37635763341718326
v 0.11262327584723554 -0.21184053448275864 -0.2984780431034483
v 0.12212043911535543 -0.21184053448275864 -0.2627815086206896
v 0.13119522413793108 -0.21184053448275864 -0.24894895389370536
v 0.13119522413793108 -0.23424396172024528 -0.22708497413793097
v 0.13119522413793108 -0.233440378084864 -0.19138843965517235
v 0.13119522413793108 -0.2301065623171883 -0.1556919051724137
v 0.13119522413793108 -0.2285968535397746 -0.11999537068965513
v 0.13119522413793108 -0.22784643088368586 -0.08429883620689649
v 0.13119522413793108 -0.22736989893623952 -0.048602301724137854
v 0.13119522413793108 -0.22720543306356175 -0.012905767241379276
v 0.13119522413793108 -0.22712812404274918 0.02279076724137942
v 0.13119522413793108 -0.22677805433913112 0.058487301724138
v 0.13119522413793108 -0.22638174681971765 0.09418383620689658
v 0.13119522413793108 -0.22586158031837666 0.12988037068965527
v 0.13119522413793108 -0.22611534451205945 0.16557690517241386
v 0.13119522413793108 -0.22698460966787573 0.20127343965517255
v 0.13119522413793108 -0.22829160438676083 0.2369699741379311
v 0.13119522413793108 -0.2297595532941341 0.2726665086206897
v 0.13119522413793108 -0.2284819377487456 0.3083630431034484
v 0.13119522413793108 -0.23635990766605286 0.344059577586207
v 0.13119522413793108 -0.21184053448275864 0.3703324808948316
v 0.1451550307776132 -0.21184053448275864 -0.22708497413793097
v 0.1437869846644097 -0.21184053448275864 -0.19138843965517235
v 0.14096514116857103 -0.21184053448275864 -0.1556919051724137
v 0.1511072586206897 -0.21184053448275864 -0.14165236040672435
v 0.1511072586206897 -0.23073855886205388 -0.11999537068965513
v 0.1511072586206897 -0.23474929214106766 -0.08429883620689649
v 0.1511072586206897 -0.23372010522009581 -0.048602301724137854
v 0.1511072586206897 -0.23095737475986025 -0.012905767241379276
v 0.1511072586206897 -0.22905748946057816 0.02279076724137942
v 0.1511072586206897 -0.22842568423402493 0.058487301724138
v 0.1511072586206897 -0.22772840256086255 0.09418383620689658
v 0.1511072586206897 -0.2268655391489055 0.12988037068965527
v 0.1511072586206897 -0.22687869642815817 0.16557690517241386
v 0.1511072586206897 -0.22727476447619613 0.20127343965517255
v 0.1511072586206897 -0.2280510860808477 0.2369699741379311
v 0.1511072586206897 -0.2295688184630925 0.2726665086206897
v 0.1511072586206897 -0.22912156844127982 0.3083630431034484
v 0.14786718309206554 -0.21184053448275864 0.344059577586207
v 0.1511072586206897 -0.21184053448275864 0.3241484883330369
v 0.16271376642433916 -0.21184053448275864 -0.11999537068965513
v 0.16466429365072208 -0.21184053448275864 -0.08429883620689649
v 0.1630143075067176 -0.21184053448275864 -0.048602301724137854
v 0.1603377606004758 -0.21184053448275864 -0.012905767241379276
v 0.1605720290757792 -0.21184053448275864 0.02279076724137942
v 0.17101929310344835 -0.21184053448275864 0.026898950617434372
v 0.17101929310344835 -0.23907514194739207 0.058487301724138
v 0.17101929310344835 -0.2346054885447211 0.09418383620689658
v 0.17101929310344835 -0.2327502644610821 0.12988037068965527
v 0.17101929310344835 -0.23065056663257646 0.16557690517241386
v 0.17101929310344835 -0.2294849443851248 0.20127343965517255
v 0.17101929310344835 -0.228792943355823 0.2369699741379311
v 0.17101929310344835 -0.2290352684546903 0.2726665086206897
v 0.17101929310344835 -0.22912536712822137 0.3083630431034484
v 0.17101929310344835 -0.21184053448275864 0.31560685698693747
v 0.18765359694620665 -0.21184053448275864 0.058487301724138
v 0.1836936896824681 -0.21184053448275864 0.09418383620689658
v 0.18113752765560714 -0.21184053448275864 0.12988037068965527
v 0.17881116234748456 -0.21184053448275864 0.16557690517241386
v 0.1776935201358203 -0.21184053448275864 0.20127343965517255
v 0.17676448903049438 -0.21184053448275864 0.2369699741379311
v 0.17796677220686685 -0.21184053448275864 0.2726665086206897
v 0.17465027292771582 -0.21184053448275864 0.3083630431034484
v -0.1926976072093996 -0.18024174137931043 0.2726665086206897
v -0.1873973275862069 -0.18024174137931043 0.24194132992493517
v -0.1873973275862069 -0.18358435612808693 0.2726665086206897
v -0.19054139084251723 -0.18024174137931043 0.3083630431034484
v -0.1873973275862069 -0.18306088435485807 0.3083630431034484
v -0.1873973275862069 -0.18024174137931043 0.31136854035204725
v -0.16769498705823285 -0.18024174137931043 0.02279076724137942
v -0.1674852931034483 -0.18024174137931043 0.022240640514111128
v -0.1674852931034483 -0.18100811875873551 0.02279076724137942
v -0.17437616866475347 -0.18024174137931043 0.058487301724138
v -0.17533022146311303 -0.18024174137931043 0.09418383620689658
v -0.1750701290817563 -0.18024174137931043 0.12988037068965527
v -0.1754166209529777 -0.18024174137931043 0.16557690517241386
v -0.1773014386982966 -0.18024174137931043 0.20127343965517255
v -0.1859857902773501 -0.18024174137931043 0.2369699741379311
v -0.1674852931034483 -0.18024174137931043 0.3282016589118866
v -0.15003424660132114 -0.18024174137931043 -0.11999537068965513
v -0.14757325862068968 -0.18024174137931043 -0.1269221361745614
v -0.154537606275802 -0.18024174137931043 -0.08429883620689649
v -0.15511548814877416 -0.18024174137931043 -0.048602301724137854
v -0.15684820636915608 -0.18024174137931043 -0.012905767241379276
v -0.15087104782644273 -0.18024174137931043 0.344059577586207
v -0.14757325862068968 -0.18972367037664173 0.344059577586207
v -0.14757325862068968 -0.18024174137931043 0.3499591817484076
v -0.1310316710931139 -0.18024174137931043 -0.22708497413793097
v -0.12766122413793105 -0.18024174137931043 -0.23136363313632727
v -0.13569766065332203 -0.18024174137931043 -0.19138843965517235
v -0.13801151652688343 -0.18024174137931043 -0.1556919051724137
v -0.12766122413793105 -0.18024174137931043 0.36624748019399733
v -0.11066096446037345 -0.18024174137931043 -0.2984780431034483
v -0.10774918965517241 -0.18024174137931043 -0.3034683722649021
v -0.11770639816795264 -0.18024174137931043 -0.2627815086206896
v -0.10774918965517241 -0.20965071823228962 0.02279076724137942
v -0.10774918965517241 -0.2057402490071559 0.058487301724138
v -0.10774918965517241 -0.20241154599177977 0.09418383620689658
v -0.10774918965517241 -0.2007696100926504 0.12988037068965527
v -0.10774918965517241 -0.20099869269758391 0.16557690517241386
v -0.10774918965517241 -0.20350056622422077 0.20127343965517255
v -0.10774918965517241 -0.2097238941104784 0.2369699741379311
v -0.10774918965517241 -0.18024174137931043 0.36400610096978775
v -0.08783715517241378 -0.18024174137931043 -0.31807921405575185
v -0.08783715517241378 -0.2107182188886905 -0.08429883620689649
v -0.08783715517241378 -0.2062691803133146 -0.048602301724137854
v -0.08783715517241378 -0.20141109794439604 -0.012905767241379276
v -0.08783715517241378 -0.19655183760555275 0.02279076724137942
v -0.08783715517241378 -0.1918395891051317 0.058487301724138
v -0.08783715517241378 -0.1879342851733626 0.09418383620689658
v -0.08783715517241378 -0.18517434092703525 0.12988037068965527
v -0.08783715517241378 -0.18501701066763304 0.16557690517241386
v -0.08783715517241378 -0.18918449903781662 0.20127343965517255
v -0.08783715517241378 -0.19871788534487525 0.2369699741379311
v -0.08783715517241378 -0.18024174137931043 0.36265187506550217
v -0.06792512068965517 -0.18024174137931043 -0.32147436820425
v -0.06792512068965517 -0.2088135737781562 -0.11999537068965513
v -0.06792512068965517 -0.20313162498027607 -0.08429883620689649
v -0.06792512068965517 -0.1970443020324536 -0.048602301724137854
v -0.06792512068965517 -0.1901253547306525 -0.012905767241379276
v -0.06792512068965517 -0.18421552380173983 0.02279076724137942
v -0.07014561830728008 -0.18024174137931043 0.058487301724138
v -0.06792512068965517 -0.18024174137931043 0.04850678094936915
v -0.076691760832585 -0.18024174137931043 0.09418383620689658
v -0.08039817554317907 -0.18024174137931043 0.12988037068965527
v -0.08106211379854167 -0.18024174137931043 0.16557690517241386
v -0.07373091766939041 -0.18024174137931043 0.20127343965517255
v -0.06792512068965517 -0.18024174137931043 0.2119296894400305
v -0.06792512068965517 -0.18893278832705618 0.2369699741379311
v -0.06792512068965517 -0.20980157477219719 0.2726665086206897
v -0.06792512068965517 -0.18024174137931043 0.36772900849936757
v -0.048013086206896545 -0.18024174137931043 -0.32438613346535905
v -0.048013086206896545 -0.2066777699515692 -0.11999537068965513
v -0.048013086206896545 -0.2000211009032167 -0.08429883620689649
v -0.048013086206896545 -0.19293730531453454 -0.048602301724137854
v -0.048013086206896545 -0.18562707035847797 -0.012905767241379276
v -0.05336143545252611 -0.18024174137931043 0.02279076724137942
v -0.048013086206896545 -0.18024174137931043 0.01568677340676425
v -0.048013086206896545 -0.18024174137931043 0.22672167571012367
v -0.048013086206896545 -0.18396411302758323 0.2369699741379311
v -0.048013086206896545 -0.2068721505790777 0.2726665086206897
v -0.048013086206896545 -0.18024174137931043 0.36751914425660603
v -0.028101051724137915 -0.18024174137931043 -0.3289797846898547
v -0.028101051724137915 -0.2093326273517136 -0.11999537068965513
v -0.028101051724137915 -0.2044442712964732 -0.08429883620689649
v -0.028101051724137915 -0.19894124123257578 -0.048602301724137854
v -0.028101051724137915 -0.19359387889428942 -0.012905767241379276
v -0.04560798805211532 -0.18024174137931043 0.02279076724137942
v -0.028101051724137915 -0.1881472664892006 0.02279076724137942
v -0.034291728593986104 -0.18024174137931043 0.058487301724138
v -0.028101051724137915 -0.18295175285371784 0.058487301724138
v -0.028101051724137915 -0.18024174137931043 0.07848509606653484
v -0.028101051724137915 -0.18024174137931043 0.20290071525569403
v -0.028101051724137915 -0.19061585441575976 0.2369699741379311
v -0.028101051724137915 -0.20982825875886751 0.2726665086206897
v -0.028101051724137915 -0.18024174137931043 0.36638279117192885
v -0.008189017241379314 -0.18024174137931043 -0.32524208041039143
v -0.02681153080239643 -0.18024174137931043 0.09418383620689658
v -0.025273353067871682 -0.18024174137931043 0.12988037068965527
v -0.024899571670578106 -0.18024174137931043 0.16557690517241386
v -0.027797118246570707 -0.18024174137931043 0.20127343965517255
v -0.008189017241379314 -0.18024174137931043 0.3680512370594973
v 0.011723017241379351 -0.18024174137931043 -0.3282873035979547
v 0.011723017241379351 -0.21051566773080577 0.058487301724138
v 0.011723017241379351 -0.21044755650953859 0.09418383620689658
v 0.011723017241379351 -0.20985586191819763 0.12988037068965527
v 0.011723017241379351 -0.2099620408510635 0.16557690517241386
v 0.011723017241379351 -0.18024174137931043 0.3676347054871118
v 0.031635051724137955 -0.18024174137931043 -0.3286515712127816
v 0.031635051724137955 -0.21070634570959368 -0.048602301724137854
v 0.031635051724137955 -0.20936868657230212 -0.012905767241379276
v 0.031635051724137955 -0.20818456428684282 0.02279076724137942
v 0.031635051724137955 -0.20732193330737364 0.058487301724138
v 0.031635051724137955 -0.20679188085976727 0.09418383620689658
v 0.031635051724137955 -0.2066346810468279 0.12988037068965527
v 0.031635051724137955 -0.20701746834888282 0.16557690517241386
v 0.031635051724137955 -0.20845504428624845 0.20127343965517255
v 0.031635051724137955 -0.18024174137931043 0.3673039011427241
v 0.05154708620689655 -0.18024174137931043 -0.32442384498676735
v 0.05154708620689655 -0.21162710603789167 0.02279076724137942
v 0.05154708620689655 -0.21069238730158338 0.058487301724138
v 0.05154708620689655 -0.21001305614903074 0.09418383620689658
v 0.05154708620689655 -0.20955634669562986 0.12988037068965527
v 0.05154708620689655 -0.21009943341252701 0.16557690517241386
v 0.05154708620689655 -0.18024174137931043 0.36773954541936826
v 0.07145912068965521 -0.18024174137931043 -0.3210052766295355
v 0.07145912068965521 -0.18024174137931043 0.36814387221155326
v 0.09137115517241381 -0.18024174137931043 -0.3185169298373537
v 0.09137115517241381 -0.18024174137931043 0.36848724505137603
v 0.11128318965517248 -0.18024174137931043 -0.29990646298613266
v 0.11128318965517248 -0.18024174137931043 0.3686685054981001
v 0.11197342470699483 -0.18024174137931043 -0.2984780431034483
v 0.12130529776040119 -0.18024174137931043 -0.2627815086206896
v 0.13119522413793108 -0.18024174137931043 -0.23360028514659395
v 0.13119522413793108 -0.18024174137931043 0.3681985482682593
v 0.1364224678982116 -0.18024174137931043 -0.22708497413793097
v 0.14062039736733367 -0.18024174137931043 -0.19138843965517235
v 0.14308107915007887 -0.18024174137931043 -0.1556919051724137
v 0.1511072586206897 -0.18024174137931043 -0.13169805986143432
v 0.1511072586206897 -0.18703133266585015 0.344059577586207
v 0.1511072586206897 -0.18024174137931043 0.34877957183466857
v 0.15539046827014888 -0.18024174137931043 -0.11999537068965513
v 0.15965873559844518 -0.18024174137931043 -0.08429883620689649
v 0.16033035049228408 -0.18024174137931043 -0.048602301724137854
v 0.16241070959469572 -0.18024174137931043 -0.012905767241379276
v 0.17101929310344835 -0.18024174137931043 0.015925640134625253
v 0.17101929310344835 -0.1863145893186406 0.02279076724137942
v 0.15315204865945262 -0.18024174137931043 0.344059577586207
v 0.17101929310344835 -0.18024174137931043 0.32669855834181716
v 0.1735897691624485 -0.18024174137931043 0.02279076724137942
v 0.17932002891573565 -0.18024174137931043 0.058487301724138
v 0.18014023123631934 -0.18024174137931043 0.09418383620689658
v 0.17979894489615378 -0.18024174137931043 0.12988037068965527
v 0.18001453398108164 -0.18024174137931043 0.16557690517241386
v 0.18203097582435881 -0.18024174137931043 0.20127343965517255
v 0.19093132758620693 -0.18024174137931043 0.236072570424393
v 0.19093132758620693 -0.18071453803928067 0.2369699741379311
v 0.19093132758620693 -0.1908409082523725 0.2726665086206897
v 0.19093132758620693 -0.18302354196214438 0.3083630431034484
v 0.19093132758620693 -0.18024174137931043 0.3126015930591189
v 0.191286846712092 -0.18024174137931043 0.2369699741379311
v 0.1974077699628915 -0.18024174137931043 0.2726665086206897
v 0.19534260308467802 -0.18024174137931043 0.3083630431034484
v -0.18795282357233223 -0.14864294827586214 0.2369699741379311
v -0.1873973275862069 -0.14864294827586214 0.2305244521848094
v -0.1873973275862069 -0.15880664148685128 0.2369699741379311
v -0.1904129237262223 -0.14864294827586214 0.2726665086206897
v -0.1909010682675388 -0.14864294827586214 0.3083630431034484
v -0.1873973275862069 -0.14864294827586214 0.31212897034636045
v -0.1674852931034483 -0.15446936928058916 0.02279076724137942
v -0.17213118651998105 -0.14864294827586214 0.058487301724138
v -0.1674852931034483 -0.14864294827586214 0.02316788771843961
v -0.174800212758385 -0.14864294827586214 0.09418383620689658
v -0.17662700136664208 -0.14864294827586214 0.12988037068965527
v -0.1792285814852534 -0.14864294827586214 0.16557690517241386
v -0.18364256640361917 -0.14864294827586214 0.20127343965517255
v -0.1674852931034483 -0.14864294827586214 0.32980260841197956
v -0.14757325862068968 -0.15845125831067158 -0.11999537068965513
v -0.15230886223264414 -0.14864294827586214 -0.08429883620689649
v -0.14757325862068968 -0.14864294827586214 -0.11247215126408022
v -0.15610418770191797 -0.14864294827586214 -0.048602301724137854
v -0.15980856789023082 -0.14864294827586214 -0.012905767241379276
v -0.1673828599597061 -0.14864294827586214 0.02279076724137942
v -0.14757325862068968 -0.14864294827586214 0.33379185704370284
v -0.14757325862068968 -0.1677852051899745 0.344059577586207
v -0.128063177684025 -0.14864294827586214 -0.22708497413793097
v -0.12766122413793105 -0.14864294827586214 -0.22754717410185785
v -0.1339051991257555 -0.14864294827586214 -0.19138843965517235
v -0.13798603342223725 -0.14864294827586214 -0.1556919051724137
v -0.14498435650233663 -0.14864294827586214 -0.11999537068965513
v -0.13627731068570573 -0.14864294827586214 0.344059577586207
v -0.12766122413793105 -0.14864294827586214 0.350527136344651
v -0.10860922941600004 -0.14864294827586214 -0.2984780431034483
v -0.10774918965517241 -0.14864294827586214 -0.2999788928134262
v -0.11674622572259584 -0.14864294827586214 -0.2627815086206896
v -0.10774918965517241 -0.14864294827586214 0.3554076687277027
v -0.08783715517241378 -0.14864294827586214 -0.31767215106914864
v -0.08783715517241378 -0.14864294827586214 0.3575084908579586
v -0.06792512068965517 -0.14864294827586214 -0.3240123526147366
v -0.06792512068965517 -0.17607773832510168 0.058487301724138
v -0.06792512068965517 -0.1633765476828976 0.09418383620689658
v -0.06792512068965517 -0.15741512604681307 0.12988037068965527
v -0.06792512068965517 -0.15399742525614707 0.16557690517241386
v -0.06792512068965517 -0.16818580860690263 0.20127343965517255
v -0.06792512068965517 -0.14864294827586214 0.3604146150012455
v -0.048013086206896545 -0.14864294827586214 -0.3287115473281954
v -0.05110345335825213 -0.14864294827586214 0.02279076724137942
v -0.048013086206896545 -0.14864294827586214 0.00862340626997594
v -0.05646898641743699 -0.14864294827586214 0.058487301724138
v -0.061250033244049255 -0.14864294827586214 0.09418383620689658
v -0.06406400967112419 -0.14864294827586214 0.12988037068965527
v -0.06560856379867998 -0.14864294827586214 0.16557690517241386
v -0.06080581918786565 -0.14864294827586214 0.20127343965517255
v -0.048013086206896545 -0.14864294827586214 0.23628687923900812
v -0.048013086206896545 -0.14864294827586214 0.36486393487468616
v -0.028101051724137915 -0.14864294827586214 -0.33192748546407336
v -0.040456447783357385 -0.14864294827586214 -0.048602301724137854
v -0.028101051724137915 -0.14864294827586214 -0.07866938411913278
v -0.028101051724137915 -0.16181323509679466 -0.048602301724137854
v -0.04574126838907658 -0.14864294827586214 -0.012905767241379276
v -0.028101051724137915 -0.16861568144011707 -0.012905767241379276
v -0.028101051724137915 -0.17378773927730756 0.02279076724137942
v -0.028101051724137915 -0.17816906232719573 0.058487301724138
v -0.047905991288375804 -0.14864294827586214 0.2369699741379311
v -0.028101051724137915 -0.17221113722049014 0.2369699741379311
v -0.03244048570141801 -0.14864294827586214 0.2726665086206897
v -0.028101051724137915 -0.15308863671560155 0.2726665086206897
v -0.028101051724137915 -0.14864294827586214 0.2767678165259228
v -0.028101051724137915 -0.14864294827586214 0.3681399372248321
v -0.008189017241379314 -0.14864294827586214 -0.33403355302691357
v -0.02497119171948513 -0.14864294827586214 -0.08429883620689649
v -0.008189017241379314 -0.14864294827586214 -0.09712094944840031
v -0.008189017241379314 -0.15482331516819403 -0.08429883620689649
v -0.008189017241379314 -0.16559564413025174 -0.048602301724137854
v -0.008189017241379314 -0.17028071588989965 -0.012905767241379276
v -0.008189017241379314 -0.17284367460251826 0.02279076724137942
v -0.008189017241379314 -0.17463225546209402 0.058487301724138
v -0.008189017241379314 -0.1765738406916436 0.09418383620689658
v -0.008189017241379314 -0.17716886009911184 0.12988037068965527
v -0.008189017241379314 -0.1769117209716001 0.16557690517241386
v -0.008189017241379314 -0.1770156369296971 0.20127343965517255
v -0.008189017241379314 -0.1753650627086801 0.2369699741379311
v -0.008189017241379314 -0.1720473321645507 0.2726665086206897
v -0.02334392970464939 -0.14864294827586214 0.3083630431034484
v -0.008189017241379314 -0.1644724867166732 0.3083630431034484
v -0.008189017241379314 -0.14864294827586214 0.31673482336486664
v -0.008189017241379314 -0.14864294827586214 0.3686360794930272
v -0.0035822241058266974 -0.14864294827586214 -0.33417457758620683
v 0.011723017241379351 -0.14864294827586214 -0.33465058440010254
v 0.011723017241379351 -0.1502117557650088 -0.33417457758620683
v -0.00439017610005924 -0.14864294827586214 -0.08429883620689649
v 0.0006694427341128965 -0.14864294827586214 -0.048602301724137854
v 0.002318823665061186 -0.14864294827586214 -0.012905767241379276
v 0.0027666032474601143 -0.14864294827586214 0.02279076724137942
v 0.0026905893872785375 -0.14864294827586214 0.058487301724138
v 0.003030497659885261 -0.14864294827586214 0.09418383620689658
v 0.002898748541630032 -0.14864294827586214 0.12988037068965527
v 0.002592736456968092 -0.14864294827586214 0.16557690517241386
v 0.0029265143244209205 -0.14864294827586214 0.20127343965517255
v 0.0019025612720240514 -0.14864294827586214 0.2369699741379311
v 0.0008990075457319408 -0.14864294827586214 0.2726665086206897
v -0.0015823441324161669 -0.14864294827586214 0.3083630431034484
v 0.011723017241379351 -0.14864294827586214 0.37236629323622467
v 0.01550331408011417 -0.14864294827586214 -0.33417457758620683
v 0.031635051724137955 -0.14864294827586214 -0.3318205939464122
v 0.031635051724137955 -0.14864294827586214 0.3704170260808331
v 0.05154708620689655 -0.14864294827586214 -0.32830711188667333
v 0.05154708620689655 -0.14864294827586214 0.3672225334751254
v 0.07145912068965521 -0.14864294827586214 -0.3234328176559276
v 0.07145912068965521 -0.14864294827586214 0.36305692532691347
v 0.09137115517241381 -0.14864294827586214 -0.317485903898649
v 0.09137115517241381 -0.14864294827586214 0.3600898525429902
v 0.11063746529723442 -0.14864294827586214 -0.2984780431034483
v 0.11128318965517248 -0.15962620951068834 -0.2984780431034483
v 0.11128318965517248 -0.14864294827586214 -0.29792964637742625
v 0.11128318965517248 -0.14864294827586214 0.35805044709420225
v 0.1199654948247599 -0.14864294827586214 -0.2627815086206896
v 0.13119522413793108 -0.14864294827586214 -0.23073293416486335
v 0.13119522413793108 -0.14864294827586214 0.3530494707913999
v 0.13473764458520748 -0.14864294827586214 -0.22708497413793097
v 0.1406844613273071 -0.14864294827586214 -0.19138843965517235
v 0.1454981725492474 -0.14864294827586214 -0.1556919051724137
v 0.1511072586206897 -0.14864294827586214 -0.13057293542680087
v 0.1429767958303798 -0.14864294827586214 0.344059577586207
v 0.1511072586206897 -0.14864294827586214 0.3367445098802046
v 0.1511072586206897 -0.16797950366727663 0.344059577586207
v 0.1532590568249224 -0.14864294827586214 -0.11999537068965513
v 0.1586750920673784 -0.14864294827586214 -0.08429883620689649
v 0.16233353819646787 -0.14864294827586214 -0.048602301724137854
v 0.16671771007681996 -0.14864294827586214 -0.012905767241379276
v 0.17101929310344835 -0.14864294827586214 0.007566752456239688
v 0.17101929310344835 -0.14864294827586214 0.33177200941148904
v 0.17394978955169738 -0.14864294827586214 0.02279076724137942
v 0.17820384490159427 -0.14864294827586214 0.058487301724138
v 0.18076145976967897 -0.14864294827586214 0.09418383620689658
v 0.1827313356701078 -0.14864294827586214 0.12988037068965527
v 0.18562744338250797 -0.14864294827586214 0.16557690517241386
v 0.19042331564043924 -0.14864294827586214 0.20127343965517255
v 0.19093132758620693 -0.14864294827586214 0.20547507809464705
v 0.19093132758620693 -0.14864294827586214 0.3137982853259248
v 0.19351045509937634 -0.14864294827586214 0.2369699741379311
v 0.19557397089025605 -0.14864294827586214 0.2726665086206897
v 0.1960438902335609 -0.14864294827586214 0.3083630431034484
v -0.1873973275862069 -0.14387988023369455 0.2369699741379311
v -0.1873973275862069 -0.13155513318118434 0.2726665086206897
v -0.1873973275862069 -0.1359578446002354 0.3083630431034484
v -0.1707656863624905 -0.11704415517241384 0.02279076724137942
v -0.1674852931034483 -0.11704415517241384 0.011454737579185952
v -0.1674852931034483 -0.14820589814551513 0.02279076724137942
v -0.17371792463506502 -0.11704415517241384 0.058487301724138
v -0.17405870654886305 -0.11704415517241384 0.09418383620689658
v -0.17475867723236027 -0.11704415517241384 0.12988037068965527
v -0.17714025643160744 -0.11704415517241384 0.16557690517241386
v -0.1800758642849566 -0.11704415517241384 0.20127343965517255
v -0.17997250482870492 -0.11704415517241384 0.2369699741379311
v -0.17989836086420974 -0.11704415517241384 0.2726665086206897
v -0.17401168085891733 -0.11704415517241384 0.3083630431034484
v -0.1674852931034483 -0.11704415517241384 0.3161698613609999
v -0.15568097397178252 -0.11704415517241384 -0.08429883620689649
v -0.14757325862068968 -0.11704415517241384 -0.09580714107811902
v -0.1553281426867765 -0.11704415517241384 -0.048602301724137854
v -0.158127715335306 -0.11704415517241384 -0.012905767241379276
v -0.14757325862068968 -0.11704415517241384 0.3197283966744736
v -0.12766122413793105 -0.14508511428357782 -0.22708497413793097
v -0.12766122413793105 -0.11910677558924462 -0.19138843965517235
v -0.13488383767492043 -0.11704415517241384 -0.1556919051724137
v -0.12766122413793105 -0.11704415517241384 -0.18990848763790838
v -0.13275021110667645 -0.11704415517241384 -0.11999537068965513
v -0.12766122413793105 -0.11704415517241384 0.320695487761862
v -0.12766122413793105 -0.13592089626223608 0.344059577586207
v -0.10774918965517241 -0.14387931219775946 -0.2984780431034483
v -0.11480320443103355 -0.11704415517241384 -0.2627815086206896
v -0.10774918965517241 -0.11704415517241384 -0.29088286127112417
v -0.12255698749291555 -0.11704415517241384 -0.22708497413793097
v -0.12647712697853541 -0.11704415517241384 -0.19138843965517235
v -0.10774918965517241 -0.11704415517241384 0.32007988047287445
v -0.10774918965517241 -0.12929190555460926 0.344059577586207
v -0.09412085606078296 -0.11704415517241384 -0.2984780431034483
v -0.08783715517241378 -0.11704415517241384 -0.30516938988957065
v -0.08783715517241378 -0.11704415517241384 0.3193450459044984
v -0.08783715517241378 -0.1269752904894456 0.344059577586207
v -0.06792512068965517 -0.11704415517241384 -0.3158866666013408
v -0.06792512068965517 -0.11704415517241384 0.3189706450485005
v -0.06792512068965517 -0.12461252815922622 0.344059577586207
v -0.048013086206896545 -0.11704415517241384 -0.3226407382167314
v -0.048013086206896545 -0.14458048048300468 0.02279076724137942
v -0.048013086206896545 -0.1387839606723605 0.058487301724138
v -0.048013086206896545 -0.13492431915227415 0.09418383620689658
v -0.048013086206896545 -0.13179001277875346 0.12988037068965527
v -0.048013086206896545 -0.12917772678309514 0.16557690517241386
v -0.048013086206896545 -0.1316903714242748 0.20127343965517255
v -0.048013086206896545 -0.11704415517241384 0.3197441397024077
v -0.048013086206896545 -0.12162983558978127 0.344059577586207
v -0.028101051724137915 -0.11704415517241384 -0.32820584766788136
v -0.028101051724137915 -0.133883255796936 -0.048602301724137854
v -0.028101051724137915 -0.12998361245426404 -0.012905767241379276
v -0.028101051724137915 -0.12819466421032555 0.02279076724137942
v -0.028101051724137915 -0.12719561881789807 0.058487301724138
v -0.028101051724137915 -0.12641117549096736 0.09418383620689658
v -0.028101051724137915 -0.1260088652701682 0.12988037068965527
v -0.028101051724137915 -0.1255458131557657 0.16557690517241386
v -0.028101051724137915 -0.12618204441590683 0.20127343965517255
v -0.028101051724137915 -0.12908918647829953 0.2369699741379311
v -0.028101051724137915 -0.14252642992714884 0.2726665086206897
v -0.028101051724137915 -0.11704415517241384 0.3239536077852734
v -0.028101051724137915 -0.11970236806937717 0.344059577586207
v -0.023077249639630322 -0.11704415517241384 -0.33417457758620683
v -0.008189017241379314 -0.11704415517241384 -0.34299711674596944
v -0.008189017241379314 -0.14822195630444088 -0.33417457758620683
v -0.022096865011014474 -0.11704415517241384 -0.1556919051724137
v -0.008189017241379314 -0.11704415517241384 -0.17685694017876918
v -0.008189017241379314 -0.1338758754638378 -0.1556919051724137
v -0.012970947288984864 -0.11704415517241384 -0.11999537068965513
v -0.008189017241379314 -0.1239639579260032 -0.11999537068965513
v -0.008189017241379314 -0.11704415517241384 -0.11533404396795226
v -0.008189017241379314 -0.14134605130325925 -0.08429883620689649
v -0.008189017241379314 -0.13313715908846774 -0.048602301724137854
v -0.008189017241379314 -0.12944090655141566 -0.012905767241379276
v -0.008189017241379314 -0.12731632919431912 0.02279076724137942
v -0.008189017241379314 -0.1258017365132967 0.058487301724138
v -0.008189017241379314 -0.1235693320163922 0.09418383620689658
v -0.008189017241379314 -0.12268874799157745 0.12988037068965527
v -0.008189017241379314 -0.12310294480015453 0.16557690517241386
v -0.008189017241379314 -0.122237819316835 0.20127343965517255
v -0.008189017241379314 -0.12324505735703686 0.2369699741379311
v -0.008189017241379314 -0.12460209972139943 0.2726665086206897
v -0.008189017241379314 -0.12682103191458707 0.3083630431034484
v -0.008189017241379314 -0.11704415517241384 0.33785711752455166
v -0.008189017241379314 -0.11793071770577825 0.344059577586207
v 0.011723017241379351 -0.11704415517241384 -0.33835459516021293
v -0.0019022779066708512 -0.11704415517241384 -0.1556919051724137
v -0.007434294691104425 -0.11704415517241384 -0.11999537068965513
v 0.002359614647587988 -0.11704415517241384 0.344059577586207
v 0.011723017241379351 -0.11704415517241384 0.3473642987714516
v 0.022462438921027394 -0.11704415517241384 -0.33417457758620683
v 0.031635051724137955 -0.11704415517241384 -0.3281484007472101
v 0.031635051724137955 -0.11704415517241384 0.34519647359536154
v 0.05154708620689655 -0.11704415517241384 -0.3232587344695962
v 0.03762993526504783 -0.11704415517241384 0.344059577586207
v 0.05154708620689655 -0.11704415517241384 0.34023519821422527
v 0.05154708620689655 -0.11789944076716745 0.344059577586207
v 0.07145912068965521 -0.11704415517241384 -0.3167656980185318
v 0.07145912068965521 -0.11704415517241384 0.33586865751906275
v 0.07145912068965521 -0.11984832040804738 0.344059577586207
v 0.09137115517241381 -0.11704415517241384 -0.30639236108905693
v 0.09137115517241381 -0.11704415517241384 0.33286547375770864
v 0.09137115517241381 -0.12203323237059437 0.344059577586207
v 0.09871615894808135 -0.11704415517241384 -0.2984780431034483
v 0.11128318965517248 -0.11704415517241384 -0.2915177445676659
v 0.11128318965517248 -0.11704415517241384 0.33096216654051513
v 0.11128318965517248 -0.12434028121281046 0.344059577586207
v 0.11813520556444893 -0.11704415517241384 -0.2627815086206896
v 0.13119522413793108 -0.11704415517241384 -0.2274438656394956
v 0.13119522413793108 -0.11704415517241384 0.32913329526956936
v 0.13119522413793108 -0.1302322205052628 0.344059577586207
v 0.13165897305654517 -0.11704415517241384 -0.22708497413793097
v 0.13715961143633953 -0.11704415517241384 -0.19138843965517235
v 0.1412325901223127 -0.11704415517241384 -0.1556919051724137
v 0.1378834962723003 -0.11704415517241384 -0.11999537068965513
v 0.1511072586206897 -0.14688451478602038 -0.11999537068965513
v 0.1511072586206897 -0.11704415517241384 -0.09826188861016993
v 0.1511072586206897 -0.11704415517241384 0.32646258893616165
v 0.1609043391588851 -0.11704415517241384 -0.08429883620689649
v 0.1610825493751368 -0.11704415517241384 -0.048602301724137854
v 0.16495659361601037 -0.11704415517241384 -0.012905767241379276
v 0.17101929310344835 -0.11704415517241384 0.003166421332017586
v 0.17101929310344835 -0.11704415517241384 0.3213431145405559
v 0.17668325899100645 -0.11704415517241384 0.02279076724137942
v 0.1791469921868796 -0.11704415517241384 0.058487301724138
v 0.17960429935236327 -0.11704415517241384 0.09418383620689658
v 0.18078637854523671 -0.11704415517241384 0.12988037068965527
v 0.18413003119489826 -0.11704415517241384 0.16557690517241386
v 0.18845532394580544 -0.11704415517241384 0.20127343965517255
v 0.18850721340615925 -0.11704415517241384 0.2369699741379311
v 0.19093132758620693 -0.12613118798411996 0.2369699741379311
v 0.18839480880370887 -0.11704415517241384 0.2726665086206897
v 0.19093132758620693 -0.1221106025443201 0.2726665086206897
v 0.18189657472136408 -0.11704415517241384 0.3083630431034484
v 0.19093132758620693 -0.13014546218588238 0.3083630431034484
v -0.1674852931034483 -0.10217350797795727 0.02279076724137942
v -0.1674852931034483 -0.09446828107238804 0.058487301724138
v -0.1674852931034483 -0.09381218826755493 0.09418383620689658
v -0.1674852931034483 -0.09430439992546726 0.12988037068965527
v -0.1674852931034483 -0.09474321275539976 0.16557690517241386
v -0.1674852931034483 -0.09590927508985675 0.20127343965517255
v -0.1674852931034483 -0.09742229196502307 0.2369699741379311
v -0.1674852931034483 -0.09961850116949597 0.2726665086206897
v -0.1674852931034483 -0.10695429552709376 0.3083630431034484
v -0.14757325862068968 -0.08998827634898653 -0.08429883620689649
v -0.14757325862068968 -0.08977774224691529 -0.048602301724137854
v -0.14757325862068968 -0.08872419559173317 -0.012905767241379276
v -0.14757325862068968 -0.08759837253589181 0.02279076724137942
v -0.14757325862068968 -0.08716588841812803 0.058487301724138
v -0.14757325862068968 -0.08763526468186071 0.09418383620689658
v -0.14757325862068968 -0.08874488068931069 0.12988037068965527
v -0.14757325862068968 -0.09026443704635262 0.16557690517241386
v -0.14757325862068968 -0.09225009758937947 0.20127343965517255
v -0.14757325862068968 -0.09419828597305274 0.2369699741379311
v -0.14757325862068968 -0.09653197866709351 0.2726665086206897
v -0.14757325862068968 -0.1028163071262813 0.3083630431034484
v -0.13460882426360862 -0.08544536206896555 -0.19138843965517235
v -0.12766122413793105 -0.08544536206896555 -0.21720153278606402
v -0.12766122413793105 -0.1159957647983572 -0.19138843965517235
v -0.13550170987918203 -0.08544536206896555 -0.1556919051724137
v -0.13476565760944414 -0.08544536206896555 -0.11999537068965513
v -0.13534387109185234 -0.08544536206896555 -0.08429883620689649
v -0.13669558212303395 -0.08544536206896555 -0.048602301724137854
v -0.13827947197835141 -0.08544536206896555 -0.012905767241379276
v -0.14100195523529585 -0.08544536206896555 0.02279076724137942
v -0.14130634059751904 -0.08544536206896555 0.058487301724138
v -0.13941063392955969 -0.08544536206896555 0.09418383620689658
v -0.13396168959030444 -0.08544536206896555 0.12988037068965527
v -0.12766122413793105 -0.08544536206896555 0.15724803244720859
v -0.12766122413793105 -0.08627510903309221 0.16557690517241386
v -0.12766122413793105 -0.08987960251900434 0.20127343965517255
v -0.12766122413793105 -0.09276533496168621 0.2369699741379311
v -0.12766122413793105 -0.0953485030403084 0.2726665086206897
v -0.12766122413793105 -0.10136993430158599 0.3083630431034484
v -0.11395989456853232 -0.08544536206896555 -0.2627815086206896
v -0.10774918965517241 -0.08544536206896555 -0.28740984048074814
v -0.12000917792948339 -0.08544536206896555 -0.22708497413793097
v -0.12124495742259422 -0.08544536206896555 0.16557690517241386
v -0.10774918965517241 -0.08544536206896555 0.18133758183471851
v -0.10774918965517241 -0.0887547869587651 0.20127343965517255
v -0.10774918965517241 -0.09255478527960066 0.2369699741379311
v -0.10774918965517241 -0.0954754977495971 0.2726665086206897
v -0.10774918965517241 -0.101419137094515 0.3083630431034484
v -0.08783715517241378 -0.09613990173780688 -0.2984780431034483
v -0.08783715517241378 -0.08544536206896555 -0.29486408239026435
v -0.08783715517241378 -0.08544536206896555 0.19783905003790603
v -0.08783715517241378 -0.0864153788407807 0.20127343965517255
v -0.08783715517241378 -0.09253977240053764 0.2369699741379311
v -0.08783715517241378 -0.09542681077624392 0.2726665086206897
v -0.08783715517241378 -0.10154139858956122 0.3083630431034484
v -0.0812503238499715 -0.08544536206896555 -0.2984780431034483
v -0.06792512068965517 -0.08544536206896555 -0.30643526533947085
v -0.08525734220022572 -0.08544536206896555 0.20127343965517255
v -0.06792512068965517 -0.08544536206896555 0.2267114482443084
v -0.06792512068965517 -0.08834434650314359 0.2369699741379311
v -0.06792512068965517 -0.09392088361609387 0.2726665086206897
v -0.06792512068965517 -0.10118491510203267 0.3083630431034484
v -0.048013086206896545 -0.08544536206896555 -0.314839096126778
v -0.06405034460290285 -0.08544536206896555 0.2369699741379311
v -0.048013086206896545 -0.08544536206896555 0.26440949296611893
v -0.048013086206896545 -0.087596692972065 0.2726665086206897
v -0.048013086206896545 -0.09882022175041447 0.3083630431034484
v -0.028101051724137915 -0.08544536206896555 -0.3223934838228669
v -0.04528672855740038 -0.08544536206896555 0.2726665086206897
v -0.028101051724137915 -0.08544536206896555 0.29040845009155886
v -0.028101051724137915 -0.0918605848623497 0.3083630431034484
v -0.01981038597597331 -0.08544536206896555 -0.33417457758620683
v -0.008189017241379314 -0.08544536206896555 -0.34142975884471266
v -0.023642372909095346 -0.08544536206896555 -0.19138843965517235
v -0.008189017241379314 -0.08544536206896555 -0.2163305134462479
v -0.008189017241379314 -0.10805795865537887 -0.19138843965517235
v -0.008189017241379314 -0.08544536206896555 -0.17222330212247558
v -0.008189017241379314 -0.10435522855253315 -0.1556919051724137
v -0.008189017241379314 -0.11429150012425188 -0.11999537068965513
v -0.014092351873276513 -0.08544536206896555 0.3083630431034484
v -0.008189017241379314 -0.08544536206896555 0.31093011318668545
v 0.011723017241379351 -0.08544536206896555 -0.3358198648453619
v -0.0013346074699400433 -0.08544536206896555 -0.19138843965517235
v 0.011723017241379351 -0.08544536206896555 0.31735056538217865
v 0.011723017241379351 -0.10884607194700487 0.344059577586207
v 0.01592345523907636 -0.08544536206896555 -0.33417457758620683
v 0.031635051724137955 -0.08544536206896555 -0.32282005315244894
v 0.031635051724137955 -0.08544536206896555 0.3185981575892524
v 0.031635051724137955 -0.11381231816645156 0.344059577586207
v 0.05154708620689655 -0.08544536206896555 -0.3170586790254114
v 0.05154708620689655 -0.08544536206896555 0.3162590832338246
v 0.07145912068965521 -0.08544536206896555 -0.3100059498017561
v 0.07145912068965521 -0.08544536206896555 0.3127653118077178
v 0.09137115517241381 -0.08544536206896555 -0.29861847058490393
v 0.09137115517241381 -0.08544536206896555 0.3090526840552641
v 0.09150134061746672 -0.08544536206896555 -0.2984780431034483
v 0.11128318965517248 -0.08544536206896555 -0.288902798755888
v 0.09489875377237783 -0.08544536206896555 0.3083630431034484
v 0.11128318965517248 -0.08544536206896555 0.30044374841868116
v 0.11128318965517248 -0.08766053914633551 0.3083630431034484
v 0.11738500399825924 -0.08544536206896555 -0.2627815086206896
v 0.12957955899174797 -0.08544536206896555 -0.22708497413793097
v 0.13119522413793108 -0.11007444390079074 -0.22708497413793097
v 0.13119522413793108 -0.08544536206896555 -0.2249667162239578
v 0.13119522413793108 -0.08544536206896555 0.289259940875883
v 0.13119522413793108 -0.09055153817003765 0.3083630431034484
v 0.14027732964623432 -0.08544536206896555 -0.19138843965517235
v 0.14315144316178818 -0.08544536206896555 -0.1556919051724137
v 0.14876219297777907 -0.08544536206896555 -0.11999537068965513
v 0.1511072586206897 -0.08544536206896555 -0.10178044953134768
v 0.1511072586206897 -0.08544536206896555 0.27269390798429893
v 0.1511072586206897 -0.09416478046426109 0.3083630431034484
v 0.15369596932358395 -0.08544536206896555 -0.08429883620689649
v 0.15705292445583602 -0.08544536206896555 -0.048602301724137854
v 0.16005127913870132 -0.08544536206896555 -0.012905767241379276
v 0.16335404116091676 -0.08544536206896555 0.02279076724137942
v 0.17101929310344835 -0.0913560414583066 0.02279076724137942
v 0.16625246479898004 -0.08544536206896555 0.058487301724138
v 0.17101929310344835 -0.08751640466071262 0.058487301724138
v 0.1678471363230934 -0.08544536206896555 0.09418383620689658
v 0.17101929310344835 -0.08668538493477086 0.09418383620689658
v 0.16834734258027947 -0.08544536206896555 0.12988037068965527
v 0.17101929310344835 -0.08649535725489993 0.12988037068965527
v 0.16792620968954586 -0.08544536206896555 0.16557690517241386
v 0.17101929310344835 -0.08658773361549117 0.16557690517241386
v 0.16545308141148077 -0.08544536206896555 0.20127343965517255
v 0.17101929310344835 -0.08743098401016391 0.20127343965517255
v 0.16023799695974963 -0.08544536206896555 0.2369699741379311
v 0.17101929310344835 -0.08928961862570202 0.2369699741379311
v 0.15112452231324247 -0.08544536206896555 0.2726665086206897
v 0.17101929310344835 -0.09226278420725713 0.2726665086206897
v 0.17101929310344835 -0.10005342094046261 0.3083630431034484
v -0.13494354833759523 -0.05384656896551726 -0.19138843965517235
v -0.12766122413793105 -0.05384656896551726 -0.21271022244896204
v -0.1303776221639626 -0.05384656896551726 -0.1556919051724137
v -0.12766122413793105 -0.05384656896551726 -0.1277056088037136
v -0.12766122413793105 -0.05686273430481867 -0.11999537068965513
v -0.12766122413793105 -0.0635369360579933 -0.08429883620689649
v -0.12766122413793105 -0.06601726191106704 -0.048602301724137854
v -0.12766122413793105 -0.06680926500784866 -0.012905767241379276
v -0.12766122413793105 -0.06843051917320907 0.02279076724137942
v -0.12766122413793105 -0.0723273519783604 0.058487301724138
v -0.12766122413793105 -0.07600970102414231 0.09418383620689658
v -0.12766122413793105 -0.08156331339093952 0.12988037068965527
v -0.11378652594122945 -0.05384656896551726 -0.2627815086206896
v -0.10774918965517241 -0.05384656896551726 -0.28716335214948374
v -0.11769657066253936 -0.05384656896551726 -0.22708497413793097
v -0.12610903785592348 -0.05384656896551726 -0.11999537068965513
v -0.12147508066790791 -0.05384656896551726 -0.08429883620689649
v -0.11806235339102328 -0.05384656896551726 -0.048602301724137854
v -0.1161577688655486 -0.05384656896551726 -0.012905767241379276
v -0.11248638460110914 -0.05384656896551726 0.02279076724137942
v -0.10774918965517241 -0.05384656896551726 0.05723049071496166
v -0.10774918965517241 -0.0540982180099884 0.058487301724138
v -0.10774918965517241 -0.06342822736212966 0.09418383620689658
v -0.10774918965517241 -0.07363716599403185 0.12988037068965527
v -0.10774918965517241 -0.08239966993387861 0.16557690517241386
v -0.08783715517241378 -0.05384656896551726 -0.2980813912863254
v -0.10750978562913525 -0.05384656896551726 0.058487301724138
v -0.09781766938745459 -0.05384656896551726 0.09418383620689658
v -0.08783715517241378 -0.05384656896551726 0.1199019676175643
v -0.08783715517241378 -0.05933918823814661 0.12988037068965527
v -0.08783715517241378 -0.07652442093989398 0.16557690517241386
v -0.08719145739031774 -0.05384656896551726 -0.2984780431034483
v -0.06792512068965517 -0.05384656896551726 -0.30732853161990753
v -0.08355933396404497 -0.05384656896551726 0.12988037068965527
v -0.06792512068965517 -0.05384656896551726 0.1584717036585694
v -0.06792512068965517 -0.05974947232381324 0.16557690517241386
v -0.06792512068965517 -0.07901786192250003 0.20127343965517255
v -0.048013086206896545 -0.05384656896551726 -0.3138949078742183
v -0.06392617346341097 -0.05384656896551726 0.16557690517241386
v -0.048013086206896545 -0.05384656896551726 0.18881978269857913
v -0.048013086206896545 -0.06281524624408573 0.20127343965517255
v -0.048013086206896545 -0.07747926004243438 0.2369699741379311
v -0.028101051724137915 -0.05384656896551726 -0.3204062559307233
v -0.038737220000130794 -0.05384656896551726 0.20127343965517255
v -0.028101051724137915 -0.05384656896551726 0.2143155255802105
v -0.028101051724137915 -0.06371085064658502 0.2369699741379311
v -0.028101051724137915 -0.07601866414706523 0.2726665086206897
v -0.017333808369940456 -0.05384656896551726 -0.33417457758620683
v -0.008189017241379314 -0.05384656896551726 -0.33963246619002185
v -0.008189017241379314 -0.06884539982761405 -0.19138843965517235
v -0.008189017241379314 -0.05384656896551726 0.23572950717071772
v -0.008189017241379314 -0.054258949303725594 0.2369699741379311
v -0.008189017241379314 -0.06605956136256919 0.2726665086206897
v -0.008189017241379314 -0.08248291729983319 0.3083630431034484
v 0.011123992725010036 -0.05384656896551726 -0.33417457758620683
v 0.011723017241379351 -0.05753172045416813 -0.33417457758620683
v 0.011723017241379351 -0.05384656896551726 -0.33376743169989354
v -0.006518461137623328 -0.05384656896551726 0.2369699741379311
v 0.011723017241379351 -0.05384656896551726 0.247888745800649
v 0.011723017241379351 -0.060817752594734896 0.2726665086206897
v 0.011723017241379351 -0.07591231663190864 0.3083630431034484
v 0.031635051724137955 -0.05384656896551726 -0.32114551789944895
v 0.031635051724137955 -0.05384656896551726 0.25302946165249596
v 0.031635051724137955 -0.05931952803844619 0.2726665086206897
v 0.031635051724137955 -0.07458812778552246 0.3083630431034484
v 0.05154708620689655 -0.05384656896551726 -0.3163142415511586
v 0.05154708620689655 -0.05384656896551726 0.25087982043274704
v 0.05154708620689655 -0.060306318511889015 0.2726665086206897
v 0.05154708620689655 -0.07663651876480874 0.3083630431034484
v 0.07145912068965521 -0.05384656896551726 -0.31103856093722065
v 0.07145912068965521 -0.05384656896551726 0.2424718491668102
v 0.07145912068965521 -0.06334754032468971 0.2726665086206897
v 0.07145912068965521 -0.08031421695929258 0.3083630431034484
v 0.09137115517241381 -0.05384656896551726 -0.3023037400867417
v 0.08007436406245048 -0.05384656896551726 0.2369699741379311
v 0.09137115517241381 -0.05384656896551726 0.22760766270702046
v 0.09137115517241381 -0.05654456575729633 0.2369699741379311
v 0.09137115517241381 -0.06734931936755953 0.2726665086206897
v 0.09137115517241381 -0.0846121448387839 0.3083630431034484
v 0.09523884770887932 -0.05384656896551726 -0.2984780431034483
v 0.11128318965517248 -0.05384656896551726 -0.28930149729164756
v 0.11128318965517248 -0.05384656896551726 0.20469586348887295
v 0.11128318965517248 -0.06202081044511598 0.2369699741379311
v 0.11128318965517248 -0.07199830530431388 0.2726665086206897
v 0.1173192933531073 -0.05384656896551726 -0.2627815086206896
v 0.12634018723550217 -0.05384656896551726 -0.22708497413793097
v 0.13119522413793108 -0.05384656896551726 -0.21995862450706807
v 0.11342464900522267 -0.05384656896551726 0.20127343965517255
v 0.13119522413793108 -0.05384656896551726 0.16847959811723914
v 0.13119522413793108 -0.06124133380071213 0.20127343965517255
v 0.13119522413793108 -0.0685874580888595 0.2369699741379311
v 0.13119522413793108 -0.07727090833949639 0.2726665086206897
v 0.1409654465905008 -0.05384656896551726 -0.19138843965517235
v 0.14434299971407674 -0.05384656896551726 -0.1556919051724137
v 0.14756250976044755 -0.05384656896551726 -0.11999537068965513
v 0.1488638534507986 -0.05384656896551726 -0.08429883620689649
v 0.1511072586206897 -0.06396635260709585 -0.08429883620689649
v 0.14978960248764306 -0.05384656896551726 -0.048602301724137854
v 0.1511072586206897 -0.05700393342177844 -0.048602301724137854
v 0.15056340436137883 -0.05384656896551726 -0.012905767241379276
v 0.1511072586206897 -0.05477620502508673 -0.012905767241379276
v 0.1511072586206897 -0.05384656896551726 0.017999297283141043
v 0.15034397526559892 -0.05384656896551726 0.058487301724138
v 0.1511072586206897 -0.05384656896551726 0.027232833066060787
v 0.1511072586206897 -0.05464057466261035 0.058487301724138
v 0.14746535291794988 -0.05384656896551726 0.09418383620689658
v 0.1511072586206897 -0.05712999717516232 0.09418383620689658
v 0.14114366737380793 -0.05384656896551726 0.12988037068965527
v 0.1511072586206897 -0.061534802464347865 0.12988037068965527
v 0.13221096307204314 -0.05384656896551726 0.16557690517241386
v 0.1511072586206897 -0.0660907914955385 0.16557690517241386
v 0.1511072586206897 -0.07153091149176771 0.20127343965517255
v 0.1511072586206897 -0.07742083689371285 0.2369699741379311
v 0.1511072586206897 -0.08543144636869786 0.2726665086206897
v 0.15118946874848305 -0.05384656896551726 0.02279076724137942
v -0.13723573868262792 -0.02224777586206901 -0.19138843965517235
v -0.12766122413793105 -0.02224777586206901 -0.2039815968797833
v -0.13082920176361848 -0.02224777586206901 -0.1556919051724137
v -0.12766122413793105 -0.02224777586206901 -0.13702324113247866
v -0.11594942888821555 -0.02224777586206901 -0.2984780431034483
v -0.10774918965517241 -0.02224777586206901 -0.314400160759332
v -0.10774918965517241 -0.046124378225489066 -0.2984780431034483
v -0.11451428754926493 -0.02224777586206901 -0.2627815086206896
v -0.11164039757347592 -0.02224777586206901 -0.22708497413793097
v -0.12219453151510798 -0.02224777586206901 -0.11999537068965513
v -0.11482366753951634 -0.02224777586206901 -0.08429883620689649
v -0.10872813940377056 -0.02224777586206901 -0.048602301724137854
v -0.10774918965517241 -0.02224777586206901 -0.04104598640372083
v -0.10774918965517241 -0.032719128649190465 -0.012905767241379276
v -0.10774918965517241 -0.04272549876858288 0.02279076724137942
v -0.08783715517241378 -0.02224777586206901 -0.3078681325870748
v -0.08783715517241378 -0.05351026807657258 -0.2984780431034483
v -0.09578921967327363 -0.02224777586206901 -0.22708497413793097
v -0.08783715517241378 -0.02224777586206901 -0.23747408195981132
v -0.08783715517241378 -0.033001440268435434 -0.22708497413793097
v -0.08783715517241378 -0.02224777586206901 -0.22275172039254557
v -0.10321050875205742 -0.02224777586206901 -0.012905767241379276
v -0.09865326061568959 -0.02224777586206901 0.02279076724137942
v -0.09308593283190655 -0.02224777586206901 0.058487301724138
v -0.08783715517241378 -0.02224777586206901 0.0810819077800449
v -0.08783715517241378 -0.03142813196531498 0.09418383620689658
v -0.06792512068965517 -0.02224777586206901 -0.30721632673803806
v -0.06792512068965517 -0.02224777586206901 -0.2500196704794556
v -0.06792512068965517 -0.04144540131483262 -0.22708497413793097
v -0.06792512068965517 -0.02224777586206901 -0.21816033600862442
v -0.08466853428218833 -0.02224777586206901 0.09418383620689658
v -0.07047526017762779 -0.02224777586206901 0.12988037068965527
v -0.06792512068965517 -0.02224777586206901 0.13390022500811583
v -0.048013086206896545 -0.02224777586206901 -0.3076105974376005
v -0.048013086206896545 -0.02224777586206901 -0.25473671577212753
v -0.048013086206896545 -0.04595106058859567 -0.22708497413793097
v -0.048013086206896545 -0.02224777586206901 -0.21583301811031813
v -0.048013086206896545 -0.02224777586206901 0.15969442990622662
v -0.048013086206896545 -0.03108735994321601 0.16557690517241386
v -0.028101051724137915 -0.02224777586206901 -0.3181687816207675
v -0.028101051724137915 -0.02224777586206901 -0.2569492894752987
v -0.028101051724137915 -0.05111601728041232 -0.22708497413793097
v -0.028101051724137915 -0.02224777586206901 -0.21311196737859686
v -0.04090700136063275 -0.02224777586206901 0.16557690517241386
v -0.028101051724137915 -0.02224777586206901 0.1744652914937717
v -0.028101051724137915 -0.046723421627543615 0.20127343965517255
v -0.01921991462073929 -0.02224777586206901 -0.33417457758620683
v -0.008189017241379314 -0.02224777586206901 -0.3444950623349089
v -0.008189017241379314 -0.02224777586206901 -0.2573516919252048
v -0.008189017241379314 -0.05382261004301342 -0.22708497413793097
v -0.008189017241379314 -0.02224777586206901 -0.21207623743128648
v -0.008189017241379314 -0.02224777586206901 0.18317773504137955
v -0.008189017241379314 -0.03708443175054124 0.20127343965517255
v 0.011723017241379351 -0.02224777586206901 -0.34243310749987926
v 0.011723017241379351 -0.05335052392235238 -0.33417457758620683
v 0.011723017241379351 -0.02224777586206901 -0.2500404183642813
v 0.011723017241379351 -0.039239142818687615 -0.22708497413793097
v 0.011723017241379351 -0.02224777586206901 -0.2200733270847491
v 0.011723017241379351 -0.02224777586206901 0.18957447049627987
v 0.011723017241379351 -0.03142582851619707 0.20127343965517255
v 0.011723017241379351 -0.04870613949078779 0.2369699741379311
v 0.021266172121858412 -0.02224777586206901 -0.33417457758620683
v 0.031635051724137955 -0.02224777586206901 -0.31885709621471037
v 0.031635051724137955 -0.02224777586206901 -0.24440208336421163
v 0.031635051724137955 -0.03359544102835471 -0.22708497413793097
v 0.031635051724137955 -0.02224777586206901 -0.22215872267604428
v 0.031635051724137955 -0.02224777586206901 0.19229249071313967
v 0.031635051724137955 -0.029052173165672105 0.20127343965517255
v 0.031635051724137955 -0.04645070109997758 0.2369699741379311
v 0.05154708620689655 -0.02224777586206901 -0.31055285021770357
v 0.05154708620689655 -0.02224777586206901 -0.24226872471349659
v 0.05154708620689655 -0.03261799360165281 -0.22708497413793097
v 0.05154708620689655 -0.02224777586206901 -0.2224400815998662
v 0.05154708620689655 -0.02224777586206901 0.18814237897568453
v 0.05154708620689655 -0.03172980053227545 0.20127343965517255
v 0.05154708620689655 -0.04778398260165648 0.2369699741379311
v 0.07145912068965521 -0.02224777586206901 -0.3062416679529993
v 0.07145912068965521 -0.02224777586206901 -0.2367477199429802
v 0.07145912068965521 -0.029252889645710736 -0.22708497413793097
v 0.07145912068965521 -0.02224777586206901 -0.22405340178499594
v 0.07145912068965521 -0.02224777586206901 0.17827547842475414
v 0.07145912068965521 -0.036979273416284174 0.20127343965517255
v 0.07145912068965521 -0.05151520194193734 0.2369699741379311
v 0.09137115517241381 -0.02224777586206901 -0.30950416399614805
v 0.08577245848131979 -0.02224777586206901 -0.22708497413793097
v 0.0868050800370544 -0.02224777586206901 0.16557690517241386
v 0.09137115517241381 -0.02224777586206901 0.16110225901412145
v 0.09137115517241381 -0.025240668447508403 0.16557690517241386
v 0.09137115517241381 -0.04407628980748278 0.20127343965517255
v 0.11128318965517248 -0.02224777586206901 -0.3164227730789802
v 0.11128318965517248 -0.04788228559937463 -0.2984780431034483
v 0.11128318965517248 -0.02224777586206901 0.13583010984602512
v 0.11128318965517248 -0.03840042915214029 0.16557690517241386
v 0.11128318965517248 -0.052689017919444005 0.20127343965517255
v 0.1205120342658533 -0.02224777586206901 -0.2984780431034483
v 0.11772557828365016 -0.02224777586206901 -0.2627815086206896
v 0.11799829003880724 -0.02224777586206901 -0.22708497413793097
v 0.13119522413793108 -0.02224777586206901 -0.2073981885324127
v 0.12865934457519188 -0.02224777586206901 0.09418383620689658
v 0.13119522413793108 -0.02224777586206901 0.08268900173652505
v 0.13119522413793108 -0.02583345543083404 0.09418383620689658
v 0.11485553234546851 -0.02224777586206901 0.12988037068965527
v 0.13119522413793108 -0.04032297466023625 0.12988037068965527
v 0.13119522413793108 -0.05286607315658267 0.16557690517241386
v 0.1435424344912231 -0.02224777586206901 -0.19138843965517235
v 0.14633661534336184 -0.02224777586206901 -0.1556919051724137
v 0.1465731325437829 -0.02224777586206901 -0.11999537068965513
v 0.14550787705299248 -0.02224777586206901 -0.08429883620689649
v 0.14367280401728863 -0.02224777586206901 -0.048602301724137854
v 0.14175181362719563 -0.02224777586206901 -0.012905767241379276
v 0.13942319143985177 -0.02224777586206901 0.02279076724137942
v 0.1511072586206897 -0.05353386272624757 0.02279076724137942
v 0.1357289694062005 -0.02224777586206901 0.058487301724138
v -0.13304477450071855 0.00935101724137928 -0.19138843965517235
v -0.12766122413793105 0.00935101724137928 -0.20684866470219682
v -0.12799795498740585 0.00935101724137928 -0.1556919051724137
v -0.12766122413793105 0.00935101724137928 -0.15332629908257317
v -0.10774918965517241 0.0036164817084621166 -0.2984780431034483
v -0.11553341162380121 0.00935101724137928 -0.2627815086206896
v -0.10774918965517241 0.00935101724137928 -0.29021663554100385
v -0.11772541542962214 0.00935101724137928 -0.22708497413793097
v -0.11864889098827032 0.00935101724137928 -0.11999537068965513
v -0.10998241127309484 0.00935101724137928 -0.08429883620689649
v -0.10774918965517241 0.00935101724137928 -0.07217070601625246
v -0.10774918965517241 -0.017115866287636654 -0.048602301724137854
v -0.0934973061843359 0.00935101724137928 -0.2984780431034483
v -0.08783715517241378 0.00935101724137928 -0.3027199155432737
v -0.08783715517241378 -0.010627272400580423 -0.22708497413793097
v -0.10220659285915704 0.00935101724137928 -0.048602301724137854
v -0.09623573696526247 0.00935101724137928 -0.012905767241379276
v -0.09193747763873425 0.00935101724137928 0.02279076724137942
v -0.08803363949548786 0.00935101724137928 0.058487301724138
v -0.08783715517241378 0.00935101724137928 0.05963203780720127
v -0.06792512068965517 0.00935101724137928 -0.30856618457836893
v -0.06792512068965517 -8.427521567602042e-05 -0.22708497413793097
v -0.08263520571893665 0.00935101724137928 0.09418383620689658
v -0.0705942076694046 0.00935101724137928 0.12988037068965527
v -0.06792512068965517 0.00935101724137928 0.13335571379517008
v -0.048013086206896545 0.00935101724137928 -0.31330197099070983
v -0.048013086206896545 0.006180045451886815 -0.22708497413793097
v -0.048013086206896545 0.00935101724137928 0.1564959787403806
v -0.028101051724137915 0.00935101724137928 -0.31938620218404007
v -0.03931631631191305 0.00935101724137928 -0.22708497413793097
v -0.028101051724137915 0.00935101724137928 -0.23897174248919464
v -0.028101051724137915 0.00935101724137928 -0.22278223498359676
v -0.028101051724137915 0.00935101724137928 0.1654639526003277
v -0.028101051724137915 0.008604661305957727 0.16557690517241386
v -0.015904292968012556 0.00935101724137928 -0.33417457758620683
v -0.008189017241379314 0.00935101724137928 -0.3385430735763016
v -0.008189017241379314 0.00935101724137928 -0.2447501121984434
v -0.008189017241379314 0.00935101724137928 -0.2202108140175502
v -0.02623640919871208 0.00935101724137928 0.16557690517241386
v -0.008189017241379314 0.00935101724137928 0.16676542027603752
v 0.008813319501452909 0.00935101724137928 -0.33417457758620683
v 0.011723017241379351 0.0071928034405918315 -0.33417457758620683
v 0.011723017241379351 0.00935101724137928 -0.332409655657035
v -0.0005694090036874955 0.00935101724137928 -0.22708497413793097
v 0.011723017241379351 -0.003931019792780162 -0.22708497413793097
v 0.011723017241379351 0.00935101724137928 0.17130985464535292
v 0.031635051724137955 0.00935101724137928 -0.32083144581889217
v 0.031635051724137955 -0.010656386772652479 -0.22708497413793097
v 0.031635051724137955 0.00935101724137928 0.1771377016065322
v 0.05154708620689655 0.00935101724137928 -0.31668686988987516
v 0.05154708620689655 -0.011640222488335805 -0.22708497413793097
v 0.05154708620689655 0.00935101724137928 0.17373640503612453
v 0.07145912068965521 0.00935101724137928 -0.31296382413068413
v 0.07145912068965521 -0.015190715997158058 -0.22708497413793097
v 0.061388896471157556 0.00935101724137928 0.16557690517241386
v 0.07145912068965521 0.00935101724137928 0.15733298691685038
v 0.07145912068965521 -0.007649593018395453 0.16557690517241386
v 0.09137115517241381 0.00935101724137928 -0.30724761020981034
v 0.09137115517241381 0.00935101724137928 0.13850256799787983
v 0.10285567977431728 0.00935101724137928 -0.2984780431034483
v 0.11128318965517248 0.005989302921890014 -0.2984780431034483
v 0.11128318965517248 0.00935101724137928 -0.2936466045265689
v 0.1003086871358904 0.00935101724137928 0.12988037068965527
v 0.11128318965517248 0.00935101724137928 0.10691606230863918
v 0.11128318965517248 -0.01564930374080438 0.12988037068965527
v 0.11849951386528415 0.00935101724137928 -0.2627815086206896
v 0.12656887197559447 0.00935101724137928 -0.22708497413793097
v 0.13119522413793108 0.00935101724137928 -0.21716783858598132
v 0.12608938949768878 0.00935101724137928 0.058487301724138
v 0.13119522413793108 0.00935101724137928 0.02318046740122763
v 0.13119522413793108 -0.006701079876823841 0.058487301724138
v 0.1174061087374708 0.00935101724137928 0.09418383620689658
v 0.14016209977785066 0.00935101724137928 -0.19138843965517235
v 0.14387081490187875 0.00935101724137928 -0.1556919051724137
v 0.144202265182445 0.00935101724137928 -0.11999537068965513
v 0.1417624317459302 0.00935101724137928 -0.08429883620689649
v 0.1383177336248729 0.00935101724137928 -0.048602301724137854
v 0.13503948963690815 0.00935101724137928 -0.012905767241379276
v 0.1312482397155173 0.00935101724137928 0.02279076724137942
v -0.12766122413793105 0.020108064656714622 -0.19138843965517235
v -0.12766122413793105 0.01191095784619043 -0.1556919051724137
v -0.11535656171684719 0.04094981034482757 -0.2627815086206896
v -0.10774918965517241 0.04094981034482757 -0.28279606555723685
v -0.11793152837935948 0.04094981034482757 -0.22708497413793097
v -0.11943530072395175 0.04094981034482757 -0.19138843965517235
v -0.12396428810675583 0.04094981034482757 -0.1556919051724137
v -0.11488288021227562 0.04094981034482757 -0.11999537068965513
v -0.10774918965517241 0.04094981034482757 -0.09018945403349272
v -0.10774918965517241 0.026148376955014152 -0.08429883620689649
v -0.08783715517241378 0.019894246328128418 -0.2984780431034483
v -0.08783715517241378 0.04094981034482757 -0.2851401568457905
v -0.10560280204140234 0.04094981034482757 -0.08429883620689649
v -0.09766786312135212 0.04094981034482757 -0.048602301724137854
v -0.09202069696585485 0.04094981034482757 -0.012905767241379276
v -0.08869911129360182 0.04094981034482757 0.02279076724137942
v -0.08783715517241378 0.04094981034482757 0.03564608113683439
v -0.08783715517241378 0.012784673894515429 0.058487301724138
v -0.06792512068965517 0.03481339435464369 -0.2984780431034483
v -0.06792512068965517 0.04094981034482757 -0.2921391901920839
v -0.08643823992153947 0.04094981034482757 0.058487301724138
v -0.08412398728720415 0.04094981034482757 0.09418383620689658
v -0.07937043851947986 0.04094981034482757 0.12988037068965527
v -0.06792512068965517 0.04094981034482757 0.14136488969180136
v -0.060518047836237036 0.04094981034482757 -0.2984780431034483
v -0.048013086206896545 0.04094981034482757 -0.30410379495931433
v -0.049821396640981994 0.04094981034482757 0.16557690517241386
v -0.048013086206896545 0.026895729276082577 0.16557690517241386
v -0.048013086206896545 0.04094981034482757 0.17724438002844517
v -0.028101051724137915 0.04094981034482757 -0.31370779759216266
v -0.028101051724137915 0.025273784093394237 -0.22708497413793097
v -0.04175867769111545 0.04094981034482757 0.16557690517241386
v -0.028101051724137915 0.04094981034482757 0.16135372916490273
v -0.01438708702952744 0.04094981034482757 -0.33417457758620683
v -0.008189017241379314 0.04094981034482757 -0.3380757685736408
v -0.008189017241379314 0.033526489295943984 -0.22708497413793097
v -0.011698067440623423 0.04094981034482757 -0.19138843965517235
v -0.008189017241379314 0.04094981034482757 -0.20405142614355967
v -0.008189017241379314 0.03972683838347964 -0.19138843965517235
v -0.008189017241379314 0.04094981034482757 -0.1895528024718417
v -0.008189017241379314 0.04094981034482757 0.15129734597980984
v -0.008189017241379314 0.009824159428626226 0.16557690517241386
v 0.005885576148470904 0.04094981034482757 -0.33417457758620683
v 0.011723017241379351 0.04094981034482757 -0.32989579765289817
v -0.007805335771542354 0.04094981034482757 -0.19138843965517235
v 0.011723017241379351 0.04094981034482757 0.15603197946427783
v 0.011723017241379351 0.012891612599125767 0.16557690517241386
v 0.031635051724137955 0.04094981034482757 -0.3156833665018313
v 0.02668089692443539 0.04094981034482757 0.16557690517241386
v 0.031635051724137955 0.04094981034482757 0.1805888969047446
v 0.05154708620689655 0.04094981034482757 -0.309490656184533
v 0.05154708620689655 0.04094981034482757 0.18625594622579184
v 0.07145912068965521 0.04094981034482757 -0.30301175746384684
v 0.057716685912557755 0.04094981034482757 0.16557690517241386
v 0.07145912068965521 0.04094981034482757 0.14866557485097706
v 0.08140903837752232 0.04094981034482757 -0.2984780431034483
v 0.09137115517241381 0.03301802990178174 -0.2984780431034483
v 0.09137115517241381 0.04094981034482757 -0.2944951787070033
v 0.09137115517241381 0.04094981034482757 0.1329482219449392
v 0.11128318965517248 0.04094981034482757 -0.2877101612642226
v 0.09631728912061574 0.04094981034482757 0.12988037068965527
v 0.11128318965517248 0.04094981034482757 0.09691423220205789
v 0.11885166863661309 0.04094981034482757 -0.2627815086206896
v 0.12652971603191776 0.04094981034482757 -0.22708497413793097
v 0.12589297431085178 0.04094981034482757 -0.19138843965517235
v 0.13119522413793108 0.027429523115011883 -0.19138843965517235
v 0.13119522413793108 0.04094981034482757 -0.1654887305681521
v 0.12994552276143673 0.04094981034482757 -0.012905767241379276
v 0.13119522413793108 0.04094981034482757 -0.023428406471910593
v 0.13119522413793108 0.033469939536578314 -0.012905767241379276
v 0.12570753526008693 0.04094981034482757 0.02279076724137942
v 0.13119522413793108 0.009654413116709584 0.02279076724137942
v 0.12094921620542325 0.04094981034482757 0.058487301724138
v 0.11303816092380056 0.04094981034482757 0.09418383620689658
v 0.13881429999838665 0.04094981034482757 -0.1556919051724137
v 0.1399713429809608 0.04094981034482757 -0.11999537068965513
v 0.13772571401155242 0.04094981034482757 -0.08429883620689649
v 0.13375299647983457 0.04094981034482757 -0.048602301724137854
v -0.11670728351302787 0.07254860344827581 -0.2627815086206896
v -0.10774918965517241 0.07254860344827581 -0.2813905883476212
v -0.11652645470119594 0.07254860344827581 -0.22708497413793097
v -0.1153375087345917 0.07254860344827581 -0.19138843965517235
v -0.1234746785921549 0.07254860344827581 -0.1556919051724137
v -0.11457762103491298 0.07254860344827581 -0.11999537068965513
v -0.10774918965517241 0.07254860344827581 -0.09297548422155422
v -0.08783715517241378 0.07254860344827581 -0.2812239597852319
v -0.10350324405605954 0.07254860344827581 -0.08429883620689649
v -0.09528380641988465 0.07254860344827581 -0.048602301724137854
v -0.08984201022021167 0.07254860344827581 -0.012905767241379276
v -0.08783715517241378 0.07254860344827581 0.013966099295452348
v -0.08783715517241378 0.0581660566308734 0.02279076724137942
v -0.06792512068965517 0.07254860344827581 -0.2863735646248062
v -0.08714868761023961 0.07254860344827581 0.02279076724137942
v -0.08603366295879798 0.07254860344827581 0.058487301724138
v -0.08546330183718419 0.07254860344827581 0.09418383620689658
v -0.0810205933378852 0.07254860344827581 0.12988037068965527
v -0.06792512068965517 0.07254860344827581 0.13940585106203063
v -0.05238705892563376 0.07254860344827581 -0.2984780431034483
v -0.048013086206896545 0.07254860344827581 -0.30061333235536286
v -0.048013086206896545 0.07254860344827581 0.1571013517994691
v -0.048013086206896545 0.04497912722218935 0.16557690517241386
v -0.055454453512039086 0.07254860344827581 0.20127343965517255
v -0.048013086206896545 0.07254860344827581 0.1755615306004789
v -0.048013086206896545 0.04425671858839941 0.20127343965517255
v -0.05787575586507768 0.07254860344827581 0.2369699741379311
v -0.048013086206896545 0.04411734686908986 0.2369699741379311
v -0.05799970420941246 0.07254860344827581 0.2726665086206897
v -0.048013086206896545 0.049541458442446784 0.2726665086206897
v -0.048013086206896545 0.07254860344827581 0.2947976420474546
v -0.028101051724137915 0.07254860344827581 -0.3117368626541535
v -0.028101051724137915 0.07254860344827581 0.1506125176066369
v -0.028101051724137915 0.07254860344827581 0.1862040784829665
v -0.028101051724137915 0.049589191746896 0.20127343965517255
v -0.028101051724137915 0.04235198132568396 0.2369699741379311
v -0.028101051724137915 0.045149743394518396 0.2726665086206897
v -0.028101051724137915 0.07254860344827581 0.3001804570170916
v -0.014077262874958524 0.07254860344827581 -0.33417457758620683
v -0.008189017241379314 0.07254860344827581 -0.33804777769633015
v -0.028088685069659825 0.07254860344827581 -0.19138843965517235
v -0.008189017241379314 0.07254860344827581 -0.22002679060757585
v -0.008189017241379314 0.07254860344827581 -0.1715244811359351
v -0.008189017241379314 0.07254860344827581 0.15898677551990723
v -0.008189017241379314 0.07254860344827581 0.17110912019166488
v -0.008189017241379314 0.051370609000732786 0.20127343965517255
v -0.008189017241379314 0.04787215902688328 0.2369699741379311
v -0.008189017241379314 0.046795795881922474 0.2726665086206897
v -0.008189017241379314 0.07254860344827581 0.2999307720747361
v 0.004856574183432038 0.07254860344827581 -0.33417457758620683
v 0.011723017241379351 0.07254860344827581 -0.3285903907142358
v 0.0004370885372477172 0.07254860344827581 -0.19138843965517235
v 0.003387261531194955 0.07254860344827581 0.16557690517241386
v 0.011723017241379351 0.06056615066713182 0.16557690517241386
v 0.011723017241379351 0.0531767193358664 0.20127343965517255
v 0.011723017241379351 0.04931917166113229 0.2369699741379311
v 0.011723017241379351 0.04760246086839909 0.2726665086206897
v 0.011723017241379351 0.07254860344827581 0.29807418035807415
v 0.031635051724137955 0.07254860344827581 -0.3135333425519975
v 0.021203157479357297 0.07254860344827581 0.16557690517241386
v 0.031635051724137955 0.07254860344827581 0.16080881556694687
v 0.031635051724137955 0.05138037626682741 0.16557690517241386
v 0.031635051724137955 0.07254860344827581 0.1761387132117137
v 0.031635051724137955 0.04796375877627994 0.20127343965517255
v 0.031635051724137955 0.04343723788929552 0.2369699741379311
v 0.031635051724137955 0.04508741316707071 0.2726665086206897
v 0.031635051724137955 0.07254860344827581 0.2989893444605906
v 0.05154708620689655 0.07254860344827581 -0.30591450773945345
v 0.04545167983865637 0.07254860344827581 0.16557690517241386
v 0.05154708620689655 0.04430284534155854 0.20127343965517255
v 0.05154708620689655 0.045267497923271074 0.2369699741379311
v 0.05154708620689655 0.04826502037157717 0.2726665086206897
v 0.05154708620689655 0.07254860344827581 0.29724724373417594
v 0.07145912068965521 0.07254860344827581 -0.2986937134715074
v 0.0532426714160814 0.07254860344827581 0.16557690517241386
v 0.07145912068965521 0.07254860344827581 0.14617186750696073
v 0.06254812623869492 0.07254860344827581 0.20127343965517255
v 0.0636531600592883 0.07254860344827581 0.2369699741379311
v 0.06373010107876442 0.07254860344827581 0.2726665086206897
v 0.07193911416333966 0.07254860344827581 -0.2984780431034483
v 0.09137115517241381 0.07254860344827581 -0.2914638483222835
v 0.0904503931793153 0.07254860344827581 0.12988037068965527
v 0.09137115517241381 0.07254860344827581 0.12386753697382066
v 0.09137115517241381 0.057527162059954895 0.12988037068965527
v 0.11128318965517248 0.07254860344827581 -0.28711659933067407
v 0.11021562792373019 0.07254860344827581 0.09418383620689658
v 0.11128318965517248 0.07254860344827581 0.08760892382258106
v 0.11128318965517248 0.056660991764378166 0.09418383620689658
v 0.12184815377899973 0.07254860344827581 -0.2627815086206896
v 0.12523275561406846 0.07254860344827581 -0.22708497413793097
v 0.12299009230399707 0.07254860344827581 -0.19138843965517235
v 0.13119522413793108 0.07254860344827581 -0.16093547747104517
v 0.13033343640403505 0.07254860344827581 -0.048602301724137854
v 0.13119522413793108 0.07254860344827581 -0.05601570456283946
v 0.13119522413793108 0.06389054063860698 -0.048602301724137854
v 0.12644715132052145 0.07254860344827581 -0.012905767241379276
v 0.12279716339358544 0.07254860344827581 0.02279076724137942
v 0.11841309160333446 0.07254860344827581 0.058487301724138
v 0.1335939244687723 0.07254860344827581 -0.1556919051724137
v 0.1352425183125307 0.07254860344827581 -0.11999537068965513
v 0.13375792523662117 0.07254860344827581 -0.08429883620689649
v -0.11964683048735827 0.10414739655172416 -0.2627815086206896
v -0.10774918965517241 0.10414739655172416 -0.2818971571989467
v -0.11640226185576663 0.10414739655172416 -0.22708497413793097
v -0.10840683739862535 0.10414739655172416 -0.19138843965517235
v -0.11142056810467676 0.10414739655172416 -0.1556919051724137
v -0.1181655572924441 0.10414739655172416 -0.11999537068965513
v -0.10791855106717266 0.10414739655172416 -0.08429883620689649
v -0.10774918965517241 0.101943220618995 -0.08429883620689649
v -0.10774918965517241 0.10414739655172416 -0.08339963296650463
v -0.08783715517241378 0.10414739655172416 -0.2810901024202467
v -0.09633291648796265 0.10414739655172416 -0.048602301724137854
v -0.08959673488581338 0.10414739655172416 -0.012905767241379276
v -0.08783715517241378 0.10414739655172416 0.010723729448037322
v -0.06792512068965517 0.10414739655172416 -0.28646839312827704
v -0.0868803885860166 0.10414739655172416 0.02279076724137942
v -0.08683237636344608 0.10414739655172416 0.058487301724138
v -0.0854996716953596 0.10414739655172416 0.09418383620689658
v -0.08031050500318734 0.10414739655172416 0.12988037068965527
v -0.06792512068965517 0.10414739655172416 0.1578398674014065
v -0.05318549756961183 0.10414739655172416 -0.2984780431034483
v -0.048013086206896545 0.10414739655172416 -0.3010676467780851
v -0.048013086206896545 0.10414739655172416 0.16435162714825774
v -0.05193290089000331 0.10414739655172416 0.20127343965517255
v -0.048013086206896545 0.10414739655172416 0.17331487254975853
v -0.059474634493707546 0.10414739655172416 0.2369699741379311
v -0.0610820458930916 0.10414739655172416 0.2726665086206897
v -0.048013086206896545 0.10414739655172416 0.300002085586448
v -0.028101051724137915 0.10414739655172416 -0.3120759475836177
v -0.03238672793486558 0.10414739655172416 -0.1556919051724137
v -0.028101051724137915 0.10414739655172416 -0.1750843260713355
v -0.028101051724137915 0.10060038044095913 -0.1556919051724137
v -0.028101051724137915 0.10414739655172416 -0.15105044590458436
v -0.04328766652058468 0.10414739655172416 0.16557690517241386
v -0.028101051724137915 0.10139765335169884 0.16557690517241386
v -0.028101051724137915 0.10414739655172416 0.3060047254391365
v -0.015071252811255926 0.10414739655172416 -0.33417457758620683
v -0.008189017241379314 0.10414739655172416 -0.33883666907617305
v -0.008189017241379314 0.10324527123466302 -0.19138843965517235
v -0.008189017241379314 0.10414739655172416 -0.19078142341066545
v -0.008189017241379314 0.08263951956011367 -0.1556919051724137
v -0.008189017241379314 0.10414739655172416 -0.1304906428459723
v -0.008189017241379314 0.09734515121292533 0.16557690517241386
v -0.008189017241379314 0.10414739655172416 0.29505633899363304
v 0.0060011624818243035 0.10414739655172416 -0.33417457758620683
v 0.011723017241379351 0.10414739655172416 -0.32881949663161636
v 0.0004510417055100663 0.10414739655172416 -0.1556919051724137
v 0.011723017241379351 0.10414739655172416 0.2975134673670268
v 0.031635051724137955 0.10414739655172416 -0.31334178188216844
v 0.031635051724137955 0.0810098804005473 0.16557690517241386
v 0.031635051724137955 0.10414739655172416 0.30608122504210605
v 0.05154708620689655 0.10414739655172416 -0.30542940268798324
v 0.05154708620689655 0.10414739655172416 0.30069767277164
v 0.07011108315879513 0.10414739655172416 -0.2984780431034483
v 0.07145912068965521 0.08149935970791874 -0.2984780431034483
v 0.07145912068965521 0.10414739655172416 -0.297791789666713
v 0.06673323058085132 0.10414739655172416 0.16557690517241386
v 0.07145912068965521 0.10414739655172416 0.16352208987168193
v 0.06714793962356158 0.10414739655172416 0.20127343965517255
v 0.06869632809005193 0.10414739655172416 0.2369699741379311
v 0.0654829227844023 0.10414739655172416 0.2726665086206897
v 0.09137115517241381 0.10414739655172416 -0.2909373594694711
v 0.08624156300634306 0.10414739655172416 0.12988037068965527
v 0.09137115517241381 0.10414739655172416 0.10368655358440483
v 0.11128318965517248 0.10414739655172416 -0.28757377254613586
v 0.10624385798654888 0.10414739655172416 0.09418383620689658
v 0.11128318965517248 0.10414739655172416 0.07058488310630623
v 0.1263089102773623 0.10414739655172416 -0.2627815086206896
v 0.1251502018112689 0.10414739655172416 -0.22708497413793097
v 0.12087323919634362 0.10414739655172416 -0.19138843965517235
v 0.11609474587943189 0.10414739655172416 -0.1556919051724137
v 0.13119522413793108 0.07329311754346413 -0.1556919051724137
v 0.12963749580823902 0.10414739655172416 -0.11999537068965513
v 0.13119522413793108 0.08965080568907137 -0.11999537068965513
v 0.1297576889865199 0.10414739655172416 -0.08429883620689649
v 0.13119522413793108 0.08945163262334943 -0.08429883620689649
v 0.12753384341073987 0.10414739655172416 -0.048602301724137854
v 0.12432702217119175 0.10414739655172416 -0.012905767241379276
v 0.12080624708009302 0.10414739655172416 0.02279076724137942
v 0.11585432316704515 0.10414739655172416 0.058487301724138
v -0.12522531637709766 0.13574618965517238 -0.2627815086206896
v -0.10774918965517241 0.13574618965517238 -0.2839598349655511
v -0.11827117730107214 0.13574618965517238 -0.22708497413793097
v -0.10774918965517241 0.13574618965517238 -0.20187943662149924
v -0.10774918965517241 0.10895187730409715 -0.19138843965517235
v -0.10774918965517241 0.13500018747726608 -0.1556919051724137
v -0.1140738626564889 0.13574618965517238 -0.11999537068965513
v -0.10774918965517241 0.13574618965517238 -0.1550446556156719
v -0.11613792101061413 0.13574618965517238 -0.08429883620689649
v -0.10780812732967268 0.13574618965517238 -0.048602301724137854
v -0.10774918965517241 0.13532947046346328 -0.048602301724137854
v -0.10774918965517241 0.13574618965517238 -0.048271659739909656
v -0.08783715517241378 0.13574618965517238 -0.28537542644010594
v -0.0980205516146961 0.13574618965517238 -0.19138843965517235
v -0.10551763851001617 0.13574618965517238 -0.1556919051724137
v -0.09457035770399597 0.13574618965517238 -0.012905767241379276
v -0.09246016467576225 0.13574618965517238 0.02279076724137942
v -0.08783715517241378 0.10744492973169457 0.02279076724137942
v -0.091762176694981 0.13574618965517238 0.058487301724138
v -0.08783715517241378 0.10770154875396931 0.058487301724138
v -0.08837215887168634 0.13574618965517238 0.09418383620689658
v -0.08783715517241378 0.12601554087351816 0.09418383620689658
v -0.08783715517241378 0.13574618965517238 0.09480175066943616
v -0.06792512068965517 0.13574618965517238 -0.2926021546902113
v -0.06812108496104316 0.13574618965517238 0.12988037068965527
v -0.06792512068965517 0.13574618965517238 0.13129667287942878
v -0.07067583481941303 0.13574618965517238 0.2726665086206897
v -0.06792512068965517 0.13574618965517238 0.24804883817463552
v -0.06792512068965517 0.12858780400869593 0.2726665086206897
v -0.06792512068965517 0.13574618965517238 0.2782498683419827
v -0.06070517923168882 0.13574618965517238 -0.2984780431034483
v -0.048013086206896545 0.13574618965517238 -0.3046417311793603
v -0.048013086206896545 0.13574618965517238 0.16026012017270683
v -0.05402633072535509 0.13574618965517238 0.20127343965517255
v -0.048013086206896545 0.13574618965517238 0.17579756247055256
v -0.0640629731212927 0.13574618965517238 0.2369699741379311
v -0.048013086206896545 0.13574618965517238 0.3026067088586243
v -0.028101051724137915 0.13574618965517238 -0.315072581034438
v -0.032239320338556685 0.13574618965517238 -0.1556919051724137
v -0.028101051724137915 0.13574618965517238 -0.16071764486521145
v -0.038457193687151586 0.13574618965517238 -0.11999537068965513
v -0.028101051724137915 0.1267797295147655 -0.11999537068965513
v -0.028101051724137915 0.13574618965517238 -0.10431711686872688
v -0.029461977847296806 0.13574618965517238 0.12988037068965527
v -0.028101051724137915 0.13574618965517238 0.12854610098448818
v -0.028101051724137915 0.13467831838852717 0.12988037068965527
v -0.042673037137814666 0.13574618965517238 0.16557690517241386
v -0.028101051724137915 0.13574618965517238 0.13463364014853718
v -0.028101051724137915 0.13574618965517238 0.30502411958302444
v -0.019115823194117844 0.13574618965517238 -0.33417457758620683
v -0.008189017241379314 0.13574618965517238 -0.3422537803621296
v -0.008189017241379314 0.13574618965517238 -0.16832411759381516
v -0.008189017241379314 0.11529612088063595 -0.11999537068965513
v -0.008189017241379314 0.13574618965517238 -0.09534789564159186
v -0.008189017241379314 0.13574618965517238 0.10884124413021923
v -0.008189017241379314 0.11611984558329666 0.12988037068965527
v -0.008189017241379314 0.13574618965517238 0.15926694852714854
v -0.008189017241379314 0.13574618965517238 0.29181685712018374
v 0.011723017241379351 0.13574618965517238 -0.33551563935235257
v 0.011723017241379351 0.12340419375944045 -0.33417457758620683
v -0.0035121658339819714 0.13574618965517238 -0.1556919051724137
v -0.00057522408317687 0.13574618965517238 -0.11999537068965513
v 0.0008586213305884806 0.13574618965517238 0.12988037068965527
v 0.011723017241379351 0.13574618965517238 0.2962701188258379
v 0.014526307658233003 0.13574618965517238 -0.33417457758620683
v 0.031635051724137955 0.13574618965517238 -0.3158231266710597
v 0.031635051724137955 0.13574618965517238 0.30568837545931143
v 0.05154708620689655 0.13574618965517238 -0.30834862068180824
v 0.05154708620689655 0.13574618965517238 0.3035990473493957
v 0.07145912068965521 0.13574618965517238 -0.3009532636368336
v 0.07145912068965521 0.10999255384324526 -0.2984780431034483
v 0.07145912068965521 0.1303682769000164 0.16557690517241386
v 0.07145912068965521 0.1331631475603804 0.20127343965517255
v 0.07145912068965521 0.12471805557748673 0.2369699741379311
v 0.07145912068965521 0.12589803619795856 0.2726665086206897
v 0.07145912068965521 0.13574618965517238 0.2800242909122538
v 0.07792802536611147 0.13574618965517238 -0.2984780431034483
v 0.09137115517241381 0.13574618965517238 -0.2938313238144386
v 0.0781836729369562 0.13574618965517238 0.12988037068965527
v 0.09137115517241381 0.13574618965517238 0.10518794036472111
v 0.07329290431509672 0.13574618965517238 0.16557690517241386
v 0.07205973819645868 0.13574618965517238 0.20127343965517255
v 0.07368760926799078 0.13574618965517238 0.2369699741379311
v 0.07515464998069829 0.13574618965517238 0.2726665086206897
v 0.11128318965517248 0.13574618965517238 -0.28909484751638087
v 0.11036114173365885 0.13574618965517238 0.058487301724138
v 0.11128318965517248 0.13574618965517238 0.052250574720340115
v 0.11128318965517248 0.1261223501170737 0.058487301724138
v 0.10041591257739849 0.13574618965517238 0.09418383620689658
v 0.13119522413793108 0.13574618965517238 -0.26949767986870604
v 0.13119522413793108 0.12391284428612569 -0.2627815086206896
v 0.12642018281440515 0.13574618965517238 -0.22708497413793097
v 0.13119522413793108 0.13574618965517238 -0.2448502204832881
v 0.11781622639396008 0.13574618965517238 -0.19138843965517235
v 0.1185600653987788 0.13574618965517238 -0.1556919051724137
v 0.11906306042313675 0.13574618965517238 -0.11999537068965513
v 0.1251264289451263 0.13574618965517238 -0.08429883620689649
v 0.12431191866415457 0.13574618965517238 -0.048602301724137854
v 0.12138623204108162 0.13574618965517238 -0.012905767241379276
v 0.11777609933121203 0.13574618965517238 0.02279076724137942
v 0.13255077993398082 0.13574618965517238 -0.2627815086206896
v -0.12900093764360618 0.16734498275862064 -0.2627815086206896
v -0.12766122413793105 0.16734498275862064 -0.269586281643636
v -0.12766122413793105 0.14632969061341886 -0.2627815086206896
v -0.12766122413793105 0.16734498275862064 -0.24486835146081656
v -0.10774918965517241 0.16734498275862064 -0.28841307503699337
v -0.121604588481993 0.16734498275862064 -0.22708497413793097
v -0.10774918965517241 0.16734498275862064 -0.19574110594683272
v -0.10774918965517241 0.16446135867522466 -0.11999537068965513
v -0.1123880836173622 0.16734498275862064 -0.08429883620689649
v -0.10774918965517241 0.16734498275862064 -0.11290153189337426
v -0.12062421883822486 0.16734498275862064 -0.048602301724137854
v -0.1089704403957631 0.16734498275862064 -0.012905767241379276
v -0.10774918965517241 0.15794464267077798 -0.012905767241379276
v -0.10774918965517241 0.16734498275862064 -0.008272667796791148
v -0.08783715517241378 0.16734498275862064 -0.2964669758546141
v -0.10315029601682368 0.16734498275862064 -0.19138843965517235
v -0.09495235682958522 0.16734498275862064 -0.1556919051724137
v -0.09889200048854786 0.16734498275862064 -0.11999537068965513
v -0.10047961195463626 0.16734498275862064 0.02279076724137942
v -0.10023315022463931 0.16734498275862064 0.058487301724138
v -0.08783715517241378 0.16734498275862064 0.08313219869064292
v -0.08783715517241378 0.13646488965412612 0.09418383620689658
v -0.08404325266336789 0.16734498275862064 -0.2984780431034483
v -0.06792512068965517 0.16734498275862064 -0.3056914332979948
v -0.06792512068965517 0.14600499046219712 -0.2984780431034483
v -0.07313511705168332 0.16734498275862064 0.09418383620689658
v -0.06792512068965517 0.16734498275862064 0.11862402540918213
v -0.06792512068965517 0.13809933248293924 0.12988037068965527
v -0.06995195560660729 0.16734498275862064 0.2369699741379311
v -0.06792512068965517 0.16734498275862064 0.22447625559944903
v -0.06792512068965517 0.15618501709729032 0.2369699741379311
v -0.0767967259816965 0.16734498275862064 0.2726665086206897
v -0.06792512068965517 0.16734498275862064 0.29238318503009375
v -0.048013086206896545 0.16734498275862064 -0.3129220840654946
v -0.05266556435921469 0.16734498275862064 0.12988037068965527
v -0.05207847353804369 0.16734498275862064 0.16557690517241386
v -0.048013086206896545 0.15014285920308057 0.16557690517241386
v -0.06128339720671288 0.16734498275862064 0.20127343965517255
v -0.048013086206896545 0.16734498275862064 0.3031531793420662
v -0.028101051724137915 0.16734498275862064 -0.321384129676958
v -0.028101051724137915 0.14121384495982403 -0.1556919051724137
v -0.030420614660057403 0.16734498275862064 -0.11999537068965513
v -0.028101051724137915 0.16734498275862064 -0.1228030279274689
v -0.04091732260997577 0.16734498275862064 -0.08429883620689649
v -0.028101051724137915 0.15113084163814738 -0.08429883620689649
v -0.037391823921359826 0.16734498275862064 -0.048602301724137854
v -0.028101051724137915 0.15869219540826046 -0.048602301724137854
v -0.028101051724137915 0.16734498275862064 -0.01341580058503022
v -0.031597980863211805 0.16734498275862064 0.058487301724138
v -0.028101051724137915 0.16734498275862064 0.030493779834095035
v -0.028101051724137915 0.16399237380731357 0.058487301724138
v -0.029245808758146138 0.16734498275862064 0.09418383620689658
v -0.028101051724137915 0.16629023650059327 0.09418383620689658
v -0.028101051724137915 0.16734498275862064 0.09892962884235125
v -0.028101051724137915 0.14039312682890367 0.12988037068965527
v -0.028101051724137915 0.16734498275862064 0.3039225544768451
v -0.023279497911827023 0.16734498275862064 -0.33417457758620683
v -0.008189017241379314 0.16734498275862064 -0.34613103721592964
v -0.008189017241379314 0.14856965508509754 -0.1556919051724137
v -0.008189017241379314 0.16734498275862064 -0.12269045097004466
v -0.008189017241379314 0.14826300966849 -0.08429883620689649
v -0.008189017241379314 0.1458915296973405 -0.048602301724137854
v -0.008189017241379314 0.16734498275862064 -0.015600652392578055
v -0.008189017241379314 0.16734498275862064 0.02825993329562434
v -0.008189017241379314 0.15148898287981757 0.058487301724138
v -0.008189017241379314 0.15611160299123905 0.09418383620689658
v -0.008189017241379314 0.16734498275862064 0.11955591355982631
v -0.008189017241379314 0.16307200179687428 0.12988037068965527
v -0.008189017241379314 0.16734498275862064 0.2901660802092014
v 0.011723017241379351 0.16734498275862064 -0.339952490605832
v -0.007330837052613287 0.16734498275862064 -0.11999537068965513
v 0.0022398522082815453 0.16734498275862064 -0.08429883620689649
v -0.00026160157998619815 0.16734498275862064 -0.048602301724137854
v -0.003560825921205578 0.16734498275862064 0.058487301724138
v -0.002136499943911527 0.16734498275862064 0.09418383620689658
v 0.011723017241379351 0.16734498275862064 0.2952710463482708
v 0.022450526598980156 0.16734498275862064 -0.33417457758620683
v 0.031635051724137955 0.16734498275862064 -0.3215256648108146
v 0.031635051724137955 0.16734498275862064 0.304868695399693
v 0.05154708620689655 0.16734498275862064 -0.3157637543629892
v 0.05154708620689655 0.16734498275862064 0.3042712942918523
v 0.07145912068965521 0.16734498275862064 -0.3107505089498659
v 0.07145912068965521 0.16734498275862064 0.29322640402242095
v 0.09137115517241381 0.16734498275862064 -0.3040503389010913
v 0.09137115517241381 0.14997686794511594 -0.2984780431034483
v 0.08295342476009793 0.16734498275862064 0.09418383620689658
v 0.09137115517241381 0.16734498275862064 0.08750708059610375
v 0.09137115517241381 0.14866523614286636 0.09418383620689658
v 0.08060949939297027 0.16734498275862064 0.12988037068965527
v 0.0779640767421127 0.16734498275862064 0.16557690517241386
v 0.07706330697968244 0.16734498275862064 0.20127343965517255
v 0.07768700633616693 0.16734498275862064 0.2369699741379311
v 0.08074250767566707 0.16734498275862064 0.2726665086206897
v 0.09951952270878399 0.16734498275862064 -0.2984780431034483
v 0.11128318965517248 0.16734498275862064 -0.29368493805571794
v 0.1098516655288314 0.16734498275862064 0.02279076724137942
v 0.11128318965517248 0.16734498275862064 0.016330347561732912
v 0.11128318965517248 0.15274994273029252 0.02279076724137942
v 0.10585462817051067 0.16734498275862064 0.058487301724138
v 0.13119522413793108 0.16734498275862064 -0.27998482524374696
v 0.12896914644067992 0.16734498275862064 -0.22708497413793097
v 0.13119522413793108 0.16734498275862064 -0.23122127146208046
v 0.11835457605438753 0.16734498275862064 -0.19138843965517235
v 0.11526596282854903 0.16734498275862064 -0.1556919051724137
v 0.11564314275725673 0.16734498275862064 -0.11999537068965513
v 0.11852265233995633 0.16734498275862064 -0.08429883620689649
v 0.12548224209243244 0.16734498275862064 -0.048602301724137854
v 0.11869006551875343 0.16734498275862064 -0.012905767241379276
v 0.13510223920902356 0.16734498275862064 -0.2627815086206896
v -0.13137861168372628 0.19894377586206896 -0.2627815086206896
v -0.12766122413793105 0.19894377586206896 -0.2831864431582629
v -0.12870618486236166 0.19894377586206896 -0.22708497413793097
v -0.12766122413793105 0.18890166370441308 -0.22708497413793097
v -0.12766122413793105 0.19894377586206896 -0.21954416776999985
v -0.11445928440534166 0.19894377586206896 -0.2984780431034483
v -0.10774918965517241 0.19894377586206896 -0.3086313327083676
v -0.10774918965517241 0.18421131495586004 -0.2984780431034483
v -0.11782409815594333 0.19894377586206896 -0.19138843965517235
v -0.10774918965517241 0.17212719401870077 -0.19138843965517235
v -0.11231047633298923 0.19894377586206896 -0.1556919051724137
v -0.10774918965517241 0.18433734297358365 -0.1556919051724137
v -0.1083833460393569 0.19894377586206896 -0.11999537068965513
v -0.10774918965517241 0.19464748548994204 -0.11999537068965513
v -0.10774918965517241 0.19894377586206896 -0.11257755728357205
v -0.10774918965517241 0.1948513352932742 -0.08429883620689649
v -0.10774918965517241 0.19644887100327005 -0.048602301724137854
v -0.10774918965517241 0.17063550351946863 -0.012905767241379276
v -0.08783715517241378 0.19894377586206896 -0.31791553924919447
v -0.08783715517241378 0.16954728903197186 -0.2984780431034483
v -0.10251576817477873 0.19894377586206896 -0.08429883620689649
v -0.09885266852634716 0.19894377586206896 -0.048602301724137854
v -0.09581461067024807 0.19894377586206896 -0.012905767241379276
v -0.09251756998559973 0.19894377586206896 0.02279076724137942
v -0.08783715517241378 0.19894377586206896 0.05096519738984771
v -0.08783715517241378 0.19774515956722527 0.058487301724138
v -0.06792512068965517 0.19894377586206896 -0.3231970375053226
v -0.08266662272011407 0.19894377586206896 0.058487301724138
v -0.07344668851377453 0.19894377586206896 0.09418383620689658
v -0.07125886800461093 0.19894377586206896 0.12988037068965527
v -0.06792512068965517 0.19191938037150208 0.12988037068965527
v -0.07290005835174779 0.19894377586206896 0.16557690517241386
v -0.06792512068965517 0.18904416114994332 0.16557690517241386
v -0.07516527294321872 0.19894377586206896 0.20127343965517255
v -0.06792512068965517 0.178981776163779 0.20127343965517255
v -0.07683455246738856 0.19894377586206896 0.2369699741379311
v -0.07863525174213677 0.19894377586206896 0.2726665086206897
v -0.06792512068965517 0.19894377586206896 0.2972070687722617
v -0.048013086206896545 0.19894377586206896 -0.3309124390652857
v -0.048013086206896545 0.19894377586206896 0.3041012144265229
v -0.03831099595297649 0.19894377586206896 -0.33417457758620683
v -0.028101051724137915 0.19894377586206896 -0.3354194739483245
v -0.028101051724137915 0.1931623810276799 -0.33417457758620683
v -0.028101051724137915 0.1698406267631183 -0.11999537068965513
v -0.028101051724137915 0.1900254710334077 -0.08429883620689649
v -0.03160284570032895 0.19894377586206896 -0.048602301724137854
v -0.028101051724137915 0.19894377586206896 -0.058594631736420585
v -0.036815570624114544 0.19894377586206896 -0.012905767241379276
v -0.028101051724137915 0.1679955795033071 -0.012905767241379276
v -0.03733395887680447 0.19894377586206896 0.02279076724137942
v -0.028101051724137915 0.17081609488361024 0.02279076724137942
v -0.03287834459828462 0.19894377586206896 0.058487301724138
v -0.028101051724137915 0.19894377586206896 0.06931357803917253
v -0.028101051724137915 0.17097315357571827 0.09418383620689658
v -0.028101051724137915 0.19894377586206896 0.3045745230910332
v -0.008189017241379314 0.19894377586206896 -0.34818609468176764
v -0.008189017241379314 0.169782021491386 -0.11999537068965513
v -0.008189017241379314 0.19562090660582734 -0.08429883620689649
v -0.008189017241379314 0.19894377586206896 -0.05756630570952096
v -0.008189017241379314 0.17853599327990805 -0.012905767241379276
v -0.008189017241379314 0.1780542819416873 0.02279076724137942
v -0.008189017241379314 0.19894377586206896 0.07504956491251724
v -0.008189017241379314 0.19077892481433728 0.09418383620689658
v -0.008189017241379314 0.19894377586206896 0.29159873332286834
v 0.011723017241379351 0.19894377586206896 -0.3437148747734886
v -0.0062499870613263635 0.19894377586206896 -0.048602301724137854
v -0.0013592191837691371 0.19894377586206896 -0.012905767241379276
v -0.0005687697031515815 0.19894377586206896 0.02279076724137942
v -0.003375060399069163 0.19894377586206896 0.058487301724138
v 0.011723017241379351 0.19894377586206896 0.29601283310628573
v 0.031635051724137955 0.19894377586206896 -0.3347848587840195
v 0.031635051724137955 0.1959374482669903 -0.33417457758620683
v 0.031635051724137955 0.19894377586206896 0.3055840169323576
v 0.03788199970696984 0.19894377586206896 -0.33417457758620683
v 0.05154708620689655 0.19894377586206896 -0.33106344922129427
v 0.05154708620689655 0.19894377586206896 0.30496306213712177
v 0.07145912068965521 0.19894377586206896 -0.32949478281880473
v 0.07145912068965521 0.19894377586206896 0.29781642767738337
v 0.09137115517241381 0.19894377586206896 -0.32396208882496114
v 0.09137115517241381 0.19487528154595046 0.09418383620689658
v 0.09137115517241381 0.1985090873501845 0.12988037068965527
v 0.08810492633199557 0.19894377586206896 0.16557690517241386
v 0.09137115517241381 0.19894377586206896 0.13215917156691356
v 0.08494180516435157 0.19894377586206896 0.20127343965517255
v 0.08293444544134712 0.19894377586206896 0.2369699741379311
v 0.08248641183051295 0.19894377586206896 0.2726665086206897
v 0.11128318965517248 0.19894377586206896 -0.3124142846301787
v 0.11128318965517248 0.17574004901176402 -0.2984780431034483
v 0.10626710309229995 0.19894377586206896 -0.012905767241379276
v 0.11128318965517248 0.19894377586206896 -0.043337161870080784
v 0.11128318965517248 0.18696129290454305 -0.012905767241379276
v 0.10126055802036764 0.19894377586206896 0.02279076724137942
v 0.09753091738731416 0.19894377586206896 0.058487301724138
v 0.09439180067748609 0.19894377586206896 0.09418383620689658
v 0.09150748771404389 0.19894377586206896 0.12988037068965527
v 0.12188074088786638 0.19894377586206896 -0.2984780431034483
v 0.13119522413793108 0.19894377586206896 -0.2898286596371523
v 0.13119522413793108 0.1772523351945578 -0.22708497413793097
v 0.12496593321020937 0.19894377586206896 -0.19138843965517235
v 0.13119522413793108 0.19894377586206896 -0.21224631544669026
v 0.12081323035583846 0.19894377586206896 -0.1556919051724137
v 0.11810446662288289 0.19894377586206896 -0.11999537068965513
v 0.11554147669444036 0.19894377586206896 -0.08429883620689649
v 0.1121660001366525 0.19894377586206896 -0.048602301724137854
v 0.1370298369781741 0.19894377586206896 -0.2627815086206896
v 0.13315796731137913 0.19894377586206896 -0.22708497413793097
v -0.128116970864267 0.23054256896551722 -0.2984780431034483
v -0.12766122413793105 0.23054256896551722 -0.2993704387640106
v -0.12766122413793105 0.22776215869167252 -0.2984780431034483
v -0.1350932775458052 0.23054256896551722 -0.2627815086206896
v -0.1362012163545385 0.23054256896551722 -0.22708497413793097
v -0.1371657912888241 0.23054256896551722 -0.19138843965517235
v -0.12766122413793105 0.20283890838759353 -0.19138843965517235
v -0.12766122413793105 0.23054256896551722 -0.16776593386535496
v -0.10774918965517241 0.23054256896551722 -0.30910011523438463
v -0.11743174806947634 0.23054256896551722 -0.1556919051724137
v -0.11119740091081122 0.23054256896551722 -0.11999537068965513
v -0.11138359765635061 0.23054256896551722 -0.08429883620689649
v -0.10774918965517241 0.20070937007839462 -0.08429883620689649
v -0.11358396181392731 0.23054256896551722 -0.048602301724137854
v -0.10774918965517241 0.20329590947066128 -0.048602301724137854
v -0.116938616534329 0.23054256896551722 -0.012905767241379276
v -0.10774918965517241 0.20422621737013769 -0.012905767241379276
v -0.11855446856447843 0.23054256896551722 0.02279076724137942
v -0.10774918965517241 0.20667996319361506 0.02279076724137942
v -0.11624581455004965 0.23054256896551722 0.058487301724138
v -0.10774918965517241 0.21012281658790996 0.058487301724138
v -0.10774918965517241 0.23054256896551722 0.0740857682783894
v -0.08783715517241378 0.23054256896551722 -0.3278708230842812
v -0.08783715517241378 0.2020881377080381 0.058487301724138
v -0.09401649397488959 0.23054256896551722 0.09418383620689658
v -0.08783715517241378 0.20460815985604308 0.09418383620689658
v -0.09457352173022751 0.23054256896551722 0.12988037068965527
v -0.08783715517241378 0.20379592132440807 0.12988037068965527
v -0.09579100318261194 0.23054256896551722 0.16557690517241386
v -0.08783715517241378 0.20344672398856353 0.16557690517241386
v -0.09470469825230603 0.23054256896551722 0.20127343965517255
v -0.08783715517241378 0.20562667600307513 0.20127343965517255
v -0.08783715517241378 0.23054256896551722 0.22744057149544097
v -0.08031620553533748 0.23054256896551722 -0.33417457758620683
v -0.06792512068965517 0.23054256896551722 -0.3380445629224727
v -0.06792512068965517 0.21549238317508812 -0.33417457758620683
v -0.08323185555689044 0.23054256896551722 0.2369699741379311
v -0.07944827658004515 0.23054256896551722 0.2726665086206897
v -0.06792512068965517 0.23054256896551722 0.29880735555856636
v -0.048013086206896545 0.23054256896551722 -0.34403474220082597
v -0.048013086206896545 0.20162116316242099 -0.33417457758620683
v -0.048013086206896545 0.23054256896551722 0.30366233049272456
v -0.028101051724137915 0.23054256896551722 -0.3444158152418041
v -0.028101051724137915 0.2059424020028194 -0.048602301724137854
v -0.028101051724137915 0.21670068219309357 -0.012905767241379276
v -0.028101051724137915 0.2180538971910277 0.02279076724137942
v -0.028101051724137915 0.2075920069723871 0.058487301724138
v -0.028101051724137915 0.23054256896551722 0.30413886669683743
v -0.008189017241379314 0.23054256896551722 -0.35134019941123656
v -0.008189017241379314 0.2054119717821008 -0.048602301724137854
v -0.008189017241379314 0.21976448195311613 -0.012905767241379276
v -0.008189017241379314 0.22156406117321129 0.02279076724137942
v -0.008189017241379314 0.21314663540035445 0.058487301724138
v -0.008189017241379314 0.23054256896551722 0.2941951654102837
v 0.011723017241379351 0.23054256896551722 -0.3483813828201653
v 0.011723017241379351 0.23054256896551722 0.29805760779108437
v 0.031635051724137955 0.23054256896551722 -0.342874106832559
v 0.031635051724137955 0.23054256896551722 0.3034155610950001
v 0.05154708620689655 0.23054256896551722 -0.3426016078941616
v 0.05154708620689655 0.20233450897914462 -0.33417457758620683
v 0.05154708620689655 0.23054256896551722 0.30249879320295564
v 0.07145912068965521 0.23054256896551722 -0.34237632531727724
v 0.07145912068965521 0.2038281434592025 -0.33417457758620683
v 0.07145912068965521 0.23054256896551722 0.2984636420222048
v 0.08798986301358436 0.23054256896551722 -0.33417457758620683
v 0.09137115517241381 0.23054256896551722 -0.3295818004553355
v 0.09137115517241381 0.19998298979099582 0.16557690517241386
v 0.09137115517241381 0.20231969603865022 0.20127343965517255
v 0.08974108877785912 0.23054256896551722 0.2369699741379311
v 0.09137115517241381 0.23054256896551722 0.23377979248986086
v 0.083222253883597 0.23054256896551722 0.2726665086206897
v 0.11128318965517248 0.23054256896551722 -0.30963041304258504
v 0.11128318965517248 0.2015658449811408 -0.012905767241379276
v 0.11128318965517248 0.20431702997709283 0.02279076724137942
v 0.11128318965517248 0.2056714159811503 0.058487301724138
v 0.09906970356527657 0.23054256896551722 0.09418383620689658
v 0.11128318965517248 0.23054256896551722 0.0776070939924382
v 0.09889805872162319 0.23054256896551722 0.12988037068965527
v 0.09980024777301041 0.23054256896551722 0.16557690517241386
v 0.0990863612765259 0.23054256896551722 0.20127343965517255
v 0.13119522413793108 0.23054256896551722 -0.3044967948411639
v 0.13119522413793108 0.21523496985829774 -0.2984780431034483
v 0.13119522413793108 0.20439779052134693 -0.19138843965517235
v 0.11820572894004676 0.23054256896551722 -0.1556919051724137
v 0.13119522413793108 0.23054256896551722 -0.18057369292933467
v 0.11396938518356728 0.23054256896551722 -0.11999537068965513
v 0.11692340479346251 0.23054256896551722 -0.08429883620689649
v 0.11797497136888749 0.23054256896551722 -0.048602301724137854
v 0.1211627307109261 0.23054256896551722 -0.012905767241379276
v 0.12307215773482864 0.23054256896551722 0.02279076724137942
v 0.12186453391915071 0.23054256896551722 0.058487301724138
v 0.13416636804142346 0.23054256896551722 -0.2984780431034483
v 0.13996140190306797 0.23054256896551722 -0.2627815086206896
v 0.14078066657880045 0.23054256896551722 -0.22708497413793097
v 0.13762727913282058 0.23054256896551722 -0.19138843965517235
v -0.12766122413793105 0.232353921494194 -0.2984780431034483
v -0.1321236387196836 0.26214136206896554 -0.2627815086206896
v -0.12766122413793105 0.26214136206896554 -0.2802063271001586
v -0.12766122413793105 0.26214136206896554 -0.23158348391443337
v -0.12766122413793105 0.2605196716356244 -0.22708497413793097
v -0.12766122413793105 0.2559263256622481 -0.19138843965517235
v -0.10774918965517241 0.2528701181546426 -0.2984780431034483
v -0.10774918965517241 0.26214136206896554 -0.28864382705152564
v -0.12401252805073075 0.26214136206896554 -0.22708497413793097
v -0.10774918965517241 0.26214136206896554 -0.1925401012614076
v -0.10774918965517241 0.2616474180682068 -0.19138843965517235
v -0.10774918965517241 0.2576088572754585 -0.1556919051724137
v -0.10774918965517241 0.2565896979890932 -0.11999537068965513
v -0.10774918965517241 0.25676877745386195 -0.08429883620689649
v -0.10774918965517241 0.2564546190305298 -0.048602301724137854
v -0.10774918965517241 0.25802471345288613 -0.012905767241379276
v -0.10774918965517241 0.25765408064044815 0.02279076724137942
v -0.10774918965517241 0.25335044859377565 0.058487301724138
v -0.08783715517241378 0.2601861238916682 -0.2984780431034483
v -0.08783715517241378 0.26214136206896554 -0.29641667811410016
v -0.10630447322643148 0.26214136206896554 -0.19138843965517235
v -0.09134474691376233 0.26214136206896554 -0.1556919051724137
v -0.08783715517241378 0.26214136206896554 -0.1387589440770603
v -0.08783715517241378 0.25933444665840966 -0.11999537068965513
v -0.08783715517241378 0.2585108487201259 -0.08429883620689649
v -0.08783715517241378 0.25785715991730046 -0.048602301724137854
v -0.08783715517241378 0.2581559299610293 -0.012905767241379276
v -0.08783715517241378 0.25867153559238565 0.02279076724137942
v -0.08783715517241378 0.2593467784045971 0.058487301724138
v -0.08783715517241378 0.2609669972162614 0.09418383620689658
v -0.08783715517241378 0.2615863600261442 0.12988037068965527
v -0.08783715517241378 0.2611414762881484 0.16557690517241386
v -0.08783715517241378 0.25680614374560184 0.20127343965517255
v -0.06792512068965517 0.23808928011154118 -0.33417457758620683
v -0.08323904147337378 0.26214136206896554 -0.2984780431034483
v -0.06792512068965517 0.26214136206896554 -0.3043046982794418
v -0.07808327123849515 0.26214136206896554 -0.11999537068965513
v -0.07246917855226365 0.26214136206896554 -0.08429883620689649
v -0.06792512068965517 0.26214136206896554 -0.058692580016453194
v -0.06792512068965517 0.26128284753106434 -0.048602301724137854
v -0.06792512068965517 0.26112449664312426 -0.012905767241379276
v -0.06792512068965517 0.2614861492563147 0.02279076724137942
v -0.07308301455375235 0.26214136206896554 0.058487301724138
v -0.06792512068965517 0.26214136206896554 0.029264605183822633
v -0.08178342420697794 0.26214136206896554 0.09418383620689658
v -0.0855118123300722 0.26214136206896554 0.12988037068965527
v -0.08499764594061951 0.26214136206896554 0.16557690517241386
v -0.08151230186643578 0.26214136206896554 0.20127343965517255
v -0.07921870426362021 0.26214136206896554 0.2369699741379311
v -0.07839009944153247 0.26214136206896554 0.2726665086206897
v -0.06792512068965517 0.26214136206896554 0.2968474856960982
v -0.048013086206896545 0.2488413258782784 -0.33417457758620683
v -0.048013086206896545 0.26214136206896554 -0.3127228709554337
v -0.06416553085038294 0.26214136206896554 -0.048602301724137854
v -0.06175850560157059 0.26214136206896554 -0.012905767241379276
v -0.0629082110074033 0.26214136206896554 0.02279076724137942
v -0.048013086206896545 0.26214136206896554 0.29821918144812626
v -0.028101051724137915 0.2546613187769554 -0.33417457758620683
v -0.028101051724137915 0.26214136206896554 -0.3239927503957134
v -0.028101051724137915 0.26214136206896554 0.29628081279558605
v -0.024492340701729336 0.26214136206896554 -0.33417457758620683
v -0.008189017241379314 0.26214136206896554 -0.34812980034200913
v -0.008189017241379314 0.26214136206896554 0.29004656998044304
v 0.011723017241379351 0.26214136206896554 -0.3433072849701597
v 0.011723017241379351 0.26214136206896554 0.2923099760378659
v 0.02485418102724081 0.26214136206896554 -0.33417457758620683
v 0.031635051724137955 0.25186889130195167 -0.33417457758620683
v 0.031635051724137955 0.26214136206896554 -0.32233748818335833
v 0.031635051724137955 0.26214136206896554 0.29579132949277964
v 0.05154708620689655 0.2472388826277815 -0.33417457758620683
v 0.05154708620689655 0.26214136206896554 -0.3132655215377756
v 0.05154708620689655 0.26214136206896554 0.29670812289155774
v 0.07145912068965521 0.24501736247920677 -0.33417457758620683
v 0.07145912068965521 0.26214136206896554 -0.3071073537192211
v 0.07145912068965521 0.26214136206896554 0.296346664141855
v 0.09137115517241381 0.26214136206896554 -0.3010621428847351
v 0.08801666859012033 0.26214136206896554 0.20127343965517255
v 0.09137115517241381 0.26214136206896554 0.1777016918414114
v 0.09137115517241381 0.25961860292745187 0.20127343965517255
v 0.08421091683221857 0.26214136206896554 0.2369699741379311
v 0.0822413950563979 0.26214136206896554 0.2726665086206897
v 0.09597677769127871 0.26214136206896554 -0.2984780431034483
v 0.11128318965517248 0.25586956093364 -0.2984780431034483
v 0.11128318965517248 0.26214136206896554 -0.2916989208659177
v 0.10859014132520929 0.26214136206896554 -0.1556919051724137
v 0.11128318965517248 0.26214136206896554 -0.16211499184529465
v 0.11128318965517248 0.26146818197076804 -0.1556919051724137
v 0.10229884191300552 0.26214136206896554 -0.11999537068965513
v 0.11128318965517248 0.2601502771820974 -0.11999537068965513
v 0.10130215956366587 0.26214136206896554 -0.08429883620689649
v 0.11128318965517248 0.26010371536043075 -0.08429883620689649
v 0.09952298924443057 0.26214136206896554 -0.048602301724137854
v 0.11128318965517248 0.25983413269239786 -0.048602301724137854
v 0.0976533896367498 0.26214136206896554 -0.012905767241379276
v 0.11128318965517248 0.2596166779722689 -0.012905767241379276
v 0.09617586196220688 0.26214136206896554 0.02279076724137942
v 0.11128318965517248 0.2592235273869569 0.02279076724137942
v 0.09491102518980617 0.26214136206896554 0.058487301724138
v 0.11128318965517248 0.2565534770337098 0.058487301724138
v 0.09436255336075944 0.26214136206896554 0.09418383620689658
v 0.09354225460971452 0.26214136206896554 0.12988037068965527
v 0.09227401314984474 0.26214136206896554 0.16557690517241386
v 0.13119522413793108 0.24067748068781933 -0.2984780431034483
v 0.13119522413793108 0.26214136206896554 -0.2796326697834943
v 0.1300193070821123 0.26214136206896554 -0.22708497413793097
v 0.13119522413793108 0.26214136206896554 -0.22917228840284964
v 0.13119522413793108 0.2616547303211339 -0.22708497413793097
v 0.11600180509817573 0.26214136206896554 -0.19138843965517235
v 0.13119522413793108 0.25324820398383385 -0.19138843965517235
v 0.13591057642382282 0.26214136206896554 -0.2627815086206896
v -0.12766122413793105 0.2846689049100905 -0.2627815086206896
v -0.11969949869287352 0.2937401551724138 -0.2627815086206896
v -0.10774918965517241 0.2937401551724138 -0.27664435124443315
v -0.11056250958627498 0.2937401551724138 -0.22708497413793097
v -0.10774918965517241 0.2937401551724138 -0.22171354733372545
v -0.08783715517241378 0.2937401551724138 -0.2806446009367767
v -0.08783715517241378 0.2937401551724138 -0.20538725802329577
v -0.08783715517241378 0.2788618435734284 -0.19138843965517235
v -0.08783715517241378 0.26552068098777454 -0.1556919051724137
v -0.06792512068965517 0.26921282393903845 -0.2984780431034483
v -0.06792512068965517 0.2937401551724138 -0.28473571503543993
v -0.06792512068965517 0.2937401551724138 -0.19280030404945514
v -0.06792512068965517 0.292012837016197 -0.19138843965517235
v -0.06792512068965517 0.2772028318095013 -0.1556919051724137
v -0.06792512068965517 0.2675992457109951 -0.11999537068965513
v -0.06792512068965517 0.2643931304593632 -0.08429883620689649
v -0.06792512068965517 0.26504321351912596 0.058487301724138
v -0.06792512068965517 0.27069625256350005 0.09418383620689658
v -0.06792512068965517 0.27667946116579034 0.12988037068965527
v -0.06792512068965517 0.2828625578957323 0.16557690517241386
v -0.06792512068965517 0.2893195159029463 0.20127343965517255
v -0.07139353418697339 0.2937401551724138 0.2369699741379311
v -0.06792512068965517 0.2937401551724138 0.21639365758173837
v -0.07727640275561504 0.2937401551724138 0.2726665086206897
v -0.06792512068965517 0.2937401551724138 0.2965947576579969
v -0.048013086206896545 0.2792403937796448 -0.2984780431034483
v -0.048013086206896545 0.2937401551724138 -0.2895585876804246
v -0.06603144309248342 0.2937401551724138 -0.19138843965517235
v -0.05046278474901461 0.2937401551724138 -0.1556919051724137
v -0.048013086206896545 0.2937401551724138 -0.14535015882846034
v -0.048013086206896545 0.28378504053528 -0.11999537068965513
v -0.048013086206896545 0.2751530117977109 -0.08429883620689649
v -0.048013086206896545 0.26844797236120627 -0.048602301724137854
v -0.048013086206896545 0.2658955302208159 -0.012905767241379276
v -0.048013086206896545 0.26553662470469425 0.02279076724137942
v -0.048013086206896545 0.2700215570995492 0.058487301724138
v -0.048013086206896545 0.27725536593993316 0.09418383620689658
v -0.048013086206896545 0.2859778240733377 0.12988037068965527
v -0.051155376412336306 0.2937401551724138 0.16557690517241386
v -0.048013086206896545 0.2937401551724138 0.15370482520380888
v -0.06199876131157467 0.2937401551724138 0.20127343965517255
v -0.048013086206896545 0.2937401551724138 0.2950006782164709
v -0.028660271643642175 0.2937401551724138 -0.2984780431034483
v -0.028101051724137915 0.2937401551724138 -0.298804607730025
v -0.04202541412163072 0.2937401551724138 -0.11999537068965513
v -0.03470298317136656 0.2937401551724138 -0.08429883620689649
v -0.028101051724137915 0.2937401551724138 -0.05353765699579274
v -0.028101051724137915 0.29074011879092104 -0.048602301724137854
v -0.028101051724137915 0.2773588922433558 -0.012905767241379276
v -0.028101051724137915 0.2757026307911168 0.02279076724137942
v -0.028101051724137915 0.2797179196022784 0.058487301724138
v -0.028101051724137915 0.2895529994527182 0.09418383620689658
v -0.035746908411401206 0.2937401551724138 0.12988037068965527
v -0.028101051724137915 0.2937401551724138 0.10590916541860625
v -0.028101051724137915 0.2937401551724138 0.2940872246041066
v -0.008189017241379314 0.2751290691036478 -0.33417457758620683
v -0.008189017241379314 0.2937401551724138 -0.3161862907500077
v -0.02639503812854786 0.2937401551724138 -0.048602301724137854
v -0.014950197597107575 0.2937401551724138 -0.012905767241379276
v -0.010251827020778759 0.2937401551724138 0.02279076724137942
v -0.009251677400471059 0.2937401551724138 0.058487301724138
v -0.021667471969541347 0.2937401551724138 0.09418383620689658
v -0.008189017241379314 0.2937401551724138 0.28598508004927736
v 0.011723017241379351 0.27217181172701516 -0.33417457758620683
v 0.011723017241379351 0.2937401551724138 -0.31502759514426115
v 0.011723017241379351 0.2937401551724138 0.28867373489145765
v 0.031154829697297305 0.2937401551724138 -0.2984780431034483
v 0.031635051724137955 0.2924046973048632 -0.2984780431034483
v 0.031635051724137955 0.2937401551724138 -0.29763047513737645
v 0.031635051724137955 0.2937401551724138 0.2940864541454189
v 0.05154708620689655 0.28051528854618923 -0.2984780431034483
v 0.05154708620689655 0.2937401551724138 -0.29074919921111203
v 0.047995263314881895 0.2937401551724138 -0.08429883620689649
v 0.05154708620689655 0.2937401551724138 -0.10930538670931607
v 0.05154708620689655 0.2910857726241834 -0.08429883620689649
v 0.042506674809544745 0.2937401551724138 -0.048602301724137854
v 0.05154708620689655 0.28856838302409044 -0.048602301724137854
v 0.034487347452351866 0.2937401551724138 -0.012905767241379276
v 0.05154708620689655 0.28650951951538817 -0.012905767241379276
v 0.032374499065680344 0.2937401551724138 0.02279076724137942
v 0.05154708620689655 0.28610573050011046 0.02279076724137942
v 0.03381546474266473 0.2937401551724138 0.058487301724138
v 0.05154708620689655 0.28695933788469863 0.058487301724138
v 0.040224019341968655 0.2937401551724138 0.09418383620689658
v 0.05154708620689655 0.28942144703393785 0.09418383620689658
v 0.049359862873288085 0.2937401551724138 0.12988037068965527
v 0.05154708620689655 0.29277215142535534 0.12988037068965527
v 0.05154708620689655 0.2937401551724138 0.13387102444470436
v 0.05154708620689655 0.2937401551724138 0.2949986539130067
v 0.07145912068965521 0.272883719804105 -0.2984780431034483
v 0.07145912068965521 0.2937401551724138 -0.2874743485003554
v 0.0617772310866388 0.2937401551724138 -0.1556919051724137
v 0.07145912068965521 0.2937401551724138 -0.17340941092397094
v 0.07145912068965521 0.28682637270852884 -0.1556919051724137
v 0.052785347618443376 0.2937401551724138 -0.11999537068965513
v 0.07145912068965521 0.2812789896401568 -0.11999537068965513
v 0.07145912068965521 0.2804935480869917 -0.08429883620689649
v 0.07145912068965521 0.27972203848153143 -0.048602301724137854
v 0.07145912068965521 0.27966745726061676 -0.012905767241379276
v 0.07145912068965521 0.2788652609303639 0.02279076724137942
v 0.07145912068965521 0.2802287098068769 0.058487301724138
v 0.07145912068965521 0.2816130760426177 0.09418383620689658
v 0.07145912068965521 0.2833364859068526 0.12988037068965527
v 0.05955229008756323 0.2937401551724138 0.16557690517241386
v 0.07145912068965521 0.28689297781328027 0.16557690517241386
v 0.06828122672548652 0.2937401551724138 0.20127343965517255
v 0.07145912068965521 0.2914466409911962 0.20127343965517255
v 0.07145912068965521 0.2937401551724138 0.20968550058737698
v 0.07145912068965521 0.2937401551724138 0.2967906440324018
v 0.09137115517241381 0.2654859485134889 -0.2984780431034483
v 0.09137115517241381 0.2937401551724138 -0.28512042481926747
v 0.08157409564933091 0.2937401551724138 -0.19138843965517235
v 0.09137115517241381 0.2937401551724138 -0.19569294897607767
v 0.09137115517241381 0.2883664358458854 -0.19138843965517235
v 0.09137115517241381 0.2763361492346445 -0.1556919051724137
v 0.09137115517241381 0.2718873188349238 -0.11999537068965513
v 0.09137115517241381 0.2720518463597299 -0.08429883620689649
v 0.09137115517241381 0.27141775243005556 -0.048602301724137854
v 0.09137115517241381 0.2712214278941817 -0.012905767241379276
v 0.09137115517241381 0.2706604600589687 0.02279076724137942
v 0.09137115517241381 0.27007690216476316 0.058487301724138
v 0.09137115517241381 0.2703260132281992 0.09418383620689658
v 0.09137115517241381 0.2692682079512709 0.12988037068965527
v 0.09137115517241381 0.26583983918935655 0.16557690517241386
v 0.0757938782050355 0.2937401551724138 0.2369699741379311
v 0.0809813545597604 0.2937401551724138 0.2726665086206897
v 0.11128318965517248 0.2937401551724138 -0.28520896352683556
v 0.11128318965517248 0.2937401551724138 -0.20608635281256657
v 0.11128318965517248 0.27211225287524354 -0.19138843965517235
v 0.1273375916236825 0.2937401551724138 -0.2627815086206896
v 0.13119522413793108 0.2838889395221016 -0.2627815086206896
v 0.12459443852969203 0.2937401551724138 -0.22708497413793097
v -0.10774918965517241 0.29948334235964497 -0.2627815086206896
v -0.10774918965517241 0.2963504761091561 -0.22708497413793097
v -0.08783715517241378 0.2992834802697198 -0.2627815086206896
v -0.08783715517241378 0.3031782037246717 -0.22708497413793097
v -0.06792512068965517 0.29999809234295144 -0.2627815086206896
v -0.06792512068965517 0.30647172842834386 -0.22708497413793097
v -0.06792512068965517 0.3098719599852776 0.2369699741379311
v -0.07567427772841842 0.32533894827586207 0.2726665086206897
v -0.06792512068965517 0.32533894827586207 0.23984035052124836
v -0.06792512068965517 0.32533894827586207 0.29337519344910734
v -0.048013086206896545 0.30099775830148917 -0.2627815086206896
v -0.048013086206896545 0.30936651961967854 -0.22708497413793097
v -0.048013086206896545 0.3027544322891796 -0.19138843965517235
v -0.048013086206896545 0.2955511285799741 -0.1556919051724137
v -0.048013086206896545 0.29935300642881874 0.16557690517241386
v -0.048013086206896545 0.3230346114326068 0.20127343965517255
v -0.06192330332477485 0.32533894827586207 0.2369699741379311
v -0.048013086206896545 0.32533894827586207 0.20333798763571556
v -0.048013086206896545 0.32533894827586207 0.2890362357656563
v -0.028101051724137915 0.293918387737386 -0.2984780431034483
v -0.028101051724137915 0.3025961377145006 -0.2627815086206896
v -0.028101051724137915 0.312253043435648 -0.22708497413793097
v -0.028101051724137915 0.31560025251093066 -0.19138843965517235
v -0.028101051724137915 0.3241463391528164 -0.1556919051724137
v -0.030138167734437067 0.32533894827586207 -0.11999537068965513
v -0.028101051724137915 0.32533894827586207 -0.14849224269575317
v -0.02869818223341351 0.32533894827586207 -0.08429883620689649
v -0.028101051724137915 0.32533894827586207 -0.07667968975878926
v -0.028101051724137915 0.306701819091543 0.12988037068965527
v -0.03216880293010424 0.32533894827586207 0.16557690517241386
v -0.028101051724137915 0.32533894827586207 0.15137325230147858
v -0.0466510872861045 0.32533894827586207 0.20127343965517255
v -0.028101051724137915 0.32533894827586207 0.2894401242005699
v -0.008189017241379314 0.3077084030235749 -0.2984780431034483
v -0.008189017241379314 0.3036220681730206 -0.2627815086206896
v -0.008189017241379314 0.31011097853813335 -0.22708497413793097
v -0.025793513318408266 0.32533894827586207 -0.19138843965517235
v -0.008189017241379314 0.32533894827586207 -0.2101152685796318
v -0.027929203439265488 0.32533894827586207 -0.1556919051724137
v -0.025624304110565335 0.32533894827586207 -0.048602301724137854
v -0.0193994768284532 0.32533894827586207 -0.012905767241379276
v -0.011510717614713652 0.32533894827586207 0.02279076724137942
v -0.008189017241379314 0.32533894827586207 0.046477187654670536
v -0.008189017241379314 0.3004013872255721 0.058487301724138
v -0.010271468621538094 0.32533894827586207 0.09418383620689658
v -0.008189017241379314 0.32533894827586207 0.07667720881757889
v -0.01791573493918857 0.32533894827586207 0.12988037068965527
v -0.008189017241379314 0.32533894827586207 0.28488219457577235
v 0.011723017241379351 0.30544098310586776 -0.2984780431034483
v 0.011723017241379351 0.30371439596036853 -0.2627815086206896
v 0.011723017241379351 0.31279741215887924 -0.22708497413793097
v 0.011723017241379351 0.32533894827586207 -0.20921062248462413
v 0.011723017241379351 0.32533894827586207 0.04806039014943182
v 0.011723017241379351 0.31609458018665115 0.058487301724138
v 0.011723017241379351 0.32533894827586207 0.07235844125626455
v 0.011723017241379351 0.32533894827586207 0.28643163858956705
v 0.031635051724137955 0.30234119428236605 -0.2627815086206896
v 0.031635051724137955 0.31273512405621523 -0.22708497413793097
v 0.028033985394320622 0.32533894827586207 -0.19138843965517235
v 0.031635051724137955 0.3153593468182863 -0.19138843965517235
v 0.03046053692125307 0.32533894827586207 -0.1556919051724137
v 0.031635051724137955 0.31983961333942434 -0.1556919051724137
v 0.03138024565529717 0.32533894827586207 -0.11999537068965513
v 0.031635051724137955 0.3238307926758684 -0.11999537068965513
v 0.030874923545284663 0.32533894827586207 -0.08429883620689649
v 0.031635051724137955 0.3208269372326652 -0.08429883620689649
v 0.028686415658897943 0.32533894827586207 -0.048602301724137854
v 0.031635051724137955 0.31120925686782275 -0.048602301724137854
v 0.023060810953030867 0.32533894827586207 -0.012905767241379276
v 0.031635051724137955 0.29751413098855856 -0.012905767241379276
v 0.01540971446918106 0.32533894827586207 0.02279076724137942
v 0.031635051724137955 0.29450393087714094 0.02279076724137942
v 0.031635051724137955 0.2956415143917733 0.058487301724138
v 0.01483989195888204 0.32533894827586207 0.09418383620689658
v 0.031635051724137955 0.3020865132793977 0.09418383620689658
v 0.022255876215389433 0.32533894827586207 0.12988037068965527
v 0.031635051724137955 0.31296848825017004 0.12988037068965527
v 0.031635051724137955 0.32533894827586207 0.14920192511383812
v 0.031635051724137955 0.32533894827586207 0.2887969719234449
v 0.05154708620689655 0.3013539553977184 -0.2627815086206896
v 0.05154708620689655 0.3110470008282448 -0.22708497413793097
v 0.05154708620689655 0.30552182502922337 -0.19138843965517235
v 0.05154708620689655 0.29977661402058775 -0.1556919051724137
v 0.05154708620689655 0.29462065120893255 -0.11999537068965513
v 0.036354007569896624 0.32533894827586207 0.16557690517241386
v 0.05154708620689655 0.3050638382120581 0.16557690517241386
v 0.05046206647840258 0.32533894827586207 0.20127343965517255
v 0.05154708620689655 0.3237379192140579 0.20127343965517255
v 0.05154708620689655 0.32533894827586207 0.20294817803247014
v 0.05154708620689655 0.32533894827586207 0.28856462981150377
v 0.07145912068965521 0.30095358799834204 -0.2627815086206896
v 0.07145912068965521 0.3093259717335512 -0.22708497413793097
v 0.07145912068965521 0.2981001391518363 -0.19138843965517235
v 0.0652501934758785 0.32533894827586207 0.2369699741379311
v 0.07145912068965521 0.31131876889150034 0.2369699741379311
v 0.07145912068965521 0.32533894827586207 0.23963767078914316
v 0.07145912068965521 0.32533894827586207 0.29361488987770956
v 0.09137115517241381 0.3012052011785415 -0.2627815086206896
v 0.09137115517241381 0.3085475396212292 -0.22708497413793097
v 0.07954581129160004 0.32533894827586207 0.2726665086206897
v 0.11128318965517248 0.3063143727406967 -0.2627815086206896
v 0.11128318965517248 0.3052723656528423 -0.22708497413793097
v -0.07486135673944472 0.3569377413793104 0.2726665086206897
v -0.06792512068965517 0.3569377413793104 0.24697113081915806
v -0.06792512068965517 0.3569377413793104 0.2870912275051335
v -0.052509668556683695 0.3569377413793104 0.2369699741379311
v -0.048013086206896545 0.3569377413793104 0.2263408692852757
v -0.048013086206896545 0.3569377413793104 0.28611926068375326
v -0.028101051724137915 0.3264800111912088 -0.11999537068965513
v -0.028101051724137915 0.32576386409685126 -0.08429883620689649
v -0.028101051724137915 0.3530259834343813 0.16557690517241386
v -0.03625613830836377 0.3569377413793104 0.20127343965517255
v -0.028101051724137915 0.3569377413793104 0.16690199868769467
v -0.028101051724137915 0.3569377413793104 0.287929558127396
v -0.008189017241379314 0.3384848685365456 -0.19138843965517235
v -0.008189017241379314 0.33490964737088613 -0.1556919051724137
v -0.008189017241379314 0.33232631902403736 -0.11999537068965513
v -0.008189017241379314 0.3466306328520268 -0.08429883620689649
v -0.02325698279087117 0.3569377413793104 -0.048602301724137854
v -0.008189017241379314 0.3569377413793104 -0.07923159756252711
v -0.023819435550924885 0.3569377413793104 -0.012905767241379276
v -0.022279073033625023 0.3569377413793104 0.02279076724137942
v -0.021751815518481613 0.3569377413793104 0.058487301724138
v -0.008189017241379314 0.32631954835839194 0.058487301724138
v -0.022475888962946566 0.3569377413793104 0.09418383620689658
v -0.023852326325963107 0.3569377413793104 0.12988037068965527
v -0.027802142769706523 0.3569377413793104 0.16557690517241386
v -0.008189017241379314 0.3569377413793104 0.28972207516556087
v 0.011723017241379351 0.33545862215894995 -0.19138843965517235
v 0.011723017241379351 0.3343049581661951 -0.1556919051724137
v 0.011723017241379351 0.332714068801293 -0.11999537068965513
v 0.011723017241379351 0.33917088864242173 -0.08429883620689649
v 0.011723017241379351 0.3569377413793104 -0.06874169544407577
v 0.011723017241379351 0.3263621244413572 0.058487301724138
v 0.011723017241379351 0.3569377413793104 0.28964337669360896
v 0.023326105690315534 0.3569377413793104 -0.048602301724137854
v 0.024832115248234157 0.3569377413793104 -0.012905767241379276
v 0.023411864292929345 0.3569377413793104 0.02279076724137942
v 0.02297476192712506 0.3569377413793104 0.058487301724138
v 0.023961633496337235 0.3569377413793104 0.09418383620689658
v 0.02518652311298389 0.3569377413793104 0.12988037068965527
v 0.02856743889308594 0.3569377413793104 0.16557690517241386
v 0.031635051724137955 0.3387306248554713 0.16557690517241386
v 0.031635051724137955 0.3569377413793104 0.17972953045945916
v 0.031635051724137955 0.3569377413793104 0.2863332910654813
v 0.037057451633644684 0.3569377413793104 0.20127343965517255
v 0.05154708620689655 0.3569377413793104 0.2355599757268369
v 0.05154708620689655 0.3569377413793104 0.2831154593356917
v 0.05208298019697198 0.3569377413793104 0.2369699741379311
v 0.07145912068965521 0.3569377413793104 0.2481400659152215
v 0.07145912068965521 0.3569377413793104 0.28691682836885146
v 0.07829562632772852 0.3569377413793104 0.2726665086206897
v -0.06792512068965517 0.3673293992427889 0.2726665086206897
v -0.048013086206896545 0.36195320625024724 0.2369699741379311
v -0.05757810512415898 0.3885365344827586 0.2726665086206897
v -0.048013086206896545 0.3885365344827586 0.2456025905191082
v -0.048013086206896545 0.3885365344827586 0.2897033407506376
v -0.028101051724137915 0.36454094270356235 0.20127343965517255
v -0.028101051724137915 0.3806856545967303 0.2369699741379311
v -0.028101051724137915 0.3885365344827586 0.24016364162052775
v -0.028101051724137915 0.3885365344827586 0.2905344186306421
v -0.008189017241379314 0.36869768431532407 -0.048602301724137854
v -0.008189017241379314 0.36569385026578005 -0.012905767241379276
v -0.008189017241379314 0.36220110151221563 0.02279076724137942
v -0.008189017241379314 0.3613188893099229 0.058487301724138
v -0.008189017241379314 0.36329007097989263 0.09418383620689658
v -0.010979755745864735 0.3885365344827586 0.12988037068965527
v -0.008189017241379314 0.3885365344827586 0.1270778280692178
v -0.019572724808618918 0.3885365344827586 0.16557690517241386
v -0.02269369550732837 0.3885365344827586 0.20127343965517255
v -0.026335369967765202 0.3885365344827586 0.2369699741379311
v -0.008189017241379314 0.3885365344827586 0.2959029888798757
v 0.011723017241379351 0.36458908592142153 -0.048602301724137854
v 0.011723017241379351 0.3641452932377398 -0.012905767241379276
v 0.011723017241379351 0.36174514437265076 0.02279076724137942
v 0.011723017241379351 0.36137335717862584 0.058487301724138
v 0.011723017241379351 0.3631154560751294 0.09418383620689658
v -0.002941311416446585 0.3885365344827586 0.12988037068965527
v 0.011723017241379351 0.37123776947020715 0.12988037068965527
v 0.011723017241379351 0.3885365344827586 0.16241463752404933
v 0.011723017241379351 0.3885365344827586 0.2978722745086984
v 0.012663980174355109 0.3885365344827586 0.16557690517241386
v 0.01907300856386364 0.3885365344827586 0.20127343965517255
v 0.031635051724137955 0.36139788659265376 0.20127343965517255
v 0.02628154082761676 0.3885365344827586 0.2369699741379311
v 0.031635051724137955 0.3757519309972118 0.2369699741379311
v 0.031635051724137955 0.3885365344827586 0.24039295477672903
v 0.031635051724137955 0.3885365344827586 0.2944474179980616
v 0.05154708620689655 0.3574945149444932 0.2369699741379311
v 0.05087296824170226 0.3885365344827586 0.2726665086206897
v 0.05154708620689655 0.38246619064149256 0.2726665086206897
v 0.07145912068965521 0.3685326148877733 0.2726665086206897
v -0.048013086206896545 0.4032256281746845 0.2726665086206897
v -0.028101051724137915 0.403180296985527 0.2726665086206897
v -0.008189017241379314 0.3903152111325592 0.12988037068965527
v -0.008189017241379314 0.39742672708381616 0.16557690517241386
v -0.008189017241379314 0.40059988262872975 0.20127343965517255
v -0.008189017241379314 0.40296858801444224 0.2369699741379311
v -0.008189017241379314 0.4078382254259066 0.2726665086206897
v 0.011723017241379351 0.38905469967617334 0.16557690517241386
v 0.011723017241379351 0.3929814317068076 0.20127343965517255
v 0.011723017241379351 0.3972882401571415 0.2369699741379311
v 0.011723017241379351 0.4095218267195585 0.2726665086206897
v 0.031635051724137955 0.40663414512130736 0.2726665086206897
f 3 2 1
f 3 4 5
f 1 4 3
f 5 6 7
f 4 6 5
f 7 8 9
f 6 8 7
f 9 10 11
f 8 10 9
f 11 12 13
f 10 12 11
f 13 14 15
f 12 14 13
f 15 16 17
f 14 16 15
f 16 18 17
f 21 20 19
f 21 22 23
f 19 22 21
f 23 24 25
f 22 24 23
f 25 26 27
f 24 26 25
f 27 28 29
f 26 28 27
f 2 29 28
f 2 3 29
f 3 30 29
f 5 31 3
f 31 30 3
f 7 32 5
f 32 31 5
f 9 33 7
f 33 32 7
f 11 34 9
f 34 33 9
f 13 35 11
f 35 34 11
f 15 36 13
f 36 35 13
f 17 37 15
f 37 36 15
f 38 17 18
f 37 17 38
f 41 40 39
f 41 42 43
f 39 42 41
f 43 44 45
f 42 44 43
f 20 45 44
f 20 21 45
f 21 46 45
f 23 47 21
f 47 46 21
f 25 48 23
f 48 47 23
f 27 49 25
f 49 48 25
f 29 50 27
f 50 49 27
f 30 51 29
f 51 50 29
f 31 52 30
f 52 51 30
f 32 53 31
f 53 52 31
f 33 54 32
f 54 53 32
f 34 55 33
f 55 54 33
f 35 56 34
f 56 55 34
f 36 57 35
f 57 56 35
f 37 58 36
f 58 57 36
f 59 37 38
f 59 60 37
f 60 58 37
f 59 61 60
f 64 63 62
f 64 65 66
f 62 65 64
f 40 66 65
f 40 41 66
f 41 67 66
f 43 68 41
f 68 67 41
f 45 69 43
f 69 68 43
f 46 70 45
f 70 69 45
f 47 71 46
f 71 70 46
f 48 72 47
f 72 71 47
f 49 73 48
f 73 72 48
f 75 50 74
f 75 73 50
f 73 49 50
f 51 74 50
f 76 74 51
f 52 76 51
f 77 76 52
f 53 77 52
f 78 77 53
f 54 78 53
f 79 78 54
f 55 79 54
f 80 79 55
f 56 80 55
f 81 80 56
f 81 83 82
f 81 56 83
f 56 57 83
f 58 84 57
f 84 83 57
f 60 85 58
f 85 84 58
f 86 60 61
f 85 60 86
f 88 63 64
f 87 63 88
f 66 89 64
f 89 88 64
f 67 90 66
f 90 89 66
f 68 91 67
f 91 90 67
f 69 92 68
f 92 91 68
f 70 93 69
f 93 92 69
f 95 71 94
f 95 93 71
f 93 70 71
f 72 94 71
f 96 94 72
f 73 96 72
f 97 96 73
f 75 97 73
f 99 82 83
f 98 82 99
f 84 100 83
f 100 99 83
f 85 101 84
f 101 100 84
f 102 85 86
f 101 85 102
f 104 87 88
f 103 87 104
f 89 105 88
f 105 104 88
f 90 106 89
f 106 105 89
f 91 107 90
f 107 106 90
f 92 108 91
f 108 107 91
f 110 93 109
f 110 108 93
f 108 92 93
f 95 109 93
f 99 111 98
f 111 113 112
f 111 99 113
f 99 100 113
f 101 114 100
f 114 113 100
f 115 101 102
f 114 101 115
f 117 103 104
f 116 103 117
f 105 118 104
f 118 117 104
f 106 119 105
f 119 118 105
f 107 120 106
f 120 119 106
f 108 121 107
f 121 120 107
f 122 108 110
f 121 108 122
f 124 112 113
f 123 112 124
f 114 125 113
f 125 124 113
f 126 114 115
f 125 114 126
f 128 116 117
f 127 116 128
f 118 129 117
f 129 128 117
f 119 130 118
f 130 129 118
f 120 131 119
f 131 130 119
f 121 132 120
f 132 131 120
f 133 121 122
f 132 121 133
f 135 123 124
f 134 123 135
f 125 136 124
f 136 135 124
f 137 125 126
f 136 125 137
f 139 127 128
f 138 127 139
f 129 140 128
f 140 139 128
f 130 141 129
f 141 140 129
f 131 142 130
f 142 141 130
f 132 143 131
f 143 142 131
f 144 132 133
f 144 145 132
f 145 143 132
f 145 146 147
f 144 146 145
f 147 148 149
f 146 148 147
f 149 150 151
f 148 150 149
f 151 152 153
f 150 152 151
f 153 154 155
f 152 154 153
f 155 156 157
f 154 156 155
f 157 158 159
f 156 158 157
f 159 160 161
f 158 160 159
f 161 162 163
f 160 162 161
f 163 164 165
f 162 164 163
f 165 166 167
f 164 166 165
f 134 167 166
f 134 135 167
f 135 168 167
f 136 169 135
f 169 168 135
f 170 136 137
f 169 136 170
f 172 138 139
f 171 138 172
f 140 173 139
f 173 172 139
f 141 174 140
f 174 173 140
f 142 175 141
f 175 174 141
f 143 176 142
f 176 175 142
f 145 177 143
f 177 176 143
f 147 178 145
f 178 177 145
f 149 179 147
f 179 178 147
f 151 180 149
f 180 179 149
f 153 181 151
f 181 180 151
f 183 155 182
f 183 181 155
f 181 153 155
f 157 182 155
f 184 182 157
f 159 184 157
f 185 184 159
f 161 185 159
f 186 185 161
f 186 188 187
f 186 161 188
f 161 163 188
f 165 189 163
f 189 188 163
f 167 190 165
f 190 189 165
f 168 191 167
f 191 190 167
f 169 192 168
f 192 191 168
f 193 169 170
f 192 169 193
f 195 171 172
f 194 171 195
f 173 196 172
f 196 195 172
f 174 197 173
f 197 196 173
f 175 198 174
f 198 197 174
f 176 199 175
f 199 198 175
f 177 200 176
f 200 199 176
f 178 201 177
f 201 200 177
f 203 179 202
f 203 201 179
f 201 178 179
f 180 202 179
f 204 202 180
f 181 204 180
f 205 204 181
f 183 205 181
f 188 206 187
f 206 208 207
f 206 188 208
f 188 189 208
f 190 209 189
f 209 208 189
f 191 210 190
f 210 209 190
f 192 211 191
f 211 210 191
f 212 192 193
f 211 192 212
f 214 194 195
f 213 194 214
f 196 215 195
f 215 214 195
f 197 216 196
f 216 215 196
f 198 217 197
f 217 216 197
f 199 218 198
f 218 217 198
f 200 219 199
f 219 218 199
f 201 220 200
f 220 219 200
f 221 201 203
f 221 222 201
f 222 220 201
f 222 223 224
f 221 223 222
f 223 225 224
f 228 227 226
f 207 228 226
f 207 208 228
f 208 229 228
f 209 230 208
f 230 229 208
f 210 231 209
f 231 230 209
f 211 232 210
f 232 231 210
f 233 211 212
f 232 211 233
f 235 213 214
f 234 213 235
f 215 236 214
f 236 235 214
f 216 237 215
f 237 236 215
f 217 238 216
f 238 237 216
f 218 239 217
f 239 238 217
f 219 240 218
f 240 239 218
f 220 241 219
f 241 240 219
f 222 242 220
f 242 241 220
f 224 243 222
f 243 242 222
f 244 224 225
f 244 245 224
f 245 243 224
f 245 246 247
f 244 246 245
f 247 248 249
f 246 248 247
f 249 250 251
f 248 250 249
f 251 252 253
f 250 252 251
f 227 253 252
f 227 228 253
f 228 254 253
f 229 255 228
f 255 254 228
f 230 256 229
f 256 255 229
f 231 257 230
f 257 256 230
f 232 258 231
f 258 257 231
f 259 232 233
f 258 232 259
f 261 234 235
f 260 234 261
f 236 262 235
f 262 261 235
f 237 263 236
f 263 262 236
f 238 264 237
f 264 263 237
f 239 265 238
f 265 264 238
f 240 266 239
f 266 265 239
f 241 267 240
f 267 266 240
f 242 268 241
f 268 267 241
f 243 269 242
f 269 268 242
f 245 270 243
f 270 269 243
f 247 271 245
f 271 270 245
f 249 272 247
f 272 271 247
f 251 273 249
f 273 272 249
f 253 274 251
f 274 273 251
f 254 275 253
f 275 274 253
f 255 276 254
f 276 275 254
f 256 277 255
f 277 276 255
f 257 278 256
f 278 277 256
f 258 279 257
f 279 278 257
f 280 258 259
f 279 258 280
f 282 260 261
f 281 260 282
f 262 283 261
f 283 282 261
f 263 284 262
f 284 283 262
f 264 285 263
f 285 284 263
f 265 286 264
f 286 285 264
f 266 287 265
f 287 286 265
f 267 288 266
f 288 287 266
f 268 289 267
f 289 288 267
f 269 290 268
f 290 289 268
f 270 291 269
f 291 290 269
f 271 292 270
f 292 291 270
f 272 293 271
f 293 292 271
f 273 294 272
f 294 293 272
f 274 295 273
f 295 294 273
f 275 296 274
f 296 295 274
f 276 297 275
f 297 296 275
f 277 298 276
f 298 297 276
f 278 299 277
f 299 298 277
f 279 300 278
f 300 299 278
f 301 279 280
f 300 279 301
f 282 302 281
f 283 302 282
f 303 302 283
f 303 305 304
f 303 283 305
f 283 284 305
f 285 306 284
f 306 305 284
f 286 307 285
f 307 306 285
f 287 308 286
f 308 307 286
f 288 309 287
f 309 308 287
f 289 310 288
f 310 309 288
f 290 311 289
f 311 310 289
f 291 312 290
f 312 311 290
f 292 313 291
f 313 312 291
f 293 314 292
f 314 313 292
f 294 315 293
f 315 314 293
f 295 316 294
f 316 315 294
f 296 317 295
f 317 316 295
f 297 318 296
f 318 317 296
f 298 319 297
f 319 318 297
f 299 320 298
f 320 319 298
f 300 321 299
f 321 320 299
f 322 300 301
f 321 300 322
f 305 323 304
f 306 323 305
f 324 323 306
f 307 324 306
f 325 324 307
f 325 327 326
f 325 307 327
f 307 308 327
f 309 328 308
f 328 327 308
f 310 329 309
f 329 328 309
f 311 330 310
f 330 329 310
f 312 331 311
f 331 330 311
f 313 332 312
f 332 331 312
f 314 333 313
f 333 332 313
f 315 334 314
f 334 333 314
f 316 335 315
f 335 334 315
f 317 336 316
f 336 335 316
f 318 337 317
f 337 336 317
f 319 338 318
f 338 337 318
f 320 339 319
f 339 338 319
f 341 321 340
f 341 339 321
f 339 320 321
f 322 340 321
f 327 342 326
f 328 342 327
f 343 342 328
f 329 343 328
f 344 343 329
f 330 344 329
f 345 344 330
f 331 345 330
f 346 345 331
f 346 348 347
f 346 331 348
f 331 332 348
f 333 349 332
f 349 348 332
f 334 350 333
f 350 349 333
f 335 351 334
f 351 350 334
f 336 352 335
f 352 351 335
f 337 353 336
f 353 352 336
f 338 354 337
f 354 353 337
f 339 355 338
f 355 354 338
f 356 339 341
f 355 339 356
f 348 357 347
f 349 357 348
f 358 357 349
f 350 358 349
f 359 358 350
f 351 359 350
f 360 359 351
f 352 360 351
f 361 360 352
f 353 361 352
f 362 361 353
f 354 362 353
f 363 362 354
f 355 363 354
f 364 363 355
f 356 364 355
f 367 366 365
f 367 368 369
f 365 368 367
f 368 370 369
f 373 372 371
f 373 1 2
f 373 371 1
f 371 374 1
f 4 1 375
f 1 374 375
f 6 4 376
f 4 375 376
f 8 6 377
f 6 376 377
f 10 8 378
f 8 377 378
f 12 10 379
f 10 378 379
f 366 367 14
f 366 14 379
f 379 14 12
f 16 14 367
f 369 16 367
f 369 18 16
f 369 370 18
f 370 380 18
f 19 382 381
f 20 382 19
f 22 19 383
f 19 381 383
f 24 22 384
f 22 383 384
f 26 24 385
f 24 384 385
f 372 373 28
f 372 28 385
f 385 28 26
f 2 28 373
f 386 387 38
f 386 38 380
f 380 38 18
f 386 388 387
f 39 390 389
f 40 390 39
f 42 39 391
f 39 389 391
f 44 42 392
f 42 391 392
f 382 20 44
f 392 382 44
f 38 387 59
f 387 61 59
f 387 388 61
f 388 393 61
f 62 395 394
f 63 395 62
f 65 62 396
f 62 394 396
f 390 40 65
f 396 390 65
f 74 397 75
f 74 76 398
f 397 74 398
f 76 77 399
f 398 76 399
f 77 78 400
f 399 77 400
f 78 79 401
f 400 78 401
f 79 80 402
f 401 79 402
f 80 81 403
f 402 80 403
f 81 82 403
f 61 393 86
f 393 404 86
f 63 87 395
f 395 87 405
f 94 406 95
f 94 96 407
f 406 94 407
f 96 97 408
f 407 96 408
f 97 75 397
f 97 397 408
f 408 397 409
f 398 410 397
f 410 409 397
f 399 411 398
f 411 410 398
f 400 412 399
f 412 411 399
f 401 413 400
f 413 412 400
f 402 414 401
f 414 413 401
f 403 415 402
f 415 414 402
f 82 98 415
f 403 82 415
f 86 404 102
f 404 416 102
f 87 103 405
f 405 103 417
f 109 418 110
f 109 95 406
f 109 406 418
f 418 406 419
f 407 420 406
f 420 419 406
f 408 421 407
f 421 420 407
f 409 422 408
f 422 421 408
f 424 410 423
f 424 422 410
f 422 409 410
f 411 423 410
f 425 423 411
f 412 425 411
f 426 425 412
f 413 426 412
f 427 426 413
f 414 427 413
f 428 427 414
f 428 430 429
f 428 414 430
f 414 415 430
f 98 111 431
f 98 431 415
f 415 431 430
f 111 112 431
f 102 416 115
f 416 432 115
f 103 116 417
f 417 116 433
f 418 434 122
f 110 418 122
f 419 435 418
f 435 434 418
f 420 436 419
f 436 435 419
f 421 437 420
f 437 436 420
f 439 422 438
f 439 437 422
f 437 421 422
f 424 438 422
f 441 429 430
f 440 429 441
f 431 442 430
f 442 441 430
f 112 123 442
f 431 112 442
f 115 432 126
f 432 443 126
f 116 127 433
f 433 127 444
f 434 445 133
f 122 434 133
f 435 446 434
f 446 445 434
f 436 447 435
f 447 446 435
f 437 448 436
f 448 447 436
f 449 437 439
f 449 450 437
f 450 448 437
f 450 451 452
f 449 451 450
f 451 453 452
f 455 440 441
f 454 440 455
f 442 456 441
f 456 455 441
f 123 134 456
f 442 123 456
f 126 443 137
f 443 457 137
f 127 138 444
f 444 138 458
f 133 445 144
f 146 144 445
f 446 146 445
f 148 146 446
f 447 148 446
f 150 148 447
f 448 150 447
f 152 150 448
f 450 152 448
f 154 152 450
f 452 154 450
f 452 453 459
f 452 459 154
f 154 459 156
f 158 156 460
f 156 459 460
f 160 158 461
f 158 460 461
f 162 160 462
f 160 461 462
f 454 455 164
f 454 164 462
f 462 164 162
f 166 164 455
f 456 166 455
f 134 166 456
f 137 457 170
f 457 463 170
f 138 171 458
f 458 171 464
f 182 465 183
f 182 184 466
f 465 182 466
f 184 185 467
f 466 184 467
f 185 186 468
f 467 185 468
f 186 187 468
f 170 463 193
f 463 469 193
f 171 194 464
f 464 194 470
f 202 471 203
f 202 204 472
f 471 202 472
f 204 205 473
f 472 204 473
f 205 183 465
f 205 465 473
f 473 465 474
f 466 475 465
f 475 474 465
f 467 476 466
f 476 475 466
f 468 477 467
f 477 476 467
f 187 206 478
f 187 478 468
f 468 478 477
f 206 207 478
f 193 469 212
f 469 479 212
f 194 213 470
f 470 213 480
f 203 471 221
f 223 221 471
f 472 223 471
f 225 223 472
f 225 472 481
f 481 472 473
f 474 482 473
f 482 481 473
f 475 483 474
f 483 482 474
f 476 484 475
f 484 483 475
f 477 485 476
f 485 484 476
f 226 227 485
f 226 485 478
f 478 485 477
f 207 226 478
f 212 479 233
f 479 486 233
f 213 234 480
f 480 234 487
f 225 481 244
f 246 244 481
f 482 246 481
f 248 246 482
f 483 248 482
f 250 248 483
f 484 250 483
f 252 250 484
f 485 252 484
f 227 252 485
f 233 486 259
f 486 488 259
f 234 260 487
f 487 260 489
f 259 488 280
f 488 490 280
f 260 281 489
f 489 281 491
f 280 490 301
f 490 492 301
f 281 493 491
f 302 493 281
f 303 494 302
f 302 494 493
f 494 303 304
f 495 494 304
f 301 492 322
f 492 496 322
f 304 497 495
f 323 497 304
f 324 498 323
f 323 498 497
f 325 499 324
f 324 499 498
f 499 325 326
f 500 499 326
f 340 501 341
f 340 502 501
f 340 322 502
f 322 496 502
f 326 503 500
f 342 503 326
f 343 504 342
f 342 504 503
f 344 505 343
f 343 505 504
f 345 506 344
f 344 506 505
f 508 507 506
f 508 506 346
f 346 506 345
f 346 347 508
f 501 509 510
f 501 510 341
f 341 510 356
f 502 509 501
f 508 511 507
f 347 511 508
f 347 357 511
f 357 512 511
f 358 513 357
f 357 513 512
f 359 514 358
f 358 514 513
f 360 515 359
f 359 515 514
f 361 516 360
f 360 516 515
f 518 517 516
f 518 516 362
f 362 516 361
f 362 363 519
f 518 362 519
f 363 364 520
f 519 363 520
f 364 521 520
f 364 356 521
f 356 510 521
f 518 522 517
f 519 522 518
f 523 522 519
f 520 523 519
f 524 523 520
f 521 524 520
f 527 526 525
f 527 365 366
f 527 525 365
f 525 528 365
f 368 365 529
f 365 528 529
f 529 370 368
f 530 370 529
f 371 372 531
f 533 371 531
f 533 532 371
f 532 374 371
f 375 374 534
f 374 532 534
f 376 375 535
f 375 534 535
f 377 376 536
f 376 535 536
f 378 377 537
f 377 536 537
f 526 527 379
f 526 379 537
f 537 379 378
f 366 379 527
f 370 530 380
f 530 538 380
f 381 382 539
f 541 381 539
f 541 540 381
f 540 383 381
f 384 383 542
f 383 540 542
f 385 384 543
f 384 542 543
f 531 372 385
f 531 385 544
f 544 385 543
f 533 531 544
f 546 386 380
f 546 380 545
f 545 380 538
f 386 546 388
f 389 548 547
f 390 548 389
f 391 389 549
f 389 547 549
f 392 391 550
f 391 549 550
f 539 382 392
f 539 392 551
f 551 392 550
f 541 539 551
f 546 545 552
f 552 388 546
f 552 553 388
f 553 393 388
f 394 555 554
f 395 555 394
f 396 394 556
f 394 554 556
f 548 390 396
f 556 548 396
f 393 553 404
f 553 557 404
f 395 405 555
f 555 405 558
f 404 557 416
f 557 559 416
f 405 417 558
f 558 417 560
f 423 561 424
f 423 425 562
f 561 423 562
f 425 426 563
f 562 425 563
f 426 427 564
f 563 426 564
f 427 428 565
f 564 427 565
f 428 429 565
f 416 559 432
f 559 566 432
f 417 433 560
f 560 433 567
f 438 568 569
f 439 438 569
f 561 438 424
f 561 570 438
f 570 568 438
f 562 570 561
f 571 570 562
f 563 571 562
f 572 571 563
f 564 572 563
f 573 572 564
f 565 573 564
f 574 573 565
f 574 565 429
f 574 429 575
f 575 429 440
f 432 566 443
f 566 576 443
f 433 444 567
f 567 444 577
f 580 578 579
f 580 582 581
f 578 580 581
f 449 582 583
f 449 569 582
f 449 439 569
f 581 582 569
f 449 584 451
f 583 584 449
f 451 584 453
f 585 454 586
f 585 575 454
f 575 440 454
f 586 588 587
f 585 586 587
f 587 588 589
f 443 576 457
f 576 590 457
f 444 458 577
f 577 458 591
f 594 592 593
f 579 592 594
f 579 594 580
f 580 594 595
f 582 580 596
f 596 580 595
f 583 582 597
f 597 582 596
f 584 583 598
f 598 583 597
f 453 599 459
f 453 584 599
f 584 598 599
f 459 600 460
f 599 600 459
f 460 601 461
f 600 601 460
f 461 602 462
f 601 602 461
f 462 586 454
f 462 602 586
f 602 603 586
f 588 586 604
f 604 586 603
f 605 589 588
f 605 588 606
f 606 588 604
f 605 606 607
f 457 590 463
f 590 608 463
f 611 610 609
f 611 609 591
f 611 591 464
f 464 591 458
f 594 593 612
f 595 594 612
f 613 595 612
f 596 595 613
f 614 596 613
f 597 596 614
f 615 597 614
f 598 597 615
f 616 598 615
f 599 598 616
f 617 599 616
f 600 599 617
f 618 600 617
f 601 600 618
f 619 601 618
f 602 601 619
f 620 602 619
f 603 602 620
f 621 603 620
f 604 603 621
f 622 604 621
f 606 604 622
f 623 606 622
f 607 606 623
f 463 608 469
f 608 624 469
f 611 625 610
f 625 611 464
f 625 464 626
f 626 464 470
f 469 624 479
f 624 627 479
f 470 480 626
f 626 480 628
f 479 627 486
f 627 629 486
f 480 487 628
f 628 487 630
f 486 629 488
f 629 631 488
f 487 489 630
f 630 489 632
f 488 631 490
f 631 633 490
f 634 491 635
f 634 632 491
f 632 489 491
f 634 635 636
f 490 633 492
f 633 637 492
f 491 493 635
f 635 638 636
f 635 493 638
f 493 494 638
f 638 494 495
f 639 638 495
f 492 637 496
f 637 640 496
f 495 641 639
f 497 641 495
f 498 642 497
f 497 642 641
f 499 643 498
f 498 643 642
f 643 499 500
f 644 643 500
f 647 645 646
f 647 640 645
f 647 502 640
f 502 496 640
f 500 648 644
f 503 648 500
f 504 649 503
f 503 649 648
f 505 650 504
f 504 650 649
f 506 651 505
f 505 651 650
f 651 506 507
f 652 651 507
f 509 647 646
f 509 646 510
f 510 646 653
f 502 647 509
f 507 654 652
f 511 654 507
f 512 655 511
f 511 655 654
f 513 656 512
f 512 656 655
f 514 657 513
f 513 657 656
f 515 658 514
f 514 658 657
f 516 659 515
f 515 659 658
f 659 516 517
f 660 659 517
f 510 653 521
f 653 661 521
f 517 662 660
f 522 662 517
f 523 663 522
f 522 663 662
f 524 664 523
f 523 664 663
f 661 524 521
f 664 524 661
f 525 526 665
f 525 666 528
f 665 666 525
f 528 667 529
f 666 667 528
f 529 667 530
f 670 669 668
f 670 532 533
f 670 668 532
f 668 671 532
f 534 532 672
f 532 671 672
f 535 534 673
f 534 672 673
f 536 535 674
f 535 673 674
f 537 536 675
f 536 674 675
f 665 526 537
f 665 537 676
f 676 537 675
f 666 665 676
f 677 666 676
f 667 666 677
f 678 667 677
f 678 530 667
f 678 679 530
f 679 538 530
f 540 681 680
f 541 681 540
f 542 540 682
f 540 680 682
f 543 542 683
f 542 682 683
f 669 670 544
f 669 544 683
f 683 544 543
f 533 544 670
f 538 679 545
f 679 684 545
f 547 548 685
f 547 686 549
f 685 686 547
f 688 549 686
f 688 687 549
f 687 550 549
f 551 550 689
f 550 687 689
f 681 541 551
f 689 681 551
f 691 552 545
f 691 545 690
f 690 545 684
f 552 691 553
f 554 555 692
f 694 554 692
f 694 693 554
f 693 556 554
f 685 548 556
f 685 556 695
f 695 556 693
f 686 685 695
f 696 686 695
f 688 686 696
f 698 691 690
f 697 698 690
f 553 698 557
f 691 698 553
f 692 700 699
f 692 555 700
f 555 558 700
f 694 692 699
f 702 698 697
f 701 702 697
f 557 702 559
f 698 702 557
f 558 560 700
f 700 560 703
f 705 702 701
f 704 705 701
f 559 705 566
f 702 705 559
f 560 567 703
f 703 567 706
f 568 707 569
f 568 570 708
f 707 568 708
f 570 571 709
f 708 570 709
f 571 572 710
f 709 571 710
f 572 573 711
f 710 572 711
f 573 574 712
f 711 573 712
f 574 575 712
f 714 705 704
f 713 714 704
f 566 714 576
f 705 714 566
f 567 577 706
f 706 577 715
f 578 716 579
f 578 581 717
f 716 578 717
f 581 569 707
f 581 707 717
f 717 707 718
f 708 719 707
f 719 718 707
f 709 720 708
f 720 719 708
f 710 721 709
f 721 720 709
f 711 722 710
f 722 721 710
f 712 723 711
f 723 722 711
f 575 585 724
f 575 724 712
f 712 724 723
f 585 587 725
f 724 585 725
f 587 589 725
f 727 714 713
f 726 727 713
f 576 727 590
f 714 727 576
f 730 729 728
f 730 728 715
f 730 715 591
f 591 715 577
f 733 731 732
f 733 735 734
f 731 733 734
f 735 593 592
f 735 592 734
f 737 736 592
f 736 734 592
f 592 579 716
f 592 716 737
f 737 716 738
f 717 739 716
f 739 738 716
f 718 740 717
f 740 739 717
f 719 741 718
f 741 740 718
f 720 742 719
f 742 741 719
f 721 743 720
f 743 742 720
f 722 744 721
f 744 743 721
f 723 745 722
f 745 744 722
f 724 746 723
f 746 745 723
f 725 747 724
f 747 746 724
f 589 605 748
f 589 748 725
f 725 748 747
f 750 727 605
f 750 605 607
f 727 726 605
f 748 605 749
f 726 749 605
f 590 750 608
f 727 750 590
f 609 729 730
f 609 610 729
f 610 751 729
f 591 609 730
f 733 732 752
f 735 733 752
f 753 735 752
f 736 737 612
f 736 612 753
f 593 735 612
f 735 753 612
f 613 612 737
f 738 613 737
f 614 613 738
f 739 614 738
f 615 614 739
f 740 615 739
f 616 615 740
f 741 616 740
f 617 616 741
f 742 617 741
f 618 617 742
f 743 618 742
f 619 618 743
f 744 619 743
f 620 619 744
f 745 620 744
f 621 620 745
f 746 621 745
f 622 621 746
f 747 622 746
f 623 622 747
f 748 623 747
f 748 749 754
f 748 754 623
f 750 607 754
f 607 623 754
f 754 608 750
f 754 755 608
f 755 624 608
f 610 756 751
f 625 756 610
f 756 625 626
f 757 756 626
f 624 755 627
f 755 758 627
f 626 628 757
f 757 628 759
f 762 760 761
f 762 758 760
f 762 629 758
f 629 627 758
f 628 630 759
f 759 630 763
f 765 762 761
f 764 765 761
f 629 765 631
f 762 765 629
f 630 632 763
f 763 632 766
f 768 765 764
f 767 768 764
f 631 768 633
f 765 768 631
f 632 769 766
f 634 769 632
f 769 634 636
f 770 769 636
f 772 768 767
f 771 772 767
f 633 772 637
f 768 772 633
f 636 773 770
f 638 773 636
f 773 638 639
f 774 773 639
f 776 772 771
f 775 776 771
f 637 776 640
f 772 776 637
f 639 777 774
f 641 777 639
f 642 778 641
f 641 778 777
f 643 779 642
f 642 779 778
f 644 781 780
f 644 780 643
f 643 780 779
f 780 781 782
f 645 776 775
f 645 775 646
f 646 775 783
f 640 776 645
f 644 648 781
f 781 784 782
f 781 648 784
f 648 649 784
f 650 785 649
f 649 785 784
f 651 786 650
f 650 786 785
f 786 651 652
f 787 786 652
f 646 783 653
f 783 788 653
f 652 789 787
f 654 789 652
f 655 790 654
f 654 790 789
f 656 791 655
f 655 791 790
f 657 792 656
f 656 792 791
f 658 793 657
f 657 793 792
f 659 794 658
f 658 794 793
f 660 796 795
f 660 795 659
f 659 795 794
f 796 798 797
f 795 796 797
f 798 800 799
f 797 798 799
f 800 788 799
f 800 661 788
f 661 653 788
f 660 662 796
f 663 796 662
f 798 796 663
f 664 798 663
f 800 798 664
f 661 800 664
f 668 669 801
f 668 802 671
f 801 802 668
f 671 803 672
f 802 803 671
f 672 804 673
f 803 804 672
f 673 805 674
f 804 805 673
f 674 806 675
f 805 806 674
f 675 807 676
f 806 807 675
f 676 808 677
f 807 808 676
f 677 809 678
f 808 809 677
f 678 809 679
f 680 681 810
f 680 811 682
f 810 811 680
f 682 812 683
f 811 812 682
f 683 801 669
f 683 812 801
f 812 813 801
f 802 801 814
f 814 801 813
f 803 802 815
f 815 802 814
f 804 803 816
f 816 803 815
f 805 804 817
f 817 804 816
f 806 805 818
f 818 805 817
f 807 806 819
f 819 806 818
f 808 807 820
f 820 807 819
f 809 808 821
f 821 808 820
f 679 821 684
f 809 821 679
f 824 823 822
f 824 687 688
f 824 822 687
f 822 825 687
f 689 687 826
f 687 825 826
f 810 681 689
f 810 689 827
f 827 689 826
f 811 810 827
f 828 811 827
f 812 811 828
f 829 812 828
f 813 812 829
f 830 813 829
f 814 813 830
f 831 814 830
f 815 814 831
f 832 815 831
f 816 815 832
f 833 816 832
f 833 834 835
f 833 835 816
f 816 835 817
f 818 817 836
f 836 817 835
f 819 818 837
f 837 818 836
f 820 819 838
f 838 819 837
f 821 820 839
f 839 820 838
f 684 839 690
f 821 839 684
f 693 841 840
f 694 841 693
f 695 693 842
f 693 840 842
f 823 824 696
f 823 696 842
f 842 696 695
f 688 696 824
f 835 834 843
f 843 844 845
f 843 845 835
f 835 845 836
f 837 836 846
f 846 836 845
f 838 837 847
f 847 837 846
f 839 838 848
f 848 838 847
f 690 848 697
f 839 848 690
f 699 700 849
f 699 849 850
f 699 850 694
f 694 850 841
f 852 845 844
f 851 852 844
f 846 845 853
f 853 845 852
f 847 846 854
f 854 846 853
f 848 847 855
f 855 847 854
f 697 855 701
f 848 855 697
f 849 857 856
f 849 700 857
f 700 703 857
f 850 849 856
f 852 851 858
f 858 859 860
f 858 860 852
f 852 860 853
f 854 853 861
f 861 853 860
f 855 854 862
f 862 854 861
f 701 862 704
f 855 862 701
f 703 706 857
f 857 706 863
f 860 859 864
f 864 865 866
f 864 866 860
f 860 866 861
f 862 861 867
f 867 861 866
f 704 867 713
f 862 867 704
f 706 715 863
f 863 715 868
f 866 865 869
f 869 870 871
f 869 871 866
f 866 871 867
f 713 871 726
f 867 871 713
f 728 873 872
f 729 873 728
f 868 715 728
f 872 868 728
f 876 874 875
f 876 732 731
f 876 731 874
f 878 877 731
f 877 874 731
f 731 734 879
f 878 731 879
f 734 736 879
f 871 870 880
f 880 726 871
f 880 881 726
f 881 749 726
f 729 751 873
f 873 751 882
f 876 875 883
f 877 878 752
f 877 752 883
f 732 876 752
f 876 883 752
f 753 752 878
f 879 753 878
f 736 753 879
f 885 754 749
f 885 749 884
f 884 749 881
f 754 885 755
f 751 886 882
f 756 886 751
f 886 756 757
f 887 886 757
f 889 885 884
f 888 889 884
f 755 889 758
f 885 889 755
f 757 759 887
f 887 759 890
f 760 889 888
f 760 888 761
f 761 888 891
f 758 889 760
f 759 763 890
f 890 763 892
f 761 891 764
f 891 893 764
f 763 766 892
f 892 766 894
f 764 893 767
f 893 895 767
f 766 896 894
f 769 896 766
f 896 769 770
f 897 896 770
f 900 898 899
f 900 895 898
f 900 771 895
f 771 767 895
f 770 901 897
f 773 901 770
f 774 903 902
f 774 902 773
f 773 902 901
f 902 903 904
f 906 900 899
f 905 906 899
f 771 906 775
f 900 906 771
f 774 777 903
f 903 907 904
f 903 777 907
f 777 778 907
f 779 908 778
f 778 908 907
f 780 909 779
f 779 909 908
f 909 780 782
f 910 909 782
f 912 906 905
f 911 912 905
f 775 912 783
f 906 912 775
f 782 913 910
f 784 913 782
f 785 914 784
f 784 914 913
f 786 915 785
f 785 915 914
f 787 917 916
f 787 916 786
f 786 916 915
f 917 919 918
f 916 917 918
f 919 921 920
f 918 919 920
f 921 923 922
f 920 921 922
f 923 925 924
f 922 923 924
f 925 927 926
f 924 925 926
f 927 929 928
f 926 927 928
f 929 931 930
f 928 929 930
f 911 930 931
f 911 931 912
f 912 931 932
f 783 932 788
f 912 932 783
f 787 789 917
f 790 917 789
f 919 917 790
f 791 919 790
f 921 919 791
f 792 921 791
f 923 921 792
f 793 923 792
f 925 923 793
f 794 925 793
f 927 925 794
f 795 927 794
f 929 927 795
f 797 929 795
f 931 929 797
f 799 931 797
f 932 931 799
f 788 932 799
f 822 934 933
f 823 934 822
f 825 822 935
f 822 933 935
f 937 935 936
f 937 826 935
f 826 825 935
f 826 938 827
f 937 938 826
f 827 939 828
f 938 939 827
f 828 940 829
f 939 940 828
f 829 941 830
f 940 941 829
f 830 942 831
f 941 942 830
f 831 943 832
f 942 943 831
f 832 944 833
f 943 944 832
f 833 944 834
f 840 946 945
f 841 946 840
f 842 840 947
f 840 945 947
f 934 823 842
f 947 934 842
f 937 936 948
f 938 937 948
f 949 938 948
f 939 938 949
f 950 939 949
f 940 939 950
f 951 940 950
f 941 940 951
f 952 941 951
f 952 953 954
f 952 954 941
f 941 954 942
f 943 942 955
f 955 942 954
f 944 943 956
f 956 943 955
f 834 957 843
f 834 944 957
f 944 956 957
f 843 957 844
f 841 850 946
f 946 850 958
f 954 953 959
f 955 954 959
f 960 955 959
f 960 961 962
f 960 962 955
f 955 962 956
f 957 956 963
f 963 956 962
f 844 963 851
f 957 963 844
f 856 965 964
f 857 965 856
f 958 850 856
f 964 958 856
f 962 961 966
f 966 967 968
f 966 968 962
f 962 968 963
f 851 969 858
f 851 963 969
f 963 968 969
f 858 969 859
f 857 863 965
f 965 863 970
f 968 967 971
f 971 972 973
f 971 973 968
f 968 973 969
f 859 974 864
f 859 969 974
f 969 973 974
f 864 974 865
f 863 868 970
f 970 868 975
f 973 972 976
f 976 977 978
f 976 978 973
f 973 978 974
f 865 979 869
f 865 974 979
f 974 978 979
f 869 979 870
f 872 981 980
f 873 981 872
f 975 868 872
f 980 975 872
f 874 982 875
f 874 877 982
f 984 978 977
f 983 984 977
f 979 978 985
f 985 978 984
f 870 986 880
f 870 979 986
f 979 985 986
f 880 986 881
f 987 882 988
f 987 981 882
f 981 873 882
f 987 988 989
f 875 982 883
f 877 883 982
f 984 983 990
f 990 991 992
f 990 992 984
f 984 992 985
f 986 985 993
f 993 985 992
f 881 993 884
f 986 993 881
f 882 886 988
f 988 886 887
f 988 887 989
f 989 887 994
f 996 992 991
f 995 996 991
f 993 992 997
f 997 992 996
f 884 997 888
f 993 997 884
f 887 890 994
f 994 890 998
f 1000 996 995
f 999 1000 995
f 997 996 1001
f 1001 996 1000
f 888 1001 891
f 997 1001 888
f 890 892 998
f 998 892 1002
f 1004 1000 999
f 1003 1004 999
f 1001 1000 1005
f 1005 1000 1004
f 891 1005 893
f 1001 1005 891
f 892 894 1002
f 1002 894 1006
f 1009 1007 1008
f 1003 1007 1009
f 1003 1009 1004
f 1004 1009 1010
f 1005 1004 1011
f 1011 1004 1010
f 893 1011 895
f 1005 1011 893
f 894 1012 1006
f 896 1012 894
f 1012 896 897
f 1013 1012 897
f 1015 1009 1008
f 1014 1015 1008
f 1010 1009 1016
f 1016 1009 1015
f 898 1016 899
f 898 1011 1016
f 1011 1010 1016
f 895 1011 898
f 897 1017 1013
f 901 1017 897
f 902 1018 901
f 901 1018 1017
f 1018 902 904
f 1019 1018 904
f 1022 1020 1021
f 1014 1020 1022
f 1014 1022 1015
f 1015 1022 1023
f 1016 1015 1024
f 1024 1015 1023
f 899 1024 905
f 1016 1024 899
f 904 1025 1019
f 907 1025 904
f 908 1026 907
f 907 1026 1025
f 909 1027 908
f 908 1027 1026
f 910 1029 1028
f 910 1028 909
f 909 1028 1027
f 1029 1031 1030
f 1028 1029 1030
f 1031 1033 1032
f 1030 1031 1032
f 1032 1033 1034
f 1037 1035 1036
f 1037 1039 1038
f 1035 1037 1038
f 1039 1041 1040
f 1038 1039 1040
f 1041 1043 1042
f 1040 1041 1042
f 1021 1042 1043
f 1021 1043 1022
f 1022 1043 1044
f 1023 1022 1045
f 1045 1022 1044
f 1024 1023 1046
f 1046 1023 1045
f 905 1046 911
f 1024 1046 905
f 910 913 1029
f 914 1029 913
f 1031 1029 914
f 915 1031 914
f 1033 1031 915
f 1033 1047 1034
f 1033 915 1047
f 915 916 1047
f 1036 918 1037
f 1036 1047 918
f 1047 916 918
f 920 1037 918
f 1039 1037 920
f 922 1039 920
f 1041 1039 922
f 924 1041 922
f 1043 1041 924
f 926 1043 924
f 1044 1043 926
f 928 1044 926
f 1045 1044 928
f 930 1045 928
f 1046 1045 930
f 911 1046 930
f 933 1049 1048
f 934 1049 933
f 935 933 1050
f 933 1048 1050
f 1050 936 935
f 1051 936 1050
f 1054 1053 1052
f 1054 945 946
f 1054 1052 945
f 1052 1055 945
f 947 945 1056
f 945 1055 1056
f 1049 934 947
f 1056 1049 947
f 936 1051 1057
f 948 936 1057
f 949 948 1058
f 948 1057 1058
f 950 949 1059
f 949 1058 1059
f 1061 1059 1060
f 1061 951 1059
f 951 950 1059
f 951 1062 952
f 1061 1062 951
f 952 1062 953
f 1064 1053 1054
f 1063 1053 1064
f 946 958 1064
f 1054 946 1064
f 1067 1065 1066
f 1065 1067 1068
f 1061 1060 1069
f 1062 1061 1069
f 1070 1062 1069
f 953 1062 1070
f 953 1070 959
f 959 1070 1071
f 1073 1071 1072
f 1073 960 1071
f 960 959 1071
f 960 1073 961
f 964 1063 1064
f 964 965 1063
f 965 1074 1063
f 958 964 1064
f 1076 1067 1066
f 1075 1076 1066
f 1077 1068 1067
f 1076 1077 1067
f 1073 1072 1078
f 961 1073 1078
f 961 1078 966
f 966 1078 1079
f 1079 967 966
f 1080 967 1079
f 965 970 1074
f 1074 970 1081
f 1083 1076 1075
f 1082 1083 1075
f 1084 1077 1076
f 1083 1084 1076
f 1086 971 967
f 1086 967 1085
f 1085 967 1080
f 971 1086 972
f 970 975 1081
f 1081 975 1087
f 1089 1083 1082
f 1088 1089 1082
f 1090 1084 1083
f 1089 1090 1083
f 1086 1085 1091
f 1093 1091 1092
f 976 1091 1093
f 976 1086 1091
f 976 972 1086
f 976 1093 977
f 980 1095 1094
f 981 1095 980
f 1087 975 980
f 1094 1087 980
f 1097 1089 1088
f 1096 1097 1088
f 1098 1090 1089
f 1097 1098 1089
f 1100 1093 1092
f 1099 1100 1092
f 977 1100 983
f 1093 1100 977
f 1102 981 987
f 1102 1101 981
f 1101 1095 981
f 987 989 1102
f 1104 1097 1096
f 1103 1104 1096
f 1105 1098 1097
f 1104 1105 1097
f 1107 1100 1099
f 1106 1107 1099
f 983 1108 990
f 983 1100 1108
f 1100 1107 1108
f 990 1108 991
f 1102 1109 1101
f 1109 1102 989
f 1109 989 1110
f 1110 989 994
f 1112 1104 1103
f 1111 1112 1103
f 1113 1105 1104
f 1112 1113 1104
f 1115 1107 1106
f 1114 1115 1106
f 1108 1107 1116
f 1116 1107 1115
f 991 1116 995
f 1108 1116 991
f 994 998 1110
f 1110 998 1117
f 1119 1112 1111
f 1118 1119 1111
f 1120 1113 1112
f 1119 1120 1112
f 1122 1115 1114
f 1121 1122 1114
f 1116 1115 1123
f 1123 1115 1122
f 995 1123 999
f 1116 1123 995
f 998 1002 1117
f 1117 1002 1124
f 1126 1119 1118
f 1125 1126 1118
f 1127 1120 1119
f 1126 1127 1119
f 1129 1122 1121
f 1128 1129 1121
f 1123 1122 1130
f 1130 1122 1129
f 999 1130 1003
f 1123 1130 999
f 1002 1006 1124
f 1124 1006 1131
f 1126 1125 1132
f 1127 1126 1132
f 1135 1133 1134
f 1128 1133 1135
f 1128 1135 1129
f 1129 1135 1136
f 1007 1136 1008
f 1007 1130 1136
f 1130 1129 1136
f 1003 1130 1007
f 1138 1006 1012
f 1138 1137 1006
f 1137 1131 1006
f 1012 1013 1138
f 1140 1135 1134
f 1139 1140 1134
f 1136 1135 1141
f 1141 1135 1140
f 1008 1141 1014
f 1136 1141 1008
f 1138 1142 1137
f 1013 1142 1138
f 1013 1017 1142
f 1017 1143 1142
f 1018 1144 1017
f 1017 1144 1143
f 1144 1018 1019
f 1145 1144 1019
f 1148 1146 1147
f 1148 1150 1149
f 1146 1148 1149
f 1139 1149 1150
f 1139 1150 1140
f 1140 1150 1151
f 1020 1151 1021
f 1020 1141 1151
f 1141 1140 1151
f 1014 1141 1020
f 1019 1152 1145
f 1025 1152 1019
f 1026 1153 1025
f 1025 1153 1152
f 1027 1154 1026
f 1026 1154 1153
f 1028 1155 1027
f 1027 1155 1154
f 1030 1156 1028
f 1028 1156 1155
f 1032 1157 1030
f 1030 1157 1156
f 1034 1159 1158
f 1034 1158 1032
f 1032 1158 1157
f 1159 1036 1035
f 1159 1035 1158
f 1158 1035 1160
f 1147 1038 1148
f 1147 1160 1038
f 1160 1035 1038
f 1040 1148 1038
f 1150 1148 1040
f 1042 1150 1040
f 1151 1150 1042
f 1021 1151 1042
f 1034 1047 1159
f 1036 1159 1047
f 1048 1162 1161
f 1049 1162 1048
f 1050 1048 1163
f 1048 1161 1163
f 1163 1051 1050
f 1164 1051 1163
f 1052 1053 1165
f 1167 1052 1165
f 1167 1166 1052
f 1166 1055 1052
f 1056 1055 1168
f 1055 1166 1168
f 1162 1049 1056
f 1168 1162 1056
f 1051 1164 1169
f 1057 1051 1169
f 1058 1057 1170
f 1057 1169 1170
f 1172 1170 1171
f 1172 1059 1170
f 1059 1058 1170
f 1059 1172 1060
f 1165 1174 1173
f 1165 1053 1174
f 1053 1063 1174
f 1167 1165 1173
f 1065 1175 1066
f 1065 1068 1175
f 1172 1171 1176
f 1060 1172 1176
f 1060 1176 1069
f 1069 1176 1177
f 1070 1069 1178
f 1069 1177 1178
f 1071 1070 1179
f 1070 1178 1179
f 1179 1072 1071
f 1180 1072 1179
f 1063 1074 1174
f 1174 1074 1181
f 1175 1182 1075
f 1066 1175 1075
f 1068 1077 1182
f 1175 1068 1182
f 1072 1180 1183
f 1078 1072 1183
f 1079 1078 1184
f 1078 1183 1184
f 1184 1080 1079
f 1185 1080 1184
f 1074 1081 1181
f 1181 1081 1186
f 1182 1187 1082
f 1075 1182 1082
f 1077 1084 1187
f 1182 1077 1187
f 1080 1185 1085
f 1185 1188 1085
f 1081 1087 1186
f 1186 1087 1189
f 1187 1190 1191
f 1187 1191 1082
f 1082 1191 1088
f 1190 1187 1084
f 1190 1084 1192
f 1192 1084 1090
f 1194 1091 1085
f 1194 1085 1193
f 1193 1085 1188
f 1091 1194 1092
f 1094 1196 1195
f 1095 1196 1094
f 1189 1087 1094
f 1195 1189 1094
f 1088 1191 1096
f 1191 1197 1096
f 1090 1098 1192
f 1192 1098 1198
f 1194 1193 1199
f 1199 1092 1194
f 1199 1200 1092
f 1200 1099 1092
f 1201 1101 1202
f 1201 1196 1101
f 1196 1095 1101
f 1201 1202 1203
f 1204 1205 1103
f 1204 1103 1197
f 1197 1103 1096
f 1205 1204 1198
f 1205 1198 1105
f 1105 1198 1098
f 1099 1200 1106
f 1200 1206 1106
f 1101 1109 1202
f 1202 1109 1110
f 1202 1110 1203
f 1203 1110 1207
f 1205 1208 1111
f 1103 1205 1111
f 1105 1113 1208
f 1205 1105 1208
f 1106 1206 1114
f 1206 1209 1114
f 1110 1117 1207
f 1207 1117 1210
f 1208 1211 1118
f 1111 1208 1118
f 1113 1120 1211
f 1208 1113 1211
f 1114 1209 1121
f 1209 1212 1121
f 1117 1124 1210
f 1210 1124 1213
f 1211 1214 1125
f 1118 1211 1125
f 1120 1127 1214
f 1211 1120 1214
f 1217 1215 1216
f 1217 1212 1215
f 1217 1128 1212
f 1128 1121 1212
f 1124 1131 1213
f 1213 1131 1218
f 1125 1214 1132
f 1127 1132 1214
f 1133 1217 1216
f 1133 1216 1134
f 1134 1216 1219
f 1128 1217 1133
f 1220 1137 1221
f 1220 1218 1137
f 1218 1131 1137
f 1220 1221 1222
f 1225 1223 1224
f 1225 1219 1223
f 1225 1139 1219
f 1139 1134 1219
f 1137 1142 1221
f 1221 1226 1222
f 1221 1142 1226
f 1142 1143 1226
f 1144 1227 1143
f 1143 1227 1226
f 1227 1144 1145
f 1228 1227 1145
f 1231 1229 1230
f 1231 1147 1146
f 1231 1146 1229
f 1229 1146 1232
f 1224 1149 1225
f 1224 1232 1149
f 1232 1146 1149
f 1139 1225 1149
f 1145 1233 1228
f 1152 1233 1145
f 1153 1234 1152
f 1152 1234 1233
f 1154 1235 1153
f 1153 1235 1234
f 1155 1236 1154
f 1154 1236 1235
f 1156 1237 1155
f 1155 1237 1236
f 1157 1238 1156
f 1156 1238 1237
f 1158 1239 1157
f 1157 1239 1238
f 1230 1160 1231
f 1230 1239 1160
f 1239 1158 1160
f 1147 1231 1160
f 1161 1162 1240
f 1161 1241 1163
f 1240 1241 1161
f 1163 1241 1164
f 1166 1243 1242
f 1167 1243 1166
f 1168 1166 1244
f 1166 1242 1244
f 1240 1162 1168
f 1240 1168 1245
f 1245 1168 1244
f 1241 1240 1245
f 1246 1241 1245
f 1164 1241 1246
f 1164 1246 1169
f 1169 1246 1247
f 1249 1247 1248
f 1249 1170 1247
f 1170 1169 1247
f 1170 1249 1171
f 1173 1174 1250
f 1173 1250 1251
f 1173 1251 1167
f 1167 1251 1243
f 1249 1248 1252
f 1171 1249 1252
f 1171 1252 1176
f 1176 1252 1253
f 1177 1176 1254
f 1176 1253 1254
f 1178 1177 1255
f 1177 1254 1255
f 1257 1255 1256
f 1257 1179 1255
f 1179 1178 1255
f 1179 1257 1180
f 1250 1181 1258
f 1174 1181 1250
f 1259 1251 1250
f 1258 1259 1250
f 1257 1256 1260
f 1180 1257 1260
f 1180 1260 1183
f 1183 1260 1261
f 1184 1183 1262
f 1183 1261 1262
f 1262 1185 1184
f 1263 1185 1262
f 1258 1265 1264
f 1258 1181 1265
f 1181 1186 1265
f 1259 1258 1264
f 1266 1267 1188
f 1266 1188 1263
f 1263 1188 1185
f 1266 1268 1267
f 1186 1189 1265
f 1265 1189 1269
f 1190 1270 1191
f 1190 1192 1270
f 1267 1271 1272
f 1267 1272 1188
f 1188 1272 1193
f 1268 1271 1267
f 1195 1274 1273
f 1196 1274 1195
f 1269 1189 1195
f 1273 1269 1195
f 1270 1275 1197
f 1191 1270 1197
f 1275 1270 1276
f 1275 1276 1277
f 1270 1192 1276
f 1278 1276 1198
f 1192 1198 1276
f 1276 1278 1279
f 1281 1199 1193
f 1281 1193 1280
f 1280 1193 1272
f 1199 1281 1200
f 1196 1282 1274
f 1201 1282 1196
f 1282 1201 1203
f 1283 1282 1203
f 1197 1275 1204
f 1275 1277 1284
f 1275 1284 1204
f 1278 1198 1284
f 1198 1204 1284
f 1279 1278 1284
f 1286 1281 1280
f 1285 1286 1280
f 1200 1286 1206
f 1281 1286 1200
f 1203 1207 1283
f 1283 1207 1287
f 1286 1285 1288
f 1288 1206 1286
f 1288 1289 1206
f 1289 1209 1206
f 1207 1210 1287
f 1287 1210 1290
f 1209 1289 1212
f 1289 1291 1212
f 1210 1213 1290
f 1290 1213 1292
f 1215 1293 1294
f 1216 1215 1294
f 1291 1215 1212
f 1293 1215 1291
f 1295 1218 1296
f 1295 1292 1218
f 1292 1213 1218
f 1295 1296 1297
f 1216 1294 1219
f 1294 1298 1219
f 1218 1220 1296
f 1296 1220 1222
f 1296 1222 1297
f 1297 1222 1299
f 1223 1300 1301
f 1224 1223 1301
f 1298 1223 1219
f 1300 1223 1298
f 1222 1302 1299
f 1226 1302 1222
f 1227 1303 1226
f 1226 1303 1302
f 1228 1305 1304
f 1228 1304 1227
f 1227 1304 1303
f 1304 1305 1306
f 1309 1307 1308
f 1309 1311 1310
f 1307 1309 1310
f 1311 1230 1229
f 1311 1229 1310
f 1310 1229 1312
f 1232 1313 1229
f 1229 1313 1312
f 1301 1232 1224
f 1313 1232 1301
f 1228 1233 1305
f 1305 1314 1306
f 1305 1233 1314
f 1233 1234 1314
f 1235 1315 1234
f 1234 1315 1314
f 1236 1316 1235
f 1235 1316 1315
f 1237 1317 1236
f 1236 1317 1316
f 1308 1238 1309
f 1308 1317 1238
f 1317 1237 1238
f 1239 1309 1238
f 1311 1309 1239
f 1230 1311 1239
f 1242 1319 1318
f 1243 1319 1242
f 1244 1242 1320
f 1242 1318 1320
f 1245 1244 1321
f 1244 1320 1321
f 1246 1245 1322
f 1245 1321 1322
f 1247 1246 1323
f 1246 1322 1323
f 1323 1248 1247
f 1324 1248 1323
f 1243 1251 1319
f 1319 1251 1325
f 1248 1324 1326
f 1252 1248 1326
f 1253 1252 1327
f 1252 1326 1327
f 1254 1253 1328
f 1253 1327 1328
f 1330 1328 1329
f 1330 1255 1328
f 1255 1254 1328
f 1255 1330 1256
f 1251 1259 1325
f 1325 1259 1331
f 1330 1329 1332
f 1256 1330 1332
f 1256 1332 1260
f 1260 1332 1333
f 1261 1260 1334
f 1260 1333 1334
f 1262 1261 1335
f 1261 1334 1335
f 1335 1263 1262
f 1336 1263 1335
f 1264 1338 1337
f 1265 1338 1264
f 1331 1259 1264
f 1337 1331 1264
f 1340 1266 1263
f 1340 1263 1339
f 1339 1263 1336
f 1268 1266 1340
f 1343 1342 1341
f 1343 1344 1345
f 1341 1344 1343
f 1345 1346 1347
f 1344 1346 1345
f 1346 1348 1347
f 1265 1269 1338
f 1338 1269 1349
f 1271 1340 1339
f 1271 1339 1272
f 1272 1339 1350
f 1342 1352 1351
f 1342 1343 1352
f 1268 1340 1271
f 1345 1353 1343
f 1353 1352 1343
f 1347 1354 1345
f 1354 1353 1345
f 1355 1347 1348
f 1354 1347 1355
f 1273 1357 1356
f 1274 1357 1273
f 1349 1269 1273
f 1356 1349 1273
f 1276 1358 1359
f 1277 1276 1359
f 1358 1276 1279
f 1360 1358 1279
f 1272 1350 1280
f 1350 1361 1280
f 1363 1351 1352
f 1362 1351 1363
f 1353 1364 1352
f 1364 1363 1352
f 1354 1365 1353
f 1365 1364 1353
f 1366 1354 1355
f 1365 1354 1366
f 1274 1367 1357
f 1282 1367 1274
f 1367 1282 1283
f 1368 1367 1283
f 1277 1359 1369
f 1284 1277 1369
f 1360 1279 1284
f 1369 1360 1284
f 1370 1371 1285
f 1370 1285 1361
f 1361 1285 1280
f 1362 1371 1370
f 1362 1363 1371
f 1363 1372 1371
f 1364 1373 1363
f 1373 1372 1363
f 1365 1374 1364
f 1374 1373 1364
f 1375 1365 1366
f 1374 1365 1375
f 1283 1287 1368
f 1368 1287 1376
f 1379 1288 1285
f 1379 1285 1378
f 1371 1377 1285
f 1377 1378 1285
f 1289 1288 1379
f 1381 1380 1371
f 1381 1371 1372
f 1371 1380 1377
f 1373 1382 1372
f 1382 1381 1372
f 1374 1383 1373
f 1383 1382 1373
f 1384 1374 1375
f 1383 1374 1384
f 1287 1290 1376
f 1376 1290 1385
f 1379 1378 1386
f 1381 1387 1386
f 1381 1386 1380
f 1387 1291 1386
f 1379 1386 1289
f 1291 1289 1386
f 1382 1388 1381
f 1388 1387 1381
f 1383 1389 1382
f 1389 1388 1382
f 1390 1383 1384
f 1389 1383 1390
f 1290 1292 1385
f 1385 1292 1391
f 1293 1392 1393
f 1294 1293 1393
f 1387 1293 1291
f 1387 1394 1293
f 1394 1392 1293
f 1388 1394 1387
f 1395 1394 1388
f 1389 1395 1388
f 1396 1395 1389
f 1390 1396 1389
f 1292 1397 1391
f 1295 1397 1292
f 1397 1295 1297
f 1398 1397 1297
f 1401 1399 1400
f 1401 1393 1399
f 1401 1298 1393
f 1298 1294 1393
f 1297 1299 1398
f 1398 1299 1402
f 1405 1403 1404
f 1400 1403 1405
f 1401 1400 1405
f 1401 1405 1301
f 1401 1301 1300
f 1298 1401 1300
f 1299 1406 1402
f 1302 1406 1299
f 1303 1407 1302
f 1302 1407 1406
f 1304 1408 1303
f 1303 1408 1407
f 1408 1304 1306
f 1409 1408 1306
f 1412 1410 1411
f 1412 1308 1307
f 1412 1307 1410
f 1410 1307 1413
f 1310 1414 1307
f 1307 1414 1413
f 1312 1415 1310
f 1310 1415 1414
f 1404 1313 1405
f 1404 1415 1313
f 1415 1312 1313
f 1301 1405 1313
f 1306 1416 1409
f 1314 1416 1306
f 1315 1417 1314
f 1314 1417 1416
f 1316 1418 1315
f 1315 1418 1417
f 1411 1317 1412
f 1411 1418 1317
f 1418 1316 1317
f 1308 1412 1317
f 1318 1420 1419
f 1319 1420 1318
f 1320 1318 1421
f 1318 1419 1421
f 1321 1320 1422
f 1320 1421 1422
f 1322 1321 1423
f 1321 1422 1423
f 1323 1322 1424
f 1322 1423 1424
f 1324 1425 1426
f 1324 1323 1425
f 1323 1424 1425
f 1425 1427 1426
f 1319 1325 1420
f 1420 1325 1428
f 1324 1426 1326
f 1426 1427 1429
f 1426 1429 1326
f 1326 1429 1327
f 1328 1327 1430
f 1327 1429 1430
f 1430 1329 1328
f 1431 1329 1430
f 1325 1331 1428
f 1428 1331 1432
f 1329 1431 1433
f 1332 1329 1433
f 1333 1332 1434
f 1332 1433 1434
f 1334 1333 1435
f 1333 1434 1435
f 1335 1334 1436
f 1334 1435 1436
f 1436 1336 1335
f 1437 1336 1436
f 1337 1439 1438
f 1338 1439 1337
f 1432 1331 1337
f 1438 1432 1337
f 1336 1437 1339
f 1437 1440 1339
f 1341 1442 1441
f 1342 1442 1341
f 1344 1341 1443
f 1341 1441 1443
f 1346 1344 1444
f 1344 1443 1444
f 1444 1348 1346
f 1445 1348 1444
f 1338 1349 1439
f 1439 1349 1446
f 1449 1447 1448
f 1447 1449 1450
f 1451 1452 1350
f 1451 1350 1440
f 1440 1350 1339
f 1452 1451 1442
f 1452 1442 1351
f 1351 1442 1342
f 1348 1445 1355
f 1445 1453 1355
f 1356 1455 1454
f 1357 1455 1356
f 1446 1349 1356
f 1454 1446 1356
f 1358 1456 1359
f 1458 1449 1358
f 1458 1358 1360
f 1449 1448 1358
f 1456 1358 1457
f 1448 1457 1358
f 1459 1450 1449
f 1458 1459 1449
f 1452 1460 1361
f 1350 1452 1361
f 1351 1362 1460
f 1452 1351 1460
f 1355 1453 1366
f 1453 1461 1366
f 1357 1462 1455
f 1367 1462 1357
f 1462 1367 1368
f 1463 1462 1368
f 1359 1456 1369
f 1456 1457 1464
f 1456 1464 1369
f 1458 1360 1464
f 1360 1369 1464
f 1459 1458 1464
f 1361 1460 1370
f 1362 1370 1460
f 1366 1461 1375
f 1461 1465 1375
f 1368 1376 1463
f 1463 1376 1466
f 1377 1467 1378
f 1377 1380 1467
f 1375 1465 1384
f 1465 1468 1384
f 1376 1385 1466
f 1466 1385 1469
f 1378 1467 1386
f 1380 1386 1467
f 1384 1468 1390
f 1468 1470 1390
f 1471 1391 1472
f 1471 1469 1391
f 1469 1385 1391
f 1471 1472 1473
f 1392 1474 1475
f 1393 1392 1475
f 1394 1476 1392
f 1392 1476 1474
f 1395 1477 1394
f 1394 1477 1476
f 1396 1478 1395
f 1395 1478 1477
f 1470 1396 1390
f 1478 1396 1470
f 1391 1397 1472
f 1472 1397 1398
f 1472 1398 1473
f 1473 1398 1479
f 1399 1480 1481
f 1400 1399 1481
f 1475 1399 1393
f 1480 1399 1475
f 1398 1402 1479
f 1479 1402 1482
f 1403 1483 1484
f 1404 1403 1484
f 1481 1403 1400
f 1483 1403 1481
f 1402 1485 1482
f 1406 1485 1402
f 1407 1486 1406
f 1406 1486 1485
f 1408 1487 1407
f 1407 1487 1486
f 1409 1489 1488
f 1409 1488 1408
f 1408 1488 1487
f 1489 1491 1490
f 1488 1489 1490
f 1491 1493 1492
f 1490 1491 1492
f 1493 1411 1410
f 1493 1410 1492
f 1492 1410 1494
f 1413 1495 1410
f 1410 1495 1494
f 1414 1496 1413
f 1413 1496 1495
f 1415 1497 1414
f 1414 1497 1496
f 1484 1415 1404
f 1497 1415 1484
f 1409 1416 1489
f 1417 1489 1416
f 1491 1489 1417
f 1418 1491 1417
f 1493 1491 1418
f 1411 1493 1418
f 1419 1499 1498
f 1420 1499 1419
f 1421 1419 1500
f 1419 1498 1500
f 1502 1500 1501
f 1502 1422 1500
f 1422 1421 1500
f 1422 1503 1423
f 1502 1503 1422
f 1505 1423 1503
f 1505 1504 1423
f 1504 1424 1423
f 1425 1424 1506
f 1424 1504 1506
f 1427 1507 1508
f 1427 1425 1507
f 1425 1506 1507
f 1507 1509 1508
f 1420 1428 1499
f 1499 1428 1510
f 1502 1501 1511
f 1503 1502 1511
f 1512 1503 1511
f 1505 1503 1512
f 1427 1508 1429
f 1508 1509 1513
f 1508 1513 1429
f 1429 1513 1430
f 1431 1514 1515
f 1431 1430 1514
f 1430 1513 1514
f 1515 1516 1517
f 1514 1516 1515
f 1517 1518 1519
f 1516 1518 1517
f 1518 1520 1519
f 1428 1432 1510
f 1510 1432 1521
f 1431 1515 1433
f 1434 1433 1515
f 1517 1434 1515
f 1435 1434 1517
f 1519 1435 1517
f 1519 1520 1522
f 1519 1522 1435
f 1435 1522 1436
f 1522 1437 1436
f 1523 1437 1522
f 1526 1525 1524
f 1524 1527 1526
f 1438 1529 1528
f 1439 1529 1438
f 1521 1432 1438
f 1528 1521 1438
f 1437 1523 1440
f 1523 1530 1440
f 1441 1532 1531
f 1442 1532 1441
f 1443 1441 1533
f 1441 1531 1533
f 1525 1526 1444
f 1525 1444 1533
f 1533 1444 1443
f 1526 1445 1444
f 1526 1527 1445
f 1527 1534 1445
f 1439 1446 1529
f 1529 1446 1535
f 1447 1536 1537
f 1448 1447 1537
f 1450 1539 1538
f 1450 1538 1447
f 1447 1538 1536
f 1538 1539 1540
f 1543 1541 1542
f 1544 1451 1543
f 1544 1543 1545
f 1451 1440 1543
f 1541 1543 1530
f 1440 1530 1543
f 1532 1442 1451
f 1544 1532 1451
f 1445 1534 1453
f 1534 1546 1453
f 1454 1548 1547
f 1455 1548 1454
f 1535 1446 1454
f 1547 1535 1454
f 1448 1537 1457
f 1537 1549 1457
f 1539 1459 1550
f 1450 1459 1539
f 1551 1540 1539
f 1550 1551 1539
f 1553 1543 1542
f 1552 1553 1542
f 1554 1545 1543
f 1553 1554 1543
f 1453 1546 1461
f 1546 1555 1461
f 1557 1455 1462
f 1557 1556 1455
f 1556 1548 1455
f 1462 1463 1557
f 1457 1549 1558
f 1464 1457 1558
f 1550 1459 1464
f 1550 1464 1559
f 1559 1464 1558
f 1551 1550 1559
f 1553 1552 1560
f 1554 1553 1560
f 1461 1555 1465
f 1555 1561 1465
f 1557 1562 1556
f 1562 1557 1463
f 1562 1463 1563
f 1563 1463 1466
f 1465 1561 1468
f 1561 1564 1468
f 1466 1469 1563
f 1563 1469 1565
f 1468 1564 1470
f 1564 1566 1470
f 1568 1469 1471
f 1568 1567 1469
f 1567 1565 1469
f 1471 1473 1568
f 1474 1569 1475
f 1474 1476 1570
f 1569 1474 1570
f 1476 1477 1571
f 1570 1476 1571
f 1477 1478 1572
f 1571 1477 1572
f 1478 1573 1572
f 1478 1470 1573
f 1470 1566 1573
f 1568 1574 1567
f 1574 1568 1473
f 1574 1473 1575
f 1575 1473 1479
f 1480 1576 1577
f 1481 1480 1577
f 1569 1480 1475
f 1569 1578 1480
f 1578 1576 1480
f 1570 1578 1569
f 1579 1578 1570
f 1571 1579 1570
f 1580 1579 1571
f 1572 1580 1571
f 1581 1580 1572
f 1573 1581 1572
f 1479 1482 1575
f 1575 1482 1582
f 1585 1583 1584
f 1585 1484 1483
f 1585 1483 1583
f 1583 1483 1586
f 1577 1483 1481
f 1586 1483 1577
f 1588 1482 1485
f 1588 1587 1482
f 1587 1582 1482
f 1590 1588 1485
f 1590 1485 1589
f 1589 1485 1486
f 1487 1591 1486
f 1486 1591 1589
f 1488 1592 1487
f 1487 1592 1591
f 1490 1593 1488
f 1488 1593 1592
f 1492 1594 1490
f 1490 1594 1593
f 1494 1595 1492
f 1492 1595 1594
f 1495 1596 1494
f 1494 1596 1595
f 1496 1597 1495
f 1495 1597 1596
f 1584 1497 1585
f 1584 1597 1497
f 1597 1496 1497
f 1484 1585 1497
f 1588 1598 1587
f 1590 1598 1588
f 1601 1600 1599
f 1599 1602 1601
f 1498 1600 1601
f 1498 1499 1600
f 1499 1603 1600
f 1601 1602 1604
f 1601 1604 1498
f 1498 1604 1500
f 1604 1501 1500
f 1605 1501 1604
f 1504 1505 1606
f 1608 1504 1606
f 1608 1607 1504
f 1607 1506 1504
f 1507 1506 1609
f 1506 1607 1609
f 1509 1610 1611
f 1509 1507 1610
f 1507 1609 1610
f 1610 1612 1611
f 1499 1510 1603
f 1603 1510 1613
f 1501 1605 1614
f 1511 1501 1614
f 1512 1511 1615
f 1511 1614 1615
f 1606 1505 1512
f 1606 1512 1616
f 1616 1512 1615
f 1608 1606 1616
f 1509 1611 1513
f 1611 1612 1617
f 1611 1617 1513
f 1513 1617 1514
f 1516 1514 1618
f 1514 1617 1618
f 1620 1618 1619
f 1620 1518 1618
f 1518 1516 1618
f 1518 1620 1520
f 1623 1622 1621
f 1623 1621 1613
f 1623 1613 1521
f 1521 1613 1510
f 1620 1619 1624
f 1626 1624 1625
f 1522 1624 1626
f 1522 1620 1624
f 1522 1520 1620
f 1522 1626 1523
f 1629 1628 1627
f 1629 1524 1525
f 1629 1627 1524
f 1627 1630 1524
f 1630 1527 1524
f 1631 1527 1630
f 1528 1622 1623
f 1528 1529 1622
f 1529 1632 1622
f 1521 1528 1623
f 1626 1625 1633
f 1626 1530 1523
f 1626 1634 1530
f 1626 1633 1634
f 1635 1530 1634
f 1635 1531 1532
f 1635 1634 1531
f 1634 1636 1531
f 1628 1629 1533
f 1628 1533 1636
f 1636 1533 1531
f 1525 1533 1629
f 1527 1631 1534
f 1631 1637 1534
f 1529 1535 1632
f 1632 1535 1638
f 1536 1639 1537
f 1641 1639 1536
f 1641 1536 1640
f 1640 1536 1538
f 1540 1643 1642
f 1540 1642 1538
f 1538 1642 1640
f 1643 1645 1644
f 1642 1643 1644
f 1644 1645 1646
f 1649 1647 1648
f 1649 1651 1650
f 1647 1649 1650
f 1651 1542 1541
f 1651 1541 1650
f 1653 1652 1541
f 1652 1650 1541
f 1541 1530 1635
f 1541 1635 1653
f 1544 1545 1635
f 1545 1653 1635
f 1532 1544 1635
f 1534 1637 1546
f 1637 1654 1546
f 1547 1656 1655
f 1548 1656 1547
f 1638 1535 1547
f 1655 1638 1547
f 1639 1657 1549
f 1537 1639 1549
f 1658 1639 1641
f 1657 1639 1658
f 1643 1551 1659
f 1540 1551 1643
f 1645 1643 1660
f 1660 1643 1659
f 1661 1646 1645
f 1660 1661 1645
f 1663 1649 1648
f 1662 1663 1648
f 1651 1649 1664
f 1664 1649 1663
f 1542 1651 1552
f 1552 1651 1664
f 1652 1653 1666
f 1652 1666 1665
f 1545 1554 1666
f 1653 1545 1666
f 1546 1654 1555
f 1654 1667 1555
f 1548 1556 1656
f 1656 1556 1668
f 1549 1657 1558
f 1657 1658 1669
f 1657 1669 1558
f 1558 1669 1559
f 1659 1551 1559
f 1659 1559 1670
f 1670 1559 1669
f 1660 1659 1670
f 1671 1660 1670
f 1661 1660 1671
f 1663 1662 1672
f 1664 1663 1672
f 1673 1664 1672
f 1665 1666 1560
f 1665 1560 1673
f 1552 1664 1560
f 1664 1673 1560
f 1554 1560 1666
f 1555 1667 1561
f 1667 1674 1561
f 1556 1675 1668
f 1562 1675 1556
f 1675 1562 1563
f 1676 1675 1563
f 1561 1674 1564
f 1674 1677 1564
f 1563 1565 1676
f 1676 1565 1678
f 1564 1677 1566
f 1677 1679 1566
f 1565 1567 1678
f 1678 1567 1680
f 1566 1679 1573
f 1679 1681 1573
f 1683 1567 1574
f 1683 1682 1567
f 1682 1680 1567
f 1574 1575 1683
f 1686 1684 1685
f 1686 1577 1576
f 1686 1576 1684
f 1684 1576 1687
f 1578 1688 1576
f 1576 1688 1687
f 1579 1689 1578
f 1578 1689 1688
f 1580 1690 1579
f 1579 1690 1689
f 1581 1691 1580
f 1580 1691 1690
f 1681 1581 1573
f 1691 1581 1681
f 1683 1692 1682
f 1692 1683 1575
f 1692 1575 1693
f 1693 1575 1582
f 1696 1694 1695
f 1696 1584 1583
f 1696 1583 1694
f 1694 1583 1697
f 1685 1586 1686
f 1685 1697 1586
f 1697 1583 1586
f 1577 1686 1586
f 1582 1587 1693
f 1693 1587 1698
f 1589 1699 1700
f 1590 1589 1700
f 1591 1701 1589
f 1589 1701 1699
f 1592 1702 1591
f 1591 1702 1701
f 1593 1703 1592
f 1592 1703 1702
f 1594 1704 1593
f 1593 1704 1703
f 1595 1705 1594
f 1594 1705 1704
f 1596 1706 1595
f 1595 1706 1705
f 1695 1597 1696
f 1695 1706 1597
f 1706 1596 1597
f 1584 1696 1597
f 1587 1707 1698
f 1598 1707 1587
f 1700 1598 1590
f 1707 1598 1700
f 1599 1709 1708
f 1600 1709 1599
f 1602 1710 1711
f 1602 1599 1710
f 1599 1708 1710
f 1710 1712 1711
f 1715 1714 1713
f 1715 1713 1709
f 1715 1709 1603
f 1603 1709 1600
f 1602 1711 1604
f 1605 1716 1717
f 1604 1716 1605
f 1604 1712 1716
f 1604 1711 1712
f 1717 1718 1719
f 1716 1718 1717
f 1719 1720 1721
f 1718 1720 1719
f 1723 1607 1608
f 1722 1721 1720
f 1607 1724 1609
f 1723 1724 1607
f 1609 1725 1610
f 1724 1725 1609
f 1610 1725 1612
f 1727 1714 1715
f 1726 1714 1727
f 1603 1613 1727
f 1715 1603 1727
f 1605 1717 1614
f 1615 1614 1717
f 1719 1615 1717
f 1616 1615 1719
f 1721 1616 1719
f 1721 1722 1728
f 1721 1728 1616
f 1723 1608 1728
f 1608 1616 1728
f 1724 1723 1728
f 1729 1724 1728
f 1725 1724 1729
f 1730 1725 1729
f 1612 1725 1730
f 1612 1730 1617
f 1617 1730 1731
f 1733 1731 1732
f 1733 1618 1731
f 1618 1617 1731
f 1618 1733 1619
f 1621 1726 1727
f 1621 1622 1726
f 1622 1734 1726
f 1613 1621 1727
f 1733 1732 1735
f 1619 1733 1735
f 1619 1735 1624
f 1624 1735 1736
f 1625 1737 1738
f 1625 1624 1737
f 1624 1736 1737
f 1738 1739 1740
f 1737 1739 1738
f 1740 1741 1742
f 1739 1741 1740
f 1742 1627 1628
f 1742 1741 1627
f 1741 1743 1627
f 1630 1627 1744
f 1627 1743 1744
f 1744 1631 1630
f 1745 1631 1744
f 1622 1632 1734
f 1734 1632 1746
f 1625 1738 1633
f 1634 1633 1738
f 1740 1634 1738
f 1636 1634 1740
f 1742 1636 1740
f 1628 1636 1742
f 1631 1745 1637
f 1745 1747 1637
f 1750 1749 1748
f 1750 1748 1746
f 1750 1746 1638
f 1638 1746 1632
f 1640 1751 1641
f 1640 1642 1752
f 1751 1640 1752
f 1754 1752 1642
f 1754 1642 1753
f 1753 1642 1644
f 1646 1756 1755
f 1646 1755 1644
f 1644 1755 1753
f 1756 1758 1757
f 1755 1756 1757
f 1758 1648 1647
f 1758 1647 1757
f 1757 1647 1759
f 1761 1760 1759
f 1761 1759 1650
f 1650 1759 1647
f 1650 1652 1761
f 1637 1747 1654
f 1747 1762 1654
f 1655 1749 1750
f 1655 1656 1749
f 1656 1763 1749
f 1638 1655 1750
f 1751 1764 1658
f 1641 1751 1658
f 1752 1765 1751
f 1765 1764 1751
f 1766 1752 1754
f 1765 1752 1766
f 1756 1661 1767
f 1646 1661 1756
f 1758 1756 1768
f 1768 1756 1767
f 1648 1768 1662
f 1758 1768 1648
f 1770 1760 1761
f 1769 1760 1770
f 1652 1665 1770
f 1761 1652 1770
f 1654 1762 1667
f 1762 1771 1667
f 1656 1668 1763
f 1763 1668 1772
f 1658 1764 1669
f 1670 1669 1764
f 1765 1670 1764
f 1765 1766 1773
f 1765 1773 1670
f 1670 1773 1671
f 1767 1661 1671
f 1767 1671 1774
f 1774 1671 1773
f 1768 1767 1774
f 1775 1768 1774
f 1662 1768 1775
f 1662 1775 1672
f 1672 1775 1776
f 1769 1770 1673
f 1769 1673 1776
f 1776 1673 1672
f 1665 1673 1770
f 1667 1771 1674
f 1771 1777 1674
f 1779 1668 1675
f 1779 1778 1668
f 1778 1772 1668
f 1675 1676 1779
f 1674 1777 1677
f 1777 1780 1677
f 1779 1781 1778
f 1781 1779 1676
f 1781 1676 1782
f 1782 1676 1678
f 1677 1780 1679
f 1780 1783 1679
f 1678 1680 1782
f 1782 1680 1784
f 1679 1783 1681
f 1783 1785 1681
f 1680 1682 1784
f 1784 1682 1786
f 1684 1787 1685
f 1684 1687 1788
f 1787 1684 1788
f 1790 1788 1687
f 1790 1687 1789
f 1789 1687 1688
f 1689 1791 1688
f 1688 1791 1789
f 1690 1792 1689
f 1689 1792 1791
f 1691 1793 1690
f 1690 1793 1792
f 1785 1691 1681
f 1793 1691 1785
f 1795 1682 1692
f 1795 1794 1682
f 1794 1786 1682
f 1692 1693 1795
f 1798 1796 1797
f 1798 1695 1694
f 1798 1694 1796
f 1796 1694 1799
f 1697 1800 1694
f 1694 1800 1799
f 1787 1697 1685
f 1787 1801 1697
f 1801 1800 1697
f 1788 1801 1787
f 1802 1801 1788
f 1790 1802 1788
f 1795 1803 1794
f 1803 1795 1693
f 1803 1693 1804
f 1804 1693 1698
f 1699 1805 1700
f 1807 1805 1699
f 1807 1699 1806
f 1806 1699 1701
f 1702 1808 1701
f 1701 1808 1806
f 1703 1809 1702
f 1702 1809 1808
f 1704 1810 1703
f 1703 1810 1809
f 1705 1811 1704
f 1704 1811 1810
f 1797 1706 1798
f 1797 1811 1706
f 1811 1705 1706
f 1695 1798 1706
f 1698 1812 1804
f 1707 1812 1698
f 1805 1707 1700
f 1805 1813 1707
f 1813 1812 1707
f 1807 1813 1805
f 1816 1815 1814
f 1816 1708 1709
f 1816 1814 1708
f 1814 1817 1708
f 1710 1708 1818
f 1708 1817 1818
f 1712 1819 1820
f 1712 1710 1819
f 1710 1818 1819
f 1819 1821 1820
f 1713 1815 1816
f 1713 1714 1815
f 1714 1822 1815
f 1709 1713 1816
f 1712 1820 1716
f 1820 1821 1823
f 1820 1823 1716
f 1716 1823 1718
f 1720 1718 1824
f 1718 1823 1824
f 1722 1825 1826
f 1722 1720 1825
f 1720 1824 1825
f 1826 1827 1828
f 1825 1827 1826
f 1828 1829 1830
f 1827 1829 1828
f 1830 1831 1832
f 1829 1831 1830
f 1832 1833 1834
f 1831 1833 1832
f 1833 1835 1834
f 1714 1726 1822
f 1822 1726 1836
f 1722 1826 1728
f 1729 1728 1826
f 1828 1729 1826
f 1730 1729 1828
f 1830 1730 1828
f 1731 1730 1830
f 1832 1731 1830
f 1732 1731 1832
f 1732 1832 1837
f 1837 1832 1834
f 1838 1834 1835
f 1838 1839 1834
f 1839 1837 1834
f 1839 1840 1841
f 1838 1840 1839
f 1841 1842 1843
f 1840 1842 1841
f 1843 1844 1845
f 1842 1844 1843
f 1844 1846 1845
f 1849 1848 1847
f 1849 1847 1836
f 1849 1836 1734
f 1734 1836 1726
f 1732 1837 1735
f 1736 1735 1837
f 1839 1736 1837
f 1737 1736 1839
f 1841 1737 1839
f 1739 1737 1841
f 1843 1739 1841
f 1741 1739 1843
f 1845 1741 1843
f 1845 1846 1850
f 1845 1850 1741
f 1741 1850 1743
f 1744 1743 1851
f 1743 1850 1851
f 1851 1745 1744
f 1852 1745 1851
f 1854 1848 1849
f 1853 1848 1854
f 1734 1746 1854
f 1849 1734 1854
f 1745 1852 1747
f 1852 1855 1747
f 1748 1853 1854
f 1748 1749 1853
f 1749 1856 1853
f 1746 1748 1854
f 1753 1857 1754
f 1753 1755 1858
f 1857 1753 1858
f 1755 1757 1859
f 1858 1755 1859
f 1757 1759 1860
f 1859 1757 1860
f 1759 1760 1860
f 1747 1855 1762
f 1855 1861 1762
f 1749 1763 1856
f 1856 1763 1862
f 1857 1863 1766
f 1754 1857 1766
f 1858 1864 1857
f 1864 1863 1857
f 1859 1865 1858
f 1865 1864 1858
f 1860 1866 1859
f 1866 1865 1859
f 1760 1769 1866
f 1860 1760 1866
f 1762 1861 1771
f 1861 1867 1771
f 1763 1772 1862
f 1862 1772 1868
f 1766 1863 1773
f 1774 1773 1863
f 1864 1774 1863
f 1775 1774 1864
f 1865 1775 1864
f 1776 1775 1865
f 1866 1776 1865
f 1769 1776 1866
f 1771 1867 1777
f 1867 1869 1777
f 1772 1778 1868
f 1868 1778 1870
f 1777 1869 1780
f 1869 1871 1780
f 1873 1778 1781
f 1873 1872 1778
f 1872 1870 1778
f 1781 1782 1873
f 1780 1871 1783
f 1871 1874 1783
f 1876 1872 1873
f 1875 1872 1876
f 1782 1784 1876
f 1873 1782 1876
f 1783 1874 1785
f 1874 1877 1785
f 1876 1878 1875
f 1878 1876 1784
f 1878 1784 1879
f 1879 1784 1786
f 1789 1880 1790
f 1789 1791 1881
f 1880 1789 1881
f 1883 1881 1791
f 1883 1791 1882
f 1882 1791 1792
f 1793 1884 1792
f 1792 1884 1882
f 1877 1793 1785
f 1884 1793 1877
f 1786 1794 1879
f 1879 1794 1885
f 1796 1886 1797
f 1796 1799 1887
f 1886 1796 1887
f 1799 1800 1888
f 1887 1799 1888
f 1890 1888 1800
f 1890 1800 1889
f 1889 1800 1801
f 1802 1891 1801
f 1801 1891 1889
f 1880 1802 1790
f 1880 1892 1802
f 1892 1891 1802
f 1881 1892 1880
f 1893 1892 1881
f 1883 1893 1881
f 1895 1794 1803
f 1895 1894 1794
f 1894 1885 1794
f 1803 1804 1895
f 1806 1896 1807
f 1898 1896 1806
f 1898 1806 1897
f 1897 1806 1808
f 1809 1899 1808
f 1808 1899 1897
f 1810 1900 1809
f 1809 1900 1899
f 1811 1901 1810
f 1810 1901 1900
f 1886 1811 1797
f 1886 1902 1811
f 1902 1901 1811
f 1887 1902 1886
f 1903 1902 1887
f 1888 1903 1887
f 1904 1903 1888
f 1890 1904 1888
f 1895 1905 1894
f 1804 1905 1895
f 1804 1812 1905
f 1812 1906 1905
f 1813 1907 1812
f 1812 1907 1906
f 1896 1813 1807
f 1896 1908 1813
f 1908 1907 1813
f 1898 1908 1896
f 1814 1815 1909
f 1911 1814 1909
f 1911 1910 1814
f 1910 1817 1814
f 1913 1910 1912
f 1913 1818 1910
f 1818 1817 1910
f 1818 1914 1819
f 1913 1914 1818
f 1819 1914 1821
f 1909 1822 1915
f 1815 1822 1909
f 1916 1911 1909
f 1915 1916 1909
f 1913 1912 1917
f 1917 1918 1919
f 1917 1919 1913
f 1913 1919 1914
f 1821 1920 1823
f 1821 1914 1920
f 1914 1919 1920
f 1823 1921 1824
f 1920 1921 1823
f 1824 1922 1825
f 1921 1922 1824
f 1825 1923 1827
f 1922 1923 1825
f 1827 1924 1829
f 1923 1924 1827
f 1829 1925 1831
f 1924 1925 1829
f 1831 1926 1833
f 1925 1926 1831
f 1833 1926 1835
f 1915 1836 1927
f 1822 1836 1915
f 1928 1916 1915
f 1927 1928 1915
f 1919 1918 1929
f 1920 1919 1929
f 1930 1920 1929
f 1930 1931 1932
f 1930 1932 1920
f 1920 1932 1921
f 1922 1921 1933
f 1933 1921 1932
f 1923 1922 1934
f 1934 1922 1933
f 1924 1923 1935
f 1935 1923 1934
f 1925 1924 1936
f 1936 1924 1935
f 1926 1925 1937
f 1937 1925 1936
f 1835 1938 1838
f 1835 1926 1938
f 1926 1937 1938
f 1838 1939 1840
f 1938 1939 1838
f 1840 1940 1842
f 1939 1940 1840
f 1842 1941 1844
f 1940 1941 1842
f 1844 1941 1846
f 1847 1848 1942
f 1847 1942 1944
f 1836 1847 1944
f 1836 1944 1943
f 1836 1943 1927
f 1928 1927 1943
f 1932 1931 1945
f 1933 1932 1945
f 1946 1933 1945
f 1946 1947 1948
f 1946 1948 1933
f 1933 1948 1934
f 1935 1934 1949
f 1949 1934 1948
f 1936 1935 1950
f 1950 1935 1949
f 1952 1951 1937
f 1952 1937 1950
f 1950 1937 1936
f 1938 1937 1951
f 1953 1938 1951
f 1939 1938 1953
f 1954 1939 1953
f 1940 1939 1954
f 1955 1940 1954
f 1941 1940 1955
f 1956 1941 1955
f 1846 1941 1956
f 1846 1956 1850
f 1850 1956 1957
f 1851 1850 1958
f 1850 1957 1958
f 1958 1852 1851
f 1959 1852 1958
f 1942 1853 1960
f 1848 1853 1942
f 1961 1944 1942
f 1960 1961 1942
f 1948 1947 1962
f 1949 1948 1962
f 1963 1949 1962
f 1950 1949 1963
f 1964 1950 1963
f 1952 1950 1964
f 1852 1959 1855
f 1959 1965 1855
f 1960 1856 1966
f 1853 1856 1960
f 1967 1961 1960
f 1966 1967 1960
f 1855 1965 1861
f 1965 1968 1861
f 1966 1970 1969
f 1966 1856 1970
f 1856 1862 1970
f 1967 1966 1969
f 1861 1968 1867
f 1968 1971 1867
f 1862 1868 1970
f 1970 1868 1972
f 1867 1971 1869
f 1971 1973 1869
f 1974 1870 1975
f 1974 1972 1870
f 1972 1868 1870
f 1974 1975 1976
f 1869 1973 1871
f 1973 1977 1871
f 1975 1872 1978
f 1870 1872 1975
f 1979 1976 1975
f 1978 1979 1975
f 1871 1977 1874
f 1977 1980 1874
f 1978 1875 1981
f 1872 1875 1978
f 1982 1979 1978
f 1981 1982 1978
f 1874 1980 1877
f 1980 1983 1877
f 1875 1878 1981
f 1981 1878 1879
f 1981 1879 1982
f 1982 1879 1984
f 1987 1985 1986
f 1987 1883 1882
f 1987 1882 1985
f 1985 1882 1988
f 1884 1989 1882
f 1882 1989 1988
f 1983 1884 1877
f 1989 1884 1983
f 1990 1885 1991
f 1990 1984 1885
f 1984 1879 1885
f 1990 1991 1992
f 1995 1993 1994
f 1995 1997 1996
f 1993 1995 1996
f 1997 1999 1998
f 1996 1997 1998
f 1999 2001 2000
f 1998 1999 2000
f 2001 2003 2002
f 2000 2001 2002
f 2003 2005 2004
f 2002 2003 2004
f 2005 2007 2006
f 2004 2005 2006
f 2007 1890 1889
f 2007 1889 2006
f 2006 1889 2008
f 1891 2009 1889
f 1889 2009 2008
f 1892 2010 1891
f 1891 2010 2009
f 1986 1893 1987
f 1986 2010 1893
f 2010 1892 1893
f 1883 1987 1893
f 1991 1894 2011
f 1885 1894 1991
f 2012 1992 1991
f 2011 2012 1991
f 2015 2013 2014
f 2015 2017 2016
f 2013 2015 2016
f 1994 2016 2017
f 1995 1994 2017
f 1995 2017 1898
f 1995 1898 1897
f 1899 1995 1897
f 1997 1995 1899
f 1900 1997 1899
f 1999 1997 1900
f 1901 1999 1900
f 2001 1999 1901
f 1902 2001 1901
f 2003 2001 1902
f 1903 2003 1902
f 2005 2003 1903
f 1904 2005 1903
f 2007 2005 1904
f 1890 2007 1904
f 1894 1905 2011
f 2011 2018 2012
f 2011 1905 2018
f 1905 1906 2018
f 2014 1907 2015
f 2014 2018 1907
f 2018 1906 1907
f 1908 2015 1907
f 2017 2015 1908
f 1898 2017 1908
f 1910 1911 2019
f 1910 2019 1912
f 2019 2021 2020
f 2019 1911 2021
f 1911 1916 2021
f 1912 2019 2020
f 1912 2020 1917
f 1917 2020 2022
f 2022 1918 1917
f 2023 1918 2022
f 1916 1928 2021
f 2021 1928 2024
f 2026 1929 1918
f 2026 1918 2025
f 2025 1918 2023
f 1929 2027 1930
f 2026 2027 1929
f 1930 2027 1931
f 1943 1944 2028
f 1943 2028 2029
f 1943 2029 1928
f 1928 2029 2024
f 2031 2026 2025
f 2030 2031 2025
f 2027 2026 2032
f 2032 2026 2031
f 1931 2033 1945
f 1931 2027 2033
f 2027 2032 2033
f 1945 2034 1946
f 2033 2034 1945
f 1946 2034 1947
f 1951 1952 2035
f 1951 2036 1953
f 2035 2036 1951
f 1953 2037 1954
f 2036 2037 1953
f 1954 2038 1955
f 2037 2038 1954
f 1955 2039 1956
f 2038 2039 1955
f 2041 1956 2039
f 2041 2040 1956
f 2040 1957 1956
f 1958 1957 2042
f 1957 2040 2042
f 2042 1959 1958
f 2043 1959 2042
f 2028 1961 2044
f 1944 1961 2028
f 2045 2029 2028
f 2044 2045 2028
f 2031 2030 2046
f 2032 2031 2046
f 2047 2032 2046
f 2047 2048 2049
f 2047 2049 2032
f 2032 2049 2033
f 2034 2033 2050
f 2050 2033 2049
f 1947 2051 1962
f 1947 2034 2051
f 2034 2050 2051
f 1962 2052 1963
f 2051 2052 1962
f 1963 2053 1964
f 2052 2053 1963
f 1964 2035 1952
f 1964 2053 2035
f 2053 2054 2035
f 2036 2035 2055
f 2055 2035 2054
f 2037 2036 2056
f 2056 2036 2055
f 2058 2057 2038
f 2058 2038 2056
f 2056 2038 2037
f 2039 2038 2057
f 2059 2039 2057
f 2041 2039 2059
f 1959 2043 1965
f 2043 2060 1965
f 2044 2062 2061
f 2044 1961 2062
f 1961 1967 2062
f 2045 2044 2061
f 2049 2048 2063
f 2050 2049 2063
f 2064 2050 2063
f 2064 2065 2066
f 2064 2066 2050
f 2050 2066 2051
f 2052 2051 2067
f 2067 2051 2066
f 2053 2052 2068
f 2068 2052 2067
f 2054 2053 2069
f 2069 2053 2068
f 2055 2054 2070
f 2070 2054 2069
f 2072 2071 2056
f 2072 2056 2070
f 2070 2056 2055
f 2058 2056 2071
f 1965 2060 1968
f 2060 2073 1968
f 1969 1970 2074
f 1969 2074 2075
f 1969 2075 1967
f 1967 2075 2062
f 2066 2065 2076
f 2067 2066 2076
f 2077 2067 2076
f 2068 2067 2077
f 2078 2068 2077
f 2069 2068 2078
f 2079 2069 2078
f 2070 2069 2079
f 2080 2070 2079
f 2072 2070 2080
f 1968 2073 1971
f 2073 2081 1971
f 2074 1972 2082
f 1970 1972 2074
f 2083 2075 2074
f 2082 2083 2074
f 1971 2081 1973
f 2081 2084 1973
f 1972 1974 2082
f 1976 2086 2085
f 1974 1976 2085
f 1974 2085 2083
f 1974 2083 2082
f 2085 2086 2087
f 1973 2084 1977
f 2084 2088 1977
f 2086 1979 2089
f 1976 1979 2086
f 2090 2087 2086
f 2089 2090 2086
f 2093 2091 2092
f 2093 2095 2094
f 2091 2093 2094
f 2095 2097 2096
f 2094 2095 2096
f 2097 2099 2098
f 2096 2097 2098
f 2099 2101 2100
f 2098 2099 2100
f 2101 2103 2102
f 2100 2101 2102
f 2103 2105 2104
f 2102 2103 2104
f 2104 2105 2106
f 1977 2088 1980
f 2088 2107 1980
f 2089 1982 2108
f 1979 1982 2089
f 2109 2090 2089
f 2108 2109 2089
f 2112 2110 2111
f 2112 2114 2113
f 2110 2112 2113
f 2092 2113 2114
f 2092 2114 2093
f 2093 2114 2115
f 2095 2093 2116
f 2116 2093 2115
f 2097 2095 2117
f 2117 2095 2116
f 2099 2097 2118
f 2118 2097 2117
f 2101 2099 2119
f 2119 2099 2118
f 2103 2101 2120
f 2120 2101 2119
f 2105 2103 2121
f 2121 2103 2120
f 2122 2106 2105
f 2122 2105 2123
f 2123 2105 2121
f 2123 2125 2124
f 2122 2123 2124
f 2124 2125 2126
f 1980 2107 1983
f 2107 2127 1983
f 2108 1984 2128
f 1982 1984 2108
f 2129 2109 2108
f 2128 2129 2108
f 2132 2130 2131
f 2111 2130 2132
f 2111 2132 2112
f 2112 2132 2133
f 2114 2112 2134
f 2134 2112 2133
f 2115 2114 2135
f 2135 2114 2134
f 2116 2115 2136
f 2136 2115 2135
f 2117 2116 2137
f 2137 2116 2136
f 2118 2117 2138
f 2138 2117 2137
f 2119 2118 2139
f 2139 2118 2138
f 2120 2119 2140
f 2140 2119 2139
f 2121 2120 2141
f 2141 2120 2140
f 2123 2121 2142
f 2142 2121 2141
f 1985 2142 1986
f 1985 2125 2142
f 2125 2123 2142
f 2125 2143 2126
f 2125 1985 2143
f 1985 1988 2143
f 1989 2144 1988
f 1988 2144 2143
f 2127 1989 1983
f 2144 1989 2127
f 1984 1990 2128
f 2128 1990 1992
f 2128 1992 2129
f 2129 1992 2145
f 2147 2132 2131
f 2146 2147 2131
f 1993 2147 1994
f 1993 2133 2147
f 2133 2132 2147
f 1996 2133 1993
f 2134 2133 1996
f 1998 2134 1996
f 2135 2134 1998
f 2000 2135 1998
f 2136 2135 2000
f 2002 2136 2000
f 2137 2136 2002
f 2004 2137 2002
f 2138 2137 2004
f 2006 2138 2004
f 2139 2138 2006
f 2008 2139 2006
f 2140 2139 2008
f 2009 2140 2008
f 2141 2140 2009
f 2010 2141 2009
f 2142 2141 2010
f 1986 2142 2010
f 2148 2012 2149
f 2148 2145 2012
f 2145 1992 2012
f 2149 2014 2013
f 2149 2013 2148
f 2148 2013 2150
f 2146 2016 2147
f 2146 2150 2016
f 2150 2013 2016
f 1994 2147 2016
f 2012 2018 2149
f 2014 2149 2018
f 2020 2021 2151
f 2020 2152 2022
f 2151 2152 2020
f 2022 2152 2023
f 2151 2024 2153
f 2021 2024 2151
f 2152 2151 2154
f 2154 2151 2153
f 2023 2154 2025
f 2152 2154 2023
f 2153 2029 2155
f 2024 2029 2153
f 2154 2153 2156
f 2156 2153 2155
f 2025 2156 2030
f 2154 2156 2025
f 2040 2041 2157
f 2159 2040 2157
f 2159 2158 2040
f 2158 2042 2040
f 2158 2043 2042
f 2160 2043 2158
f 2155 2045 2161
f 2029 2045 2155
f 2156 2155 2162
f 2162 2155 2161
f 2030 2163 2046
f 2030 2156 2163
f 2156 2162 2163
f 2046 2164 2047
f 2163 2164 2046
f 2047 2164 2048
f 2057 2058 2165
f 2057 2166 2059
f 2165 2166 2057
f 2059 2166 2168
f 2041 2059 2168
f 2041 2168 2167
f 2041 2167 2157
f 2159 2157 2167
f 2043 2160 2060
f 2160 2169 2060
f 2061 2062 2170
f 2061 2161 2045
f 2061 2170 2161
f 2170 2171 2161
f 2162 2161 2172
f 2172 2161 2171
f 2163 2162 2173
f 2173 2162 2172
f 2164 2163 2174
f 2174 2163 2173
f 2048 2164 2174
f 2048 2174 2175
f 2048 2175 2063
f 2175 2174 2176
f 2064 2063 2177
f 2063 2175 2177
f 2177 2065 2064
f 2178 2065 2177
f 2071 2072 2179
f 2071 2179 2181
f 2058 2071 2181
f 2058 2181 2180
f 2058 2180 2165
f 2166 2165 2180
f 2182 2166 2180
f 2168 2166 2182
f 2060 2169 2073
f 2169 2183 2073
f 2170 2075 2184
f 2062 2075 2170
f 2171 2170 2185
f 2185 2170 2184
f 2172 2171 2186
f 2186 2171 2185
f 2188 2187 2173
f 2188 2173 2186
f 2186 2173 2172
f 2174 2173 2187
f 2189 2174 2187
f 2176 2174 2189
f 2065 2178 2190
f 2076 2065 2190
f 2077 2076 2191
f 2076 2190 2191
f 2078 2077 2192
f 2077 2191 2192
f 2194 2192 2193
f 2194 2079 2192
f 2079 2078 2192
f 2196 2079 2194
f 2196 2195 2079
f 2195 2080 2079
f 2179 2072 2080
f 2179 2080 2197
f 2197 2080 2195
f 2181 2179 2197
f 2073 2183 2081
f 2183 2198 2081
f 2184 2083 2199
f 2075 2083 2184
f 2185 2184 2200
f 2200 2184 2199
f 2186 2185 2201
f 2201 2185 2200
f 2202 2188 2186
f 2201 2202 2186
f 2204 2194 2193
f 2203 2204 2193
f 2205 2196 2194
f 2204 2205 2194
f 2081 2198 2084
f 2198 2206 2084
f 2083 2085 2199
f 2087 2199 2085
f 2087 2207 2199
f 2207 2200 2199
f 2201 2200 2208
f 2208 2200 2207
f 2209 2202 2201
f 2209 2201 2210
f 2210 2201 2208
f 2210 2212 2211
f 2209 2210 2211
f 2212 2214 2213
f 2211 2212 2213
f 2214 2216 2215
f 2213 2214 2215
f 2216 2218 2217
f 2215 2216 2217
f 2218 2220 2219
f 2217 2218 2219
f 2220 2222 2221
f 2219 2220 2221
f 2203 2221 2222
f 2203 2222 2204
f 2204 2222 2223
f 2224 2205 2204
f 2224 2204 2225
f 2225 2204 2223
f 2225 2227 2226
f 2224 2225 2226
f 2226 2227 2228
f 2084 2206 2088
f 2206 2229 2088
f 2207 2090 2230
f 2087 2090 2207
f 2208 2207 2231
f 2231 2207 2230
f 2210 2208 2232
f 2232 2208 2231
f 2212 2210 2233
f 2233 2210 2232
f 2214 2212 2234
f 2234 2212 2233
f 2091 2234 2092
f 2091 2216 2234
f 2216 2214 2234
f 2094 2216 2091
f 2218 2216 2094
f 2096 2218 2094
f 2220 2218 2096
f 2098 2220 2096
f 2222 2220 2098
f 2100 2222 2098
f 2223 2222 2100
f 2102 2223 2100
f 2225 2223 2102
f 2104 2225 2102
f 2227 2225 2104
f 2106 2236 2235
f 2104 2106 2235
f 2104 2235 2228
f 2104 2228 2227
f 2236 2238 2237
f 2235 2236 2237
f 2237 2238 2239
f 2088 2229 2107
f 2229 2240 2107
f 2230 2109 2241
f 2090 2109 2230
f 2231 2230 2242
f 2242 2230 2241
f 2232 2231 2243
f 2243 2231 2242
f 2110 2243 2111
f 2110 2233 2243
f 2233 2232 2243
f 2113 2233 2110
f 2234 2233 2113
f 2092 2234 2113
f 2106 2122 2236
f 2124 2236 2122
f 2238 2236 2124
f 2126 2245 2244
f 2124 2126 2244
f 2124 2244 2239
f 2124 2239 2238
f 2244 2245 2246
f 2107 2240 2127
f 2240 2247 2127
f 2241 2129 2248
f 2109 2129 2241
f 2242 2241 2249
f 2249 2241 2248
f 2130 2249 2131
f 2130 2243 2249
f 2243 2242 2249
f 2111 2243 2130
f 2126 2143 2245
f 2245 2250 2246
f 2245 2143 2250
f 2143 2144 2250
f 2247 2144 2127
f 2250 2144 2247
f 2248 2145 2251
f 2129 2145 2248
f 2249 2248 2252
f 2252 2248 2251
f 2131 2252 2146
f 2249 2252 2131
f 2145 2148 2251
f 2150 2251 2148
f 2252 2251 2150
f 2146 2252 2150
f 2158 2254 2253
f 2159 2254 2158
f 2253 2160 2158
f 2255 2160 2253
f 2167 2257 2256
f 2168 2257 2167
f 2254 2159 2167
f 2256 2254 2167
f 2160 2255 2169
f 2255 2258 2169
f 2175 2176 2259
f 2175 2260 2177
f 2259 2260 2175
f 2177 2260 2178
f 2180 2181 2261
f 2263 2180 2261
f 2263 2262 2180
f 2262 2182 2180
f 2257 2168 2182
f 2262 2257 2182
f 2169 2258 2183
f 2258 2264 2183
f 2187 2188 2265
f 2187 2266 2189
f 2265 2266 2187
f 2189 2259 2176
f 2189 2266 2259
f 2266 2267 2259
f 2260 2259 2268
f 2268 2259 2267
f 2178 2260 2268
f 2178 2268 2269
f 2178 2269 2190
f 2269 2268 2270
f 2191 2190 2271
f 2190 2269 2271
f 2192 2191 2272
f 2191 2271 2272
f 2193 2273 2274
f 2193 2192 2273
f 2192 2272 2273
f 2274 2195 2196
f 2274 2273 2195
f 2273 2275 2195
f 2197 2195 2276
f 2195 2275 2276
f 2261 2181 2197
f 2261 2197 2277
f 2277 2197 2276
f 2263 2261 2277
f 2183 2264 2198
f 2264 2278 2198
f 2265 2202 2279
f 2188 2202 2265
f 2266 2265 2280
f 2280 2265 2279
f 2267 2266 2281
f 2281 2266 2280
f 2268 2267 2282
f 2282 2267 2281
f 2283 2270 2268
f 2282 2283 2268
f 2274 2284 2203
f 2193 2274 2203
f 2196 2205 2284
f 2274 2196 2284
f 2198 2278 2206
f 2278 2285 2206
f 2202 2209 2279
f 2211 2279 2209
f 2280 2279 2211
f 2213 2280 2211
f 2281 2280 2213
f 2215 2281 2213
f 2282 2281 2215
f 2282 2286 2283
f 2282 2215 2286
f 2215 2217 2286
f 2219 2287 2217
f 2217 2287 2286
f 2221 2288 2219
f 2219 2288 2287
f 2284 2221 2203
f 2284 2289 2221
f 2289 2288 2221
f 2205 2289 2284
f 2205 2224 2289
f 2224 2290 2289
f 2226 2291 2224
f 2224 2291 2290
f 2228 2293 2292
f 2228 2292 2226
f 2226 2292 2291
f 2292 2293 2294
f 2206 2285 2229
f 2285 2295 2229
f 2228 2235 2293
f 2293 2296 2294
f 2293 2235 2296
f 2235 2237 2296
f 2296 2237 2239
f 2297 2296 2239
f 2229 2295 2240
f 2295 2298 2240
f 2239 2299 2297
f 2244 2299 2239
f 2299 2244 2246
f 2300 2299 2246
f 2240 2298 2247
f 2298 2301 2247
f 2246 2302 2300
f 2250 2302 2246
f 2301 2250 2247
f 2302 2250 2301
f 2253 2254 2303
f 2253 2303 2255
f 2256 2257 2304
f 2256 2304 2306
f 2254 2256 2306
f 2254 2306 2305
f 2254 2305 2303
f 2305 2255 2303
f 2305 2307 2255
f 2307 2258 2255
f 2262 2263 2308
f 2262 2304 2257
f 2262 2308 2304
f 2308 2309 2304
f 2310 2306 2304
f 2309 2310 2304
f 2258 2307 2264
f 2307 2311 2264
f 2269 2270 2312
f 2269 2313 2271
f 2312 2313 2269
f 2271 2314 2272
f 2313 2314 2271
f 2272 2315 2273
f 2314 2315 2272
f 2273 2316 2275
f 2315 2316 2273
f 2318 2275 2316
f 2318 2317 2275
f 2317 2276 2275
f 2277 2276 2319
f 2276 2317 2319
f 2308 2263 2277
f 2308 2277 2320
f 2320 2277 2319
f 2309 2308 2320
f 2321 2309 2320
f 2310 2309 2321
f 2264 2311 2278
f 2311 2322 2278
f 2312 2283 2323
f 2270 2283 2312
f 2313 2312 2324
f 2324 2312 2323
f 2314 2313 2325
f 2325 2313 2324
f 2315 2314 2326
f 2326 2314 2325
f 2316 2315 2327
f 2327 2315 2326
f 2328 2318 2316
f 2328 2316 2329
f 2329 2316 2327
f 2328 2329 2330
f 2278 2322 2285
f 2322 2331 2285
f 2283 2286 2323
f 2287 2323 2286
f 2324 2323 2287
f 2288 2324 2287
f 2325 2324 2288
f 2289 2325 2288
f 2326 2325 2289
f 2290 2326 2289
f 2327 2326 2290
f 2291 2327 2290
f 2329 2327 2291
f 2329 2332 2330
f 2329 2291 2332
f 2291 2292 2332
f 2294 2334 2333
f 2294 2333 2292
f 2292 2333 2332
f 2334 2336 2335
f 2333 2334 2335
f 2335 2336 2337
f 2285 2331 2295
f 2331 2338 2295
f 2294 2296 2334
f 2297 2334 2296
f 2297 2339 2334
f 2339 2336 2334
f 2340 2337 2336
f 2340 2336 2341
f 2341 2336 2339
f 2341 2338 2340
f 2341 2298 2338
f 2298 2295 2338
f 2297 2299 2339
f 2300 2339 2299
f 2300 2342 2339
f 2342 2341 2339
f 2298 2342 2301
f 2341 2342 2298
f 2300 2302 2342
f 2301 2342 2302
f 2305 2306 2343
f 2305 2343 2307
f 2343 2310 2344
f 2306 2310 2343
f 2307 2344 2311
f 2343 2344 2307
f 2317 2318 2345
f 2317 2346 2319
f 2345 2346 2317
f 2319 2347 2320
f 2346 2347 2319
f 2320 2348 2321
f 2347 2348 2320
f 2321 2344 2310
f 2321 2348 2344
f 2348 2349 2344
f 2311 2349 2322
f 2344 2349 2311
f 2318 2328 2345
f 2330 2345 2328
f 2330 2350 2345
f 2350 2346 2345
f 2347 2346 2351
f 2351 2346 2350
f 2348 2347 2352
f 2352 2347 2351
f 2349 2348 2353
f 2353 2348 2352
f 2322 2353 2331
f 2349 2353 2322
f 2330 2332 2350
f 2333 2350 2332
f 2351 2350 2333
f 2335 2351 2333
f 2352 2351 2335
f 2337 2352 2335
f 2337 2354 2352
f 2354 2353 2352
f 2331 2354 2338
f 2353 2354 2331
f 2337 2340 2354
f 2338 2354 2340
