v -0.12150851769375905 -0.2775514545454545 -0.26871217676767667
v -0.11698129292929292 -0.2775514545454545 -0.2804490217191106
v -0.11698129292929292 -0.2894465276861404 -0.26871217676767667
v -0.12229732198433724 -0.2775514545454545 -0.25528488383838377
v -0.11698129292929292 -0.28938924282529854 -0.25528488383838377
v -0.12238859790281646 -0.2775514545454545 -0.2418575909090908
v -0.11698129292929292 -0.2881216273698941 -0.2418575909090908
v -0.12153224920497877 -0.2775514545454545 -0.22843029797979786
v -0.11698129292929292 -0.2878120713321554 -0.22843029797979786
v -0.1224321374603341 -0.2775514545454545 -0.215003005050505
v -0.11698129292929292 -0.28920780317069433 -0.215003005050505
v -0.1221522861414579 -0.2775514545454545 -0.20157571212121206
v -0.11698129292929292 -0.28895742190331836 -0.20157571212121206
v -0.11998125351069881 -0.2775514545454545 -0.18814841919191913
v -0.11698129292929292 -0.2851007591691261 -0.18814841919191913
v -0.12059555939204378 -0.2775514545454545 -0.17472112626262618
v -0.11698129292929292 -0.28766838987656357 -0.17472112626262618
v -0.12030247398880407 -0.2775514545454545 -0.16129383333333325
v -0.11698129292929292 -0.28814619175427203 -0.16129383333333325
v -0.11698129292929292 -0.2775514545454545 -0.1500922589666902
v -0.11065797979797978 -0.2775514545454545 -0.2809676789547924
v -0.11065797979797978 -0.28959934182232167 -0.26871217676767667
v -0.11065797979797978 -0.2900503841598169 -0.25528488383838377
v -0.11065797979797978 -0.288940001787531 -0.2418575909090908
v -0.11065797979797978 -0.28871783646399574 -0.22843029797979786
v -0.11065797979797978 -0.287677130545992 -0.215003005050505
v -0.11065797979797978 -0.28727216258162985 -0.20157571212121206
v -0.11065797979797978 -0.28628493395570237 -0.18814841919191913
v -0.11065797979797978 -0.2859494868973362 -0.17472112626262618
v -0.11065797979797978 -0.28515854972441856 -0.16129383333333325
v -0.113504144935024 -0.2775514545454545 -0.1478665404040403
v -0.11065797979797978 -0.2841025317460706 -0.1478665404040403
v -0.11227977450788118 -0.2775514545454545 -0.13443924747474736
v -0.11065797979797978 -0.28302468555581756 -0.13443924747474736
v -0.1113201858548989 -0.2775514545454545 -0.12101195454545449
v -0.11065797979797978 -0.28196709216357224 -0.12101195454545449
v -0.11103984724051566 -0.2775514545454545 -0.10758466161616154
v -0.11065797979797978 -0.279794238094994 -0.10758466161616154
v -0.11065797979797978 -0.2775514545454545 -0.09722539204766484
v -0.10433466666666665 -0.2775514545454545 -0.2802777516168604
v -0.10433466666666665 -0.2884837277586291 -0.26871217676767667
v -0.10433466666666665 -0.29057569076123 -0.25528488383838377
v -0.10433466666666665 -0.28999129838313586 -0.2418575909090908
v -0.10433466666666665 -0.28833047802457334 -0.22843029797979786
v -0.10433466666666665 -0.28763558930722305 -0.215003005050505
v -0.10433466666666665 -0.28769246198873916 -0.20157571212121206
v -0.10433466666666665 -0.2866656714541429 -0.18814841919191913
v -0.10433466666666665 -0.28577522416337053 -0.17472112626262618
v -0.10433466666666665 -0.28504964654712384 -0.16129383333333325
v -0.10433466666666665 -0.2844881405874941 -0.1478665404040403
v -0.10433466666666665 -0.2838449595125266 -0.13443924747474736
v -0.10433466666666665 -0.28333105274688236 -0.12101195454545449
v -0.10433466666666665 -0.28269141824134036 -0.10758466161616154
v -0.10956585618501218 -0.2775514545454545 -0.09415736868686861
v -0.10433466666666665 -0.2817127170532639 -0.09415736868686861
v -0.10723954775539099 -0.2775514545454545 -0.08073007575757565
v -0.10433466666666665 -0.28080006428194765 -0.08073007575757565
v -0.10593102775939793 -0.2775514545454545 -0.06730278282828273
v -0.10433466666666665 -0.2797843724707987 -0.06730278282828273
v -0.10491706029311063 -0.2775514545454545 -0.05387548989898977
v -0.10433466666666665 -0.2784371873026825 -0.05387548989898977
v -0.10433466666666665 -0.2775514545454545 -0.044592088330026695
v -0.09801135353535351 -0.2775514545454545 -0.2815656557359096
v -0.09801135353535351 -0.2903244974211852 -0.26871217676767667
v -0.09801135353535351 -0.29002923709142076 -0.25528488383838377
v -0.09801135353535351 -0.2900409390032059 -0.2418575909090908
v -0.09801135353535351 -0.2891030523539957 -0.22843029797979786
v -0.09801135353535351 -0.28733093721131053 -0.215003005050505
v -0.09801135353535351 -0.28836024486539763 -0.20157571212121206
v -0.09801135353535351 -0.28756652156407814 -0.18814841919191913
v -0.09801135353535351 -0.28635830120822725 -0.17472112626262618
v -0.09801135353535351 -0.2854480558346193 -0.16129383333333325
v -0.09801135353535351 -0.2847957564062809 -0.1478665404040403
v -0.09801135353535351 -0.28431325586936196 -0.13443924747474736
v -0.09801135353535351 -0.2839816322096192 -0.12101195454545449
v -0.09801135353535351 -0.2836314483438877 -0.10758466161616154
v -0.09801135353535351 -0.28299988795516867 -0.09415736868686861
v -0.09801135353535351 -0.28250966687103496 -0.08073007575757565
v -0.09801135353535351 -0.2819979169348648 -0.06730278282828273
v -0.09801135353535351 -0.28116483850219487 -0.05387548989898977
v -0.10337501841149176 -0.2775514545454545 -0.04044819696969691
v -0.09801135353535351 -0.2799224425246472 -0.04044819696969691
v -0.09801135353535351 -0.2775514545454545 -0.03282427298689558
v -0.09168804040404037 -0.2775514545454545 -0.27805865249025485
v -0.09168804040404037 -0.2854776351007225 -0.26871217676767667
v -0.09168804040404037 -0.288797619496821 -0.25528488383838377
v -0.09168804040404037 -0.28927386645602665 -0.2418575909090908
v -0.09168804040404037 -0.28703927478617347 -0.22843029797979786
v -0.09168804040404037 -0.28654383905618147 -0.215003005050505
v -0.09168804040404037 -0.2884654059338192 -0.20157571212121206
v -0.09168804040404037 -0.2880370122508315 -0.18814841919191913
v -0.09168804040404037 -0.2867858717764248 -0.17472112626262618
v -0.09168804040404037 -0.2856522422509691 -0.16129383333333325
v -0.09168804040404037 -0.2848082442251415 -0.1478665404040403
v -0.09168804040404037 -0.2843451369692116 -0.13443924747474736
v -0.09168804040404037 -0.2841739248421546 -0.12101195454545449
v -0.09168804040404037 -0.2840204359825772 -0.10758466161616154
v -0.09168804040404037 -0.283683960989927 -0.09415736868686861
v -0.09168804040404037 -0.2833347904423475 -0.08073007575757565
v -0.09168804040404037 -0.2830721575044255 -0.06730278282828273
v -0.09168804040404037 -0.28227588420151584 -0.05387548989898977
v -0.09168804040404037 -0.2807339662429772 -0.04044819696969691
v -0.09168804040404037 -0.2775514545454545 -0.03190186257798237
v -0.08536472727272727 -0.2775514545454545 -0.2814514264700735
v -0.08536472727272727 -0.2901552706382592 -0.26871217676767667
v -0.08536472727272727 -0.2874832455996913 -0.25528488383838377
v -0.08536472727272727 -0.2880695660921691 -0.2418575909090908
v -0.08536472727272727 -0.28732424457086 -0.22843029797979786
v -0.08536472727272727 -0.285502138449885 -0.215003005050505
v -0.08536472727272727 -0.28795553523971656 -0.20157571212121206
v -0.08536472727272727 -0.2879829554936259 -0.18814841919191913
v -0.08536472727272727 -0.2867247097337925 -0.17472112626262618
v -0.08536472727272727 -0.28564808010036574 -0.16129383333333325
v -0.08536472727272727 -0.2843567441157061 -0.1478665404040403
v -0.08536472727272727 -0.28405114365906076 -0.13443924747474736
v -0.08536472727272727 -0.28387616780200464 -0.12101195454545449
v -0.08536472727272727 -0.2839222439508645 -0.10758466161616154
v -0.08536472727272727 -0.2838377980172068 -0.09415736868686861
v -0.08536472727272727 -0.2835527287646571 -0.08073007575757565
v -0.08536472727272727 -0.2834141821639913 -0.06730278282828273
v -0.08536472727272727 -0.2826859277450172 -0.05387548989898977
v -0.08536472727272727 -0.2806345105438203 -0.04044819696969691
v -0.08536472727272727 -0.2775514545454545 -0.03383034929904315
v -0.07904141414141413 -0.2775514545454545 -0.2771018683075196
v -0.07904141414141413 -0.28458845471588107 -0.26871217676767667
v -0.07904141414141413 -0.28625223890058216 -0.25528488383838377
v -0.07904141414141413 -0.2867599072046476 -0.2418575909090908
v -0.07904141414141413 -0.2837566808446492 -0.22843029797979786
v -0.07904141414141413 -0.2843114674218014 -0.215003005050505
v -0.07904141414141413 -0.28710074647632694 -0.20157571212121206
v -0.07904141414141413 -0.28735407206101793 -0.18814841919191913
v -0.07904141414141413 -0.28618527834983065 -0.17472112626262618
v -0.07904141414141413 -0.284925382708441 -0.16129383333333325
v -0.07904141414141413 -0.28389694104336594 -0.1478665404040403
v -0.07904141414141413 -0.2833727107436133 -0.13443924747474736
v -0.07904141414141413 -0.28325146099921567 -0.12101195454545449
v -0.07904141414141413 -0.2834305138123145 -0.10758466161616154
v -0.07904141414141413 -0.28353469876075066 -0.09415736868686861
v -0.07904141414141413 -0.28354571905973136 -0.08073007575757565
v -0.07904141414141413 -0.2833747993350535 -0.06730278282828273
v -0.07904141414141413 -0.2826047675640734 -0.05387548989898977
v -0.07904141414141413 -0.2802047719393977 -0.04044819696969691
v -0.07904141414141413 -0.2775514545454545 -0.03582913365821999
v -0.072718101010101 -0.2775514545454545 -0.2773804128640736
v -0.072718101010101 -0.28497580415534957 -0.26871217676767667
v -0.072718101010101 -0.2851194107473716 -0.25528488383838377
v -0.072718101010101 -0.2854512553726615 -0.2418575909090908
v -0.07277229255238793 -0.2775514545454545 -0.22843029797979786
v -0.072718101010101 -0.2775514545454545 -0.22859026293158324
v -0.072718101010101 -0.2775514545454545 -0.22821260679356165
v -0.072718101010101 -0.28302885885955165 -0.215003005050505
v -0.072718101010101 -0.28602807125354646 -0.20157571212121206
v -0.072718101010101 -0.2863850825768909 -0.18814841919191913
v -0.072718101010101 -0.2851594296338024 -0.17472112626262618
v -0.072718101010101 -0.2839378735923006 -0.16129383333333325
v -0.072718101010101 -0.2827110503506961 -0.1478665404040403
v -0.072718101010101 -0.2821509572392279 -0.13443924747474736
v -0.072718101010101 -0.2823170363038215 -0.12101195454545449
v -0.072718101010101 -0.28266384404624173 -0.10758466161616154
v -0.072718101010101 -0.2828793417277437 -0.09415736868686861
v -0.072718101010101 -0.28313162775310674 -0.08073007575757565
v -0.072718101010101 -0.2829783513957765 -0.06730278282828273
v -0.072718101010101 -0.2821638753151845 -0.05387548989898977
v -0.072718101010101 -0.2795126345533162 -0.04044819696969691
v -0.072718101010101 -0.2775514545454545 -0.037390948491346915
v -0.06639478787878786 -0.2775514545454545 -0.278462112542208
v -0.06639478787878786 -0.2863201557767816 -0.26871217676767667
v -0.06639478787878786 -0.28422411662613367 -0.25528488383838377
v -0.06639478787878786 -0.2842313219313588 -0.2418575909090908
v -0.06639478787878786 -0.2775514545454545 -0.23834085104871025
v -0.06639478787878786 -0.2775514545454545 -0.21726670141678725
v -0.06639478787878786 -0.2814324189731559 -0.215003005050505
v -0.06639478787878786 -0.2847974688975482 -0.20157571212121206
v -0.06639478787878786 -0.28513470193618 -0.18814841919191913
v -0.06639478787878786 -0.2839897592541375 -0.17472112626262618
v -0.06639478787878786 -0.2824810543752979 -0.16129383333333325
v -0.06639478787878786 -0.28126486582043414 -0.1478665404040403
v -0.06639478787878786 -0.2808228901491583 -0.13443924747474736
v -0.06639478787878786 -0.281072524730367 -0.12101195454545449
v -0.06639478787878786 -0.28157678474493836 -0.10758466161616154
v -0.06639478787878786 -0.2819484010939258 -0.09415736868686861
v -0.06639478787878786 -0.28242866639211595 -0.08073007575757565
v -0.06639478787878786 -0.2823230384463133 -0.06730278282828273
v -0.06639478787878786 -0.2814482108082334 -0.05387548989898977
v -0.06639478787878786 -0.2785040164044725 -0.04044819696969691
v -0.06639478787878786 -0.2775514545454545 -0.03903838248925656
v -0.06050022603385375 -0.2775514545454545 -0.26871217676767667
v -0.06007147474747472 -0.2775514545454545 -0.2650097553340799
v -0.06007147474747472 -0.2835127143307592 -0.25528488383838377
v -0.06007147474747472 -0.2830455979269304 -0.2418575909090908
v -0.06007147474747472 -0.2775514545454545 -0.23685982807921513
v -0.06007147474747472 -0.2775514545454545 -0.21728220821759966
v -0.06007147474747472 -0.2796190719562075 -0.215003005050505
v -0.06007147474747472 -0.2835033827999175 -0.20157571212121206
v -0.06007147474747472 -0.283863515655063 -0.18814841919191913
v -0.06007147474747472 -0.2824450541352661 -0.17472112626262618
v -0.06007147474747472 -0.28088589962325966 -0.16129383333333325
v -0.06007147474747472 -0.2796595623561722 -0.1478665404040403
v -0.06007147474747472 -0.279306860109938 -0.13443924747474736
v -0.06007147474747472 -0.2796457805826323 -0.12101195454545449
v -0.06007147474747472 -0.2804635028734224 -0.10758466161616154
v -0.06007147474747472 -0.28113609237648024 -0.09415736868686861
v -0.06007147474747472 -0.28146391835864365 -0.08073007575757565
v -0.06007147474747472 -0.2814789877468696 -0.06730278282828273
v -0.06007147474747472 -0.28042613868563276 -0.05387548989898977
v -0.061792416886486075 -0.2775514545454545 -0.04044819696969691
v -0.06007147474747472 -0.2775514545454545 -0.04210472296361555
v -0.05374816161616158 -0.2775514545454545 -0.25565056284864246
v -0.05374816161616158 -0.2826406964138501 -0.25528488383838377
v -0.05374816161616158 -0.28197947914914917 -0.2418575909090908
v -0.05374816161616158 -0.2775514545454545 -0.24090853955240987
v -0.054300119931483544 -0.2775514545454545 -0.215003005050505
v -0.05374816161616158 -0.2775514545454545 -0.21411372888610108
v -0.05374816161616158 -0.28223077587943873 -0.20157571212121206
v -0.05374816161616158 -0.2823635672383729 -0.18814841919191913
v -0.05374816161616158 -0.2808257620993514 -0.17472112626262618
v -0.05374816161616158 -0.2791566489530638 -0.16129383333333325
v -0.05374816161616158 -0.2779124874882341 -0.1478665404040403
v -0.05374816161616158 -0.27766969257394053 -0.13443924747474736
v -0.05374816161616158 -0.2781372304444036 -0.12101195454545449
v -0.05374816161616158 -0.279004047768396 -0.10758466161616154
v -0.05374816161616158 -0.27987201301227843 -0.09415736868686861
v -0.05374816161616158 -0.28033531679458246 -0.08073007575757565
v -0.05374816161616158 -0.28034090044782933 -0.06730278282828273
v -0.05374816161616158 -0.2792476666906538 -0.05387548989898977
v -0.05374816161616158 -0.2775514545454545 -0.04743387498272758
v -0.04742484848484848 -0.2775514545454545 -0.25883165233082267
v -0.04742484848484848 -0.28199169556371173 -0.25528488383838377
v -0.04742484848484848 -0.2810870465305815 -0.2418575909090908
v -0.04742484848484848 -0.2775514545454545 -0.24002646974829617
v -0.04742484848484848 -0.2775514545454545 -0.20902628056194394
v -0.04742484848484848 -0.28088146598317026 -0.20157571212121206
v -0.04742484848484848 -0.28081829919432705 -0.18814841919191913
v -0.04742484848484848 -0.27916286652962446 -0.17472112626262618
v -0.0482383938868919 -0.2775514545454545 -0.16129383333333325
v -0.04742484848484848 -0.2775514545454545 -0.1627604205905099
v -0.052510688814490065 -0.2775514545454545 -0.1478665404040403
v -0.05333267489924408 -0.2775514545454545 -0.13443924747474736
v -0.05167287346291328 -0.2775514545454545 -0.12101195454545449
v -0.0485020177760509 -0.2775514545454545 -0.10758466161616154
v -0.04742484848484848 -0.2775514545454545 -0.10431846428258182
v -0.04742484848484848 -0.27843858995697846 -0.09415736868686861
v -0.04742484848484848 -0.2787792899034733 -0.08073007575757565
v -0.04742484848484848 -0.27885846689027693 -0.06730278282828273
v -0.04742484848484848 -0.2777490113116323 -0.05387548989898977
v -0.04742484848484848 -0.2775514545454545 -0.053177972593036804
v -0.04110153535353534 -0.2775514545454545 -0.25605356797336337
v -0.04110153535353534 -0.2817039393663001 -0.25528488383838377
v -0.04110153535353534 -0.2803192494539791 -0.2418575909090908
v -0.04110153535353534 -0.2775514545454545 -0.2411393212410683
v -0.04110153535353534 -0.2775514545454545 -0.20494433098191134
v -0.04110153535353534 -0.2795214366290133 -0.20157571212121206
v -0.04110153535353534 -0.27932656055547495 -0.18814841919191913
v -0.04206963440266021 -0.2775514545454545 -0.17472112626262618
v -0.04110153535353534 -0.2775514545454545 -0.17620017109469857
v -0.044858622577044364 -0.2775514545454545 -0.09415736868686861
v -0.04290402925810105 -0.2775514545454545 -0.08073007575757565
v -0.043571732200020204 -0.2775514545454545 -0.06730278282828273
v -0.04682974621738803 -0.2775514545454545 -0.05387548989898977
v -0.0347782222222222 -0.2775514545454545 -0.25614533901890996
v -0.0347782222222222 -0.2813344585829882 -0.25528488383838377
v -0.0347782222222222 -0.2795759875479827 -0.2418575909090908
v -0.0347782222222222 -0.2775514545454545 -0.24121262352324002
v -0.0347782222222222 -0.2775514545454545 -0.20242059262294307
v -0.0347782222222222 -0.2781102679163226 -0.20157571212121206
v -0.03500153462595863 -0.2775514545454545 -0.18814841919191913
v -0.0347782222222222 -0.2775514545454545 -0.18911085268960656
v -0.028454909090909065 -0.2775514545454545 -0.25668346032624095
v -0.028454909090909065 -0.28081654910550746 -0.25528488383838377
v -0.028454909090909065 -0.27893194781471686 -0.2418575909090908
v -0.028454909090909065 -0.2775514545454545 -0.24133738541729025
v -0.032798085413948165 -0.2775514545454545 -0.20157571212121206
v -0.022131595959595927 -0.2775514545454545 -0.2554549816431618
v -0.022131595959595927 -0.28065306651607713 -0.25528488383838377
v -0.022131595959595927 -0.2781475936925862 -0.2418575909090908
v -0.022131595959595927 -0.2775514545454545 -0.24169951376567267
v -0.015808282828282793 -0.2775514545454545 -0.2568043726609718
v -0.015808282828282793 -0.2802376494291381 -0.25528488383838377
v -0.01957535902253997 -0.2775514545454545 -0.2418575909090908
v -0.015808282828282793 -0.2775514545454545 -0.24434097891309733
v -0.009484969696969688 -0.2775514545454545 -0.255343260480012
v -0.009484969696969688 -0.2781523868592282 -0.25528488383838377
v -0.009484969696969688 -0.2775514545454545 -0.25366713801508084
v -0.00929236869869663 -0.2775514545454545 -0.25528488383838377
v 0.009335401532003478 -0.2775514545454545 -0.25528488383838377
v 0.009484969696969759 -0.2775514545454545 -0.25532994283599914
v 0.009484969696969759 -0.2780176827272442 -0.25528488383838377
v 0.009484969696969759 -0.2775514545454545 -0.25403769831002443
v 0.015808282828282862 -0.2775514545454545 -0.2568258370685548
v 0.015808282828282862 -0.28021571661364203 -0.25528488383838377
v 0.015808282828282862 -0.2775514545454545 -0.2446780555996619
v 0.022131595959595962 -0.2775514545454545 -0.2554416632318574
v 0.022131595959595962 -0.2804252597262202 -0.25528488383838377
v 0.02043956699937796 -0.2775514545454545 -0.2418575909090908
v 0.022131595959595962 -0.27792563778421486 -0.2418575909090908
v 0.022131595959595962 -0.2775514545454545 -0.24174868536758481
v 0.028454909090909135 -0.2775514545454545 -0.25648659042626565
v 0.028454909090909135 -0.2804097573874053 -0.25528488383838377
v 0.028454909090909135 -0.2784757983956394 -0.2418575909090908
v 0.028454909090909135 -0.2775514545454545 -0.24150061348253957
v 0.03477822222222224 -0.2775514545454545 -0.25601997943590504
v 0.03477822222222224 -0.280837692164339 -0.25528488383838377
v 0.03477822222222224 -0.27885347463683546 -0.2418575909090908
v 0.03477822222222224 -0.2775514545454545 -0.2414504985987086
v 0.04110153535353541 -0.2775514545454545 -0.25593714530753525
v 0.04110153535353541 -0.2811420762583537 -0.25528488383838377
v 0.04110153535353541 -0.279399745583603 -0.2418575909090908
v 0.04110153535353541 -0.2775514545454545 -0.24135729462663946
v 0.047424848484848514 -0.2775514545454545 -0.2582585671904431
v 0.047424848484848514 -0.2813455248046688 -0.25528488383838377
v 0.047424848484848514 -0.2800782202853581 -0.2418575909090908
v 0.047424848484848514 -0.2775514545454545 -0.24078418816348668
v 0.04469784367326062 -0.2775514545454545 -0.20157571212121206
v 0.047424848484848514 -0.2775514545454545 -0.20230941505526923
v 0.047424848484848514 -0.2780075230976754 -0.20157571212121206
v 0.047424848484848514 -0.2775514545454545 -0.18851657443559053
v 0.05374816161616162 -0.2775514545454545 -0.25558757593282955
v 0.05374816161616162 -0.2819345192054798 -0.25528488383838377
v 0.05374816161616162 -0.280898316465253 -0.2418575909090908
v 0.05374816161616162 -0.2775514545454545 -0.24117129303188267
v 0.05374816161616162 -0.2775514545454545 -0.2038898247965027
v 0.05374816161616162 -0.2791442564874965 -0.20157571212121206
v 0.047512873849912325 -0.2775514545454545 -0.18814841919191913
v 0.05374816161616162 -0.2788831472025034 -0.18814841919191913
v 0.05374816161616162 -0.2775514545454545 -0.1766206018874916
v 0.05361242371479712 -0.2775514545454545 -0.09415736868686861
v 0.05374816161616162 -0.2775514545454545 -0.09451859913198912
v 0.05374816161616162 -0.2775787963557827 -0.09415736868686861
v 0.0509255272815173 -0.2775514545454545 -0.08073007575757565
v 0.05374816161616162 -0.2781890856443425 -0.08073007575757565
v 0.049558786104365635 -0.2775514545454545 -0.06730278282828273
v 0.05374816161616162 -0.2784816838521583 -0.06730278282828273
v 0.053207380721501295 -0.2775514545454545 -0.05387548989898977
v 0.05374816161616162 -0.27767717632699407 -0.05387548989898977
v 0.05374816161616162 -0.2775514545454545 -0.05337427859941935
v 0.06007147474747479 -0.2775514545454545 -0.2637321004747052
v 0.06007147474747479 -0.28269084296452013 -0.25528488383838377
v 0.06007147474747479 -0.28176023483331986 -0.2418575909090908
v 0.06007147474747479 -0.2775514545454545 -0.23919265827941738
v 0.06007147474747479 -0.2775514545454545 -0.20709045129848583
v 0.06007147474747479 -0.2803326339265499 -0.20157571212121206
v 0.06007147474747479 -0.2800998049893944 -0.18814841919191913
v 0.055034835620955756 -0.2775514545454545 -0.17472112626262618
v 0.06007147474747479 -0.2786529881511642 -0.17472112626262618
v 0.06007147474747479 -0.2775514545454545 -0.16448188328386096
v 0.05857147750933251 -0.2775514545454545 -0.10758466161616154
v 0.06007147474747479 -0.2775514545454545 -0.11165040376162351
v 0.06007147474747479 -0.27787256481860023 -0.10758466161616154
v 0.06007147474747479 -0.2787751722431727 -0.09415736868686861
v 0.06007147474747479 -0.27931108426057966 -0.08073007575757565
v 0.06007147474747479 -0.2795394322018738 -0.06730278282828273
v 0.06007147474747479 -0.27877716639173855 -0.05387548989898977
v 0.06007147474747479 -0.2775514545454545 -0.04863276724292655
v 0.06065245276378037 -0.2775514545454545 -0.26871217676767667
v 0.06639478787878789 -0.2775514545454545 -0.27819237874259767
v 0.06639478787878789 -0.28603267648389297 -0.26871217676767667
v 0.06639478787878789 -0.283237082521025 -0.25528488383838377
v 0.06639478787878789 -0.2827908526191 -0.2418575909090908
v 0.06639478787878789 -0.2775514545454545 -0.24023864568821995
v 0.06639478787878789 -0.2775514545454545 -0.2122337635942426
v 0.06639478787878789 -0.28158737328089894 -0.20157571212121206
v 0.06639478787878789 -0.28143118154271585 -0.18814841919191913
v 0.06639478787878789 -0.28022060905748397 -0.17472112626262618
v 0.06150536141864326 -0.2775514545454545 -0.16129383333333325
v 0.06639478787878789 -0.27883567895045364 -0.16129383333333325
v 0.06484556371443762 -0.2775514545454545 -0.1478665404040403
v 0.06639478787878789 -0.277955496504611 -0.1478665404040403
v 0.06560152087341228 -0.2775514545454545 -0.13443924747474736
v 0.06639478787878789 -0.2777431904348599 -0.13443924747474736
v 0.06311673088717504 -0.2775514545454545 -0.12101195454545449
v 0.06639478787878789 -0.27831684170440635 -0.12101195454545449
v 0.06639478787878789 -0.27911873349466443 -0.10758466161616154
v 0.06639478787878789 -0.27953579721681465 -0.09415736868686861
v 0.06639478787878789 -0.28027263505052097 -0.08073007575757565
v 0.06639478787878789 -0.2804048697812808 -0.06730278282828273
v 0.06639478787878789 -0.2797783451366686 -0.05387548989898977
v 0.06639478787878789 -0.2775514545454545 -0.04305658982708581
v 0.07271810101010107 -0.2775514545454545 -0.2770459941392146
v 0.07271810101010107 -0.28464028239559974 -0.26871217676767667
v 0.07271810101010107 -0.28407820510780685 -0.25528488383838377
v 0.07271810101010107 -0.28395557772253843 -0.2418575909090908
v 0.07271810101010107 -0.2775514545454545 -0.2381076473256992
v 0.06827434983901852 -0.2775514545454545 -0.215003005050505
v 0.07271810101010107 -0.2775514545454545 -0.21599217977270382
v 0.07271810101010107 -0.2790735830197943 -0.215003005050505
v 0.07271810101010107 -0.28284432320677494 -0.20157571212121206
v 0.07271810101010107 -0.2827684702063881 -0.18814841919191913
v 0.07271810101010107 -0.28148006737647757 -0.17472112626262618
v 0.07271810101010107 -0.28047124316471805 -0.16129383333333325
v 0.07271810101010107 -0.2796938706903791 -0.1478665404040403
v 0.07271810101010107 -0.2793182967634306 -0.13443924747474736
v 0.07271810101010107 -0.27974700596654767 -0.12101195454545449
v 0.07271810101010107 -0.28036758587095195 -0.10758466161616154
v 0.07271810101010107 -0.2806361081571434 -0.09415736868686861
v 0.07271810101010107 -0.2810636661970388 -0.08073007575757565
v 0.07271810101010107 -0.2810982661853948 -0.06730278282828273
v 0.07271810101010107 -0.2804988541139274 -0.05387548989898977
v 0.06991306394193265 -0.2775514545454545 -0.04044819696969691
v 0.07271810101010107 -0.2779252140932647 -0.04044819696969691
v 0.07271810101010107 -0.2775514545454545 -0.03987189049108382
v 0.07904141414141416 -0.2775514545454545 -0.2767306055327488
v 0.07904141414141416 -0.28421456516654914 -0.26871217676767667
v 0.07904141414141416 -0.2851707077883231 -0.25528488383838377
v 0.07904141414141416 -0.2852343091731934 -0.2418575909090908
v 0.07904141414141416 -0.2775514545454545 -0.23393947052403888
v 0.07904141414141416 -0.2775514545454545 -0.2197198167977213
v 0.07904141414141416 -0.28073610004526767 -0.215003005050505
v 0.07904141414141416 -0.2839833897772068 -0.20157571212121206
v 0.07904141414141416 -0.28395803865285674 -0.18814841919191913
v 0.07904141414141416 -0.28284639133511974 -0.17472112626262618
v 0.07904141414141416 -0.2820163114134314 -0.16129383333333325
v 0.07904141414141416 -0.2812999854999781 -0.1478665404040403
v 0.07904141414141416 -0.2809545384798648 -0.13443924747474736
v 0.07904141414141416 -0.2810573920300424 -0.12101195454545449
v 0.07904141414141416 -0.281343759888781 -0.10758466161616154
v 0.07904141414141416 -0.2815485297519278 -0.09415736868686861
v 0.07904141414141416 -0.281649402081241 -0.08073007575757565
v 0.07904141414141416 -0.28162822163277595 -0.06730278282828273
v 0.07904141414141416 -0.28101446823239434 -0.05387548989898977
v 0.07904141414141416 -0.2787664646056088 -0.04044819696969691
v 0.07904141414141416 -0.2775514545454545 -0.03838837413097617
v 0.08536472727272734 -0.2775514545454545 -0.28140344581776405
v 0.08536472727272734 -0.2900854408082797 -0.26871217676767667
v 0.08536472727272734 -0.2863589269673909 -0.25528488383838377
v 0.08536472727272734 -0.2865190527986972 -0.2418575909090908
v 0.08536472727272734 -0.2775514545454545 -0.2345431339335282
v 0.08536472727272734 -0.2775514545454545 -0.22001611910541613
v 0.08536472727272734 -0.2822397199954835 -0.215003005050505
v 0.08536472727272734 -0.28499791755524695 -0.20157571212121206
v 0.08536472727272734 -0.28492865910728205 -0.18814841919191913
v 0.08536472727272734 -0.2838523501688034 -0.17472112626262618
v 0.08536472727272734 -0.28323057958085174 -0.16129383333333325
v 0.08536472727272734 -0.2822467558560372 -0.1478665404040403
v 0.08536472727272734 -0.2820860255006207 -0.13443924747474736
v 0.08536472727272734 -0.2820135295913021 -0.12101195454545449
v 0.08536472727272734 -0.2821222390081085 -0.10758466161616154
v 0.08536472727272734 -0.28209401373044396 -0.09415736868686861
v 0.08536472727272734 -0.28184166017029316 -0.08073007575757565
v 0.08536472727272734 -0.28181252684681196 -0.06730278282828273
v 0.08536472727272734 -0.2811608913443475 -0.05387548989898977
v 0.08536472727272734 -0.27916569158455296 -0.04044819696969691
v 0.08536472727272734 -0.2775514545454545 -0.037074438202749284
v 0.09168804040404044 -0.2775514545454545 -0.277633558367403
v 0.09168804040404044 -0.28500070319426396 -0.26871217676767667
v 0.09168804040404044 -0.28765004223536733 -0.25528488383838377
v 0.09168804040404044 -0.2877497632208073 -0.2418575909090908
v 0.08818294451870073 -0.2775514545454545 -0.22843029797979786
v 0.09168804040404044 -0.2837706843320082 -0.22843029797979786
v 0.09168804040404044 -0.2837393235422054 -0.215003005050505
v 0.09168804040404044 -0.2857398142419743 -0.20157571212121206
v 0.09168804040404044 -0.2854942415321952 -0.18814841919191913
v 0.09168804040404044 -0.284545730344834 -0.17472112626262618
v 0.09168804040404044 -0.2838566145466019 -0.16129383333333325
v 0.09168804040404044 -0.2831608409054061 -0.1478665404040403
v 0.09168804040404044 -0.2827976711646686 -0.13443924747474736
v 0.09168804040404044 -0.2826864550849777 -0.12101195454545449
v 0.09168804040404044 -0.28256489703168924 -0.10758466161616154
v 0.09168804040404044 -0.2822168916368656 -0.09415736868686861
v 0.09168804040404044 -0.2818775366758276 -0.08073007575757565
v 0.09168804040404044 -0.2816382758573811 -0.06730278282828273
v 0.09168804040404044 -0.2808941880819145 -0.05387548989898977
v 0.09168804040404044 -0.2794060160526939 -0.04044819696969691
v 0.09168804040404044 -0.2775514545454545 -0.03561320734066184
v 0.09801135353535355 -0.2775514545454545 -0.2815061423498915
v 0.09801135353535355 -0.29023485931569987 -0.26871217676767667
v 0.09801135353535355 -0.28899616165216263 -0.25528488383838377
v 0.09801135353535355 -0.28866214253400035 -0.2418575909090908
v 0.09801135353535355 -0.2867013923176205 -0.22843029797979786
v 0.09801135353535355 -0.2845961157062123 -0.215003005050505
v 0.09801135353535355 -0.286042249919661 -0.20157571212121206
v 0.09801135353535355 -0.28557227097347415 -0.18814841919191913
v 0.09801135353535355 -0.28476230166948313 -0.17472112626262618
v 0.09801135353535355 -0.2841400127093213 -0.16129383333333325
v 0.09801135353535355 -0.2835971318198995 -0.1478665404040403
v 0.09801135353535355 -0.2831575657719654 -0.13443924747474736
v 0.09801135353535355 -0.2828385994395572 -0.12101195454545449
v 0.09801135353535355 -0.2824771392296261 -0.10758466161616154
v 0.09801135353535355 -0.2817885005313947 -0.09415736868686861
v 0.09801135353535355 -0.28125104349522045 -0.08073007575757565
v 0.09801135353535355 -0.2807437289380293 -0.06730278282828273
v 0.09801135353535355 -0.2798936315919336 -0.05387548989898977
v 0.09801135353535355 -0.27868282561017194 -0.04044819696969691
v 0.09801135353535355 -0.2775514545454545 -0.03685837775801402
v 0.10433466666666671 -0.2775514545454545 -0.2799977776894781
v 0.10433466666666671 -0.28800408888286844 -0.26871217676767667
v 0.10433466666666671 -0.2897128419752774 -0.25528488383838377
v 0.10433466666666671 -0.2888701778194379 -0.2418575909090908
v 0.10433466666666671 -0.2866616675947991 -0.22843029797979786
v 0.10433466666666671 -0.2855241816964275 -0.215003005050505
v 0.10433466666666671 -0.2859982908704912 -0.20157571212121206
v 0.10433466666666671 -0.28532156415411286 -0.18814841919191913
v 0.10433466666666671 -0.28476785208530053 -0.17472112626262618
v 0.10433466666666671 -0.2841932479592546 -0.16129383333333325
v 0.10433466666666671 -0.28366329734923384 -0.1478665404040403
v 0.10433466666666671 -0.28299928646012573 -0.13443924747474736
v 0.10433466666666671 -0.2824519811862693 -0.12101195454545449
v 0.10433466666666671 -0.28175038235522537 -0.10758466161616154
v 0.10433466666666671 -0.28066195107275443 -0.09415736868686861
v 0.10433466666666671 -0.2796316566549178 -0.08073007575757565
v 0.10433466666666671 -0.27853732638906137 -0.06730278282828273
v 0.10319561592112828 -0.2775514545454545 -0.05387548989898977
v 0.10433466666666671 -0.2775514545454545 -0.0579873353944845
v 0.10039060724029823 -0.2775514545454545 -0.04044819696969691
v 0.11065797979797981 -0.2775514545454545 -0.2808058172948674
v 0.11065797979797981 -0.2893400870687991 -0.26871217676767667
v 0.11065797979797981 -0.289469229987277 -0.25528488383838377
v 0.11065797979797981 -0.28811265118309853 -0.2418575909090908
v 0.11065797979797981 -0.2877137034585398 -0.22843029797979786
v 0.11065797979797981 -0.28638095989972673 -0.215003005050505
v 0.11065797979797981 -0.2864074193280583 -0.20157571212121206
v 0.11065797979797981 -0.28562538051458936 -0.18814841919191913
v 0.11065797979797981 -0.2854340011597674 -0.17472112626262618
v 0.11065797979797981 -0.28463526590080185 -0.16129383333333325
v 0.11065797979797981 -0.28350627490034636 -0.1478665404040403
v 0.11065797979797981 -0.2823197829047001 -0.13443924747474736
v 0.11065797979797981 -0.2811057352944758 -0.12101195454545449
v 0.11065797979797981 -0.2786571755774107 -0.10758466161616154
v 0.10793069831194821 -0.2775514545454545 -0.09415736868686861
v 0.11065797979797981 -0.2775514545454545 -0.10253493177278361
v 0.10605962657939327 -0.2775514545454545 -0.08073007575757565
v 0.10498984622117141 -0.2775514545454545 -0.06730278282828273
v 0.11698129292929299 -0.2775514545454545 -0.2809929442747206
v 0.11698129292929299 -0.28980432652227434 -0.26871217676767667
v 0.11698129292929299 -0.2892314226030635 -0.25528488383838377
v 0.11698129292929299 -0.28794919077564607 -0.2418575909090908
v 0.11698129292929299 -0.287551552121973 -0.22843029797979786
v 0.11698129292929299 -0.2890324294390762 -0.215003005050505
v 0.11698129292929299 -0.28880158547468704 -0.20157571212121206
v 0.11698129292929299 -0.2847809812851834 -0.18814841919191913
v 0.11698129292929299 -0.2874503589671534 -0.17472112626262618
v 0.11698129292929299 -0.2876473782150458 -0.16129383333333325
v 0.11314715269488274 -0.2775514545454545 -0.1478665404040403
v 0.11698129292929299 -0.2775514545454545 -0.1506547073321915
v 0.1120196419302364 -0.2775514545454545 -0.13443924747474736
v 0.11116230007277123 -0.2775514545454545 -0.12101195454545449
v 0.11083681041453358 -0.2775514545454545 -0.10758466161616154
v 0.122065179182739 -0.2775514545454545 -0.26871217676767667
v 0.1226584850369068 -0.2775514545454545 -0.25528488383838377
v 0.12260311878568325 -0.2775514545454545 -0.2418575909090908
v 0.12171719939270616 -0.2775514545454545 -0.22843029797979786
v 0.12248952988944459 -0.2775514545454545 -0.215003005050505
v 0.12219409258301121 -0.2775514545454545 -0.20157571212121206
v 0.11994140327249109 -0.2775514545454545 -0.18814841919191913
v 0.12055943847681524 -0.2775514545454545 -0.17472112626262618
v 0.12006883014391069 -0.2775514545454545 -0.16129383333333325
v -0.1233348428116549 -0.26385727272727266 -0.17472112626262618
v -0.12330460606060606 -0.26385727272727266 -0.17502151487506074
v -0.12330460606060606 -0.2638715747308266 -0.17472112626262618
v -0.12516553200998848 -0.26385727272727266 -0.16129383333333325
v -0.12330460606060606 -0.26449792568110553 -0.16129383333333325
v -0.12642593942703528 -0.26385727272727266 -0.1478665404040403
v -0.12330460606060606 -0.26525669979533884 -0.1478665404040403
v -0.1268893848835263 -0.26385727272727266 -0.13443924747474736
v -0.12330460606060606 -0.265450184747183 -0.13443924747474736
v -0.12704172939965913 -0.26385727272727266 -0.12101195454545449
v -0.12330460606060606 -0.26543347796672473 -0.12101195454545449
v -0.12698678253120152 -0.26385727272727266 -0.10758466161616154
v -0.12330460606060606 -0.2657169295261372 -0.10758466161616154
v -0.1265387183989816 -0.26385727272727266 -0.09415736868686861
v -0.12330460606060606 -0.2657607485055829 -0.09415736868686861
v -0.12636692055115656 -0.26385727272727266 -0.08073007575757565
v -0.12330460606060606 -0.2658120743424325 -0.08073007575757565
v -0.12583660286405557 -0.26385727272727266 -0.06730278282828273
v -0.12330460606060606 -0.2655907374357969 -0.06730278282828273
v -0.12462550203956925 -0.26385727272727266 -0.05387548989898977
v -0.12330460606060606 -0.2648477021384342 -0.05387548989898977
v -0.12342301736573448 -0.26385727272727266 -0.04044819696969691
v -0.12330460606060606 -0.2639512152460815 -0.04044819696969691
v -0.12330460606060606 -0.26385727272727266 -0.03972113267228864
v -0.11698129292929292 -0.2644300498672725 -0.26871217676767667
v -0.12009902987770997 -0.26385727272727266 -0.25528488383838377
v -0.11698129292929292 -0.26385727272727266 -0.2671242590303279
v -0.12147987419054358 -0.26385727272727266 -0.2418575909090908
v -0.12068288013596629 -0.26385727272727266 -0.22843029797979786
v -0.12225078432547862 -0.26385727272727266 -0.215003005050505
v -0.12214701214880738 -0.26385727272727266 -0.20157571212121206
v -0.12224412353089929 -0.26385727272727266 -0.18814841919191913
v -0.11698129292929292 -0.2715038280643537 -0.1478665404040403
v -0.11698129292929292 -0.2700725654379355 -0.13443924747474736
v -0.11698129292929292 -0.2682962746843319 -0.12101195454545449
v -0.11698129292929292 -0.2696442468334408 -0.10758466161616154
v -0.11698129292929292 -0.27068273085380634 -0.09415736868686861
v -0.11698129292929292 -0.271199695997956 -0.08073007575757565
v -0.11698129292929292 -0.27192659505109235 -0.06730278282828273
v -0.11698129292929292 -0.27223536848318325 -0.05387548989898977
v -0.11698129292929292 -0.27343601600189665 -0.04044819696969691
v -0.12309581392127052 -0.26385727272727266 -0.02702090404040397
v -0.11698129292929292 -0.2751939396313857 -0.02702090404040397
v -0.12252091461427715 -0.26385727272727266 -0.013593611111111029
v -0.11698129292929292 -0.27521432289961273 -0.013593611111111029
v -0.11698129292929292 -0.26385727272727266 -0.0034048145773159905
v -0.11557793746503445 -0.26385727272727266 -0.26871217676767667
v -0.11065797979797978 -0.26385727272727266 -0.2806465708954479
v -0.11065797979797978 -0.27716077387147925 -0.09415736868686861
v -0.11065797979797978 -0.2762881594525527 -0.08073007575757565
v -0.11065797979797978 -0.27574075265876247 -0.06730278282828273
v -0.11065797979797978 -0.2753207830227792 -0.05387548989898977
v -0.11065797979797978 -0.2752099160104715 -0.04044819696969691
v -0.11065797979797978 -0.27495981849730566 -0.02702090404040397
v -0.11065797979797978 -0.274346367866184 -0.013593611111111029
v -0.11065797979797978 -0.26385727272727266 -0.0005381543284273384
v -0.10689527409819036 -0.26385727272727266 -0.2821394696969696
v -0.10433466666666665 -0.26385727272727266 -0.2844721973740353
v -0.10433466666666665 -0.26591637097465964 -0.2821394696969696
v -0.10433466666666665 -0.2773758523975019 -0.04044819696969691
v -0.10433466666666665 -0.27615027852142576 -0.02702090404040397
v -0.10433466666666665 -0.2735714557377799 -0.013593611111111029
v -0.10433466666666665 -0.26385727272727266 -0.0017545879923558658
v -0.09801135353535351 -0.26385727272727266 -0.28592072717229894
v -0.09801135353535351 -0.2666624786491789 -0.2821394696969696
v -0.09801135353535351 -0.27673674971093565 -0.02702090404040397
v -0.09801135353535351 -0.2730908420048863 -0.013593611111111029
v -0.09801135353535351 -0.26385727272727266 -0.004244612260804165
v -0.09168804040404037 -0.26385727272727266 -0.28647341847670377
v -0.09168804040404037 -0.26689878553450325 -0.2821394696969696
v -0.09168804040404037 -0.2766692631852264 -0.02702090404040397
v -0.09168804040404037 -0.2716406712045618 -0.013593611111111029
v -0.09168804040404037 -0.26385727272727266 -0.006484723289252954
v -0.08536472727272727 -0.26385727272727266 -0.2866041781407307
v -0.08536472727272727 -0.2664893727425112 -0.2821394696969696
v -0.08536472727272727 -0.27602244503750367 -0.02702090404040397
v -0.08536472727272727 -0.2700175444737118 -0.013593611111111029
v -0.08536472727272727 -0.26385727272727266 -0.009173826622909857
v -0.07904141414141413 -0.26385727272727266 -0.2863209788525489
v -0.07904141414141413 -0.26615046324760877 -0.2821394696969696
v -0.07904141414141413 -0.2751574826301072 -0.02702090404040397
v -0.07904141414141413 -0.2673846587461303 -0.013593611111111029
v -0.07904141414141413 -0.26385727272727266 -0.011281890201534578
v -0.072718101010101 -0.26385727272727266 -0.2857720537963262
v -0.072718101010101 -0.2657654558556638 -0.2821394696969696
v -0.072718101010101 -0.2775108081518607 -0.22843029797979786
v -0.072718101010101 -0.27440911103741267 -0.02702090404040397
v -0.07336147957111736 -0.26385727272727266 -0.013593611111111029
v -0.072718101010101 -0.26385727272727266 -0.014292296732393545
v -0.06639478787878786 -0.26385727272727266 -0.2851810414794597
v -0.06639478787878786 -0.26538895523383255 -0.2821394696969696
v -0.06639478787878786 -0.2726053167360573 -0.22843029797979786
v -0.06639478787878786 -0.27372832742185527 -0.02702090404040397
v -0.06639478787878786 -0.26385727272727266 -0.018360894272899466
v -0.06007147474747472 -0.26385727272727266 -0.2841985173374918
v -0.06007147474747472 -0.26481724615930213 -0.2821394696969696
v -0.06007147474747472 -0.27577591506168037 -0.26871217676767667
v -0.06007147474747472 -0.27460844848659316 -0.22843029797979786
v -0.06007147474747472 -0.27729081967248537 -0.04044819696969691
v -0.06007147474747472 -0.27273621223333705 -0.02702090404040397
v -0.06007147474747472 -0.26385727272727266 -0.020078713041946337
v -0.05374816161616158 -0.26385727272727266 -0.2836135070914495
v -0.05374816161616158 -0.26452003034890176 -0.2821394696969696
v -0.05374816161616158 -0.26491162314656647 -0.26871217676767667
v -0.05374816161616158 -0.2690495893289759 -0.22843029797979786
v -0.05374816161616158 -0.2774412331343946 -0.215003005050505
v -0.05374816161616158 -0.2764048731814268 -0.04044819696969691
v -0.05374816161616158 -0.27190051244339725 -0.02702090404040397
v -0.05374816161616158 -0.26385727272727266 -0.02208273960611192
v -0.04742484848484848 -0.26385727272727266 -0.28292052891035024
v -0.04742484848484848 -0.26421485542585077 -0.2821394696969696
v -0.04742484848484848 -0.2712716326246696 -0.26871217676767667
v -0.04742484848484848 -0.27215717701119635 -0.22843029797979786
v -0.04742484848484848 -0.2766891961165951 -0.215003005050505
v -0.04742484848484848 -0.27731404931240833 -0.16129383333333325
v -0.04742484848484848 -0.2761306006753195 -0.1478665404040403
v -0.04742484848484848 -0.27599412069575774 -0.13443924747474736
v -0.04742484848484848 -0.2764760303054328 -0.12101195454545449
v -0.04742484848484848 -0.277288250957768 -0.10758466161616154
v -0.04742484848484848 -0.2753766128063493 -0.04044819696969691
v -0.04742484848484848 -0.27102762194442437 -0.02702090404040397
v -0.04742484848484848 -0.26385727272727266 -0.022483468205748296
v -0.04110153535353534 -0.26385727272727266 -0.28232872363664413
v -0.04110153535353534 -0.2639392457155491 -0.2821394696969696
v -0.04110153535353534 -0.26636842983330533 -0.26871217676767667
v -0.04110153535353534 -0.2697470233175588 -0.22843029797979786
v -0.04110153535353534 -0.2757970527317139 -0.215003005050505
v -0.04110153535353534 -0.2772892901310379 -0.17472112626262618
v -0.04110153535353534 -0.27550235708863313 -0.16129383333333325
v -0.04110153535353534 -0.2744823570800719 -0.1478665404040403
v -0.04110153535353534 -0.2743681511700563 -0.13443924747474736
v -0.04110153535353534 -0.2748347546293169 -0.12101195454545449
v -0.04110153535353534 -0.2756837367411188 -0.10758466161616154
v -0.04110153535353534 -0.27656122076439027 -0.09415736868686861
v -0.04110153535353534 -0.27718624809078835 -0.08073007575757565
v -0.04110153535353534 -0.2769312217556599 -0.06730278282828273
v -0.04110153535353534 -0.2762039223021541 -0.05387548989898977
v -0.04110153535353534 -0.27420019951711194 -0.04044819696969691
v -0.04110153535353534 -0.2700562456639598 -0.02702090404040397
v -0.04110153535353534 -0.26385727272727266 -0.023598938626453382
v -0.03923885922338586 -0.26385727272727266 -0.2821394696969696
v -0.0347782222222222 -0.26385727272727266 -0.2819732835738017
v -0.0347782222222222 -0.2668698994086043 -0.26871217676767667
v -0.0347782222222222 -0.27062668060550804 -0.22843029797979786
v -0.0347782222222222 -0.27515677728578763 -0.215003005050505
v -0.0347782222222222 -0.2774995541542697 -0.18814841919191913
v -0.0347782222222222 -0.27558227708663596 -0.17472112626262618
v -0.0347782222222222 -0.273854689783086 -0.16129383333333325
v -0.0347782222222222 -0.2729296827604074 -0.1478665404040403
v -0.0347782222222222 -0.27283808167681195 -0.13443924747474736
v -0.0347782222222222 -0.2732101515235314 -0.12101195454545449
v -0.0347782222222222 -0.27374873532025523 -0.10758466161616154
v -0.0347782222222222 -0.2745769096799317 -0.09415736868686861
v -0.0347782222222222 -0.27506932848740095 -0.08073007575757565
v -0.0347782222222222 -0.2748887289607155 -0.06730278282828273
v -0.0347782222222222 -0.2744115822918083 -0.05387548989898977
v -0.0347782222222222 -0.272755121662059 -0.04044819696969691
v -0.0347782222222222 -0.26882364856488467 -0.02702090404040397
v -0.0347782222222222 -0.26385727272727266 -0.02426661921377257
v -0.028454909090909065 -0.26385727272727266 -0.2812284139933786
v -0.028454909090909065 -0.2684477290618446 -0.26871217676767667
v -0.028454909090909065 -0.27111652358813787 -0.22843029797979786
v -0.028454909090909065 -0.274845731230423 -0.215003005050505
v -0.028454909090909065 -0.27675176596417095 -0.20157571212121206
v -0.028454909090909065 -0.2755142969733171 -0.18814841919191913
v -0.028454909090909065 -0.27404693380716943 -0.17472112626262618
v -0.028454909090909065 -0.27230718159460315 -0.16129383333333325
v -0.028454909090909065 -0.27141642559109125 -0.1478665404040403
v -0.028454909090909065 -0.2713635726114666 -0.13443924747474736
v -0.028454909090909065 -0.2714279823416972 -0.12101195454545449
v -0.028454909090909065 -0.2717930296913318 -0.10758466161616154
v -0.028454909090909065 -0.2723405958172998 -0.09415736868686861
v -0.028454909090909065 -0.27269612188361425 -0.08073007575757565
v -0.028454909090909065 -0.2725725343753798 -0.06730278282828273
v -0.028454909090909065 -0.2721292995937751 -0.05387548989898977
v -0.028454909090909065 -0.27090195499619363 -0.04044819696969691
v -0.028454909090909065 -0.2672379889089526 -0.02702090404040397
v -0.028454909090909065 -0.26385727272727266 -0.02514266261609708
v -0.022131595959595927 -0.26385727272727266 -0.2807461808064571
v -0.022131595959595927 -0.2646802628041185 -0.26871217676767667
v -0.022131595959595927 -0.27021885588238953 -0.22843029797979786
v -0.022131595959595927 -0.27406068518787646 -0.215003005050505
v -0.022131595959595927 -0.27538043998795597 -0.20157571212121206
v -0.022131595959595927 -0.27397314545348017 -0.18814841919191913
v -0.022131595959595927 -0.2723926675851199 -0.17472112626262618
v -0.022131595959595927 -0.27096605236934906 -0.16129383333333325
v -0.022131595959595927 -0.27008538453027825 -0.1478665404040403
v -0.022131595959595927 -0.2697134224682821 -0.13443924747474736
v -0.022131595959595927 -0.2696268776467808 -0.12101195454545449
v -0.022131595959595927 -0.2696040146210544 -0.10758466161616154
v -0.022131595959595927 -0.2698191069801478 -0.09415736868686861
v -0.022131595959595927 -0.2698836282009682 -0.08073007575757565
v -0.022131595959595927 -0.2695105184269059 -0.06730278282828273
v -0.022131595959595927 -0.2691468986390795 -0.05387548989898977
v -0.022131595959595927 -0.26808381824169153 -0.04044819696969691
v -0.022131595959595927 -0.26480149481247406 -0.02702090404040397
v -0.022131595959595927 -0.26385727272727266 -0.02650220534110287
v -0.015808282828282793 -0.26385727272727266 -0.2798545542531417
v -0.015808282828282793 -0.2695164771677569 -0.26871217676767667
v -0.015808282828282793 -0.27712817973117293 -0.2418575909090908
v -0.015808282828282793 -0.27193001968401725 -0.22843029797979786
v -0.015808282828282793 -0.2734503237337215 -0.215003005050505
v -0.015808282828282793 -0.2737378331011007 -0.20157571212121206
v -0.015808282828282793 -0.27245927942213044 -0.18814841919191913
v -0.015808282828282793 -0.2711572595128802 -0.17472112626262618
v -0.015808282828282793 -0.2699467733270514 -0.16129383333333325
v -0.015808282828282793 -0.26902304284638084 -0.1478665404040403
v -0.015808282828282793 -0.26838220635985416 -0.13443924747474736
v -0.015808282828282793 -0.26781831532535294 -0.12101195454545449
v -0.015808282828282793 -0.26726340830465156 -0.10758466161616154
v -0.015808282828282793 -0.2666752293963722 -0.09415736868686861
v -0.015808282828282793 -0.26604195920030366 -0.08073007575757565
v -0.015808282828282793 -0.264815250166807 -0.06730278282828273
v -0.015808282828282793 -0.26389038212986743 -0.05387548989898977
v -0.017328810119583017 -0.26385727272727266 -0.04044819696969691
v -0.015808282828282793 -0.26385727272727266 -0.05358456094847683
v -0.020908366703485292 -0.26385727272727266 -0.02702090404040397
v -0.009484969696969688 -0.26385727272727266 -0.2786007367778853
v -0.009484969696969688 -0.26523164967804436 -0.26871217676767667
v -0.009484969696969688 -0.27554552895855344 -0.2418575909090908
v -0.009484969696969688 -0.2709079446147401 -0.22843029797979786
v -0.009484969696969688 -0.2725236730368144 -0.215003005050505
v -0.009484969696969688 -0.27253358655430177 -0.20157571212121206
v -0.009484969696969688 -0.2715967358740267 -0.18814841919191913
v -0.009484969696969688 -0.2707358302473407 -0.17472112626262618
v -0.009484969696969688 -0.26992738218497453 -0.16129383333333325
v -0.009484969696969688 -0.26904985414431076 -0.1478665404040403
v -0.009484969696969688 -0.26773219551586813 -0.13443924747474736
v -0.009484969696969688 -0.2660175586067079 -0.12101195454545449
v -0.010803707040720086 -0.26385727272727266 -0.10758466161616154
v -0.009484969696969688 -0.26385727272727266 -0.11045312679326144
v -0.01339024573454269 -0.26385727272727266 -0.09415736868686861
v -0.014396984569095132 -0.26385727272727266 -0.08073007575757565
v -0.015361594784947604 -0.26385727272727266 -0.06730278282828273
v -0.015793543317691755 -0.26385727272727266 -0.05387548989898977
v -0.003161656565656551 -0.26385727272727266 -0.27270461474139146
v -0.003161656565656551 -0.2648057071252826 -0.26871217676767667
v -0.003161656565656551 -0.27336609772093423 -0.25528488383838377
v -0.003161656565656551 -0.27213172136897 -0.2418575909090908
v -0.003161656565656551 -0.27165999904687066 -0.22843029797979786
v -0.003161656565656551 -0.2715914729082555 -0.215003005050505
v -0.003161656565656551 -0.2721610163646479 -0.20157571212121206
v -0.003161656565656551 -0.2725791491976243 -0.18814841919191913
v -0.003161656565656551 -0.27186052985117276 -0.17472112626262618
v -0.003161656565656551 -0.27307288618466685 -0.16129383333333325
v -0.003161656565656551 -0.2738790610273298 -0.1478665404040403
v -0.003161656565656551 -0.26946245532115104 -0.13443924747474736
v -0.007443410077827604 -0.26385727272727266 -0.12101195454545449
v -0.003161656565656551 -0.26385727272727266 -0.12453390900615553
v 0.003161656565656586 -0.26385727272727266 -0.27295734997134646
v 0.003161656565656586 -0.2648677856365293 -0.26871217676767667
v 0.003161656565656586 -0.27334654926652746 -0.25528488383838377
v 0.003161656565656586 -0.2721196624096339 -0.2418575909090908
v 0.003161656565656586 -0.27169802883318456 -0.22843029797979786
v 0.003161656565656586 -0.27155176760339284 -0.215003005050505
v 0.003161656565656586 -0.27213190994989556 -0.20157571212121206
v 0.003161656565656586 -0.27256113251680997 -0.18814841919191913
v 0.003161656565656586 -0.27184301828335794 -0.17472112626262618
v 0.003161656565656586 -0.2730609717597094 -0.16129383333333325
v 0.003161656565656586 -0.2738707240170547 -0.1478665404040403
v 0.003161656565656586 -0.26944480738847193 -0.13443924747474736
v 0.003161656565656586 -0.26385727272727266 -0.12456214983055038
v 0.009484969696969759 -0.26385727272727266 -0.278743142446969
v 0.009484969696969759 -0.26521981084964574 -0.26871217676767667
v 0.009484969696969759 -0.27548628470832365 -0.2418575909090908
v 0.009484969696969759 -0.2710548730326261 -0.22843029797979786
v 0.009484969696969759 -0.27240541401975654 -0.215003005050505
v 0.009484969696969759 -0.27238810165900534 -0.20157571212121206
v 0.009484969696969759 -0.271455096992306 -0.18814841919191913
v 0.009484969696969759 -0.27061629184718666 -0.17472112626262618
v 0.009484969696969759 -0.26980615211542197 -0.16129383333333325
v 0.009484969696969759 -0.2689422557994977 -0.1478665404040403
v 0.009484969696969759 -0.2676207662653527 -0.13443924747474736
v 0.007539393339593149 -0.26385727272727266 -0.12101195454545449
v 0.009484969696969759 -0.2658901112725658 -0.12101195454545449
v 0.009484969696969759 -0.26385727272727266 -0.11109687564675066
v 0.015808282828282862 -0.26385727272727266 -0.2798582976637366
v 0.015808282828282862 -0.26950599872648023 -0.26871217676767667
v 0.015808282828282862 -0.27705073180181894 -0.2418575909090908
v 0.015808282828282862 -0.2718666203068522 -0.22843029797979786
v 0.015808282828282862 -0.27299786269637366 -0.215003005050505
v 0.015808282828282862 -0.27333371026953673 -0.20157571212121206
v 0.015808282828282862 -0.2720366626237467 -0.18814841919191913
v 0.015808282828282862 -0.2707185510863992 -0.17472112626262618
v 0.015808282828282862 -0.26958252806375427 -0.16129383333333325
v 0.015808282828282862 -0.26869923747345936 -0.1478665404040403
v 0.015808282828282862 -0.2680698693541132 -0.13443924747474736
v 0.015808282828282862 -0.2675108010530195 -0.12101195454545449
v 0.011154228892916625 -0.26385727272727266 -0.10758466161616154
v 0.015808282828282862 -0.26694312585900576 -0.10758466161616154
v 0.013630200290058875 -0.26385727272727266 -0.09415736868686861
v 0.015808282828282862 -0.26636192297338956 -0.09415736868686861
v 0.014559144681649098 -0.26385727272727266 -0.08073007575757565
v 0.015808282828282862 -0.26576065817216815 -0.08073007575757565
v 0.015460113648937273 -0.26385727272727266 -0.06730278282828273
v 0.015808282828282862 -0.26459005109982103 -0.06730278282828273
v 0.015808282828282862 -0.26385727272727266 -0.055750259262188205
v 0.022131595959595962 -0.26385727272727266 -0.2806093665426527
v 0.022131595959595962 -0.26465526447659404 -0.26871217676767667
v 0.022131595959595962 -0.2704708697467376 -0.22843029797979786
v 0.022131595959595962 -0.27342723879388664 -0.215003005050505
v 0.022131595959595962 -0.2744671834008934 -0.20157571212121206
v 0.022131595959595962 -0.2731997352013829 -0.18814841919191913
v 0.022131595959595962 -0.271514536039089 -0.17472112626262618
v 0.022131595959595962 -0.2702012592581126 -0.16129383333333325
v 0.022131595959595962 -0.26941006605247814 -0.1478665404040403
v 0.022131595959595962 -0.2690816619647486 -0.13443924747474736
v 0.022131595959595962 -0.2690426840155491 -0.12101195454545449
v 0.022131595959595962 -0.2690985387926568 -0.10758466161616154
v 0.022131595959595962 -0.269278857968758 -0.09415736868686861
v 0.022131595959595962 -0.26939573264967603 -0.08073007575757565
v 0.022131595959595962 -0.2690888902842304 -0.06730278282828273
v 0.015959649746991447 -0.26385727272727266 -0.05387548989898977
v 0.022131595959595962 -0.2687691883709276 -0.05387548989898977
v 0.01772607140249727 -0.26385727272727266 -0.04044819696969691
v 0.022131595959595962 -0.26761918104523724 -0.04044819696969691
v 0.021101697955541496 -0.26385727272727266 -0.02702090404040397
v 0.022131595959595962 -0.2646527593087304 -0.02702090404040397
v 0.022131595959595962 -0.26385727272727266 -0.026579515697807456
v 0.028454909090909135 -0.26385727272727266 -0.281018021343309
v 0.028454909090909135 -0.2683118721620181 -0.26871217676767667
v 0.028454909090909135 -0.27118417330221295 -0.22843029797979786
v 0.028454909090909135 -0.2739628538426669 -0.215003005050505
v 0.028454909090909135 -0.275463756452259 -0.20157571212121206
v 0.028454909090909135 -0.27432852656300927 -0.18814841919191913
v 0.028454909090909135 -0.2725940099221765 -0.17472112626262618
v 0.028454909090909135 -0.2709952626984095 -0.16129383333333325
v 0.028454909090909135 -0.27025205514690165 -0.1478665404040403
v 0.028454909090909135 -0.27027932609215705 -0.13443924747474736
v 0.028454909090909135 -0.2704771872376098 -0.12101195454545449
v 0.028454909090909135 -0.270952043132901 -0.10758466161616154
v 0.028454909090909135 -0.2715077882473182 -0.09415736868686861
v 0.028454909090909135 -0.27193546420518067 -0.08073007575757565
v 0.028454909090909135 -0.2718919292751839 -0.06730278282828273
v 0.028454909090909135 -0.27156511749566065 -0.05387548989898977
v 0.028454909090909135 -0.27031737934562206 -0.04044819696969691
v 0.028454909090909135 -0.26695694003651077 -0.02702090404040397
v 0.028454909090909135 -0.26385727272727266 -0.025259730807285122
v 0.03477822222222224 -0.26385727272727266 -0.28161384052311106
v 0.03477822222222224 -0.26678275963424153 -0.26871217676767667
v 0.03477822222222224 -0.27062687285624876 -0.22843029797979786
v 0.03477822222222224 -0.2740128311348531 -0.215003005050505
v 0.03477822222222224 -0.2763182315735872 -0.20157571212121206
v 0.03477822222222224 -0.2754992984126399 -0.18814841919191913
v 0.03477822222222224 -0.2734652037009939 -0.17472112626262618
v 0.03477822222222224 -0.27185909866705726 -0.16129383333333325
v 0.03477822222222224 -0.27115731682813426 -0.1478665404040403
v 0.03477822222222224 -0.2712228492857308 -0.13443924747474736
v 0.03477822222222224 -0.2718020402521812 -0.12101195454545449
v 0.03477822222222224 -0.272521657396242 -0.10758466161616154
v 0.03477822222222224 -0.27339291662898746 -0.09415736868686861
v 0.03477822222222224 -0.2739972819159984 -0.08073007575757565
v 0.03477822222222224 -0.27395920627314346 -0.06730278282828273
v 0.03477822222222224 -0.2736485114711667 -0.05387548989898977
v 0.03477822222222224 -0.2721204428375521 -0.04044819696969691
v 0.03477822222222224 -0.26850356384749635 -0.02702090404040397
v 0.03477822222222224 -0.26385727272727266 -0.024431824895716506
v 0.04110153535353541 -0.26385727272727266 -0.2818563180312473
v 0.04110153535353541 -0.26631156698621056 -0.26871217676767667
v 0.04110153535353541 -0.27000183338734113 -0.22843029797979786
v 0.04110153535353541 -0.2743367145208952 -0.215003005050505
v 0.04110153535353541 -0.27709832050925315 -0.20157571212121206
v 0.04110153535353541 -0.27659847222339545 -0.18814841919191913
v 0.04110153535353541 -0.2744900533524327 -0.17472112626262618
v 0.04110153535353541 -0.2727731747287098 -0.16129383333333325
v 0.04110153535353541 -0.272047045691192 -0.1478665404040403
v 0.04110153535353541 -0.2721719456306792 -0.13443924747474736
v 0.04110153535353541 -0.2729465434943222 -0.12101195454545449
v 0.04110153535353541 -0.2739794162919124 -0.10758466161616154
v 0.04110153535353541 -0.2750833791597708 -0.09415736868686861
v 0.04110153535353541 -0.27579246728695206 -0.08073007575757565
v 0.04110153535353541 -0.27574392410395554 -0.06730278282828273
v 0.04110153535353541 -0.2752558871148895 -0.05387548989898977
v 0.04110153535353541 -0.2735024613359854 -0.04044819696969691
v 0.04110153535353541 -0.2696901899623981 -0.02702090404040397
v 0.04110153535353541 -0.26385727272727266 -0.023750730418536366
v 0.047424848484848514 -0.26385727272727266 -0.28202452435127984
v 0.047424848484848514 -0.2709775998413281 -0.26871217676767667
v 0.047424848484848514 -0.2714753853541097 -0.22843029797979786
v 0.047424848484848514 -0.27525493107614374 -0.215003005050505
v 0.047424848484848514 -0.2775332182715068 -0.18814841919191913
v 0.047424848484848514 -0.27572449807219795 -0.17472112626262618
v 0.047424848484848514 -0.27387210289670727 -0.16129383333333325
v 0.047424848484848514 -0.27305534225554073 -0.1478665404040403
v 0.047424848484848514 -0.2732037690256587 -0.13443924747474736
v 0.047424848484848514 -0.2741070604426522 -0.12101195454545449
v 0.047424848484848514 -0.2752468308306954 -0.10758466161616154
v 0.047424848484848514 -0.2764754072491202 -0.09415736868686861
v 0.047424848484848514 -0.27691346083405477 -0.08073007575757565
v 0.047424848484848514 -0.27717044706290356 -0.06730278282828273
v 0.047424848484848514 -0.27652429806407886 -0.05387548989898977
v 0.047424848484848514 -0.2745735167065301 -0.04044819696969691
v 0.047424848484848514 -0.2706271501204918 -0.02702090404040397
v 0.047424848484848514 -0.26385727272727266 -0.022752619812932157
v 0.05003063902586057 -0.26385727272727266 -0.2821394696969696
v 0.05374816161616162 -0.26385727272727266 -0.28252413518560787
v 0.05374816161616162 -0.2640285010657146 -0.2821394696969696
v 0.05374816161616162 -0.2648503971276146 -0.26871217676767667
v 0.05374816161616162 -0.2690210980038254 -0.22843029797979786
v 0.05374816161616162 -0.27538154694951766 -0.215003005050505
v 0.05374816161616162 -0.2772276381026032 -0.17472112626262618
v 0.05374816161616162 -0.27528605710970955 -0.16129383333333325
v 0.05374816161616162 -0.2743408012289555 -0.1478665404040403
v 0.05374816161616162 -0.27441268099721255 -0.13443924747474736
v 0.05374816161616162 -0.27535377895637664 -0.12101195454545449
v 0.05374816161616162 -0.27653141959922867 -0.10758466161616154
v 0.05374816161616162 -0.2754970952488476 -0.04044819696969691
v 0.05374816161616162 -0.27136427361273835 -0.02702090404040397
v 0.05374816161616162 -0.26385727272727266 -0.022376809775706226
v 0.06007147474747479 -0.26385727272727266 -0.282654909355086
v 0.06007147474747479 -0.2640893519140666 -0.2821394696969696
v 0.06007147474747479 -0.2752317205057724 -0.26871217676767667
v 0.06007147474747479 -0.2730967445028634 -0.22843029797979786
v 0.06007147474747479 -0.2763228018396097 -0.215003005050505
v 0.06007147474747479 -0.2770743274607252 -0.16129383333333325
v 0.06007147474747479 -0.2760125067333538 -0.1478665404040403
v 0.06007147474747479 -0.27594499192006144 -0.13443924747474736
v 0.06007147474747479 -0.2767328212835128 -0.12101195454545449
v 0.06007147474747479 -0.2763114752604137 -0.04044819696969691
v 0.06007147474747479 -0.2721283340611525 -0.02702090404040397
v 0.06007147474747479 -0.26385727272727266 -0.02045428255994635
v 0.06639478787878789 -0.26385727272727266 -0.28386372658806747
v 0.06639478787878789 -0.2646981125002866 -0.2821394696969696
v 0.06639478787878789 -0.2704160093406085 -0.22843029797979786
v 0.06639478787878789 -0.2772055589001787 -0.215003005050505
v 0.06639478787878789 -0.277188816395619 -0.04044819696969691
v 0.06639478787878789 -0.27305773326958005 -0.02702090404040397
v 0.06639478787878789 -0.26385727272727266 -0.018793049404543658
v 0.07271810101010107 -0.26385727272727266 -0.2845286427514459
v 0.07271810101010107 -0.2650707657056424 -0.2821394696969696
v 0.07271810101010107 -0.27299470827930683 -0.22843029797979786
v 0.07271810101010107 -0.27368704349608386 -0.02702090404040397
v 0.07271810101010107 -0.26385727272727266 -0.014845950978836602
v 0.07904141414141416 -0.26385727272727266 -0.2851666118248968
v 0.07904141414141416 -0.2654616680268746 -0.2821394696969696
v 0.07904141414141416 -0.27565820251295653 -0.22843029797979786
v 0.07904141414141416 -0.2744038751958745 -0.02702090404040397
v 0.07388052490862648 -0.26385727272727266 -0.013593611111111029
v 0.07904141414141416 -0.2669147542664055 -0.013593611111111029
v 0.07904141414141416 -0.26385727272727266 -0.011639370963041525
v 0.08536472727272734 -0.26385727272727266 -0.28558242009880674
v 0.08536472727272734 -0.26582912869877023 -0.2821394696969696
v 0.08536472727272734 -0.27498767937738294 -0.22843029797979786
v 0.08536472727272734 -0.2752623271596337 -0.02702090404040397
v 0.08536472727272734 -0.2695831167227875 -0.013593611111111029
v 0.08536472727272734 -0.26385727272727266 -0.009592326242697131
v 0.09168804040404044 -0.26385727272727266 -0.2854544592042395
v 0.09168804040404044 -0.26609278606677417 -0.2821394696969696
v 0.09168804040404044 -0.27595672391643894 -0.02702090404040397
v 0.09168804040404044 -0.271143656415134 -0.013593611111111029
v 0.09168804040404044 -0.26385727272727266 -0.007151150969000992
v 0.09801135353535355 -0.26385727272727266 -0.284912470723612
v 0.09801135353535355 -0.26580876887263877 -0.2821394696969696
v 0.09801135353535355 -0.27614262419146673 -0.02702090404040397
v 0.09801135353535355 -0.27269959619572504 -0.013593611111111029
v 0.09801135353535355 -0.26385727272727266 -0.004948636101766533
v 0.10433466666666671 -0.26385727272727266 -0.28329991618680656
v 0.10433466666666671 -0.26479537244836254 -0.2821394696969696
v 0.10433466666666671 -0.27731632529125205 -0.05387548989898977
v 0.10433466666666671 -0.27679327280987454 -0.04044819696969691
v 0.10433466666666671 -0.2757354516686842 -0.02702090404040397
v 0.10433466666666671 -0.2732344981619818 -0.013593611111111029
v 0.10433466666666671 -0.26385727272727266 -0.002702730002568506
v 0.10592981800715726 -0.26385727272727266 -0.2821394696969696
v 0.11065797979797981 -0.26385727272727266 -0.2806206682482407
v 0.11065797979797981 -0.2765405525034919 -0.09415736868686861
v 0.11065797979797981 -0.2758017809931503 -0.08073007575757565
v 0.11065797979797981 -0.2753216015404468 -0.06730278282828273
v 0.11065797979797981 -0.27495011770084576 -0.05387548989898977
v 0.11065797979797981 -0.27489058995914073 -0.04044819696969691
v 0.11065797979797981 -0.27471948115850475 -0.02702090404040397
v 0.11065797979797981 -0.27399979648957323 -0.013593611111111029
v 0.11065797979797981 -0.26385727272727266 -0.0011117329476528289
v 0.11534345918428884 -0.26385727272727266 -0.26871217676767667
v 0.11698129292929299 -0.2642969658867693 -0.26871217676767667
v 0.11698129292929299 -0.26385727272727266 -0.26699738151569985
v 0.11698129292929299 -0.27109076696490914 -0.1478665404040403
v 0.11698129292929299 -0.2698395509433951 -0.13443924747474736
v 0.11698129292929299 -0.2681476006150059 -0.12101195454545449
v 0.11698129292929299 -0.2694968405592084 -0.10758466161616154
v 0.11698129292929299 -0.27053231386086296 -0.09415736868686861
v 0.11698129292929299 -0.27106092894848444 -0.08073007575757565
v 0.11698129292929299 -0.27179329205691805 -0.06730278282828273
v 0.11698129292929299 -0.2721063320399345 -0.05387548989898977
v 0.11698129292929299 -0.27333561139181034 -0.04044819696969691
v 0.11698129292929299 -0.2751766839371087 -0.02702090404040397
v 0.11698129292929299 -0.2742206690494906 -0.013593611111111029
v 0.11698129292929299 -0.26385727272727266 -0.002830111510569667
v 0.12025833961062277 -0.26385727272727266 -0.25528488383838377
v 0.12151078956680343 -0.26385727272727266 -0.2418575909090908
v 0.12129222051841854 -0.26385727272727266 -0.22843029797979786
v 0.12238512724514028 -0.26385727272727266 -0.215003005050505
v 0.12213476306087026 -0.26385727272727266 -0.20157571212121206
v 0.1222427901875874 -0.26385727272727266 -0.18814841919191913
v 0.12330460606060609 -0.26385727272727266 -0.17570222089264542
v 0.12330460606060609 -0.26390443485471454 -0.17472112626262618
v 0.12330460606060609 -0.2645276045924429 -0.16129383333333325
v 0.12330460606060609 -0.2653109782875331 -0.1478665404040403
v 0.12330460606060609 -0.26550679748910444 -0.13443924747474736
v 0.12330460606060609 -0.2654910247170523 -0.12101195454545449
v 0.12330460606060609 -0.26578430253174046 -0.10758466161616154
v 0.12330460606060609 -0.2658321816816191 -0.09415736868686861
v 0.12330460606060609 -0.26590674360473415 -0.08073007575757565
v 0.12330460606060609 -0.26570982119457337 -0.06730278282828273
v 0.12330460606060609 -0.2649720561170103 -0.05387548989898977
v 0.12330460606060609 -0.2641929953048592 -0.04044819696969691
v 0.12314643977808477 -0.26385727272727266 -0.02702090404040397
v 0.12330460606060609 -0.26385727272727266 -0.03750507070047036
v 0.12275350606528601 -0.26385727272727266 -0.013593611111111029
v 0.12340428081659176 -0.26385727272727266 -0.17472112626262618
v 0.1252429000312538 -0.26385727272727266 -0.16129383333333325
v 0.12654922115676065 -0.26385727272727266 -0.1478665404040403
v 0.12702697581310732 -0.26385727272727266 -0.13443924747474736
v 0.12717960541318857 -0.26385727272727266 -0.12101195454545449
v 0.1271267206868218 -0.26385727272727266 -0.10758466161616154
v 0.12666917621823026 -0.26385727272727266 -0.09415736868686861
v 0.1265113271657395 -0.26385727272727266 -0.08073007575757565
v 0.12600366885145978 -0.26385727272727266 -0.06730278282828273
v 0.12478164343564899 -0.26385727272727266 -0.05387548989898977
v 0.12372331300822777 -0.26385727272727266 -0.04044819696969691
v -0.12983400084660787 -0.25016309090909084 -0.08073007575757565
v -0.12962791919191918 -0.25016309090909084 -0.08695660882801001
v -0.12962791919191918 -0.2504970459454524 -0.08073007575757565
v -0.1303803640148592 -0.25016309090909084 -0.06730278282828273
v -0.12962791919191918 -0.2511714293952871 -0.06730278282828273
v -0.13040135595307556 -0.25016309090909084 -0.05387548989898977
v -0.12962791919191918 -0.2511154870136293 -0.05387548989898977
v -0.1309801138326982 -0.25016309090909084 -0.04044819696969691
v -0.12962791919191918 -0.2516273261174973 -0.04044819696969691
v -0.1316485458332008 -0.25016309090909084 -0.02702090404040397
v -0.12962791919191918 -0.2524082552043724 -0.02702090404040397
v -0.13138319094410425 -0.25016309090909084 -0.013593611111111029
v -0.12962791919191918 -0.252055631803251 -0.013593611111111029
v -0.12962791919191918 -0.25016309090909084 -0.011458606719072019
v -0.12330460606060606 -0.263821881173856 -0.17472112626262618
v -0.12330460606060606 -0.25694416884285864 -0.16129383333333325
v -0.1262587861785735 -0.25016309090909084 -0.1478665404040403
v -0.12330460606060606 -0.25016309090909084 -0.1561424908632564
v -0.12787770785782512 -0.25016309090909084 -0.13443924747474736
v -0.12849242593263216 -0.25016309090909084 -0.12101195454545449
v -0.129163884397422 -0.25016309090909084 -0.10758466161616154
v -0.1294509676286317 -0.25016309090909084 -0.09415736868686861
v -0.12330460606060606 -0.2608238305264294 -0.02702090404040397
v -0.12330460606060606 -0.25742241011740064 -0.013593611111111029
v -0.12622411929893726 -0.25016309090909084 -0.00016631818181808006
v -0.12330460606060606 -0.25271545619111485 -0.00016631818181808006
v -0.12330460606060606 -0.25016309090909084 0.003236903190747523
v -0.11698129292929292 -0.25081563980775373 -0.25528488383838377
v -0.11753127227022413 -0.25016309090909084 -0.2418575909090908
v -0.11698129292929292 -0.25016309090909084 -0.24824372571367934
v -0.11871871029760525 -0.25016309090909084 -0.22843029797979786
v -0.11988246972808671 -0.25016309090909084 -0.215003005050505
v -0.12111163804589736 -0.25016309090909084 -0.20157571212121206
v -0.11896987480306831 -0.25016309090909084 -0.18814841919191913
v -0.11881754488624408 -0.25016309090909084 -0.17472112626262618
v -0.1221328700499509 -0.25016309090909084 -0.16129383333333325
v -0.11698129292929292 -0.26022630059242713 -0.00016631818181808006
v -0.11698129292929292 -0.25016309090909084 0.010779853497287684
v -0.11116263586983782 -0.25016309090909084 -0.26871217676767667
v -0.11065797979797978 -0.25016309090909084 -0.26995237802670097
v -0.11549042957570524 -0.25016309090909084 -0.25528488383838377
v -0.11065797979797978 -0.26353443846328417 -0.00016631818181808006
v -0.11065797979797978 -0.25016309090909084 0.012845569504371981
v -0.10433466666666665 -0.2578816300465699 -0.2821394696969696
v -0.10433466666666665 -0.25016309090909084 -0.27795839842643316
v -0.10433466666666665 -0.26251594677438767 -0.00016631818181808006
v -0.10894979148019902 -0.25016309090909084 0.013260974747474862
v -0.10433466666666665 -0.25596034040692683 0.013260974747474862
v -0.10433466666666665 -0.25016309090909084 0.019969571659040432
v -0.09801135353535351 -0.2522477508722945 -0.2821394696969696
v -0.09801135353535351 -0.25016309090909084 -0.28125302364420685
v -0.09801135353535351 -0.26029252409625714 -0.00016631818181808006
v -0.09801135353535351 -0.25742000979453816 0.013260974747474862
v -0.09801135353535351 -0.25016309090909084 0.021886717011312125
v -0.09499842559465303 -0.25016309090909084 -0.2821394696969696
v -0.09168804040404037 -0.25016309090909084 -0.2833650079131468
v -0.09168804040404037 -0.259065202210522 -0.00016631818181808006
v -0.09168804040404037 -0.2572171077810445 0.013260974747474862
v -0.09168804040404037 -0.25016309090909084 0.022609497877035572
v -0.08536472727272727 -0.25016309090909084 -0.2846043493580794
v -0.08536472727272727 -0.25740334556135275 -0.00016631818181808006
v -0.08536472727272727 -0.2563865639902896 0.013260974747474862
v -0.08536472727272727 -0.25016309090909084 0.02264826281077617
v -0.07904141414141413 -0.25016309090909084 -0.2852469671083727
v -0.07904141414141413 -0.2569756941053731 -0.00016631818181808006
v -0.07904141414141413 -0.2554484866871706 0.013260974747474862
v -0.07904141414141413 -0.25016309090909084 0.022328178658956283
v -0.072718101010101 -0.25016309090909084 -0.2853194676955979
v -0.072718101010101 -0.26365673538622586 -0.013593611111111029
v -0.072718101010101 -0.25617007740671255 -0.00016631818181808006
v -0.072718101010101 -0.2545596897085908 0.013260974747474862
v -0.072718101010101 -0.25016309090909084 0.0217185051848163
v -0.06639478787878786 -0.25016309090909084 -0.2851520176237363
v -0.06639478787878786 -0.26234417343277333 -0.013593611111111029
v -0.06639478787878786 -0.25587948619431977 -0.00016631818181808006
v -0.06639478787878786 -0.25389028927423735 0.013260974747474862
v -0.06639478787878786 -0.25016309090909084 0.0211058426443324
v -0.06007147474747472 -0.25016309090909084 -0.2846650169615433
v -0.06007147474747472 -0.2617400959921127 -0.013593611111111029
v -0.06007147474747472 -0.2557512678402366 -0.00016631818181808006
v -0.06007147474747472 -0.2532515321579206 0.013260974747474862
v -0.06007147474747472 -0.25016309090909084 0.020373997561836825
v -0.05374816161616158 -0.25016309090909084 -0.2844807297676752
v -0.05374816161616158 -0.2608323325118494 -0.013593611111111029
v -0.05374816161616158 -0.2554339061769117 -0.00016631818181808006
v -0.05374816161616158 -0.2527571467503648 0.013260974747474862
v -0.05374816161616158 -0.25016309090909084 0.019598783750934587
v -0.04742484848484848 -0.25016309090909084 -0.2841306366693401
v -0.04742484848484848 -0.26076863637138337 -0.013593611111111029
v -0.04742484848484848 -0.2553375126737003 -0.00016631818181808006
v -0.04742484848484848 -0.25232632802327953 0.013260974747474862
v -0.04742484848484848 -0.25016309090909084 0.018754238073415835
v -0.04110153535353534 -0.25016309090909084 -0.2840278893382972
v -0.04110153535353534 -0.26038437143068466 -0.013593611111111029
v -0.04110153535353534 -0.25511716381468114 -0.00016631818181808006
v -0.04110153535353534 -0.251873922408983 0.013260974747474862
v -0.04110153535353534 -0.25016309090909084 0.017788661696458024
v -0.0347782222222222 -0.25016309090909084 -0.2830900815515038
v -0.0347782222222222 -0.2586474234291699 -0.2821394696969696
v -0.0347782222222222 -0.2603160627580891 -0.013593611111111029
v -0.0347782222222222 -0.25524628778724073 -0.00016631818181808006
v -0.0347782222222222 -0.25148892072588114 0.013260974747474862
v -0.0347782222222222 -0.25016309090909084 0.016787124345942907
v -0.03113676287206852 -0.25016309090909084 -0.2821394696969696
v -0.028454909090909065 -0.25016309090909084 -0.28166223631240384
v -0.028454909090909065 -0.26001943451415044 -0.013593611111111029
v -0.028454909090909065 -0.2550858489489219 -0.00016631818181808006
v -0.028454909090909065 -0.25100934237724704 0.013260974747474862
v -0.028454909090909065 -0.25016309090909084 0.015419982292460825
v -0.022131595959595927 -0.25016309090909084 -0.28009248264056996
v -0.022131595959595927 -0.26000501673178567 -0.013593611111111029
v -0.022131595959595927 -0.2551446822372892 -0.00016631818181808006
v -0.022131595959595927 -0.2502344703121842 0.013260974747474862
v -0.022131595959595927 -0.25016309090909084 0.013431249687000893
v -0.015808282828282793 -0.25016309090909084 -0.2778776505867721
v -0.015808282828282793 -0.26331709537300274 -0.04044819696969691
v -0.015808282828282793 -0.26236457136283353 -0.02702090404040397
v -0.015808282828282793 -0.25962045584727345 -0.013593611111111029
v -0.015808282828282793 -0.2549831306566168 -0.00016631818181808006
v -0.021879298559389977 -0.25016309090909084 0.013260974747474862
v -0.015808282828282793 -0.25016309090909084 0.012035227066230659
v -0.009484969696969688 -0.25016309090909084 -0.2731523996425273
v -0.009484969696969688 -0.26345453788410167 -0.10758466161616154
v -0.009484969696969688 -0.2623042516545172 -0.09415736868686861
v -0.009484969696969688 -0.2616907642111049 -0.08073007575757565
v -0.009484969696969688 -0.2609531662725103 -0.06730278282828273
v -0.009484969696969688 -0.2608052349027621 -0.05387548989898977
v -0.009484969696969688 -0.26036928965268974 -0.04044819696969691
v -0.009484969696969688 -0.2601940643725624 -0.02702090404040397
v -0.009484969696969688 -0.259290911603957 -0.013593611111111029
v -0.009484969696969688 -0.25532999080232965 -0.00016631818181808006
v -0.009484969696969688 -0.25016309090909084 0.009713870466156335
v -0.008264925343812098 -0.25016309090909084 -0.26871217676767667
v -0.003161656565656551 -0.2596006949384713 -0.26871217676767667
v -0.003161656565656551 -0.25016309090909084 -0.2667137776876064
v -0.003161656565656551 -0.26170080507900984 -0.12101195454545449
v -0.003161656565656551 -0.2552516171939522 -0.10758466161616154
v -0.003161656565656551 -0.2575788399994924 -0.09415736868686861
v -0.003161656565656551 -0.25672303779993566 -0.08073007575757565
v -0.003161656565656551 -0.2564660180943494 -0.06730278282828273
v -0.003161656565656551 -0.25788039422242687 -0.05387548989898977
v -0.003161656565656551 -0.25861255464744004 -0.04044819696969691
v -0.003161656565656551 -0.2591176854868229 -0.02702090404040397
v -0.003161656565656551 -0.2592471241840936 -0.013593611111111029
v -0.003161656565656551 -0.2593987214374739 -0.00016631818181808006
v -0.003161656565656551 -0.25016309090909084 0.008976485052622286
v 0.003161656565656586 -0.25948725316843874 -0.26871217676767667
v 0.003161656565656586 -0.25016309090909084 -0.2666453926957507
v 0.003161656565656586 -0.26167812572664495 -0.12101195454545449
v 0.003161656565656586 -0.25524305945949904 -0.10758466161616154
v 0.003161656565656586 -0.2575687578241279 -0.09415736868686861
v 0.003161656565656586 -0.25671604238573903 -0.08073007575757565
v 0.003161656565656586 -0.2564594055377883 -0.06730278282828273
v 0.003161656565656586 -0.25788062301965237 -0.05387548989898977
v 0.003161656565656586 -0.25860941337763244 -0.04044819696969691
v 0.003161656565656586 -0.2590993919144906 -0.02702090404040397
v 0.003161656565656586 -0.25911336070919333 -0.013593611111111029
v 0.003161656565656586 -0.25924405826186486 -0.00016631818181808006
v 0.003161656565656586 -0.25016309090909084 0.008971895096543201
v 0.008464916283683956 -0.25016309090909084 -0.26871217676767667
v 0.009484969696969759 -0.25016309090909084 -0.27255037421601375
v 0.009484969696969759 -0.2633620491428208 -0.10758466161616154
v 0.009484969696969759 -0.26223172359191427 -0.09415736868686861
v 0.009484969696969759 -0.26164548279545774 -0.08073007575757565
v 0.009484969696969759 -0.2609313566129065 -0.06730278282828273
v 0.009484969696969759 -0.2607826603978651 -0.05387548989898977
v 0.009484969696969759 -0.2603445298755306 -0.04044819696969691
v 0.009484969696969759 -0.2600629900001091 -0.02702090404040397
v 0.009484969696969759 -0.25939796615512495 -0.013593611111111029
v 0.009484969696969759 -0.2552358204311606 -0.00016631818181808006
v 0.009484969696969759 -0.25016309090909084 0.009603607175247077
v 0.015808282828282862 -0.25016309090909084 -0.2776345778156307
v 0.015808282828282862 -0.2638074258363356 -0.05387548989898977
v 0.015808282828282862 -0.2632010499173603 -0.04044819696969691
v 0.015808282828282862 -0.26229334198028287 -0.02702090404040397
v 0.015808282828282862 -0.2596729726517342 -0.013593611111111029
v 0.015808282828282862 -0.25479699066515443 -0.00016631818181808006
v 0.015808282828282862 -0.25016309090909084 0.011763252220210971
v 0.022131595959595962 -0.25016309090909084 -0.27983548461987867
v 0.022131595959595962 -0.26000733475866394 -0.013593611111111029
v 0.022131595959595962 -0.2549892719090034 -0.00016631818181808006
v 0.022131595959595962 -0.25016309090909084 0.013021483059607276
v 0.028454909090909135 -0.25016309090909084 -0.28116441460278785
v 0.028454909090909135 -0.26000783626280294 -0.013593611111111029
v 0.028454909090909135 -0.25491877399208934 -0.00016631818181808006
v 0.0250745309443429 -0.25016309090909084 0.013260974747474862
v 0.028454909090909135 -0.2505259824830352 0.013260974747474862
v 0.028454909090909135 -0.25016309090909084 0.014191881733813161
v 0.03477822222222224 -0.25016309090909084 -0.28213506668156246
v 0.03477822222222224 -0.2602939548037602 -0.013593611111111029
v 0.03477822222222224 -0.25506530607703687 -0.00016631818181808006
v 0.03477822222222224 -0.2509504756795119 0.013260974747474862
v 0.03477822222222224 -0.25016309090909084 0.015357700141629684
v 0.034837308911000155 -0.25016309090909084 -0.2821394696969696
v 0.04110153535353541 -0.25016309090909084 -0.28277469889682355
v 0.04110153535353541 -0.2555769800983512 -0.2821394696969696
v 0.04110153535353541 -0.2603625271326857 -0.013593611111111029
v 0.04110153535353541 -0.25494795058585323 -0.00016631818181808006
v 0.04110153535353541 -0.2513659567910423 0.013260974747474862
v 0.04110153535353541 -0.25016309090909084 0.016396897415206686
v 0.047424848484848514 -0.25016309090909084 -0.2829458683427944
v 0.047424848484848514 -0.2595948482775646 -0.2821394696969696
v 0.047424848484848514 -0.2607261570091112 -0.013593611111111029
v 0.047424848484848514 -0.25512593128606487 -0.00016631818181808006
v 0.047424848484848514 -0.2516901030699853 0.013260974747474862
v 0.047424848484848514 -0.25016309090909084 0.01712566914455682
v 0.05374816161616162 -0.25016309090909084 -0.2830530462209481
v 0.05374816161616162 -0.26078073195649565 -0.013593611111111029
v 0.05374816161616162 -0.2552096196528521 -0.00016631818181808006
v 0.05374816161616162 -0.2519561999375313 0.013260974747474862
v 0.05374816161616162 -0.25016309090909084 0.017652273534806258
v 0.06007147474747479 -0.25016309090909084 -0.28297123812750363
v 0.06007147474747479 -0.2616367114543431 -0.013593611111111029
v 0.06007147474747479 -0.2554939498672604 -0.00016631818181808006
v 0.06007147474747479 -0.2523542536953332 0.013260974747474862
v 0.06007147474747479 -0.25016309090909084 0.018370888093253913
v 0.06639478787878789 -0.25016309090909084 -0.2835919531367122
v 0.06639478787878789 -0.2622282901845583 -0.013593611111111029
v 0.06639478787878789 -0.25559031073983507 -0.00016631818181808006
v 0.06639478787878789 -0.2529556874758603 0.013260974747474862
v 0.06639478787878789 -0.25016309090909084 0.019244768061269856
v 0.07271810101010107 -0.25016309090909084 -0.2838539902909595
v 0.07271810101010107 -0.2635043683158407 -0.013593611111111029
v 0.07271810101010107 -0.25583301542980313 -0.00016631818181808006
v 0.07271810101010107 -0.25353077012586644 0.013260974747474862
v 0.07271810101010107 -0.25016309090909084 0.019888732354386547
v 0.07904141414141416 -0.25016309090909084 -0.28388524301947476
v 0.07904141414141416 -0.2565760981280282 -0.00016631818181808006
v 0.07904141414141416 -0.254357365732164 0.013260974747474862
v 0.07904141414141416 -0.25016309090909084 0.020655372443565242
v 0.08536472727272734 -0.25016309090909084 -0.28326656019099594
v 0.08536472727272734 -0.2569425588825851 -0.00016631818181808006
v 0.08536472727272734 -0.2552497570513169 0.013260974747474862
v 0.08536472727272734 -0.25016309090909084 0.021140017114019048
v 0.09122769069974873 -0.25016309090909084 -0.2821394696969696
v 0.09168804040404044 -0.25039004173606033 -0.2821394696969696
v 0.09168804040404044 -0.25016309090909084 -0.2820687246181828
v 0.09168804040404044 -0.2584582644501861 -0.00016631818181808006
v 0.09168804040404044 -0.2560807668381936 0.013260974747474862
v 0.09168804040404044 -0.25016309090909084 0.021271561216155543
v 0.09801135353535355 -0.2547410309135868 -0.2821394696969696
v 0.09801135353535355 -0.25016309090909084 -0.28036615809065646
v 0.09801135353535355 -0.25958693526865 -0.00016631818181808006
v 0.09801135353535355 -0.25637549813361643 0.013260974747474862
v 0.09801135353535355 -0.25016309090909084 0.020711071672674858
v 0.10433466666666671 -0.260659788727025 -0.2821394696969696
v 0.10433466666666671 -0.25016309090909084 -0.277111108036078
v 0.10433466666666671 -0.26172304622942305 -0.00016631818181808006
v 0.10433466666666671 -0.25500057844849994 0.013260974747474862
v 0.10433466666666671 -0.25016309090909084 0.018808394170411913
v 0.11065797979797981 -0.25016309090909084 -0.2694407797003922
v 0.11065797979797981 -0.26311221412981245 -0.00016631818181808006
v 0.10793852716584043 -0.25016309090909084 0.013260974747474862
v 0.11065797979797981 -0.25016309090909084 0.012562144593087405
v 0.11097395991790193 -0.25016309090909084 -0.26871217676767667
v 0.11577660920447863 -0.25016309090909084 -0.25528488383838377
v 0.11698129292929299 -0.2506452813964225 -0.25528488383838377
v 0.11698129292929299 -0.25016309090909084 -0.2501935940630771
v 0.11698129292929299 -0.2619097045893898 -0.00016631818181808006
v 0.11698129292929299 -0.25016309090909084 0.010628212830967928
v 0.11774035608221765 -0.25016309090909084 -0.2418575909090908
v 0.11876676055747662 -0.25016309090909084 -0.22843029797979786
v 0.12020136265192963 -0.25016309090909084 -0.215003005050505
v 0.12111888308834551 -0.25016309090909084 -0.20157571212121206
v 0.1189325696311768 -0.25016309090909084 -0.18814841919191913
v 0.11875353400458924 -0.25016309090909084 -0.17472112626262618
v 0.12330460606060609 -0.26374351450551164 -0.17472112626262618
v 0.12217911498995006 -0.25016309090909084 -0.16129383333333325
v 0.12330460606060609 -0.2566469961814846 -0.16129383333333325
v 0.12330460606060609 -0.25016309090909084 -0.15648138303151726
v 0.12330460606060609 -0.2612444358576215 -0.02702090404040397
v 0.12330460606060609 -0.25982272866942113 -0.013593611111111029
v 0.12330460606060609 -0.2534168223697726 -0.00016631818181808006
v 0.12330460606060609 -0.25016309090909084 0.0027589510837299717
v 0.1264264169732697 -0.25016309090909084 -0.1478665404040403
v 0.12805631326399675 -0.25016309090909084 -0.13443924747474736
v 0.12864323183277632 -0.25016309090909084 -0.12101195454545449
v 0.12928649073232903 -0.25016309090909084 -0.10758466161616154
v 0.12954551000283224 -0.25016309090909084 -0.09415736868686861
v 0.12962791919191927 -0.25016309090909084 -0.08980894141317898
v 0.12962791919191927 -0.25054541714864936 -0.08073007575757565
v 0.12962791919191927 -0.2510910721930071 -0.06730278282828273
v 0.12962791919191927 -0.2508348694688962 -0.05387548989898977
v 0.12962791919191927 -0.2513926667524346 -0.04044819696969691
v 0.12962791919191927 -0.2518951073720597 -0.02702090404040397
v 0.12962791919191927 -0.25115615293232224 -0.013593611111111029
v 0.12585779519045126 -0.25016309090909084 -0.00016631818181808006
v 0.12962791919191927 -0.25016309090909084 -0.012725803279955206
v 0.12985713989570544 -0.25016309090909084 -0.08073007575757565
v 0.13030391239296005 -0.25016309090909084 -0.06730278282828273
v 0.13016778197962692 -0.25016309090909084 -0.05387548989898977
v 0.13072462213035183 -0.25016309090909084 -0.04044819696969691
v 0.1310970134583648 -0.25016309090909084 -0.02702090404040397
v 0.13038840958119322 -0.25016309090909084 -0.013593611111111029
v -0.12962791919191918 -0.24983748091184232 -0.08073007575757565
v -0.12962791919191918 -0.24858858565615732 -0.06730278282828273
v -0.12962791919191918 -0.24832030161101737 -0.05387548989898977
v -0.12962791919191918 -0.2468840626694015 -0.04044819696969691
v -0.12962791919191918 -0.24574020101605032 -0.02702090404040397
v -0.12962791919191918 -0.2475316994386372 -0.013593611111111029
v -0.12330460606060606 -0.24884038034439887 -0.1478665404040403
v -0.12330460606060606 -0.24726092750705922 -0.13443924747474736
v -0.12330460606060606 -0.24691996453048773 -0.12101195454545449
v -0.12330460606060606 -0.24234109900706885 -0.10758466161616154
v -0.12439432432502372 -0.236468909090909 -0.09415736868686861
v -0.12330460606060606 -0.236468909090909 -0.09797749194169758
v -0.12605424549169622 -0.236468909090909 -0.08073007575757565
v -0.12724230966227637 -0.236468909090909 -0.06730278282828273
v -0.12735519480565083 -0.236468909090909 -0.05387548989898977
v -0.1275276804205662 -0.236468909090909 -0.04044819696969691
v -0.12722838982939574 -0.236468909090909 -0.02702090404040397
v -0.1236978796228331 -0.236468909090909 -0.013593611111111029
v -0.12330460606060606 -0.236468909090909 -0.013464854084006743
v -0.12330460606060606 -0.24829936577375122 -0.00016631818181808006
v -0.11698129292929292 -0.24734907486544916 -0.2418575909090908
v -0.11698129292929292 -0.2420797498768257 -0.22843029797979786
v -0.11698129292929292 -0.23797550821792784 -0.215003005050505
v -0.11770716893370624 -0.236468909090909 -0.20157571212121206
v -0.11698129292929292 -0.236468909090909 -0.2044119061303471
v -0.11880689361466953 -0.236468909090909 -0.18814841919191913
v -0.11938278325542497 -0.236468909090909 -0.17472112626262618
v -0.11863684208930222 -0.236468909090909 -0.16129383333333325
v -0.11772179581381241 -0.236468909090909 -0.1478665404040403
v -0.12005302115670705 -0.236468909090909 -0.13443924747474736
v -0.12226696513276414 -0.236468909090909 -0.12101195454545449
v -0.12292186399552611 -0.236468909090909 -0.10758466161616154
v -0.12244132669427815 -0.236468909090909 -0.00016631818181808006
v -0.11698129292929292 -0.236468909090909 0.01300818244576547
v -0.11065797979797978 -0.24885066317919433 -0.26871217676767667
v -0.11065797979797978 -0.2406317383560423 -0.25528488383838377
v -0.11065797979797978 -0.23865622032215103 -0.2418575909090908
v -0.11065797979797978 -0.24891089362511024 -0.22843029797979786
v -0.11065797979797978 -0.23659838282388723 -0.215003005050505
v -0.11065797979797978 -0.236468909090909 -0.21446696564620055
v -0.11319747126415726 -0.236468909090909 0.013260974747474862
v -0.11065797979797978 -0.24698718103906603 0.013260974747474862
v -0.11065797979797978 -0.236468909090909 0.020562144412940277
v -0.10433466666666665 -0.241114559173721 -0.26871217676767667
v -0.10433466666666665 -0.2368830322439517 -0.25528488383838377
v -0.10433466666666665 -0.23699457125838305 -0.2418575909090908
v -0.10433466666666665 -0.23881373330592406 -0.22843029797979786
v -0.1091025737052748 -0.236468909090909 -0.215003005050505
v -0.10433466666666665 -0.236468909090909 -0.21655465165462545
v -0.10433466666666665 -0.236468909090909 0.024121457294745043
v -0.09801135353535351 -0.23801021440002826 -0.26871217676767667
v -0.10296252339586277 -0.236468909090909 -0.25528488383838377
v -0.09801135353535351 -0.236468909090909 -0.2633486732662481
v -0.10052869121931861 -0.236468909090909 -0.2418575909090908
v -0.09801135353535351 -0.236468909090909 -0.2412153464395698
v -0.09801135353535351 -0.23764104337079828 -0.22843029797979786
v -0.09801135353535351 -0.236468909090909 -0.21582142968628532
v -0.09801135353535351 -0.236468909090909 0.02590160513823176
v -0.09168804040404037 -0.2481565562995901 -0.2821394696969696
v -0.09303940595969984 -0.236468909090909 -0.26871217676767667
v -0.09168804040404037 -0.236468909090909 -0.2696629026737076
v -0.09168804040404037 -0.236468909090909 -0.24101349567941652
v -0.09168804040404037 -0.23972118197345035 -0.22843029797979786
v -0.0933947256774088 -0.236468909090909 -0.215003005050505
v -0.09168804040404037 -0.23660471202388025 -0.215003005050505
v -0.09168804040404037 -0.236468909090909 -0.2145382959651538
v -0.09386423963321854 -0.236468909090909 0.026688267676767803
v -0.09168804040404037 -0.2382040454160272 0.026688267676767803
v -0.09168804040404037 -0.236468909090909 0.02770392407107935
v -0.08536472727272727 -0.2459519537590652 -0.2821394696969696
v -0.08536472727272727 -0.236468909090909 -0.2723429672836605
v -0.08536472727272727 -0.236468909090909 -0.24086638556965975
v -0.08536472727272727 -0.23999180332958436 -0.22843029797979786
v -0.08536472727272727 -0.23683140943148479 -0.215003005050505
v -0.08536472727272727 -0.236468909090909 -0.21365296233332354
v -0.08536472727272727 -0.2407841291404635 0.026688267676767803
v -0.08536472727272727 -0.236468909090909 0.029411237661883662
v -0.07904141414141413 -0.2446443925840845 -0.2821394696969696
v -0.07904141414141413 -0.236468909090909 -0.27396509766291693
v -0.07904141414141413 -0.236468909090909 -0.24104158723661462
v -0.07904141414141413 -0.2425509771635117 -0.22843029797979786
v -0.07904141414141413 -0.2366002885469396 -0.215003005050505
v -0.07904141414141413 -0.236468909090909 -0.21446911798218807
v -0.07904141414141413 -0.241661276456673 0.026688267676767803
v -0.07904141414141413 -0.236468909090909 0.030200854559277984
v -0.072718101010101 -0.24405164474822164 -0.2821394696969696
v -0.072718101010101 -0.236468909090909 -0.27551833392180813
v -0.072718101010101 -0.236468909090909 -0.2403423755390494
v -0.072718101010101 -0.24214635031506876 -0.22843029797979786
v -0.07829269875156332 -0.236468909090909 -0.215003005050505
v -0.072718101010101 -0.236468909090909 -0.2157842362536623
v -0.072718101010101 -0.24241755020209996 0.026688267676767803
v -0.072718101010101 -0.236468909090909 0.031098837743081045
v -0.06639478787878786 -0.24411156340084214 -0.2821394696969696
v -0.06639478787878786 -0.236468909090909 -0.2760303655315299
v -0.06639478787878786 -0.236468909090909 -0.2409753900946119
v -0.06639478787878786 -0.24547785556548404 -0.22843029797979786
v -0.06639478787878786 -0.236468909090909 -0.2156600590072353
v -0.06639478787878786 -0.24250709914251445 0.026688267676767803
v -0.06639478787878786 -0.236468909090909 0.031520657706108846
v -0.06007147474747472 -0.24470893122290227 -0.2821394696969696
v -0.06007147474747472 -0.236468909090909 -0.2762878727196938
v -0.06007147474747472 -0.236468909090909 -0.23670688467909856
v -0.06007147474747472 -0.2397406463021396 -0.22843029797979786
v -0.06007147474747472 -0.236468909090909 -0.22027277914229065
v -0.06007147474747472 -0.2426215297149413 0.026688267676767803
v -0.06007147474747472 -0.236468909090909 0.03191235632735458
v -0.05374816161616158 -0.24491160210574672 -0.2821394696969696
v -0.05374816161616158 -0.236468909090909 -0.276527197963741
v -0.05870951478540726 -0.236468909090909 -0.22843029797979786
v -0.05374816161616158 -0.24269036288008652 0.026688267676767803
v -0.05374816161616158 -0.236468909090909 0.03235934030088315
v -0.04742484848484848 -0.2455135470092492 -0.2821394696969696
v -0.04742484848484848 -0.236468909090909 -0.2766500327795581
v -0.04742484848484848 -0.24272312564965778 0.026688267676767803
v -0.04742484848484848 -0.236468909090909 0.03270910875843354
v -0.04110153535353534 -0.2458248221411717 -0.2821394696969696
v -0.04110153535353534 -0.236468909090909 -0.27652370950476196
v -0.04110153535353534 -0.24269213459637543 0.026688267676767803
v -0.04110153535353534 -0.236468909090909 0.03293659238523783
v -0.0347782222222222 -0.24781810985104594 -0.2821394696969696
v -0.0347782222222222 -0.236468909090909 -0.27605378057135704
v -0.0347782222222222 -0.24244420992733123 0.026688267676767803
v -0.0347782222222222 -0.236468909090909 0.03287581352608899
v -0.028454909090909065 -0.236468909090909 -0.27468449645685555
v -0.028454909090909065 -0.2419685050085116 0.026688267676767803
v -0.028454909090909065 -0.236468909090909 0.032462788420240925
v -0.022131595959595927 -0.236468909090909 -0.27211282587799523
v -0.022131595959595927 -0.24101362061789527 0.026688267676767803
v -0.022131595959595927 -0.236468909090909 0.03156523921252022
v -0.018168829002344563 -0.236468909090909 -0.26871217676767667
v -0.015808282828282793 -0.23771933403305914 -0.26871217676767667
v -0.015808282828282793 -0.236468909090909 -0.2673968457484461
v -0.015808282828282793 -0.2489885418188155 0.013260974747474862
v -0.015808282828282793 -0.23931621996795943 0.026688267676767803
v -0.015808282828282793 -0.236468909090909 0.030093995968070303
v -0.009484969696969688 -0.24428026912443296 -0.26871217676767667
v -0.009484969696969688 -0.236468909090909 -0.2573551253007494
v -0.009484969696969688 -0.24716252481290937 0.013260974747474862
v -0.010666671400334615 -0.236468909090909 0.026688267676767803
v -0.009484969696969688 -0.236468909090909 0.026454843842900807
v -0.009274758484309139 -0.236468909090909 -0.25528488383838377
v -0.003161656565656551 -0.2395822546297176 -0.25528488383838377
v -0.003161656565656551 -0.236468909090909 -0.25033511367839373
v -0.003161656565656551 -0.24429695892543574 0.013260974747474862
v -0.003161656565656551 -0.236468909090909 0.024433266724127767
v 0.003161656565656586 -0.23983579489820472 -0.25528488383838377
v 0.003161656565656586 -0.236468909090909 -0.24850753440736062
v 0.003161656565656586 -0.24429743517620722 0.013260974747474862
v 0.003161656565656586 -0.236468909090909 0.024425471675446085
v 0.009484969696969759 -0.24527722222157003 -0.26871217676767667
v 0.009484969696969759 -0.2370009193969969 -0.25528488383838377
v 0.009484969696969759 -0.236468909090909 -0.2545017799266171
v 0.009484969696969759 -0.24711270870200067 0.013260974747474862
v 0.009484969696969759 -0.236468909090909 0.02637475793405771
v 0.015808282828282862 -0.2386310814062684 -0.26871217676767667
v 0.01068172284094348 -0.236468909090909 -0.25528488383838377
v 0.015808282828282862 -0.236468909090909 -0.2660696940484852
v 0.015808282828282862 -0.24882555826607314 0.013260974747474862
v 0.011140993510188322 -0.236468909090909 0.026688267676767803
v 0.015808282828282862 -0.23895749160617608 0.026688267676767803
v 0.015808282828282862 -0.236468909090909 0.029622503937808478
v 0.020117029705113608 -0.236468909090909 -0.26871217676767667
v 0.022131595959595962 -0.236468909090909 -0.2705088921385963
v 0.022131595959595962 -0.24987684973655405 0.013260974747474862
v 0.022131595959595962 -0.24039383352422752 0.026688267676767803
v 0.022131595959595962 -0.236468909090909 0.03084160007599284
v 0.028454909090909135 -0.236468909090909 -0.27317524588137265
v 0.028454909090909135 -0.24112212913921893 0.026688267676767803
v 0.028454909090909135 -0.236468909090909 0.03148463837084382
v 0.03477822222222224 -0.236468909090909 -0.27447539038365837
v 0.03477822222222224 -0.2413269801051678 0.026688267676767803
v 0.03477822222222224 -0.236468909090909 0.03158201537170808
v 0.04110153535353541 -0.2486580959979213 -0.2821394696969696
v 0.04110153535353541 -0.236468909090909 -0.2746864269713166
v 0.04110153535353541 -0.2412827909031806 0.026688267676767803
v 0.04110153535353541 -0.236468909090909 0.031417168066829204
v 0.047424848484848514 -0.24827075847912722 -0.2821394696969696
v 0.047424848484848514 -0.236468909090909 -0.2747654642155066
v 0.047424848484848514 -0.2411559337576368 0.026688267676767803
v 0.047424848484848514 -0.236468909090909 0.03114882852596984
v 0.05374816161616162 -0.24802170818544494 -0.2821394696969696
v 0.05374816161616162 -0.236468909090909 -0.2746195068511534
v 0.05374816161616162 -0.2408055148095761 0.026688267676767803
v 0.05374816161616162 -0.236468909090909 0.03060623902167863
v 0.06007147474747479 -0.24826470460273833 -0.2821394696969696
v 0.06007147474747479 -0.236468909090909 -0.27428522359856516
v 0.06007147474747479 -0.2404296299859196 0.026688267676767803
v 0.06007147474747479 -0.236468909090909 0.030066191931545236
v 0.06639478787878789 -0.24713268980668573 -0.2821394696969696
v 0.06639478787878789 -0.236468909090909 -0.2739368724504542
v 0.060333965222670205 -0.236468909090909 -0.22843029797979786
v 0.06639478787878789 -0.236468909090909 -0.2413305858113014
v 0.06639478787878789 -0.24689610186227115 -0.22843029797979786
v 0.06639478787878789 -0.236468909090909 -0.21538061171172782
v 0.06639478787878789 -0.24009123461668047 0.026688267676767803
v 0.06639478787878789 -0.236468909090909 0.02959143175828853
v 0.07271810101010107 -0.24676890251744313 -0.2821394696969696
v 0.07271810101010107 -0.236468909090909 -0.2733465387737917
v 0.07271810101010107 -0.236468909090909 -0.2405364925853164
v 0.07271810101010107 -0.24224291950444005 -0.22843029797979786
v 0.07271810101010107 -0.236468909090909 -0.21535638953551348
v 0.07271810101010107 -0.2397706372420912 0.026688267676767803
v 0.07271810101010107 -0.236468909090909 0.029161252753710367
v 0.07904141414141416 -0.2469974064616612 -0.2821394696969696
v 0.07904141414141416 -0.236468909090909 -0.27233992937078977
v 0.07904141414141416 -0.236468909090909 -0.241196282077906
v 0.07904141414141416 -0.24275599842051324 -0.22843029797979786
v 0.07578300425843898 -0.236468909090909 -0.215003005050505
v 0.07904141414141416 -0.23693387949015157 -0.215003005050505
v 0.07904141414141416 -0.236468909090909 -0.2130085966434478
v 0.07904141414141416 -0.23869215399969165 0.026688267676767803
v 0.07904141414141416 -0.236468909090909 0.028206796266798746
v 0.08536472727272734 -0.24819552076093876 -0.2821394696969696
v 0.08536472727272734 -0.236468909090909 -0.2709048016428711
v 0.08536472727272734 -0.236468909090909 -0.2412773226911992
v 0.08536472727272734 -0.2404152579435249 -0.22843029797979786
v 0.08536472727272734 -0.23734397801339588 -0.215003005050505
v 0.08536472727272734 -0.236468909090909 -0.21173482175143932
v 0.08536472727272734 -0.23751904527528497 0.026688267676767803
v 0.08536472727272734 -0.236468909090909 0.027355966367882994
v 0.08997944658408527 -0.236468909090909 -0.26871217676767667
v 0.09168804040404044 -0.2368555165074474 -0.26871217676767667
v 0.09168804040404044 -0.236468909090909 -0.2675341312914502
v 0.09168804040404044 -0.236468909090909 -0.24146163980450586
v 0.09168804040404044 -0.23993527318822563 -0.22843029797979786
v 0.09168804040404044 -0.23711880693994003 -0.215003005050505
v 0.09168804040404044 -0.236468909090909 -0.21281213745233787
v 0.08767514066117865 -0.236468909090909 0.026688267676767803
v 0.09168804040404044 -0.236468909090909 0.026133456942493808
v 0.09801135353535355 -0.2386286520697803 -0.26871217676767667
v 0.09801135353535355 -0.236468909090909 -0.26191311442738324
v 0.09700478936343458 -0.236468909090909 -0.2418575909090908
v 0.09801135353535355 -0.236468909090909 -0.24300148057486473
v 0.09801135353535355 -0.23654106997340862 -0.2418575909090908
v 0.09801135353535355 -0.23804726248917218 -0.22843029797979786
v 0.09801135353535355 -0.23671001807594286 -0.215003005050505
v 0.09801135353535355 -0.236468909090909 -0.21423348833737754
v 0.09801135353535355 -0.236468909090909 0.02497682167104068
v 0.10433466666666671 -0.24167785165904587 -0.26871217676767667
v 0.1025267295484052 -0.236468909090909 -0.25528488383838377
v 0.10433466666666671 -0.2370137831720412 -0.25528488383838377
v 0.10433466666666671 -0.23730670654847777 -0.2418575909090908
v 0.10433466666666671 -0.23902286779973156 -0.22843029797979786
v 0.10291117192623984 -0.236468909090909 -0.215003005050505
v 0.10433466666666671 -0.236468909090909 -0.21517152012356638
v 0.10433466666666671 -0.236468909090909 0.023313791696958047
v 0.11065797979797981 -0.24936423580194142 -0.26871217676767667
v 0.11065797979797981 -0.24063605857700265 -0.25528488383838377
v 0.11065797979797981 -0.23866122594824843 -0.2418575909090908
v 0.11065797979797981 -0.24298686904043185 -0.22843029797979786
v 0.10530189942176835 -0.236468909090909 -0.215003005050505
v 0.11065797979797981 -0.23676148423489618 -0.215003005050505
v 0.11065797979797981 -0.236468909090909 -0.2139865216466526
v 0.11065797979797981 -0.24519705784674284 0.013260974747474862
v 0.11065797979797981 -0.236468909090909 0.019598841251947524
v 0.11698129292929299 -0.24637444715223022 -0.2418575909090908
v 0.11698129292929299 -0.24051106010744402 -0.22843029797979786
v 0.11698129292929299 -0.2378727552782936 -0.215003005050505
v 0.11698129292929299 -0.236468909090909 -0.20456592227042353
v 0.11279933603118818 -0.236468909090909 0.013260974747474862
v 0.11698129292929299 -0.236468909090909 0.012983692531191653
v 0.1176855543935989 -0.236468909090909 -0.20157571212121206
v 0.11871125019631831 -0.236468909090909 -0.18814841919191913
v 0.11930318494250021 -0.236468909090909 -0.17472112626262618
v 0.11845476317250692 -0.236468909090909 -0.16129383333333325
v 0.11740882362444757 -0.236468909090909 -0.1478665404040403
v 0.12330460606060609 -0.2487538884750927 -0.1478665404040403
v 0.12000572138130311 -0.236468909090909 -0.13443924747474736
v 0.12330460606060609 -0.24710076239091006 -0.13443924747474736
v 0.12234335362799727 -0.236468909090909 -0.12101195454545449
v 0.12330460606060609 -0.24660912266707097 -0.12101195454545449
v 0.12303983758022288 -0.236468909090909 -0.10758466161616154
v 0.12330460606060609 -0.24103637495743815 -0.10758466161616154
v 0.12330460606060609 -0.236468909090909 -0.10025491640026807
v 0.12325186375821687 -0.236468909090909 -0.013593611111111029
v 0.12330460606060609 -0.236468909090909 -0.014074705519301251
v 0.12330460606060609 -0.23669481672884188 -0.013593611111111029
v 0.12242955412861001 -0.236468909090909 -0.00016631818181808006
v 0.12330460606060609 -0.2486005531467454 -0.00016631818181808006
v 0.12478846707734163 -0.236468909090909 -0.09415736868686861
v 0.12624971583334207 -0.236468909090909 -0.08073007575757565
v 0.12962791919191927 -0.24979020039195518 -0.08073007575757565
v 0.1273448293728323 -0.236468909090909 -0.06730278282828273
v 0.12962791919191927 -0.2487074181746884 -0.06730278282828273
v 0.1273704971728479 -0.236468909090909 -0.05387548989898977
v 0.12962791919191927 -0.24885729169587495 -0.05387548989898977
v 0.1274621849311724 -0.236468909090909 -0.04044819696969691
v 0.12962791919191927 -0.24746599793563212 -0.04044819696969691
v 0.12693511111533984 -0.236468909090909 -0.02702090404040397
v 0.12962791919191927 -0.24702853984857503 -0.02702090404040397
v 0.12962791919191927 -0.24909017178688622 -0.013593611111111029
v -0.12330460606060606 -0.23556434310894908 -0.09415736868686861
v -0.12330460606060606 -0.23460526752427904 -0.08073007575757565
v -0.12330460606060606 -0.23433334962415056 -0.06730278282828273
v -0.12330460606060606 -0.2344382478007253 -0.05387548989898977
v -0.12330460606060606 -0.23427278513768474 -0.04044819696969691
v -0.12330460606060606 -0.23425073497098378 -0.02702090404040397
v -0.12330460606060606 -0.23620604973089573 -0.013593611111111029
v -0.11698129292929292 -0.23358066327813448 -0.20157571212121206
v -0.11698129292929292 -0.22866578571365792 -0.18814841919191913
v -0.11698129292929292 -0.22629035122341107 -0.17472112626262618
v -0.11698129292929292 -0.22693963071717288 -0.16129383333333325
v -0.11698129292929292 -0.23235627219765465 -0.1478665404040403
v -0.11698129292929292 -0.22832437781049947 -0.13443924747474736
v -0.11698129292929292 -0.22468304164389186 -0.12101195454545449
v -0.11698129292929292 -0.2252888607308141 -0.10758466161616154
v -0.11698129292929292 -0.22757131843247932 -0.09415736868686861
v -0.11698129292929292 -0.2287218234193836 -0.08073007575757565
v -0.11698129292929292 -0.2300838718651839 -0.06730278282828273
v -0.11698129292929292 -0.23031010308321795 -0.05387548989898977
v -0.11698129292929292 -0.23001655813454622 -0.04044819696969691
v -0.11698129292929292 -0.2298329537717485 -0.02702090404040397
v -0.11698129292929292 -0.23077016302530048 -0.013593611111111029
v -0.11698129292929292 -0.22284254663391426 -0.00016631818181808006
v -0.11065797979797978 -0.22622841878303115 -0.20157571212121206
v -0.11065797979797978 -0.22396252258178215 -0.18814841919191913
v -0.11065797979797978 -0.2236307399003459 -0.17472112626262618
v -0.11065797979797978 -0.224776605606552 -0.16129383333333325
v -0.11065797979797978 -0.22664519850476653 -0.1478665404040403
v -0.11065797979797978 -0.22646878410589044 -0.13443924747474736
v -0.11065797979797978 -0.22576697926932035 -0.12101195454545449
v -0.11065797979797978 -0.22520081795367736 -0.10758466161616154
v -0.11065797979797978 -0.2245812361588639 -0.09415736868686861
v -0.11065797979797978 -0.22340346942892056 -0.08073007575757565
v -0.1111535726123485 -0.22277472727272724 -0.06730278282828273
v -0.11065797979797978 -0.22277472727272724 -0.07649848069264065
v -0.11115467178599606 -0.22277472727272724 -0.05387548989898977
v -0.11105750140518593 -0.22277472727272724 -0.04044819696969691
v -0.11065797979797978 -0.22277472727272724 -0.03469508386108161
v -0.11065797979797978 -0.223958232812634 -0.02702090404040397
v -0.11065797979797978 -0.2274380933247622 -0.013593611111111029
v -0.11634247317297257 -0.22277472727272724 -0.00016631818181808006
v -0.11065797979797978 -0.22277472727272724 -0.007183834881787495
v -0.11277570177619706 -0.22277472727272724 0.013260974747474862
v -0.11065797979797978 -0.22277472727272724 0.01765483714206615
v -0.10433466666666665 -0.2337882756290869 -0.215003005050505
v -0.10433466666666665 -0.22453493743523312 -0.20157571212121206
v -0.10607778620321871 -0.22277472727272724 -0.18814841919191913
v -0.10433466666666665 -0.22277472727272724 -0.19176601280367347
v -0.1064360352729456 -0.22277472727272724 -0.17472112626262618
v -0.10433466666666665 -0.22277472727272724 -0.16683886251809735
v -0.10433466666666665 -0.2232916114163535 -0.16129383333333325
v -0.10433466666666665 -0.22487138391964623 -0.1478665404040403
v -0.10433466666666665 -0.2249762980350898 -0.13443924747474736
v -0.10433466666666665 -0.22418808295955373 -0.12101195454545449
v -0.10433466666666665 -0.22298525322604365 -0.10758466161616154
v -0.10599414666438721 -0.22277472727272724 -0.09415736868686861
v -0.10433466666666665 -0.22277472727272724 -0.10572182071566145
v -0.10900286101232168 -0.22277472727272724 -0.08073007575757565
v -0.10856317834095643 -0.22277472727272724 -0.02702090404040397
v -0.10879314580852949 -0.22277472727272724 -0.013593611111111029
v -0.10433466666666665 -0.22277472727272724 0.023220478236829527
v -0.09801135353535351 -0.23340971724268025 -0.25528488383838377
v -0.09801135353535351 -0.23518639400804817 -0.2418575909090908
v -0.09801135353535351 -0.23453860283907352 -0.215003005050505
v -0.09801135353535351 -0.22382852425823002 -0.20157571212121206
v -0.09801135353535351 -0.22277472727272724 -0.1965977945287879
v -0.10206433700853092 -0.22277472727272724 -0.16129383333333325
v -0.09801135353535351 -0.22277472727272724 -0.14992266607119661
v -0.09801135353535351 -0.22304034645274343 -0.1478665404040403
v -0.09801135353535351 -0.22286162891107178 -0.13443924747474736
v -0.09994590589706556 -0.22277472727272724 -0.12101195454545449
v -0.09801135353535351 -0.22277472727272724 -0.13343527341662523
v -0.10355351545389115 -0.22277472727272724 -0.10758466161616154
v -0.09801135353535351 -0.22277472727272724 0.025901035263278843
v -0.09168804040404037 -0.23575824470626344 -0.26871217676767667
v -0.09168804040404037 -0.2307283052535939 -0.25528488383838377
v -0.09168804040404037 -0.2338758161897901 -0.2418575909090908
v -0.09168804040404037 -0.22387371150732063 -0.20157571212121206
v -0.09168804040404037 -0.22277472727272724 -0.19705378928518424
v -0.09676678075402566 -0.22277472727272724 -0.1478665404040403
v -0.09766368089141857 -0.22277472727272724 -0.13443924747474736
v -0.09511923689646531 -0.22277472727272724 0.026688267676767803
v -0.09168804040404037 -0.22277472727272724 0.02853120350863005
v -0.08536472727272727 -0.2337315592466628 -0.26871217676767667
v -0.08536472727272727 -0.22943641242339258 -0.25528488383838377
v -0.08536472727272727 -0.23298259965483675 -0.2418575909090908
v -0.08536472727272727 -0.2238835607134952 -0.20157571212121206
v -0.08536472727272727 -0.22277472727272724 -0.19671517890849322
v -0.08536472727272727 -0.22277472727272724 0.030927711478623304
v -0.07904141414141413 -0.23253264996709447 -0.26871217676767667
v -0.07904141414141413 -0.22854527077098336 -0.25528488383838377
v -0.07904141414141413 -0.231896304129431 -0.2418575909090908
v -0.07904141414141413 -0.22416648389908508 -0.20157571212121206
v -0.07904141414141413 -0.22277472727272724 -0.1955568112540693
v -0.07904141414141413 -0.22277472727272724 0.03267328410910604
v -0.072718101010101 -0.2313157857720751 -0.26871217676767667
v -0.072718101010101 -0.2275322604368588 -0.25528488383838377
v -0.072718101010101 -0.23060942631513567 -0.2418575909090908
v -0.072718101010101 -0.23329775760486288 -0.215003005050505
v -0.072718101010101 -0.22429893755768007 -0.20157571212121206
v -0.072718101010101 -0.22277472727272724 -0.1948714465694833
v -0.072718101010101 -0.22277472727272724 0.03395159248908632
v -0.06639478787878786 -0.2307723823261911 -0.26871217676767667
v -0.06639478787878786 -0.22701084385517198 -0.25528488383838377
v -0.06639478787878786 -0.22952308932917984 -0.2418575909090908
v -0.06639478787878786 -0.23154232767612162 -0.215003005050505
v -0.06639478787878786 -0.2239285338843689 -0.20157571212121206
v -0.06639478787878786 -0.22277472727272724 -0.19586191720367252
v -0.06639478787878786 -0.22277472727272724 0.03502568986628472
v -0.06007147474747472 -0.23042547825462592 -0.26871217676767667
v -0.06007147474747472 -0.22653468397050178 -0.25528488383838377
v -0.06007147474747472 -0.2285730013679901 -0.2418575909090908
v -0.06007147474747472 -0.229399886720515 -0.215003005050505
v -0.06007147474747472 -0.22349306607381247 -0.20157571212121206
v -0.06007147474747472 -0.22277472727272724 -0.19775204156756687
v -0.06007147474747472 -0.22277472727272724 0.03605229433839024
v -0.05374816161616158 -0.2300533611952482 -0.26871217676767667
v -0.05374816161616158 -0.22600304685605382 -0.25528488383838377
v -0.05374816161616158 -0.22771098645192112 -0.2418575909090908
v -0.05374816161616158 -0.22663182130296064 -0.22843029797979786
v -0.05374816161616158 -0.22802479979551143 -0.215003005050505
v -0.054305462555903544 -0.22277472727272724 -0.20157571212121206
v -0.05374816161616158 -0.22277472727272724 -0.2016477174839556
v -0.05374816161616158 -0.22277472727272724 0.037034302376591395
v -0.04742484848484848 -0.22969736946694613 -0.26871217676767667
v -0.04742484848484848 -0.2258091969288557 -0.25528488383838377
v -0.04742484848484848 -0.22683387189099632 -0.2418575909090908
v -0.04742484848484848 -0.22504452376418865 -0.22843029797979786
v -0.04742484848484848 -0.22706456783216636 -0.215003005050505
v -0.04742484848484848 -0.22277472727272724 -0.20293752620669248
v -0.04742484848484848 -0.22277472727272724 0.03790406419537185
v -0.04110153535353534 -0.2295205472005174 -0.26871217676767667
v -0.04110153535353534 -0.22520728540839066 -0.25528488383838377
v -0.04110153535353534 -0.2261936741914577 -0.2418575909090908
v -0.04110153535353534 -0.2276061354197147 -0.22843029797979786
v -0.04110153535353534 -0.22619703464909133 -0.215003005050505
v -0.04110153535353534 -0.22277472727272724 -0.20419763749387376
v -0.04110153535353534 -0.22277472727272724 0.038563753310845286
v -0.0347782222222222 -0.2298841495233285 -0.26871217676767667
v -0.0347782222222222 -0.22486326621874092 -0.25528488383838377
v -0.0347782222222222 -0.22539168834704254 -0.2418575909090908
v -0.0347782222222222 -0.2272432274512146 -0.22843029797979786
v -0.0347782222222222 -0.22525409812919595 -0.215003005050505
v -0.0347782222222222 -0.22277472727272724 -0.20669559018274633
v -0.0347782222222222 -0.22277472727272724 0.03897579013793915
v -0.028454909090909065 -0.23093750455501905 -0.26871217676767667
v -0.028454909090909065 -0.2250290869007128 -0.25528488383838377
v -0.028454909090909065 -0.2249538532388295 -0.2418575909090908
v -0.028454909090909065 -0.2280241332786737 -0.22843029797979786
v -0.028454909090909065 -0.22445211298171983 -0.215003005050505
v -0.028454909090909065 -0.22277472727272724 -0.20943005681668334
v -0.028454909090909065 -0.22277472727272724 0.03880774579770305
v -0.022131595959595927 -0.23326262540655235 -0.26871217676767667
v -0.022131595959595927 -0.22578058574941828 -0.25528488383838377
v -0.022131595959595927 -0.22490491802954943 -0.2418575909090908
v -0.022131595959595927 -0.22772008236822114 -0.22843029797979786
v -0.022131595959595927 -0.22355087092053558 -0.215003005050505
v -0.022131595959595927 -0.22277472727272724 -0.21249363616826897
v -0.022131595959595927 -0.22277472727272724 0.03814203246758071
v -0.015808282828282793 -0.22773402001008863 -0.25528488383838377
v -0.015808282828282793 -0.2251527186772256 -0.2418575909090908
v -0.015808282828282793 -0.22897432064140383 -0.22843029797979786
v -0.018966979714579307 -0.22277472727272724 -0.215003005050505
v -0.015808282828282793 -0.22277472727272724 -0.21547926930520242
v -0.015808282828282793 -0.22277472727272724 0.0369613928537917
v -0.009484969696969688 -0.2350078941140604 -0.25528488383838377
v -0.009484969696969688 -0.22613275140609715 -0.2418575909090908
v -0.009484969696969688 -0.22687554045743824 -0.22843029797979786
v -0.009484969696969688 -0.22277472727272724 -0.2190488101222484
v -0.009484969696969688 -0.23611640377690285 0.026688267676767803
v -0.009484969696969688 -0.22277472727272724 0.03589030303012889
v -0.003161656565656551 -0.22672335074406047 -0.2418575909090908
v -0.003161656565656551 -0.22938648804668538 -0.22843029797979786
v -0.003161656565656551 -0.22277472727272724 -0.22336448874601122
v -0.003161656565656551 -0.23412509109833168 0.026688267676767803
v -0.003161656565656551 -0.22277472727272724 0.03694726471661196
v 0.003161656565656586 -0.22844692239151254 -0.2418575909090908
v 0.003161656565656586 -0.23112772928997488 -0.22843029797979786
v 0.003161656565656586 -0.22277472727272724 -0.22006242997854944
v 0.003161656565656586 -0.23411014626898385 0.026688267676767803
v 0.003161656565656586 -0.22277472727272724 0.03691688825004319
v 0.009484969696969759 -0.227368875930655 -0.2418575909090908
v 0.009484969696969759 -0.23069490671566276 -0.22843029797979786
v 0.009484969696969759 -0.22277472727272724 -0.21532931562811888
v 0.009484969696969759 -0.23599135015033515 0.026688267676767803
v 0.009484969696969759 -0.22277472727272724 0.035734100084359434
v 0.015808282828282862 -0.22933872757182294 -0.25528488383838377
v 0.015808282828282862 -0.2261646299955937 -0.2418575909090908
v 0.015808282828282862 -0.2284448252021935 -0.22843029797979786
v 0.012743142938383401 -0.22277472727272724 -0.215003005050505
v 0.015808282828282862 -0.22350810562314494 -0.215003005050505
v 0.015808282828282862 -0.22277472727272724 -0.21267816673967638
v 0.015808282828282862 -0.22277472727272724 0.036654083335775155
v 0.022131595959595962 -0.23488176116577186 -0.26871217676767667
v 0.022131595959595962 -0.22724242526320923 -0.25528488383838377
v 0.022131595959595962 -0.22571585268739972 -0.2418575909090908
v 0.022131595959595962 -0.2292858728125796 -0.22843029797979786
v 0.022131595959595962 -0.2245363833214982 -0.215003005050505
v 0.022131595959595962 -0.22277472727272724 -0.20896805640123464
v 0.022131595959595962 -0.22277472727272724 0.037559062724203285
v 0.028454909090909135 -0.23254767183204378 -0.26871217676767667
v 0.028454909090909135 -0.22636336540806942 -0.25528488383838377
v 0.028454909090909135 -0.22575597865549693 -0.2418575909090908
v 0.028454909090909135 -0.2276576321712582 -0.22843029797979786
v 0.028454909090909135 -0.2253424039000256 -0.215003005050505
v 0.028454909090909135 -0.22277472727272724 -0.2060639484658309
v 0.028454909090909135 -0.22277472727272724 0.03795411058021991
v 0.03477822222222224 -0.23147099390386833 -0.26871217676767667
v 0.03477822222222224 -0.22611860794902863 -0.25528488383838377
v 0.03477822222222224 -0.2260555059582367 -0.2418575909090908
v 0.03477822222222224 -0.22771350915848895 -0.22843029797979786
v 0.03477822222222224 -0.22600773504753802 -0.215003005050505
v 0.03477822222222224 -0.22277472727272724 -0.20356618832803283
v 0.03477822222222224 -0.22277472727272724 0.03792338573785919
v 0.04110153535353541 -0.2313703493881171 -0.26871217676767667
v 0.04110153535353541 -0.22631750204011197 -0.25528488383838377
v 0.04110153535353541 -0.22678033821171906 -0.2418575909090908
v 0.04110153535353541 -0.22632502979324395 -0.22843029797979786
v 0.04110153535353541 -0.22681479868016804 -0.215003005050505
v 0.04110153535353541 -0.22277472727272724 -0.20163805313869504
v 0.04110153535353541 -0.22277472727272724 0.037377023365184864
v 0.047424848484848514 -0.2313858911702176 -0.26871217676767667
v 0.047424848484848514 -0.2266578647474314 -0.25528488383838377
v 0.047424848484848514 -0.22741011986037818 -0.2418575909090908
v 0.047424848484848514 -0.22723860512752858 -0.22843029797979786
v 0.047424848484848514 -0.2277345371162432 -0.215003005050505
v 0.04139667589610379 -0.22277472727272724 -0.20157571212121206
v 0.047424848484848514 -0.2238984842985784 -0.20157571212121206
v 0.047424848484848514 -0.22277472727272724 -0.19407150921724084
v 0.047424848484848514 -0.22277472727272724 0.03629903325149884
v 0.05374816161616162 -0.2316638485401009 -0.26871217676767667
v 0.05374816161616162 -0.2271056275942642 -0.25528488383838377
v 0.05374816161616162 -0.22809990965186452 -0.2418575909090908
v 0.05374816161616162 -0.22411327118103874 -0.22843029797979786
v 0.05374816161616162 -0.22861711632553972 -0.215003005050505
v 0.05374816161616162 -0.22495400272182337 -0.20157571212121206
v 0.05374816161616162 -0.22277472727272724 -0.18953504115053219
v 0.05374816161616162 -0.22277472727272724 0.03534053952808812
v 0.06007147474747479 -0.23199662756901793 -0.26871217676767667
v 0.06007147474747479 -0.22761048183184057 -0.25528488383838377
v 0.06007147474747479 -0.22909693045565913 -0.2418575909090908
v 0.06007147474747479 -0.23314720564987537 -0.22843029797979786
v 0.06007147474747479 -0.23007154107724154 -0.215003005050505
v 0.06007147474747479 -0.22570015126720028 -0.20157571212121206
v 0.05643627168915795 -0.22277472727272724 -0.18814841919191913
v 0.06007147474747479 -0.2233470477506364 -0.18814841919191913
v 0.05903277445188958 -0.22277472727272724 -0.17472112626262618
v 0.06007147474747479 -0.22295198187247628 -0.17472112626262618
v 0.06007147474747479 -0.22277472727272724 -0.16591348470672737
v 0.06007147474747479 -0.22277472727272724 0.03430542313536912
v 0.06639478787878789 -0.23236050822352125 -0.26871217676767667
v 0.06639478787878789 -0.22809618521308672 -0.25528488383838377
v 0.06639478787878789 -0.23019298718561415 -0.2418575909090908
v 0.06639478787878789 -0.23229154220178255 -0.215003005050505
v 0.06639478787878789 -0.226266773520555 -0.20157571212121206
v 0.06639478787878789 -0.2235828768201303 -0.18814841919191913
v 0.06639478787878789 -0.22325368408306046 -0.17472112626262618
v 0.061108757945258003 -0.22277472727272724 -0.16129383333333325
v 0.06639478787878789 -0.22330695263799713 -0.16129383333333325
v 0.06639478787878789 -0.22277472727272724 -0.1545460112747693
v 0.06639478787878789 -0.22277472727272724 0.03322785355241322
v 0.07271810101010107 -0.23292483439932718 -0.26871217676767667
v 0.07271810101010107 -0.228763551122006 -0.25528488383838377
v 0.07271810101010107 -0.23163808683249465 -0.2418575909090908
v 0.07271810101010107 -0.23515131837239406 -0.215003005050505
v 0.07271810101010107 -0.2266642159573012 -0.20157571212121206
v 0.07271810101010107 -0.2234274288094872 -0.18814841919191913
v 0.07271810101010107 -0.22303798757238086 -0.17472112626262618
v 0.07271810101010107 -0.22323919983360593 -0.16129383333333325
v 0.07138589425464854 -0.22277472727272724 -0.1478665404040403
v 0.07271810101010107 -0.22290915783607596 -0.1478665404040403
v 0.07271810101010107 -0.22277472727272724 -0.14698537401292144
v 0.07271810101010107 -0.22277472727272724 0.0321064826597333
v 0.07904141414141416 -0.2336818207139478 -0.26871217676767667
v 0.07904141414141416 -0.22956155366336292 -0.25528488383838377
v 0.07904141414141416 -0.23298750820597924 -0.2418575909090908
v 0.07904141414141416 -0.22646172808863566 -0.20157571212121206
v 0.07904141414141416 -0.22334087516285908 -0.18814841919191913
v 0.07532664603570892 -0.22277472727272724 -0.17472112626262618
v 0.07904141414141416 -0.22277472727272724 -0.17915457292683257
v 0.07904141414141416 -0.22277472727272724 -0.1644424137321085
v 0.07904141414141416 -0.22288958737826509 -0.16129383333333325
v 0.07904141414141416 -0.2231696574190628 -0.1478665404040403
v 0.07904141414141416 -0.22277472727272724 -0.14301750167507796
v 0.07904141414141416 -0.22277472727272724 0.030827086624370243
v 0.08536472727272734 -0.23477578316367986 -0.26871217676767667
v 0.08536472727272734 -0.2304121687663568 -0.25528488383838377
v 0.08536472727272734 -0.2342152146444287 -0.2418575909090908
v 0.08536472727272734 -0.22599507144185538 -0.20157571212121206
v 0.08447342478265747 -0.22277472727272724 -0.18814841919191913
v 0.08536472727272734 -0.22277472727272724 -0.18842790320810648
v 0.08190199708439105 -0.22277472727272724 -0.16129383333333325
v 0.08536472727272734 -0.22277472727272724 -0.15919555133069685
v 0.08536472727272734 -0.22339196093406097 -0.1478665404040403
v 0.08335381655563844 -0.22277472727272724 -0.13443924747474736
v 0.08536472727272734 -0.22304655413909635 -0.13443924747474736
v 0.08536472727272734 -0.22277472727272724 -0.13293985410111428
v 0.08536472727272734 -0.22277472727272724 0.029029408803112822
v 0.09168804040404044 -0.23178616948055975 -0.25528488383838377
v 0.09168804040404044 -0.2352372654046803 -0.2418575909090908
v 0.09168804040404044 -0.22542344178082763 -0.20157571212121206
v 0.09168804040404044 -0.22277472727272724 -0.19062806239206917
v 0.09168804040404044 -0.22277472727272724 -0.15903898659810764
v 0.09168804040404044 -0.22403482447112913 -0.1478665404040403
v 0.09168804040404044 -0.22362318183229485 -0.13443924747474736
v 0.09168804040404044 -0.22277472727272724 -0.12662922453827702
v 0.0911234223381686 -0.22277472727272724 0.026688267676767803
v 0.09168804040404044 -0.22277472727272724 0.026555763228223898
v 0.09801135353535355 -0.23380934810643883 -0.25528488383838377
v 0.09801135353535355 -0.2250736225078209 -0.20157571212121206
v 0.09801135353535355 -0.22277472727272724 -0.19071738117994017
v 0.09394816047173438 -0.22277472727272724 -0.16129383333333325
v 0.09801135353535355 -0.22277472727272724 -0.1650780206206402
v 0.09801135353535355 -0.2230924675187828 -0.16129383333333325
v 0.09801135353535355 -0.22498712024954326 -0.1478665404040403
v 0.09801135353535355 -0.22495760075311505 -0.13443924747474736
v 0.09334107396072057 -0.22277472727272724 -0.12101195454545449
v 0.09801135353535355 -0.22388696162477698 -0.12101195454545449
v 0.09801135353535355 -0.22277472727272724 -0.11057578373999417
v 0.09801135353535355 -0.22277472727272724 0.024674655541738914
v 0.10433466666666671 -0.2361456509437579 -0.215003005050505
v 0.10433466666666671 -0.22536880487721286 -0.20157571212121206
v 0.10171094703710955 -0.22277472727272724 -0.18814841919191913
v 0.10433466666666671 -0.223053365681125 -0.18814841919191913
v 0.10257254847084327 -0.22277472727272724 -0.17472112626262618
v 0.10433466666666671 -0.22297127613401427 -0.17472112626262618
v 0.10433466666666671 -0.22437247879671418 -0.16129383333333325
v 0.10433466666666671 -0.2261734447817759 -0.1478665404040403
v 0.10433466666666671 -0.22625474582994326 -0.13443924747474736
v 0.10433466666666671 -0.22553147538994703 -0.12101195454545449
v 0.09866105903712008 -0.22277472727272724 -0.10758466161616154
v 0.10433466666666671 -0.22436432437755746 -0.10758466161616154
v 0.10335981734006633 -0.22277472727272724 -0.09415736868686861
v 0.10433466666666671 -0.22299733716303766 -0.09415736868686861
v 0.10433466666666671 -0.22277472727272724 -0.09233911820537977
v 0.10433466666666671 -0.22277472727272724 0.02197112662313521
v 0.11065797979797981 -0.2267300480662005 -0.20157571212121206
v 0.11065797979797981 -0.22451436374008488 -0.18814841919191913
v 0.11065797979797981 -0.2241017514454943 -0.17472112626262618
v 0.11065797979797981 -0.22532561054330408 -0.16129383333333325
v 0.11065797979797981 -0.227469856510216 -0.1478665404040403
v 0.11065797979797981 -0.22719508122196638 -0.13443924747474736
v 0.11065797979797981 -0.22642971068181791 -0.12101195454545449
v 0.11065797979797981 -0.22587874047661055 -0.10758466161616154
v 0.11065797979797981 -0.22538319942107393 -0.09415736868686861
v 0.10634880754672797 -0.22277472727272724 -0.08073007575757565
v 0.11065797979797981 -0.22444851965740828 -0.08073007575757565
v 0.11065797979797981 -0.22277472727272724 -0.0678331131949452
v 0.10966278120900388 -0.22277472727272724 -0.04044819696969691
v 0.11065797979797981 -0.22277472727272724 -0.050713813422209875
v 0.11065797979797981 -0.22315407509828064 -0.04044819696969691
v 0.10650520442704606 -0.22277472727272724 -0.02702090404040397
v 0.11065797979797981 -0.22516188036259227 -0.02702090404040397
v 0.10852327035473852 -0.22277472727272724 -0.013593611111111029
v 0.11065797979797981 -0.2280797795626265 -0.013593611111111029
v 0.11065797979797981 -0.22277472727272724 -0.0065739103345777514
v 0.11065797979797981 -0.22277472727272724 0.01588757011671681
v 0.11698129292929299 -0.23379810339490356 -0.20157571212121206
v 0.11698129292929299 -0.22926892329003684 -0.18814841919191913
v 0.11698129292929299 -0.22671315775900086 -0.17472112626262618
v 0.11698129292929299 -0.22765703474895493 -0.16129383333333325
v 0.11698129292929299 -0.2340501147684039 -0.1478665404040403
v 0.11698129292929299 -0.2287903399058781 -0.13443924747474736
v 0.11698129292929299 -0.22483248697444444 -0.12101195454545449
v 0.11698129292929299 -0.22545924570897402 -0.10758466161616154
v 0.11698129292929299 -0.2278566798342282 -0.09415736868686861
v 0.11698129292929299 -0.22906687020163852 -0.08073007575757565
v 0.11068323248160458 -0.22277472727272724 -0.06730278282828273
v 0.11698129292929299 -0.23048085640187185 -0.06730278282828273
v 0.11069436019703188 -0.22277472727272724 -0.05387548989898977
v 0.11698129292929299 -0.23072526511156233 -0.05387548989898977
v 0.11698129292929299 -0.23049270517106374 -0.04044819696969691
v 0.11698129292929299 -0.23034671453534206 -0.02702090404040397
v 0.11698129292929299 -0.23112015969328903 -0.013593611111111029
v 0.11607419358966255 -0.22277472727272724 -0.00016631818181808006
v 0.11698129292929299 -0.22287121218311393 -0.00016631818181808006
v 0.11189373726554433 -0.22277472727272724 0.013260974747474862
v 0.12330460606060609 -0.2352548055477577 -0.09415736868686861
v 0.12330460606060609 -0.23449320159898165 -0.08073007575757565
v 0.12330460606060609 -0.23428826884361656 -0.06730278282828273
v 0.12330460606060609 -0.23443513146584094 -0.05387548989898977
v 0.12330460606060609 -0.23433045387785734 -0.04044819696969691
v 0.12330460606060609 -0.23444052683262523 -0.02702090404040397
v -0.11065797979797978 -0.2200637897711712 -0.06730278282828273
v -0.11065797979797978 -0.2202142626614829 -0.05387548989898977
v -0.11065797979797978 -0.22114934122237787 -0.04044819696969691
v -0.11065797979797978 -0.2106102237841142 -0.00016631818181808006
v -0.11065797979797978 -0.2170970273518775 0.013260974747474862
v -0.10433466666666665 -0.22149487437621868 -0.18814841919191913
v -0.10433466666666665 -0.2210054017815716 -0.17472112626262618
v -0.10433466666666665 -0.220322366399967 -0.09415736868686861
v -0.10433466666666665 -0.21809874601121015 -0.08073007575757565
v -0.10433466666666665 -0.21675059263377275 -0.06730278282828273
v -0.10433466666666665 -0.21676162579532335 -0.05387548989898977
v -0.10433466666666665 -0.21791362899024888 -0.04044819696969691
v -0.10433466666666665 -0.22032983843570236 -0.02702090404040397
v -0.10433466666666665 -0.21248131649775376 -0.013593611111111029
v -0.10824517309921852 -0.2090805454545454 -0.00016631818181808006
v -0.10433466666666665 -0.2090805454545454 -0.0031238472516975204
v -0.10461800521229614 -0.2090805454545454 0.013260974747474862
v -0.10433466666666665 -0.2090805454545454 0.013771453958490741
v -0.09801135353535351 -0.21978011741003597 -0.18814841919191913
v -0.09801135353535351 -0.21889139168577845 -0.17472112626262618
v -0.09801135353535351 -0.2203416913954132 -0.16129383333333325
v -0.09801135353535351 -0.22110247258310897 -0.12101195454545449
v -0.09801135353535351 -0.21908724191603512 -0.10758466161616154
v -0.09801135353535351 -0.21721788303139244 -0.09415736868686861
v -0.09801135353535351 -0.21553499972947882 -0.08073007575757565
v -0.09801135353535351 -0.2141930342307088 -0.06730278282828273
v -0.09801135353535351 -0.21368018967772104 -0.05387548989898977
v -0.09801135353535351 -0.21461243752905143 -0.04044819696969691
v -0.09801135353535351 -0.2164195978056766 -0.02702090404040397
v -0.10270334400025935 -0.2090805454545454 -0.013593611111111029
v -0.09801135353535351 -0.2090805454545454 -0.023873604116538567
v -0.09801135353535351 -0.2090805454545454 0.02049574766327293
v -0.09168804040404037 -0.2192904518004707 -0.18814841919191913
v -0.09168804040404037 -0.21837087377301212 -0.17472112626262618
v -0.09168804040404037 -0.2190279388928562 -0.16129383333333325
v -0.09168804040404037 -0.22058729424464746 -0.1478665404040403
v -0.09168804040404037 -0.21994734923493373 -0.13443924747474736
v -0.09168804040404037 -0.21831854335286272 -0.12101195454545449
v -0.09168804040404037 -0.2166158363343744 -0.10758466161616154
v -0.09168804040404037 -0.21485998811755352 -0.09415736868686861
v -0.09168804040404037 -0.21289562897113762 -0.08073007575757565
v -0.09168804040404037 -0.21015811478804455 -0.06730278282828273
v -0.0928816893627134 -0.2090805454545454 -0.05387548989898977
v -0.09168804040404037 -0.2090805454545454 -0.06189990198350976
v -0.09304285887564706 -0.2090805454545454 -0.04044819696969691
v -0.09464555182820615 -0.2090805454545454 -0.02702090404040397
v -0.09168804040404037 -0.2090805454545454 0.024382143331602713
v -0.09168804040404037 -0.21730837301538272 0.026688267676767803
v -0.08536472727272727 -0.2196377048203763 -0.18814841919191913
v -0.08536472727272727 -0.21819551037078508 -0.17472112626262618
v -0.08536472727272727 -0.2186220256418823 -0.16129383333333325
v -0.08536472727272727 -0.21920492913961495 -0.1478665404040403
v -0.08536472727272727 -0.21866447038176054 -0.13443924747474736
v -0.08536472727272727 -0.21642955004829578 -0.12101195454545449
v -0.08536472727272727 -0.21438607855139644 -0.10758466161616154
v -0.08536472727272727 -0.2123202750016825 -0.09415736868686861
v -0.08536472727272727 -0.20919038247708235 -0.08073007575757565
v -0.09049971778096329 -0.2090805454545454 -0.06730278282828273
v -0.08536472727272727 -0.2090805454545454 -0.08048905978641369
v -0.08607259290443943 -0.2090805454545454 0.026688267676767803
v -0.08536472727272727 -0.2090805454545454 0.02711860723507278
v -0.07904141414141413 -0.2199241269978459 -0.18814841919191913
v -0.07904141414141413 -0.21833669004724124 -0.17472112626262618
v -0.07904141414141413 -0.21833981238871755 -0.16129383333333325
v -0.07904141414141413 -0.21838841135011158 -0.1478665404040403
v -0.07904141414141413 -0.21733928848456915 -0.13443924747474736
v -0.07904141414141413 -0.21505971948329525 -0.12101195454545449
v -0.07904141414141413 -0.21200368528544009 -0.10758466161616154
v -0.07904141414141413 -0.20909373375468043 -0.09415736868686861
v -0.08520470274322901 -0.2090805454545454 -0.08073007575757565
v -0.07904141414141413 -0.2090805454545454 -0.09412419012765659
v -0.07904141414141413 -0.2090805454545454 0.029955331366475553
v -0.072718101010101 -0.2200800995082448 -0.18814841919191913
v -0.072718101010101 -0.2183302536680513 -0.17472112626262618
v -0.072718101010101 -0.21828056145010355 -0.16129383333333325
v -0.072718101010101 -0.2177999921720573 -0.1478665404040403
v -0.072718101010101 -0.21604691713741497 -0.13443924747474736
v -0.072718101010101 -0.21297237175709718 -0.12101195454545449
v -0.072718101010101 -0.20924601315844293 -0.10758466161616154
v -0.07901863680277482 -0.2090805454545454 -0.09415736868686861
v -0.072718101010101 -0.2090805454545454 -0.10709890396560433
v -0.072718101010101 -0.2090805454545454 0.03186657884690717
v -0.06639478787878786 -0.21999090599932197 -0.18814841919191913
v -0.06639478787878786 -0.21820813409709108 -0.17472112626262618
v -0.06639478787878786 -0.21796244575838636 -0.16129383333333325
v -0.06639478787878786 -0.21714995117297897 -0.1478665404040403
v -0.06639478787878786 -0.21465269022438374 -0.13443924747474736
v -0.06639478787878786 -0.21049800391077186 -0.12101195454545449
v -0.0723774546997263 -0.2090805454545454 -0.10758466161616154
v -0.06639478787878786 -0.2090805454545454 -0.11680404153025463
v -0.06639478787878786 -0.2090805454545454 0.033611613232530514
v -0.06007147474747472 -0.21950089186163146 -0.18814841919191913
v -0.06007147474747472 -0.2178029452715546 -0.17472112626262618
v -0.06007147474747472 -0.2174725302287278 -0.16129383333333325
v -0.06007147474747472 -0.21632306557202383 -0.1478665404040403
v -0.06007147474747472 -0.21292738792560917 -0.13443924747474736
v -0.06373066538125292 -0.2090805454545454 -0.12101195454545449
v -0.06007147474747472 -0.2090805454545454 -0.12524407859040568
v -0.06007147474747472 -0.2090805454545454 0.035300744614092425
v -0.05374816161616158 -0.22266565319562515 -0.20157571212121206
v -0.05374816161616158 -0.21842930733103139 -0.18814841919191913
v -0.05374816161616158 -0.2170104606628482 -0.17472112626262618
v -0.05374816161616158 -0.21650018506201588 -0.16129383333333325
v -0.05374816161616158 -0.2149394515018133 -0.1478665404040403
v -0.05374816161616158 -0.2101892662748489 -0.13443924747474736
v -0.05374816161616158 -0.2090805454545454 -0.13241478335843127
v -0.05374816161616158 -0.2090805454545454 0.03691172341199242
v -0.04742484848484848 -0.22081595590758038 -0.20157571212121206
v -0.04742484848484848 -0.21702578268008998 -0.18814841919191913
v -0.04742484848484848 -0.21575987316145895 -0.17472112626262618
v -0.04742484848484848 -0.215098167359002 -0.16129383333333325
v -0.04742484848484848 -0.21260589472273578 -0.1478665404040403
v -0.05231289500598566 -0.2090805454545454 -0.13443924747474736
v -0.04742484848484848 -0.2090805454545454 -0.1408242078414248
v -0.04742484848484848 -0.2090805454545454 0.03832659964765239
v -0.04110153535353534 -0.2193531748730352 -0.20157571212121206
v -0.04110153535353534 -0.21538613261455933 -0.18814841919191913
v -0.04110153535353534 -0.21410091552463373 -0.17472112626262618
v -0.04110153535353534 -0.21324041953574474 -0.16129383333333325
v -0.042063309234093745 -0.2090805454545454 -0.1478665404040403
v -0.04110153535353534 -0.2090805454545454 -0.14948782578555123
v -0.04110153535353534 -0.2090805454545454 0.03960188457036063
v -0.0347782222222222 -0.21734656965196983 -0.20157571212121206
v -0.0347782222222222 -0.21369823530376694 -0.18814841919191913
v -0.0347782222222222 -0.21202096054856953 -0.17472112626262618
v -0.0347782222222222 -0.21051482406986005 -0.16129383333333325
v -0.0347782222222222 -0.2090805454545454 -0.15879258955889664
v -0.037072782737639684 -0.2090805454545454 0.04011556060606067
v -0.0347782222222222 -0.21188485521283595 0.04011556060606067
v -0.0347782222222222 -0.2090805454545454 0.040483851048387684
v -0.028454909090909065 -0.2157002595657025 -0.20157571212121206
v -0.028454909090909065 -0.2119410598355435 -0.18814841919191913
v -0.028492886473372704 -0.2090805454545454 -0.17472112626262618
v -0.028454909090909065 -0.2090805454545454 -0.17478444832267537
v -0.032751279936142005 -0.2090805454545454 -0.16129383333333325
v -0.028454909090909065 -0.2130574470801925 0.04011556060606067
v -0.028454909090909065 -0.2090805454545454 0.04081194133354578
v -0.022131595959595927 -0.2145608796438684 -0.20157571212121206
v -0.022131595959595927 -0.21013162534272392 -0.18814841919191913
v -0.022131595959595927 -0.2090805454545454 -0.18461068848017936
v -0.022131595959595927 -0.20997319809344267 0.04011556060606067
v -0.022131595959595927 -0.2090805454545454 0.04030647039217397
v -0.015808282828282793 -0.2212478272730042 -0.215003005050505
v -0.015808282828282793 -0.21399079900768025 -0.20157571212121206
v -0.019539085216420074 -0.2090805454545454 -0.18814841919191913
v -0.015808282828282793 -0.2090805454545454 -0.19015235160639268
v -0.021611214223479606 -0.2090805454545454 0.04011556060606067
v -0.015808282828282793 -0.2090805454545454 0.039278928559043205
v -0.009484969696969688 -0.2182136226352817 -0.215003005050505
v -0.009484969696969688 -0.21417156897398848 -0.20157571212121206
v -0.009484969696969688 -0.2090805454545454 -0.19234278961739223
v -0.009484969696969688 -0.2090805454545454 0.036974734467901095
v -0.003161656565656551 -0.2125538642556592 -0.215003005050505
v -0.003161656565656551 -0.21527963798978852 -0.20157571212121206
v -0.003161656565656551 -0.2090805454545454 -0.19258550244108444
v -0.003161656565656551 -0.2090805454545454 0.033681934887180846
v 0.003161656565656586 -0.2139883144924056 -0.215003005050505
v 0.003161656565656586 -0.21615258067663776 -0.20157571212121206
v 0.003161656565656586 -0.2090805454545454 -0.19034427126832318
v 0.003161656565656586 -0.2090805454545454 0.03360472082324922
v 0.009484969696969759 -0.22178168403902218 -0.215003005050505
v 0.009484969696969759 -0.21629250145362094 -0.20157571212121206
v 0.008004232896872151 -0.2090805454545454 -0.18814841919191913
v 0.009484969696969759 -0.21072219967313935 -0.18814841919191913
v 0.009484969696969759 -0.2090805454545454 -0.18567680800591121
v 0.009484969696969759 -0.2090805454545454 0.03664881251359617
v 0.015808282828282862 -0.21689238571377353 -0.20157571212121206
v 0.015808282828282862 -0.21260810806859606 -0.18814841919191913
v 0.015808282828282862 -0.2090805454545454 -0.17936866440094512
v 0.015808282828282862 -0.2090805454545454 0.03862802097588577
v 0.022131595959595962 -0.2178655531654321 -0.20157571212121206
v 0.022131595959595962 -0.21431675418176613 -0.18814841919191913
v 0.019589722602242322 -0.2090805454545454 -0.17472112626262618
v 0.022131595959595962 -0.21118966440005515 -0.17472112626262618
v 0.022131595959595962 -0.2090805454545454 -0.16756186262624612
v 0.022131595959595962 -0.2090805454545454 0.03920147941890213
v 0.028454909090909135 -0.2191836214719933 -0.20157571212121206
v 0.028454909090909135 -0.21607932065134108 -0.18814841919191913
v 0.028454909090909135 -0.21430530155672217 -0.17472112626262618
v 0.024840046980485937 -0.2090805454545454 -0.16129383333333325
v 0.028454909090909135 -0.21197404695866714 -0.16129383333333325
v 0.028454909090909135 -0.2090805454545454 -0.15752685611179867
v 0.028454909090909135 -0.2090805454545454 0.0392795682245469
v 0.03477822222222224 -0.22093534946354934 -0.20157571212121206
v 0.03477822222222224 -0.21787727544658944 -0.18814841919191913
v 0.03477822222222224 -0.21680784337785747 -0.17472112626262618
v 0.03477822222222224 -0.21534894854844405 -0.16129383333333325
v 0.03477822222222224 -0.2090805454545454 -0.14961316976923297
v 0.03477822222222224 -0.2090805454545454 0.03896238258269834
v 0.04110153535353541 -0.22270280331498735 -0.20157571212121206
v 0.04110153535353541 -0.21964135262742168 -0.18814841919191913
v 0.04110153535353541 -0.21892621078292454 -0.17472112626262618
v 0.04110153535353541 -0.21788780172983965 -0.16129383333333325
v 0.03595612332474522 -0.2090805454545454 -0.1478665404040403
v 0.04110153535353541 -0.213939676392945 -0.1478665404040403
v 0.04110153535353541 -0.2090805454545454 -0.14143788820807687
v 0.04110153535353541 -0.2090805454545454 0.03811247829245454
v 0.047424848484848514 -0.2213616983698745 -0.18814841919191913
v 0.047424848484848514 -0.22069788008483762 -0.17472112626262618
v 0.047424848484848514 -0.2198861127708251 -0.16129383333333325
v 0.047424848484848514 -0.21738482389072053 -0.1478665404040403
v 0.04564581071740041 -0.2090805454545454 -0.13443924747474736
v 0.047424848484848514 -0.2115175672262718 -0.13443924747474736
v 0.047424848484848514 -0.2090805454545454 -0.1309595662039218
v 0.047424848484848514 -0.2090805454545454 0.03664647993160763
v 0.05374816161616162 -0.22236951920562553 -0.18814841919191913
v 0.05374816161616162 -0.22206617899957223 -0.17472112626262618
v 0.05374816161616162 -0.2216382679920122 -0.16129383333333325
v 0.05374816161616162 -0.219680340348165 -0.1478665404040403
v 0.05374816161616162 -0.21579014713970218 -0.13443924747474736
v 0.05374816161616162 -0.2090805454545454 -0.12117433132104088
v 0.05374816161616162 -0.2090805454545454 0.03506525060086931
v 0.06007147474747479 -0.2226972340796538 -0.16129383333333325
v 0.06007147474747479 -0.2214020859290036 -0.1478665404040403
v 0.06007147474747479 -0.21835648212719316 -0.13443924747474736
v 0.05387753205600721 -0.2090805454545454 -0.12101195454545449
v 0.06007147474747479 -0.2134916642779981 -0.12101195454545449
v 0.06007147474747479 -0.2090805454545454 -0.10963989775289498
v 0.06007147474747479 -0.2090805454545454 0.03343490407681412
v 0.06639478787878789 -0.22237343680292848 -0.1478665404040403
v 0.06639478787878789 -0.2200270030985834 -0.13443924747474736
v 0.06639478787878789 -0.21636085405868785 -0.12101195454545449
v 0.061565586887847204 -0.2090805454545454 -0.10758466161616154
v 0.06639478787878789 -0.21173409678163246 -0.10758466161616154
v 0.06639478787878789 -0.2090805454545454 -0.1017015997007732
v 0.06639478787878789 -0.2090805454545454 0.0316133385747462
v 0.07271810101010107 -0.22121073233771363 -0.13443924747474736
v 0.07271810101010107 -0.21820854182733201 -0.12101195454545449
v 0.07271810101010107 -0.21453353630098032 -0.10758466161616154
v 0.07074458599753834 -0.2090805454545454 -0.09415736868686861
v 0.07271810101010107 -0.21047042649571357 -0.09415736868686861
v 0.07271810101010107 -0.2090805454545454 -0.09181287804781124
v 0.07271810101010107 -0.2090805454545454 0.029633990966620893
v 0.07904141414141416 -0.22242753504369897 -0.17472112626262618
v 0.07904141414141416 -0.22212253059967205 -0.13443924747474736
v 0.07904141414141416 -0.2197825756368414 -0.12101195454545449
v 0.07904141414141416 -0.21670544437660552 -0.10758466161616154
v 0.07904141414141416 -0.21386082885718238 -0.09415736868686861
v 0.07887693062719309 -0.2090805454545454 -0.08073007575757565
v 0.07904141414141416 -0.20923156050774636 -0.08073007575757565
v 0.07904141414141416 -0.2090805454545454 -0.08054707447260562
v 0.07904141414141416 -0.2090805454545454 0.02751539808980967
v 0.08536472727272734 -0.22266973592851705 -0.18814841919191913
v 0.08536472727272734 -0.2218267328333229 -0.17472112626262618
v 0.08536472727272734 -0.22265291690662667 -0.16129383333333325
v 0.08536472727272734 -0.2206661008457045 -0.12101195454545449
v 0.08536472727272734 -0.21856975021862388 -0.10758466161616154
v 0.08536472727272734 -0.2165068694166507 -0.09415736868686861
v 0.08536472727272734 -0.21348080533344022 -0.08073007575757565
v 0.08536472727272734 -0.2090805454545454 -0.07040203100787254
v 0.0808685367403865 -0.2090805454545454 0.026688267676767803
v 0.08536472727272734 -0.2090805454545454 0.02517304811383981
v 0.08536472727272734 -0.21494247881412798 0.026688267676767803
v 0.09168804040404044 -0.22186766753193632 -0.18814841919191913
v 0.09168804040404044 -0.22142428267118383 -0.17472112626262618
v 0.09168804040404044 -0.22245040328270077 -0.16129383333333325
v 0.09168804040404044 -0.2220684805575218 -0.12101195454545449
v 0.09168804040404044 -0.22026218151906943 -0.10758466161616154
v 0.09168804040404044 -0.21834962417773138 -0.09415736868686861
v 0.09168804040404044 -0.21626626753634606 -0.08073007575757565
v 0.08652237194537106 -0.2090805454545454 -0.06730278282828273
v 0.09168804040404044 -0.21367994085339298 -0.06730278282828273
v 0.09003329614573707 -0.2090805454545454 -0.05387548989898977
v 0.09168804040404044 -0.21140641656373726 -0.05387548989898977
v 0.09094329914627088 -0.2090805454545454 -0.04044819696969691
v 0.09168804040404044 -0.21042526253234073 -0.04044819696969691
v 0.09168804040404044 -0.2090805454545454 -0.03929809816268616
v 0.09168804040404044 -0.2090805454545454 0.022452556124285587
v 0.09801135353535355 -0.22190359071156168 -0.18814841919191913
v 0.09801135353535355 -0.22149290787808407 -0.17472112626262618
v 0.09801135353535355 -0.2223174627678519 -0.10758466161616154
v 0.09801135353535355 -0.22021795137432254 -0.09415736868686861
v 0.09801135353535355 -0.21837119127884055 -0.08073007575757565
v 0.09801135353535355 -0.21687079142676083 -0.06730278282828273
v 0.09801135353535355 -0.21632953910807476 -0.05387548989898977
v 0.09801135353535355 -0.21689414950710167 -0.04044819696969691
v 0.09401948114620953 -0.2090805454545454 -0.02702090404040397
v 0.09801135353535355 -0.2176705971181665 -0.02702090404040397
v 0.09801135353535355 -0.2090805454545454 -0.023369211761901328
v 0.09801135353535355 -0.2090805454545454 0.018220491027035948
v 0.10433466666666671 -0.2206177705157366 -0.08073007575757565
v 0.10433466666666671 -0.21893027522710196 -0.06730278282828273
v 0.10433466666666671 -0.21891455304363233 -0.05387548989898977
v 0.10433466666666671 -0.2198274924945945 -0.04044819696969691
v 0.10433466666666671 -0.22146269952465408 -0.02702090404040397
v 0.10265389047881497 -0.2090805454545454 -0.013593611111111029
v 0.10433466666666671 -0.2127028917990189 -0.013593611111111029
v 0.10433466666666671 -0.2090805454545454 -0.0025629152716523298
v 0.10240011591162958 -0.2090805454545454 0.013260974747474862
v 0.10433466666666671 -0.2090805454545454 0.0110716180665215
v 0.10433466666666671 -0.21071726145715908 0.013260974747474862
v 0.11065797979797981 -0.22262629288125987 -0.06730278282828273
v 0.11065797979797981 -0.22257264793879822 -0.05387548989898977
v 0.10740991930912777 -0.2090805454545454 -0.00016631818181808006
v 0.11065797979797981 -0.2111439313202326 -0.00016631818181808006
v 0.11065797979797981 -0.2194652994650065 0.013260974747474862
v -0.10433466666666665 -0.20226102336511123 -0.00016631818181808006
v -0.10433466666666665 -0.20863859181300193 0.013260974747474862
v -0.09801135353535351 -0.19658423926981913 -0.013593611111111029
v -0.09801135353535351 -0.19620242782284772 -0.00016631818181808006
v -0.09801135353535351 -0.20195106173549407 0.013260974747474862
v -0.09168804040404037 -0.208018824383328 -0.05387548989898977
v -0.09168804040404037 -0.20779824158859567 -0.04044819696969691
v -0.09168804040404037 -0.2082000794641936 -0.02702090404040397
v -0.09579654379841616 -0.19538636363636358 -0.013593611111111029
v -0.09168804040404037 -0.19538636363636358 -0.014176962067392399
v -0.09686178065122932 -0.19538636363636358 -0.00016631818181808006
v -0.09168804040404037 -0.19538636363636358 0.01095518341329213
v -0.09168804040404037 -0.19707058253429732 0.013260974747474862
v -0.08536472727272727 -0.20558481264792844 -0.06730278282828273
v -0.08663768200248473 -0.19538636363636358 -0.05387548989898977
v -0.08536472727272727 -0.19538636363636358 -0.05738096081212911
v -0.08717380344114135 -0.19538636363636358 -0.04044819696969691
v -0.08723441127337415 -0.19538636363636358 -0.02702090404040397
v -0.08881879328836981 -0.19538636363636358 0.013260974747474862
v -0.08536472727272727 -0.19538636363636358 0.016558595645028432
v -0.08536472727272727 -0.20842339724374118 0.026688267676767803
v -0.07904141414141413 -0.20611338857672493 -0.08073007575757565
v -0.07904141414141413 -0.19928059269419834 -0.06730278282828273
v -0.07904141414141413 -0.19538636363636358 -0.06587244866211732
v -0.07904141414141413 -0.19538636363636358 0.02004869537735178
v -0.07904141414141413 -0.20405063987086125 0.026688267676767803
v -0.072718101010101 -0.20614853302786823 -0.09415736868686861
v -0.072718101010101 -0.20332164475433856 -0.08073007575757565
v -0.07717422331199586 -0.19538636363636358 -0.06730278282828273
v -0.072718101010101 -0.19538636363636358 -0.07424636435951747
v -0.072718101010101 -0.19538636363636358 0.02242758961988506
v -0.072718101010101 -0.20104564083498833 0.026688267676767803
v -0.06639478787878786 -0.20679182904863028 -0.10758466161616154
v -0.06639478787878786 -0.20393504471532897 -0.09415736868686861
v -0.06639478787878786 -0.20058303494988056 -0.08073007575757565
v -0.06639478787878786 -0.19538636363636358 -0.07812431527085853
v -0.06639478787878786 -0.19538636363636358 0.024403306626831975
v -0.06639478787878786 -0.19836451126282345 0.026688267676767803
v -0.06007147474747472 -0.2077381338293884 -0.12101195454545449
v -0.06007147474747472 -0.20465051399197715 -0.10758466161616154
v -0.06007147474747472 -0.20260988124681814 -0.09415736868686861
v -0.06007147474747472 -0.1959723014519718 -0.08073007575757565
v -0.06007147474747472 -0.19538636363636358 -0.08051216776035668
v -0.06007147474747472 -0.19538636363636358 0.026594933737982482
v -0.06007147474747472 -0.19553290336471094 0.026688267676767803
v -0.05374816161616158 -0.20519307848641136 -0.12101195454545449
v -0.05374816161616158 -0.20271635984274844 -0.10758466161616154
v -0.05374816161616158 -0.20140659734350153 -0.09415736868686861
v -0.05977811250250381 -0.19538636363636358 -0.08073007575757565
v -0.05374816161616158 -0.19538636363636358 -0.0890407583988801
v -0.05983673297649177 -0.19538636363636358 0.026688267676767803
v -0.05374816161616158 -0.19538636363636358 0.029661004546736144
v -0.04742484848484848 -0.20782258386150462 -0.13443924747474736
v -0.04742484848484848 -0.2023466093620665 -0.12101195454545449
v -0.04742484848484848 -0.2009720344298478 -0.10758466161616154
v -0.04742484848484848 -0.1988178913528189 -0.09415736868686861
v -0.04742484848484848 -0.19538636363636358 -0.092275248809297
v -0.04742484848484848 -0.19538636363636358 0.032764476541312745
v -0.04110153535353534 -0.20887934601301975 -0.1478665404040403
v -0.04110153535353534 -0.20521081986833725 -0.13443924747474736
v -0.04110153535353534 -0.19652329195636242 -0.12101195454545449
v -0.04110153535353534 -0.19787474328378474 -0.10758466161616154
v -0.04555009857968662 -0.19538636363636358 -0.09415736868686861
v -0.04110153535353534 -0.19538636363636358 -0.10450464647059034
v -0.04110153535353534 -0.19538636363636358 0.03538807727108598
v -0.0347782222222222 -0.2072936338530139 -0.1478665404040403
v -0.03738838336850584 -0.19538636363636358 -0.13443924747474736
v -0.0347782222222222 -0.19538636363636358 -0.13829402391818532
v -0.04078407903117283 -0.19538636363636358 -0.12101195454545449
v -0.04013758208645463 -0.19538636363636358 -0.10758466161616154
v -0.0347782222222222 -0.19538636363636358 0.03735613223216172
v -0.0347782222222222 -0.20812805366728543 0.04011556060606067
v -0.028454909090909065 -0.20906867514532942 -0.17472112626262618
v -0.028454909090909065 -0.20774586325664013 -0.16129383333333325
v -0.028454909090909065 -0.20477778916884729 -0.1478665404040403
v -0.028454909090909065 -0.19538636363636358 -0.1441973598496493
v -0.028454909090909065 -0.19538636363636358 0.038149694503625334
v -0.028454909090909065 -0.2071746581534603 0.04011556060606067
v -0.022131595959595927 -0.20669445077872364 -0.17472112626262618
v -0.022131595959595927 -0.20519412489414637 -0.16129383333333325
v -0.022131595959595927 -0.19766911335463452 -0.1478665404040403
v -0.022131595959595927 -0.19538636363636358 -0.14724622765693868
v -0.022131595959595927 -0.19538636363636358 0.038494366075663346
v -0.022131595959595927 -0.20846117645466494 0.04011556060606067
v -0.015808282828282793 -0.2080917464481524 -0.18814841919191913
v -0.015808282828282793 -0.20441452132536364 -0.17472112626262618
v -0.015808282828282793 -0.20217570278428373 -0.16129383333333325
v -0.02059389617671763 -0.19538636363636358 -0.1478665404040403
v -0.015808282828282793 -0.19538636363636358 -0.15352592172924298
v -0.015808282828282793 -0.19538636363636358 0.038340122068288233
v -0.009484969696969688 -0.20634021566312188 -0.18814841919191913
v -0.009484969696969688 -0.2032098224737369 -0.17472112626262618
v -0.009484969696969688 -0.1994220986916171 -0.16129383333333325
v -0.009484969696969688 -0.19538636363636358 -0.15581887493935082
v -0.009484969696969688 -0.19538636363636358 0.03732911048244849
v -0.003161656565656551 -0.20461977602550382 -0.18814841919191913
v -0.003161656565656551 -0.2035875704913341 -0.17472112626262618
v -0.0037061086700362457 -0.19538636363636358 -0.16129383333333325
v -0.003161656565656551 -0.19538636363636358 -0.16145065865321062
v -0.003161656565656551 -0.19538636363636358 0.03379121216211117
v 0.003161656565656586 -0.20668207459395707 -0.18814841919191913
v 0.003161656565656586 -0.20438141747072658 -0.17472112626262618
v -0.002964726199410762 -0.19538636363636358 -0.16129383333333325
v 0.003161656565656586 -0.20190956653865072 -0.16129383333333325
v 0.003161656565656586 -0.19538636363636358 -0.1551459183566941
v 0.003161656565656586 -0.19538636363636358 0.03316878767704841
v 0.009484969696969759 -0.20545607661199933 -0.17472112626262618
v 0.009484969696969759 -0.20321916717289076 -0.16129383333333325
v 0.009484969696969759 -0.19538636363636358 -0.1509835013775743
v 0.009484969696969759 -0.19538636363636358 0.036057836555815743
v 0.015808282828282862 -0.20768510838186538 -0.17472112626262618
v 0.015808282828282862 -0.20552894233164715 -0.16129383333333325
v 0.015585169122531814 -0.19538636363636358 -0.1478665404040403
v 0.015808282828282862 -0.19558704411286626 -0.1478665404040403
v 0.015808282828282862 -0.19538636363636358 -0.14780904857128543
v 0.015808282828282862 -0.19538636363636358 0.03694844586568566
v 0.022131595959595962 -0.20816667991322077 -0.16129383333333325
v 0.022131595959595962 -0.20162618853824352 -0.1478665404040403
v 0.022131595959595962 -0.19538636363636358 -0.14607140052975665
v 0.022131595959595962 -0.19538636363636358 0.03714516324397832
v 0.028454909090909135 -0.2066167470247327 -0.1478665404040403
v 0.028454909090909135 -0.19538636363636358 -0.14336387675237466
v 0.028454909090909135 -0.19538636363636358 0.036760827529105394
v 0.03477822222222224 -0.20879941884234407 -0.1478665404040403
v 0.03477822222222224 -0.19538636363636358 -0.13647967313027012
v 0.03477822222222224 -0.19538636363636358 0.03572021783732421
v 0.03613023605520127 -0.19538636363636358 -0.13443924747474736
v 0.04110153535353541 -0.20728113531438627 -0.13443924747474736
v 0.0402332704383877 -0.19538636363636358 -0.12101195454545449
v 0.04110153535353541 -0.19900749925587635 -0.12101195454545449
v 0.038817174820488035 -0.19538636363636358 -0.10758466161616154
v 0.04110153535353541 -0.20049564933192723 -0.10758466161616154
v 0.04110153535353541 -0.19538636363636358 -0.10099093065221657
v 0.04110153535353541 -0.19538636363636358 0.033564436020694324
v 0.047424848484848514 -0.205536199574945 -0.12101195454545449
v 0.047424848484848514 -0.20355503768831476 -0.10758466161616154
v 0.044224390204973686 -0.19538636363636358 -0.09415736868686861
v 0.047424848484848514 -0.2008947560206273 -0.09415736868686861
v 0.047424848484848514 -0.19538636363636358 -0.090995196871988
v 0.047424848484848514 -0.19538636363636358 0.030518905380301286
v 0.05374816161616162 -0.2090284490848127 -0.12101195454545449
v 0.05374816161616162 -0.20592538178296071 -0.10758466161616154
v 0.05374816161616162 -0.20355192903791489 -0.09415736868686861
v 0.05374816161616162 -0.19538636363636358 -0.08686779083097022
v 0.05374816161616162 -0.19538636363636358 0.026704678590948973
v 0.06007147474747479 -0.20858834565698542 -0.10758466161616154
v 0.06007147474747479 -0.20511015503989083 -0.09415736868686861
v 0.05827705108068623 -0.19538636363636358 -0.08073007575757565
v 0.06007147474747479 -0.19869780577311608 -0.08073007575757565
v 0.06007147474747479 -0.19538636363636358 -0.0794445480144882
v 0.05378210268208813 -0.19538636363636358 0.026688267676767803
v 0.06007147474747479 -0.19538636363636358 0.024333188767689945
v 0.06007147474747479 -0.19897828290517522 0.026688267676767803
v 0.06639478787878789 -0.2071898257913287 -0.09415736868686861
v 0.06639478787878789 -0.20279120610332135 -0.08073007575757565
v 0.06639478787878789 -0.19538636363636358 -0.07691271952011891
v 0.06639478787878789 -0.19538636363636358 0.022463234544911656
v 0.06639478787878789 -0.20116765075426457 0.026688267676767803
v 0.07271810101010107 -0.20596979642518523 -0.08073007575757565
v 0.07271810101010107 -0.19538636363636358 -0.07173270876163354
v 0.07271810101010107 -0.19538636363636358 0.020174080107945153
v 0.07271810101010107 -0.20446235404930943 0.026688267676767803
v 0.07549439463445343 -0.19538636363636358 -0.06730278282828273
v 0.07904141414141416 -0.2025819132193297 -0.06730278282828273
v 0.07904141414141416 -0.19538636363636358 -0.0645202626092519
v 0.07904141414141416 -0.19538636363636358 0.017418401016386323
v 0.07904141414141416 -0.20778638573021585 0.026688267676767803
v 0.08536472727272734 -0.20829422315750865 -0.06730278282828273
v 0.08526442349440636 -0.19538636363636358 -0.05387548989898977
v 0.08536472727272734 -0.1962636307969659 -0.05387548989898977
v 0.08536472727272734 -0.19538636363636358 -0.05249565083607369
v 0.08536472727272734 -0.19538636363636358 0.013371474692955682
v 0.08603565195503189 -0.19538636363636358 -0.04044819696969691
v 0.08715940346812616 -0.19538636363636358 -0.02702090404040397
v 0.09168804040404044 -0.2083836669598547 -0.02702090404040397
v 0.09168804040404044 -0.19538636363636358 -0.014076840895658613
v 0.08547644316290913 -0.19538636363636358 0.013260974747474862
v 0.09168804040404044 -0.19538636363636358 0.00808868025204179
v 0.09168804040404044 -0.19923077479422707 0.013260974747474862
v 0.09516997525946513 -0.19538636363636358 -0.013593611111111029
v 0.09801135353535355 -0.1968966902047684 -0.013593611111111029
v 0.095372099017963 -0.19538636363636358 -0.00016631818181808006
v 0.09801135353535355 -0.19735727183566007 -0.00016631818181808006
v 0.09801135353535355 -0.20434163294730426 0.013260974747474862
v 0.10433466666666671 -0.20372700679989697 -0.00016631818181808006
v -0.09168804040404037 -0.18687125365205404 -0.013593611111111029
v -0.09168804040404037 -0.18886880846635268 -0.00016631818181808006
v -0.08536472727272727 -0.1951227969822289 -0.05387548989898977
v -0.08843310252186923 -0.18169218181818175 -0.04044819696969691
v -0.08536472727272727 -0.18169218181818175 -0.04436035584748492
v -0.08536472727272727 -0.18169218181818175 -0.030717452218965068
v -0.08536472727272727 -0.1844046347909086 -0.02702090404040397
v -0.08536472727272727 -0.18291510561493882 -0.013593611111111029
v -0.08536472727272727 -0.18458959457773558 -0.00016631818181808006
v -0.08536472727272727 -0.19291307641489133 0.013260974747474862
v -0.08190465602776531 -0.18169218181818175 -0.05387548989898977
v -0.07904141414141413 -0.18169218181818175 -0.06450643576123702
v -0.08381238256383274 -0.18169218181818175 -0.02702090404040397
v -0.07904141414141413 -0.18169218181818175 -0.01490767999931285
v -0.07904141414141413 -0.1853001736636128 -0.013593611111111029
v -0.07904141414141413 -0.184832833647727 -0.00016631818181808006
v -0.07904141414141413 -0.19042489209892868 0.013260974747474862
v -0.072718101010101 -0.19434551574111447 -0.06730278282828273
v -0.072718101010101 -0.18169218181818175 -0.06009154905751944
v -0.072718101010101 -0.18169218181818175 -0.018328433170601847
v -0.072718101010101 -0.19153928779392723 -0.013593611111111029
v -0.072718101010101 -0.18769090912369207 -0.00016631818181808006
v -0.072718101010101 -0.1896269386445611 0.013260974747474862
v -0.06859394975420147 -0.18169218181818175 -0.06730278282828273
v -0.06639478787878786 -0.18169218181818175 -0.0760521452046686
v -0.07149599406895363 -0.18169218181818175 -0.013593611111111029
v -0.06639478787878786 -0.18169218181818175 -0.0013232737097043324
v -0.06639478787878786 -0.19098204225416437 -0.00016631818181808006
v -0.06639478787878786 -0.19022478997659434 0.013260974747474862
v -0.06007147474747472 -0.18169218181818175 -0.07612677171475342
v -0.06007147474747472 -0.18169218181818175 -0.002867753324399102
v -0.06007147474747472 -0.18846469871396687 -0.00016631818181808006
v -0.06007147474747472 -0.19034843618714403 0.013260974747474862
v -0.05374816161616158 -0.19147663010044236 -0.08073007575757565
v -0.05374816161616158 -0.18169218181818175 -0.07656798567028532
v -0.05943106877140248 -0.18169218181818175 -0.00016631818181808006
v -0.05374816161616158 -0.18169218181818175 0.0113033636003389
v -0.05374816161616158 -0.19186285487620125 0.013260974747474862
v -0.05374816161616158 -0.1933427095676088 0.026688267676767803
v -0.052068281306851594 -0.18169218181818175 -0.08073007575757565
v -0.04742484848484848 -0.18169218181818175 -0.08942831147989634
v -0.04742484848484848 -0.18169218181818175 0.0023801907932196296
v -0.04742484848484848 -0.19473448394200044 0.013260974747474862
v -0.04742484848484848 -0.19173243951889635 0.026688267676767803
v -0.04110153535353534 -0.19232727804914582 -0.09415736868686861
v -0.04110153535353534 -0.18169218181818175 -0.08988128817972076
v -0.041817761876215 -0.18169218181818175 0.013260974747474862
v -0.04110153535353534 -0.18169218181818175 0.023333062016646117
v -0.04110153535353534 -0.19151102309445597 0.026688267676767803
v -0.0347782222222222 -0.18979905003427863 -0.13443924747474736
v -0.03986216672909957 -0.18169218181818175 -0.12101195454545449
v -0.0347782222222222 -0.18169218181818175 -0.13130237135637252
v -0.0347782222222222 -0.18169218181818175 -0.11266534453351762
v -0.0347782222222222 -0.19011371687558692 -0.10758466161616154
v -0.039047771697470986 -0.18169218181818175 -0.09415736868686861
v -0.0347782222222222 -0.18169218181818175 -0.10398892934192662
v -0.0347782222222222 -0.18169218181818175 0.023765296947122178
v -0.0347782222222222 -0.19101032425535575 0.026688267676767803
v -0.0334052901043744 -0.18169218181818175 -0.13443924747474736
v -0.028454909090909065 -0.18169218181818175 -0.14160783931009407
v -0.03344225878694655 -0.18169218181818175 -0.10758466161616154
v -0.028454909090909065 -0.18169218181818175 0.026612868364018747
v -0.028454909090909065 -0.18200071100449292 0.026688267676767803
v -0.022131595959595927 -0.18169218181818175 -0.14351659874234385
v -0.02844771528563914 -0.18169218181818175 0.026688267676767803
v -0.022131595959595927 -0.18169218181818175 0.03946578198528798
v -0.015808282828282793 -0.18982788617932017 -0.1478665404040403
v -0.015808282828282793 -0.18169218181818175 -0.14542784273414033
v -0.015808282828282793 -0.18169218181818175 0.03710899968258264
v -0.009484969696969688 -0.19150026231445444 -0.1478665404040403
v -0.009484969696969688 -0.18169218181818175 -0.1434860072924418
v -0.009484969696969688 -0.18169218181818175 0.03788408996719624
v -0.003161656565656551 -0.1951726919221497 -0.16129383333333325
v -0.003161656565656551 -0.19096334221349592 -0.1478665404040403
v -0.003161656565656551 -0.18169218181818175 -0.14181933058115426
v -0.003161656565656551 -0.18169218181818175 0.0347244349709178
v 0.003161656565656586 -0.19228526696650522 -0.1478665404040403
v 0.003161656565656586 -0.18169218181818175 -0.1405481878580447
v 0.003161656565656586 -0.18169218181818175 0.03431840952316156
v 0.009484969696969759 -0.19358530307024455 -0.1478665404040403
v 0.009484969696969759 -0.18169218181818175 -0.14230674547650551
v 0.009484969696969759 -0.18169218181818175 0.03744419930741244
v 0.015808282828282862 -0.18169218181818175 -0.14363290375164955
v 0.015808282828282862 -0.18169218181818175 0.03649028929486915
v 0.022131595959595962 -0.18169218181818175 -0.1430935374799697
v 0.022131595959595962 -0.18169218181818175 0.03934120234397556
v 0.028454909090909135 -0.18169218181818175 -0.14135664193603778
v 0.028404872628906494 -0.18169218181818175 0.026688267676767803
v 0.028454909090909135 -0.18169218181818175 0.026170851793616768
v 0.028454909090909135 -0.1837805346243914 0.026688267676767803
v 0.03303013660182123 -0.18169218181818175 -0.13443924747474736
v 0.03477822222222224 -0.19252986054869944 -0.13443924747474736
v 0.03477822222222224 -0.18169218181818175 -0.1313314088203138
v 0.0332996444851414 -0.18169218181818175 -0.10758466161616154
v 0.03477822222222224 -0.18169218181818175 -0.11197867043993659
v 0.03477822222222224 -0.1914544100776978 -0.10758466161616154
v 0.03477822222222224 -0.18169218181818175 -0.10364818245055515
v 0.03477822222222224 -0.18169218181818175 0.023542189655674287
v 0.03477822222222224 -0.19168159356594758 0.026688267676767803
v 0.03983332399128051 -0.18169218181818175 -0.12101195454545449
v 0.03895636917025466 -0.18169218181818175 -0.09415736868686861
v 0.04110153535353541 -0.1931929295906079 -0.09415736868686861
v 0.04110153535353541 -0.18169218181818175 -0.08967766908308457
v 0.04110153535353541 -0.18169218181818175 0.023016056651096118
v 0.04110153535353541 -0.19240619914330265 0.026688267676767803
v 0.047424848484848514 -0.18169218181818175 -0.08919627785415238
v 0.04179996615246594 -0.18169218181818175 0.013260974747474862
v 0.047424848484848514 -0.18169218181818175 0.0023665181501860994
v 0.047424848484848514 -0.19476899464011171 0.013260974747474862
v 0.047424848484848514 -0.1931525437969308 0.026688267676767803
v 0.05198110883530588 -0.18169218181818175 -0.08073007575757565
v 0.05374816161616162 -0.1924253198549782 -0.08073007575757565
v 0.05374816161616162 -0.18169218181818175 -0.07630500922375379
v 0.05374816161616162 -0.18169218181818175 0.011239396991616423
v 0.05374816161616162 -0.19218467355249294 0.013260974747474862
v 0.05374816161616162 -0.1953760665228567 0.026688267676767803
v 0.06007147474747479 -0.18169218181818175 -0.07593898312023037
v 0.05942145788030398 -0.18169218181818175 -0.00016631818181808006
v 0.06007147474747479 -0.18169218181818175 -0.002878652541293416
v 0.06007147474747479 -0.1886088405578173 -0.00016631818181808006
v 0.06007147474747479 -0.19110096355972528 0.013260974747474862
v 0.06639478787878789 -0.18169218181818175 -0.07568170312195015
v 0.06639478787878789 -0.18169218181818175 -0.0013228732509658835
v 0.06639478787878789 -0.19109069427969336 -0.00016631818181808006
v 0.06639478787878789 -0.1910171111051138 0.013260974747474862
v 0.06854362663284287 -0.18169218181818175 -0.06730278282828273
v 0.07271810101010107 -0.19471737677136988 -0.06730278282828273
v 0.07271810101010107 -0.18169218181818175 -0.05997460475932483
v 0.07153022633682983 -0.18169218181818175 -0.013593611111111029
v 0.07271810101010107 -0.18169218181818175 -0.018058419517891604
v 0.07271810101010107 -0.19139760383494744 -0.013593611111111029
v 0.07271810101010107 -0.18787046679139008 -0.00016631818181808006
v 0.07271810101010107 -0.1908524454021077 0.013260974747474862
v 0.07904141414141416 -0.18169218181818175 -0.06434221353191269
v 0.07904141414141416 -0.18169218181818175 -0.01446063523902465
v 0.07904141414141416 -0.18460489182664194 -0.013593611111111029
v 0.07904141414141416 -0.1851916830341672 -0.00016631818181808006
v 0.07904141414141416 -0.19224848136572806 0.013260974747474862
v 0.08187673149422038 -0.18169218181818175 -0.05387548989898977
v 0.08536472727272734 -0.18169218181818175 -0.04408695994253109
v 0.08398687414970132 -0.18169218181818175 -0.02702090404040397
v 0.08536472727272734 -0.18169218181818175 -0.031053743802251836
v 0.08536472727272734 -0.1845468356882769 -0.02702090404040397
v 0.08536472727272734 -0.18271117752951763 -0.013593611111111029
v 0.08536472727272734 -0.18546824890515692 -0.00016631818181808006
v 0.08536472727272734 -0.19530167381732735 0.013260974747474862
v 0.08806740544975054 -0.18169218181818175 -0.04044819696969691
v 0.09168804040404044 -0.18806674310664598 -0.013593611111111029
v 0.09168804040404044 -0.19045190479133106 -0.00016631818181808006
v -0.0938550708932597 -0.16799799999999993 -0.013593611111111029
v -0.09168804040404037 -0.16799799999999993 -0.014430601589397614
v -0.09168804040404037 -0.17422970206056299 -0.013593611111111029
v -0.09168804040404037 -0.16799799999999993 -0.0072511227499488145
v -0.08806618372453934 -0.16799799999999993 -0.05387548989898977
v -0.08536472727272727 -0.16799799999999993 -0.05981563360243085
v -0.08536472727272727 -0.1684300571379348 -0.05387548989898977
v -0.08935890433063208 -0.16799799999999993 -0.04044819696969691
v -0.0892475278964931 -0.16799799999999993 -0.02702090404040397
v -0.08536472727272727 -0.17952680496570353 -0.02702090404040397
v -0.08536472727272727 -0.18022212705056342 -0.013593611111111029
v -0.08536472727272727 -0.16799799999999993 -0.0007719978936645361
v -0.07904141414141413 -0.16799799999999993 -0.06704803065159415
v -0.07904141414141413 -0.17783993321391842 -0.013593611111111029
v -0.08437891210090828 -0.16799799999999993 -0.00016631818181808006
v -0.07904141414141413 -0.176778261939374 -0.00016631818181808006
v -0.07904141414141413 -0.16799799999999993 0.005539225923133619
v -0.07873364886757511 -0.16799799999999993 -0.06730278282828273
v -0.072718101010101 -0.16799799999999993 -0.07541891419894234
v -0.072718101010101 -0.16912257846290346 -0.06730278282828273
v -0.072718101010101 -0.17177068020302966 -0.013593611111111029
v -0.072718101010101 -0.17526526517016439 -0.00016631818181808006
v -0.072718101010101 -0.16799799999999993 0.0099551510610027
v -0.06639478787878786 -0.16799799999999993 -0.0804545908764114
v -0.06639478787878786 -0.1724295899703876 -0.00016631818181808006
v -0.0681022267006037 -0.16799799999999993 0.013260974747474862
v -0.06639478787878786 -0.1699571036869042 0.013260974747474862
v -0.06639478787878786 -0.16799799999999993 0.014907292372486983
v -0.06603357584353829 -0.16799799999999993 -0.08073007575757565
v -0.06007147474747472 -0.16799799999999993 -0.090937996601109
v -0.06007147474747472 -0.1695745937274431 -0.08073007575757565
v -0.06007147474747472 -0.1750199768052132 -0.00016631818181808006
v -0.06007147474747472 -0.17272626160393487 0.013260974747474862
v -0.06007147474747472 -0.16799799999999993 0.020275493163636773
v -0.05744606212600653 -0.16799799999999993 -0.09415736868686861
v -0.05374816161616158 -0.16799799999999993 -0.10425864907536442
v -0.05374816161616158 -0.16949001048249945 -0.09415736868686861
v -0.05374816161616158 -0.1727147219463554 -0.08073007575757565
v -0.05374816161616158 -0.17160995539834964 0.013260974747474862
v -0.05374816161616158 -0.16799799999999993 0.025049488014528935
v -0.053102920839465384 -0.16799799999999993 -0.10758466161616154
v -0.04742484848484848 -0.16799799999999993 -0.11478972078414548
v -0.04742484848484848 -0.17291884476363792 -0.10758466161616154
v -0.04742484848484848 -0.1708972461239799 -0.09415736868686861
v -0.04742484848484848 -0.16869813536546577 0.013260974747474862
v -0.05101339243177511 -0.16799799999999993 0.026688267676767803
v -0.04742484848484848 -0.17074125427986991 0.026688267676767803
v -0.04742484848484848 -0.16799799999999993 0.029207981198279682
v -0.04110153535353534 -0.16799799999999993 -0.11900473881074021
v -0.04110153535353534 -0.17467098047893134 -0.10758466161616154
v -0.04110153535353534 -0.17336362176242154 -0.09415736868686861
v -0.04110153535353534 -0.17175939923872383 0.026688267676767803
v -0.04110153535353534 -0.16799799999999993 0.03331875391703511
v -0.0347782222222222 -0.17734991691378832 -0.12101195454545449
v -0.0347782222222222 -0.16799799999999993 -0.11207663923053969
v -0.0347782222222222 -0.1767638933065539 -0.10758466161616154
v -0.0347782222222222 -0.17259092253316102 0.026688267676767803
v -0.0347782222222222 -0.16799799999999993 0.03724693417123432
v -0.028454909090909065 -0.17075038641893375 -0.13443924747474736
v -0.028454909090909065 -0.17079886255013205 -0.12101195454545449
v -0.028454909090909065 -0.16799799999999993 -0.11782996985704638
v -0.028454909090909065 -0.1814143725836557 0.026688267676767803
v -0.028454909090909065 -0.16799799999999993 0.03908592866838786
v -0.022770775862056853 -0.16799799999999993 -0.13443924747474736
v -0.022131595959595927 -0.16799799999999993 -0.13558902325332148
v -0.025473151668645607 -0.16799799999999993 -0.12101195454545449
v -0.022291669357213603 -0.16799799999999993 0.04011556060606067
v -0.022131595959595927 -0.1680298752880402 0.04011556060606067
v -0.022131595959595927 -0.16799799999999993 0.04015485313608594
v -0.015808282828282793 -0.16799799999999993 -0.14010805583293956
v -0.015808282828282793 -0.16889707485809963 0.04011556060606067
v -0.015808282828282793 -0.16799799999999993 0.04125078886118398
v -0.009484969696969688 -0.16799799999999993 -0.14115292056688708
v -0.009484969696969688 -0.16906130731782826 0.04011556060606067
v -0.009484969696969688 -0.16799799999999993 0.04142571871344095
v -0.003161656565656551 -0.16799799999999993 -0.14374182821333525
v -0.006555623087344153 -0.16799799999999993 0.04011556060606067
v -0.003161656565656551 -0.16799799999999993 0.03939591525326836
v 0.003161656565656586 -0.16799799999999993 -0.14246959274093804
v 0.003161656565656586 -0.16799799999999993 0.03507975524821343
v 0.009484969696969759 -0.16799799999999993 -0.13874522265592637
v 0.009484969696969759 -0.16799799999999993 0.0373690933166826
v 0.015808282828282862 -0.16799799999999993 -0.13787794901737613
v 0.015808282828282862 -0.16799799999999993 0.03812745093677937
v 0.021635545701329296 -0.16799799999999993 -0.13443924747474736
v 0.022131595959595962 -0.16815291400981244 -0.13443924747474736
v 0.022131595959595962 -0.16799799999999993 -0.1340780414567327
v 0.022131595959595962 -0.16799799999999993 0.03808683044129193
v 0.028454909090909135 -0.17108015069918406 -0.13443924747474736
v 0.028454909090909135 -0.16799799999999993 -0.12382821261337232
v 0.028454909090909135 -0.17976112000199743 0.026688267676767803
v 0.028454909090909135 -0.16799799999999993 0.037143093485341734
v 0.02861710525095549 -0.16799799999999993 -0.12101195454545449
v 0.03477822222222224 -0.17755249782342158 -0.12101195454545449
v 0.03477822222222224 -0.16799799999999993 -0.11075424628742536
v 0.03477822222222224 -0.17613931601758778 -0.10758466161616154
v 0.03477822222222224 -0.17182237588392849 0.026688267676767803
v 0.03477822222222224 -0.16799799999999993 0.03518299858629706
v 0.04110153535353541 -0.16799799999999993 -0.11440692413447158
v 0.04110153535353541 -0.17316529356715032 -0.10758466161616154
v 0.04110153535353541 -0.17273046652039095 -0.09415736868686861
v 0.04110153535353541 -0.17070436410825945 0.026688267676767803
v 0.04110153535353541 -0.16799799999999993 0.031370393667325636
v 0.047424848484848514 -0.16799799999999993 -0.10905673104305767
v 0.047424848484848514 -0.16922773184024073 -0.10758466161616154
v 0.047424848484848514 -0.1699789230404749 -0.09415736868686861
v 0.047424848484848514 -0.16865313266220416 0.013260974747474862
v 0.047424848484848514 -0.16880890559351888 0.026688267676767803
v 0.047424848484848514 -0.16799799999999993 0.02743439377285247
v 0.04889549258714282 -0.16799799999999993 -0.10758466161616154
v 0.053032359131526347 -0.16799799999999993 -0.09415736868686861
v 0.05374816161616162 -0.16799799999999993 -0.09311624514866262
v 0.05374816161616162 -0.17182646012126662 -0.08073007575757565
v 0.05374816161616162 -0.17124103926024187 0.013260974747474862
v 0.04845225247958452 -0.16799799999999993 0.026688267676767803
v 0.05374816161616162 -0.16799799999999993 0.023540461802323054
v 0.06007147474747479 -0.16799799999999993 -0.08566736251654655
v 0.06007147474747479 -0.16886281979353923 -0.08073007575757565
v 0.06007147474747479 -0.17489604684482146 -0.00016631818181808006
v 0.06007147474747479 -0.17190736587471867 0.013260974747474862
v 0.06007147474747479 -0.16799799999999993 0.018881377609907657
v 0.0633992045460998 -0.16799799999999993 -0.08073007575757565
v 0.06639478787878789 -0.16799799999999993 -0.07855769067229235
v 0.06639478787878789 -0.17231537081334095 -0.00016631818181808006
v 0.06639478787878789 -0.16883194179145278 0.013260974747474862
v 0.06639478787878789 -0.16799799999999993 0.013911434031915415
v 0.07271810101010107 -0.16799799999999993 -0.07290004568720256
v 0.07271810101010107 -0.1688076192991274 -0.06730278282828273
v 0.07271810101010107 -0.17200979425747223 -0.013593611111111029
v 0.07271810101010107 -0.17512587818737832 -0.00016631818181808006
v 0.06709144737301997 -0.16799799999999993 0.013260974747474862
v 0.07271810101010107 -0.16799799999999993 0.009286874832124321
v 0.07689381842106852 -0.16799799999999993 -0.06730278282828273
v 0.07904141414141416 -0.16799799999999993 -0.06549097234834746
v 0.07904141414141416 -0.17868159957355406 -0.013593611111111029
v 0.07904141414141416 -0.17624714067661593 -0.00016631818181808006
v 0.07904141414141416 -0.16799799999999993 0.004888342361070384
v 0.08536472727272734 -0.16799799999999993 -0.05685867177616077
v 0.08536472727272734 -0.1682115964315051 -0.05387548989898977
v 0.08536472727272734 -0.17946675219654545 -0.02702090404040397
v 0.08536472727272734 -0.18051315399750278 -0.013593611111111029
v 0.08378101017768272 -0.16799799999999993 -0.00016631818181808006
v 0.08536472727272734 -0.16799799999999993 -0.00112968687326186
v 0.08665225577704003 -0.16799799999999993 -0.05387548989898977
v 0.08793381131119477 -0.16799799999999993 -0.04044819696969691
v 0.08918477987706515 -0.16799799999999993 -0.02702090404040397
v 0.09168804040404044 -0.16799799999999993 -0.01431680122531569
v 0.09168804040404044 -0.17322388943487999 -0.013593611111111029
v 0.09168804040404044 -0.16799799999999993 -0.00805242787590646
v 0.09353732313131267 -0.16799799999999993 -0.013593611111111029
v -0.10753437102485681 -0.1543038181818181 -0.04044819696969691
v -0.10433466666666665 -0.1543038181818181 -0.04961788351311061
v -0.10433466666666665 -0.1620951476657419 -0.04044819696969691
v -0.10433466666666665 -0.1543038181818181 -0.033576044292088394
v -0.09958434334282348 -0.1543038181818181 -0.05387548989898977
v -0.09801135353535351 -0.1543038181818181 -0.05667380663368463
v -0.09801135353535351 -0.15749679722394483 -0.05387548989898977
v -0.09801135353535351 -0.16292015513557506 -0.04044819696969691
v -0.09947181275532195 -0.1543038181818181 -0.02702090404040397
v -0.09801135353535351 -0.15643205490535622 -0.02702090404040397
v -0.09801135353535351 -0.1543038181818181 -0.025392937246681284
v -0.09168804040404037 -0.1543038181818181 -0.06086751289660167
v -0.09168804040404037 -0.16260688088253242 -0.05387548989898977
v -0.09168804040404037 -0.16510581378546443 -0.04044819696969691
v -0.09168804040404037 -0.15904187689927374 -0.02702090404040397
v -0.09472447476442443 -0.1543038181818181 -0.013593611111111029
v -0.09168804040404037 -0.1543038181818181 -0.005690353777841084
v -0.08536472727272727 -0.1543038181818181 -0.06413955191228632
v -0.08536472727272727 -0.1543038181818181 -0.0025079570857187115
v -0.0799412757719129 -0.1543038181818181 -0.06730278282828273
v -0.07904141414141413 -0.1543038181818181 -0.06881427042340894
v -0.07904141414141413 -0.16349433809493946 -0.06730278282828273
v -0.08388090162623346 -0.1543038181818181 -0.00016631818181808006
v -0.07904141414141413 -0.1543038181818181 0.00668711178352839
v -0.072718101010101 -0.1543038181818181 -0.07713778845368913
v -0.072718101010101 -0.1543038181818181 0.007516748312066088
v -0.06961401205677331 -0.1543038181818181 -0.08073007575757565
v -0.06639478787878786 -0.1543038181818181 -0.08693825106623707
v -0.06639478787878786 -0.1662361029350532 -0.08073007575757565
v -0.06944346302629002 -0.1543038181818181 0.013260974747474862
v -0.06639478787878786 -0.1543038181818181 0.019336636906711845
v -0.06216080723056807 -0.1543038181818181 -0.09415736868686861
v -0.06007147474747472 -0.1543038181818181 -0.09734455686380854
v -0.06007147474747472 -0.16015723417002722 -0.09415736868686861
v -0.06007147474747472 -0.1543038181818181 0.02182437985534967
v -0.05374816161616158 -0.1543038181818181 -0.10643339311349528
v -0.05601719682441513 -0.1543038181818181 0.026688267676767803
v -0.05374816161616158 -0.16634263473938302 0.026688267676767803
v -0.05374816161616158 -0.1543038181818181 0.0307591009885919
v -0.053058768890140065 -0.1543038181818181 -0.10758466161616154
v -0.04742484848484848 -0.1543038181818181 -0.11194060045706695
v -0.04742484848484848 -0.1543038181818181 0.03276423702200382
v -0.04110153535353534 -0.1543038181818181 -0.11443836629074859
v -0.04110153535353534 -0.1543038181818181 0.0365841454923151
v -0.0347782222222222 -0.1543038181818181 -0.11723779645506023
v -0.038039824328555 -0.1543038181818181 0.04011556060606067
v -0.0347782222222222 -0.1651443381038923 0.04011556060606067
v -0.0347782222222222 -0.1543038181818181 0.04441888476312362
v -0.028454909090909065 -0.1543038181818181 -0.11531760478646338
v -0.028454909090909065 -0.16717350367716657 0.04011556060606067
v -0.028454909090909065 -0.1543038181818181 0.0462764887445036
v -0.022131595959595927 -0.16666923300984746 -0.13443924747474736
v -0.022131595959595927 -0.15745031742699106 -0.12101195454545449
v -0.022131595959595927 -0.1543038181818181 -0.11837904811802241
v -0.022131595959595927 -0.1543038181818181 0.048932288067699434
v -0.015808282828282793 -0.16106851086429427 -0.13443924747474736
v -0.019564288718263757 -0.1543038181818181 -0.12101195454545449
v -0.015808282828282793 -0.1543038181818181 -0.12644844485011145
v -0.015808282828282793 -0.1543038181818181 0.05079157402816899
v -0.009484969696969688 -0.16002482294019973 -0.13443924747474736
v -0.009484969696969688 -0.1543038181818181 -0.12868088790987156
v -0.009484969696969688 -0.1543038181818181 0.05286868637387926
v -0.003161656565656551 -0.15923511441899105 -0.13443924747474736
v -0.003161656565656551 -0.1543038181818181 -0.1281354084335561
v -0.003161656565656551 -0.1673190348393544 0.04011556060606067
v -0.003161656565656551 -0.1543038181818181 0.04779570232929061
v 0.003161656565656586 -0.16075683788603018 -0.13443924747474736
v 0.003161656565656586 -0.1543038181818181 -0.127163199079416
v 0.003161656565656586 -0.16293930625269312 0.04011556060606067
v 0.003161656565656586 -0.1543038181818181 0.04609437466978821
v 0.009484969696969759 -0.16289675938841292 -0.13443924747474736
v 0.009484969696969759 -0.1543038181818181 -0.12636130821626781
v 0.009484969696969759 -0.16469672495375684 0.04011556060606067
v 0.009484969696969759 -0.1543038181818181 0.05020235129954681
v 0.015808282828282862 -0.16373001153169872 -0.13443924747474736
v 0.015808282828282862 -0.1543038181818181 -0.12405921235252511
v 0.015808282828282862 -0.16559379960335033 0.04011556060606067
v 0.015808282828282862 -0.1543038181818181 0.049009475016387444
v 0.01871271032080781 -0.1543038181818181 -0.12101195454545449
v 0.022131595959595962 -0.15702381380811756 -0.12101195454545449
v 0.022131595959595962 -0.1543038181818181 -0.11859329896374056
v 0.022131595959595962 -0.16590254215041333 0.04011556060606067
v 0.022131595959595962 -0.1543038181818181 0.047746588382486695
v 0.028454909090909135 -0.1662710982460976 -0.12101195454545449
v 0.028454909090909135 -0.1543038181818181 -0.11612900395093431
v 0.028454909090909135 -0.1655181663602385 0.04011556060606067
v 0.028454909090909135 -0.1543038181818181 0.04547265910587813
v 0.03477822222222224 -0.1543038181818181 -0.11632970466289877
v 0.03477822222222224 -0.16289706302080553 0.04011556060606067
v 0.03477822222222224 -0.1543038181818181 0.04349430170395284
v 0.04110153535353541 -0.1543038181818181 -0.11076580825606061
v 0.037402062965048784 -0.1543038181818181 0.04011556060606067
v 0.04110153535353541 -0.1543038181818181 0.03601086689000972
v 0.04608237132462535 -0.1543038181818181 -0.10758466161616154
v 0.047424848484848514 -0.16198283073990494 -0.10758466161616154
v 0.047424848484848514 -0.1543038181818181 -0.10524273096170987
v 0.047424848484848514 -0.1543038181818181 0.032421116110290533
v 0.05374816161616162 -0.1543038181818181 -0.09797852762228162
v 0.05374816161616162 -0.16440233302420482 -0.09415736868686861
v 0.05374816161616162 -0.16473837535974095 0.026688267676767803
v 0.05374816161616162 -0.1543038181818181 0.03016654917843128
v 0.05674493782489345 -0.1543038181818181 -0.09415736868686861
v 0.06007147474747479 -0.1543038181818181 -0.08861031972167069
v 0.05573497193618981 -0.1543038181818181 0.026688267676767803
v 0.06007147474747479 -0.1543038181818181 0.02153648485692677
v 0.06535519603252239 -0.1543038181818181 -0.08073007575757565
v 0.06639478787878789 -0.1543038181818181 -0.07962362048077534
v 0.06639478787878789 -0.1543038181818181 0.019110568942920708
v 0.07271810101010107 -0.1543038181818181 -0.07255763922441967
v 0.06933979250164504 -0.1543038181818181 0.013260974747474862
v 0.07271810101010107 -0.1543038181818181 0.007357540521783011
v 0.07666430804040174 -0.1543038181818181 -0.06730278282828273
v 0.07904141414141416 -0.1543038181818181 -0.06585854972935615
v 0.07904141414141416 -0.1543038181818181 0.006535237653313194
v 0.08536472727272734 -0.1543038181818181 -0.06232960962381269
v 0.08377148691742235 -0.1543038181818181 -0.00016631818181808006
v 0.08536472727272734 -0.1543038181818181 -0.002687193787598588
v 0.09168804040404044 -0.1543038181818181 -0.05927961973494395
v 0.09168804040404044 -0.16048550622277283 -0.05387548989898977
v 0.09168804040404044 -0.16340441688497467 -0.04044819696969691
v 0.09168804040404044 -0.15875265382877946 -0.02702090404040397
v 0.09168804040404044 -0.1543038181818181 -0.0058313484975613655
v 0.09801135353535355 -0.1543038181818181 -0.055343476321324164
v 0.09801135353535355 -0.15588188805881084 -0.05387548989898977
v 0.09801135353535355 -0.1617146272595999 -0.04044819696969691
v 0.09801135353535355 -0.15560696387361728 -0.02702090404040397
v 0.0946699347886706 -0.1543038181818181 -0.013593611111111029
v 0.09801135353535355 -0.1543038181818181 -0.02597637020146764
v 0.09887396964439843 -0.1543038181818181 -0.05387548989898977
v 0.10433466666666671 -0.1543038181818181 -0.048800317812277484
v 0.10433466666666671 -0.1608919298286205 -0.04044819696969691
v 0.09891511821126507 -0.1543038181818181 -0.02702090404040397
v 0.10433466666666671 -0.1543038181818181 -0.03454703226576317
v 0.10692606063943765 -0.1543038181818181 -0.04044819696969691
v -0.1131470043506923 -0.14060963636363627 -0.04044819696969691
v -0.11065797979797978 -0.14060963636363627 -0.04334646360495072
v -0.11065797979797978 -0.1452738555162054 -0.04044819696969691
v -0.11065797979797978 -0.14060963636363627 -0.03447351855833233
v -0.10433466666666665 -0.14060963636363627 -0.04528894232220081
v -0.10640960513804164 -0.14060963636363627 -0.02702090404040397
v -0.10433466666666665 -0.14394554695140396 -0.02702090404040397
v -0.10923143685712679 -0.14060963636363627 -0.013593611111111029
v -0.10433466666666665 -0.15105542993620563 -0.013593611111111029
v -0.10802231955579789 -0.14060963636363627 -0.00016631818181808006
v -0.10433466666666665 -0.14319545800627867 -0.00016631818181808006
v -0.10433466666666665 -0.14060963636363627 0.006849559957558257
v -0.09801135353535351 -0.15421633617463842 -0.05387548989898977
v -0.09801135353535351 -0.14060963636363627 -0.041458801310237485
v -0.09801135353535351 -0.14721918192388062 -0.013593611111111029
v -0.09801135353535351 -0.14391387333310673 -0.00016631818181808006
v -0.09801135353535351 -0.14060963636363627 0.009190507302658898
v -0.0919925813132738 -0.14060963636363627 -0.05387548989898977
v -0.09168804040404037 -0.14060963636363627 -0.06173638260074464
v -0.09168804040404037 -0.14389690701940472 -0.00016631818181808006
v -0.09168804040404037 -0.14060963636363627 0.010992767750556296
v -0.08536472727272727 -0.14060963636363627 -0.06352925576435642
v -0.08536472727272727 -0.1502080392194228 -0.00016631818181808006
v -0.08536472727272727 -0.14060963636363627 0.013034744120285867
v -0.07904141414141413 -0.15350242784852144 -0.06730278282828273
v -0.07904141414141413 -0.14060963636363627 -0.06366618115714069
v -0.08492424647742249 -0.14060963636363627 0.013260974747474862
v -0.07904141414141413 -0.14261386822128064 0.013260974747474862
v -0.07904141414141413 -0.14060963636363627 0.020080801192110885
v -0.072718101010101 -0.1473345002528829 -0.06730278282828273
v -0.072718101010101 -0.14060963636363627 -0.06510084634585644
v -0.072718101010101 -0.14695563885310214 0.013260974747474862
v -0.072718101010101 -0.14060963636363627 0.024638025193750097
v -0.06639478787878786 -0.14826142465999434 -0.08073007575757565
v -0.06644027828544541 -0.14060963636363627 -0.06730278282828273
v -0.06639478787878786 -0.14060963636363627 -0.0674956864783102
v -0.0683448577203333 -0.14060963636363627 0.026688267676767803
v -0.06639478787878786 -0.14140429101448612 0.026688267676767803
v -0.06639478787878786 -0.14060963636363627 0.029586759178686445
v -0.06007147474747472 -0.14998722696284092 -0.09415736868686861
v -0.062157837788753445 -0.14060963636363627 -0.08073007575757565
v -0.06007147474747472 -0.14060963636363627 -0.08520715442533756
v -0.06007147474747472 -0.1470962139978297 0.026688267676767803
v -0.06007147474747472 -0.14060963636363627 0.03621825711752671
v -0.054858155336416005 -0.14060963636363627 -0.09415736868686861
v -0.05374816161616158 -0.14060963636363627 -0.09518102490613381
v -0.05374816161616158 -0.14060963636363627 0.038132057887095394
v -0.04742484848484848 -0.1487490977253098 -0.10758466161616154
v -0.04742484848484848 -0.14060963636363627 -0.099825619273098
v -0.04753964331226066 -0.14060963636363627 0.04011556060606067
v -0.04742484848484848 -0.1406625804324376 0.04011556060606067
v -0.04742484848484848 -0.14060963636363627 0.040284839842837816
v -0.04110153535353534 -0.14642601901000674 -0.10758466161616154
v -0.04110153535353534 -0.14060963636363627 -0.10151130250644606
v -0.04110153535353534 -0.1495505923434358 0.04011556060606067
v -0.04110153535353534 -0.14060963636363627 0.049238591303797256
v -0.0347782222222222 -0.14415758114668814 -0.10758466161616154
v -0.0347782222222222 -0.14060963636363627 -0.10467330083913046
v -0.0347782222222222 -0.14060963636363627 0.05143035329787665
v -0.028454909090909065 -0.14587506719335377 -0.10758466161616154
v -0.028454909090909065 -0.14060963636363627 -0.10175699895169386
v -0.028454909090909065 -0.14060963636363627 0.05246513406343912
v -0.022131595959595927 -0.14368292490281012 -0.10758466161616154
v -0.022131595959595927 -0.14060963636363627 -0.10388218880178916
v -0.02702591168008658 -0.14060963636363627 0.05354285353535361
v -0.022131595959595927 -0.14741386900742437 0.05354285353535361
v -0.022131595959595927 -0.14060963636363627 0.060913908083006264
v -0.015808282828282793 -0.14921157026175197 -0.12101195454545449
v -0.0187150132051972 -0.14060963636363627 -0.10758466161616154
v -0.015808282828282793 -0.14060963636363627 -0.11147821375951465
v -0.015808282828282793 -0.15205995653911195 0.05354285353535361
v -0.015808282828282793 -0.14060963636363627 0.0636888364099754
v -0.009484969696969688 -0.146513961024963 -0.12101195454545449
v -0.009484969696969688 -0.14060963636363627 -0.11450518502661541
v -0.009484969696969688 -0.15382075104947002 0.05354285353535361
v -0.009484969696969688 -0.14060963636363627 0.06400991513531812
v -0.003161656565656551 -0.14628021317359374 -0.12101195454545449
v -0.003161656565656551 -0.14060963636363627 -0.11408920660382672
v -0.003161656565656551 -0.14864112636856877 0.05354285353535361
v -0.003161656565656551 -0.14060963636363627 0.05934248422781051
v 0.003161656565656586 -0.1472726356692846 -0.12101195454545449
v 0.003161656565656586 -0.14060963636363627 -0.11313858823358906
v 0.003161656565656586 -0.1469568131641233 0.05354285353535361
v 0.003161656565656586 -0.14060963636363627 0.05828781560457917
v 0.009484969696969759 -0.14882320493341458 -0.12101195454545449
v 0.009484969696969759 -0.14060963636363627 -0.11212283854728827
v 0.009484969696969759 -0.15189992297631003 0.05354285353535361
v 0.009484969696969759 -0.14060963636363627 0.06260738053561904
v 0.015808282828282862 -0.15135382361442176 -0.12101195454545449
v 0.015808282828282862 -0.14060963636363627 -0.10917275081900032
v 0.015808282828282862 -0.1506433880041144 0.05354285353535361
v 0.015808282828282862 -0.14060963636363627 0.062313639481363294
v 0.017515049489760546 -0.14060963636363627 -0.10758466161616154
v 0.022131595959595962 -0.1433189490376573 -0.10758466161616154
v 0.022131595959595962 -0.14060963636363627 -0.10437497604110876
v 0.022131595959595962 -0.14592582111879682 0.05354285353535361
v 0.022131595959595962 -0.14060963636363627 0.0590529380290907
v 0.028454909090909135 -0.1450558216167899 -0.10758466161616154
v 0.028454909090909135 -0.14060963636363627 -0.10291350810433736
v 0.026061794426892125 -0.14060963636363627 0.05354285353535361
v 0.028454909090909135 -0.14060963636363627 0.05176266562396233
v 0.03477822222222224 -0.14510641332426807 -0.10758466161616154
v 0.03477822222222224 -0.14060963636363627 -0.10369424313753434
v 0.03477822222222224 -0.14060963636363627 0.050886975262856356
v 0.04110153535353541 -0.15064464626422142 -0.10758466161616154
v 0.04110153535353541 -0.14060963636363627 -0.09706313339496625
v 0.04110153535353541 -0.14871428180650687 0.04011556060606067
v 0.04110153535353541 -0.14060963636363627 0.048338057844033354
v 0.046181554782301557 -0.14060963636363627 -0.09415736868686861
v 0.047424848484848514 -0.14234689292697209 -0.09415736868686861
v 0.047424848484848514 -0.14060963636363627 -0.09235112995867013
v 0.04692928797749252 -0.14060963636363627 0.04011556060606067
v 0.047424848484848514 -0.14060963636363627 0.03961250198085615
v 0.05374816161616162 -0.14961485778791295 -0.09415736868686861
v 0.05374816161616162 -0.14060963636363627 -0.08506283593894867
v 0.05374816161616162 -0.14060963636363627 0.037599922162747726
v 0.056586280049166215 -0.14060963636363627 -0.08073007575757565
v 0.06007147474747479 -0.14630720075250256 -0.08073007575757565
v 0.06007147474747479 -0.14060963636363627 -0.07295811479455684
v 0.06007147474747479 -0.14662343643917725 0.026688267676767803
v 0.06007147474747479 -0.14060963636363627 0.035559758587644555
v 0.06227434520229523 -0.14060963636363627 -0.06730278282828273
v 0.06639478787878789 -0.14481127421081055 -0.06730278282828273
v 0.06639478787878789 -0.14060963636363627 -0.06548282065220541
v 0.06639478787878789 -0.14094080692533192 0.026688267676767803
v 0.06639478787878789 -0.14060963636363627 0.027886913939887563
v 0.07271810101010107 -0.150718396474174 -0.06730278282828273
v 0.07271810101010107 -0.14060963636363627 -0.0636686988542947
v 0.07271810101010107 -0.1467076850650615 0.013260974747474862
v 0.06721356703094056 -0.14060963636363627 0.026688267676767803
v 0.07271810101010107 -0.14060963636363627 0.024138830021000177
v 0.07904141414141416 -0.14060963636363627 -0.06247660777551303
v 0.07904141414141416 -0.14228082946419263 0.013260974747474862
v 0.07904141414141416 -0.14060963636363627 0.018907849643972977
v 0.08536472727272734 -0.14060963636363627 -0.06256931767120716
v 0.08536472727272734 -0.14987930217727882 -0.00016631818181808006
v 0.08396532754227519 -0.14060963636363627 0.013260974747474862
v 0.08536472727272734 -0.14060963636363627 0.012546728947322686
v 0.09168804040404044 -0.14060963636363627 -0.0610109426970599
v 0.09168804040404044 -0.1436292297798133 -0.00016631818181808006
v 0.09168804040404044 -0.14060963636363627 0.010089111291891145
v 0.09198164681555517 -0.14060963636363627 -0.05387548989898977
v 0.09801135353535355 -0.15425323971691565 -0.05387548989898977
v 0.09801135353535355 -0.14060963636363627 -0.04152842756445683
v 0.09801135353535355 -0.14707172887852937 -0.013593611111111029
v 0.09801135353535355 -0.1434479286295955 -0.00016631818181808006
v 0.09801135353535355 -0.14060963636363627 0.00790543444347731
v 0.10433466666666671 -0.14060963636363627 -0.04527066005721979
v 0.10433466666666671 -0.1429298413482528 -0.02702090404040397
v 0.10433466666666671 -0.15098421207311416 -0.013593611111111029
v 0.10433466666666671 -0.14262633121624763 -0.00016631818181808006
v 0.10433466666666671 -0.14060963636363627 0.005308323771146909
v 0.11065797979797981 -0.14060963636363627 -0.04292173803836783
v 0.11065797979797981 -0.14402430516539744 -0.04044819696969691
v 0.10580681470639687 -0.14060963636363627 -0.02702090404040397
v 0.11065797979797981 -0.14060963636363627 -0.03563920521095099
v 0.10920676707490577 -0.14060963636363627 -0.013593611111111029
v 0.10727012415607917 -0.14060963636363627 -0.00016631818181808006
v 0.11265508021195221 -0.14060963636363627 -0.04044819696969691
v -0.12054697731977039 -0.12691545454545453 -0.00016631818181808006
v -0.11698129292929292 -0.12691545454545453 -0.005869552937985877
v -0.11698129292929292 -0.13581443658167466 -0.00016631818181808006
v -0.11839520915645647 -0.12691545454545453 0.013260974747474862
v -0.11698129292929292 -0.12879731081421414 0.013260974747474862
v -0.11698129292929292 -0.12691545454545453 0.016929113475684262
v -0.11065797979797978 -0.12855778109435723 -0.04044819696969691
v -0.11252481698629277 -0.12691545454545453 -0.013593611111111029
v -0.11065797979797978 -0.12691545454545453 -0.024731514527796827
v -0.11065797979797978 -0.13012937794791254 -0.013593611111111029
v -0.11065797979797978 -0.13927191760639065 -0.00016631818181808006
v -0.11065797979797978 -0.13326420180135815 0.013260974747474862
v -0.11065797979797978 -0.12691545454545453 0.023344738276144434
v -0.10933185847767513 -0.12691545454545453 -0.04044819696969691
v -0.10433466666666665 -0.12691545454545453 -0.046185068543709226
v -0.10912765543430082 -0.12691545454545453 -0.02702090404040397
v -0.10433466666666665 -0.1354822650727198 0.013260974747474862
v -0.10433466666666665 -0.12691545454545453 0.026289999656100613
v -0.09801135353535351 -0.12691545454545453 -0.05000978761380889
v -0.09801135353535351 -0.13656390303333346 0.013260974747474862
v -0.10319688892264509 -0.12691545454545453 0.026688267676767803
v -0.09801135353535351 -0.12890888753816795 0.026688267676767803
v -0.09801135353535351 -0.12691545454545453 0.030217464549135292
v -0.09168804040404037 -0.12865696418939057 -0.05387548989898977
v -0.09168804040404037 -0.12691545454545453 -0.05138071027377645
v -0.09168804040404037 -0.13753109693301885 0.013260974747474862
v -0.09168804040404037 -0.13063202420606768 0.026688267676767803
v -0.09168804040404037 -0.12691545454545453 0.03375736531832618
v -0.08536472727272727 -0.12809366032012812 -0.05387548989898977
v -0.08536472727272727 -0.12691545454545453 -0.051793115520848886
v -0.08536472727272727 -0.14003979509929876 0.013260974747474862
v -0.08536472727272727 -0.13200660525149166 0.026688267676767803
v -0.08536472727272727 -0.12691545454545453 0.03719985765717596
v -0.07904141414141413 -0.12921315473661504 -0.05387548989898977
v -0.07904141414141413 -0.12691545454545453 -0.051420157765863034
v -0.07904141414141413 -0.133181514189248 0.026688267676767803
v -0.07923600258690892 -0.12691545454545453 0.04011556060606067
v -0.07904141414141413 -0.12697580663400831 0.04011556060606067
v -0.07904141414141413 -0.12691545454545453 0.04025651048672046
v -0.072718101010101 -0.1314632101724327 -0.05387548989898977
v -0.072718101010101 -0.12691545454545453 -0.049854369705073516
v -0.072718101010101 -0.13543375334261168 0.026688267676767803
v -0.072718101010101 -0.128992344784852 0.04011556060606067
v -0.072718101010101 -0.12691545454545453 0.04505178590089609
v -0.06639478787878786 -0.14058115066987592 -0.06730278282828273
v -0.06819418152641883 -0.12691545454545453 -0.05387548989898977
v -0.06639478787878786 -0.12691545454545453 -0.05689423674795735
v -0.06639478787878786 -0.1307238535427148 0.04011556060606067
v -0.06639478787878786 -0.12691545454545453 0.048999985857377956
v -0.06007147474747472 -0.1385581147018997 -0.08073007575757565
v -0.06007147474747472 -0.1370630232699936 -0.06730278282828273
v -0.06007147474747472 -0.12691545454545453 -0.06725146266073709
v -0.06007147474747472 -0.13254176014630928 0.04011556060606067
v -0.06007147474747472 -0.12691545454545453 0.05202640814871075
v -0.05374816161616158 -0.13978441594298024 -0.09415736868686861
v -0.05374816161616158 -0.13308629478368145 -0.08073007575757565
v -0.05374816161616158 -0.13318094938217098 -0.06730278282828273
v -0.05374816161616158 -0.12691545454545453 -0.06489612900571383
v -0.05374816161616158 -0.13436128383894716 0.04011556060606067
v -0.0565651181562444 -0.12691545454545453 0.05354285353535361
v -0.05374816161616158 -0.12764743233782364 0.05354285353535361
v -0.05374816161616158 -0.12691545454545453 0.055548544405632186
v -0.04742484848484848 -0.13600804496909455 -0.09415736868686861
v -0.04742484848484848 -0.12946854617042616 -0.08073007575757565
v -0.04742484848484848 -0.12783695040453835 -0.06730278282828273
v -0.04742484848484848 -0.12691545454545453 -0.06698973289109131
v -0.04742484848484848 -0.1294946230794623 0.05354285353535361
v -0.04742484848484848 -0.12691545454545453 0.06022328184687883
v -0.04110153535353534 -0.13417108399541458 -0.09415736868686861
v -0.04110153535353534 -0.1273543596496713 -0.08073007575757565
v -0.046961354674186835 -0.12691545454545453 -0.06730278282828273
v -0.04110153535353534 -0.12691545454545453 -0.08009269080913364
v -0.04110153535353534 -0.13150943757770686 0.05354285353535361
v -0.04110153535353534 -0.12691545454545453 0.06426843758992168
v -0.0347782222222222 -0.13059117073788315 -0.09415736868686861
v -0.0347782222222222 -0.13164575719873012 -0.08073007575757565
v -0.0347782222222222 -0.12691545454545453 -0.07680004455841813
v -0.0347782222222222 -0.1333519807438176 0.05354285353535361
v -0.035575260832587684 -0.12691545454545453 0.06697014646464655
v -0.0347782222222222 -0.12714715646984306 0.06697014646464655
v -0.0347782222222222 -0.12691545454545453 0.06744545657803619
v -0.028454909090909065 -0.13390486529170834 -0.09415736868686861
v -0.028454909090909065 -0.13022964704206938 -0.08073007575757565
v -0.028454909090909065 -0.12691545454545453 -0.07759252320452492
v -0.028454909090909065 -0.13720906363326493 0.05354285353535361
v -0.028454909090909065 -0.12898701384691866 0.06697014646464655
v -0.028454909090909065 -0.12691545454545453 0.07081448289077835
v -0.022131595959595927 -0.13273876903534007 -0.09415736868686861
v -0.023731461648737212 -0.12691545454545453 -0.08073007575757565
v -0.022131595959595927 -0.12691545454545453 -0.0842435458639822
v -0.022131595959595927 -0.1309694907610111 0.06697014646464655
v -0.022131595959595927 -0.12691545454545453 0.07348031499383562
v -0.015808282828282793 -0.13714052469734797 -0.10758466161616154
v -0.015808282828282793 -0.12710541630441372 -0.09415736868686861
v -0.015808282828282793 -0.12691545454545453 -0.09387484939638976
v -0.015808282828282793 -0.13294958436769252 0.06697014646464655
v -0.015808282828282793 -0.12691545454545453 0.07533768856485419
v -0.009484969696969688 -0.13407056762646255 -0.10758466161616154
v -0.015691281032706974 -0.12691545454545453 -0.09415736868686861
v -0.009484969696969688 -0.12691545454545453 -0.09977512841323895
v -0.009484969696969688 -0.13509600736085783 0.06697014646464655
v -0.009484969696969688 -0.12691545454545453 0.07598571498873169
v -0.003161656565656551 -0.13452453161702002 -0.10758466161616154
v -0.003161656565656551 -0.12691545454545453 -0.10091071696265967
v -0.003161656565656551 -0.13237234244344934 0.06697014646464655
v -0.003161656565656551 -0.12691545454545453 0.07408847077759587
v 0.003161656565656586 -0.13549710873002263 -0.10758466161616154
v 0.003161656565656586 -0.12691545454545453 -0.0999328827886897
v 0.003161656565656586 -0.13116358873929063 0.06697014646464655
v 0.003161656565656586 -0.12691545454545453 0.07288693577156058
v 0.009484969696969759 -0.13635971792703183 -0.10758466161616154
v 0.009484969696969759 -0.12691545454545453 -0.09723805505538136
v 0.009484969696969759 -0.13239019916556824 0.06697014646464655
v 0.009484969696969759 -0.12691545454545453 0.072984891749373
v 0.015808282828282862 -0.13920188120516994 -0.10758466161616154
v 0.01398149764938942 -0.12691545454545453 -0.09415736868686861
v 0.015808282828282862 -0.1288938168554179 -0.09415736868686861
v 0.015808282828282862 -0.12691545454545453 -0.0914405692403697
v 0.015808282828282862 -0.13000735361458785 0.06697014646464655
v 0.015808282828282862 -0.12691545454545453 0.07127652277906756
v 0.022131595959595962 -0.1322160190851825 -0.09415736868686861
v 0.022131595959595962 -0.12691545454545453 -0.08585194953100711
v 0.022131595959595962 -0.12789859790543529 0.06697014646464655
v 0.022131595959595962 -0.12691545454545453 0.06856091375443851
v 0.028454909090909135 -0.1327365608822156 -0.09415736868686861
v 0.02762168147400703 -0.12691545454545453 -0.08073007575757565
v 0.028454909090909135 -0.1273065819821289 -0.08073007575757565
v 0.028454909090909135 -0.12691545454545453 -0.08039217782625507
v 0.028454909090909135 -0.1351267290219031 0.05354285353535361
v 0.025561969901158464 -0.12691545454545453 0.06697014646464655
v 0.028454909090909135 -0.12691545454545453 0.06571873742676972
v 0.03477822222222224 -0.13159406669885904 -0.09415736868686861
v 0.03477822222222224 -0.13381223394350206 -0.08073007575757565
v 0.03477822222222224 -0.12691545454545453 -0.0746312400049624
v 0.03477822222222224 -0.13167169771633774 0.05354285353535361
v 0.03477822222222224 -0.12691545454545453 0.06313549468865959
v 0.04110153535353541 -0.13808331180369118 -0.09415736868686861
v 0.04110153535353541 -0.13210028746942942 -0.08073007575757565
v 0.04110153535353541 -0.12691545454545453 -0.07287386158984022
v 0.04110153535353541 -0.129724329984641 0.05354285353535361
v 0.04110153535353541 -0.12691545454545453 0.05974794722075902
v 0.047424848484848514 -0.1342568669030828 -0.08073007575757565
v 0.044354022312909816 -0.12691545454545453 -0.06730278282828273
v 0.047424848484848514 -0.13186813623241764 -0.06730278282828273
v 0.047424848484848514 -0.12691545454545453 -0.06536188049501221
v 0.047424848484848514 -0.13874197665923466 0.04011556060606067
v 0.047424848484848514 -0.12759129088142612 0.05354285353535361
v 0.047424848484848514 -0.12691545454545453 0.055218364140981635
v 0.05374816161616162 -0.1383227970539391 -0.08073007575757565
v 0.05374816161616162 -0.13595611295497728 -0.06730278282828273
v 0.05374816161616162 -0.12691545454545453 -0.06356597997280393
v 0.05374816161616162 -0.13270918847645471 0.04011556060606067
v 0.049741761654874525 -0.12691545454545453 0.05354285353535361
v 0.05374816161616162 -0.12691545454545453 0.051629949924733534
v 0.06007147474747479 -0.1394380389264922 -0.06730278282828273
v 0.06007147474747479 -0.12691545454545453 -0.06723864389841083
v 0.06007147474747479 -0.13096970410698638 0.04011556060606067
v 0.06007147474747479 -0.12691545454545453 0.04848154386285422
v 0.06639478787878789 -0.12691545454545453 -0.057105182962987854
v 0.06639478787878789 -0.12900067237367663 0.04011556060606067
v 0.06639478787878789 -0.12691545454545453 0.044883333757599966
v 0.06917687186959266 -0.12691545454545453 -0.05387548989898977
v 0.07271810101010107 -0.13068003273422507 -0.05387548989898977
v 0.07271810101010107 -0.12691545454545453 -0.05095292413287175
v 0.07271810101010107 -0.13414343007785004 0.026688267676767803
v 0.07271810101010107 -0.12694230642725432 0.04011556060606067
v 0.07271810101010107 -0.12691545454545453 0.04017818314872455
v 0.07904141414141416 -0.1289044064168194 -0.05387548989898977
v 0.07904141414141416 -0.12691545454545453 -0.052043567468728874
v 0.07904141414141416 -0.13180462794605205 0.026688267676767803
v 0.07280689265180602 -0.12691545454545453 0.04011556060606067
v 0.07904141414141416 -0.12691545454545453 0.03713030594921317
v 0.08536472727272734 -0.12803746144062586 -0.05387548989898977
v 0.08536472727272734 -0.12691545454545453 -0.052187928051885164
v 0.08536472727272734 -0.13880105910849516 0.013260974747474862
v 0.08536472727272734 -0.13033420385246597 0.026688267676767803
v 0.08536472727272734 -0.12691545454545453 0.033709761820363615
v 0.09168804040404044 -0.12865684610786707 -0.05387548989898977
v 0.09168804040404044 -0.12691545454545453 -0.051609339470113015
v 0.09168804040404044 -0.13629351942470744 0.013260974747474862
v 0.09168804040404044 -0.128760536255421 0.026688267676767803
v 0.09168804040404044 -0.12691545454545453 0.030162755961490186
v 0.09801135353535355 -0.12691545454545453 -0.04990344948985147
v 0.09801135353535355 -0.13527349940792097 0.013260974747474862
v 0.09771319135800087 -0.12691545454545453 0.026688267676767803
v 0.09801135353535355 -0.12691545454545453 0.026588399344776404
v 0.10433466666666671 -0.12691545454545453 -0.04561372333993247
v 0.10433466666666671 -0.13419428452797488 0.013260974747474862
v 0.10433466666666671 -0.12691545454545453 0.024440511569442644
v 0.10854312142787084 -0.12691545454545453 -0.04044819696969691
v 0.11065797979797981 -0.12992050054347729 -0.04044819696969691
v 0.10819993198217649 -0.12691545454545453 -0.02702090404040397
v 0.11065797979797981 -0.12691545454545453 -0.02317021741600226
v 0.11065797979797981 -0.12964580676876275 -0.013593611111111029
v 0.11065797979797981 -0.13891075251372598 -0.00016631818181808006
v 0.11065797979797981 -0.13209895578028227 0.013260974747474862
v 0.11065797979797981 -0.12691545454545453 0.021532648639816954
v 0.11221093204705355 -0.12691545454545453 -0.013593611111111029
v 0.11698129292929299 -0.12691545454545453 -0.005644388472087653
v 0.11698129292929299 -0.13560441953103372 -0.00016631818181808006
v 0.11698129292929299 -0.12766949189912397 0.013260974747474862
v 0.11698129292929299 -0.12691545454545453 0.014733407596868163
v 0.12051186131483563 -0.12691545454545453 -0.00016631818181808006
v 0.11755953205646628 -0.12691545454545453 0.013260974747474862
v -0.1280334286412249 -0.11322127272727267 -0.00016631818181808006
v -0.12330460606060606 -0.11322127272727267 -0.01239934565995655
v -0.12330460606060606 -0.1252744708658738 -0.00016631818181808006
v -0.12863882500507398 -0.11322127272727267 0.013260974747474862
v -0.12330460606060606 -0.122676569841151 0.013260974747474862
v -0.12330460606060606 -0.11322127272727267 0.02574333804200786
v -0.11698129292929292 -0.11322127272727267 -0.01357231369975491
v -0.1213986878216242 -0.11322127272727267 0.026688267676767803
v -0.11698129292929292 -0.11785108813692254 0.026688267676767803
v -0.11698129292929292 -0.11322127272727267 0.03223757837783511
v -0.11693535913336223 -0.11322127272727267 -0.013593611111111029
v -0.11065797979797978 -0.11322127272727267 -0.026709389925091503
v -0.11065797979797978 -0.12238154881496234 0.026688267676767803
v -0.11065797979797978 -0.11322127272727267 0.03640054708889409
v -0.10433466666666665 -0.11330910049320632 -0.04044819696969691
v -0.11042251493907825 -0.11322127272727267 -0.02702090404040397
v -0.10433466666666665 -0.11322127272727267 -0.04032267669469032
v -0.10433466666666665 -0.12627820301889064 0.026688267676767803
v -0.10433466666666665 -0.11322127272727267 0.0394933620738478
v -0.10425475475893428 -0.11322127272727267 -0.04044819696969691
v -0.09801135353535351 -0.11322127272727267 -0.04615277422568367
v -0.10291120196277861 -0.11322127272727267 0.04011556060606067
v -0.09801135353535351 -0.11611649709420646 0.04011556060606067
v -0.09801135353535351 -0.11322127272727267 0.043499271253837894
v -0.09168804040404037 -0.11322127272727267 -0.049143248435364995
v -0.09168804040404037 -0.11957365480883278 0.04011556060606067
v -0.09168804040404037 -0.11322127272727267 0.047405553051177704
v -0.08536472727272727 -0.11322127272727267 -0.05146053559762524
v -0.08536472727272727 -0.12309114924275179 0.04011556060606067
v -0.08536472727272727 -0.11322127272727267 0.05104630443984489
v -0.07904141414141413 -0.11322127272727267 -0.052837782907571615
v -0.08094902688661135 -0.11322127272727267 0.05354285353535361
v -0.07904141414141413 -0.11429507633826194 0.05354285353535361
v -0.07904141414141413 -0.11322127272727267 0.05481244024514607
v -0.072718101010101 -0.11322127272727267 -0.05369167537015311
v -0.072718101010101 -0.11776125071332856 0.05354285353535361
v -0.072718101010101 -0.11322127272727267 0.058973500545148716
v -0.07012438846076874 -0.11322127272727267 -0.05387548989898977
v -0.06639478787878786 -0.11322127272727267 -0.05418982373517133
v -0.06639478787878786 -0.1211803705626454 0.05354285353535361
v -0.06639478787878786 -0.11322127272727267 0.06288937371101382
v -0.06007147474747472 -0.11322127272727267 -0.05486344038248819
v -0.06007147474747472 -0.1245999141156075 0.05354285353535361
v -0.06007147474747472 -0.11322127272727267 0.06645269166114709
v -0.05374816161616158 -0.11322127272727267 -0.05531283793303395
v -0.05918723573813256 -0.11322127272727267 0.06697014646464655
v -0.05374816161616158 -0.11608851083966397 0.06697014646464655
v -0.05374816161616158 -0.11322127272727267 0.07045839336155053
v -0.04742484848484848 -0.11322127272727267 -0.05701243692262174
v -0.04742484848484848 -0.11953916540349228 0.06697014646464655
v -0.04742484848484848 -0.11322127272727267 0.07429301297853191
v -0.04110153535353534 -0.12177955925946843 -0.06730278282828273
v -0.04110153535353534 -0.11322127272727267 -0.06012903197572329
v -0.04110153535353534 -0.12324194749964379 0.06697014646464655
v -0.04110153535353534 -0.11322127272727267 0.0777704723946668
v -0.0347782222222222 -0.12029748987179521 -0.06730278282828273
v -0.0347782222222222 -0.11322127272727267 -0.06056506856709083
v -0.03601242703463076 -0.11322127272727267 0.08039743939393956
v -0.0347782222222222 -0.11375989296616812 0.08039743939393956
v -0.0347782222222222 -0.11322127272727267 0.08093422447794651
v -0.028454909090909065 -0.12042387662956427 -0.06730278282828273
v -0.028454909090909065 -0.11322127272727267 -0.0634343040726367
v -0.028454909090909065 -0.11660867340305528 0.08039743939393956
v -0.028454909090909065 -0.11322127272727267 0.08360022051647073
v -0.022131595959595927 -0.12453218594728588 -0.08073007575757565
v -0.022131595959595927 -0.11805866112775325 -0.06730278282828273
v -0.022131595959595927 -0.11322127272727267 -0.06402052407663507
v -0.022131595959595927 -0.11911991440397014 0.08039743939393956
v -0.022131595959595927 -0.11322127272727267 0.08564739824523503
v -0.015808282828282793 -0.11913238486802291 -0.08073007575757565
v -0.01967845459591766 -0.11322127272727267 -0.06730278282828273
v -0.015808282828282793 -0.11322127272727267 -0.0767758663514721
v -0.015808282828282793 -0.12105890311285786 0.08039743939393956
v -0.015808282828282793 -0.11322127272727267 0.08692456922126683
v -0.009484969696969688 -0.12205887212427807 -0.09415736868686861
v -0.011574955303399852 -0.11322127272727267 -0.08073007575757565
v -0.009484969696969688 -0.11322127272727267 -0.08278538172731699
v -0.009484969696969688 -0.12181548327431888 0.08039743939393956
v -0.009484969696969688 -0.11322127272727267 0.08749084630648235
v -0.003161656565656551 -0.12152647572893427 -0.09415736868686861
v -0.003161656565656551 -0.11322127272727267 -0.08499946158146537
v -0.003161656565656551 -0.12038448082040532 0.08039743939393956
v -0.003161656565656551 -0.11322127272727267 0.08777650468690353
v 0.003161656565656586 -0.12251138954126632 -0.09415736868686861
v 0.003161656565656586 -0.11322127272727267 -0.0841037204430078
v 0.003161656565656586 -0.11900089989030353 0.08039743939393956
v 0.003161656565656586 -0.11322127272727267 0.0868069149078772
v 0.009484969696969759 -0.1242912826282272 -0.09415736868686861
v 0.00926862114441695 -0.11322127272727267 -0.08073007575757565
v 0.009484969696969759 -0.11398784166995674 -0.08073007575757565
v 0.009484969696969759 -0.11322127272727267 -0.08030145032164152
v 0.009484969696969759 -0.1181305676203991 0.08039743939393956
v 0.009484969696969759 -0.11322127272727267 0.08468054244341407
v 0.015808282828282862 -0.1201746962897598 -0.08073007575757565
v 0.015808282828282862 -0.11322127272727267 -0.0753887526919933
v 0.015808282828282862 -0.11576033383646404 0.08039743939393956
v 0.015808282828282862 -0.11322127272727267 0.08255378301721032
v 0.022131595959595962 -0.12339080130266217 -0.08073007575757565
v 0.01932461872211621 -0.11322127272727267 -0.06730278282828273
v 0.022131595959595962 -0.11815041423497369 -0.06730278282828273
v 0.022131595959595962 -0.11322127272727267 -0.06349958793469322
v 0.021631994026652612 -0.11322127272727267 0.08039743939393956
v 0.022131595959595962 -0.11322127272727267 0.0800197009287808
v 0.028454909090909135 -0.11963267454015812 -0.06730278282828273
v 0.028454909090909135 -0.11322127272727267 -0.06238019067827097
v 0.028454909090909135 -0.12454577437578442 0.06697014646464655
v 0.028454909090909135 -0.11322127272727267 0.07703677717524028
v 0.03477822222222224 -0.12113182705561298 -0.06730278282828273
v 0.03477822222222224 -0.11322127272727267 -0.06189313059640053
v 0.03477822222222224 -0.12041307682474743 0.06697014646464655
v 0.03477822222222224 -0.11322127272727267 0.07397922894293084
v 0.04110153535353541 -0.12428729060044486 -0.06730278282828273
v 0.04110153535353541 -0.11322127272727267 -0.05955973341780657
v 0.04110153535353541 -0.11669943887311794 0.06697014646464655
v 0.04110153535353541 -0.11322127272727267 0.07070297159977182
v 0.047424848484848514 -0.11322127272727267 -0.056232424699742885
v 0.04733651018561649 -0.11322127272727267 0.06697014646464655
v 0.047424848484848514 -0.11322127272727267 0.06691969033535174
v 0.05374816161616162 -0.11322127272727267 -0.05475295770993951
v 0.05374816161616162 -0.1234103906346346 0.05354285353535361
v 0.05374816161616162 -0.11322127272727267 0.06372240712921534
v 0.06007147474747479 -0.11322127272727267 -0.05424438519241411
v 0.06007147474747479 -0.11938555753636013 0.05354285353535361
v 0.06007147474747479 -0.11322127272727267 0.06034589734515852
v 0.0641388268114042 -0.11322127272727267 -0.05387548989898977
v 0.06639478787878789 -0.11368123769835581 -0.05387548989898977
v 0.06639478787878789 -0.11322127272727267 -0.053678567626361307
v 0.06639478787878789 -0.11600429107957183 0.05354285353535361
v 0.06639478787878789 -0.11322127272727267 0.056724326077270217
v 0.07271810101010107 -0.11322127272727267 -0.053156924484770246
v 0.07144120236216936 -0.11322127272727267 0.05354285353535361
v 0.07271810101010107 -0.11322127272727267 0.05285783457853354
v 0.07904141414141416 -0.11322127272727267 -0.05224977447198234
v 0.07904141414141416 -0.1224422654162325 0.04011556060606067
v 0.07904141414141416 -0.11322127272727267 0.049635480194121555
v 0.08536472727272734 -0.11322127272727267 -0.05071969216870413
v 0.08536472727272734 -0.11863156930530747 0.04011556060606067
v 0.08536472727272734 -0.11322127272727267 0.046045426626421346
v 0.09168804040404044 -0.11322127272727267 -0.048263410870617876
v 0.09168804040404044 -0.11524779447408012 0.04011556060606067
v 0.09168804040404044 -0.11322127272727267 0.04239442263917613
v 0.09801135353535355 -0.11322127272727267 -0.044774204116240446
v 0.09801135353535355 -0.12674344708545565 0.026688267676767803
v 0.09530388104919472 -0.11322127272727267 0.04011556060606067
v 0.09801135353535355 -0.11322127272727267 0.038942108755240845
v 0.10254397477984499 -0.11322127272727267 -0.04044819696969691
v 0.10433466666666671 -0.1152326232050325 -0.04044819696969691
v 0.10433466666666671 -0.11322127272727267 -0.03743237409674054
v 0.10433466666666671 -0.12335467494147576 0.026688267676767803
v 0.10433466666666671 -0.11322127272727267 0.03636805125080657
v 0.1088450695062587 -0.11322127272727267 -0.02702090404040397
v 0.11065797979797981 -0.11322127272727267 -0.02454420714132053
v 0.11065797979797981 -0.11987355115184335 0.026688267676767803
v 0.11065797979797981 -0.11322127272727267 0.033553180355124355
v 0.11572889023455156 -0.11322127272727267 -0.013593611111111029
v 0.11698129292929299 -0.11322127272727267 -0.013009116428854483
v 0.11698129292929299 -0.11564183284970216 0.026688267676767803
v 0.11698129292929299 -0.11322127272727267 0.029508496880403863
v 0.12330460606060609 -0.11322127272727267 -0.012247632552377001
v 0.12330460606060609 -0.1252253264243058 -0.00016631818181808006
v 0.12330460606060609 -0.1220080240511896 0.013260974747474862
v 0.119230527667611 -0.11322127272727267 0.026688267676767803
v 0.12330460606060609 -0.11322127272727267 0.024664214410862164
v 0.1279889828161788 -0.11322127272727267 -0.00016631818181808006
v 0.1283092508634703 -0.11322127272727267 0.013260974747474862
v -0.13202999511805558 -0.09952709090909084 -0.00016631818181808006
v -0.12962791919191918 -0.09952709090909084 -0.008352894542250534
v -0.12962791919191918 -0.10256883186223592 -0.00016631818181808006
v -0.1343263812609054 -0.09952709090909084 0.013260974747474862
v -0.12962791919191918 -0.11257185465202782 0.013260974747474862
v -0.13171898238826224 -0.09952709090909084 0.026688267676767803
v -0.12962791919191918 -0.10422550325809521 0.026688267676767803
v -0.12962791919191918 -0.09952709090909084 0.03266908029320985
v -0.12330460606060606 -0.09952709090909084 -0.012212503306618482
v -0.12330460606060606 -0.11148883693446932 0.026688267676767803
v -0.12330460606060606 -0.09952709090909084 0.038098168381290126
v -0.12024534495083088 -0.09952709090909084 -0.013593611111111029
v -0.11698129292929292 -0.09952709090909084 -0.01892708625548703
v -0.11698129292929292 -0.1128753675251286 -0.013593611111111029
v -0.11923804473142662 -0.09952709090909084 0.04011556060606067
v -0.11698129292929292 -0.10186532437979867 0.04011556060606067
v -0.11698129292929292 -0.09952709090909084 0.042353907814199204
v -0.11065797979797978 -0.09952709090909084 -0.025880065158351458
v -0.11065797979797978 -0.1071356622070728 0.04011556060606067
v -0.11065797979797978 -0.09952709090909084 0.046642152370575354
v -0.10955046553111265 -0.09952709090909084 -0.02702090404040397
v -0.10433466666666665 -0.09952709090909084 -0.03416235524641252
v -0.10433466666666665 -0.11212651171803002 0.04011556060606067
v -0.10433466666666665 -0.09952709090909084 0.050071431808564174
v -0.09848437615157848 -0.09952709090909084 -0.04044819696969691
v -0.09801135353535351 -0.09952709090909084 -0.04086520906817508
v -0.09801135353535351 -0.09952709090909084 0.05329601018420597
v -0.09168804040404037 -0.09952709090909084 -0.045418607971257546
v -0.09751877416245806 -0.09952709090909084 0.05354285353535361
v -0.09168804040404037 -0.10410956390822532 0.05354285353535361
v -0.09168804040404037 -0.09952709090909084 0.057214351156306
v -0.08536472727272727 -0.09952709090909084 -0.048724169930422584
v -0.08536472727272727 -0.10931618852196602 0.05354285353535361
v -0.08536472727272727 -0.09952709090909084 0.06114289799246041
v -0.07904141414141413 -0.09952709090909084 -0.051372764995061174
v -0.07904141414141413 -0.09952709090909084 0.06502748579916141
v -0.072718101010101 -0.09952709090909084 -0.05307483992726674
v -0.07583456628310196 -0.09952709090909084 0.06697014646464655
v -0.072718101010101 -0.10197422780534715 0.06697014646464655
v -0.072718101010101 -0.09952709090909084 0.06902230162057296
v -0.0695476760159068 -0.09952709090909084 -0.05387548989898977
v -0.06639478787878786 -0.09952709090909084 -0.054645112332099906
v -0.06639478787878786 -0.10721788936685361 0.06697014646464655
v -0.06639478787878786 -0.09952709090909084 0.07328435289414723
v -0.06007147474747472 -0.09952709090909084 -0.0556116652436087
v -0.06007147474747472 -0.11240883426796912 0.06697014646464655
v -0.06007147474747472 -0.09952709090909084 0.07722892825819262
v -0.05374816161616158 -0.09952709090909084 -0.056160211562181254
v -0.05477430793621796 -0.09952709090909084 0.08039743939393956
v -0.05374816161616158 -0.100230259539779 0.08039743939393956
v -0.05374816161616158 -0.09952709090909084 0.08098225093298253
v -0.04742484848484848 -0.09952709090909084 -0.05661538979607548
v -0.04742484848484848 -0.10483478172267119 0.08039743939393956
v -0.04742484848484848 -0.09952709090909084 0.08466292183353794
v -0.04110153535353534 -0.09952709090909084 -0.05702552227671865
v -0.04110153535353534 -0.10946317625381093 0.08039743939393956
v -0.04110153535353534 -0.09952709090909084 0.08798861814781977
v -0.0347782222222222 -0.09952709090909084 -0.05815960281529827
v -0.0347782222222222 -0.09952709090909084 0.09095241576355828
v -0.028454909090909065 -0.09952709090909084 -0.05999033696713301
v -0.028454909090909065 -0.09952709090909084 0.09355364821106497
v -0.022131595959595927 -0.09952709090909084 -0.06317032645302587
v -0.027869366558467706 -0.09952709090909084 0.09382473232323243
v -0.022131595959595927 -0.1017394791157499 0.09382473232323243
v -0.022131595959595927 -0.09952709090909084 0.0955144825052576
v -0.020144457725225606 -0.09952709090909084 -0.06730278282828273
v -0.015808282828282793 -0.09952709090909084 -0.07211345401792972
v -0.015808282828282793 -0.10334586460242298 0.09382473232323243
v -0.015808282828282793 -0.09952709090909084 0.09684556216748533
v -0.009484969696969688 -0.1123613677395073 -0.08073007575757565
v -0.009484969696969688 -0.09952709090909084 -0.07574244386193177
v -0.009484969696969688 -0.1043397484424118 0.09382473232323243
v -0.009484969696969688 -0.09952709090909084 0.0980631669569892
v -0.003161656565656551 -0.10963770504669607 -0.08073007575757565
v -0.003161656565656551 -0.09952709090909084 -0.0744694477620222
v -0.003161656565656551 -0.10566676160025046 0.09382473232323243
v -0.003161656565656551 -0.09952709090909084 0.10017438691288454
v 0.003161656565656586 -0.11023901089991683 -0.08073007575757565
v 0.003161656565656586 -0.09952709090909084 -0.07418867430070317
v 0.003161656565656586 -0.10354768986436587 0.09382473232323243
v 0.003161656565656586 -0.09952709090909084 0.09817734561035975
v 0.009484969696969759 -0.09952709090909084 -0.07511247866855197
v 0.009467558633960092 -0.09952709090909084 0.09382473232323243
v 0.009484969696969759 -0.09952709090909084 0.09378202035655744
v 0.015808282828282862 -0.09952709090909084 -0.07152704422547289
v 0.015808282828282862 -0.09952709090909084 0.09108740393450632
v 0.020263070217429523 -0.09952709090909084 -0.06730278282828273
v 0.022131595959595962 -0.09952709090909084 -0.06354105624746884
v 0.022131595959595962 -0.11266402214486546 0.08039743939393956
v 0.022131595959595962 -0.09952709090909084 0.08884338052030767
v 0.028454909090909135 -0.09952709090909084 -0.060145797111485384
v 0.028454909090909135 -0.10811076814161676 0.08039743939393956
v 0.028454909090909135 -0.09952709090909084 0.08629147518685235
v 0.03477822222222224 -0.09952709090909084 -0.05782365857657057
v 0.03477822222222224 -0.10369662689470398 0.08039743939393956
v 0.03477822222222224 -0.09952709090909084 0.08339775420742071
v 0.04110153535353541 -0.09952709090909084 -0.0559559932341211
v 0.04070515107901666 -0.09952709090909084 0.08039743939393956
v 0.04110153535353541 -0.09952709090909084 0.0801361581158289
v 0.047424848484848514 -0.09952709090909084 -0.055033423830211
v 0.047424848484848514 -0.11312540238573959 0.06697014646464655
v 0.047424848484848514 -0.09952709090909084 0.07659734751024866
v 0.05374816161616162 -0.09952709090909084 -0.05434018199083753
v 0.05374816161616162 -0.10756927535309002 0.06697014646464655
v 0.05374816161616162 -0.09952709090909084 0.07304128470402527
v 0.05810361325769455 -0.09952709090909084 -0.05387548989898977
v 0.06007147474747479 -0.10330723701049882 -0.05387548989898977
v 0.06007147474747479 -0.09952709090909084 -0.053627580435619146
v 0.06007147474747479 -0.10255788591241964 0.06697014646464655
v 0.06007147474747479 -0.09952709090909084 0.06936756518022369
v 0.06639478787878789 -0.09952709090909084 -0.052578766001543736
v 0.0641117425992223 -0.09952709090909084 0.06697014646464655
v 0.06639478787878789 -0.09952709090909084 0.06565529606564367
v 0.07271810101010107 -0.09952709090909084 -0.051154941330970594
v 0.07271810101010107 -0.11186507982733357 0.05354285353535361
v 0.07271810101010107 -0.09952709090909084 0.06206780388313032
v 0.07904141414141416 -0.09952709090909084 -0.04928583879312342
v 0.07904141414141416 -0.10624495907833756 0.05354285353535361
v 0.07904141414141416 -0.09952709090909084 0.058472679763964905
v 0.08536472727272734 -0.09952709090909084 -0.04657576811459737
v 0.08536472727272734 -0.10115443007911716 0.05354285353535361
v 0.08536472727272734 -0.09952709090909084 0.05479171346179938
v 0.09168804040404044 -0.09952709090909084 -0.043031570247838824
v 0.0875427421733316 -0.09952709090909084 0.05354285353535361
v 0.09168804040404044 -0.09952709090909084 0.051555539770485666
v 0.09522342585730298 -0.09952709090909084 -0.04044819696969691
v 0.09801135353535355 -0.10283679780547178 -0.04044819696969691
v 0.09801135353535355 -0.09952709090909084 -0.03777166863618904
v 0.09801135353535355 -0.1109997971632909 0.04011556060606067
v 0.09801135353535355 -0.09952709090909084 0.04859855430690165
v 0.10433466666666671 -0.09952709090909084 -0.0306546157179358
v 0.10433466666666671 -0.10653080037079181 0.04011556060606067
v 0.10433466666666671 -0.09952709090909084 0.04568091169121851
v 0.10693412000202607 -0.09952709090909084 -0.02702090404040397
v 0.11065797979797981 -0.09952709090909084 -0.023120451016128002
v 0.11065797979797981 -0.10228102003221626 0.04011556060606067
v 0.11065797979797981 -0.09952709090909084 0.04249367280206586
v 0.11698129292929299 -0.09952709090909084 -0.016154978491440385
v 0.11698129292929299 -0.10498956510618652 -0.013593611111111029
v 0.11421824500507767 -0.09952709090909084 0.04011556060606067
v 0.11698129292929299 -0.09952709090909084 0.039097376310516255
v 0.11855236563562328 -0.09952709090909084 -0.013593611111111029
v 0.12330460606060609 -0.09952709090909084 -0.011483083265649825
v 0.12330460606060609 -0.10941803134709986 0.026688267676767803
v 0.12330460606060609 -0.09952709090909084 0.03609056059621033
v 0.12962791919191927 -0.09952709090909084 -0.00764721380197334
v 0.12962791919191927 -0.10231204880896354 -0.00016631818181808006
v 0.12962791919191927 -0.11235240781253202 0.013260974747474862
v 0.12962791919191927 -0.10249311968024909 0.026688267676767803
v 0.12962791919191927 -0.09952709090909084 0.030437074684748593
v 0.13182971963230786 -0.09952709090909084 -0.00016631818181808006
v 0.1342021235792098 -0.09952709090909084 0.013260974747474862
v 0.13093731901508807 -0.09952709090909084 0.026688267676767803
v -0.14050003597007663 -0.08583290909090902 0.013260974747474862
v -0.1359512323232323 -0.08583290909090902 7.72814527450847e-05
v -0.1359512323232323 -0.09700205502853762 0.013260974747474862
v -0.14076669656788968 -0.08583290909090902 0.026688267676767803
v -0.1359512323232323 -0.09555242368814817 0.026688267676767803
v -0.1359512323232323 -0.08583290909090902 0.03908673648857413
v -0.13509213273267578 -0.08583290909090902 -0.00016631818181808006
v -0.12962791919191918 -0.08583290909090902 -0.008481152358074331
v -0.13357618810408514 -0.08583290909090902 0.04011556060606067
v -0.12962791919191918 -0.09068277301226309 0.04011556060606067
v -0.12962791919191918 -0.08583290909090902 0.04529931991309219
v -0.12330460606060606 -0.08583290909090902 -0.012141442080167987
v -0.12330460606060606 -0.09622522082655378 0.04011556060606067
v -0.12330460606060606 -0.08583290909090902 0.049303678831045916
v -0.12047739972506874 -0.08583290909090902 -0.013593611111111029
v -0.11698129292929292 -0.08583290909090902 -0.017459248858651667
v -0.11698129292929292 -0.08583290909090902 0.05214262796409056
v -0.11065797979797978 -0.08583290909090902 -0.022979314299640466
v -0.11349060353832922 -0.08583290909090902 0.05354285353535361
v -0.11065797979797978 -0.08811720396457855 0.05354285353535361
v -0.11065797979797978 -0.08583290909090902 0.055261388227164795
v -0.10613708340975846 -0.08583290909090902 -0.02702090404040397
v -0.10433466666666665 -0.08583290909090902 -0.028958436853644944
v -0.10433466666666665 -0.09319315008073677 0.05354285353535361
v -0.10433466666666665 -0.08583290909090902 0.058671316839696286
v -0.09801135353535351 -0.09822222933372854 -0.04044819696969691
v -0.09801135353535351 -0.08583290909090902 -0.03474563988182104
v -0.09801135353535351 -0.09903845553190742 0.05354285353535361
v -0.09801135353535351 -0.08583290909090902 0.06196839190171219
v -0.09168804040404037 -0.08666662439465657 -0.04044819696969691
v -0.09168804040404037 -0.08583290909090902 -0.039934570906362855
v -0.09168804040404037 -0.08583290909090902 0.06546956415713277
v -0.0910357003607358 -0.08583290909090902 -0.04044819696969691
v -0.08536472727272727 -0.08583290909090902 -0.044271074093958286
v -0.08910138870709224 -0.08583290909090902 0.06697014646464655
v -0.08536472727272727 -0.08935664571124215 0.06697014646464655
v -0.08536472727272727 -0.08583290909090902 0.06937186059212554
v -0.07904141414141413 -0.08583290909090902 -0.04766446709779208
v -0.07904141414141413 -0.0959400861846212 0.06697014646464655
v -0.07904141414141413 -0.08583290909090902 0.07345048987787288
v -0.072718101010101 -0.08583290909090902 -0.05035036246554195
v -0.072718101010101 -0.08583290909090902 0.07748432024890392
v -0.06639478787878786 -0.09319643174475757 -0.05387548989898977
v -0.06639478787878786 -0.08583290909090902 -0.052538386449009745
v -0.06825725247448089 -0.08583290909090902 0.08039743939393956
v -0.06639478787878786 -0.08761175552965823 0.08039743939393956
v -0.06639478787878786 -0.08583290909090902 0.08157495305926205
v -0.06255975223651956 -0.08583290909090902 -0.05387548989898977
v -0.06007147474747472 -0.08583290909090902 -0.05463900861031544
v -0.06007147474747472 -0.09401969803138309 0.08039743939393956
v -0.06007147474747472 -0.08583290909090902 0.08560080831678529
v -0.05374816161616158 -0.08583290909090902 -0.056286734891636214
v -0.05374816161616158 -0.08583290909090902 0.08946804502112714
v -0.04742484848484848 -0.08583290909090902 -0.05784680769152425
v -0.04742484848484848 -0.08583290909090902 0.0932651022727456
v -0.04110153535353534 -0.08583290909090902 -0.05959559755317453
v -0.04660365150086022 -0.08583290909090902 0.09382473232323243
v -0.04110153535353534 -0.09040338888787577 0.09382473232323243
v -0.04110153535353534 -0.08583290909090902 0.09674401444953244
v -0.0347782222222222 -0.08583290909090902 -0.061814427128038536
v -0.0347782222222222 -0.09507547451452585 0.09382473232323243
v -0.0347782222222222 -0.08583290909090902 0.09960253969601753
v -0.028454909090909065 -0.08583290909090902 -0.06487986764854467
v -0.028454909090909065 -0.0991178555398077 0.09382473232323243
v -0.028454909090909065 -0.08583290909090902 0.10195599522142723
v -0.025281762561390787 -0.08583290909090902 -0.06730278282828273
v -0.022131595959595927 -0.08583290909090902 -0.06882305004551924
v -0.022131595959595927 -0.08805797120573139 -0.06730278282828273
v -0.022131595959595927 -0.08583290909090902 0.10377221572589353
v -0.015808282828282793 -0.08583290909090902 -0.07163195252713911
v -0.015808282828282793 -0.08583290909090902 0.10483930876447169
v -0.009484969696969688 -0.08583290909090902 -0.07330622044969867
v -0.009484969696969688 -0.08583290909090902 0.10472223671996307
v -0.003161656565656551 -0.08583290909090902 -0.07265602520488962
v -0.003161656565656551 -0.08583290909090902 0.09875789995364359
v 0.003161656565656586 -0.08583290909090902 -0.07210487467032799
v 0.003161656565656586 -0.08583290909090902 0.09723249257252836
v 0.009484969696969759 -0.08583290909090902 -0.07216725992002417
v 0.009484969696969759 -0.09948172757582158 0.09382473232323243
v 0.009484969696969759 -0.08583290909090902 0.10091861274811126
v 0.015808282828282862 -0.08583290909090902 -0.07008079311159443
v 0.015808282828282862 -0.09598646003527667 0.09382473232323243
v 0.015808282828282862 -0.08583290909090902 0.09992883516458928
v 0.02187689821841983 -0.08583290909090902 -0.06730278282828273
v 0.022131595959595962 -0.08583290909090902 -0.06702634475998723
v 0.022131595959595962 -0.09228731452025835 0.09382473232323243
v 0.022131595959595962 -0.08583290909090902 0.09783468671670675
v 0.028454909090909135 -0.08583290909090902 -0.06295139431649503
v 0.028454909090909135 -0.08798464998047409 0.09382473232323243
v 0.028454909090909135 -0.08583290909090902 0.09518238694801419
v 0.03477822222222224 -0.08583290909090902 -0.059943685627371956
v 0.03171184859007839 -0.08583290909090902 0.09382473232323243
v 0.03477822222222224 -0.08583290909090902 0.09175881101834972
v 0.04110153535353541 -0.08583290909090902 -0.05745866898287263
v 0.04110153535353541 -0.09905559632556374 0.08039743939393956
v 0.04110153535353541 -0.08583290909090902 0.08819719266400818
v 0.047424848484848514 -0.08583290909090902 -0.055394695024585834
v 0.047424848484848514 -0.09278954684496332 0.08039743939393956
v 0.047424848484848514 -0.08583290909090902 0.08466528751944448
v 0.05275587696494828 -0.08583290909090902 -0.05387548989898977
v 0.05374816161616162 -0.08995205466898132 -0.05387548989898977
v 0.05374816161616162 -0.08583290909090902 -0.05351284462498225
v 0.05374816161616162 -0.08679626978751122 0.08039743939393956
v 0.05374816161616162 -0.08583290909090902 0.08100986586061634
v 0.06007147474747479 -0.08583290909090902 -0.051563752892918625
v 0.054842957944872504 -0.08583290909090902 0.08039743939393956
v 0.06007147474747479 -0.08583290909090902 0.07710071191035808
v 0.06639478787878789 -0.08583290909090902 -0.04955176525691689
v 0.06639478787878789 -0.09672694064367508 0.06697014646464655
v 0.06639478787878789 -0.08583290909090902 0.07323323433220287
v 0.07271810101010107 -0.08583290909090902 -0.04718546841889262
v 0.07271810101010107 -0.08973689328993097 0.06697014646464655
v 0.07271810101010107 -0.08583290909090902 0.06934442263703972
v 0.07904141414141416 -0.08583290909090902 -0.04432197213227305
v 0.07663645123928664 -0.08583290909090902 0.06697014646464655
v 0.07904141414141416 -0.08583290909090902 0.06556094998046647
v 0.08536472727272734 -0.08583290909090902 -0.04079581242718496
v 0.08536472727272734 -0.08583290909090902 0.062073657808508445
v 0.08590227014086657 -0.08583290909090902 -0.04044819696969691
v 0.09168804040404044 -0.09294563370463528 -0.04044819696969691
v 0.09168804040404044 -0.08583290909090902 -0.03594946796110561
v 0.09168804040404044 -0.09508075420834808 0.05354285353535361
v 0.09168804040404044 -0.08583290909090902 0.058870259943203315
v 0.09801135353535355 -0.08583290909090902 -0.030676295274233826
v 0.09801135353535355 -0.0894166163757471 0.05354285353535361
v 0.09801135353535355 -0.08583290909090902 0.05577378647063505
v 0.10193965209302426 -0.08583290909090902 -0.02702090404040397
v 0.10433466666666671 -0.09052943688855157 -0.02702090404040397
v 0.10433466666666671 -0.08583290909090902 -0.024900770513097838
v 0.10278195197560058 -0.08583290909090902 0.05354285353535361
v 0.10433466666666671 -0.08583290909090902 0.05297144901714232
v 0.11065797979797981 -0.08583290909090902 -0.019666572607546912
v 0.11065797979797981 -0.08583290909090902 0.050783776090998316
v 0.11698129292929299 -0.08583290909090902 -0.014486257601555783
v 0.11698129292929299 -0.09749173736708026 0.04011556060606067
v 0.11698129292929299 -0.08583290909090902 0.04872459547706802
v 0.11782892882079418 -0.08583290909090902 -0.013593611111111029
v 0.12330460606060609 -0.08583290909090902 -0.010901070742366573
v 0.12330460606060609 -0.0929040361848921 0.04011556060606067
v 0.12330460606060609 -0.08583290909090902 0.04633335552495497
v 0.12962791919191927 -0.08583290909090902 -0.007320547018370446
v 0.12962791919191927 -0.08803308093295517 0.04011556060606067
v 0.12962791919191927 -0.08583290909090902 0.04247346747179297
v 0.13429758565704372 -0.08583290909090902 -0.00016631818181808006
v 0.13595123232323236 -0.08583290909090902 0.0003026516404604617
v 0.13595123232323236 -0.09681046397232781 0.013260974747474862
v 0.13595123232323236 -0.0948050455499358 0.026688267676767803
v 0.13143523096092619 -0.08583290909090902 0.04011556060606067
v 0.13595123232323236 -0.08583290909090902 0.0381672680498695
v 0.14043037140003864 -0.08583290909090902 0.013260974747474862
v 0.14038837896238085 -0.08583290909090902 0.026688267676767803
v -0.14892474950968065 -0.07213872727272719 0.026688267676767803
v -0.14859785858585858 -0.07213872727272719 0.02377812686162457
v -0.14859785858585858 -0.07366081559856796 0.026688267676767803
v -0.14859785858585858 -0.07213872727272719 0.031744182840745844
v -0.14520830453352027 -0.07213872727272719 0.013260974747474862
v -0.14227454545454543 -0.07213872727272719 0.004268912465538689
v -0.14227454545454543 -0.07654832400085834 0.013260974747474862
v -0.14227454545454543 -0.08490777476290534 0.026688267676767803
v -0.14481285610702133 -0.07213872727272719 0.04011556060606067
v -0.14227454545454543 -0.07764751496460885 0.04011556060606067
v -0.14227454545454543 -0.07213872727272719 0.046607459881055885
v -0.1359512323232323 -0.07213872727272719 -1.1547311589886478e-05
v -0.1359512323232323 -0.08408815217880013 0.04011556060606067
v -0.1359512323232323 -0.07213872727272719 0.05129835896997532
v -0.13556399410520822 -0.07213872727272719 -0.00016631818181808006
v -0.12962791919191918 -0.07213872727272719 -0.006373998041260534
v -0.13039945920361778 -0.07213872727272719 0.05354285353535361
v -0.12962791919191918 -0.0730615938132438 0.05354285353535361
v -0.12962791919191918 -0.07213872727272719 0.05428320075122885
v -0.12330460606060606 -0.07213872727272719 -0.010125921846434282
v -0.12330460606060606 -0.07848125808185319 0.05354285353535361
v -0.12330460606060606 -0.07213872727272719 0.058127373756300005
v -0.11702041032770666 -0.07213872727272719 -0.013593611111111029
v -0.11698129292929292 -0.07213872727272719 -0.013629319642321567
v -0.11698129292929292 -0.0831519410832753 0.05354285353535361
v -0.11698129292929292 -0.07213872727272719 0.06078221794536669
v -0.11065797979797978 -0.07213872727272719 -0.018498234369334957
v -0.11065797979797978 -0.07213872727272719 0.06332447857110893
v -0.10433466666666665 -0.08036860995815297 -0.02702090404040397
v -0.10433466666666665 -0.07213872727272719 -0.023576769067872247
v -0.10433466666666665 -0.07213872727272719 0.06611203848747503
v -0.10015978607020501 -0.07213872727272719 -0.02702090404040397
v -0.09801135353535351 -0.07213872727272719 -0.028819553129516787
v -0.1024493288770236 -0.07213872727272719 0.06697014646464655
v -0.09801135353535351 -0.07617412331402736 0.06697014646464655
v -0.09801135353535351 -0.07213872727272719 0.06939135746170058
v -0.09168804040404037 -0.07213872727272719 -0.033745282088440576
v -0.09168804040404037 -0.0828015089418004 0.06697014646464655
v -0.09168804040404037 -0.07213872727272719 0.07305424759159358
v -0.08536472727272727 -0.07588428260269744 -0.04044819696969691
v -0.08536472727272727 -0.07213872727272719 -0.03839582527128377
v -0.08536472727272727 -0.07213872727272719 0.07692626808305947
v -0.08257283463200922 -0.07213872727272719 -0.04044819696969691
v -0.07904141414141413 -0.07213872727272719 -0.04264761724762668
v -0.07999582415431332 -0.07213872727272719 0.08039743939393956
v -0.07904141414141413 -0.07317855244547172 0.08039743939393956
v -0.07904141414141413 -0.07213872727272719 0.08101074506816423
v -0.072718101010101 -0.07213872727272719 -0.04607325664952118
v -0.072718101010101 -0.08028235726612364 0.08039743939393956
v -0.072718101010101 -0.07213872727272719 0.08506841132295745
v -0.06639478787878786 -0.07213872727272719 -0.04915084269192548
v -0.06639478787878786 -0.07213872727272719 0.08930552336062439
v -0.06007147474747472 -0.08061298079528946 -0.05387548989898977
v -0.06007147474747472 -0.07213872727272719 -0.05205026095184841
v -0.06007147474747472 -0.07213872727272719 0.09353201356840063
v -0.05654354977024911 -0.07213872727272719 -0.05387548989898977
v -0.05374816161616158 -0.07213872727272719 -0.05507779283265078
v -0.05966660600362299 -0.07213872727272719 0.09382473232323243
v -0.05374816161616158 -0.0782801018681465 0.09382473232323243
v -0.05374816161616158 -0.07213872727272719 0.09740084357476819
v -0.04742484848484848 -0.07213872727272719 -0.05783090710387368
v -0.04742484848484848 -0.08484516745618076 0.09382473232323243
v -0.04742484848484848 -0.07213872727272719 0.10101184630410241
v -0.04110153535353534 -0.07213872727272719 -0.06051217367799835
v -0.04110153535353534 -0.07213872727272719 0.10440370213116847
v -0.0347782222222222 -0.07213872727272719 -0.06353915956993918
v -0.03565096078904202 -0.07213872727272719 0.10725202525252531
v -0.0347782222222222 -0.07270297373329666 0.10725202525252531
v -0.0347782222222222 -0.07213872727272719 0.10757138773025529
v -0.028487878922779996 -0.07213872727272719 -0.06730278282828273
v -0.028454909090909065 -0.07213872727272719 -0.06731581513849091
v -0.028454909090909065 -0.07220206650779959 -0.06730278282828273
v -0.028454909090909065 -0.0769041596463036 0.10725202525252531
v -0.028454909090909065 -0.07213872727272719 0.10989197979404806
v -0.022131595959595927 -0.07213872727272719 -0.06999478082290739
v -0.022131595959595927 -0.08016048718452255 0.10725202525252531
v -0.022131595959595927 -0.07213872727272719 0.11165372665754156
v -0.015808282828282793 -0.07213872727272719 -0.07233805523942324
v -0.015808282828282793 -0.08220778776974728 0.10725202525252531
v -0.015808282828282793 -0.07213872727272719 0.11279998754033348
v -0.009484969696969688 -0.07213872727272719 -0.07359574166756158
v -0.009484969696969688 -0.08286087555996614 0.10725202525252531
v -0.009484969696969688 -0.07213872727272719 0.11377678640008104
v -0.003161656565656551 -0.07213872727272719 -0.07314422942859043
v -0.003161656565656551 -0.07924011008115153 0.10725202525252531
v -0.003161656565656551 -0.07213872727272719 0.11569415258816299
v 0.003161656565656586 -0.07213872727272719 -0.07240308656343565
v 0.003161656565656586 -0.0770631661709529 0.10725202525252531
v 0.003161656565656586 -0.07213872727272719 0.11472578774447212
v 0.009484969696969759 -0.07213872727272719 -0.07163823468741355
v 0.009484969696969759 -0.07739600786355182 0.10725202525252531
v 0.009484969696969759 -0.07213872727272719 0.11084368833236928
v 0.015808282828282862 -0.07213872727272719 -0.06966370139864775
v 0.015808282828282862 -0.07394775243983241 0.10725202525252531
v 0.015808282828282862 -0.07213872727272719 0.10832017068497696
v 0.02150365883268507 -0.07213872727272719 -0.06730278282828273
v 0.022131595959595962 -0.07213872727272719 -0.06665724979913759
v 0.019312829620079262 -0.07213872727272719 0.10725202525252531
v 0.022131595959595962 -0.07213872727272719 0.10527151916625016
v 0.028454909090909135 -0.07213872727272719 -0.06286229100796328
v 0.028454909090909135 -0.07213872727272719 0.10217090111629591
v 0.03477822222222224 -0.07213872727272719 -0.0597367885007994
v 0.03477822222222224 -0.08223104845742724 0.09382473232323243
v 0.03477822222222224 -0.07213872727272719 0.0990771911534769
v 0.04110153535353541 -0.07213872727272719 -0.05684225817478221
v 0.04110153535353541 -0.0756533456552544 0.09382473232323243
v 0.04110153535353541 -0.07213872727272719 0.0957118542703396
v 0.047424848484848514 -0.07213872727272719 -0.05406865497517478
v 0.04469710022874369 -0.07213872727272719 0.09382473232323243
v 0.047424848484848514 -0.07213872727272719 0.09190045767120521
v 0.04792858174850726 -0.07213872727272719 -0.05387548989898977
v 0.05374816161616162 -0.07213872727272719 -0.0509826182386909
v 0.05374816161616162 -0.07213872727272719 0.08793388816531081
v 0.06007147474747479 -0.07213872727272719 -0.04801937145286193
v 0.06007147474747479 -0.07914903733757765 0.08039743939393956
v 0.06007147474747479 -0.07213872727272719 0.08404370149283573
v 0.06639478787878789 -0.07213872727272719 -0.04505240619313243
v 0.06597730169852056 -0.07213872727272719 0.08039743939393956
v 0.06639478787878789 -0.07213872727272719 0.08011312301538613
v 0.07271810101010107 -0.07213872727272719 -0.04186640858397652
v 0.07271810101010107 -0.07213872727272719 0.07614568050969114
v 0.07537791553198384 -0.07213872727272719 -0.04044819696969691
v 0.07904141414141416 -0.07616123717637828 -0.04044819696969691
v 0.07904141414141416 -0.07213872727272719 -0.037985652153662224
v 0.07904141414141416 -0.08272182574489625 0.06697014646464655
v 0.07904141414141416 -0.07213872727272719 0.07244430387759573
v 0.08536472727272734 -0.08491049062594684 -0.04044819696969691
v 0.08536472727272734 -0.07213872727272719 -0.033551909328939936
v 0.08536472727272734 -0.0755768925620557 0.06697014646464655
v 0.08536472727272734 -0.07213872727272719 0.06884544084506711
v 0.09168804040404044 -0.07213872727272719 -0.028965046544959887
v 0.0888597356796784 -0.07213872727272719 0.06697014646464655
v 0.09168804040404044 -0.07213872727272719 0.06552767547076482
v 0.09423738747764691 -0.07213872727272719 -0.02702090404040397
v 0.09801135353535355 -0.07761314675434297 -0.02702090404040397
v 0.09801135353535355 -0.07213872727272719 -0.0239236754003911
v 0.09801135353535355 -0.07213872727272719 0.06269386581220415
v 0.10433466666666671 -0.07213872727272719 -0.019109692588833174
v 0.10433466666666671 -0.08455420366320153 0.05354285353535361
v 0.10433466666666671 -0.07213872727272719 0.060228028375286666
v 0.11065797979797981 -0.07213872727272719 -0.014630714791868924
v 0.11065797979797981 -0.08000323121638325 0.05354285353535361
v 0.11065797979797981 -0.07213872727272719 0.05816711418011977
v 0.11206118670271016 -0.07213872727272719 -0.013593611111111029
v 0.11698129292929299 -0.08243133264298756 -0.013593611111111029
v 0.11698129292929299 -0.07213872727272719 -0.010935471740607624
v 0.11698129292929299 -0.07644913088206062 0.05354285353535361
v 0.11698129292929299 -0.07213872727272719 0.05636326331882191
v 0.12330460606060609 -0.07213872727272719 -0.0077978219710175675
v 0.12330460606060609 -0.07319893889635751 0.05354285353535361
v 0.12330460606060609 -0.07213872727272719 0.05430960881182416
v 0.12962791919191927 -0.07213872727272719 -0.004252441402883529
v 0.1246190475030914 -0.07213872727272719 0.05354285353535361
v 0.12962791919191927 -0.07213872727272719 0.05206308901058922
v 0.1335783906596662 -0.07213872727272719 -0.00016631818181808006
v 0.13595123232323236 -0.07213872727272719 0.0007743649262263938
v 0.13595123232323236 -0.08253849495719036 0.04011556060606067
v 0.13595123232323236 -0.07213872727272719 0.04986830749723642
v 0.14227454545454546 -0.07213872727272719 0.005051168971723625
v 0.14227454545454546 -0.07617599044816856 0.013260974747474862
v 0.14227454545454546 -0.08467481038413074 0.026688267676767803
v 0.14227454545454546 -0.07634295723699112 0.04011556060606067
v 0.14227454545454546 -0.07213872727272719 0.045083207985434096
v 0.14496112774414954 -0.07213872727272719 0.013260974747474862
v 0.14859785858585864 -0.07213872727272719 0.024577039800933356
v 0.14859785858585864 -0.07323871138406678 0.026688267676767803
v 0.14421363732325526 -0.07213872727272719 0.04011556060606067
v 0.14859785858585864 -0.07213872727272719 0.030366615070606666
v 0.1488343138571713 -0.07213872727272719 0.026688267676767803
v -0.15182832275513697 -0.05844454545454536 0.026688267676767803
v -0.14859785858585858 -0.05844454545454536 0.01396045724545939
v -0.150558138995056 -0.05844454545454536 0.04011556060606067
v -0.14859785858585858 -0.06775323674082702 0.04011556060606067
v -0.14859785858585858 -0.05844454545454536 0.04968971035687985
v -0.14676651503868948 -0.05844454545454536 0.013260974747474862
v -0.14227454545454543 -0.05844454545454536 0.005532254101778257
v -0.1425666725224815 -0.05844454545454536 0.05354285353535361
v -0.14227454545454543 -0.059192246905013846 0.05354285353535361
v -0.14227454545454543 -0.05844454545454536 0.05417473998223568
v -0.1359512323232323 -0.05844454545454536 0.0014657224951562207
v -0.1359512323232323 -0.06726872092197408 0.05354285353535361
v -0.1359512323232323 -0.05844454545454536 0.060044548597545
v -0.13230663696977407 -0.05844454545454536 -0.00016631818181808006
v -0.12962791919191918 -0.05844454545454536 -0.0025391689448496972
v -0.12962791919191918 -0.05844454545454536 0.06302130435025402
v -0.12330460606060606 -0.05844454545454536 -0.006320140964355333
v -0.12330460606060606 -0.05844454545454536 0.06507342216843028
v -0.11698129292929292 -0.07201960330066105 -0.013593611111111029
v -0.11698129292929292 -0.05844454545454536 -0.00964412462586152
v -0.1177945201390558 -0.05844454545454536 0.06697014646464655
v -0.11698129292929292 -0.05920265305918964 0.06697014646464655
v -0.11698129292929292 -0.05844454545454536 0.06741368449960977
v -0.11065797979797978 -0.05919295015018158 -0.013593611111111029
v -0.11065797979797978 -0.05844454545454536 -0.013287614712697819
v -0.11065797979797978 -0.06439885535560494 0.06697014646464655
v -0.11065797979797978 -0.05844454545454536 0.07025211529140366
v -0.11015426192389863 -0.05844454545454536 -0.013593611111111029
v -0.10433466666666665 -0.05844454545454536 -0.017698382771206608
v -0.10433466666666665 -0.07035516042589976 0.06697014646464655
v -0.10433466666666665 -0.05844454545454536 0.07329578412386542
v -0.09801135353535351 -0.0677700092809996 -0.02702090404040397
v -0.09801135353535351 -0.05844454545454536 -0.022382032942335234
v -0.09801135353535351 -0.05844454545454536 0.07662483853113615
v -0.09213857748901291 -0.05844454545454536 -0.02702090404040397
v -0.09168804040404037 -0.05844454545454536 -0.02736171514571717
v -0.09168804040404037 -0.05844454545454536 0.08019485797117172
v -0.08536472727272727 -0.05844454545454536 -0.032218209507020944
v -0.09135287119554998 -0.05844454545454536 0.08039743939393956
v -0.08536472727272727 -0.06535752017304347 0.08039743939393956
v -0.08536472727272727 -0.05844454545454536 0.0840982092853128
v -0.07904141414141413 -0.06600266285365702 -0.04044819696969691
v -0.07904141414141413 -0.05844454545454536 -0.036809706135743206
v -0.07904141414141413 -0.05844454545454536 0.08812536669974544
v -0.07397914907362485 -0.05844454545454536 -0.04044819696969691
v -0.072718101010101 -0.05844454545454536 -0.04121275942268714
v -0.072718101010101 -0.05844454545454536 0.09236332961499535
v -0.06639478787878786 -0.05844454545454536 -0.04521749866552293
v -0.07067286341526663 -0.05844454545454536 0.09382473232323243
v -0.06639478787878786 -0.06360409538074135 0.09382473232323243
v -0.06639478787878786 -0.05844454545454536 0.09657363993795386
v -0.06007147474747472 -0.05844454545454536 -0.04891432884831014
v -0.06007147474747472 -0.0715793368356252 0.09382473232323243
v -0.06007147474747472 -0.05844454545454536 0.10060992241181263
v -0.05374816161616158 -0.06411938350440365 -0.05387548989898977
v -0.05374816161616158 -0.05844454545454536 -0.0526640566888328
v -0.05374816161616158 -0.05844454545454536 0.10468922834084206
v -0.051894332951585374 -0.05844454545454536 -0.05387548989898977
v -0.04742484848484848 -0.05844454545454536 -0.05612031624396778
v -0.04977702162752485 -0.05844454545454536 0.10725202525252531
v -0.04742484848484848 -0.060697143067489995 0.10725202525252531
v -0.04742484848484848 -0.05844454545454536 0.10841040091375476
v -0.04110153535353534 -0.05844454545454536 -0.05954550807246697
v -0.04110153535353534 -0.0669225455804019 0.10725202525252531
v -0.04110153535353534 -0.05844454545454536 0.11145821368076451
v -0.0347782222222222 -0.05844454545454536 -0.06308352287029087
v -0.0347782222222222 -0.05844454545454536 0.11408536794111902
v -0.028454909090909065 -0.07004500951942778 -0.06730278282828273
v -0.028454909090909065 -0.05844454545454536 -0.06717390276818216
v -0.028454909090909065 -0.05844454545454536 0.1161883852999064
v -0.028319263074363363 -0.05844454545454536 -0.06730278282828273
v -0.022131595959595927 -0.05844454545454536 -0.0700890662437808
v -0.022131595959595927 -0.05844454545454536 0.11771658195632972
v -0.015808282828282793 -0.05844454545454536 -0.07239039762736567
v -0.015808282828282793 -0.05844454545454536 0.11844175441636638
v -0.009484969696969688 -0.05844454545454536 -0.07355472773620177
v -0.009484969696969688 -0.05844454545454536 0.11780340246195295
v -0.003161656565656551 -0.05844454545454536 -0.0723458816826812
v -0.003161656565656551 -0.05844454545454536 0.11244118058636497
v 0.003161656565656586 -0.05844454545454536 -0.07158737386515063
v 0.003161656565656586 -0.05844454545454536 0.11113330650983458
v 0.009484969696969759 -0.05844454545454536 -0.07139062344066656
v 0.009484969696969759 -0.05844454545454536 0.11413932782313035
v 0.015808282828282862 -0.05844454545454536 -0.06929642857991555
v 0.015808282828282862 -0.05844454545454536 0.1135977204159069
v 0.020637284590916547 -0.05844454545454536 -0.06730278282828273
v 0.022131595959595962 -0.05844454545454536 -0.06559562581310607
v 0.022131595959595962 -0.06878812433883665 0.10725202525252531
v 0.022131595959595962 -0.05844454545454536 0.11177658828703757
v 0.028454909090909135 -0.05844454545454536 -0.061434965974277035
v 0.028454909090909135 -0.06290521903347725 0.10725202525252531
v 0.028454909090909135 -0.05844454545454536 0.1093451887758557
v 0.03477822222222224 -0.05844454545454536 -0.05804947211791816
v 0.03336353873817276 -0.05844454545454536 0.10725202525252531
v 0.03477822222222224 -0.05844454545454536 0.10618618753743389
v 0.04110153535353541 -0.05844454545454536 -0.054858390523685324
v 0.04110153535353541 -0.05844454545454536 0.10246284935986404
v 0.043197703387227254 -0.05844454545454536 -0.05387548989898977
v 0.047424848484848514 -0.07082242487591422 -0.05387548989898977
v 0.047424848484848514 -0.05844454545454536 -0.051086052963058126
v 0.047424848484848514 -0.06854038986259176 0.09382473232323243
v 0.047424848484848514 -0.05844454545454536 0.09887179148637218
v 0.05374816161616162 -0.05844454545454536 -0.047348831047660765
v 0.05374816161616162 -0.06114732153058025 0.09382473232323243
v 0.05374816161616162 -0.05844454545454536 0.09522766267556539
v 0.06007147474747479 -0.05844454545454536 -0.0438121578409891
v 0.05624450393668231 -0.05844454545454536 0.09382473232323243
v 0.06007147474747479 -0.05844454545454536 0.0912109487814747
v 0.06603601449013113 -0.05844454545454536 -0.04044819696969691
v 0.06639478787878789 -0.05895637212961503 -0.04044819696969691
v 0.06639478787878789 -0.05844454545454536 -0.04018675055315312
v 0.06639478787878789 -0.07156845524424672 0.08039743939393956
v 0.06639478787878789 -0.05844454545454536 0.08717136940991238
v 0.07271810101010107 -0.06810080370645351 -0.04044819696969691
v 0.07271810101010107 -0.05844454545454536 -0.03569454148205901
v 0.07271810101010107 -0.06357270149427692 0.08039743939393956
v 0.07271810101010107 -0.05844454545454536 0.08309110799767153
v 0.07904141414141416 -0.05844454545454536 -0.03128574341049024
v 0.07730227222719471 -0.05844454545454536 0.08039743939393956
v 0.07904141414141416 -0.05844454545454536 0.07931234712953161
v 0.08500489947885004 -0.05844454545454536 -0.02702090404040397
v 0.08536472727272734 -0.05891594078761529 -0.02702090404040397
v 0.08536472727272734 -0.05844454545454536 -0.02670611451163658
v 0.08536472727272734 -0.05844454545454536 0.07562922777560521
v 0.09168804040404044 -0.0679172983530696 -0.02702090404040397
v 0.09168804040404044 -0.05844454545454536 -0.021520666648906842
v 0.09168804040404044 -0.06893328011770819 0.06697014646464655
v 0.09168804040404044 -0.05844454545454536 0.07219936283497193
v 0.09801135353535355 -0.05844454545454536 -0.016988336740454107
v 0.09801135353535355 -0.06304292523612055 0.06697014646464655
v 0.09801135353535355 -0.05844454545454536 0.06937777554629189
v 0.10282472266599438 -0.05844454545454536 -0.013593611111111029
v 0.10433466666666671 -0.060329654433122465 -0.013593611111111029
v 0.10433466666666671 -0.05844454545454536 -0.012552154296423979
v 0.10403581834602754 -0.05844454545454536 0.06697014646464655
v 0.10433466666666671 -0.05844454545454536 0.06686389246174831
v 0.11065797979797981 -0.06941949515929495 -0.013593611111111029
v 0.11065797979797981 -0.05844454545454536 -0.008893346238567908
v 0.11065797979797981 -0.05844454545454536 0.06487647055805977
v 0.11698129292929299 -0.05844454545454536 -0.00588678143194612
v 0.11698129292929299 -0.05844454545454536 0.06323111518058924
v 0.12330460606060609 -0.05844454545454536 -0.0030650023983430728
v 0.12330460606060609 -0.05844454545454536 0.06193292336071703
v 0.1284580888591761 -0.05844454545454536 -0.00016631818181808006
v 0.12962791919191927 -0.059730291952681785 -0.00016631818181808006
v 0.12962791919191927 -0.05844454545454536 0.00022766758657648788
v 0.12962791919191927 -0.06891454954474566 0.05354285353535361
v 0.12962791919191927 -0.05844454545454536 0.060436291991862824
v 0.13595123232323236 -0.05844454545454536 0.0029448571748283917
v 0.13595123232323236 -0.06423807753311629 0.05354285353535361
v 0.13595123232323236 -0.05844454545454536 0.057821838080654914
v 0.14227454545454546 -0.05844454545454536 0.0068760515673525115
v 0.1405816936185616 -0.05844454545454536 0.05354285353535361
v 0.14227454545454546 -0.05844454545454536 0.05307007962596811
v 0.14602095256930447 -0.05844454545454536 0.013260974747474862
v 0.14859785858585864 -0.05844454545454536 0.014241450680629517
v 0.14859785858585864 -0.06706382605265786 0.04011556060606067
v 0.14859785858585864 -0.05844454545454536 0.049006571659190167
v 0.15176176058915125 -0.05844454545454536 0.026688267676767803
v 0.15041360855698238 -0.05844454545454536 0.04011556060606067
v -0.15201095872253173 -0.0447503636363636 0.026688267676767803
v -0.14859785858585858 -0.0447503636363636 0.016237256246442
v -0.15254312181203933 -0.0447503636363636 0.04011556060606067
v -0.1493538881700176 -0.0447503636363636 0.05354285353535361
v -0.14859785858585858 -0.04812872300850829 0.05354285353535361
v -0.14859785858585858 -0.0447503636363636 0.05647823145992578
v -0.143769716029102 -0.0447503636363636 0.013260974747474862
v -0.14227454545454543 -0.0447503636363636 0.01085689254956848
v -0.14227454545454543 -0.0447503636363636 0.06357959942399401
v -0.1359512323232323 -0.0447503636363636 0.0056004912019642335
v -0.1359512323232323 -0.0447503636363636 0.06642786518314586
v -0.12962791919191918 -0.05197620719627255 -0.00016631818181808006
v -0.12962791919191918 -0.0447503636363636 0.002281774662491064
v -0.13414883175775574 -0.0447503636363636 0.06697014646464655
v -0.12962791919191918 -0.049693242767082896 0.06697014646464655
v -0.12962791919191918 -0.0447503636363636 0.06987389615226446
v -0.12420527639542629 -0.0447503636363636 -0.00016631818181808006
v -0.12330460606060606 -0.0447503636363636 -0.0007790624283767608
v -0.12330460606060606 -0.05440993744967445 0.06697014646464655
v -0.12330460606060606 -0.0447503636363636 0.07255627012390665
v -0.11698129292929292 -0.0447503636363636 -0.004259120375170313
v -0.11698129292929292 -0.0447503636363636 0.07483534199259606
v -0.11065797979797978 -0.0447503636363636 -0.007807503896654659
v -0.11065797979797978 -0.0447503636363636 0.07726312098486537
v -0.10433466666666665 -0.048527245208020924 -0.013593611111111029
v -0.10433466666666665 -0.0447503636363636 -0.011839011052889198
v -0.10433466666666665 -0.0447503636363636 0.08006855767958382
v -0.1018739807939981 -0.0447503636363636 -0.013593611111111029
v -0.09801135353535351 -0.0447503636363636 -0.01638014995616372
v -0.1036453974890159 -0.0447503636363636 0.08039743939393956
v -0.09801135353535351 -0.050666442263971836 0.08039743939393956
v -0.09801135353535351 -0.0447503636363636 0.08340869761082231
v -0.09168804040404037 -0.05757986013446241 -0.02702090404040397
v -0.09168804040404037 -0.0447503636363636 -0.02116795993372616
v -0.09168804040404037 -0.05802536599422126 0.08039743939393956
v -0.09168804040404037 -0.0447503636363636 0.087012632806618
v -0.08536472727272727 -0.046031845411409034 -0.02702090404040397
v -0.08536472727272727 -0.0447503636363636 -0.026362788951892244
v -0.08536472727272727 -0.0447503636363636 0.09107795771550412
v -0.08461178493789363 -0.0447503636363636 -0.02702090404040397
v -0.07904141414141413 -0.0447503636363636 -0.03137077219641415
v -0.0810577621251864 -0.0447503636363636 0.09382473232323243
v -0.07904141414141413 -0.047243679504830466 0.09382473232323243
v -0.07904141414141413 -0.0447503636363636 0.09509346395659406
v -0.072718101010101 -0.05586218133771116 -0.04044819696969691
v -0.072718101010101 -0.0447503636363636 -0.036413741897146995
v -0.072718101010101 -0.05572613261869598 0.09382473232323243
v -0.072718101010101 -0.0447503636363636 0.09938632989883478
v -0.06797792347002005 -0.0447503636363636 -0.04044819696969691
v -0.06639478787878786 -0.0447503636363636 -0.04154678671268554
v -0.06639478787878786 -0.0447503636363636 0.1033819846356616
v -0.06007147474747472 -0.0447503636363636 -0.04574746806273183
v -0.06072103053873711 -0.0447503636363636 0.10725202525252531
v -0.06007147474747472 -0.04554987617569648 0.10725202525252531
v -0.06007147474747472 -0.0447503636363636 0.10763142730302289
v -0.05374816161616158 -0.0447503636363636 -0.04984057458273665
v -0.05374816161616158 -0.053418693405184715 0.10725202525252531
v -0.05374816161616158 -0.0447503636363636 0.11121034170511197
v -0.04818182069692594 -0.0447503636363636 -0.05387548989898977
v -0.04742484848484848 -0.0447503636363636 -0.054295535022964844
v -0.04742484848484848 -0.0447503636363636 0.11450625168204494
v -0.04110153535353534 -0.0447503636363636 -0.057958326168866175
v -0.04110153535353534 -0.0447503636363636 0.11754608958622978
v -0.0347782222222222 -0.0447503636363636 -0.061798689668421565
v -0.0347782222222222 -0.0447503636363636 0.12043828922725577
v -0.028454909090909065 -0.0447503636363636 -0.06647567719689497
v -0.034323481471522206 -0.0447503636363636 0.12067931818181832
v -0.028454909090909065 -0.04900405784991585 0.12067931818181832
v -0.028454909090909065 -0.0447503636363636 0.12257779102045395
v -0.02769239002335077 -0.0447503636363636 -0.06730278282828273
v -0.022131595959595927 -0.0447503636363636 -0.06993610674615064
v -0.022131595959595927 -0.05250206150829482 0.12067931818181832
v -0.022131595959595927 -0.0447503636363636 0.12421858047949091
v -0.015808282828282793 -0.0447503636363636 -0.07249661706035114
v -0.015808282828282793 -0.05449909038577515 0.12067931818181832
v -0.015808282828282793 -0.0447503636363636 0.12551990978692312
v -0.009484969696969688 -0.0447503636363636 -0.07361330946615104
v -0.009484969696969688 -0.054762970875585584 0.12067931818181832
v -0.009484969696969688 -0.0447503636363636 0.12696871416656516
v -0.003161656565656551 -0.0447503636363636 -0.07188404167011839
v -0.003161656565656551 -0.05299878277286211 0.12067931818181832
v -0.003161656565656551 -0.0447503636363636 0.13032405078493658
v 0.003161656565656586 -0.0447503636363636 -0.07113743594566281
v 0.003161656565656586 -0.0510061518171678 0.12067931818181832
v 0.003161656565656586 -0.0447503636363636 0.1294065333550349
v 0.009484969696969759 -0.0447503636363636 -0.07135039574411106
v 0.009484969696969759 -0.04887617357303488 0.12067931818181832
v 0.009484969696969759 -0.0447503636363636 0.12376103542320611
v 0.015808282828282862 -0.0447503636363636 -0.06912788406780354
v 0.015808282828282862 -0.04490100169448015 0.12067931818181832
v 0.015808282828282862 -0.0447503636363636 0.12076363167348118
v 0.020041859971112574 -0.0447503636363636 -0.06730278282828273
v 0.022131595959595962 -0.0447503636363636 -0.06461194826141231
v 0.01613526260042108 -0.0447503636363636 0.12067931818181832
v 0.022131595959595962 -0.0447503636363636 0.11765972576007983
v 0.028454909090909135 -0.0447503636363636 -0.0599883816309799
v 0.028454909090909135 -0.0447503636363636 0.11501326141410362
v 0.03477822222222224 -0.0447503636363636 -0.05624181928108502
v 0.03477822222222224 -0.05639566928062067 0.10725202525252531
v 0.03477822222222224 -0.0447503636363636 0.11222201653520412
v 0.0391087559787746 -0.0447503636363636 -0.05387548989898977
v 0.04110153535353541 -0.05198975115770079 -0.05387548989898977
v 0.04110153535353541 -0.0447503636363636 -0.05222042910438892
v 0.04110153535353541 -0.04910010605680998 0.10725202525252531
v 0.04110153535353541 -0.0447503636363636 0.10921066052713414
v 0.047424848484848514 -0.0447503636363636 -0.047812825337619
v 0.045126884838816196 -0.0447503636363636 0.10725202525252531
v 0.047424848484848514 -0.0447503636363636 0.10566785745001293
v 0.05374816161616162 -0.0447503636363636 -0.04373843486257746
v 0.05374816161616162 -0.0447503636363636 0.1018753003846192
v 0.05898018155221732 -0.0447503636363636 -0.04044819696969691
v 0.06007147474747479 -0.046982249061145835 -0.04044819696969691
v 0.06007147474747479 -0.0447503636363636 -0.03955872517659743
v 0.06007147474747479 -0.053434672531375765 0.09382473232323243
v 0.06007147474747479 -0.0447503636363636 0.09810322001641125
v 0.06639478787878789 -0.0447503636363636 -0.034747944030906266
v 0.06639478787878789 -0.04581017396428186 0.09382473232323243
v 0.06639478787878789 -0.0447503636363636 0.09436245151338074
v 0.07271810101010107 -0.0447503636363636 -0.03008414193643935
v 0.06734275273956042 -0.0447503636363636 0.09382473232323243
v 0.07271810101010107 -0.0447503636363636 0.09034994620613052
v 0.07704974918087582 -0.0447503636363636 -0.02702090404040397
v 0.07904141414141416 -0.04798715362875531 -0.02702090404040397
v 0.07904141414141416 -0.0447503636363636 -0.025307007313096895
v 0.07904141414141416 -0.0563683804359395 0.08039743939393956
v 0.07904141414141416 -0.0447503636363636 0.08646991458637943
v 0.08536472727272734 -0.0447503636363636 -0.020166324015643923
v 0.08536472727272734 -0.04932929166834214 0.08039743939393956
v 0.08536472727272734 -0.0447503636363636 0.0828275106999499
v 0.09168804040404044 -0.0447503636363636 -0.015403581822220423
v 0.08987499839857999 -0.0447503636363636 0.08039743939393956
v 0.09168804040404044 -0.0447503636363636 0.07940794097435022
v 0.09423172860498216 -0.0447503636363636 -0.013593611111111029
v 0.09801135353535355 -0.050450814236643576 -0.013593611111111029
v 0.09801135353535355 -0.0447503636363636 -0.010664924806611537
v 0.09801135353535355 -0.0447503636363636 0.0762549354812614
v 0.10433466666666671 -0.0447503636363636 -0.006257047932654082
v 0.10433466666666671 -0.058224959859637666 0.06697014646464655
v 0.10433466666666671 -0.0447503636363636 0.07382185889542718
v 0.11065797979797981 -0.0447503636363636 -0.002849136136014693
v 0.11065797979797981 -0.05411284433396471 0.06697014646464655
v 0.11065797979797981 -0.0447503636363636 0.0718804109331463
v 0.11633640922343441 -0.0447503636363636 -0.00016631818181808006
v 0.11698129292929299 -0.0452724893028348 -0.00016631818181808006
v 0.11698129292929299 -0.0447503636363636 9.048671912503109e-05
v 0.11698129292929299 -0.050757088400855854 0.06697014646464655
v 0.11698129292929299 -0.0447503636363636 0.07025826774854027
v 0.12330460606060609 -0.05123471867176645 -0.00016631818181808006
v 0.12330460606060609 -0.0447503636363636 0.0025362515365408463
v 0.12330460606060609 -0.0476934134915511 0.06697014646464655
v 0.12330460606060609 -0.0447503636363636 0.06867828818445654
v 0.12962791919191927 -0.0447503636363636 0.004871675123639559
v 0.1280872112584362 -0.0447503636363636 0.06697014646464655
v 0.12962791919191927 -0.0447503636363636 0.06665784022222598
v 0.13595123232323236 -0.0447503636363636 0.007803599796810295
v 0.13595123232323236 -0.0447503636363636 0.06486463763378156
v 0.14227454545454546 -0.0447503636363636 0.013010499877819062
v 0.14227454545454546 -0.057177481353834395 0.05354285353535361
v 0.14227454545454546 -0.0447503636363636 0.06231452824449853
v 0.1424312857768767 -0.0447503636363636 0.013260974747474862
v 0.14859785858585864 -0.0447503636363636 0.017074133055572
v 0.14859785858585864 -0.04627962103010251 0.05354285353535361
v 0.14859785858585864 -0.0447503636363636 0.05486747916740779
v 0.15175117548977166 -0.0447503636363636 0.026688267676767803
v 0.15247329195700557 -0.0447503636363636 0.04011556060606067
v 0.14893869596062212 -0.0447503636363636 0.05354285353535361
v -0.15565618360596556 -0.031056181818181774 0.04011556060606067
v -0.1549211717171717 -0.031056181818181774 0.03329229401152623
v -0.1549211717171717 -0.03326820505097007 0.04011556060606067
v -0.1549211717171717 -0.031056181818181774 0.04670182922528972
v -0.15075213240553378 -0.031056181818181774 0.026688267676767803
v -0.14859785858585858 -0.031056181818181774 0.021149719504881058
v -0.15350311384949608 -0.031056181818181774 0.05354285353535361
v -0.14859785858585858 -0.031056181818181774 0.0652279984049222
v -0.14227454545454543 -0.03890016445018796 0.013260974747474862
v -0.14227454545454543 -0.031056181818181774 0.015383827416101075
v -0.14378484796436167 -0.031056181818181774 0.06697014646464655
v -0.14227454545454543 -0.035004816167197805 0.06697014646464655
v -0.14227454545454543 -0.031056181818181774 0.06927744252709042
v -0.13786340144001724 -0.031056181818181774 0.013260974747474862
v -0.1359512323232323 -0.031056181818181774 0.011427653458882284
v -0.1359512323232323 -0.04328347549940177 0.06697014646464655
v -0.1359512323232323 -0.031056181818181774 0.07352330203124893
v -0.12962791919191918 -0.031056181818181774 0.007631027714148952
v -0.12962791919191918 -0.031056181818181774 0.07634375183359486
v -0.12330460606060606 -0.04325313794692729 -0.00016631818181808006
v -0.12330460606060606 -0.031056181818181774 0.004782183339793227
v -0.12330460606060606 -0.031056181818181774 0.07859570874388311
v -0.11698129292929292 -0.03498108510150108 -0.00016631818181808006
v -0.11698129292929292 -0.031056181818181774 0.0015498612750034294
v -0.1182837227797834 -0.031056181818181774 0.08039743939393956
v -0.11698129292929292 -0.03244444474541682 0.08039743939393956
v -0.11698129292929292 -0.031056181818181774 0.08109955866083184
v -0.1138114815412894 -0.031056181818181774 -0.00016631818181808006
v -0.11065797979797978 -0.031056181818181774 -0.0021413483868237423
v -0.11065797979797978 -0.038211455101703234 0.08039743939393956
v -0.11065797979797978 -0.031056181818181774 0.08403518522766786
v -0.10433466666666665 -0.031056181818181774 -0.006221502287194165
v -0.10433466666666665 -0.04409653522265565 0.08039743939393956
v -0.10433466666666665 -0.031056181818181774 0.08707812247555236
v -0.09801135353535351 -0.037587136720144104 -0.013593611111111029
v -0.09801135353535351 -0.031056181818181774 -0.010799587355453211
v -0.09801135353535351 -0.031056181818181774 0.09055645019178171
v -0.09486441254616021 -0.031056181818181774 -0.013593611111111029
v -0.09168804040404037 -0.031056181818181774 -0.016160673258470638
v -0.09248920283201827 -0.031056181818181774 0.09382473232323243
v -0.09168804040404037 -0.03198641046852583 0.09382473232323243
v -0.09168804040404037 -0.031056181818181774 0.09431229874943693
v -0.08536472727272727 -0.031056181818181774 -0.02142140861291356
v -0.08536472727272727 -0.039499775054442014 0.09382473232323243
v -0.08536472727272727 -0.031056181818181774 0.0981890409817491
v -0.07904141414141413 -0.031424486907464265 -0.02702090404040397
v -0.07904141414141413 -0.031056181818181774 -0.02688678678040822
v -0.07904141414141413 -0.031056181818181774 0.1021796144663038
v -0.07890121391982821 -0.031056181818181774 -0.02702090404040397
v -0.072718101010101 -0.031056181818181774 -0.03212678595237007
v -0.072718101010101 -0.031056181818181774 0.10653916299725855
v -0.06639478787878786 -0.040749008875659104 -0.04044819696969691
v -0.06639478787878786 -0.031056181818181774 -0.0372237309873613
v -0.07165626068850643 -0.031056181818181774 0.10725202525252531
v -0.06639478787878786 -0.03729700469525769 0.10725202525252531
v -0.06639478787878786 -0.031056181818181774 0.11033537797022192
v -0.06262639657816692 -0.031056181818181774 -0.04044819696969691
v -0.06007147474747472 -0.031056181818181774 -0.04227176053399381
v -0.06007147474747472 -0.031056181818181774 0.11391696634077679
v -0.05374816161616158 -0.031056181818181774 -0.046939880727626025
v -0.05374816161616158 -0.031056181818181774 0.11725281224621202
v -0.04742484848484848 -0.04187686086618519 -0.05387548989898977
v -0.04742484848484848 -0.031056181818181774 -0.051861398440930254
v -0.04742484848484848 -0.031056181818181774 0.12064580679509687
v -0.04516748904773402 -0.031056181818181774 -0.05387548989898977
v -0.04110153535353534 -0.031056181818181774 -0.05649029586927731
v -0.047364144261514925 -0.031056181818181774 0.12067931818181832
v -0.04110153535353534 -0.03750371568442728 0.12067931818181832
v -0.04110153535353534 -0.031056181818181774 0.12316125994841524
v -0.0347782222222222 -0.031056181818181774 -0.06083295572004457
v -0.0347782222222222 -0.04420665429553643 0.12067931818181832
v -0.0347782222222222 -0.031056181818181774 0.12539697304487907
v -0.028454909090909065 -0.031056181818181774 -0.06593755088512238
v -0.028454909090909065 -0.031056181818181774 0.12710130947695755
v -0.027165327893463275 -0.031056181818181774 -0.06730278282828273
v -0.022131595959595927 -0.031056181818181774 -0.06965547512199362
v -0.022131595959595927 -0.031056181818181774 0.12822287690660827
v -0.015808282828282793 -0.031056181818181774 -0.07235967269901239
v -0.015808282828282793 -0.031056181818181774 0.12868171925179592
v -0.009484969696969688 -0.031056181818181774 -0.07366016811766857
v -0.009484969696969688 -0.031056181818181774 0.12856974669553664
v -0.003161656565656551 -0.031056181818181774 -0.07254228728420643
v -0.003161656565656551 -0.031056181818181774 0.1281741558879705
v 0.003161656565656586 -0.031056181818181774 -0.0717531301272266
v 0.003161656565656586 -0.031056181818181774 0.127350038868488
v 0.009484969696969759 -0.031056181818181774 -0.07139743747075535
v 0.009484969696969759 -0.031056181818181774 0.12614531484469152
v 0.015808282828282862 -0.031056181818181774 -0.06899457204137843
v 0.015808282828282862 -0.031056181818181774 0.1247988975765219
v 0.01961455415132738 -0.031056181818181774 -0.06730278282828273
v 0.022131595959595962 -0.031056181818181774 -0.06400928209514226
v 0.022131595959595962 -0.03804846018538792 0.12067931818181832
v 0.022131595959595962 -0.031056181818181774 0.12304984588928175
v 0.028454909090909135 -0.031056181818181774 -0.059220987407501036
v 0.028454909090909135 -0.0316301510589172 0.12067931818181832
v 0.028454909090909135 -0.031056181818181774 0.12088422165882395
v 0.03477822222222224 -0.031056181818181774 -0.0549916988256726
v 0.029138265009819985 -0.031056181818181774 0.12067931818181832
v 0.03477822222222224 -0.031056181818181774 0.11779076043423521
v 0.03669279511078474 -0.031056181818181774 -0.05387548989898977
v 0.04110153535353541 -0.031056181818181774 -0.050015445421286914
v 0.04110153535353541 -0.031056181818181774 0.11479698618555993
v 0.047424848484848514 -0.031056181818181774 -0.04533448242321154
v 0.047424848484848514 -0.04156633600308235 0.10725202525252531
v 0.047424848484848514 -0.031056181818181774 0.11173911875708262
v 0.05374816161616162 -0.031056181818181774 -0.0409281336813048
v 0.05374816161616162 -0.03392599135382801 0.10725202525252531
v 0.05374816161616162 -0.031056181818181774 0.10853437469913274
v 0.05447235675923911 -0.031056181818181774 -0.04044819696969691
v 0.06007147474747479 -0.031056181818181774 -0.035778829525401554
v 0.05631886131104106 -0.031056181818181774 0.10725202525252531
v 0.06007147474747479 -0.031056181818181774 0.10491477116938555
v 0.06639478787878789 -0.031056181818181774 -0.031002905464870993
v 0.06639478787878789 -0.031056181818181774 0.10117444343869458
v 0.07166004418361042 -0.031056181818181774 -0.02702090404040397
v 0.07271810101010107 -0.03403964941335206 -0.02702090404040397
v 0.07271810101010107 -0.031056181818181774 -0.025997379263688496
v 0.07271810101010107 -0.03833227452724397 0.09382473232323243
v 0.07271810101010107 -0.031056181818181774 0.0974835743219881
v 0.07904141414141416 -0.031056181818181774 -0.020336427133565052
v 0.07904141414141416 -0.03108735841197062 0.09382473232323243
v 0.07904141414141416 -0.031056181818181774 0.09384057679432137
v 0.08536472727272734 -0.031056181818181774 -0.015115960468649799
v 0.0790698455502327 -0.031056181818181774 0.09382473232323243
v 0.08536472727272734 -0.031056181818181774 0.0900450010634082
v 0.08730407680856418 -0.031056181818181774 -0.013593611111111029
v 0.09168804040404044 -0.03992148991781453 -0.013593611111111029
v 0.09168804040404044 -0.031056181818181774 -0.009771016310773274
v 0.09168804040404044 -0.04290879450516712 0.08039743939393956
v 0.09168804040404044 -0.031056181818181774 0.08659879978703137
v 0.09801135353535355 -0.031056181818181774 -0.004927754465652755
v 0.09801135353535355 -0.03696526390348935 0.08039743939393956
v 0.09801135353535355 -0.031056181818181774 0.08353193491257548
v 0.10433466666666671 -0.031056181818181774 -0.0008204851108775999
v 0.10433466666666671 -0.031888358347559646 0.08039743939393956
v 0.10433466666666671 -0.031056181818181774 0.0808268900691749
v 0.10541206060385945 -0.031056181818181774 -0.00016631818181808006
v 0.11065797979797981 -0.03798061702665405 -0.00016631818181808006
v 0.11065797979797981 -0.031056181818181774 0.002877049184155123
v 0.10536387717284924 -0.031056181818181774 0.08039743939393956
v 0.11065797979797981 -0.031056181818181774 0.07852185690441187
v 0.11698129292929299 -0.031056181818181774 0.005884930471676582
v 0.11698129292929299 -0.031056181818181774 0.07676480894640572
v 0.12330460606060609 -0.031056181818181774 0.008594490839673561
v 0.12330460606060609 -0.031056181818181774 0.07526877264493731
v 0.12962791919191927 -0.031056181818181774 0.010810541760318731
v 0.12962791919191927 -0.04401500426125424 0.06697014646464655
v 0.12962791919191927 -0.031056181818181774 0.07370986922762138
v 0.1339109130814156 -0.031056181818181774 0.013260974747474862
v 0.13595123232323236 -0.032836666161803134 0.013260974747474862
v 0.13595123232323236 -0.031056181818181774 0.013917599239260649
v 0.13595123232323236 -0.039061111850197866 0.06697014646464655
v 0.13595123232323236 -0.031056181818181774 0.07126521574959944
v 0.14227454545454546 -0.044139854015386136 0.013260974747474862
v 0.14227454545454546 -0.031056181818181774 0.01682775650221898
v 0.14227454545454546 -0.03136672639372298 0.06697014646464655
v 0.14227454545454546 -0.031056181818181774 0.067151702254487
v 0.14859785858585864 -0.031056181818181774 0.022785087170158674
v 0.14239349628390788 -0.031056181818181774 0.06697014646464655
v 0.14859785858585864 -0.031056181818181774 0.06472894044333184
v 0.15012242894878317 -0.031056181818181774 0.026688267676767803
v 0.15492117171717174 -0.031056181818181774 0.034244537586029446
v 0.15492117171717174 -0.03296239619128885 0.04011556060606067
v 0.15328988336093446 -0.031056181818181774 0.05354285353535361
v 0.15492117171717174 -0.031056181818181774 0.04574894874288671
v 0.15555595835726685 -0.031056181818181774 0.04011556060606067
v -0.15570362738872925 -0.017361999999999947 0.04011556060606067
v -0.1549211717171717 -0.017361999999999947 0.035854574553893306
v -0.15627110698834956 -0.017361999999999947 0.05354285353535361
v -0.1549211717171717 -0.027613956064190027 0.05354285353535361
v -0.1549211717171717 -0.017361999999999947 0.06151358439410783
v -0.14859785858585858 -0.019251226693874073 0.026688267676767803
v -0.14859785858585858 -0.017361999999999947 0.027099518620719288
v -0.14859785858585858 -0.017361999999999947 0.06685714444252303
v -0.1476301931028553 -0.017361999999999947 0.026688267676767803
v -0.14227454545454543 -0.017361999999999947 0.02035878587647328
v -0.14813934699913858 -0.017361999999999947 0.06697014646464655
v -0.14227454545454543 -0.017361999999999947 0.07467229365345426
v -0.1359512323232323 -0.026834371562645287 0.013260974747474862
v -0.1359512323232323 -0.017361999999999947 0.016542049907388383
v -0.1359512323232323 -0.017361999999999947 0.07787880097547482
v -0.12962791919191918 -0.01830757442333389 0.013260974747474862
v -0.12962791919191918 -0.017361999999999947 0.013614492625945631
v -0.13030198434486 -0.017361999999999947 0.08039743939393956
v -0.12962791919191918 -0.01872334779265763 0.08039743939393956
v -0.12962791919191918 -0.017361999999999947 0.08100557106856716
v -0.1286845497236572 -0.017361999999999947 0.013260974747474862
v -0.12330460606060606 -0.017361999999999947 0.010227001469354294
v -0.12330460606060606 -0.026420388124624092 0.08039743939393956
v -0.12330460606060606 -0.017361999999999947 0.08457648434668737
v -0.11698129292929292 -0.017361999999999947 0.006928389235169608
v -0.11698129292929292 -0.017361999999999947 0.08750731012982371
v -0.11065797979797978 -0.02615850850479818 -0.00016631818181808006
v -0.11065797979797978 -0.017361999999999947 0.0033366367712859366
v -0.11065797979797978 -0.017361999999999947 0.09040154291816034
v -0.10575927711950839 -0.017361999999999947 -0.00016631818181808006
v -0.10433466666666665 -0.017361999999999947 -0.0012491324676880426
v -0.10433466666666665 -0.017361999999999947 0.09364759471695161
v -0.09801135353535351 -0.017361999999999947 -0.006117095289751108
v -0.10400098109341213 -0.017361999999999947 0.09382473232323243
v -0.09801135353535351 -0.024575978447890896 0.09382473232323243
v -0.09801135353535351 -0.017361999999999947 0.09734116335390469
v -0.09168804040404037 -0.02314979901128235 -0.013593611111111029
v -0.09168804040404037 -0.017361999999999947 -0.01152400930179754
v -0.09168804040404037 -0.017361999999999947 0.10111924483456117
v -0.08942390894341803 -0.017361999999999947 -0.013593611111111029
v -0.08536472727272727 -0.017361999999999947 -0.016949798222153804
v -0.08536472727272727 -0.017361999999999947 0.1053766199260734
v -0.07904141414141413 -0.017361999999999947 -0.02270332708944034
v -0.08245196478113526 -0.017361999999999947 0.10725202525252531
v -0.07904141414141413 -0.02155164706172074 0.10725202525252531
v -0.07904141414141413 -0.017361999999999947 0.10933500496506084
v -0.07456693423108887 -0.017361999999999947 -0.02702090404040397
v -0.072718101010101 -0.017361999999999947 -0.028530010407913302
v -0.072718101010101 -0.029656477950333868 0.10725202525252531
v -0.072718101010101 -0.017361999999999947 0.11300509602535483
v -0.06639478787878786 -0.017361999999999947 -0.033908543113273994
v -0.06639478787878786 -0.017361999999999947 0.11659441311080627
v -0.06007147474747472 -0.021717546606945054 -0.04044819696969691
v -0.06007147474747472 -0.017361999999999947 -0.03953183511325983
v -0.06007147474747472 -0.017361999999999947 0.11995009149389055
v -0.059106093088089715 -0.017361999999999947 -0.04044819696969691
v -0.05374816161616158 -0.017361999999999947 -0.0444607420710183
v -0.05877879053505545 -0.017361999999999947 0.12067931818181832
v -0.05374816161616158 -0.023310407641825834 0.12067931818181832
v -0.05374816161616158 -0.017361999999999947 0.12301066880626883
v -0.04742484848484848 -0.017361999999999947 -0.04947176646019794
v -0.04742484848484848 -0.030977572321793687 0.12067931818181832
v -0.04742484848484848 -0.017361999999999947 0.12567203634453736
v -0.04238172824536192 -0.017361999999999947 -0.05387548989898977
v -0.04110153535353534 -0.017361999999999947 -0.054707465239601356
v -0.04110153535353534 -0.017361999999999947 0.12797972898429055
v -0.0347782222222222 -0.017361999999999947 -0.05911129736828902
v -0.0347782222222222 -0.017361999999999947 0.12986496103007422
v -0.028454909090909065 -0.017361999999999947 -0.06384815898200166
v -0.028454909090909065 -0.017361999999999947 0.1312407476653879
v -0.0250293084020108 -0.017361999999999947 -0.06730278282828273
v -0.022131595959595927 -0.017361999999999947 -0.06874839942753065
v -0.022131595959595927 -0.017361999999999947 0.13205600757016656
v -0.015808282828282793 -0.017361999999999947 -0.07176573588887357
v -0.015808282828282793 -0.017361999999999947 0.13219028936011087
v -0.009484969696969688 -0.017361999999999947 -0.07327005745349605
v -0.009484969696969688 -0.017361999999999947 0.13112353111662506
v -0.003161656565656551 -0.017361999999999947 -0.07268878916020381
v -0.003161656565656551 -0.017361999999999947 0.12779072169274994
v 0.003161656565656586 -0.017361999999999947 -0.07188871086227609
v 0.003161656565656586 -0.017361999999999947 0.12647504819357697
v 0.009484969696969759 -0.017361999999999947 -0.07108316178714101
v 0.009484969696969759 -0.017361999999999947 0.1277395808533593
v 0.015808282828282862 -0.017361999999999947 -0.06856163085800344
v 0.015808282828282862 -0.017361999999999947 0.12768991791622222
v 0.01860535982140783 -0.017361999999999947 -0.06730278282828273
v 0.022131595959595962 -0.017361999999999947 -0.06311195414989564
v 0.022131595959595962 -0.017361999999999947 0.12657455710281856
v 0.028454909090909135 -0.017361999999999947 -0.05845808211033913
v 0.028454909090909135 -0.017361999999999947 0.1249722122536604
v 0.03477822222222224 -0.017361999999999947 -0.054310778574959785
v 0.03477822222222224 -0.024095095572525375 0.12067931818181832
v 0.03477822222222224 -0.017361999999999947 0.12294534505935745
v 0.03551803035823387 -0.017361999999999947 -0.05387548989898977
v 0.04110153535353541 -0.017361999999999947 -0.0490730884318412
v 0.040860628543504925 -0.017361999999999947 0.12067931818181832
v 0.04110153535353541 -0.017361999999999947 0.1205398857788769
v 0.047424848484848514 -0.017361999999999947 -0.04426772176496488
v 0.047424848484848514 -0.017361999999999947 0.1174941626723832
v 0.0526603378512242 -0.017361999999999947 -0.04044819696969691
v 0.05374816161616162 -0.026410324417902725 -0.04044819696969691
v 0.05374816161616162 -0.017361999999999947 -0.039413534113819405
v 0.05374816161616162 -0.017361999999999947 0.11444960659209891
v 0.06007147474747479 -0.017361999999999947 -0.033687998626976946
v 0.06007147474747479 -0.026450233978139545 0.10725202525252531
v 0.06007147474747479 -0.017361999999999947 0.11130347121706825
v 0.06639478787878789 -0.017361999999999947 -0.02849794794928586
v 0.06639478787878789 -0.019067810502406732 0.10725202525252531
v 0.06639478787878789 -0.017361999999999947 0.10803784499539947
v 0.06823789482941343 -0.017361999999999947 -0.02702090404040397
v 0.07271810101010107 -0.017361999999999947 -0.022629115140307212
v 0.06792572960833987 -0.017361999999999947 0.10725202525252531
v 0.07271810101010107 -0.017361999999999947 0.10444400731240026
v 0.07904141414141416 -0.017361999999999947 -0.016914914615519697
v 0.07904141414141416 -0.017361999999999947 0.10081308605690763
v 0.0829836299097086 -0.017361999999999947 -0.013593611111111029
v 0.08536472727272734 -0.025464316737661946 -0.013593611111111029
v 0.08536472727272734 -0.017361999999999947 -0.011200953514977657
v 0.08536472727272734 -0.024188850238176185 0.09382473232323243
v 0.08536472727272734 -0.017361999999999947 0.09727901505937743
v 0.09168804040404044 -0.017361999999999947 -0.005517577585412969
v 0.09168804040404044 -0.01742379632057075 0.09382473232323243
v 0.09168804040404044 -0.017361999999999947 0.09385556362026345
v 0.09801135353535355 -0.017361999999999947 -0.00045104793373779465
v 0.09174561841314777 -0.017361999999999947 0.09382473232323243
v 0.09801135353535355 -0.017361999999999947 0.09054564972786111
v 0.09840118085500076 -0.017361999999999947 -0.00016631818181808006
v 0.10433466666666671 -0.0292066823458868 -0.00016631818181808006
v 0.10433466666666671 -0.017361999999999947 0.004235738840462038
v 0.10433466666666671 -0.017361999999999947 0.08769776847105984
v 0.11065797979797981 -0.017361999999999947 0.008068996840576714
v 0.11065797979797981 -0.027225748786261307 0.08039743939393956
v 0.11065797979797981 -0.017361999999999947 0.085259715519581
v 0.11698129292929299 -0.017361999999999947 0.011211299496397884
v 0.11698129292929299 -0.022917309581873595 0.08039743939393956
v 0.11698129292929299 -0.017361999999999947 0.0830605793680891
v 0.12129181050364457 -0.017361999999999947 0.013260974747474862
v 0.12330460606060609 -0.019357306259314422 0.013260974747474862
v 0.12330460606060609 -0.017361999999999947 0.013978364517586536
v 0.12330460606060609 -0.017994349928770845 0.08039743939393956
v 0.12330460606060609 -0.017361999999999947 0.08069108411460829
v 0.12962791919191927 -0.025364302170442554 0.013260974747474862
v 0.12962791919191927 -0.017361999999999947 0.016194475029786888
v 0.12383574848004374 -0.017361999999999947 0.08039743939393956
v 0.12962791919191927 -0.017361999999999947 0.07847284615627853
v 0.13595123232323236 -0.017361999999999947 0.01886113503100123
v 0.13595123232323236 -0.017361999999999947 0.0761342715098732
v 0.14227454545454546 -0.017361999999999947 0.022522743098481415
v 0.14227454545454546 -0.017361999999999947 0.073248902813123
v 0.1458170226501321 -0.017361999999999947 0.026688267676767803
v 0.14859785858585864 -0.02274759498314862 0.026688267676767803
v 0.14859785858585864 -0.017361999999999947 0.02786299643227092
v 0.1470488397840075 -0.017361999999999947 0.06697014646464655
v 0.14859785858585864 -0.017361999999999947 0.06658857701432692
v 0.15492117171717174 -0.017361999999999947 0.037246366817571055
v 0.15492117171717174 -0.027088397081175573 0.05354285353535361
v 0.15492117171717174 -0.017361999999999947 0.06110360999246883
v 0.15545112961293542 -0.017361999999999947 0.04011556060606067
v 0.15620146078583866 -0.017361999999999947 0.05354285353535361
v -0.1549211717171717 -0.011486757886832592 0.04011556060606067
v -0.1549211717171717 -0.007175787284903494 0.05354285353535361
v -0.15245735745726718 -0.0036678181818181194 0.04011556060606067
v -0.14859785858585858 -0.0036678181818181194 0.03146682460943693
v -0.1542732769510027 -0.0036678181818181194 0.05354285353535361
v -0.14965337674782075 -0.0036678181818181194 0.06697014646464655
v -0.14859785858585858 -0.01629981102162056 0.06697014646464655
v -0.14859785858585858 -0.0036678181818181194 0.07214213467835862
v -0.14227454545454543 -0.004755291353157998 0.026688267676767803
v -0.14227454545454543 -0.0036678181818181194 0.027043556887781074
v -0.14227454545454543 -0.0036678181818181194 0.07813639975533213
v -0.14143913415413295 -0.0036678181818181194 0.026688267676767803
v -0.1359512323232323 -0.0036678181818181194 0.022009741247893157
v -0.13723070044749514 -0.0036678181818181194 0.08039743939393956
v -0.1359512323232323 -0.007944120159838216 0.08039743939393956
v -0.1359512323232323 -0.0036678181818181194 0.08213723371087991
v -0.12962791919191918 -0.0036678181818181194 0.018471597835639716
v -0.12962791919191918 -0.0036678181818181194 0.08662627574292019
v -0.12330460606060606 -0.009769650747027576 0.013260974747474862
v -0.12330460606060606 -0.0036678181818181194 0.015398051473678091
v -0.12330460606060606 -0.0036678181818181194 0.08976770647138954
v -0.11925795919203794 -0.0036678181818181194 0.013260974747474862
v -0.11698129292929292 -0.0036678181818181194 0.011752573714955677
v -0.11698129292929292 -0.0036678181818181194 0.09274201644666175
v -0.11065797979797978 -0.0036678181818181194 0.007764447581235791
v -0.11459507955322329 -0.0036678181818181194 0.09382473232323243
v -0.11065797979797978 -0.009165347939909937 0.09382473232323243
v -0.11065797979797978 -0.0036678181818181194 0.0962633714398725
v -0.10433466666666665 -0.014189428030240194 -0.00016631818181808006
v -0.10433466666666665 -0.0036678181818181194 0.0032827056555654634
v -0.10433466666666665 -0.016978107876376852 0.09382473232323243
v -0.10433466666666665 -0.0036678181818181194 0.09996029732737087
v -0.10013286850580413 -0.0036678181818181194 -0.00016631818181808006
v -0.09801135353535351 -0.0036678181818181194 -0.0018437300749770543
v -0.09801135353535351 -0.0036678181818181194 0.10413284536134157
v -0.09168804040404037 -0.0036678181818181194 -0.007244703476909543
v -0.0929935669970595 -0.0036678181818181194 0.10725202525252531
v -0.09168804040404037 -0.005379913659433468 0.10725202525252531
v -0.09168804040404037 -0.0036678181818181194 0.10808070222250368
v -0.08536472727272727 -0.004784492937708416 -0.013593611111111029
v -0.08536472727272727 -0.0036678181818181194 -0.013305425717391527
v -0.08536472727272727 -0.013585394791591722 0.10725202525252531
v -0.08536472727272727 -0.0036678181818181194 0.1118180043139119
v -0.08509839743372094 -0.0036678181818181194 -0.013593611111111029
v -0.07904141414141413 -0.0036678181818181194 -0.019112852070442075
v -0.07904141414141413 -0.0036678181818181194 0.11554002061034084
v -0.072718101010101 -0.011132000867416232 -0.02702090404040397
v -0.072718101010101 -0.0036678181818181194 -0.025273110049244096
v -0.072718101010101 -0.0036678181818181194 0.1189982454088543
v -0.07113376254576316 -0.0036678181818181194 -0.02702090404040397
v -0.06639478787878786 -0.0036678181818181194 -0.031241569762185905
v -0.06970130571609105 -0.0036678181818181194 0.12067931818181832
v -0.06639478787878786 -0.0079517477509715 0.12067931818181832
v -0.06639478787878786 -0.0036678181818181194 0.12237930538048601
v -0.06007147474747472 -0.0036678181818181194 -0.036875703729922625
v -0.06007147474747472 -0.01569354171223029 0.12067931818181832
v -0.06007147474747472 -0.0036678181818181194 0.12538281646695995
v -0.056398159095996506 -0.0036678181818181194 -0.04044819696969691
v -0.05374816161616158 -0.0036678181818181194 -0.0424531163068582
v -0.05374816161616158 -0.0036678181818181194 0.12810479932332833
v -0.04742484848484848 -0.0036678181818181194 -0.047419783283077034
v -0.04742484848484848 -0.0036678181818181194 0.13051768223011478
v -0.04110153535353534 -0.01140430785429339 -0.05387548989898977
v -0.04110153535353534 -0.0036678181818181194 -0.05281573206914869
v -0.04110153535353534 -0.0036678181818181194 0.13261313755840612
v -0.04002985172541076 -0.0036678181818181194 -0.05387548989898977
v -0.0347782222222222 -0.0036678181818181194 -0.05748376594348757
v -0.03616011269050633 -0.0036678181818181194 0.1341066111111112
v -0.0347782222222222 -0.00463231269590929 0.1341066111111112
v -0.0347782222222222 -0.0036678181818181194 0.13442780363335244
v -0.028454909090909065 -0.0036678181818181194 -0.061846188446086
v -0.028454909090909065 -0.008868138928778788 0.1341066111111112
v -0.028454909090909065 -0.0036678181818181194 0.13582352455210378
v -0.022131595959595927 -0.005856194836506075 -0.06730278282828273
v -0.022131595959595927 -0.0036678181818181194 -0.06691996903713486
v -0.022131595959595927 -0.011473662863059937 0.1341066111111112
v -0.022131595959595927 -0.0036678181818181194 0.13676288725454833
v -0.02183749124306142 -0.0036678181818181194 -0.06730278282828273
v -0.015808282828282793 -0.0036678181818181194 -0.07053673630491682
v -0.015808282828282793 -0.012469613603836312 0.1341066111111112
v -0.015808282828282793 -0.0036678181818181194 0.13743245543234517
v -0.009484969696969688 -0.0036678181818181194 -0.07278167575465627
v -0.009484969696969688 -0.011814600776880225 0.1341066111111112
v -0.009484969696969688 -0.0036678181818181194 0.13834397354663963
v -0.003161656565656551 -0.0036678181818181194 -0.0728592994207395
v -0.003161656565656551 -0.010861585646975477 0.1341066111111112
v -0.003161656565656551 -0.0036678181818181194 0.14112302174939192
v 0.003161656565656586 -0.0036678181818181194 -0.07211841187758478
v 0.003161656565656586 -0.007068822038934953 0.1341066111111112
v 0.003161656565656586 -0.0036678181818181194 0.13808643061218065
v 0.009484969696969759 -0.0036678181818181194 -0.07074260277570597
v 0.008894042944883874 -0.0036678181818181194 0.1341066111111112
v 0.009484969696969759 -0.0036678181818181194 0.1331215816777323
v 0.015808282828282862 -0.0036678181818181194 -0.06760224292550615
v 0.015808282828282862 -0.0036678181818181194 0.1317684466404188
v 0.016505720656663097 -0.0036678181818181194 -0.06730278282828273
v 0.022131595959595962 -0.0036678181818181194 -0.062104116091502834
v 0.022131595959595962 -0.0036678181818181194 0.1304895383889476
v 0.028454909090909135 -0.0036678181818181194 -0.05793042240352222
v 0.028454909090909135 -0.0036678181818181194 0.1289944802246169
v 0.03477822222222224 -0.0036678181818181194 -0.053928229141030494
v 0.03477822222222224 -0.0036678181818181194 0.1271382041140696
v 0.034865159930355764 -0.0036678181818181194 -0.05387548989898977
v 0.04110153535353541 -0.0036678181818181194 -0.048600124036397345
v 0.04110153535353541 -0.017017238690866854 0.12067931818181832
v 0.04110153535353541 -0.0036678181818181194 0.12513847180614057
v 0.047424848484848514 -0.0036678181818181194 -0.04373959089938324
v 0.047424848484848514 -0.009680150239263895 0.12067931818181832
v 0.047424848484848514 -0.0036678181818181194 0.1228413768233612
v 0.05185131096973241 -0.0036678181818181194 -0.04044819696969691
v 0.05374816161616162 -0.0036678181818181194 -0.038536432498330817
v 0.05285261012681655 -0.0036678181818181194 0.12067931818181832
v 0.05374816161616162 -0.0036678181818181194 0.12022949956706719
v 0.06007147474747479 -0.0036678181818181194 -0.032846528302203325
v 0.06007147474747479 -0.0036678181818181194 0.11727348724400542
v 0.06639478787878789 -0.0036678181818181194 -0.027432783970265023
v 0.06639478787878789 -0.0036678181818181194 0.114247691689616
v 0.06687966943023953 -0.0036678181818181194 -0.02702090404040397
v 0.07271810101010107 -0.0036678181818181194 -0.02079640925260205
v 0.07271810101010107 -0.011980702301852143 0.10725202525252531
v 0.07271810101010107 -0.0036678181818181194 0.11110550378679353
v 0.07904141414141416 -0.0036678181818181194 -0.014591108603841309
v 0.07904141414141416 -0.004852978544233505 0.10725202525252531
v 0.07904141414141416 -0.0036678181818181194 0.10780793985438415
v 0.08014582953485888 -0.0036678181818181194 -0.013593611111111029
v 0.08536472727272734 -0.0036678181818181194 -0.008140256368715692
v 0.08008271091760731 -0.0036678181818181194 0.10725202525252531
v 0.08536472727272734 -0.0036678181818181194 0.10425747479427766
v 0.09168804040404044 -0.0036678181818181194 -0.0022610919445875577
v 0.09168804040404044 -0.0036678181818181194 0.10077049604523211
v 0.09417491674121686 -0.0036678181818181194 -0.00016631818181808006
v 0.09801135353535355 -0.01636629877644595 -0.00016631818181808006
v 0.09801135353535355 -0.0036678181818181194 0.0033804007660603996
v 0.09801135353535355 -0.01101694132994669 0.09382473232323243
v 0.09801135353535355 -0.0036678181818181194 0.09741074935513612
v 0.10433466666666671 -0.0036678181818181194 0.00829728865068572
v 0.10433466666666671 -0.004409353608555834 0.09382473232323243
v 0.10433466666666671 -0.0036678181818181194 0.09417254138508861
v 0.11065797979797981 -0.0036678181818181194 0.012438286703040702
v 0.10498837681281727 -0.0036678181818181194 0.09382473232323243
v 0.11065797979797981 -0.0036678181818181194 0.09133414822186807
v 0.11199154215240446 -0.0036678181818181194 0.013260974747474862
v 0.11698129292929299 -0.011768937616735288 0.013260974747474862
v 0.11698129292929299 -0.0036678181818181194 0.01598456409936739
v 0.11698129292929299 -0.0036678181818181194 0.08891113685559335
v 0.12330460606060609 -0.0036678181818181194 0.01875113446304248
v 0.12330460606060609 -0.0036678181818181194 0.08658732019851288
v 0.12962791919191927 -0.0036678181818181194 0.021408199217239566
v 0.12962791919191927 -0.011869894345895905 0.08039743939393956
v 0.12962791919191927 -0.0036678181818181194 0.08388579584878109
v 0.13595123232323236 -0.0036678181818181194 0.0247218023534024
v 0.134604878001226 -0.0036678181818181194 0.08039743939393956
v 0.13595123232323236 -0.0036678181818181194 0.07997575925955738
v 0.13827692687332357 -0.0036678181818181194 0.026688267676767803
v 0.14227454545454546 -0.00892178468959538 0.026688267676767803
v 0.14227454545454546 -0.0036678181818181194 0.028373686000827104
v 0.14227454545454546 -0.0036678181818181194 0.07727018992452789
v 0.14859785858585864 -0.0036678181818181194 0.03282528316175605
v 0.14859785858585864 -0.013753664562147523 0.06697014646464655
v 0.14859785858585864 -0.0036678181818181194 0.07109233071825904
v 0.15187023542159353 -0.0036678181818181194 0.04011556060606067
v 0.15492117171717174 -0.013367208194887632 0.04011556060606067
v 0.15421284371208127 -0.0036678181818181194 0.05354285353535361
v 0.15492117171717174 -0.007552295710142359 0.05354285353535361
v 0.14943551301949826 -0.0036678181818181194 0.06697014646464655
v -0.14859785858585858 0.009880476107097764 0.04011556060606067
v -0.1526328714091316 0.010026363636363715 0.05354285353535361
v -0.14859785858585858 0.010026363636363715 0.04015537550867711
v -0.15031605556044053 0.010026363636363715 0.06697014646464655
v -0.14859785858585858 0.010026363636363715 0.07645680376479376
v -0.1485073892225935 0.010026363636363715 0.04011556060606067
v -0.14227454545454543 0.010026363636363715 0.03172282702935198
v -0.14227454545454543 0.010026363636363715 0.08030852721110136
v -0.1359512323232323 0.006371476738697694 0.026688267676767803
v -0.1359512323232323 0.010026363636363715 0.027883230658508104
v -0.14197498979886466 0.010026363636363715 0.08039743939393956
v -0.1359512323232323 0.010026363636363715 0.08749713305575252
v -0.13348053163763862 0.010026363636363715 0.026688267676767803
v -0.12962791919191918 0.010026363636363715 0.023657735693009278
v -0.12962791919191918 0.010026363636363715 0.0912046161209893
v -0.12330460606060606 0.010026363636363715 0.019903205686434014
v -0.12427357496584453 0.010026363636363715 0.09382473232323243
v -0.12330460606060606 0.008002453176343051 0.09382473232323243
v -0.12330460606060606 0.010026363636363715 0.09469115361223675
v -0.11698129292929292 0.0005765304587863323 0.013260974747474862
v -0.11698129292929292 0.010026363636363715 0.01621418266243005
v -0.11698129292929292 -0.000979980503253059 0.09382473232323243
v -0.11698129292929292 0.010026363636363715 0.09864582289027732
v -0.11253967774567815 0.010026363636363715 0.013260974747474862
v -0.11065797979797978 0.010026363636363715 0.011901912407335468
v -0.11065797979797978 0.010026363636363715 0.10257953970490734
v -0.10433466666666665 0.010026363636363715 0.007033703145992078
v -0.10433466666666665 0.010026363636363715 0.1059539312309646
v -0.09801135353535351 0.0029030395423265765 -0.00016631818181808006
v -0.09801135353535351 0.010026363636363715 0.0015243685347114382
v -0.10209551369532184 0.010026363636363715 0.10725202525252531
v -0.09801135353535351 0.0035484315755110523 0.10725202525252531
v -0.09801135353535351 0.010026363636363715 0.11001599812550625
v -0.09630279018228646 0.010026363636363715 -0.00016631818181808006
v -0.09168804040404037 0.010026363636363715 -0.0040765517062440115
v -0.09168804040404037 0.010026363636363715 0.11406069248598225
v -0.08536472727272727 0.010026363636363715 -0.01004259046320214
v -0.08536472727272727 0.010026363636363715 0.1178093294436959
v -0.08212905116889077 0.010026363636363715 -0.013593611111111029
v -0.07904141414141413 0.010026363636363715 -0.016333738887410923
v -0.0803921531610137 0.010026363636363715 0.12067931818181832
v -0.07904141414141413 0.008182175266807288 0.12067931818181832
v -0.07904141414141413 0.010026363636363715 0.1214364429157713
v -0.072718101010101 0.010026363636363715 -0.022511997518409366
v -0.072718101010101 8.562454435608697e-05 0.12067931818181832
v -0.072718101010101 0.010026363636363715 0.12479433556803493
v -0.06877122892899785 0.010026363636363715 -0.02702090404040397
v -0.06639478787878786 0.010026363636363715 -0.029043087403077837
v -0.06639478787878786 0.010026363636363715 0.12781023041906828
v -0.06007147474747472 0.010026363636363715 -0.03468415286969396
v -0.06007147474747472 0.010026363636363715 0.13055664220267224
v -0.05428767406000436 0.010026363636363715 -0.04044819696969691
v -0.05374816161616158 0.010026363636363715 -0.04086123308827835
v -0.05374816161616158 0.010026363636363715 0.1330518381702877
v -0.04742484848484848 0.010026363636363715 -0.04572060188307905
v -0.05097439755083425 0.010026363636363715 0.1341066111111112
v -0.04742484848484848 0.006551094645310045 0.1341066111111112
v -0.04742484848484848 0.010026363636363715 0.1352320034986722
v -0.04110153535353534 0.010026363636363715 -0.050714992681812815
v -0.04110153535353534 0.00044059744537347425 0.1341066111111112
v -0.04110153535353534 0.010026363636363715 0.13716951951370207
v -0.037735408808735695 0.010026363636363715 -0.05387548989898977
v -0.0347782222222222 0.010026363636363715 -0.0558931469027097
v -0.0347782222222222 0.010026363636363715 0.13858161597984855
v -0.028454909090909065 0.010026363636363715 -0.060067073185479776
v -0.028454909090909065 0.010026363636363715 0.1394804702437063
v -0.022131595959595927 0.010026363636363715 -0.06374574967660146
v -0.022131595959595927 0.010026363636363715 0.14016627905080994
v -0.017606932533028526 0.010026363636363715 -0.06730278282828273
v -0.015808282828282793 0.010026363636363715 -0.06827831358626323
v -0.015808282828282793 0.010026363636363715 0.1405740380271077
v -0.009484969696969688 0.010026363636363715 -0.07157980190794236
v -0.009484969696969688 0.010026363636363715 0.14099916678205424
v -0.003161656565656551 0.010026363636363715 -0.07329740995629362
v -0.003161656565656551 0.010026363636363715 0.1425640450990731
v 0.003161656565656586 0.010026363636363715 -0.07262409410205875
v 0.003161656565656586 0.010026363636363715 0.14169522515313557
v 0.009484969696969759 0.010026363636363715 -0.06987571330507485
v 0.009484969696969759 -0.0021488325680246727 0.1341066111111112
v 0.009484969696969759 0.010026363636363715 0.13835386213681425
v 0.01456512222546741 0.010026363636363715 -0.06730278282828273
v 0.015808282828282862 -0.0013294694117244542 -0.06730278282828273
v 0.015808282828282862 0.010026363636363715 -0.06572054340027325
v 0.015808282828282862 0.002173708282905075 0.1341066111111112
v 0.015808282828282862 0.010026363636363715 0.13650259556375063
v 0.022131595959595962 0.010026363636363715 -0.06173524689759341
v 0.022131595959595962 0.007251642911230944 0.1341066111111112
v 0.022131595959595962 0.010026363636363715 0.1349095839318081
v 0.028454909090909135 0.010026363636363715 -0.05827684415549446
v 0.02590456398915434 0.010026363636363715 0.1341066111111112
v 0.028454909090909135 0.010026363636363715 0.1331970563226754
v 0.03477822222222224 0.010026363636363715 -0.05434017364471195
v 0.03477822222222224 0.010026363636363715 0.13141900696390263
v 0.03550000744607503 0.010026363636363715 -0.05387548989898977
v 0.04110153535353541 0.010026363636363715 -0.04858097771469485
v 0.04110153535353541 0.010026363636363715 0.1296208766742464
v 0.047424848484848514 0.010026363636363715 -0.0438667514678924
v 0.047424848484848514 0.010026363636363715 0.1276060131439815
v 0.05195044330725829 0.010026363636363715 -0.04044819696969691
v 0.05374816161616162 0.010026363636363715 -0.038424387484720775
v 0.05374816161616162 -0.002625435176463329 0.12067931818181832
v 0.05374816161616162 0.010026363636363715 0.12542532882174423
v 0.06007147474747479 0.010026363636363715 -0.03227847535922733
v 0.06007147474747479 0.0042136672948920924 0.12067931818181832
v 0.06007147474747479 0.010026363636363715 0.12294355074378575
v 0.06588210114914868 0.010026363636363715 -0.02702090404040397
v 0.06639478787878789 0.001370837877806199 -0.02702090404040397
v 0.06639478787878789 0.010026363636363715 -0.026357892971890846
v 0.06544033783254469 0.010026363636363715 0.12067931818181832
v 0.06639478787878789 0.010026363636363715 0.1202172567767203
v 0.07271810101010107 0.010026363636363715 -0.019444423141056974
v 0.07271810101010107 0.010026363636363715 0.11718832364342387
v 0.0787339478697659 0.010026363636363715 -0.013593611111111029
v 0.07904141414141416 0.005960996571045285 -0.013593611111111029
v 0.07904141414141416 0.010026363636363715 -0.013198683521863052
v 0.07904141414141416 0.010026363636363715 0.11404666132852116
v 0.08536472727272734 0.010026363636363715 -0.006305872785379566
v 0.08536472727272734 0.0023604263670901765 0.10725202525252531
v 0.08536472727272734 0.010026363636363715 0.11074781196287198
v 0.09168804040404044 0.010026363636363715 -0.00023305534525475775
v 0.09168804040404044 0.00968560349708321 0.10725202525252531
v 0.09168804040404044 0.010026363636363715 0.10740795914213579
v 0.09176631674802822 0.010026363636363715 -0.00016631818181808006
v 0.09801135353535355 0.010026363636363715 0.005977937492544522
v 0.09195592778582805 0.010026363636363715 0.10725202525252531
v 0.09801135353535355 0.010026363636363715 0.10384177027414179
v 0.10433466666666671 0.010026363636363715 0.011356091132184404
v 0.10433466666666671 0.010026363636363715 0.10031612613890327
v 0.10684822152294472 0.010026363636363715 0.013260974747474862
v 0.11065797979797981 -0.0007964806047696476 0.013260974747474862
v 0.11065797979797981 0.010026363636363715 0.016148706481402895
v 0.11065797979797981 0.002166065584705135 0.09382473232323243
v 0.11065797979797981 0.010026363636363715 0.0972381420736498
v 0.11698129292929299 0.010026363636363715 0.020038562513135516
v 0.11698129292929299 0.009636719112851818 0.09382473232323243
v 0.11698129292929299 0.010026363636363715 0.0939835565461428
v 0.12330460606060609 0.010026363636363715 0.023336917836559005
v 0.11729143839105771 0.010026363636363715 0.09382473232323243
v 0.12330460606060609 0.010026363636363715 0.09183835022445316
v 0.12953399628529422 0.010026363636363715 0.026688267676767803
v 0.12962791919191927 0.009911265735588187 0.026688267676767803
v 0.12962791919191927 0.010026363636363715 0.026723512930238252
v 0.12962791919191927 0.010026363636363715 0.08911653563235522
v 0.13595123232323236 0.0005836257749350328 0.026688267676767803
v 0.13595123232323236 0.010026363636363715 0.02974829329623986
v 0.13595123232323236 -0.0021926396145122403 0.08039743939393956
v 0.13595123232323236 0.010026363636363715 0.08570631603693657
v 0.14227454545454546 0.010026363636363715 0.03348204943910197
v 0.1403156779899579 0.010026363636363715 0.08039743939393956
v 0.14227454545454546 0.010026363636363715 0.07979868830930008
v 0.1472371646525968 0.010026363636363715 0.04011556060606067
v 0.14859785858585864 0.007832871126549745 0.04011556060606067
v 0.14859785858585864 0.010026363636363715 0.04071019245568671
v 0.14859785858585864 0.010026363636363715 0.0759957137852142
v 0.1524815602571798 0.010026363636363715 0.05354285353535361
v 0.150232370470506 0.010026363636363715 0.06697014646464655
v -0.15025914576654495 0.023720545454545543 0.05354285353535361
v -0.14859785858585858 0.023720545454545543 0.04646553640215732
v -0.15248895897365877 0.023720545454545543 0.06697014646464655
v -0.14859785858585858 0.023720545454545543 0.07940288902887485
v -0.1428077142155717 0.023720545454545543 0.04011556060606067
v -0.14227454545454543 0.023720545454545543 0.03917896260777949
v -0.14414493445656776 0.023720545454545543 0.08039743939393956
v -0.14227454545454543 0.010551793046340519 0.08039743939393956
v -0.14227454545454543 0.023720545454545543 0.08633708553372738
v -0.1359512323232323 0.023720545454545543 0.03299797822868669
v -0.1359512323232323 0.023720545454545543 0.09144256414222636
v -0.12962791919191918 0.01693543471768964 0.026688267676767803
v -0.12962791919191918 0.023720545454545543 0.02898517556197757
v -0.1310062374154878 0.023720545454545543 0.09382473232323243
v -0.12962791919191918 0.019458567805465572 0.09382473232323243
v -0.12962791919191918 0.023720545454545543 0.09549661335234233
v -0.12557500142618022 0.023720545454545543 0.026688267676767803
v -0.12330460606060606 0.023720545454545543 0.024928801467128538
v -0.12330460606060606 0.023720545454545543 0.10018397784285088
v -0.11698129292929292 0.023720545454545543 0.02039920410454199
v -0.11698129292929292 0.023720545454545543 0.10419331673618398
v -0.11065797979797978 0.01488492576263838 0.013260974747474862
v -0.11065797979797978 0.023720545454545543 0.015479389426070142
v -0.11150604965799138 0.023720545454545543 0.10725202525252531
v -0.11065797979797978 0.022121603737040488 0.10725202525252531
v -0.11065797979797978 0.023720545454545543 0.1079159469702208
v -0.10818490162475584 0.023720545454545543 0.013260974747474862
v -0.10433466666666665 0.023720545454545543 0.01016734222895001
v -0.10433466666666665 0.012915338389547074 0.10725202525252531
v -0.10433466666666665 0.023720545454545543 0.11211256789330286
v -0.09801135353535351 0.023720545454545543 0.004587663960804986
v -0.09801135353535351 0.023720545454545543 0.1159388525609714
v -0.09340588736955949 0.023720545454545543 -0.00016631818181808006
v -0.09168804040404037 0.023720545454545543 -0.001558052104848449
v -0.09168804040404037 0.023720545454545543 0.11959611474492504
v -0.08536472727272727 0.023720545454545543 -0.007405841735266639
v -0.08973981674086202 0.023720545454545543 0.12067931818181832
v -0.08536472727272727 0.017054903173296873 0.12067931818181832
v -0.08536472727272727 0.023720545454545543 0.12326629499826162
v -0.07977278933928718 0.023720545454545543 -0.013593611111111029
v -0.07904141414141413 0.023720545454545543 -0.014191973757343969
v -0.07904141414141413 0.023720545454545543 0.1266948779937181
v -0.072718101010101 0.023720545454545543 -0.020071490382345642
v -0.072718101010101 0.023720545454545543 0.12997736163069437
v -0.06672432355011707 0.023720545454545543 -0.02702090404040397
v -0.06639478787878786 0.023720545454545543 -0.027277394212016404
v -0.06639478787878786 0.023720545454545543 0.13274579006854378
v -0.06007147474747472 0.023720545454545543 -0.0327789582293595
v -0.06328515639148952 0.023720545454545543 0.1341066111111112
v -0.06007147474747472 0.01986028592179171 0.1341066111111112
v -0.06007147474747472 0.023720545454545543 0.13538272742436683
v -0.05374816161616158 0.013255068599951937 -0.04044819696969691
v -0.05374816161616158 0.023720545454545543 -0.03952782272240128
v -0.05374816161616158 0.013004472038572046 0.1341066111111112
v -0.05374816161616158 0.023720545454545543 0.13751813171704386
v -0.053178360362124956 0.023720545454545543 -0.04044819696969691
v -0.04742484848484848 0.023720545454545543 -0.044675781186995826
v -0.04742484848484848 0.023720545454545543 0.1392881725110991
v -0.04110153535353534 0.023720545454545543 -0.0487464212821561
v -0.04110153535353534 0.023720545454545543 0.1406814955244987
v -0.0369586660184857 0.023720545454545543 -0.05387548989898977
v -0.0347782222222222 0.023720545454545543 -0.05575366433024207
v -0.0347782222222222 0.023720545454545543 0.14167593936185516
v -0.028454909090909065 0.023720545454545543 -0.058328308156234625
v -0.028454909090909065 0.023720545454545543 0.14223907419759807
v -0.022131595959595927 0.023720545454545543 -0.060501683327883575
v -0.022131595959595927 0.023720545454545543 0.14239721427381727
v -0.015808282828282793 0.011761583757496101 -0.06730278282828273
v -0.015808282828282793 0.023720545454545543 -0.06422865533026423
v -0.015808282828282793 0.023720545454545543 0.14228046669279673
v -0.014855952267949349 0.023720545454545543 -0.06730278282828273
v -0.009484969696969688 0.023720545454545543 -0.07494647430084707
v -0.009484969696969688 0.023720545454545543 0.14203989630624744
v -0.003161656565656551 0.023720545454545543 -0.07564762499817843
v -0.003161656565656551 0.023720545454545543 0.14216839306745194
v 0.003161656565656586 0.023720545454545543 -0.07555390134177434
v 0.003161656565656586 0.023720545454545543 0.14137081074786326
v 0.009484969696969759 0.023720545454545543 -0.0745066480571639
v 0.009484969696969759 0.023720545454545543 0.13966799875936906
v 0.014574084435181427 0.023720545454545543 -0.06730278282828273
v 0.015808282828282862 0.023720545454545543 -0.06350639961558444
v 0.015808282828282862 0.023720545454545543 0.1385424451279462
v 0.022131595959595962 0.023720545454545543 -0.05968626764207936
v 0.022131595959595962 0.023720545454545543 0.13748839602316643
v 0.028454909090909135 0.023720545454545543 -0.05805737093975686
v 0.028454909090909135 0.013350180222268849 0.1341066111111112
v 0.028454909090909135 0.023720545454545543 0.13641796475898157
v 0.03477822222222224 0.023720545454545543 -0.05561655145694462
v 0.03477822222222224 0.019453505637331264 0.1341066111111112
v 0.03477822222222224 0.023720545454545543 0.135167752603396
v 0.03689826546879091 0.023720545454545543 -0.05387548989898977
v 0.04110153535353541 0.023720545454545543 -0.048208944080307896
v 0.039694758285605806 0.023720545454545543 0.1341066111111112
v 0.04110153535353541 0.023720545454545543 0.13369790511964055
v 0.047424848484848514 0.023720545454545543 -0.04385686509364131
v 0.047424848484848514 0.023720545454545543 0.13198146641848174
v 0.052327812083302325 0.023720545454545543 -0.04044819696969691
v 0.05374816161616162 0.023720545454545543 -0.03825045316530519
v 0.05374816161616162 0.023720545454545543 0.13013217407087294
v 0.06007147474747479 0.023720545454545543 -0.03171497491742832
v 0.06007147474747479 0.023720545454545543 0.1280255187108925
v 0.06557153304285913 0.023720545454545543 -0.02702090404040397
v 0.06639478787878789 0.023720545454545543 -0.02576794322410765
v 0.06639478787878789 0.011078307425288137 0.12067931818181832
v 0.06639478787878789 0.023720545454545543 0.12557895484766202
v 0.07271810101010107 0.023720545454545543 -0.01854109341859069
v 0.07271810101010107 0.017946937810802657 0.12067931818181832
v 0.07271810101010107 0.023720545454545543 0.12297378417102689
v 0.07788782858118708 0.023720545454545543 -0.013593611111111029
v 0.07904141414141416 0.023720545454545543 -0.011908500278391673
v 0.07782397665134785 0.023720545454545543 0.12067931818181832
v 0.07904141414141416 0.023720545454545543 0.12009778525496091
v 0.08536472727272734 0.023720545454545543 -0.004897059588182407
v 0.08536472727272734 0.023720545454545543 0.11691685477598028
v 0.09042823356318384 0.023720545454545543 -0.00016631818181808006
v 0.09168804040404044 0.01054206644076304 -0.00016631818181808006
v 0.09168804040404044 0.023720545454545543 0.0014166334535248726
v 0.09168804040404044 0.023720545454545543 0.11352813666515867
v 0.09801135353535355 0.023720545454545543 0.008029443975456792
v 0.09801135353535355 0.01708679556050458 0.10725202525252531
v 0.09801135353535355 0.023720545454545543 0.11020191888926811
v 0.10394254133688755 0.023720545454545543 0.013260974747474862
v 0.10433466666666671 0.021156450424138308 0.013260974747474862
v 0.10433466666666671 0.023720545454545543 0.013666427397313621
v 0.10323295786097866 0.023720545454545543 0.10725202525252531
v 0.10433466666666671 0.023720545454545543 0.10671256679306657
v 0.11065797979797981 0.023720545454545543 0.019276687957761073
v 0.11065797979797981 0.023720545454545543 0.10354156022826003
v 0.11698129292929299 0.023720545454545543 0.02393204456066767
v 0.11698129292929299 0.023720545454545543 0.10054531066183588
v 0.12097093653854026 0.023720545454545543 0.026688267676767803
v 0.12330460606060609 0.019297683579339593 0.026688267676767803
v 0.12330460606060609 0.023720545454545543 0.027963846419726473
v 0.12330460606060609 0.01563148380370643 0.09382473232323243
v 0.12330460606060609 0.023720545454545543 0.09714128099794613
v 0.12962791919191927 0.023720545454545543 0.03137609309298425
v 0.1277882989504203 0.023720545454545543 0.09382473232323243
v 0.12962791919191927 0.023720545454545543 0.09312792835652081
v 0.13595123232323236 0.023720545454545543 0.03519474218093212
v 0.13595123232323236 0.023720545454545543 0.09023157617616277
v 0.14095650708013777 0.023720545454545543 0.04011556060606067
v 0.14227454545454546 0.021856841948193477 0.04011556060606067
v 0.14227454545454546 0.023720545454545543 0.04068485168089525
v 0.14227454545454546 0.013562273064072285 0.08039743939393956
v 0.14227454545454546 0.023720545454545543 0.0850158011106569
v 0.14859785858585864 0.023720545454545543 0.04777006606622451
v 0.14372119788661686 0.023720545454545543 0.08039743939393956
v 0.14859785858585864 0.023720545454545543 0.07930872825314299
v 0.14996570382840496 0.023720545454545543 0.05354285353535361
v 0.1524674493343679 0.023720545454545543 0.06697014646464655
v -0.14859785858585858 0.031960506882883204 0.05354285353535361
v -0.1498910953017222 0.0374147272727273 0.06697014646464655
v -0.14859785858585858 0.0374147272727273 0.056171946994672886
v -0.14859785858585858 0.0374147272727273 0.07154132482941812
v -0.14227454545454543 0.02529750872701627 0.04011556060606067
v -0.14645664245742238 0.0374147272727273 0.05354285353535361
v -0.14227454545454543 0.0374147272727273 0.044537547528181634
v -0.14469165002346474 0.0374147272727273 0.08039743939393956
v -0.14227454545454543 0.0374147272727273 0.08965579944886319
v -0.1366081816043746 0.0374147272727273 0.04011556060606067
v -0.1359512323232323 0.0374147272727273 0.03925657069633063
v -0.1359512323232323 0.0374147272727273 0.09335790758745137
v -0.12962791919191918 0.0374147272727273 0.03358494102334227
v -0.13470996916380001 0.0374147272727273 0.09382473232323243
v -0.12962791919191918 0.0374147272727273 0.10005703531086667
v -0.12330460606060606 0.028940838488625976 0.026688267676767803
v -0.12330460606060606 0.0374147272727273 0.028924815585111053
v -0.12330460606060606 0.0374147272727273 0.10445465648883849
v -0.12032402552785669 0.0374147272727273 0.026688267676767803
v -0.11698129292929292 0.0374147272727273 0.02391370833583334
v -0.11839209445629173 0.0374147272727273 0.10725202525252531
v -0.11698129292929292 0.03378885357761659 0.10725202525252531
v -0.11698129292929292 0.0374147272727273 0.1085613990412176
v -0.11065797979797978 0.0374147272727273 0.018519930848434764
v -0.11065797979797978 0.0374147272727273 0.11321597356990601
v -0.10545834254160173 0.0374147272727273 0.013260974747474862
v -0.10433466666666665 0.0374147272727273 0.012373244276803003
v -0.10433466666666665 0.0374147272727273 0.1170934121182745
v -0.09801135353535351 0.0374147272727273 0.006746272918277442
v -0.09814917124499616 0.0374147272727273 0.12067931818181832
v -0.09801135353535351 0.037146964578757005 0.12067931818181832
v -0.09801135353535351 0.0374147272727273 0.12077312942021955
v -0.09178759746621458 0.0374147272727273 -0.00016631818181808006
v -0.09168804040404037 0.0374147272727273 -0.0002398310034437526
v -0.09168804040404037 0.026577861330828515 0.12067931818181832
v -0.09168804040404037 0.0374147272727273 0.12460583627250922
v -0.08536472727272727 0.0374147272727273 -0.00581460093310533
v -0.08536472727272727 0.0374147272727273 0.12803744211630558
v -0.07904141414141413 0.033143359601386584 -0.013593611111111029
v -0.07904141414141413 0.0374147272727273 -0.013372107749465989
v -0.07904141414141413 0.0374147272727273 0.13115601200556642
v -0.07891794899673327 0.0374147272727273 -0.013593611111111029
v -0.072718101010101 0.0374147272727273 -0.01844463010001269
v -0.0727705104228271 0.0374147272727273 0.1341066111111112
v -0.072718101010101 0.037329426540439144 0.1341066111111112
v -0.072718101010101 0.0374147272727273 0.13413146429159561
v -0.06649085309434921 0.0374147272727273 -0.02702090404040397
v -0.06639478787878786 0.0374147272727273 -0.02708611279462694
v -0.06639478787878786 0.028148187822758734 0.1341066111111112
v -0.06639478787878786 0.0374147272727273 0.1368006620360221
v -0.06007147474747472 0.0374147272727273 -0.031023768077156545
v -0.06007147474747472 0.0374147272727273 0.1392472379246143
v -0.05592335295355041 0.0374147272727273 -0.04044819696969691
v -0.05374816161616158 0.0374147272727273 -0.04466756015494411
v -0.05374816161616158 0.02421294387950678 -0.04044819696969691
v -0.05374816161616158 0.0374147272727273 0.14105482481394435
v -0.04742484848484848 0.0374147272727273 -0.04729753494785748
v -0.04742484848484848 0.0374147272727273 0.1424959819597375
v -0.04110153535353534 0.0374147272727273 -0.05374018943059375
v -0.04110153535353534 0.0374147272727273 0.14354956962148843
v -0.041037600922001184 0.0374147272727273 -0.05387548989898977
v -0.0347782222222222 0.0374147272727273 -0.062226172850312934
v -0.0347782222222222 0.0374147272727273 0.14419414086411939
v -0.028454909090909065 0.0374147272727273 -0.06425464378817883
v -0.028454909090909065 0.0374147272727273 0.14438069561929454
v -0.022131595959595927 0.0374147272727273 -0.06720171742184124
v -0.022131595959595927 0.0374147272727273 0.14412929882960424
v -0.015808282828282793 0.0374147272727273 -0.06677967025080636
v -0.015808282828282793 0.0374147272727273 0.1434599593847378
v -0.014927711365406838 0.0374147272727273 -0.06730278282828273
v -0.009484969696969688 0.0374147272727273 -0.07165350549069605
v -0.009484969696969688 0.0374147272727273 0.14249455414648557
v -0.003161656565656551 0.0374147272727273 -0.07452233417245355
v -0.003161656565656551 0.0374147272727273 0.1415965448874281
v 0.003161656565656586 0.0374147272727273 -0.07498661125426045
v 0.003161656565656586 0.0374147272727273 0.14079832708318443
v 0.009484969696969759 0.0374147272727273 -0.07104661441144722
v 0.009484969696969759 0.0374147272727273 0.14015712752138718
v 0.015808282828282862 0.0374147272727273 -0.06926190240042229
v 0.015808282828282862 0.033724719174936205 -0.06730278282828273
v 0.015808282828282862 0.0374147272727273 0.1397700059099763
v 0.01908055612173532 0.0374147272727273 -0.06730278282828273
v 0.022131595959595962 0.0374147272727273 -0.06605995098195706
v 0.022131595959595962 0.0374147272727273 0.13934876451706724
v 0.028454909090909135 0.0374147272727273 -0.06390780363402257
v 0.028454909090909135 0.0374147272727273 0.1387799673387967
v 0.03477822222222224 0.0374147272727273 -0.06200647042300471
v 0.03477822222222224 0.0374147272727273 0.13806969596115654
v 0.04110153535353541 0.0374147272727273 -0.06259753561875964
v 0.04110153535353541 0.025697511987969452 -0.05387548989898977
v 0.04110153535353541 0.025227770680969614 0.1341066111111112
v 0.04110153535353541 0.0374147272727273 0.1370417435797998
v 0.04457362166084928 0.0374147272727273 -0.05387548989898977
v 0.047424848484848514 0.0374147272727273 -0.047630843009199904
v 0.047424848484848514 0.03109188197063003 0.1341066111111112
v 0.047424848484848514 0.0374147272727273 0.13577560411497164
v 0.05374816161616162 0.0374147272727273 -0.04303600933416242
v 0.05374816161616162 0.025861886219036897 -0.04044819696969691
v 0.05374816161616162 0.03689381473132129 0.1341066111111112
v 0.05374816161616162 0.0374147272727273 0.1342526241488908
v 0.05523330740164143 0.0374147272727273 -0.04044819696969691
v 0.06007147474747479 0.0374147272727273 -0.03173750752573682
v 0.05430005380079341 0.0374147272727273 0.1341066111111112
v 0.06007147474747479 0.0374147272727273 0.13244935607940345
v 0.06639478787878789 0.0374147272727273 -0.027825347361594293
v 0.06639478787878789 0.02669754621513014 -0.02702090404040397
v 0.06639478787878789 0.0374147272727273 0.13029643637095273
v 0.0674091821069688 0.0374147272727273 -0.02702090404040397
v 0.07271810101010107 0.0374147272727273 -0.01845449078373753
v 0.07271810101010107 0.0374147272727273 0.12779380786583633
v 0.07852618630874839 0.0374147272727273 -0.013593611111111029
v 0.07904141414141416 0.0374147272727273 -0.01254528918994143
v 0.07904141414141416 0.025243749356362942 0.12067931818181832
v 0.07904141414141416 0.0374147272727273 0.12489423144121654
v 0.08536472727272734 0.0374147272727273 -0.004472839019125046
v 0.08536472727272734 0.03373184527906416 0.12067931818181832
v 0.08536472727272734 0.0374147272727273 0.12195270938627095
v 0.09003207110829235 0.0374147272727273 -0.00016631818181808006
v 0.09168804040404044 0.0374147272727273 0.002404917035939492
v 0.08785034912267754 0.0374147272727273 0.12067931818181832
v 0.09168804040404044 0.0374147272727273 0.11883672797698604
v 0.09801135353535355 0.0374147272727273 0.00934156327769788
v 0.09801135353535355 0.0374147272727273 0.1156638473859816
v 0.10241339952202685 0.0374147272727273 0.013260974747474862
v 0.10433466666666671 0.0374147272727273 0.015563650044697218
v 0.10433466666666671 0.025009594944215206 0.10725202525252531
v 0.10433466666666671 0.0374147272727273 0.11233096151811624
v 0.11065797979797981 0.0374147272727273 0.021641359303997403
v 0.11065797979797981 0.03367749774308574 0.10725202525252531
v 0.11065797979797981 0.0374147272727273 0.10869490192822823
v 0.11674575232371849 0.0374147272727273 0.026688267676767803
v 0.11698129292929299 0.036314882359662494 0.026688267676767803
v 0.11698129292929299 0.0374147272727273 0.026889688401897906
v 0.11263840183572806 0.0374147272727273 0.10725202525252531
v 0.11698129292929299 0.0374147272727273 0.10504794971850645
v 0.12330460606060609 0.0374147272727273 0.03144526667824409
v 0.12330460606060609 0.0374147272727273 0.10172323267476983
v 0.12962791919191927 0.0374147272727273 0.03587219075216134
v 0.12962791919191927 0.026780105445686833 0.09382473232323243
v 0.12962791919191927 0.0374147272727273 0.09742541206702349
v 0.13444935166053115 0.0374147272727273 0.04011556060606067
v 0.13595123232323236 0.03465247692253072 0.04011556060606067
v 0.13595123232323236 0.0374147272727273 0.04088053781998856
v 0.1325820626889081 0.0374147272727273 0.09382473232323243
v 0.13595123232323236 0.0374147272727273 0.09256617045648233
v 0.14227454545454546 0.0374147272727273 0.04577879880191246
v 0.14227454545454546 0.0374147272727273 0.0888180695290961
v 0.14593882954119533 0.0374147272727273 0.05354285353535361
v 0.14859785858585864 0.030576050674173953 0.05354285353535361
v 0.14859785858585864 0.0374147272727273 0.05662808164510004
v 0.14443271677065744 0.0374147272727273 0.08039743939393956
v 0.14859785858585864 0.0374147272727273 0.07137751959867104
v 0.14989399243627793 0.0374147272727273 0.06697014646464655
v -0.14859785858585858 0.04305623709911095 0.06697014646464655
v -0.1424606799171703 0.05110890909090913 0.05354285353535361
v -0.14227454545454543 0.05110890909090913 0.05300569608418292
v -0.14584280866744925 0.05110890909090913 0.06697014646464655
v -0.14390976591213003 0.05110890909090913 0.08039743939393956
v -0.14227454545454543 0.05110890909090913 0.08984369495894623
v -0.1359512323232323 0.03929671123332111 0.04011556060606067
v -0.1359512323232323 0.05110890909090913 0.043603436088540476
v -0.1359592094161645 0.05110890909090913 0.09382473232323243
v -0.1359512323232323 0.05089558965351132 0.09382473232323243
v -0.1359512323232323 0.05110890909090913 0.09384927630342761
v -0.1315633863753175 0.05110890909090913 0.04011556060606067
v -0.12962791919191918 0.05110890909090913 0.03807921002485416
v -0.12962791919191918 0.05110890909090913 0.10247295686907525
v -0.12330460606060606 0.05110890909090913 0.03252284483539933
v -0.12330460606060606 0.05110890909090913 0.10687838672452403
v -0.11733845527763696 0.05110890909090913 0.026688267676767803
v -0.11698129292929292 0.05110890909090913 0.026383672212270715
v -0.12259623105401078 0.05110890909090913 0.10725202525252531
v -0.11698129292929292 0.05110890909090913 0.11245120985735436
v -0.11065797979797978 0.05110890909090913 0.020838197174694748
v -0.11065797979797978 0.05110890909090913 0.11681880200974178
v -0.10433466666666665 0.047682075712568744 0.013260974747474862
v -0.10433466666666665 0.05110890909090913 0.013533279815598204
v -0.10433466666666665 0.05110890909090913 0.12067904346310204
v -0.10417116539880397 0.05110890909090913 0.013260974747474862
v -0.09801135353535351 0.05110890909090913 0.008261417513464707
v -0.10433417243167181 0.05110890909090913 0.12067931818181832
v -0.09801135353535351 0.05110890909090913 0.12491919766414271
v -0.09208474373515385 0.05110890909090913 -0.00016631818181808006
v -0.09168804040404037 0.05110890909090913 -0.0004340780721273854
v -0.09168804040404037 0.05110890909090913 0.12858649078337284
v -0.08536472727272727 0.05110890909090913 -0.004529675795264785
v -0.08536472727272727 0.05110890909090913 0.13185971483660977
v -0.08085231373207812 0.05110890909090913 -0.013593611111111029
v -0.07904141414141413 0.05110890909090913 -0.01536868008145367
v -0.07904141414141413 0.03760818836742295 -0.013593611111111029
v -0.08056185530932432 0.05110890909090913 0.1341066111111112
v -0.07904141414141413 0.048252650420122375 0.1341066111111112
v -0.07904141414141413 0.05110890909090913 0.13485066131407164
v -0.072718101010101 0.05110890909090913 -0.01751712218844247
v -0.072718101010101 0.05110890909090913 0.13756504959586813
v -0.06935260700917094 0.05110890909090913 -0.02702090404040397
v -0.06639478787878786 0.05110890909090913 -0.036463489952141104
v -0.06639478787878786 0.05110890909090913 0.13997049141996498
v -0.06007147474747472 0.05110890909090913 -0.03892866216577952
v -0.06007147474747472 0.05110890909090913 0.14208514698687086
v -0.05822205855591777 0.05110890909090913 -0.04044819696969691
v -0.05374816161616158 0.05110890909090913 -0.046795013086924346
v -0.05374816161616158 0.05110890909090913 0.14372219906953793
v -0.04742484848484848 0.05110890909090913 -0.04854584062211381
v -0.04742484848484848 0.05110890909090913 0.14498442957484553
v -0.04110153535353534 0.05110890909090913 -0.04941537155630054
v -0.04110153535353534 0.05110890909090913 0.14579288322470946
v -0.0347782222222222 0.04005666357501537 -0.05387548989898977
v -0.0347782222222222 0.05110890909090913 -0.04351346660167227
v -0.0347782222222222 0.05110890909090913 0.146180364095989
v -0.029632312904964667 0.05110890909090913 -0.05387548989898977
v -0.028454909090909065 0.05110890909090913 -0.06247732460874535
v -0.028454909090909065 0.05110890909090913 0.14610952021745008
v -0.022131595959595927 0.05110890909090913 -0.06324004834798419
v -0.022131595959595927 0.05110890909090913 0.145623689392011
v -0.015808282828282793 0.05110890909090913 -0.06487615726061866
v -0.015808282828282793 0.05110890909090913 0.1447345655031105
v -0.009484969696969688 0.04622038533993952 -0.06730278282828273
v -0.009484969696969688 0.05110890909090913 -0.06532313377302412
v -0.009484969696969688 0.05110890909090913 0.14312730704628232
v -0.003161656565656551 0.04670348325579686 -0.06730278282828273
v -0.003161656565656551 0.05110890909090913 -0.06450580667166644
v -0.003161656565656551 0.05110890909090913 0.14116760381643784
v 0.003161656565656586 0.04696097014241361 -0.06730278282828273
v 0.003161656565656586 0.05110890909090913 -0.0639548259451314
v 0.003161656565656586 0.05110890909090913 0.1403182860404679
v 0.009484969696969759 0.04464860240921429 -0.06730278282828273
v 0.009484969696969759 0.05110890909090913 -0.06421222087335071
v 0.009484969696969759 0.05110890909090913 0.14068997690088755
v 0.015808282828282862 0.04055178696298308 -0.06730278282828273
v 0.015808282828282862 0.05110890909090913 -0.06309198474342044
v 0.015808282828282862 0.05110890909090913 0.14103887563218825
v 0.022131595959595962 0.05110890909090913 -0.06314728549454754
v 0.022131595959595962 0.05110890909090913 0.14093941139966126
v 0.028454909090909135 0.05110890909090913 -0.06295272447482705
v 0.028454909090909135 0.05110890909090913 0.14072199679638714
v 0.03201789099723687 0.05110890909090913 -0.05387548989898977
v 0.03477822222222224 0.0442034541841122 -0.05387548989898977
v 0.03477822222222224 0.05110890909090913 -0.0475913924583107
v 0.03477822222222224 0.05110890909090913 0.14033458670642496
v 0.04110153535353541 0.046830451333942466 -0.05387548989898977
v 0.04110153535353541 0.05110890909090913 -0.04816228085201101
v 0.04110153535353541 0.05110890909090913 0.13970763298244507
v 0.047424848484848514 0.05110890909090913 -0.04763320585306314
v 0.047424848484848514 0.05110890909090913 0.13880044237177983
v 0.05374816161616162 0.05110890909090913 -0.045326739268568894
v 0.05374816161616162 0.05110890909090913 0.13759881024347015
v 0.05800373668820241 0.05110890909090913 -0.04044819696969691
v 0.06007147474747479 0.05110890909090913 -0.038673906708960995
v 0.06007147474747479 0.04340666692618104 0.1341066111111112
v 0.06007147474747479 0.05110890909090913 0.13608994128439755
v 0.06639478787878789 0.05110890909090913 -0.038092246459949054
v 0.06582667316172473 0.05110890909090913 0.1341066111111112
v 0.06639478787878789 0.05110890909090913 0.1339017909405805
v 0.07135231881905454 0.05110890909090913 -0.02702090404040397
v 0.07271810101010107 0.05110890909090913 -0.020583330011227443
v 0.07271810101010107 0.05110890909090913 0.1317184959577246
v 0.07904141414141416 0.05110890909090913 -0.015546981551647972
v 0.07904141414141416 0.03818059682437949 -0.013593611111111029
v 0.07904141414141416 0.05110890909090913 0.1291287836145864
v 0.08098981715615883 0.05110890909090913 -0.013593611111111029
v 0.08536472727272734 0.05110890909090913 -0.003964170742690173
v 0.08536472727272734 0.05110890909090913 0.12630768925981864
v 0.09081857552754076 0.05110890909090913 -0.00016631818181808006
v 0.09168804040404044 0.05110890909090913 0.0018065861907523243
v 0.09168804040404044 0.04303240794213252 0.12067931818181832
v 0.09168804040404044 0.05110890909090913 0.12324035218868457
v 0.09801135353535355 0.05110890909090913 0.009676274730079652
v 0.0963047577381892 0.05110890909090913 0.12067931818181832
v 0.09801135353535355 0.05110890909090913 0.11984972124660995
v 0.10225481069028453 0.05110890909090913 0.013260974747474862
v 0.10433466666666671 0.05110890909090913 0.016474056903703856
v 0.10433466666666671 0.05110890909090913 0.1165366133130849
v 0.11065797979797981 0.05110890909090913 0.022994969860800397
v 0.11065797979797981 0.05110890909090913 0.11291325199119945
v 0.11499788392384254 0.05110890909090913 0.026688267676767803
v 0.11698129292929299 0.05110890909090913 0.028884437114203645
v 0.11698129292929299 0.046488273705993656 0.10725202525252531
v 0.11698129292929299 0.05110890909090913 0.1086222180760415
v 0.12330460606060609 0.05110890909090913 0.034535414795053884
v 0.11845425472926645 0.05110890909090913 0.10725202525252531
v 0.12330460606060609 0.05110890909090913 0.10467564394408803
v 0.12962791919191927 0.05110890909090913 0.03992872725400414
v 0.12962791919191927 0.05110890909090913 0.10024914835197757
v 0.1298113399407058 0.05110890909090913 0.04011556060606067
v 0.13595123232323236 0.05110890909090913 0.04490055901969404
v 0.1342165103875666 0.05110890909090913 0.09382473232323243
v 0.13595123232323236 0.05110890909090913 0.09326474976699026
v 0.14181268464364044 0.05110890909090913 0.05354285353535361
v 0.14227454545454546 0.0500793809464616 0.05354285353535361
v 0.14227454545454546 0.05110890909090913 0.05378554140027869
v 0.14227454545454546 0.05110890909090913 0.08906032617639338
v 0.14583176701285647 0.05110890909090913 0.06697014646464655
v 0.14859785858585864 0.04309277689295396 0.06697014646464655
v 0.14373061012261323 0.05110890909090913 0.08039743939393956
v -0.14227454545454543 0.05187282650559053 0.05354285353535361
v -0.14310496943122697 0.06480309090909096 0.06697014646464655
v -0.14227454545454543 0.06480309090909096 0.06088944734928659
v -0.14227454545454543 0.06480309090909096 0.0673930954985159
v -0.14227454545454543 0.05347543111376355 0.08039743939393956
v -0.1384521663578659 0.06480309090909096 0.05354285353535361
v -0.1359512323232323 0.06480309090909096 0.048772510823020046
v -0.13839277746695353 0.06480309090909096 0.08039743939393956
v -0.1359512323232323 0.06480309090909096 0.09365565463094697
v -0.1359512323232323 0.05129618186649063 0.09382473232323243
v -0.12962791919191918 0.05856526062536998 0.04011556060606067
v -0.12962791919191918 0.06480309090909096 0.04139655040536544
v -0.13526915086842947 0.06480309090909096 0.09382473232323243
v -0.12962791919191918 0.06480309090909096 0.10330397215075102
v -0.12841947255079472 0.06480309090909096 0.04011556060606067
v -0.12330460606060606 0.06480309090909096 0.035225720203868785
v -0.1240572180553134 0.06480309090909096 0.10725202525252531
v -0.12330460606060606 0.056004900438505756 0.10725202525252531
v -0.12330460606060606 0.06480309090909096 0.10837490798311808
v -0.11698129292929292 0.05294279660138053 0.026688267676767803
v -0.11698129292929292 0.06480309090909096 0.028391933084267414
v -0.11698129292929292 0.06480309090909096 0.11446121907373995
v -0.11592810783977237 0.06480309090909096 0.026688267676767803
v -0.11065797979797978 0.06480309090909096 0.022538264083019018
v -0.11065797979797978 0.06480309090909096 0.11904330104025412
v -0.10461231903809891 0.06480309090909096 0.013260974747474862
v -0.10433466666666665 0.06480309090909096 0.013078193608517885
v -0.10433466666666665 0.05389719794828894 0.013260974747474862
v -0.10797101204765663 0.06480309090909096 0.12067931818181832
v -0.10433466666666665 0.051110346678756545 0.12067931818181832
v -0.10433466666666665 0.06480309090909096 0.12355631649828307
v -0.09801135353535351 0.06480309090909096 0.01135399763709149
v -0.09801135353535351 0.06480309090909096 0.12771974949504444
v -0.0949575788713132 0.06480309090909096 -0.00016631818181808006
v -0.09168804040404037 0.06480309090909096 -0.009342769247356072
v -0.09168804040404037 0.06480309090909096 0.1311708713393971
v -0.08536472727272727 0.06480309090909096 -0.011872401716978754
v -0.08579000296150945 0.06480309090909096 0.1341066111111112
v -0.08536472727272727 0.06349847330943946 0.1341066111111112
v -0.08536472727272727 0.06480309090909096 0.13434222807970503
v -0.08427561624536835 0.06480309090909096 -0.013593611111111029
v -0.07904141414141413 0.06480309090909096 -0.02316226473331577
v -0.07904141414141413 0.06480309090909096 0.137453253432364
v -0.072718101010101 0.06480309090909096 -0.026399379065890013
v -0.072718101010101 0.06480309090909096 0.14009931446223392
v -0.07168330359493731 0.06480309090909096 -0.02702090404040397
v -0.06639478787878786 0.06480309090909096 -0.031724456692674895
v -0.06639478787878786 0.06480309090909096 0.14230993949425533
v -0.06007147474747472 0.06480309090909096 -0.033740765103978464
v -0.06007147474747472 0.06480309090909096 0.1441625777488872
v -0.05374816161616158 0.057134078148437135 -0.04044819696969691
v -0.05374816161616158 0.06480309090909096 -0.03463795095470245
v -0.05374816161616158 0.06480309090909096 0.1456317109173309
v -0.04742484848484848 0.053717803886921225 -0.04044819696969691
v -0.04742484848484848 0.06480309090909096 -0.03125208735415578
v -0.04742484848484848 0.06480309090909096 0.14671206135111511
v -0.04396679999716367 0.06480309090909096 -0.04044819696969691
v -0.04110153535353534 0.06480309090909096 -0.05072244866870356
v -0.04110153535353534 0.06480309090909096 0.14733722526496418
v -0.0347782222222222 0.06480309090909096 -0.0506481215450558
v -0.0347782222222222 0.06480309090909096 0.14750391298181234
v -0.029242843794994713 0.06480309090909096 -0.05387548989898977
v -0.028454909090909065 0.06480309090909096 -0.05545895711059408
v -0.028454909090909065 0.06480309090909096 0.1471898187402537
v -0.022131595959595927 0.06480309090909096 -0.059659246578695674
v -0.022131595959595927 0.06480309090909096 0.14640211317991744
v -0.015808282828282793 0.06480309090909096 -0.06016806279112736
v -0.015808282828282793 0.06480309090909096 0.14526694733539208
v -0.009484969696969688 0.06480309090909096 -0.057729154374394624
v -0.009484969696969688 0.06480309090909096 0.14359032483015213
v -0.008501102593252775 0.06480309090909096 -0.05387548989898977
v -0.003161656565656551 0.06122585032641173 -0.05387548989898977
v -0.003161656565656551 0.06480309090909096 -0.049269662676425824
v -0.003161656565656551 0.06480309090909096 0.14121524381874498
v 0.003161656565656586 0.05996479345156275 -0.05387548989898977
v 0.003161656565656586 0.06480309090909096 -0.04799947892149582
v 0.003161656565656586 0.06480309090909096 0.14037399043276808
v 0.009484969696969759 0.0641887641225867 -0.05387548989898977
v 0.009484969696969759 0.06480309090909096 -0.05310848866029441
v 0.009484969696969759 0.06480309090909096 0.1411804735175913
v 0.011315650940092906 0.06480309090909096 -0.05387548989898977
v 0.015808282828282862 0.06480309090909096 -0.057447065420942627
v 0.015808282828282862 0.06480309090909096 0.1416234189041101
v 0.022131595959595962 0.06480309090909096 -0.05712299782187514
v 0.022131595959595962 0.06480309090909096 0.14183584492986637
v 0.02645317458896446 0.06480309090909096 -0.05387548989898977
v 0.028454909090909135 0.06429624895546562 -0.05387548989898977
v 0.028454909090909135 0.06480309090909096 -0.05296687845708891
v 0.028454909090909135 0.06480309090909096 0.14201840447350617
v 0.03477822222222224 0.06480309090909096 -0.04997275520762573
v 0.03477822222222224 0.06480309090909096 0.14199088031221357
v 0.04110153535353541 0.06480309090909096 -0.04766032861454253
v 0.04110153535353541 0.06480309090909096 0.14167470461342935
v 0.04237679731155566 0.06480309090909096 -0.04044819696969691
v 0.047424848484848514 0.05294868920465147 -0.04044819696969691
v 0.047424848484848514 0.06480309090909096 -0.03023913798704906
v 0.047424848484848514 0.06480309090909096 0.14103872904739695
v 0.05374816161616162 0.05520713012592782 -0.04044819696969691
v 0.05374816161616162 0.06480309090909096 -0.03326216313133672
v 0.05374816161616162 0.06480309090909096 0.1399784873041097
v 0.06007147474747479 0.06480309090909096 -0.03281828926406025
v 0.06007147474747479 0.06480309090909096 0.13857656245649624
v 0.06639478787878789 0.06480309090909096 -0.031070901751638638
v 0.06639478787878789 0.052014477634330314 0.1341066111111112
v 0.06639478787878789 0.06480309090909096 0.13680173058583694
v 0.07184584308409031 0.06480309090909096 -0.02702090404040397
v 0.07271810101010107 0.06480309090909096 -0.026544633528741233
v 0.07271810101010107 0.061875134958565975 0.1341066111111112
v 0.07271810101010107 0.06480309090909096 0.13472772046760478
v 0.07904141414141416 0.06480309090909096 -0.02368101656112063
v 0.07432727175636183 0.06480309090909096 0.1341066111111112
v 0.07904141414141416 0.06480309090909096 0.13238181908617017
v 0.08392668454319767 0.06480309090909096 -0.013593611111111029
v 0.08536472727272734 0.06480309090909096 -0.011133676223677195
v 0.08536472727272734 0.06480309090909096 0.1296111941749991
v 0.09168804040404044 0.06480309090909096 -0.004679496226488252
v 0.09168804040404044 0.051864620050816844 -0.00016631818181808006
v 0.09168804040404044 0.06480309090909096 0.1265901962705362
v 0.09371829482429658 0.06480309090909096 -0.00016631818181808006
v 0.09801135353535355 0.06480309090909096 0.010478225098167704
v 0.09801135353535355 0.05460029802938101 0.12067931818181832
v 0.09801135353535355 0.06480309090909096 0.12317015568427218
v 0.10365769340789811 0.06480309090909096 0.013260974747474862
v 0.10433466666666671 0.06480309090909096 0.015066852980164384
v 0.10186864068655645 0.06480309090909096 0.12067931818181832
v 0.10433466666666671 0.06480309090909096 0.1193831303280778
v 0.11065797979797981 0.06480309090909096 0.023437272671168196
v 0.11065797979797981 0.06480309090909096 0.1156159285112421
v 0.11498408682689591 0.06480309090909096 0.026688267676767803
v 0.11698129292929299 0.06480309090909096 0.029926055045860052
v 0.11698129292929299 0.06480309090909096 0.11106128881095441
v 0.12330460606060609 0.06480309090909096 0.036490212168637834
v 0.12087300353608041 0.06480309090909096 0.10725202525252531
v 0.12330460606060609 0.06480309090909096 0.1060113288049038
v 0.1272469182558177 0.06480309090909096 0.04011556060606067
v 0.12962791919191927 0.051850603648460246 0.04011556060606067
v 0.12962791919191927 0.06480309090909096 0.04261234454596536
v 0.12962791919191927 0.06480309090909096 0.10147901202363276
v 0.13595123232323236 0.06480309090909096 0.04998938067857125
v 0.1340545871446758 0.06480309090909096 0.09382473232323243
v 0.13595123232323236 0.06480309090909096 0.09334323469664407
v 0.13785132784139692 0.06480309090909096 0.05354285353535361
v 0.14227454545454546 0.06480309090909096 0.06145760780694595
v 0.1382372279810735 0.06480309090909096 0.08039743939393956
v 0.14227454545454546 0.06480309090909096 0.0673502018947883
v 0.14227454545454546 0.053109575815580075 0.08039743939393956
v 0.14307224226212104 0.06480309090909096 0.06697014646464655
v -0.14227454545454543 0.06932343808413592 0.06697014646464655
v -0.1359512323232323 0.07739663339375251 0.05354285353535361
v -0.13994557919571127 0.07849727272727286 0.06697014646464655
v -0.1359512323232323 0.07849727272727286 0.05380418340218027
v -0.13867799304129008 0.07849727272727286 0.08039743939393956
v -0.1359512323232323 0.07849727272727286 0.09300618362894929
v -0.1357332793949637 0.07849727272727286 0.05354285353535361
v -0.12962791919191918 0.07849727272727286 0.0448028140847061
v -0.13366881699420385 0.07849727272727286 0.09382473232323243
v -0.12962791919191918 0.07849727272727286 0.10330697568936356
v -0.12678540085479498 0.07849727272727286 0.04011556060606067
v -0.12330460606060606 0.07849727272727286 0.03753978492888769
v -0.12421187763685033 0.07849727272727286 0.10725202525252531
v -0.12330460606060606 0.07849727272727286 0.10879179885992707
v -0.11698129292929292 0.07849727272727286 0.029541396653849
v -0.11698129292929292 0.07849727272727286 0.1154205566260409
v -0.11609544096344945 0.07849727272727286 0.026688267676767803
v -0.11065797979797978 0.07849727272727286 0.024858412591173256
v -0.11065797979797978 0.07849727272727286 0.12014878522973768
v -0.10571604554999268 0.07849727272727286 0.013260974747474862
v -0.10433466666666665 0.07849727272727286 0.005462579978636516
v -0.10979464837247693 0.07849727272727286 0.12067931818181832
v -0.10433466666666665 0.07849727272727286 0.1251488876841039
v -0.09845322199291312 0.07849727272727286 -0.00016631818181808006
v -0.09801135353535351 0.07849727272727286 -0.0016638731499303001
v -0.09801135353535351 0.07825810320633135 -0.00016631818181808006
v -0.09801135353535351 0.07849727272727286 0.12916066405085302
v -0.09168804040404037 0.07849727272727286 -0.009610404755169924
v -0.09168804040404037 0.07849727272727286 0.13251985869945052
v -0.08539947907135015 0.07849727272727286 -0.013593611111111029
v -0.08536472727272727 0.07849727272727286 -0.013633573064481094
v -0.08536472727272727 0.07842045597070632 -0.013593611111111029
v -0.08845534746840253 0.07849727272727286 0.1341066111111112
v -0.08536472727272727 0.07849727272727286 0.1358524795482216
v -0.07904141414141413 0.07849727272727286 -0.017934960105747463
v -0.07904141414141413 0.07849727272727286 0.13887493823665248
v -0.072718101010101 0.07849727272727286 -0.019808884286330142
v -0.072718101010101 0.07849727272727286 0.14139428943707652
v -0.06639478787878786 0.0700546414832409 -0.02702090404040397
v -0.06639478787878786 0.07849727272727286 -0.02076062361089315
v -0.06639478787878786 0.07849727272727286 0.14349464149680116
v -0.06007147474747472 0.06953590171537344 -0.02702090404040397
v -0.06007147474747472 0.07849727272727286 -0.020235999100706396
v -0.06007147474747472 0.07849727272727286 0.14516246889370313
v -0.05374816161616158 0.06803507956383816 -0.02702090404040397
v -0.05374816161616158 0.07849727272727286 -0.01764353257612602
v -0.05374816161616158 0.07849727272727286 0.1465076928900213
v -0.04978984860561093 0.07849727272727286 -0.02702090404040397
v -0.04742484848484848 0.07849727272727286 -0.036918809234607025
v -0.04742484848484848 0.07849727272727286 0.14749299790432072
v -0.04110153535353534 0.07836604683059381 -0.04044819696969691
v -0.04110153535353534 0.07849727272727286 -0.04012998154897174
v -0.046945878450368475 0.07849727272727286 0.1475339040404042
v -0.04110153535353534 0.06875490332154714 0.1475339040404042
v -0.04110153535353534 0.07849727272727286 0.14806395467570424
v -0.04049507938801615 0.07849727272727286 -0.04044819696969691
v -0.0347782222222222 0.07849727272727286 -0.04695271515392137
v -0.0347782222222222 0.0654738819142881 0.1475339040404042
v -0.0347782222222222 0.07849727272727286 0.14820977239549135
v -0.028454909090909065 0.06878664361860089 -0.05387548989898977
v -0.028454909090909065 0.07849727272727286 -0.04996856409083581
v -0.028454909090909065 0.07426439094475568 0.1475339040404042
v -0.028454909090909065 0.07849727272727286 0.14773381195830854
v -0.022131595959595927 0.07474177273717748 -0.05387548989898977
v -0.022131595959595927 0.07849727272727286 -0.05110018906845997
v -0.02774476772982357 0.07849727272727286 0.1475339040404042
v -0.022131595959595927 0.07849727272727286 0.1467000695597862
v -0.015808282828282793 0.07396530409369313 -0.05387548989898977
v -0.015808282828282793 0.07849727272727286 -0.05027695256992096
v -0.015808282828282793 0.07849727272727286 0.14525227566487964
v -0.009484969696969688 0.0693810177195876 -0.05387548989898977
v -0.009484969696969688 0.07849727272727286 -0.04823019886242872
v -0.009484969696969688 0.07849727272727286 0.1433611870919634
v -0.003161656565656551 0.07849727272727286 -0.049235873424189405
v -0.003161656565656551 0.07849727272727286 0.1412120579528503
v 0.0026268545762565512 0.07849727272727286 -0.04044819696969691
v 0.003161656565656586 0.07756197479214429 -0.04044819696969691
v 0.003161656565656586 0.07849727272727286 -0.03925264191703341
v 0.003161656565656586 0.07849727272727286 0.14040852274725166
v 0.005604432492146765 0.07849727272727286 -0.04044819696969691
v 0.009484969696969759 0.07849727272727286 -0.0443933507510569
v 0.009484969696969759 0.07849727272727286 0.1410537763347758
v 0.015808282828282862 0.06985809897668761 -0.05387548989898977
v 0.015808282828282862 0.07849727272727286 -0.04680853049631333
v 0.015808282828282862 0.07849727272727286 0.14177509452747103
v 0.022131595959595962 0.0705516365146966 -0.05387548989898977
v 0.022131595959595962 0.07849727272727286 -0.04797357434303588
v 0.022131595959595962 0.07849727272727286 0.1424064683079852
v 0.028454909090909135 0.07849727272727286 -0.04730462861411723
v 0.028454909090909135 0.07849727272727286 0.1429155815127944
v 0.03477822222222224 0.07849727272727286 -0.04450357159793648
v 0.03477822222222224 0.07849727272727286 0.14305668768495736
v 0.03835453135003625 0.07849727272727286 -0.04044819696969691
v 0.04110153535353541 0.07716757496967638 -0.04044819696969691
v 0.04110153535353541 0.07849727272727286 -0.03915893383773079
v 0.04110153535353541 0.07849727272727286 0.1428842903709075
v 0.047424848484848514 0.07849727272727286 -0.036217318568293494
v 0.047424848484848514 0.07849727272727286 0.14232582238977853
v 0.052223568064651164 0.07849727272727286 -0.02702090404040397
v 0.05374816161616162 0.07295567717941782 -0.02702090404040397
v 0.05374816161616162 0.07849727272727286 -0.023020933359958896
v 0.05374816161616162 0.07849727272727286 0.14144264676725873
v 0.06007147474747479 0.06915622895831244 -0.02702090404040397
v 0.06007147474747479 0.07849727272727286 -0.0202281110888572
v 0.06007147474747479 0.07849727272727286 0.14021136256815692
v 0.06639478787878789 0.0691794038599289 -0.02702090404040397
v 0.06639478787878789 0.07849727272727286 -0.02018816031672259
v 0.06639478787878789 0.07849727272727286 0.13862658454983037
v 0.07271810101010107 0.07849727272727286 -0.01906370182323897
v 0.07271810101010107 0.07849727272727286 0.13664860127913586
v 0.07904141414141416 0.07849727272727286 -0.017070792891521407
v 0.07904141414141416 0.07742154781648046 0.1341066111111112
v 0.07904141414141416 0.07849727272727286 0.13425250008048023
v 0.08381274528144811 0.07849727272727286 -0.013593611111111029
v 0.08536472727272734 0.07849727272727286 -0.012792490160450838
v 0.07936669748038773 0.07849727272727286 0.1341066111111112
v 0.08536472727272734 0.07849727272727286 0.1317324099844174
v 0.09168804040404044 0.07849727272727286 -0.009274253192174625
v 0.09168804040404044 0.07849727272727286 0.1287210692325972
v 0.09725021038637563 0.07849727272727286 -0.00016631818181808006
v 0.09801135353535355 0.07849727272727286 0.0004195917082770676
v 0.09801135353535355 0.07849727272727286 0.12525607782680112
v 0.10433466666666671 0.07849727272727286 0.004705045820112863
v 0.10433466666666671 0.06523533830584702 0.013260974747474862
v 0.10433466666666671 0.07507755438969287 0.12067931818181832
v 0.10433466666666671 0.07849727272727286 0.12116243203914688
v 0.10627377763625669 0.07849727272727286 0.013260974747474862
v 0.11065797979797981 0.07849727272727286 0.024661686901450895
v 0.10493452043932217 0.07849727272727286 0.12067931818181832
v 0.11065797979797981 0.07849727272727286 0.1172389550443202
v 0.11601762173154341 0.07849727272727286 0.026688267676767803
v 0.11698129292929299 0.07849727272727286 0.030080434425672032
v 0.11698129292929299 0.07849727272727286 0.11247931991841212
v 0.12330460606060609 0.07849727272727286 0.03775076738297982
v 0.1218391422207806 0.07849727272727286 0.10725202525252531
v 0.12330460606060609 0.07849727272727286 0.10649419251853129
v 0.12643135886983894 0.07849727272727286 0.04011556060606067
v 0.12962791919191927 0.07849727272727286 0.04533984319528371
v 0.12962791919191927 0.07849727272727286 0.10179593581773122
v 0.1352907228942178 0.07849727272727286 0.05354285353535361
v 0.13595123232323236 0.07492464359627592 0.05354285353535361
v 0.13595123232323236 0.07849727272727286 0.05433548663348921
v 0.13296086658595843 0.07849727272727286 0.09382473232323243
v 0.13595123232323236 0.07849727272727286 0.09274419163934636
v 0.13979983294591272 0.07849727272727286 0.06697014646464655
v 0.14227454545454546 0.06904094194741844 0.06697014646464655
v 0.13864206156424194 0.07849727272727286 0.08039743939393956
v -0.13777657173865046 0.09219145454545462 0.06697014646464655
v -0.1359512323232323 0.09219145454545462 0.058488648844756574
v -0.13718526785449353 0.09219145454545462 0.08039743939393956
v -0.1359512323232323 0.09219145454545462 0.08710032292958028
v -0.1344795505437866 0.09219145454545462 0.05354285353535361
v -0.12962791919191918 0.09219145454545462 0.047553748582830034
v -0.13140884416251034 0.09219145454545462 0.09382473232323243
v -0.12962791919191918 0.09219145454545462 0.10055077898086247
v -0.12715368823558773 0.09219145454545462 0.04011556060606067
v -0.12330460606060606 0.09219145454545462 0.03761721258258938
v -0.12330460606060606 0.09219145454545462 0.10723292932021175
v -0.12330460606060606 0.09176453716440827 0.10725202525252531
v -0.11934455081148893 0.09219145454545462 0.026688267676767803
v -0.11698129292929292 0.09219145454545462 0.01778473119362374
v -0.11698129292929292 0.07956383267545585 0.026688267676767803
v -0.12327438132405552 0.09219145454545462 0.10725202525252531
v -0.11698129292929292 0.09219145454545462 0.11520794323394903
v -0.11065797979797978 0.09219145454545462 0.013337451666707087
v -0.11065797979797978 0.09219145454545462 0.11991984346163775
v -0.11050648055356645 0.09219145454545462 0.013260974747474862
v -0.10433466666666665 0.09219145454545462 0.003599103313741303
v -0.1093978584842959 0.09219145454545462 0.12067931818181832
v -0.10433466666666665 0.09219145454545462 0.12494319530006129
v -0.09858978060565782 0.09219145454545462 -0.00016631818181808006
v -0.09801135353535351 0.09219145454545462 -0.0008369471721766734
v -0.09801135353535351 0.09219145454545462 0.1289376459388628
v -0.09168804040404037 0.09219145454545462 -0.005197821193879568
v -0.09168804040404037 0.09219145454545462 0.13224966306918925
v -0.08536472727272727 0.0785761207650394 -0.013593611111111029
v -0.08536472727272727 0.09219145454545462 -0.007436394145836343
v -0.08759401107525144 0.09219145454545462 0.1341066111111112
v -0.08536472727272727 0.09219145454545462 0.1353674502194109
v -0.07904141414141413 0.08454480465879932 -0.013593611111111029
v -0.07904141414141413 0.09219145454545462 -0.008551029738393936
v -0.07904141414141413 0.09219145454545462 0.13845169271587804
v -0.072718101010101 0.08539554324264959 -0.013593611111111029
v -0.072718101010101 0.09219145454545462 -0.008833198847049568
v -0.072718101010101 0.09219145454545462 0.14099999915974473
v -0.06639478787878786 0.08605481491542612 -0.013593611111111029
v -0.06639478787878786 0.09219145454545462 -0.009332254860949964
v -0.06639478787878786 0.09219145454545462 0.1430978334603331
v -0.06525061207723917 0.09219145454545462 -0.013593611111111029
v -0.06007147474747472 0.09219145454545462 -0.02145444342010788
v -0.06007147474747472 0.09219145454545462 0.14479697407361217
v -0.05374816161616158 0.09219145454545462 -0.023611663645119706
v -0.05374816161616158 0.09219145454545462 0.14607928614777363
v -0.0486725118601222 0.09219145454545462 -0.02702090404040397
v -0.04742484848484848 0.09219145454545462 -0.031024234638417338
v -0.04742484848484848 0.09219145454545462 0.14706059696596344
v -0.04110153535353534 0.09219145454545462 -0.03613029290634753
v -0.0425863691719198 0.09219145454545462 0.1475339040404042
v -0.04110153535353534 0.09219145454545462 0.1477016541378554
v -0.0347782222222222 0.09018163566807767 -0.04044819696969691
v -0.0347782222222222 0.09219145454545462 -0.03911994010540095
v -0.0347782222222222 0.09219145454545462 0.14776586804003022
v -0.029813024170115256 0.09219145454545462 -0.04044819696969691
v -0.028454909090909065 0.09219145454545462 -0.04097810874564437
v -0.03181024232034574 0.09219145454545462 0.1475339040404042
v -0.028454909090909065 0.09219145454545462 0.14737689889383013
v -0.028454909090909065 0.08473930365257261 0.1475339040404042
v -0.022131595959595927 0.09219145454545462 -0.04094724305912618
v -0.022131595959595927 0.09219145454545462 0.1464515013878686
v -0.021303074888920488 0.09219145454545462 -0.04044819696969691
v -0.015808282828282793 0.09022474700860345 -0.04044819696969691
v -0.015808282828282793 0.09219145454545462 -0.03882408759066427
v -0.015808282828282793 0.09219145454545462 0.14510950065293146
v -0.009484969696969688 0.08665331346428068 -0.04044819696969691
v -0.009484969696969688 0.09219145454545462 -0.036392454635472096
v -0.009484969696969688 0.09219145454545462 0.14336765961802883
v -0.003161656565656551 0.08624680591123066 -0.04044819696969691
v -0.003161656565656551 0.09219145454545462 -0.035929836307908636
v -0.003161656565656551 0.09219145454545462 0.14174641526894421
v 0.003161656565656586 0.09219145454545462 -0.03497074980945923
v 0.003161656565656586 0.09219145454545462 0.14096507377659287
v 0.009484969696969759 0.08237744682273769 -0.04044819696969691
v 0.009484969696969759 0.09219145454545462 -0.03383350316872827
v 0.009484969696969759 0.09219145454545462 0.14116445869323563
v 0.015808282828282862 0.08589064046930783 -0.04044819696969691
v 0.015808282828282862 0.09219145454545462 -0.035401657926188754
v 0.015808282828282862 0.09219145454545462 0.14183585975734386
v 0.022131595959595962 0.08825114255220215 -0.04044819696969691
v 0.022131595959595962 0.09219145454545462 -0.03704024449272207
v 0.022131595959595962 0.09219145454545462 0.14246541110275274
v 0.028454909090909135 0.0886460830638469 -0.04044819696969691
v 0.028454909090909135 0.09219145454545462 -0.03747967914464925
v 0.028454909090909135 0.09219145454545462 0.14307397474917025
v 0.03477822222222224 0.08588167729728967 -0.04044819696969691
v 0.03477822222222224 0.09219145454545462 -0.036455146709811086
v 0.03477822222222224 0.09219145454545462 0.14328024857370236
v 0.04110153535353541 0.09219145454545462 -0.034027211407348476
v 0.04110153535353541 0.09219145454545462 0.14311708191480316
v 0.047424848484848514 0.09219145454545462 -0.02873212403081122
v 0.047424848484848514 0.09219145454545462 0.14261347791055967
v 0.04795082417620711 0.09219145454545462 -0.02702090404040397
v 0.05374816161616162 0.09219145454545462 -0.02331143602239149
v 0.05374816161616162 0.09219145454545462 0.14171654540645226
v 0.06007147474747479 0.09219145454545462 -0.02096201623513371
v 0.06007147474747479 0.09219145454545462 0.14048251015648064
v 0.06519543453962985 0.09219145454545462 -0.013593611111111029
v 0.06639478787878789 0.08554681773369185 -0.013593611111111029
v 0.06639478787878789 0.09219145454545462 -0.008988673708800238
v 0.06639478787878789 0.09219145454545462 0.13887153785270565
v 0.07271810101010107 0.08477627450516512 -0.013593611111111029
v 0.07271810101010107 0.09219145454545462 -0.008528931014578215
v 0.07271810101010107 0.09219145454545462 0.1369449694893028
v 0.07904141414141416 0.08349627607451719 -0.013593611111111029
v 0.07904141414141416 0.09219145454545462 -0.008102492579534592
v 0.07904141414141416 0.09219145454545462 0.1344985211382305
v 0.08536472727272734 0.09219145454545462 -0.007051135223791984
v 0.079892803460086 0.09219145454545462 0.1341066111111112
v 0.08536472727272734 0.09219145454545462 0.1320349281411762
v 0.09168804040404044 0.09219145454545462 -0.004723082829630328
v 0.09168804040404044 0.09219145454545462 0.12930217334650582
v 0.09784554879872263 0.09219145454545462 -0.00016631818181808006
v 0.09801135353535355 0.09219145454545462 -7.954834733068204e-05
v 0.09801135353535355 0.09219145454545462 0.12571608733787928
v 0.10433466666666671 0.09219145454545462 0.003977817528617195
v 0.10433466666666671 0.09219145454545462 0.12148458374196142
v 0.1104297774783323 0.09219145454545462 0.013260974747474862
v 0.11065797979797981 0.09219145454545462 0.013371857937757628
v 0.10530325283602952 0.09219145454545462 0.12067931818181832
v 0.11065797979797981 0.09219145454545462 0.11753456712338978
v 0.11698129292929299 0.09219145454545462 0.019749895904384977
v 0.11698129292929299 0.08038241077314556 0.026688267676767803
v 0.11698129292929299 0.09219145454545462 0.11262659257398022
v 0.11868478777279413 0.09219145454545462 0.026688267676767803
v 0.12330460606060609 0.09219145454545462 0.0378105158878152
v 0.12120199335223684 0.09219145454545462 0.10725202525252531
v 0.12330460606060609 0.09219145454545462 0.10589187645304035
v 0.1271307082833547 0.09219145454545462 0.04011556060606067
v 0.12962791919191927 0.09219145454545462 0.047363352954415294
v 0.12962791919191927 0.09219145454545462 0.0987587562431159
v 0.13445675759104037 0.09219145454545462 0.05354285353535361
v 0.13595123232323236 0.09219145454545462 0.05896274889593895
v 0.13094246634168286 0.09219145454545462 0.09382473232323243
v 0.13595123232323236 0.09219145454545462 0.08657085420843556
v 0.13753119440439815 0.09219145454545462 0.06697014646464655
v 0.13709986416366982 0.09219145454545462 0.08039743939393956
v -0.1366479424257937 0.10588563636363638 0.06697014646464655
v -0.1359512323232323 0.10588563636363638 0.06277749314856429
v -0.1359512323232323 0.10588563636363638 0.06743568188393767
v -0.1359512323232323 0.09502512780896889 0.08039743939393956
v -0.1349847019112646 0.10588563636363638 0.05354285353535361
v -0.12962791919191918 0.10588563636363638 0.04981640458390469
v -0.1339959300396134 0.10588563636363638 0.08039743939393956
v -0.12962791919191918 0.10588563636363638 0.0936810938239808
v -0.12962791919191918 0.10327644977287588 0.09382473232323243
v -0.12796445090505262 0.10588563636363638 0.04011556060606067
v -0.12330460606060606 0.10588563636363638 0.02720014470184576
v -0.1291089615028689 0.10588563636363638 0.09382473232323243
v -0.12330460606060606 0.10588563636363638 0.10549255680230334
v -0.12180423949640173 0.10588563636363638 0.026688267676767803
v -0.11698129292929292 0.10588563636363638 0.01630771716046895
v -0.1207126213100653 0.10588563636363638 0.10725202525252531
v -0.11698129292929292 0.10588563636363638 0.11251649090627888
v -0.11262681416582468 0.10588563636363638 0.013260974747474862
v -0.11065797979797978 0.10588563636363638 0.010683270165423035
v -0.11065797979797978 0.09407559294667536 0.013260974747474862
v -0.11065797979797978 0.10588563636363638 0.1177479528817822
v -0.10433466666666665 0.10588563636363638 0.0057791489309327315
v -0.10562599988996303 0.10588563636363638 0.12067931818181832
v -0.10433466666666665 0.10588563636363638 0.12181863399568757
v -0.09801135353535351 0.09416154011580821 -0.00016631818181808006
v -0.09801135353535351 0.10588563636363638 0.002853890929856027
v -0.09801135353535351 0.10588563636363638 0.12621749743844923
v -0.09168804040404037 0.10308173114421972 -0.00016631818181808006
v -0.09168804040404037 0.10588563636363638 0.0009423092539904872
v -0.09168804040404037 0.10588563636363638 0.1295675895421325
v -0.08681462288637067 0.10588563636363638 -0.00016631818181808006
v -0.08536472727272727 0.10588563636363638 -0.0005006525636860033
v -0.08536472727272727 0.10588563636363638 0.1322369736994668
v -0.08536472727272727 0.09603634922471155 0.1341066111111112
v -0.07904141414141413 0.10588563636363638 -0.0018194081550988003
v -0.08028479382585316 0.10588563636363638 0.1341066111111112
v -0.07904141414141413 0.10588563636363638 0.13478517408622392
v -0.072718101010101 0.10588563636363638 -0.003407870620224288
v -0.072718101010101 0.10588563636363638 0.13793831453963953
v -0.06639478787878786 0.10588563636363638 -0.0044863890656733595
v -0.06639478787878786 0.10588563636363638 0.1403382124547773
v -0.06007147474747472 0.1020148632599465 -0.013593611111111029
v -0.06007147474747472 0.10588563636363638 -0.009825758012523007
v -0.06007147474747472 0.10588563636363638 0.14226489343855728
v -0.05622575159749236 0.10588563636363638 -0.013593611111111029
v -0.05374816161616158 0.10588563636363638 -0.021155632187576122
v -0.05374816161616158 0.10588563636363638 0.14373311454974297
v -0.04742484848484848 0.09959523035844525 -0.02702090404040397
v -0.04742484848484848 0.10588563636363638 -0.024392212828186745
v -0.04742484848484848 0.10588563636363638 0.14482046911694227
v -0.04139769419368785 0.10588563636363638 -0.02702090404040397
v -0.04110153535353534 0.10588563636363638 -0.027299156178724054
v -0.04110153535353534 0.10588563636363638 0.1455896480216598
v -0.04110153535353534 0.09287627829566164 0.1475339040404042
v -0.0347782222222222 0.10588563636363638 -0.03011220367216244
v -0.0347782222222222 0.10588563636363638 0.14596883175642417
v -0.0347782222222222 0.09328697513115079 0.1475339040404042
v -0.028454909090909065 0.09289265714515192 -0.04044819696969691
v -0.028454909090909065 0.10588563636363638 -0.031057624881257816
v -0.028454909090909065 0.10588563636363638 0.14599799245165732
v -0.022131595959595927 0.09279040207031287 -0.04044819696969691
v -0.022131595959595927 0.10588563636363638 -0.03058235617223496
v -0.022131595959595927 0.10588563636363638 0.14546959682993973
v -0.015808282828282793 0.10588563636363638 -0.02823650797094394
v -0.015808282828282793 0.10588563636363638 0.14441836040448264
v -0.01489196721852885 0.10588563636363638 -0.02702090404040397
v -0.009484969696969688 0.1032173547976683 -0.02702090404040397
v -0.009484969696969688 0.10588563636363638 -0.024580612176811956
v -0.009484969696969688 0.10588563636363638 0.14302074979613344
v -0.003161656565656551 0.10028389721673557 -0.02702090404040397
v -0.003161656565656551 0.10588563636363638 -0.020347440654591008
v -0.003161656565656551 0.10588563636363638 0.14223224384843186
v 0.003161656565656586 0.09893933710316083 -0.02702090404040397
v 0.003161656565656586 0.10588563636363638 -0.019351352535396497
v 0.003161656565656586 0.10588563636363638 0.14147175778228244
v 0.009484969696969759 0.09969371275877087 -0.02702090404040397
v 0.009484969696969759 0.10588563636363638 -0.02180080211722328
v 0.009484969696969759 0.10588563636363638 0.14094620307185204
v 0.015808282828282862 0.10219638179821194 -0.02702090404040397
v 0.015808282828282862 0.10588563636363638 -0.02418555491303831
v 0.015808282828282862 0.10588563636363638 0.1414598984449829
v 0.022131595959595962 0.10445221171113532 -0.02702090404040397
v 0.022131595959595962 0.10588563636363638 -0.025926814350745862
v 0.022131595959595962 0.10588563636363638 0.14201599439268783
v 0.028454909090909135 0.10557026219100575 -0.02702090404040397
v 0.028454909090909135 0.10588563636363638 -0.02677771856327721
v 0.028454909090909135 0.10588563636363638 0.14232310764932923
v 0.03477822222222224 0.10513907716500492 -0.02702090404040397
v 0.03477822222222224 0.10588563636363638 -0.026447334847784665
v 0.03477822222222224 0.10588563636363638 0.14233025201800797
v 0.04110153535353541 0.10318794151985818 -0.02702090404040397
v 0.04110153535353541 0.10588563636363638 -0.025175803921049615
v 0.04110153535353541 0.10588563636363638 0.14192997697662219
v 0.047424848484848514 0.0956446690930225 -0.02702090404040397
v 0.047424848484848514 0.10588563636363638 -0.022901105649691555
v 0.047424848484848514 0.10588563636363638 0.14117262137403744
v 0.05374816161616162 0.10588563636363638 -0.0197669671535309
v 0.05374816161616162 0.10588563636363638 0.14003602276207527
v 0.056319318843732584 0.10588563636363638 -0.013593611111111029
v 0.06007147474747479 0.1028718014647984 -0.013593611111111029
v 0.06007147474747479 0.10588563636363638 -0.01053732065443564
v 0.06007147474747479 0.10588563636363638 0.1385482501443875
v 0.06639478787878789 0.10588563636363638 -0.005133947660795255
v 0.06639478787878789 0.10588563636363638 0.13669206533103348
v 0.07271810101010107 0.10588563636363638 -0.0031175729085418887
v 0.07271810101010107 0.10588563636363638 0.13430581973193068
v 0.07904141414141416 0.10588563636363638 -0.001318302137463797
v 0.0732013674828885 0.10588563636363638 0.1341066111111112
v 0.07904141414141416 0.10588563636363638 0.13241532543388168
v 0.07904141414141416 0.09383620629049692 0.1341066111111112
v 0.08459548553739904 0.10588563636363638 -0.00016631818181808006
v 0.08536472727272734 0.10545044575552087 -0.00016631818181808006
v 0.08536472727272734 0.10588563636363638 3.188214328383836e-05
v 0.08536472727272734 0.10588563636363638 0.13022872142323613
v 0.09168804040404044 0.10197208471240636 -0.00016631818181808006
v 0.09168804040404044 0.10588563636363638 0.001347418058096789
v 0.09168804040404044 0.10588563636363638 0.12740412661086523
v 0.09801135353535355 0.10588563636363638 0.0031998441973389233
v 0.09801135353535355 0.10588563636363638 0.12383725569038674
v 0.10433466666666671 0.10588563636363638 0.006015120896952203
v 0.10221659449841237 0.10588563636363638 0.12067931818181832
v 0.10433466666666671 0.10588563636363638 0.11959398052089726
v 0.10433466666666671 0.0960585582224569 0.12067931818181832
v 0.11065797979797981 0.10588563636363638 0.010805323786753612
v 0.11065797979797981 0.09485259888360448 0.013260974747474862
v 0.11065797979797981 0.10588563636363638 0.11581260743295603
v 0.11258220537316616 0.10588563636363638 0.013260974747474862
v 0.11698129292929299 0.10588563636363638 0.016329126284092502
v 0.11698129292929299 0.10588563636363638 0.11014040141254614
v 0.12192055224791587 0.10588563636363638 0.026688267676767803
v 0.12330460606060609 0.10588563636363638 0.027182626475062727
v 0.11899901221557366 0.10588563636363638 0.10725202525252531
v 0.12330460606060609 0.10588563636363638 0.10435076279667893
v 0.12802513522564035 0.10588563636363638 0.04011556060606067
v 0.12962791919191927 0.10588563636363638 0.049618631763182645
v 0.12853827373462254 0.10588563636363638 0.09382473232323243
v 0.12962791919191927 0.10588563636363638 0.0935127764967011
v 0.12962791919191927 0.10023223180980265 0.09382473232323243
v 0.13504764000221353 0.10588563636363638 0.05354285353535361
v 0.13595123232323236 0.10588563636363638 0.0636157182998042
v 0.13395625725984575 0.10588563636363638 0.08039743939393956
v 0.13595123232323236 0.10588563636363638 0.06729161240376354
v 0.13595123232323236 0.0948241889674575 0.08039743939393956
v 0.13642194155920992 0.10588563636363638 0.06697014646464655
v -0.13627075695162053 0.11957981818181829 0.06697014646464655
v -0.1359512323232323 0.11957981818181829 0.06406327787855334
v -0.1359512323232323 0.11957981818181829 0.06724153388024169
v -0.1317938969245151 0.11957981818181829 0.04011556060606067
v -0.12962791919191918 0.11957981818181829 0.030711211680637118
v -0.12962791919191918 0.1150814521036595 0.04011556060606067
v -0.13564673838566782 0.11957981818181829 0.05354285353535361
v -0.13283397609308362 0.11957981818181829 0.08039743939393956
v -0.12962791919191918 0.11957981818181829 0.09116450517464851
v -0.1254876990491443 0.11957981818181829 0.026688267676767803
v -0.12330460606060606 0.11957981818181829 0.022643989130483762
v -0.12330460606060606 0.1127538976679885 0.026688267676767803
v -0.12572395604134265 0.11957981818181829 0.09382473232323243
v -0.12330460606060606 0.11957981818181829 0.10068969639354432
v -0.11698129292929292 0.11957981818181829 0.01685449210394522
v -0.11698129292929292 0.11957981818181829 0.10580997786565732
v -0.11698129292929292 0.11345663415847008 0.10725202525252531
v -0.11065797979797978 0.11623675210056399 0.013260974747474862
v -0.11065797979797978 0.11957981818181829 0.013644156185591332
v -0.1140662266641072 0.11957981818181829 0.10725202525252531
v -0.11065797979797978 0.11957981818181829 0.11116436389766246
v -0.10983018618732462 0.11957981818181829 0.013260974747474862
v -0.10433466666666665 0.11957981818181829 0.009354030763318387
v -0.10433466666666665 0.11957981818181829 0.11622956656422279
v -0.10433466666666665 0.10725017026916459 0.12067931818181832
v -0.09801135353535351 0.11957981818181829 0.006764337190714509
v -0.09801135353535351 0.11957981818181829 0.11915251374445075
v -0.09801135353535351 0.11391942817379466 0.12067931818181832
v -0.09168804040404037 0.11957981818181829 0.005477157125167135
v -0.09356602881300995 0.11957981818181829 0.12067931818181832
v -0.09168804040404037 0.11957981818181829 0.12197834422423481
v -0.08536472727272727 0.10637786493231562 -0.00016631818181808006
v -0.08536472727272727 0.11957981818181829 0.004496066505633627
v -0.08536472727272727 0.11957981818181829 0.1258474022578761
v -0.07904141414141413 0.10822348143296451 -0.00016631818181808006
v -0.07904141414141413 0.11957981818181829 0.004569790499250088
v -0.07904141414141413 0.11957981818181829 0.12877504805474335
v -0.07904141414141413 0.10654334871740721 0.1341066111111112
v -0.072718101010101 0.10964111682043899 -0.00016631818181808006
v -0.072718101010101 0.11957981818181829 0.005970633308327289
v -0.072718101010101 0.11957981818181829 0.1308901043516473
v -0.072718101010101 0.11000842386707252 0.1341066111111112
v -0.07066718265453673 0.11957981818181829 -0.00016631818181808006
v -0.06639478787878786 0.11957981818181829 -0.00849029314168514
v -0.06639478787878786 0.11957981818181829 0.13257701107603215
v -0.06639478787878786 0.11387898585241925 0.1341066111111112
v -0.06007147474747472 0.11957981818181829 -0.010321567645665618
v -0.06022674323897798 0.11957981818181829 0.1341066111111112
v -0.06007147474747472 0.11957981818181829 0.1342032184642099
v -0.05374816161616158 0.11646387130729977 -0.013593611111111029
v -0.05374816161616158 0.11957981818181829 -0.012148493536164725
v -0.05374816161616158 0.11957981818181829 0.13770994432713432
v -0.04856339370825718 0.11957981818181829 -0.013593611111111029
v -0.04742484848484848 0.11957981818181829 -0.014674872335218568
v -0.04742484848484848 0.11957981818181829 0.13973662587947444
v -0.04110153535353534 0.10619718721924494 -0.02702090404040397
v -0.04110153535353534 0.11957981818181829 -0.01721211187966494
v -0.04110153535353534 0.11957981818181829 0.14107078063932754
v -0.0347782222222222 0.10922532939356235 -0.02702090404040397
v -0.0347782222222222 0.11957981818181829 -0.018741905974077176
v -0.0347782222222222 0.11957981818181829 0.14219073219367942
v -0.028454909090909065 0.11002134480014734 -0.02702090404040397
v -0.028454909090909065 0.11957981818181829 -0.01924091005135168
v -0.028454909090909065 0.11957981818181829 0.14291018185977225
v -0.022131595959595927 0.10942512150831295 -0.02702090404040397
v -0.022131595959595927 0.11957981818181829 -0.019093935402746433
v -0.022131595959595927 0.11957981818181829 0.14303942722647087
v -0.015808282828282793 0.10706345243402643 -0.02702090404040397
v -0.015808282828282793 0.11957981818181829 -0.018375337984032826
v -0.015808282828282793 0.11957981818181829 0.14268965036365738
v -0.009484969696969688 0.11957981818181829 -0.017431780563535552
v -0.009484969696969688 0.11957981818181829 0.14223285480380282
v -0.003161656565656551 0.11957981818181829 -0.016274829280616493
v -0.003161656565656551 0.11957981818181829 0.14210057777418975
v 0.003161656565656586 0.11957981818181829 -0.014199699227050997
v 0.003161656565656586 0.11957981818181829 0.141260709680821
v 0.009484969696969759 0.11957981818181829 -0.01389040367394286
v 0.009484969696969759 0.11957981818181829 0.1400868279175884
v 0.015808282828282862 0.11957981818181829 -0.014651976344643956
v 0.015808282828282862 0.11957981818181829 0.1401737518801469
v 0.022131595959595962 0.11957981818181829 -0.01572630673545767
v 0.022131595959595962 0.11957981818181829 0.14020659043225714
v 0.028454909090909135 0.11957981818181829 -0.01604223884243757
v 0.028454909090909135 0.11957981818181829 0.14008727300452783
v 0.03477822222222224 0.11957981818181829 -0.01587461420203648
v 0.03477822222222224 0.11957981818181829 0.1396223379477453
v 0.04110153535353541 0.11957981818181829 -0.014853970097596973
v 0.04110153535353541 0.11957981818181829 0.1385091113921358
v 0.04435992600201413 0.11957981818181829 -0.013593611111111029
v 0.047424848484848514 0.11865624115390239 -0.013593611111111029
v 0.047424848484848514 0.11957981818181829 -0.013143612542684573
v 0.047424848484848514 0.11957981818181829 0.13660972864491797
v 0.05374816161616162 0.11475691420631422 -0.013593611111111029
v 0.05374816161616162 0.11957981818181829 -0.011516574044000057
v 0.05312224837219263 0.11957981818181829 0.1341066111111112
v 0.05374816161616162 0.11957981818181829 0.13395848889967157
v 0.05374816161616162 0.11872567184120497 0.1341066111111112
v 0.06007147474747479 0.11957981818181829 -0.010233380006409247
v 0.06007147474747479 0.11957981818181829 0.1325941643171413
v 0.06007147474747479 0.11286597116122832 0.1341066111111112
v 0.06639478787878789 0.11957981818181829 -0.008211800800655368
v 0.06639478787878789 0.11957981818181829 0.13123766585374186
v 0.06639478787878789 0.10915997875380137 0.1341066111111112
v 0.07068932748266532 0.11957981818181829 -0.00016631818181808006
v 0.07271810101010107 0.10971326071399094 -0.00016631818181808006
v 0.07271810101010107 0.11957981818181829 0.005303279968496633
v 0.07271810101010107 0.11957981818181829 0.12965268976957617
v 0.07271810101010107 0.10610939726527034 0.1341066111111112
v 0.07904141414141416 0.10746095000279965 -0.00016631818181808006
v 0.07904141414141416 0.11957981818181829 0.004563639085252338
v 0.07904141414141416 0.11957981818181829 0.12779073408363614
v 0.08536472727272734 0.11957981818181829 0.004839991050474576
v 0.08536472727272734 0.11957981818181829 0.12494669153314916
v 0.09168804040404044 0.11957981818181829 0.005568777453980869
v 0.09159954305776728 0.11957981818181829 0.12067931818181832
v 0.09168804040404044 0.11957981818181829 0.1206471452276937
v 0.09168804040404044 0.119411427801727 0.12067931818181832
v 0.09801135353535355 0.11957981818181829 0.0069894145289884505
v 0.09801135353535355 0.11957981818181829 0.11842018239961635
v 0.09801135353535355 0.11077597231763885 0.12067931818181832
v 0.10433466666666671 0.11957981818181829 0.009500793116338573
v 0.10433466666666671 0.11957981818181829 0.11533898505780531
v 0.1100357417063354 0.11957981818181829 0.013260974747474862
v 0.11065797979797981 0.11685062645658237 0.013260974747474862
v 0.11065797979797981 0.11957981818181829 0.013529899521462172
v 0.11065797979797981 0.11957981818181829 0.10992483387263485
v 0.11698129292929299 0.11957981818181829 0.016557064191503226
v 0.11267011157662003 0.11957981818181829 0.10725202525252531
v 0.11698129292929299 0.11957981818181829 0.10495268214193056
v 0.11698129292929299 0.1096866194695061 0.10725202525252531
v 0.12330460606060609 0.11957981818181829 0.021809084965546108
v 0.12330460606060609 0.11149378243403386 0.026688267676767803
v 0.12330460606060609 0.11957981818181829 0.09939118176712494
v 0.126054021075476 0.11957981818181829 0.026688267676767803
v 0.12962791919191927 0.11957981818181829 0.030193965890905592
v 0.12962791919191927 0.11445975330732204 0.04011556060606067
v 0.12519459053013443 0.11957981818181829 0.09382473232323243
v 0.12962791919191927 0.11957981818181829 0.09049287757998875
v 0.1321806047499237 0.11957981818181829 0.04011556060606067
v 0.1356110267416134 0.11957981818181829 0.05354285353535361
v 0.1359501835137364 0.11957981818181829 0.06697014646464655
v 0.13595123232323236 0.1195264774028728 0.06697014646464655
v 0.13263852652201144 0.11957981818181829 0.08039743939393956
v -0.13790315944993256 0.13327400000000003 0.05354285353535361
v -0.1359512323232323 0.13327400000000003 0.050186072485132016
v -0.1359512323232323 0.12080295736373053 0.05354285353535361
v -0.1359512323232323 0.13327400000000003 0.06024617138068255
v -0.1359512323232323 0.1199400546236062 0.06697014646464655
v -0.13286269324511063 0.13327400000000003 0.04011556060606067
v -0.12962791919191918 0.13327400000000003 0.030570258495471514
v -0.13457415633430658 0.13327400000000003 0.06697014646464655
v -0.12962791919191918 0.13327400000000003 0.07573753118058066
v -0.12962791919191918 0.12524486245432398 0.08039743939393956
v -0.12330460606060606 0.12228837213582838 0.026688267676767803
v -0.12330460606060606 0.13327400000000003 0.02931782295880698
v -0.12718465307934038 0.13327400000000003 0.08039743939393956
v -0.12330460606060606 0.13327400000000003 0.09045494874367324
v -0.12330460606060606 0.12189097166741043 0.09382473232323243
v -0.12267856181827196 0.13327400000000003 0.026688267676767803
v -0.11698129292929292 0.13327400000000003 0.014830248447234825
v -0.11698129292929292 0.13327400000000003 0.09204401456877875
v -0.11698129292929292 0.12780375344283276 0.09382473232323243
v -0.11065797979797978 0.13327400000000003 0.018708898509536224
v -0.11603175878729606 0.13327400000000003 0.09382473232323243
v -0.11065797979797978 0.13327400000000003 0.10378970610750547
v -0.11065797979797978 0.12090965665653794 0.10725202525252531
v -0.10433466666666665 0.12098979172074437 0.013260974747474862
v -0.10433466666666665 0.13327400000000003 0.018904420050310837
v -0.10433466666666665 0.13327400000000003 0.10475973620047166
v -0.10433466666666665 0.1239886335821966 0.10725202525252531
v -0.0983792204545428 0.13327400000000003 0.013260974747474862
v -0.09801135353535351 0.13327400000000003 0.012101704461655996
v -0.09801135353535351 0.13327400000000003 0.10283818411897387
v -0.09801135353535351 0.1242491138403914 0.10725202525252531
v -0.09168804040404037 0.13327400000000003 0.001720556450349615
v -0.09564146188760903 0.13327400000000003 0.10725202525252531
v -0.09168804040404037 0.13327400000000003 0.11591071135364878
v -0.09168804040404037 0.11998543107217792 0.12067931818181832
v -0.08536472727272727 0.13327400000000003 0.005543491991254727
v -0.08536472727272727 0.13327400000000003 0.1162262747419831
v -0.08536472727272727 0.12092130489035462 0.12067931818181832
v -0.07904141414141413 0.13327400000000003 0.004971017156736791
v -0.07904141414141413 0.13327400000000003 0.11561686178126691
v -0.07904141414141413 0.12178371826718011 0.12067931818181832
v -0.072718101010101 0.13327400000000003 0.007603335268109227
v -0.072718101010101 0.13327400000000003 0.11791471237132402
v -0.072718101010101 0.12555514930186198 0.12067931818181832
v -0.06639478787878786 0.1285884122190632 -0.00016631818181808006
v -0.06639478787878786 0.13327400000000003 0.004020111954850532
v -0.07148344843561313 0.13327400000000003 0.12067931818181832
v -0.06639478787878786 0.13327400000000003 0.1303380398708177
v -0.06007147474747472 0.12596821437556777 -0.00016631818181808006
v -0.06007147474747472 0.13327400000000003 0.006456904401103876
v -0.06007147474747472 0.13327400000000003 0.1299041307530895
v -0.06007147474747472 0.11960332987033466 0.1341066111111112
v -0.0559294128556333 0.13327400000000003 -0.00016631818181808006
v -0.05374816161616158 0.13327400000000003 -0.008039525064384866
v -0.05374816161616158 0.13327400000000003 0.13094617084194832
v -0.05374816161616158 0.12079840401170931 0.1341066111111112
v -0.04742484848484848 0.12010355897735037 -0.013593611111111029
v -0.04742484848484848 0.13327400000000003 -0.012523118177204924
v -0.04742484848484848 0.13327400000000003 0.12959296105216553
v -0.04742484848484848 0.12140440708349175 0.1341066111111112
v -0.04110153535353534 0.12121819283682153 -0.013593611111111029
v -0.04110153535353534 0.13327400000000003 -0.00967461113641748
v -0.04110153535353534 0.13327400000000003 0.1304512320354068
v -0.04110153535353534 0.1228022434662773 0.1341066111111112
v -0.0347782222222222 0.121640653860442 -0.013593611111111029
v -0.0347782222222222 0.13327400000000003 -0.011956304893103738
v -0.0347782222222222 0.13327400000000003 0.12918202688313413
v -0.0347782222222222 0.12287878041709532 0.1341066111111112
v -0.028454909090909065 0.12172876033402755 -0.013593611111111029
v -0.028454909090909065 0.13327400000000003 -0.010097312309694005
v -0.028454909090909065 0.13327400000000003 0.13318303946843724
v -0.028454909090909065 0.13005586012409848 0.1341066111111112
v -0.022131595959595927 0.12189325022087752 -0.013593611111111029
v -0.022131595959595927 0.13327400000000003 -0.010341701385529815
v -0.027594740515257673 0.13327400000000003 0.1341066111111112
v -0.022131595959595927 0.13327400000000003 0.14078909184066898
v -0.015808282828282793 0.1217486578115983 -0.013593611111111029
v -0.015808282828282793 0.13327400000000003 -0.009729658984642441
v -0.015808282828282793 0.13327400000000003 0.14151670210706144
v -0.009484969696969688 0.12180523822107824 -0.013593611111111029
v -0.009484969696969688 0.13327400000000003 -0.009412318632853687
v -0.009484969696969688 0.13327400000000003 0.14191454211487842
v -0.003161656565656551 0.12094629671207519 -0.013593611111111029
v -0.003161656565656551 0.13327400000000003 -0.008428413427863473
v -0.003161656565656551 0.13327400000000003 0.14211451212912385
v 0.003161656565656586 0.11987011739684868 -0.013593611111111029
v 0.003161656565656586 0.13327400000000003 -0.007716455451404442
v 0.003161656565656586 0.13327400000000003 0.1415870093444047
v 0.009484969696969759 0.11972069318933415 -0.013593611111111029
v 0.009484969696969759 0.13327400000000003 -0.00878082603179935
v 0.009484969696969759 0.13327400000000003 0.14085930816815384
v 0.015808282828282862 0.12008426654553939 -0.013593611111111029
v 0.015808282828282862 0.13327400000000003 -0.00901722318843385
v 0.015808282828282862 0.13327400000000003 0.13986308831535424
v 0.022131595959595962 0.12046725307032877 -0.013593611111111029
v 0.022131595959595962 0.13327400000000003 -0.010671295573145898
v 0.022131595959595962 0.13327400000000003 0.13455067617121239
v 0.028454909090909135 0.1206075562168526 -0.013593611111111029
v 0.028454909090909135 0.13327400000000003 -0.00981951101197363
v 0.022377778963690653 0.13327400000000003 0.1341066111111112
v 0.028454909090909135 0.13327400000000003 0.12983070651502712
v 0.028454909090909135 0.12318376860657804 0.1341066111111112
v 0.03477822222222224 0.12051305201201082 -0.013593611111111029
v 0.03477822222222224 0.13327400000000003 -0.01154579187029131
v 0.03477822222222224 0.13327400000000003 0.13021500148575124
v 0.03477822222222224 0.12283729676182954 0.1341066111111112
v 0.04110153535353541 0.12015543761649482 -0.013593611111111029
v 0.04110153535353541 0.13327400000000003 -0.010620219383967476
v 0.04110153535353541 0.13327400000000003 0.12866732637358244
v 0.04110153535353541 0.12093849166210356 0.1341066111111112
v 0.047424848484848514 0.13327400000000003 -0.010992217263594891
v 0.047424848484848514 0.13327400000000003 0.12971943098511096
v 0.047424848484848514 0.12036441125903663 0.1341066111111112
v 0.05374816161616162 0.13327400000000003 -0.007520566240201365
v 0.05374816161616162 0.13327400000000003 0.12975121963290917
v 0.05780245936767177 0.13327400000000003 -0.00016631818181808006
v 0.06007147474747479 0.13006864047678124 -0.00016631818181808006
v 0.06007147474747479 0.13327400000000003 0.002610061430415877
v 0.06007147474747479 0.13327400000000003 0.13117771964622585
v 0.06639478787878789 0.12484959134573556 -0.00016631818181808006
v 0.06639478787878789 0.13327400000000003 0.007288771958709708
v 0.06639478787878789 0.13327400000000003 0.12865931437865455
v 0.07271810101010107 0.13327400000000003 0.006970467567625778
v 0.07043918559230833 0.13327400000000003 0.12067931818181832
v 0.07271810101010107 0.13327400000000003 0.11639626850516833
v 0.07271810101010107 0.12397320111263943 0.12067931818181832
v 0.07904141414141416 0.13327400000000003 0.006383844598636474
v 0.07904141414141416 0.13327400000000003 0.11783908264346017
v 0.07904141414141416 0.12353808784611428 0.12067931818181832
v 0.08536472727272734 0.13327400000000003 0.003487344174593938
v 0.08536472727272734 0.13327400000000003 0.11675498759168881
v 0.08536472727272734 0.12092421981400908 0.12067931818181832
v 0.09168804040404044 0.13327400000000003 0.005761412092401201
v 0.09168804040404044 0.13327400000000003 0.11582980351662778
v 0.0939552365913993 0.13327400000000003 0.013260974747474862
v 0.09801135353535355 0.1210707003759224 0.013260974747474862
v 0.09801135353535355 0.13327400000000003 0.021568652506963604
v 0.09701124332083035 0.13327400000000003 0.10725202525252531
v 0.09801135353535355 0.13327400000000003 0.10566938141985853
v 0.09801135353535355 0.12823961299697115 0.10725202525252531
v 0.10433466666666671 0.12111691830269354 0.013260974747474862
v 0.10433466666666671 0.13327400000000003 0.018512404316981174
v 0.10433466666666671 0.13327400000000003 0.10445719077301886
v 0.10433466666666671 0.12296768243523329 0.10725202525252531
v 0.11065797979797981 0.13327400000000003 0.01813402308201595
v 0.11065797979797981 0.13327400000000003 0.10339879084137168
v 0.11065797979797981 0.12050554963961604 0.10725202525252531
v 0.11698129292929299 0.13327400000000003 0.016456777616497213
v 0.11682714452819559 0.13327400000000003 0.09382473232323243
v 0.11698129292929299 0.13327400000000003 0.09364936619943234
v 0.11698129292929299 0.13222937472938578 0.09382473232323243
v 0.12215185562090052 0.13327400000000003 0.026688267676767803
v 0.12330460606060609 0.12276045784442471 0.026688267676767803
v 0.12330460606060609 0.13327400000000003 0.029164020289230562
v 0.12330460606060609 0.13327400000000003 0.0917879871150929
v 0.12330460606060609 0.12099999137090219 0.09382473232323243
v 0.12962791919191927 0.13327400000000003 0.03071139004526748
v 0.12688930129185583 0.13327400000000003 0.08039743939393956
v 0.12962791919191927 0.13327400000000003 0.0720675810800399
v 0.12962791919191927 0.1217901867883914 0.08039743939393956
v 0.1338707383981726 0.13327400000000003 0.04011556060606067
v 0.1347809063795187 0.13327400000000003 0.05354285353535361
v 0.13429517884433034 0.13327400000000003 0.06697014646464655
v -0.1359512323232323 0.13896159392720137 0.05354285353535361
v -0.1312068164168235 0.14696818181818194 0.04011556060606067
v -0.12962791919191918 0.14696818181818194 0.035438234887865815
v -0.1335098305460905 0.14696818181818194 0.05354285353535361
v -0.1306137024293043 0.14696818181818194 0.06697014646464655
v -0.12962791919191918 0.14696818181818194 0.06764979051645348
v -0.12330460606060606 0.14696818181818194 0.02916653999632918
v -0.1238322023587052 0.14696818181818194 0.08039743939393956
v -0.12330460606060606 0.14696818181818194 0.08410398092926397
v -0.11986623429227801 0.14696818181818194 0.026688267676767803
v -0.11698129292929292 0.14696818181818194 0.023190496505776172
v -0.11698129292929292 0.14696818181818194 0.09327367941481207
v -0.11065797979797978 0.14696818181818194 0.01954482649741491
v -0.11596052007519436 0.14696818181818194 0.09382473232323243
v -0.11065797979797978 0.14696818181818194 0.10075310256698533
v -0.10433466666666665 0.14696818181818194 0.017446441076262753
v -0.10433466666666665 0.14696818181818194 0.10378583798939385
v -0.09801135353535351 0.13910098794308273 0.013260974747474862
v -0.09801135353535351 0.14696818181818194 0.01487027718947924
v -0.09801135353535351 0.14696818181818194 0.10618754090153304
v -0.09471783697592011 0.14696818181818194 0.013260974747474862
v -0.09168804040404037 0.14696818181818194 0.011707412255542544
v -0.09660742505600253 0.14696818181818194 0.10725202525252531
v -0.09168804040404037 0.14696818181818194 0.1121078200430974
v -0.08536472727272727 0.14696818181818194 0.009795275100758285
v -0.08536472727272727 0.14696818181818194 0.11402529413011059
v -0.07904141414141413 0.14696818181818194 0.008886640892130033
v -0.07904141414141413 0.14696818181818194 0.11550807770041438
v -0.072718101010101 0.14696818181818194 0.008605584106067276
v -0.072718101010101 0.14696818181818194 0.11776895981995157
v -0.06639478787878786 0.14696818181818194 0.0060601036165291965
v -0.06639478787878786 0.14696818181818194 0.12063492846986464
v -0.06639478787878786 0.14694497562567382 0.12067931818181832
v -0.06064719067809993 0.14696818181818194 -0.00016631818181808006
v -0.06007147474747472 0.14696818181818194 -0.002283966483093269
v -0.06007147474747472 0.14605571794514807 -0.00016631818181808006
v -0.06633991666113874 0.14696818181818194 0.12067931818181832
v -0.06007147474747472 0.14696818181818194 0.1256111087621485
v -0.05374816161616158 0.14696818181818194 -0.005824133906858154
v -0.05374816161616158 0.14696818181818194 0.1280219337551216
v -0.04742484848484848 0.14696818181818194 -0.006673300645072358
v -0.04742484848484848 0.14696818181818194 0.1283520942911834
v -0.04110153535353534 0.14696818181818194 -0.00754520442754818
v -0.04110153535353534 0.14696818181818194 0.12918590541118646
v -0.0347782222222222 0.14696818181818194 -0.00818120993613742
v -0.0347782222222222 0.14696818181818194 0.13001083017396461
v -0.028454909090909065 0.14696818181818194 -0.008537307775977115
v -0.028454909090909065 0.14696818181818194 0.1316229599501323
v -0.022131595959595927 0.14696818181818194 -0.008609397620975156
v -0.022131595959595927 0.14696818181818194 0.13292641084567572
v -0.022131595959595927 0.14527767116808094 0.1341066111111112
v -0.015808282828282793 0.14696818181818194 -0.008303277011737602
v -0.01705376750470851 0.14696818181818194 0.1341066111111112
v -0.015808282828282793 0.14696818181818194 0.13451794034533068
v -0.009484969696969688 0.14696818181818194 -0.00783799281661399
v -0.009484969696969688 0.14696818181818194 0.13439226335537258
v -0.003161656565656551 0.14696818181818194 -0.007447105400697106
v -0.00934836157565732 0.14696818181818194 0.1341066111111112
v -0.003161656565656551 0.14696818181818194 0.12937853977991562
v -0.003161656565656551 0.14260729311973516 0.1341066111111112
v 0.003161656565656586 0.14696818181818194 -0.006816012855035739
v 0.003161656565656586 0.14696818181818194 0.1271676880600378
v 0.003161656565656586 0.14010287766911803 0.1341066111111112
v 0.009484969696969759 0.14696818181818194 -0.006466296808295984
v 0.009484969696969759 0.14696818181818194 0.13156568198504512
v 0.009484969696969759 0.1442163181290491 0.1341066111111112
v 0.015808282828282862 0.14696818181818194 -0.006844070421552603
v 0.015808282828282862 0.14696818181818194 0.1316341015548056
v 0.015808282828282862 0.14351505822996746 0.1341066111111112
v 0.022131595959595962 0.14696818181818194 -0.007315683376496065
v 0.022131595959595962 0.14696818181818194 0.13081635590002585
v 0.022131595959595962 0.13440574003544042 0.1341066111111112
v 0.028454909090909135 0.14696818181818194 -0.007424385198547782
v 0.028454909090909135 0.14696818181818194 0.12970958772916336
v 0.03477822222222224 0.14696818181818194 -0.007364816370519299
v 0.03477822222222224 0.14696818181818194 0.12923629859691263
v 0.04110153535353541 0.14696818181818194 -0.007044290575587076
v 0.04110153535353541 0.14696818181818194 0.1284890168360002
v 0.047424848484848514 0.14696818181818194 -0.006429376389423563
v 0.047424848484848514 0.14696818181818194 0.1276405955673713
v 0.05374816161616162 0.14696818181818194 -0.005386520383956294
v 0.05374816161616162 0.14696818181818194 0.12669749402896602
v 0.06007147474747479 0.14696818181818194 -0.0032106631661293185
v 0.06007147474747479 0.14270851183251823 -0.00016631818181808006
v 0.06007147474747479 0.14696818181818194 0.1250468862682558
v 0.06036821745256231 0.14696818181818194 -0.00016631818181808006
v 0.06639478787878789 0.14696818181818194 0.00991368792968297
v 0.06639478787878789 0.14696818181818194 0.12133235333805278
v 0.07271810101010107 0.14696818181818194 0.008773604477316767
v 0.0671771553193682 0.14696818181818194 0.12067931818181832
v 0.07271810101010107 0.14696818181818194 0.1177652281859015
v 0.07904141414141416 0.14696818181818194 0.009045053245843636
v 0.07904141414141416 0.14696818181818194 0.11659740036586175
v 0.08536472727272734 0.14696818181818194 0.010005282526921178
v 0.08536472727272734 0.14696818181818194 0.1149478900771593
v 0.09168804040404044 0.14696818181818194 0.012427723648498226
v 0.09168804040404044 0.14696818181818194 0.11262127124154893
v 0.09299223284001358 0.14696818181818194 0.013260974747474862
v 0.09801135353535355 0.14696818181818194 0.01591988303912427
v 0.09717568211158344 0.14696818181818194 0.10725202525252531
v 0.09801135353535355 0.14696818181818194 0.10663629385647501
v 0.10433466666666671 0.14696818181818194 0.018247235015070813
v 0.10433466666666671 0.14696818181818194 0.10386776678436252
v 0.11065797979797981 0.14696818181818194 0.02034551657677944
v 0.11065797979797981 0.14696818181818194 0.10064201515720761
v 0.11698129292929299 0.14696818181818194 0.024144066540089267
v 0.11574704315904792 0.14696818181818194 0.09382473232323243
v 0.11698129292929299 0.14696818181818194 0.09317334959375317
v 0.1190252550269988 0.14696818181818194 0.026688267676767803
v 0.12330460606060609 0.14696818181818194 0.029523301414004208
v 0.12330460606060609 0.14696818181818194 0.08538893286055134
v 0.12962791919191927 0.14696818181818194 0.03534372858453721
v 0.12423137222441549 0.14696818181818194 0.08039743939393956
v 0.12962791919191927 0.14696818181818194 0.06816061391327823
v 0.13134395005738247 0.14696818181818194 0.04011556060606067
v 0.1339772591622583 0.14696818181818194 0.05354285353535361
v 0.13113161523659447 0.14696818181818194 0.06697014646464655
v -0.12962791919191918 0.15395767735187207 0.04011556060606067
v -0.13086480732398187 0.16066236363636371 0.05354285353535361
v -0.12962791919191918 0.16066236363636371 0.04714250799049196
v -0.12962791919191918 0.16066236363636371 0.05919305750293195
v -0.12962791919191918 0.15034352975017615 0.06697014646464655
v -0.12755459643016634 0.16066236363636371 0.04011556060606067
v -0.12330460606060606 0.16066236363636371 0.02949051750123013
v -0.125693837417164 0.16066236363636371 0.06697014646464655
v -0.12330460606060606 0.16066236363636371 0.06888139044395367
v -0.12330460606060606 0.14878151043023388 0.08039743939393956
v -0.11851857921359284 0.16066236363636371 0.026688267676767803
v -0.11698129292929292 0.16066236363636371 0.024692095386275648
v -0.1195920525809213 0.16066236363636371 0.08039743939393956
v -0.11698129292929292 0.16066236363636371 0.09361567249309208
v -0.11065797979797978 0.16066236363636371 0.01984186235525827
v -0.11660561601113557 0.16066236363636371 0.09382473232323243
v -0.11065797979797978 0.16066236363636371 0.10316011876950544
v -0.10433466666666665 0.16066236363636371 0.016790574029148575
v -0.10459627356752656 0.16066236363636371 0.10725202525252531
v -0.10433466666666665 0.16042025800456708 0.10725202525252531
v -0.10433466666666665 0.16066236363636371 0.10756685552671552
v -0.09801135353535351 0.16066236363636371 0.014489987911161736
v -0.09801135353535351 0.15250578750711538 0.10725202525252531
v -0.09801135353535351 0.16066236363636371 0.11289771417656448
v -0.09422937680632544 0.16066236363636371 0.013260974747474862
v -0.09168804040404037 0.16066236363636371 0.012453404098227172
v -0.09168804040404037 0.16066236363636371 0.11612649220139427
v -0.08536472727272727 0.16066236363636371 0.01096028677728452
v -0.08536472727272727 0.16066236363636371 0.11837001172398687
v -0.07904141414141413 0.16066236363636371 0.009824443670558725
v -0.07920341447856363 0.16066236363636371 0.12067931818181832
v -0.07904141414141413 0.16061685958358532 0.12067931818181832
v -0.07904141414141413 0.16066236363636371 0.1207823179605237
v -0.072718101010101 0.16066236363636371 0.008950378499157884
v -0.072718101010101 0.15767226182187832 0.12067931818181832
v -0.072718101010101 0.16066236363636371 0.12419507084264089
v -0.06639478787878786 0.16066236363636371 0.007851791069316895
v -0.06639478787878786 0.14725942343499765 0.12067931818181832
v -0.06639478787878786 0.16066236363636371 0.12679315112386724
v -0.060584575342114436 0.16066236363636371 -0.00016631818181808006
v -0.06007147474747472 0.16066236363636371 -0.0031381002731933403
v -0.06007147474747472 0.16066236363636371 0.1289024668776315
v -0.05374816161616158 0.16066236363636371 -0.008029402379623785
v -0.05374816161616158 0.16066236363636371 0.13065375112887895
v -0.04742484848484848 0.16066236363636371 -0.009663392183591765
v -0.04742484848484848 0.16066236363636371 0.13203229039303724
v -0.04110153535353534 0.16066236363636371 -0.010916259291975636
v -0.04110153535353534 0.16066236363636371 0.13313257936195885
v -0.0347782222222222 0.16066236363636371 -0.011740360074945902
v -0.0347782222222222 0.16066236363636371 0.13398484339543612
v -0.028454909090909065 0.16066236363636371 -0.01200966464994848
v -0.033913324192487555 0.16066236363636371 0.1341066111111112
v -0.028454909090909065 0.15916529075896502 0.1341066111111112
v -0.028454909090909065 0.16066236363636371 0.13514101975061502
v -0.022131595959595927 0.16066236363636371 -0.011544035651620132
v -0.022131595959595927 0.15716585123274907 0.1341066111111112
v -0.022131595959595927 0.16066236363636371 0.13523505058547844
v -0.015808282828282793 0.16066236363636371 -0.010477913731448558
v -0.015985046862983875 0.16066236363636371 0.1341066111111112
v -0.015808282828282793 0.16066236363636371 0.1340905153562215
v -0.015808282828282793 0.16013312057307857 0.1341066111111112
v -0.009484969696969688 0.16066236363636371 -0.009087447045608966
v -0.009484969696969688 0.16066236363636371 0.1319063345355254
v -0.009484969696969688 0.14813934239004625 0.1341066111111112
v -0.003161656565656551 0.16066236363636371 -0.008094599561729046
v -0.003161656565656551 0.16066236363636371 0.12674832164264796
v 0.003161656565656586 0.16066236363636371 -0.00737651345585228
v 0.003161656565656586 0.16066236363636371 0.125799894292842
v 0.009484969696969759 0.16066236363636371 -0.0072014650795876895
v 0.009484969696969759 0.16066236363636371 0.12934071428249025
v 0.015808282828282862 0.16066236363636371 -0.008081990926039081
v 0.015808282828282862 0.16066236363636371 0.13093889753640173
v 0.022131595959595962 0.16066236363636371 -0.009128210182428521
v 0.022131595959595962 0.16066236363636371 0.13162557042887524
v 0.028454909090909135 0.16066236363636371 -0.009884977491512887
v 0.028454909090909135 0.16066236363636371 0.13182103620064228
v 0.03477822222222224 0.16066236363636371 -0.010190755656243906
v 0.03477822222222224 0.16066236363636371 0.13158608554493859
v 0.04110153535353541 0.16066236363636371 -0.00969610208589833
v 0.04110153535353541 0.16066236363636371 0.13086851932285135
v 0.047424848484848514 0.16066236363636371 -0.00887448416547316
v 0.047424848484848514 0.16066236363636371 0.1298595525153425
v 0.05374816161616162 0.16066236363636371 -0.007680556359995247
v 0.05374816161616162 0.16066236363636371 0.12865076757032962
v 0.06007147474747479 0.16066236363636371 -0.00250977321370214
v 0.06007147474747479 0.16066236363636371 0.12719049377039626
v 0.060449960409275555 0.16066236363636371 -0.00016631818181808006
v 0.06639478787878789 0.16066236363636371 0.008558438816011395
v 0.06639478787878789 0.16066236363636371 0.12564514670561144
v 0.07271810101010107 0.16066236363636371 0.009305464750885721
v 0.07271810101010107 0.15786167814162472 0.12067931818181832
v 0.07271810101010107 0.16066236363636371 0.12347486679102129
v 0.07904141414141416 0.16066236363636371 0.010071174640991717
v 0.07903512420261113 0.16066236363636371 0.12067931818181832
v 0.07904141414141416 0.16066236363636371 0.1206772785117885
v 0.08536472727272734 0.16066236363636371 0.01130607694804835
v 0.08536472727272734 0.16066236363636371 0.11847639241223001
v 0.09168804040404044 0.16066236363636371 0.013048875263740854
v 0.09168804040404044 0.16066236363636371 0.11584295294144004
v 0.09232408512514703 0.16066236363636371 0.013260974747474862
v 0.09801135353535355 0.16066236363636371 0.015094115641861245
v 0.09801135353535355 0.1510903978870159 0.10725202525252531
v 0.09801135353535355 0.16066236363636371 0.11220438926804742
v 0.10433466666666671 0.16066236363636371 0.01743334759724787
v 0.10355398075180942 0.16066236363636371 0.10725202525252531
v 0.10433466666666671 0.16066236363636371 0.10682406599424636
v 0.11065797979797981 0.16066236363636371 0.020276213103068076
v 0.11065797979797981 0.16066236363636371 0.10228734974724511
v 0.11698129292929299 0.16066236363636371 0.02489191888601718
v 0.11619272685170547 0.16066236363636371 0.09382473232323243
v 0.11698129292929299 0.16066236363636371 0.09339594193523494
v 0.11833706981821512 0.16066236363636371 0.026688267676767803
v 0.12330460606060609 0.16066236363636371 0.029487764177614874
v 0.11966362879936343 0.16066236363636371 0.08039743939393956
v 0.12330460606060609 0.16066236363636371 0.06882542859498503
v 0.12330460606060609 0.1500723325179883 0.08039743939393956
v 0.1267791919299765 0.16066236363636371 0.04011556060606067
v 0.12962791919191927 0.15229030940184912 0.04011556060606067
v 0.12962791919191927 0.16066236363636371 0.05341374260103447
v 0.1254440703270477 0.16066236363636371 0.06697014646464655
v 0.12962791919191927 0.16066236363636371 0.05373037669780516
v 0.12962791919191927 0.15170972053382462 0.06697014646464655
v 0.1296601891664116 0.16066236363636371 0.05354285353535361
v -0.12962791919191918 0.16529108263298575 0.05354285353535361
v -0.12330460606060606 0.1735238498341869 0.04011556060606067
v -0.12609044474876357 0.17435654545454546 0.05354285353535361
v -0.12330460606060606 0.17435654545454546 0.04127453211845643
v -0.12330460606060606 0.17435654545454546 0.060217863122243385
v -0.12330460606060606 0.1654397186198852 0.06697014646464655
v -0.11698129292929292 0.16579921207013865 0.026688267676767803
v -0.12301139870695141 0.17435654545454546 0.04011556060606067
v -0.11698129292929292 0.17435654545454546 0.027975007517287036
v -0.12062863205827479 0.17435654545454546 0.06697014646464655
v -0.11732243202782117 0.17435654545454546 0.08039743939393956
v -0.11698129292929292 0.17435654545454546 0.08531226666800407
v -0.11406755351566693 0.17435654545454546 0.026688267676767803
v -0.11065797979797978 0.17435654545454546 0.022323390310419314
v -0.11433379839512962 0.17435654545454546 0.09382473232323243
v -0.11065797979797978 0.17435654545454546 0.10240920920788661
v -0.10433466666666665 0.17435654545454546 0.018109416086720224
v -0.10588567156481825 0.17435654545454546 0.10725202525252531
v -0.10433466666666665 0.17435654545454546 0.10937634738025358
v -0.09801135353535351 0.17435654545454546 0.015374376828193924
v -0.09801135353535351 0.17435654545454546 0.11512849949108359
v -0.0920527955986977 0.17435654545454546 0.013260974747474862
v -0.09168804040404037 0.17435654545454546 0.013128428962018244
v -0.09168804040404037 0.17435654545454546 0.11896592271104882
v -0.08536472727272727 0.17435654545454546 0.011472617083381173
v -0.0880678783426197 0.17435654545454546 0.12067931818181832
v -0.08536472727272727 0.17096704115811298 0.12067931818181832
v -0.08536472727272727 0.17435654545454546 0.1224558976873194
v -0.07904141414141413 0.17435654545454546 0.01020883132329364
v -0.07904141414141413 0.17435654545454546 0.1259013313362466
v -0.072718101010101 0.17435654545454546 0.009260567072693284
v -0.072718101010101 0.17435654545454546 0.12867167765459145
v -0.06639478787878786 0.17435654545454546 0.009745415085317417
v -0.06639478787878786 0.17435654545454546 0.1309169108683885
v -0.06007147474747472 0.16541169336712863 -0.00016631818181808006
v -0.06007147474747472 0.17435654545454546 0.00212672313614537
v -0.06007147474747472 0.17435654545454546 0.13259771201248644
v -0.05778924250060622 0.17435654545454546 -0.00016631818181808006
v -0.05374816161616158 0.17435654545454546 -0.008636504726101606
v -0.05374816161616158 0.17435654545454546 0.13390589067430891
v -0.04742484848484848 0.17435654545454546 -0.01080416547899843
v -0.052643452096041904 0.17435654545454546 0.1341066111111112
v -0.04742484848484848 0.17143016281519036 0.1341066111111112
v -0.04742484848484848 0.17435654545454546 0.13532586007316758
v -0.04110153535353534 0.17435654545454546 -0.012763378704790974
v -0.04110153535353534 0.1677513607302781 0.1341066111111112
v -0.04110153535353534 0.17435654545454546 0.136005180659877
v -0.0368275205864473 0.17435654545454546 -0.013593611111111029
v -0.0347782222222222 0.17435654545454546 -0.014258166808905343
v -0.0347782222222222 0.17199933550870045 -0.013593611111111029
v -0.0347782222222222 0.16211675038503634 0.1341066111111112
v -0.0347782222222222 0.17435654545454546 0.1361991918255871
v -0.028454909090909065 0.17435654545454546 -0.014765189483313965
v -0.028454909090909065 0.17019605884040948 -0.013593611111111029
v -0.028454909090909065 0.17435654545454546 0.13558004604839935
v -0.022131595959595927 0.17435654545454546 -0.013888664713124832
v -0.022131595959595927 0.17336659584634692 -0.013593611111111029
v -0.02350599774342195 0.17435654545454546 0.1341066111111112
v -0.022131595959595927 0.17435654545454546 0.13389432238331334
v -0.022131595959595927 0.1718373447839491 0.1341066111111112
v -0.021589179576880748 0.17435654545454546 -0.013593611111111029
v -0.015808282828282793 0.17435654545454546 -0.01216599067271491
v -0.015808282828282793 0.17435654545454546 0.132055985929782
v -0.009484969696969688 0.17435654545454546 -0.010071335145935412
v -0.009484969696969688 0.17435654545454546 0.13010541311001966
v -0.003161656565656551 0.17435654545454546 -0.007839445629078675
v -0.003161656565656551 0.17435654545454546 0.12891480677755787
v 0.003161656565656586 0.17435654545454546 -0.007090311399172664
v 0.003161656565656586 0.17435654545454546 0.12810809460090686
v 0.009484969696969759 0.17435654545454546 -0.008066129527925209
v 0.009484969696969759 0.17435654545454546 0.12789528766395963
v 0.015808282828282862 0.17435654545454546 -0.009429180715982253
v 0.015808282828282862 0.17435654545454546 0.12888543116428047
v 0.022131595959595962 0.17435654545454546 -0.010805594226544082
v 0.022131595959595962 0.17435654545454546 0.13017293184192638
v 0.028454909090909135 0.17435654545454546 -0.011747314191547968
v 0.028454909090909135 0.17435654545454546 0.13121230486334393
v 0.03477822222222224 0.17435654545454546 -0.011957101375247765
v 0.03477822222222224 0.17435654545454546 0.131837391775613
v 0.04110153535353541 0.17435654545454546 -0.011179842368232206
v 0.04110153535353541 0.17435654545454546 0.1318753239539322
v 0.047424848484848514 0.17435654545454546 -0.009820702664159495
v 0.047424848484848514 0.17435654545454546 0.13147400909300258
v 0.05374816161616162 0.17435654545454546 -0.008102975653117005
v 0.05374816161616162 0.17435654545454546 0.1307467438667696
v 0.057130382058507796 0.17435654545454546 -0.00016631818181808006
v 0.06007147474747479 0.16369893712298442 -0.00016631818181808006
v 0.06007147474747479 0.17435654545454546 0.003269523738627633
v 0.06007147474747479 0.17435654545454546 0.12971542098742336
v 0.06639478787878789 0.17435654545454546 0.00958141053485393
v 0.06639478787878789 0.17435654545454546 0.12832111944873717
v 0.07271810101010107 0.17435654545454546 0.009549917876384326
v 0.07271810101010107 0.17435654545454546 0.12641558015272666
v 0.07904141414141416 0.17435654545454546 0.010645730430219753
v 0.07904141414141416 0.16068002878824264 0.12067931818181832
v 0.07904141414141416 0.17435654545454546 0.12390731081459051
v 0.08536472727272734 0.17435654545454546 0.012066021519453983
v 0.08491908398820978 0.17435654545454546 0.12067931818181832
v 0.08536472727272734 0.17435654545454546 0.12049234918916
v 0.08988128241783234 0.17435654545454546 0.013260974747474862
v 0.09168804040404044 0.16486801022584963 0.013260974747474862
v 0.09168804040404044 0.17435654545454546 0.013830552814131467
v 0.09168804040404044 0.17435654545454546 0.117497732160433
v 0.09801135353535355 0.17435654545454546 0.015919466492271345
v 0.09801135353535355 0.17435654545454546 0.11340941313047562
v 0.10433466666666671 0.17435654545454546 0.018456719577558678
v 0.10426417632258954 0.17435654545454546 0.10725202525252531
v 0.10433466666666671 0.17435654545454546 0.10720467627571417
v 0.11065797979797981 0.17435654545454546 0.022236312463328006
v 0.11065797979797981 0.17435654545454546 0.10075611036075588
v 0.11440799425265846 0.17435654545454546 0.026688267676767803
v 0.11698129292929299 0.16609443866295598 0.026688267676767803
v 0.11698129292929299 0.17435654545454546 0.027663156507833006
v 0.11365657583268719 0.17435654545454546 0.09382473232323243
v 0.11698129292929299 0.17435654545454546 0.0840240505023403
v 0.12259065811627197 0.17435654545454546 0.04011556060606067
v 0.12330460606060609 0.17228957027011196 0.04011556060606067
v 0.12330460606060609 0.17435654545454546 0.04503234700729161
v 0.1204523876115018 0.17435654545454546 0.06697014646464655
v 0.12330460606060609 0.17435654545454546 0.05797116420896603
v 0.12330460606060609 0.16497442470661366 0.06697014646464655
v 0.11725942715312128 0.17435654545454546 0.08039743939393956
v 0.12470084566772383 0.17435654545454546 0.05354285353535361
v 0.12962791919191927 0.16076202331708778 0.05354285353535361
v -0.12330460606060606 0.18141883632704234 0.05354285353535361
v -0.11909555091680071 0.18805072727272737 0.04011556060606067
v -0.11698129292929292 0.18805072727272737 0.030670957377551274
v -0.11945024033955075 0.18805072727272737 0.05354285353535361
v -0.11698129292929292 0.18805072727272737 0.05593381435752586
v -0.11698129292929292 0.1789004156016288 0.06697014646464655
v -0.11698129292929292 0.17589154299828316 0.08039743939393956
v -0.11065797979797978 0.18326720144263076 0.026688267676767803
v -0.11065797979797978 0.18805072727272737 0.0272205927945509
v -0.11451882876923465 0.18805072727272737 0.06697014646464655
v -0.11392493620534345 0.18805072727272737 0.08039743939393956
v -0.11138954901075712 0.18805072727272737 0.09382473232323243
v -0.11065797979797978 0.18805072727272737 0.096373424686817
v -0.10894985977021888 0.18805072727272737 0.026688267676767803
v -0.10433466666666665 0.18805072727272737 0.020732577131545717
v -0.10433466666666665 0.18805072727272737 0.10687756241103492
v -0.10433466666666665 0.1855605259223369 0.10725202525252531
v -0.09801135353535351 0.18805072727272737 0.01696116215044681
v -0.10390500358460436 0.18805072727272737 0.10725202525252531
v -0.09801135353535351 0.18805072727272737 0.1143206442928465
v -0.09168804040404037 0.1757042159569161 0.013260974747474862
v -0.09168804040404037 0.18805072727272737 0.014413412944927925
v -0.09168804040404037 0.18805072727272737 0.11924024441309557
v -0.0882578808853181 0.18805072727272737 0.013260974747474862
v -0.08536472727272727 0.18805072727272737 0.012357001797038795
v -0.08924459506923456 0.18805072727272737 0.12067931818181832
v -0.08536472727272727 0.18805072727272737 0.12360401539489164
v -0.07904141414141413 0.18805072727272737 0.010666509148914542
v -0.07904141414141413 0.18805072727272737 0.12735208261778772
v -0.072718101010101 0.18805072727272737 0.009622210213632031
v -0.072718101010101 0.18805072727272737 0.13020461379556855
v -0.06639478787878786 0.18805072727272737 0.009880877506249853
v -0.06639478787878786 0.18805072727272737 0.13240619451604904
v -0.06007147474747472 0.18805072727272737 0.007599324238391037
v -0.06024812541206314 0.18805072727272737 0.1341066111111112
v -0.06007147474747472 0.18772734075543945 0.1341066111111112
v -0.06007147474747472 0.18805072727272737 0.1341670371473911
v -0.05513634730393929 0.18805072727272737 -0.00016631818181808006
v -0.05374816161616158 0.18805072727272737 -0.00840199726692386
v -0.05374816161616158 0.1768580621490845 0.1341066111111112
v -0.05374816161616158 0.18805072727272737 0.13558290161073172
v -0.04742484848484848 0.18805072727272737 -0.010986587212786503
v -0.04742484848484848 0.18805072727272737 0.1362941693274363
v -0.04110153535353534 0.18805072727272737 -0.013332778612487606
v -0.04110153535353534 0.18805072727272737 0.1363432279514511
v -0.040031315152644104 0.18805072727272737 -0.013593611111111029
v -0.0347782222222222 0.18805072727272737 -0.015760294814507612
v -0.0347782222222222 0.18805072727272737 0.1355977334796175
v -0.028454909090909065 0.18805072727272737 -0.016462591564019902
v -0.030291973882194366 0.18805072727272737 0.1341066111111112
v -0.028454909090909065 0.18805072727272737 0.13375887636402703
v -0.028454909090909065 0.18488379104129843 0.1341066111111112
v -0.022131595959595927 0.18805072727272737 -0.0158161237901997
v -0.022131595959595927 0.18805072727272737 0.13192190019543334
v -0.01675506325086505 0.18805072727272737 -0.013593611111111029
v -0.015808282828282793 0.18805072727272737 -0.013396613949400636
v -0.015808282828282793 0.18805072727272737 0.12980781126616728
v -0.009484969696969688 0.18805072727272737 -0.010803208720223816
v -0.009484969696969688 0.18805072727272737 0.12821220501727187
v -0.003161656565656551 0.18805072727272737 -0.008249428073156472
v -0.003161656565656551 0.18805072727272737 0.12917682605351558
v 0.003161656565656586 0.18805072727272737 -0.007446741169593266
v 0.003161656565656586 0.18805072727272737 0.12702821632442352
v 0.009484969696969759 0.18805072727272737 -0.00860089416597084
v 0.009484969696969759 0.18805072727272737 0.12458717489731114
v 0.015808282828282862 0.18805072727272737 -0.01042230126185564
v 0.015808282828282862 0.18805072727272737 0.12586536054169706
v 0.022131595959595962 0.18805072727272737 -0.012049141259135053
v 0.022131595959595962 0.18805072727272737 0.1276076234648533
v 0.028454909090909135 0.18805072727272737 -0.012868309713069164
v 0.028454909090909135 0.18805072727272737 0.12919178660939626
v 0.03477822222222224 0.18805072727272737 -0.012879300362003127
v 0.03477822222222224 0.18805072727272737 0.13044076405259689
v 0.04110153535353541 0.18805072727272737 -0.011841042396467822
v 0.04110153535353541 0.18805072727272737 0.13120648201364424
v 0.047424848484848514 0.18805072727272737 -0.010068723613791264
v 0.047424848484848514 0.18805072727272737 0.13140390503237145
v 0.05374816161616162 0.18805072727272737 -0.008137467082881615
v 0.05374816161616162 0.18805072727272737 0.13108776501868197
v 0.05465440769027177 0.18805072727272737 -0.00016631818181808006
v 0.06007147474747479 0.18805072727272737 0.009563773270700163
v 0.06007147474747479 0.18805072727272737 0.13019806251004684
v 0.06639478787878789 0.18805072727272737 0.009928252679841043
v 0.06639478787878789 0.18805072727272737 0.1288457814216787
v 0.07271810101010107 0.18805072727272737 0.010008896810429279
v 0.07271810101010107 0.18805072727272737 0.1267231170600453
v 0.07904141414141416 0.18805072727272737 0.011305260005818944
v 0.07904141414141416 0.18805072727272737 0.12399713609903461
v 0.08535243063637211 0.18805072727272737 0.013260974747474862
v 0.08536472727272734 0.1879968968139389 0.013260974747474862
v 0.08536472727272734 0.18805072727272737 0.013266562190526982
v 0.08458947682302134 0.18805072727272737 0.12067931818181832
v 0.08536472727272734 0.18805072727272737 0.12031765068585919
v 0.09168804040404044 0.18805072727272737 0.015368197706898417
v 0.09168804040404044 0.18805072727272737 0.11663258499024348
v 0.09801135353535355 0.18805072727272737 0.017752920146115316
v 0.09801135353535355 0.18805072727272737 0.11148200012903162
v 0.10433466666666671 0.18805072727272737 0.021424395700626857
v 0.1014468658042248 0.18805072727272737 0.10725202525252531
v 0.10433466666666671 0.18805072727272737 0.1046825900952882
v 0.10869737655608895 0.18805072727272737 0.026688267676767803
v 0.11065797979797981 0.1833291711793834 0.026688267676767803
v 0.11065797979797981 0.18805072727272737 0.027350659413512966
v 0.11019051040820999 0.18805072727272737 0.09382473232323243
v 0.11065797979797981 0.18805072727272737 0.09341485146167877
v 0.11065797979797981 0.18664033176323797 0.09382473232323243
v 0.11698129292929299 0.18805072727272737 0.028635328055171404
v 0.11469643070494295 0.18805072727272737 0.06697014646464655
v 0.11698129292929299 0.18805072727272737 0.056698485517604834
v 0.11698129292929299 0.17905398753266266 0.06697014646464655
v 0.11350870458106127 0.18805072727272737 0.08039743939393956
v 0.11698129292929299 0.17551445872225346 0.08039743939393956
v 0.12007824022323299 0.18805072727272737 0.04011556060606067
v 0.11967316464187562 0.18805072727272737 0.05354285353535361
v 0.12330460606060609 0.17897818401041463 0.05354285353535361
v -0.11698129292929292 0.19147101367177916 0.04011556060606067
v -0.11698129292929292 0.1933644948526969 0.05354285353535361
v -0.11663453222470616 0.2017449090909091 0.04011556060606067
v -0.11065797979797978 0.2017449090909091 0.026812908734153502
v -0.1124423358590857 0.2017449090909091 0.05354285353535361
v -0.11065797979797978 0.2017449090909091 0.05397661387563314
v -0.11065797979797978 0.19189065580309966 0.06697014646464655
v -0.11065797979797978 0.1992510502702727 0.08039743939393956
v -0.11065797979797978 0.190894527575535 0.09382473232323243
v -0.10433466666666665 0.20129035062942052 0.026688267676767803
v -0.10433466666666665 0.2017449090909091 0.02673302515163698
v -0.10631639380412129 0.2017449090909091 0.06697014646464655
v -0.10939464754021508 0.2017449090909091 0.08039743939393956
v -0.10716283744496757 0.2017449090909091 0.09382473232323243
v -0.10433466666666665 0.2017449090909091 0.10144715912398929
v -0.10419651440176479 0.2017449090909091 0.026688267676767803
v -0.09801135353535351 0.2017449090909091 0.01909580274346965
v -0.09998585460848408 0.2017449090909091 0.10725202525252531
v -0.09801135353535351 0.2017449090909091 0.11033140843969587
v -0.09168804040404037 0.2017449090909091 0.015789248731160964
v -0.09168804040404037 0.2017449090909091 0.11711505944417201
v -0.08556929610704928 0.2017449090909091 0.013260974747474862
v -0.08536472727272727 0.2017449090909091 0.013163729177549953
v -0.08673892861146638 0.2017449090909091 0.12067931818181832
v -0.08536472727272727 0.2017449090909091 0.12190293771247453
v -0.07904141414141413 0.2017449090909091 0.010959016658697128
v -0.07904141414141413 0.2017449090909091 0.12633449173614553
v -0.072718101010101 0.2017449090909091 0.009641597730501088
v -0.072718101010101 0.2017449090909091 0.1296886028827357
v -0.06639478787878786 0.2017449090909091 0.00924758357061553
v -0.06639478787878786 0.2017449090909091 0.13212196654705627
v -0.06007147474747472 0.2017449090909091 0.008736703209104274
v -0.06007147474747472 0.2017449090909091 0.13378088576969763
v -0.06007147474747472 0.18993285436576438 0.1341066111111112
v -0.05483867957665765 0.2017449090909091 -0.00016631818181808006
v -0.05374816161616158 0.2017449090909091 -0.006906351727492615
v -0.058132680649746776 0.2017449090909091 0.1341066111111112
v -0.05374816161616158 0.2017449090909091 0.13498550298466855
v -0.04742484848484848 0.2017449090909091 -0.010779987636950459
v -0.04742484848484848 0.2017449090909091 0.13548607716610955
v -0.04110153535353534 0.2017449090909091 -0.013282524444277723
v -0.04110153535353534 0.2017449090909091 0.13513205910824033
v -0.040058154973484694 0.2017449090909091 -0.013593611111111029
v -0.0347782222222222 0.2017449090909091 -0.016618845536341634
v -0.03698131467773392 0.2017449090909091 0.1341066111111112
v -0.0347782222222222 0.2017449090909091 0.13375875778727145
v -0.0347782222222222 0.19865334804307894 0.1341066111111112
v -0.028454909090909065 0.2017449090909091 -0.01778856236654147
v -0.028454909090909065 0.2017449090909091 0.13204148076495378
v -0.022131595959595927 0.2017449090909091 -0.017430947095657276
v -0.022131595959595927 0.2017449090909091 0.12973228029417155
v -0.015808282828282793 0.2017449090909091 -0.015528196933315403
v -0.015808282828282793 0.19011987579715292 -0.013593611111111029
v -0.015808282828282793 0.2017449090909091 0.1267946261103249
v -0.01410060233292102 0.2017449090909091 -0.013593611111111029
v -0.009484969696969688 0.2017449090909091 -0.011755171176016953
v -0.009484969696969688 0.2017449090909091 0.12131155823921756
v -0.003161656565656551 0.2017449090909091 -0.007479800998529163
v -0.009421415215877225 0.2017449090909091 0.12067931818181832
v -0.003161656565656551 0.2017449090909091 0.11320878650155838
v -0.003161656565656551 0.19389135465686222 0.12067931818181832
v 0.003161656565656586 0.2017449090909091 -0.006572084919883186
v 0.003161656565656586 0.2017449090909091 0.11200203339248305
v 0.003161656565656586 0.19126244139322354 0.12067931818181832
v 0.009484969696969759 0.2017449090909091 -0.009324744395207338
v 0.009484969696969759 0.2017449090909091 0.11746545108773748
v 0.009484969696969759 0.1942775166347032 0.12067931818181832
v 0.015808282828282862 0.2017449090909091 -0.01170290457532151
v 0.015808282828282862 0.2017449090909091 0.12050135971195834
v 0.015808282828282862 0.20120652486354482 0.12067931818181832
v 0.022131595959595962 0.2017449090909091 -0.013373526754439508
v 0.01642856351339035 0.2017449090909091 0.12067931818181832
v 0.022131595959595962 0.2017449090909091 0.12435965084101094
v 0.024069463689968387 0.2017449090909091 -0.013593611111111029
v 0.028454909090909135 0.2017449090909091 -0.014402942135873531
v 0.028454909090909135 0.19573554870742907 -0.013593611111111029
v 0.028454909090909135 0.2017449090909091 0.12692003101386296
v 0.03477822222222224 0.2017449090909091 -0.013804477890167904
v 0.03477822222222224 0.1994955381132158 -0.013593611111111029
v 0.03477822222222224 0.2017449090909091 0.12877207207601085
v 0.03522967273006639 0.2017449090909091 -0.013593611111111029
v 0.04110153535353541 0.2017449090909091 -0.01220561060705709
v 0.04110153535353541 0.2017449090909091 0.12988427001297959
v 0.047424848484848514 0.2017449090909091 -0.01027455006338759
v 0.047424848484848514 0.2017449090909091 0.1303319495855073
v 0.05374816161616162 0.2017449090909091 -0.007076676045119833
v 0.05374816161616162 0.2017449090909091 0.13012473430504742
v 0.055011719717548244 0.2017449090909091 -0.00016631818181808006
v 0.06007147474747479 0.2017449090909091 0.008576884779890695
v 0.06007147474747479 0.2017449090909091 0.1292837805630452
v 0.06639478787878789 0.2017449090909091 0.00965471588134652
v 0.06639478787878789 0.2017449090909091 0.12779180099942475
v 0.07271810101010107 0.2017449090909091 0.010392808045209893
v 0.07271810101010107 0.2017449090909091 0.12556167590036985
v 0.07904141414141416 0.2017449090909091 0.011977247346008768
v 0.07904141414141416 0.2017449090909091 0.12229869601062968
v 0.08276676403110804 0.2017449090909091 0.013260974747474862
v 0.08536472727272734 0.2017449090909091 0.014334215931673314
v 0.08122217976787115 0.2017449090909091 0.12067931818181832
v 0.08536472727272734 0.2017449090909091 0.11820174904369143
v 0.09168804040404044 0.2017449090909091 0.016891719612611045
v 0.09168804040404044 0.2017449090909091 0.11353090041946284
v 0.09801135353535355 0.2017449090909091 0.020613015614305105
v 0.09728480143998644 0.2017449090909091 0.10725202525252531
v 0.09801135353535355 0.2017449090909091 0.10663372996798011
v 0.09801135353535355 0.19971698476663607 0.10725202525252531
v 0.10206988743854566 0.2017449090909091 0.026688267676767803
v 0.10433466666666671 0.19603522193593875 0.026688267676767803
v 0.10433466666666671 0.2017449090909091 0.027581001257760793
v 0.10433466666666671 0.2017449090909091 0.09738370079672415
v 0.11065797979797981 0.2017449090909091 0.029212050561423022
v 0.10639879020826926 0.2017449090909091 0.06697014646464655
v 0.11065797979797981 0.2017449090909091 0.05423380131539927
v 0.11065797979797981 0.19221132132342528 0.06697014646464655
v 0.1085944753770342 0.2017449090909091 0.08039743939393956
v 0.11065797979797981 0.19764838367111087 0.08039743939393956
v 0.1055669836999401 0.2017449090909091 0.09382473232323243
v 0.11326099539240571 0.2017449090909091 0.04011556060606067
v 0.11698129292929299 0.19350489760350986 0.04011556060606067
v 0.11321641517382743 0.2017449090909091 0.05354285353535361
v 0.11698129292929299 0.19472295617405858 0.05354285353535361
v -0.11065797979797978 0.21491409284509336 0.04011556060606067
v -0.11065797979797978 0.20538607650736496 0.05354285353535361
v -0.1075271531296398 0.21543909090909102 0.04011556060606067
v -0.10433466666666665 0.21543909090909102 0.030165695942272055
v -0.10626102760223566 0.21543909090909102 0.05354285353535361
v -0.10479769323136033 0.21543909090909102 0.06697014646464655
v -0.10495403181426771 0.21543909090909102 0.08039743939393956
v -0.10433466666666665 0.21543909090909102 0.08689248122370152
v -0.10433466666666665 0.21064139493071118 0.09382473232323243
v -0.09801135353535351 0.21531046786985558 0.026688267676767803
v -0.09801135353535351 0.21543909090909102 0.02670697883176697
v -0.1024874394839985 0.21543909090909102 0.09382473232323243
v -0.09801135353535351 0.21543909090909102 0.1042651683798054
v -0.09801135353535351 0.20832488260316914 0.10725202525252531
v -0.09797217688494193 0.21543909090909102 0.026688267676767803
v -0.09168804040404037 0.21543909090909102 0.017791427789423137
v -0.09557433454532689 0.21543909090909102 0.10725202525252531
v -0.09168804040404037 0.21543909090909102 0.11280235619755975
v -0.08536472727272727 0.2023614122717599 0.013260974747474862
v -0.08536472727272727 0.21543909090909102 0.014695909868466531
v -0.08536472727272727 0.21543909090909102 0.11866393887877502
v -0.08536472727272727 0.20642215615238166 0.12067931818181832
v -0.08198651325840751 0.21543909090909102 0.013260974747474862
v -0.07904141414141413 0.21543909090909102 0.0117579401361745
v -0.08241904438530251 0.21543909090909102 0.12067931818181832
v -0.07904141414141413 0.21543909090909102 0.12346729236052727
v -0.072718101010101 0.21543909090909102 0.009683677916701248
v -0.072718101010101 0.21543909090909102 0.12756689202976515
v -0.06639478787878786 0.21543909090909102 0.008392600961635958
v -0.06639478787878786 0.21543909090909102 0.13032601122799273
v -0.06007147474747472 0.21543909090909102 0.008796400493666715
v -0.06007147474747472 0.21543909090909102 0.13222458471116835
v -0.05374816161616158 0.20798625908796686 -0.00016631818181808006
v -0.05374816161616158 0.21543909090909102 0.004012575586430745
v -0.05374816161616158 0.21543909090909102 0.13334237199873838
v -0.05374816161616158 0.20855651411041376 0.1341066111111112
v -0.05148606636259332 0.21543909090909102 -0.00016631818181808006
v -0.04742484848484848 0.21543909090909102 -0.01057716235740233
v -0.04742484848484848 0.21543909090909102 0.13360168495897654
v -0.04742484848484848 0.21128550428567403 0.1341066111111112
v -0.04110153535353534 0.21543909090909102 -0.012902024499163788
v -0.04110153535353534 0.21543909090909102 0.13318302510686814
v -0.04110153535353534 0.2082270577622129 0.1341066111111112
v -0.039067402605959416 0.21543909090909102 -0.013593611111111029
v -0.0347782222222222 0.21543909090909102 -0.01697174723126266
v -0.0347782222222222 0.21543909090909102 0.1320045158378168
v -0.028454909090909065 0.21543909090909102 -0.01877342225544419
v -0.028454909090909065 0.21543909090909102 0.13001052842552374
v -0.022131595959595927 0.21543909090909102 -0.01875153436039719
v -0.022131595959595927 0.21543909090909102 0.12676964104845465
v -0.015808282828282793 0.21543909090909102 -0.017239116381180954
v -0.015808282828282793 0.21543909090909102 0.12106757577918989
v -0.011683050952498043 0.21543909090909102 -0.013593611111111029
v -0.009484969696969688 0.21543909090909102 -0.012815685837113271
v -0.01566989876180885 0.21543909090909102 0.12067931818181832
v -0.009484969696969688 0.21543909090909102 0.11741941629524938
v -0.009484969696969688 0.20257122026620292 0.12067931818181832
v -0.003161656565656551 0.21543909090909102 -0.006163736951743325
v -0.003161656565656551 0.21543909090909102 0.11525070398735687
v 0.003161656565656586 0.21543909090909102 -0.005145527494520007
v 0.003161656565656586 0.21543909090909102 0.11443551582740055
v 0.009484969696969759 0.21543909090909102 -0.009971291449157123
v 0.009484969696969759 0.21543909090909102 0.11508288498274379
v 0.015808282828282862 0.21543909090909102 -0.012846774177853588
v 0.015808282828282862 0.21543909090909102 0.1173144649566829
v 0.018994087033383022 0.21543909090909102 -0.013593611111111029
v 0.022131595959595962 0.21543909090909102 -0.015036492955413221
v 0.022131595959595962 0.20415724956928502 -0.013593611111111029
v 0.022131595959595962 0.21543909090909102 0.1199926042748881
v 0.022131595959595962 0.21252049352572353 0.12067931818181832
v 0.028454909090909135 0.21543909090909102 -0.01567037046482463
v 0.02417678496722048 0.21543909090909102 0.12067931818181832
v 0.028454909090909135 0.21543909090909102 0.12384283148925354
v 0.03477822222222224 0.21543909090909102 -0.014392319767810274
v 0.03477822222222224 0.21543909090909102 0.1264343154282599
v 0.0359500118045605 0.21543909090909102 -0.013593611111111029
v 0.04110153535353541 0.21543909090909102 -0.012117442229802735
v 0.04110153535353541 0.21543909090909102 0.12785428562134893
v 0.047424848484848514 0.21543909090909102 -0.010303195040250275
v 0.047424848484848514 0.21543909090909102 0.128462258289513
v 0.05260970612916469 0.21543909090909102 -0.00016631818181808006
v 0.05374816161616162 0.21139595858142543 -0.00016631818181808006
v 0.05374816161616162 0.21543909090909102 0.001914650709722054
v 0.05374816161616162 0.21543909090909102 0.12830583555536115
v 0.06007147474747479 0.21543909090909102 0.009230756668354368
v 0.06007147474747479 0.21543909090909102 0.12732423132898107
v 0.06639478787878789 0.21543909090909102 0.009143004209652531
v 0.06639478787878789 0.21543909090909102 0.12548063742397378
v 0.07271810101010107 0.21543909090909102 0.01068947202843471
v 0.07271810101010107 0.21543909090909102 0.12275937679489551
v 0.07904141414141416 0.21543909090909102 0.013006294125812041
v 0.0762212057813986 0.21543909090909102 0.12067931818181832
v 0.07904141414141416 0.21543909090909102 0.11925736999875734
v 0.07904141414141416 0.20858863171811018 0.12067931818181832
v 0.07956423612079284 0.21543909090909102 0.013260974747474862
v 0.08536472727272734 0.21543909090909102 0.015575383502942271
v 0.08536472727272734 0.21543909090909102 0.11493396799741101
v 0.09168804040404044 0.21543909090909102 0.01878888468974868
v 0.09168804040404044 0.21543909090909102 0.10805661078690279
v 0.09627272620605076 0.21543909090909102 0.026688267676767803
v 0.09801135353535355 0.21005087350419238 0.026688267676767803
v 0.09801135353535355 0.21543909090909102 0.027434772777115014
v 0.09223066067667156 0.21543909090909102 0.10725202525252531
v 0.09801135353535355 0.21543909090909102 0.09962204560879441
v 0.10433466666666671 0.21543909090909102 0.03746483448727344
v 0.10380647618076147 0.21543909090909102 0.08039743939393956
v 0.10433466666666671 0.21543909090909102 0.07633310243010316
v 0.10433466666666671 0.214448406485203 0.08039743939393956
v 0.10031795507779577 0.21543909090909102 0.09382473232323243
v 0.10433466666666671 0.2054745574248703 0.09382473232323243
v 0.10516967023387937 0.21543909090909102 0.04011556060606067
v 0.11065797979797981 0.21049839955624422 0.04011556060606067
v 0.10629573688972552 0.21543909090909102 0.05354285353535361
v 0.11065797979797981 0.20663719502004652 0.05354285353535361
v 0.10454774745958322 0.21543909090909102 0.06697014646464655
v -0.10433466666666665 0.2250324948549852 0.04011556060606067
v -0.10433466666666665 0.2187531238778738 0.05354285353535361
v -0.10433466666666665 0.2168750296631182 0.06697014646464655
v -0.10433466666666665 0.21760124924462446 0.08039743939393956
v -0.09920716811256142 0.22913327272727277 0.04011556060606067
v -0.09801135353535351 0.22913327272727277 0.03851708000950634
v -0.10040344282040017 0.22913327272727277 0.05354285353535361
v -0.10105126244375155 0.22913327272727277 0.06697014646464655
v -0.1001553440973467 0.22913327272727277 0.08039743939393956
v -0.09801135353535351 0.22913327272727277 0.09268079288893255
v -0.09801135353535351 0.22790505203251127 0.09382473232323243
v -0.09168804040404037 0.2247346506953976 0.026688267676767803
v -0.09168804040404037 0.22913327272727277 0.02811132121145169
v -0.09749706576631344 0.22913327272727277 0.09382473232323243
v -0.09168804040404037 0.22913327272727277 0.10606394722965762
v -0.09168804040404037 0.2265114332552611 0.10725202525252531
v -0.09023788458309637 0.22913327272727277 0.026688267676767803
v -0.08536472727272727 0.22913327272727277 0.016838999066984092
v -0.09069983334326147 0.22913327272727277 0.10725202525252531
v -0.08536472727272727 0.22913327272727277 0.11424538650623475
v -0.07904141414141413 0.2235267103452559 0.013260974747474862
v -0.07904141414141413 0.22913327272727277 0.013934988800888917
v -0.07904141414141413 0.22913327272727277 0.11951901979349895
v -0.07904141414141413 0.22464781502469647 0.12067931818181832
v -0.07751175359635269 0.22913327272727277 0.013260974747474862
v -0.072718101010101 0.22913327272727277 0.010626033608610187
v -0.07719572155173497 0.22913327272727277 0.12067931818181832
v -0.072718101010101 0.22913327272727277 0.12400008039558312
v -0.06639478787878786 0.22913327272727277 0.008979755396727247
v -0.06639478787878786 0.22913327272727277 0.12754748434228497
v -0.06007147474747472 0.22913327272727277 0.008651071027531421
v -0.06007147474747472 0.22913327272727277 0.12977302731032964
v -0.05374816161616158 0.22913327272727277 0.0124725955669609
v -0.05374816161616158 0.22913327272727277 0.13098609800253633
v -0.0481377921516179 0.22913327272727277 -0.00016631818181808006
v -0.04742484848484848 0.22913327272727277 -0.011190904611496535
v -0.04742484848484848 0.22913327272727277 0.13140711063697771
v -0.04110153535353534 0.22913327272727277 -0.012363686405097083
v -0.04110153535353534 0.22913327272727277 0.13090579853049378
v -0.037491038738406875 0.22913327272727277 -0.013593611111111029
v -0.0347782222222222 0.22913327272727277 -0.01660151815165452
v -0.0347782222222222 0.22913327272727277 0.12950454180471238
v -0.028454909090909065 0.22913327272727277 -0.018968382030697225
v -0.028454909090909065 0.22913327272727277 0.12691076325924816
v -0.022131595959595927 0.22913327272727277 -0.019420822948549
v -0.022131595959595927 0.22913327272727277 0.12248481593036362
v -0.015808282828282793 0.22913327272727277 -0.01861038629493609
v -0.020982418857376773 0.22913327272727277 0.12067931818181832
v -0.015808282828282793 0.22913327272727277 0.11829593208260478
v -0.015808282828282793 0.21627602048103828 0.12067931818181832
v -0.009484969696969688 0.22913327272727277 -0.015484323587749586
v -0.009484969696969688 0.2216865944619878 -0.013593611111111029
v -0.009484969696969688 0.22913327272727277 0.11598067698815161
v -0.009137754152188489 0.22913327272727277 -0.013593611111111029
v -0.003161656565656551 0.22913327272727277 -0.007187046791414383
v -0.003161656565656551 0.22913327272727277 0.11621878930052001
v 0.003161656565656586 0.22913327272727277 -0.005763994390643935
v 0.003161656565656586 0.22913327272727277 0.11488633372131755
v 0.009484969696969759 0.22913327272727277 -0.011281903183696467
v 0.009484969696969759 0.22913327272727277 0.11295735519429445
v 0.014929613923025178 0.22913327272727277 -0.013593611111111029
v 0.015808282828282862 0.22913327272727277 -0.014610792520460394
v 0.015808282828282862 0.22285823773879088 -0.013593611111111029
v 0.015808282828282862 0.22913327272727277 0.1145580421996718
v 0.022131595959595962 0.22913327272727277 -0.016404357761468997
v 0.022131595959595962 0.22913327272727277 0.11723902088782606
v 0.028454909090909135 0.22913327272727277 -0.016358694285444633
v 0.028454909090909135 0.22913327272727277 0.11981399252181645
v 0.028454909090909135 0.22513921021423092 0.12067931818181832
v 0.03477822222222224 0.22913327272727277 -0.014130278910391121
v 0.031052858778738104 0.22913327272727277 0.12067931818181832
v 0.03477822222222224 0.22913327272727277 0.1230281035225464
v 0.03529672700625148 0.22913327272727277 -0.013593611111111029
v 0.04110153535353541 0.22913327272727277 -0.011799390831052695
v 0.04110153535353541 0.22913327272727277 0.12502224940205853
v 0.047424848484848514 0.22913327272727277 -0.011021687777639993
v 0.047424848484848514 0.22913327272727277 0.12580401507846442
v 0.04813388921048528 0.22913327272727277 -0.00016631818181808006
v 0.05374816161616162 0.22913327272727277 0.012517216833167293
v 0.05374816161616162 0.22913327272727277 0.12559528296857492
v 0.06007147474747479 0.22913327272727277 0.009131790613453403
v 0.06007147474747479 0.22913327272727277 0.12443264732690612
v 0.06639478787878789 0.22913327272727277 0.009752879778645732
v 0.06639478787878789 0.22913327272727277 0.12213716917106245
v 0.07271810101010107 0.22913327272727277 0.0116139701220432
v 0.06917401050795773 0.22913327272727277 0.12067931818181832
v 0.07271810101010107 0.22913327272727277 0.11911470223400919
v 0.07271810101010107 0.22283851027952617 0.12067931818181832
v 0.07588871521421552 0.22913327272727277 0.013260974747474862
v 0.07904141414141416 0.21696944408107666 0.013260974747474862
v 0.07904141414141416 0.22913327272727277 0.014539270900289924
v 0.07904141414141416 0.22913327272727277 0.11512239269687884
v 0.08536472727272734 0.22913327272727277 0.01726369839542405
v 0.08536472727272734 0.22913327272727277 0.10911720238125738
v 0.09021625272367748 0.22913327272727277 0.026688267676767803
v 0.09168804040404044 0.22439495058062403 0.026688267676767803
v 0.09168804040404044 0.22913327272727277 0.0281913158845906
v 0.08675739413703806 0.22913327272727277 0.10725202525252531
v 0.09168804040404044 0.22913327272727277 0.10122816670845632
v 0.09168804040404044 0.21694009931217959 0.10725202525252531
v 0.09801135353535355 0.22913327272727277 0.03971409190500657
v 0.09500241777281401 0.22913327272727277 0.09382473232323243
v 0.09801135353535355 0.22913327272727277 0.0859624965157903
v 0.09801135353535355 0.22189941400256596 0.09382473232323243
v 0.09834307091287213 0.22913327272727277 0.04011556060606067
v 0.10433466666666671 0.21820119755085637 0.04011556060606067
v 0.10050163839685052 0.22913327272727277 0.05354285353535361
v 0.10433466666666671 0.2188707680012803 0.05354285353535361
v 0.10069400948889688 0.22913327272727277 0.06697014646464655
v 0.10433466666666671 0.21608308957678696 0.06697014646464655
v 0.098849357476489 0.22913327272727277 0.08039743939393956
v -0.09801135353535351 0.2326750326877647 0.04011556060606067
v -0.09801135353535351 0.23347791097207954 0.05354285353535361
v -0.09801135353535351 0.23825112398417755 0.06697014646464655
v -0.09801135353535351 0.23587127143038988 0.08039743939393956
v -0.09201733808370267 0.24282745454545468 0.04011556060606067
v -0.09168804040404037 0.24282745454545468 0.039942956803584465
v -0.09490858939308405 0.24282745454545468 0.05354285353535361
v -0.0952592078665343 0.24282745454545468 0.06697014646464655
v -0.09517408066479341 0.24282745454545468 0.08039743939393956
v -0.0921730043094903 0.24282745454545468 0.09382473232323243
v -0.09168804040404037 0.24282745454545468 0.09533799022937481
v -0.08536472727272727 0.23496791965886252 0.026688267676767803
v -0.08536472727272727 0.24282745454545468 0.03300775343133895
v -0.08536472727272727 0.24282745454545468 0.1070962084514172
v -0.08536472727272727 0.24251408921145529 0.10725202525252531
v -0.08283958403953932 0.24282745454545468 0.026688267676767803
v -0.07904141414141413 0.24282745454545468 0.015702905420931435
v -0.0852272247127941 0.24282745454545468 0.10725202525252531
v -0.07904141414141413 0.24282745454545468 0.114980681185043
v -0.072718101010101 0.24122227437555954 0.013260974747474862
v -0.072718101010101 0.24282745454545468 0.013450130885656426
v -0.072718101010101 0.24282745454545468 0.1197854966813462
v -0.072718101010101 0.2396065274338436 0.12067931818181832
v -0.0722289249863666 0.24282745454545468 0.013260974747474862
v -0.06639478787878786 0.24282745454545468 0.009693622300494626
v -0.07114775342381295 0.24282745454545468 0.12067931818181832
v -0.06639478787878786 0.24282745454545468 0.12368233713579699
v -0.06007147474747472 0.24282745454545468 0.00835996053863601
v -0.06007147474747472 0.24282745454545468 0.12637794701055347
v -0.05374816161616158 0.24282745454545468 0.008392007690298603
v -0.05374816161616158 0.24282745454545468 0.12796766749563304
v -0.04742484848484848 0.24142854099174135 -0.00016631818181808006
v -0.04742484848484848 0.24282745454545468 0.0022734829543114687
v -0.04742484848484848 0.24282745454545468 0.12878413701692626
v -0.046830448575822727 0.24282745454545468 -0.00016631818181808006
v -0.04110153535353534 0.24282745454545468 -0.011813464836225753
v -0.04110153535353534 0.24282745454545468 0.12838051346403392
v -0.0347782222222222 0.2425290138121668 -0.013593611111111029
v -0.0347782222222222 0.24282745454545468 -0.013573882616251443
v -0.0347782222222222 0.24282745454545468 0.12681040371505167
v -0.03471015369062232 0.24282745454545468 -0.013593611111111029
v -0.028454909090909065 0.24282745454545468 -0.018449333967497067
v -0.028454909090909065 0.24282745454545468 0.1235882323441997
v -0.022131595959595927 0.24282745454545468 -0.019725078582688297
v -0.02560465536459473 0.24282745454545468 0.12067931818181832
v -0.022131595959595927 0.24282745454545468 0.11916061923378363
v -0.022131595959595927 0.23442644321054143 0.12067931818181832
v -0.015808282828282793 0.24282745454545468 -0.019493794784218678
v -0.015808282828282793 0.24282745454545468 0.11573471738587066
v -0.009484969696969688 0.24282745454545468 -0.018007691236667185
v -0.009484969696969688 0.24282745454545468 0.11150513713014101
v -0.00592387476686688 0.24282745454545468 -0.013593611111111029
v -0.003161656565656551 0.24282745454545468 -0.012076145559008199
v -0.008853543059258253 0.24282745454545468 0.10725202525252531
v -0.003161656565656551 0.24282745454545468 0.10058317992203702
v -0.003161656565656551 0.23642950323310283 0.10725202525252531
v 0.003161656565656586 0.24282745454545468 -0.009893611521941695
v 0.003161656565656586 0.24282745454545468 0.09887634664831572
v 0.003161656565656586 0.23378778532041247 0.10725202525252531
v 0.009484969696969759 0.24282745454545468 -0.013471331941555599
v 0.009484969696969759 0.24282745454545468 0.1053858219029541
v 0.009484969696969759 0.23897053542872146 0.10725202525252531
v 0.009962540106761446 0.24282745454545468 -0.013593611111111029
v 0.015808282828282862 0.24282745454545468 -0.016651711246624255
v 0.013658179717216418 0.24282745454545468 0.10725202525252531
v 0.015808282828282862 0.24282745454545468 0.11036183733024328
v 0.022131595959595962 0.24282745454545468 -0.017422919455475156
v 0.022131595959595962 0.24282745454545468 0.11431791404092687
v 0.028454909090909135 0.24282745454545468 -0.016341325842275753
v 0.028454909090909135 0.24282745454545468 0.11746868372177702
v 0.03228749441561737 0.24282745454545468 -0.013593611111111029
v 0.03477822222222224 0.23176103453556782 -0.013593611111111029
v 0.03477822222222224 0.24282745454545468 -0.012946745592441097
v 0.03477822222222224 0.24282745454545468 0.1198958294187023
v 0.03477822222222224 0.23841564587300593 0.12067931818181832
v 0.04110153535353541 0.24282745454545468 -0.011537108689635336
v 0.038047055020299855 0.24282745454545468 0.12067931818181832
v 0.04110153535353541 0.24282745454545468 0.12189717684142774
v 0.046720078087308034 0.24282745454545468 -0.00016631818181808006
v 0.047424848484848514 0.2412118517187385 -0.00016631818181808006
v 0.047424848484848514 0.24282745454545468 0.00268260734850128
v 0.047424848484848514 0.24282745454545468 0.12280753913845135
v 0.05374816161616162 0.24282745454545468 0.00862834537803596
v 0.05374816161616162 0.24282745454545468 0.12231732514341397
v 0.06007147474747479 0.24282745454545468 0.008866701267888933
v 0.06007147474747479 0.24282745454545468 0.12074581852424224
v 0.06639478787878789 0.24282745454545468 0.010664391482119928
v 0.06023331007933629 0.24282745454545468 0.12067931818181832
v 0.06639478787878789 0.24282745454545468 0.11858978234576101
v 0.06639478787878789 0.23421897769948574 0.12067931818181832
v 0.07057764477183313 0.24282745454545468 0.013260974747474862
v 0.07271810101010107 0.2362370123937258 0.013260974747474862
v 0.07271810101010107 0.24282745454545468 0.014092186815377028
v 0.07271810101010107 0.24282745454545468 0.1149762347208158
v 0.07904141414141416 0.24282745454545468 0.015935895768072462
v 0.07904141414141416 0.24282745454545468 0.10951675085314898
v 0.08381844555232267 0.24282745454545468 0.026688267676767803
v 0.08536472727272734 0.23721365333867533 0.026688267676767803
v 0.08536472727272734 0.24282745454545468 0.03087667883393341
v 0.08087914018308824 0.24282745454545468 0.10725202525252531
v 0.08536472727272734 0.24282745454545468 0.1021743623656739
v 0.08536472727272734 0.23260237968526198 0.10725202525252531
v 0.09168804040404044 0.24282745454545468 0.03974083278766715
v 0.08951266311594366 0.24282745454545468 0.09382473232323243
v 0.09168804040404044 0.24282745454545468 0.08940581447583737
v 0.09168804040404044 0.2377776587499539 0.09382473232323243
v 0.09220494687895679 0.24282745454545468 0.04011556060606067
v 0.09801135353535355 0.23017655071111356 0.04011556060606067
v 0.09506923966739975 0.24282745454545468 0.05354285353535361
v 0.09801135353535355 0.2338183107079793 0.05354285353535361
v 0.09477339947854807 0.24282745454545468 0.06697014646464655
v 0.09801135353535355 0.23720042200720845 0.06697014646464655
v 0.09366653530032427 0.24282745454545468 0.08039743939393956
v 0.09801135353535355 0.23183440490445303 0.08039743939393956
v -0.09168804040404037 0.24370583798327203 0.04011556060606067
v -0.09168804040404037 0.24996101627845774 0.05354285353535361
v -0.09168804040404037 0.25399589012373497 0.06697014646464655
v -0.09168804040404037 0.25230392603438523 0.08039743939393956
v -0.09168804040404037 0.24411779789270352 0.09382473232323243
v -0.08569752055973215 0.25652163636363645 0.04011556060606067
v -0.08536472727272727 0.25652163636363645 0.03990096546741246
v -0.08942987015480396 0.25652163636363645 0.05354285353535361
v -0.0903539663626497 0.25652163636363645 0.06697014646464655
v -0.08994178669206251 0.25652163636363645 0.08039743939393956
v -0.08657684667246546 0.25652163636363645 0.09382473232323243
v -0.08536472727272727 0.25652163636363645 0.09709845610652626
v -0.07904141414141413 0.24707284939200705 0.026688267676767803
v -0.07904141414141413 0.25652163636363645 0.03777005810404102
v -0.07929197996109033 0.25652163636363645 0.10725202525252531
v -0.07904141414141413 0.25652163636363645 0.10763447826669224
v -0.07731504638032002 0.25652163636363645 0.026688267676767803
v -0.072718101010101 0.25652163636363645 0.01400424884044533
v -0.072718101010101 0.25652163636363645 0.1148879180119154
v -0.06639478787878786 0.25264702856789245 0.013260974747474862
v -0.06639478787878786 0.25652163636363645 0.013902308651424602
v -0.06639478787878786 0.25652163636363645 0.11952909011970278
v -0.06639478787878786 0.2523652966623393 0.12067931818181832
v -0.06480750270102403 0.25652163636363645 0.013260974747474862
v -0.06007147474747472 0.25652163636363645 0.0093986248683854
v -0.06405122042862832 0.25652163636363645 0.12067931818181832
v -0.06007147474747472 0.25652163636363645 0.12291041877294467
v -0.05374816161616158 0.25652163636363645 0.007365976003322854
v -0.05374816161616158 0.25652163636363645 0.1251216834964737
v -0.04742484848484848 0.25652163636363645 0.006875158336491539
v -0.04742484848484848 0.25652163636363645 0.12601590227425044
v -0.04710477894755942 0.25652163636363645 -0.00016631818181808006
v -0.04110153535353534 0.25652163636363645 -0.012982754437036793
v -0.04110153535353534 0.25652163636363645 0.1257391506751686
v -0.0347782222222222 0.25652163636363645 -0.011960442169165239
v -0.0347782222222222 0.25652163636363645 0.12403298459507361
v -0.029226697387107335 0.25652163636363645 -0.013593611111111029
v -0.028454909090909065 0.25652163636363645 -0.01479994990218722
v -0.02969752811492986 0.25652163636363645 0.12067931818181832
v -0.028454909090909065 0.25652163636363645 0.12023503300631412
v -0.028454909090909065 0.2537533587491549 0.12067931818181832
v -0.022131595959595927 0.25652163636363645 -0.018428855348716654
v -0.022131595959595927 0.25652163636363645 0.116808104549351
v -0.015808282828282793 0.25652163636363645 -0.019195437473645962
v -0.015808282828282793 0.25652163636363645 0.1115123832333505
v -0.009484969696969688 0.25652163636363645 -0.018858322091753175
v -0.014130237402529052 0.25652163636363645 0.10725202525252531
v -0.009484969696969688 0.25652163636363645 0.10467196534516225
v -0.009484969696969688 0.24840651364363012 0.10725202525252531
v -0.003161656565656551 0.25652163636363645 -0.0180064323358371
v -0.003161656565656551 0.24752319526930322 -0.013593611111111029
v -0.003161656565656551 0.25652163636363645 0.1012330005732944
v 0.003161656565656586 0.25652163636363645 -0.013666543162158467
v 0.003161656565656586 0.25641693568652546 -0.013593611111111029
v 0.003161656565656586 0.25652163636363645 0.1003940647609433
v 0.009484969696969759 0.25652163636363645 -0.016738471648498267
v 0.009484969696969759 0.24354066073629926 -0.013593611111111029
v 0.009484969696969759 0.25652163636363645 0.10221832936664586
v 0.015808282828282862 0.25652163636363645 -0.017592126471221242
v 0.015808282828282862 0.25652163636363645 0.10545027040972207
v 0.015808282828282862 0.24934598288763216 0.10725202525252531
v 0.022131595959595962 0.25652163636363645 -0.016941129816432015
v 0.0196623515748486 0.25652163636363645 0.10725202525252531
v 0.022131595959595962 0.25652163636363645 0.11070941868925421
v 0.02795889350365255 0.25652163636363645 -0.013593611111111029
v 0.028454909090909135 0.25490310323434384 -0.013593611111111029
v 0.028454909090909135 0.25652163636363645 -0.01346050144477604
v 0.028454909090909135 0.25652163636363645 0.11510240506025804
v 0.03477822222222224 0.25652163636363645 -0.011691790099935312
v 0.03477822222222224 0.25652163636363645 0.11789721602479857
v 0.04110153535353541 0.25652163636363645 -0.012940994200255974
v 0.04110153535353541 0.25652163636363645 0.11946876900495855
v 0.04110153535353541 0.2485208813130629 0.12067931818181832
v 0.047089288064261624 0.25652163636363645 -0.00016631818181808006
v 0.047424848484848514 0.25652163636363645 0.007062939708192933
v 0.047424848484848514 0.25652163636363645 0.12001685311653551
v 0.047424848484848514 0.2524794434097549 0.12067931818181832
v 0.05374816161616162 0.25652163636363645 0.007651452274139666
v 0.05374816161616162 0.25652163636363645 0.11954846134476066
v 0.05374816161616162 0.25006282541532154 0.12067931818181832
v 0.06007147474747479 0.25652163636363645 0.010254594963679725
v 0.06007147474747479 0.25652163636363645 0.11788589988115625
v 0.06007147474747479 0.24308186056291994 0.12067931818181832
v 0.06308856379011601 0.25652163636363645 0.013260974747474862
v 0.06639478787878789 0.24852545390826525 0.013260974747474862
v 0.06639478787878789 0.25652163636363645 0.014401376090542666
v 0.06639478787878789 0.25652163636363645 0.11488380687657115
v 0.07271810101010107 0.25652163636363645 0.016525497434608523
v 0.07271810101010107 0.25652163636363645 0.1099178564409676
v 0.07391388209772394 0.25652163636363645 0.026688267676767803
v 0.07904141414141416 0.2448037681936979 0.026688267676767803
v 0.07904141414141416 0.25652163636363645 0.03913323323924917
v 0.07505291028951104 0.25652163636363645 0.10725202525252531
v 0.07904141414141416 0.25652163636363645 0.1029427183748132
v 0.07904141414141416 0.2473006428248274 0.10725202525252531
v 0.08536472727272734 0.25652163636363645 0.039764054917434295
v 0.0839948495816702 0.25652163636363645 0.09382473232323243
v 0.08536472727272734 0.25652163636363645 0.09164642986264987
v 0.08536472727272734 0.2533571611167718 0.09382473232323243
v 0.08591843723632639 0.25652163636363645 0.04011556060606067
v 0.09168804040404044 0.2442486874647832 0.04011556060606067
v 0.08951754286051179 0.25652163636363645 0.05354285353535361
v 0.09168804040404044 0.25024890283137236 0.05354285353535361
v 0.08981845657303911 0.25652163636363645 0.06697014646464655
v 0.09168804040404044 0.2528348989243806 0.06697014646464655
v 0.08861607671184461 0.25652163636363645 0.08039743939393956
v 0.09168804040404044 0.24860190232791177 0.08039743939393956
v -0.08536472727272727 0.2573417671612117 0.04011556060606067
v -0.08536472727272727 0.2632693133754254 0.05354285353535361
v -0.08536472727272727 0.2677259991953492 0.06697014646464655
v -0.08536472727272727 0.26807724099701136 0.08039743939393956
v -0.08536472727272727 0.2595009225544496 0.09382473232323243
v -0.07904141414141413 0.2699264018525105 0.04011556060606067
v -0.08237823402154762 0.27021581818181817 0.05354285353535361
v -0.07904141414141413 0.27021581818181817 0.04021314844976484
v -0.08428498295420198 0.27021581818181817 0.06697014646464655
v -0.08448523057166155 0.27021581818181817 0.08039743939393956
v -0.08106600593786507 0.27021581818181817 0.09382473232323243
v -0.07904141414141413 0.27021581818181817 0.09873677463831952
v -0.07904141414141413 0.2570935279623923 0.10725202525252531
v -0.072718101010101 0.2686550773777189 0.026688267676767803
v -0.07882549539766256 0.27021581818181817 0.04011556060606067
v -0.072718101010101 0.27021581818181817 0.03643673677283944
v -0.0736217885492688 0.27021581818181817 0.10725202525252531
v -0.072718101010101 0.27021581818181817 0.10857742042615386
v -0.06639478787878786 0.26947667761943844 0.026688267676767803
v -0.06639478787878786 0.27021581818181817 0.028193214180651203
v -0.06639478787878786 0.27021581818181817 0.11506318346117042
v -0.06007147474747472 0.2612457793407945 0.013260974747474862
v -0.06603727242637304 0.27021581818181817 0.026688267676767803
v -0.06007147474747472 0.27021581818181817 0.016347513602661422
v -0.06007147474747472 0.27021581818181817 0.11904249610436202
v -0.06007147474747472 0.26363379200915427 0.12067931818181832
v -0.055594631967645594 0.27021581818181817 0.013260974747474862
v -0.05374816161616158 0.27021581818181817 0.009855128617655976
v -0.05621588494684397 0.27021581818181817 0.12067931818181832
v -0.05374816161616158 0.27021581818181817 0.12194868708806897
v -0.04742484848484848 0.27021581818181817 0.005438566028138695
v -0.04742484848484848 0.27021581818181817 0.12335200979613302
v -0.04110153535353534 0.2698821496733665 -0.00016631818181808006
v -0.04110153535353534 0.27021581818181817 0.004204786822770805
v -0.04110153535353534 0.27021581818181817 0.1232951053642257
v -0.037989386122377705 0.27021581818181817 -0.00016631818181808006
v -0.0347782222222222 0.27021581818181817 -0.004256591447433156
v -0.0347782222222222 0.27021581818181817 0.12143608434584702
v -0.028454909090909065 0.25749709952356353 -0.013593611111111029
v -0.028454909090909065 0.27021581818181817 -0.010840423796709027
v -0.03368855906621441 0.27021581818181817 0.12067931818181832
v -0.028454909090909065 0.27021581818181817 0.11869280334753543
v -0.022131595959595927 0.2653294561314605 -0.013593611111111029
v -0.022131595959595927 0.27021581818181817 -0.012800489041390837
v -0.022131595959595927 0.27021581818181817 0.11483390182432843
v -0.019063478643720478 0.27021581818181817 -0.013593611111111029
v -0.015808282828282793 0.27021581818181817 -0.01582697118019145
v -0.01591286837573136 0.27021581818181817 0.10725202525252531
v -0.015808282828282793 0.27021581818181817 0.10720707938761309
v -0.015808282828282793 0.2698800944620694 0.10725202525252531
v -0.009484969696969688 0.27021581818181817 -0.01574123434555722
v -0.009484969696969688 0.27021581818181817 0.1038959610421628
v -0.009092218596331726 0.27021581818181817 -0.013593611111111029
v -0.003161656565656551 0.2585607581413215 -0.013593611111111029
v -0.003161656565656551 0.27021581818181817 -0.007006048635459282
v -0.003161656565656551 0.27021581818181817 0.10198314497618063
v 0.003161656565656586 0.25654907399182053 -0.013593611111111029
v 0.003161656565656586 0.27021581818181817 -0.0069756730550704135
v 0.003161656565656586 0.27021581818181817 0.1011444005474792
v 0.00921997880843308 0.27021581818181817 -0.013593611111111029
v 0.009484969696969759 0.27021581818181817 -0.015067504844903228
v 0.009484969696969759 0.27021581818181817 0.10164317947334359
v 0.015808282828282862 0.27021581818181817 -0.015069614902097512
v 0.015808282828282862 0.27021581818181817 0.10390175003419427
v 0.0179640357875785 0.27021581818181817 -0.013593611111111029
v 0.022131595959595962 0.263165732942357 -0.013593611111111029
v 0.022131595959595962 0.27021581818181817 -0.01254472957869143
v 0.022064462426989385 0.27021581818181817 0.10725202525252531
v 0.022131595959595962 0.27021581818181817 0.10738070474206639
v 0.028454909090909135 0.27021581818181817 -0.010641642335729796
v 0.028454909090909135 0.27021581818181817 0.11331075397168773
v 0.03477822222222224 0.27021581818181817 -0.0038160146093177707
v 0.03477822222222224 0.27021581818181817 0.11611770946168594
v 0.03766365193444625 0.27021581818181817 -0.00016631818181808006
v 0.04110153535353541 0.26985148389011143 -0.00016631818181808006
v 0.04110153535353541 0.27021581818181817 0.004421308485226741
v 0.04110153535353541 0.27021581818181817 0.11785029979888535
v 0.047424848484848514 0.27021581818181817 0.005661297927843561
v 0.047424848484848514 0.27021581818181817 0.11822967548064811
v 0.05374816161616162 0.27021581818181817 0.011125203030375775
v 0.05374816161616162 0.27021581818181817 0.1174097340631951
v 0.054697667596032284 0.27021581818181817 0.013260974747474862
v 0.06007147474747479 0.2595994486243335 0.013260974747474862
v 0.06007147474747479 0.27021581818181817 0.015014540517633969
v 0.06007147474747479 0.27021581818181817 0.1150916877140084
v 0.06577696645626022 0.27021581818181817 0.026688267676767803
v 0.06639478787878789 0.2678335126970528 0.026688267676767803
v 0.06639478787878789 0.27021581818181817 0.03195306928316489
v 0.06639478787878789 0.27021581818181817 0.11079424915806917
v 0.07271810101010107 0.2650239011492963 0.026688267676767803
v 0.07271810101010107 0.27021581818181817 0.03701139868219698
v 0.06976461167550631 0.27021581818181817 0.10725202525252531
v 0.07271810101010107 0.27021581818181817 0.10438732736790035
v 0.07271810101010107 0.26257080114312803 0.10725202525252531
v 0.07829447533985694 0.27021581818181817 0.04011556060606067
v 0.07904141414141416 0.2692881110620719 0.04011556060606067
v 0.07904141414141416 0.27021581818181817 0.04044684278138464
v 0.0787920526651412 0.27021581818181817 0.09382473232323243
v 0.07904141414141416 0.27021581818181817 0.0934531368033117
v 0.07904141414141416 0.26952745074150775 0.09382473232323243
v 0.08536472727272734 0.25781806238415395 0.04011556060606067
v 0.08246933397477058 0.27021581818181817 0.05354285353535361
v 0.08536472727272734 0.2634844337421251 0.05354285353535361
v 0.08383669847781518 0.27021581818181817 0.06697014646464655
v 0.08536472727272734 0.26665159121118653 0.06697014646464655
v 0.0834049464757912 0.27021581818181817 0.08039743939393956
v 0.08536472727272734 0.26516256219413875 0.08039743939393956
v -0.07904141414141413 0.2774495420421401 0.05354285353535361
v -0.07904141414141413 0.2827305399876652 0.06697014646464655
v -0.07906091344336913 0.2839100000000001 0.08039743939393956
v -0.07904141414141413 0.2839100000000001 0.08026219473355728
v -0.07904141414141413 0.2839100000000001 0.08054108983366834
v -0.07904141414141413 0.27497627366613764 0.09382473232323243
v -0.072718101010101 0.2806480338631237 0.04011556060606067
v -0.0747415634649394 0.2839100000000001 0.05354285353535361
v -0.072718101010101 0.2839100000000001 0.04190806071884532
v -0.07869849606804047 0.2839100000000001 0.06697014646464655
v -0.07584190397734124 0.2839100000000001 0.09382473232323243
v -0.072718101010101 0.2839100000000001 0.10113575919393032
v -0.072718101010101 0.27238852093539606 0.10725202525252531
v -0.0701790169839405 0.2839100000000001 0.04011556060606067
v -0.06639478787878786 0.2839100000000001 0.03675244326552702
v -0.06813467154855118 0.2839100000000001 0.10725202525252531
v -0.06639478787878786 0.2839100000000001 0.1096577975780599
v -0.06007147474747472 0.2816910643403351 0.026688267676767803
v -0.06007147474747472 0.2839100000000001 0.03204137840316228
v -0.06007147474747472 0.2839100000000001 0.11575263572904339
v -0.05374816161616158 0.27198088804598364 0.013260974747474862
v -0.05772374618762813 0.2839100000000001 0.026688267676767803
v -0.05374816161616158 0.2839100000000001 0.022896291752174322
v -0.05374816161616158 0.2839100000000001 0.11908097793499686
v -0.05374816161616158 0.2751998628223888 0.12067931818181832
v -0.04742484848484848 0.27627064815225594 0.013260974747474862
v -0.04742484848484848 0.2839100000000001 0.0174953543278304
v -0.04764272691728935 0.2839100000000001 0.12067931818181832
v -0.04742484848484848 0.2839100000000001 0.12075886462934199
v -0.043660081511161894 0.2839100000000001 0.013260974747474862
v -0.04110153535353534 0.2839100000000001 0.006898635937925014
v -0.04110153535353534 0.2839100000000001 0.12118728958548061
v -0.0347782222222222 0.2771425762865733 -0.00016631818181808006
v -0.0347782222222222 0.2839100000000001 0.0036281646727814084
v -0.039414286416284416 0.2839100000000001 0.12067931818181832
v -0.0347782222222222 0.2839100000000001 0.11992653838314596
v -0.0347782222222222 0.27513311867819285 0.12067931818181832
v -0.028454909090909065 0.2831845284202834 -0.00016631818181808006
v -0.028454909090909065 0.2839100000000001 0.0009341287816206495
v -0.028454909090909065 0.2839100000000001 0.1176245786660585
v -0.02803042492213494 0.2839100000000001 -0.00016631818181808006
v -0.022131595959595927 0.2839100000000001 -0.006973678309080966
v -0.022131595959595927 0.2839100000000001 0.1137681916480848
v -0.015808282828282793 0.2714293539388435 -0.013593611111111029
v -0.015808282828282793 0.2839100000000001 -0.01021584938728944
v -0.01738169262483339 0.2839100000000001 0.10725202525252531
v -0.015808282828282793 0.2839100000000001 0.10648740018183159
v -0.009484969696969688 0.2717238823227002 -0.013593611111111029
v -0.009484969696969688 0.2839100000000001 -0.010598667370529039
v -0.009484969696969688 0.2839100000000001 0.10354031216975897
v -0.003161656565656551 0.2839100000000001 -0.008661608050260755
v -0.003161656565656551 0.2839100000000001 0.10208802795335321
v 0.003161656565656586 0.2839100000000001 -0.00866351319908967
v 0.003161656565656586 0.2839100000000001 0.10122786777651951
v 0.009484969696969759 0.2712589538970105 -0.013593611111111029
v 0.009484969696969759 0.2839100000000001 -0.010591113463936718
v 0.009484969696969759 0.2839100000000001 0.10137473480538418
v 0.015808282828282862 0.27102664915716096 -0.013593611111111029
v 0.015808282828282862 0.2839100000000001 -0.010149403928088462
v 0.015808282828282862 0.2839100000000001 0.10347085706230123
v 0.022131595959595962 0.2839100000000001 -0.006892697799873541
v 0.022131595959595962 0.2839100000000001 0.1070066605555415
v 0.022131595959595962 0.2725683899654485 0.10725202525252531
v 0.027838983378852808 0.2839100000000001 -0.00016631818181808006
v 0.028454909090909135 0.2828481065771692 -0.00016631818181808006
v 0.028454909090909135 0.2839100000000001 0.0014220704659952503
v 0.02267139925071178 0.2839100000000001 0.10725202525252531
v 0.028454909090909135 0.2839100000000001 0.11276378813473159
v 0.03477822222222224 0.27642823806868544 -0.00016631818181808006
v 0.03477822222222224 0.2839100000000001 0.003971789998277436
v 0.03477822222222224 0.2839100000000001 0.11590058482755519
v 0.04110153535353541 0.2839100000000001 0.007153885642645373
v 0.04110153535353541 0.2839100000000001 0.11739718597122474
v 0.04351969437146928 0.2839100000000001 0.013260974747474862
v 0.047424848484848514 0.2761170641364683 0.013260974747474862
v 0.047424848484848514 0.2839100000000001 0.017616418597984046
v 0.047424848484848514 0.2839100000000001 0.11747301150192255
v 0.05374816161616162 0.27119325045065046 0.013260974747474862
v 0.05374816161616162 0.2839100000000001 0.023334507275652658
v 0.05374816161616162 0.2839100000000001 0.11586639537334929
v 0.05702062732245453 0.2839100000000001 0.026688267676767803
v 0.06007147474747479 0.28258434312939523 0.026688267676767803
v 0.06007147474747479 0.2839100000000001 0.03377853866784275
v 0.06007147474747479 0.2839100000000001 0.11277437247296299
v 0.06639478787878789 0.2839100000000001 0.037678350426051006
v 0.06613023336447088 0.2839100000000001 0.10725202525252531
v 0.06639478787878789 0.2839100000000001 0.10702535411633325
v 0.06639478787878789 0.28283223679211383 0.10725202525252531
v 0.06927077469693246 0.2839100000000001 0.04011556060606067
v 0.07271810101010107 0.2795485319784854 0.04011556060606067
v 0.07271810101010107 0.2839100000000001 0.04251985363522918
v 0.07271810101010107 0.2839100000000001 0.09817259946940511
v 0.07471236911360735 0.2839100000000001 0.05354285353535361
v 0.07904141414141416 0.2775063242619123 0.05354285353535361
v 0.07850634250017638 0.2839100000000001 0.06697014646464655
v 0.07904141414141416 0.2820250193183789 0.06697014646464655
v 0.0784989733715604 0.2839100000000001 0.08039743939393956
v 0.07904141414141416 0.2820961374911165 0.08039743939393956
v 0.07455574306210261 0.2839100000000001 0.09382473232323243
v -0.07904141414141413 0.28394244698561316 0.08039743939393956
v -0.072718101010101 0.2905667004969591 0.05354285353535361
v -0.072718101010101 0.28924132033783245 0.06697014646464655
v -0.072718101010101 0.29755403060529767 0.08039743939393956
v -0.072718101010101 0.2905667732084114 0.09382473232323243
v -0.06639478787878786 0.2900752431979624 0.04011556060606067
v -0.06661854084952663 0.2976041818181818 0.05354285353535361
v -0.06639478787878786 0.2976041818181818 0.05191140580669723
v -0.07042187966634937 0.2976041818181818 0.06697014646464655
v -0.07270312897179682 0.2976041818181818 0.08039743939393956
v -0.07015793275975607 0.2976041818181818 0.09382473232323243
v -0.06639478787878786 0.2976041818181818 0.10277622259452443
v -0.06639478787878786 0.28788320213396695 0.10725202525252531
v -0.06007147474747472 0.2975333988011644 0.04011556060606067
v -0.06007147474747472 0.2976041818181818 0.04018317824401341
v -0.06290957188015335 0.2976041818181818 0.10725202525252531
v -0.06007147474747472 0.2976041818181818 0.1110114549435372
v -0.05374816161616158 0.29219192889675477 0.026688267676767803
v -0.05999702348526143 0.2976041818181818 0.04011556060606067
v -0.05374816161616158 0.2976041818181818 0.03510990032024087
v -0.05374816161616158 0.2976041818181818 0.11667353275928295
v -0.04742484848484848 0.296694617483711 0.026688267676767803
v -0.04742484848484848 0.2976041818181818 0.02991825932185297
v -0.04742484848484848 0.2976041818181818 0.11959326081830576
v -0.04742484848484848 0.2844281364720504 0.12067931818181832
v -0.04110153535353534 0.28721035359123565 0.013260974747474862
v -0.04506278390877841 0.2976041818181818 0.026688267676767803
v -0.04110153535353534 0.2976041818181818 0.025238655272709087
v -0.041433167123374005 0.2976041818181818 0.12067931818181832
v -0.04110153535353534 0.2976041818181818 0.12078516197885839
v -0.0347782222222222 0.28913256337633264 0.013260974747474862
v -0.0347782222222222 0.2976041818181818 0.023146823147833884
v -0.040221759997245185 0.2976041818181818 0.12067931818181832
v -0.0347782222222222 0.2976041818181818 0.12038614884171127
v -0.028454909090909065 0.2871749769558543 0.013260974747474862
v -0.028454909090909065 0.2976041818181818 0.023947452995186216
v -0.028454909090909065 0.2976041818181818 0.11779134085434478
v -0.022131595959595927 0.2939280444989653 -0.00016631818181808006
v -0.023629112381144013 0.2976041818181818 0.013260974747474862
v -0.022131595959595927 0.2976041818181818 0.004059521372973367
v -0.022131595959595927 0.2976041818181818 0.11453835300354748
v -0.015808282828282793 0.29621368360716693 -0.00016631818181808006
v -0.015808282828282793 0.2976041818181818 0.002096307247565177
v -0.015808282828282793 0.2905369489427191 0.10725202525252531
v -0.015808282828282793 0.2976041818181818 0.10878483947846113
v -0.009484969696969688 0.2965751436619518 -0.00016631818181808006
v -0.009484969696969688 0.2976041818181818 0.0014317239269452959
v -0.015218264490091131 0.2976041818181818 0.10725202525252531
v -0.009484969696969688 0.2976041818181818 0.1039808346037731
v -0.003161656565656551 0.2956657605790418 -0.00016631818181808006
v -0.003161656565656551 0.2976041818181818 0.002351305037881118
v -0.003161656565656551 0.2976041818181818 0.10154472982553818
v 0.003161656565656586 0.2956161249229453 -0.00016631818181808006
v 0.003161656565656586 0.2976041818181818 0.002455394155901758
v 0.003161656565656586 0.2976041818181818 0.1006234603173545
v 0.009484969696969759 0.29654621507215545 -0.00016631818181808006
v 0.009484969696969759 0.2976041818181818 0.0014789868247085253
v 0.009484969696969759 0.2976041818181818 0.10160403927257176
v 0.015808282828282862 0.29610709429630633 -0.00016631818181808006
v 0.015808282828282862 0.2976041818181818 0.0022416770971960386
v 0.015808282828282862 0.2976041818181818 0.1045607897520749
v 0.022131595959595962 0.29374537799058764 -0.00016631818181808006
v 0.022131595959595962 0.2976041818181818 0.004269363086201943
v 0.020590949246508252 0.2976041818181818 0.10725202525252531
v 0.022131595959595962 0.28573146940417343 0.10725202525252531
v 0.022131595959595962 0.2976041818181818 0.10955204909319108
v 0.023608252020291008 0.2976041818181818 0.013260974747474862
v 0.028454909090909135 0.2871357207193453 0.013260974747474862
v 0.028454909090909135 0.2976041818181818 0.02404641085575972
v 0.028454909090909135 0.2976041818181818 0.1142707168597548
v 0.03477822222222224 0.28900377761200724 0.013260974747474862
v 0.03477822222222224 0.2976041818181818 0.02328946607880079
v 0.03477822222222224 0.2976041818181818 0.1171476241087513
v 0.04110153535353541 0.28717916997244874 0.013260974747474862
v 0.04110153535353541 0.2976041818181818 0.02543845659786407
v 0.04110153535353541 0.2976041818181818 0.11847908281170097
v 0.04432694686708089 0.2976041818181818 0.026688267676767803
v 0.047424848484848514 0.29643379935080827 0.026688267676767803
v 0.047424848484848514 0.2976041818181818 0.030982118933445296
v 0.047424848484848514 0.2976041818181818 0.11810483780921775
v 0.05374816161616162 0.29173179687552603 0.026688267676767803
v 0.05374816161616162 0.2976041818181818 0.03614033853126656
v 0.05374816161616162 0.2976041818181818 0.115828679134835
v 0.05874328997221533 0.2976041818181818 0.04011556060606067
v 0.06007147474747479 0.2963506651982297 0.04011556060606067
v 0.06007147474747479 0.2976041818181818 0.041341150233280166
v 0.06007147474747479 0.2976041818181818 0.11081452737249475
v 0.06639478787878789 0.28864102998413754 0.04011556060606067
v 0.06635620592185315 0.2976041818181818 0.05354285353535361
v 0.06639478787878789 0.29756765196568763 0.05354285353535361
v 0.06639478787878789 0.2976041818181818 0.05355251167685388
v 0.0629319998517073 0.2976041818181818 0.10725202525252531
v 0.06639478787878789 0.2976041818181818 0.10293598552026392
v 0.07271810101010107 0.29035715267944157 0.05354285353535361
v 0.07040838917797927 0.2976041818181818 0.06697014646464655
v 0.07271810101010107 0.2891334558208777 0.06697014646464655
v 0.07271810101010107 0.2976041818181818 0.0803798474466846
v 0.07044752940761331 0.2976041818181818 0.09382473232323243
v 0.07271810101010107 0.2976041818181818 0.0809302372348298
v 0.07271810101010107 0.2890144743522194 0.09382473232323243
v 0.07277022123908695 0.2976041818181818 0.08039743939393956
v -0.06639478787878786 0.29828059545197944 0.05354285353535361
v -0.06639478787878786 0.3054435989367845 0.06697014646464655
v -0.06639478787878786 0.30531433202485114 0.08039743939393956
v -0.06639478787878786 0.30348840237590324 0.09382473232323243
v -0.06007147474747472 0.3071078152310905 0.05354285353535361
v -0.06057560206685131 0.31129836363636376 0.06697014646464655
v -0.06007147474747472 0.31129836363636376 0.05975731754835861
v -0.06499850256599478 0.31129836363636376 0.08039743939393956
v -0.06357392386643325 0.31129836363636376 0.09382473232323243
v -0.06007147474747472 0.31129836363636376 0.10378549331859041
v -0.06007147474747472 0.30328978295977127 0.10725202525252531
v -0.05374816161616158 0.3054304412863901 0.04011556060606067
v -0.055731234501238236 0.31129836363636376 0.05354285353535361
v -0.05374816161616158 0.31129836363636376 0.04834038356475312
v -0.057875992019863876 0.31129836363636376 0.10725202525252531
v -0.05374816161616158 0.31129836363636376 0.11337938317891864
v -0.04742484848484848 0.3110568128022466 0.04011556060606067
v -0.04742484848484848 0.31129836363636376 0.0404514041765731
v -0.04742484848484848 0.31129836363636376 0.11787355625766188
v -0.04110153535353534 0.3036588673335204 0.026688267676767803
v -0.04709880694985807 0.31129836363636376 0.04011556060606067
v -0.04110153535353534 0.31129836363636376 0.03568309536664892
v -0.04110153535353534 0.31129836363636376 0.11939440567985884
v -0.04110153535353534 0.29793350010469755 0.12067931818181832
v -0.0347782222222222 0.3086755776799118 0.026688267676767803
v -0.0347782222222222 0.31129836363636376 0.03195780138765072
v -0.0347782222222222 0.31129836363636376 0.1186824995356024
v -0.028454909090909065 0.3112030329667915 0.026688267676767803
v -0.028454909090909065 0.31129836363636376 0.026976086909302473
v -0.028454909090909065 0.31129836363636376 0.11709976786642426
v -0.022131595959595927 0.30444121734498536 0.013260974747474862
v -0.028181014385487462 0.31129836363636376 0.026688267676767803
v -0.022131595959595927 0.31129836363636376 0.02516889830890362
v -0.022131595959595927 0.31129836363636376 0.1159786940642033
v -0.015808282828282793 0.30611423977331714 0.013260974747474862
v -0.015808282828282793 0.31129836363636376 0.02368048737810682
v -0.015808282828282793 0.31129836363636376 0.11457961445604127
v -0.009484969696969688 0.30556612131429434 0.013260974747474862
v -0.009484969696969688 0.31129836363636376 0.022614899978898963
v -0.009484969696969688 0.3035270638057204 0.10725202525252531
v -0.009484969696969688 0.31129836363636376 0.11255949823760056
v -0.003161656565656551 0.3057417606999316 0.013260974747474862
v -0.003161656565656551 0.31129836363636376 0.01863898304228597
v -0.003161656565656551 0.3066792750871324 0.10725202525252531
v -0.003161656565656551 0.31129836363636376 0.11232573218731912
v 0.003161656565656586 0.3052489111566168 0.013260974747474862
v 0.003161656565656586 0.31129836363636376 0.019117412174626917
v 0.00029847944078670394 0.31129836363636376 0.10725202525252531
v 0.003161656565656586 0.31129836363636376 0.10338716372891162
v 0.009484969696969759 0.30550065591009745 0.013260974747474862
v 0.009484969696969759 0.31129836363636376 0.022783104223443283
v 0.00859028350406939 0.31129836363636376 0.10725202525252531
v 0.009484969696969759 0.30932230776743164 0.10725202525252531
v 0.009484969696969759 0.31129836363636376 0.1086469389758237
v 0.015808282828282862 0.30603472114458663 0.013260974747474862
v 0.015808282828282862 0.31129836363636376 0.023820438753092733
v 0.015808282828282862 0.30247294862359164 0.10725202525252531
v 0.015808282828282862 0.31129836363636376 0.11152567703912222
v 0.022131595959595962 0.30458473649709966 0.013260974747474862
v 0.022131595959595962 0.31129836363636376 0.025197876603658315
v 0.022131595959595962 0.31129836363636376 0.11389037454614026
v 0.027633457425590827 0.31129836363636376 0.026688267676767803
v 0.028454909090909135 0.31099963882583753 0.026688267676767803
v 0.028454909090909135 0.31129836363636376 0.02754718155874981
v 0.028454909090909135 0.31129836363636376 0.11623119667386088
v 0.03477822222222224 0.30830985344315304 0.026688267676767803
v 0.03477822222222224 0.31129836363636376 0.03259635872154396
v 0.03477822222222224 0.31129836363636376 0.11851666438195836
v 0.04110153535353541 0.30256753561397115 0.026688267676767803
v 0.04110153535353541 0.31129836363636376 0.03678935664818295
v 0.04110153535353541 0.31129836363636376 0.11977808043616446
v 0.04569298962731267 0.31129836363636376 0.04011556060606067
v 0.047424848484848514 0.3099753512422812 0.04011556060606067
v 0.047424848484848514 0.31129836363636376 0.042049652276779724
v 0.047424848484848514 0.31129836363636376 0.11893457098897141
v 0.05374816161616162 0.3040223215412506 0.04011556060606067
v 0.05374816161616162 0.31129836363636376 0.0509523036438457
v 0.05374816161616162 0.31129836363636376 0.11577305578687234
v 0.05468423263163695 0.31129836363636376 0.05354285353535361
v 0.06007147474747479 0.3062213063965917 0.05354285353535361
v 0.06007147474747479 0.31129836363636376 0.06180835663649283
v 0.06007147474747479 0.31129836363636376 0.10805337118787464
v 0.06041166994986865 0.31129836363636376 0.06697014646464655
v 0.06639478787878789 0.30539048587574036 0.06697014646464655
v 0.0654578960094533 0.31129836363636376 0.08039743939393956
v 0.06639478787878789 0.3065952997185993 0.08039743939393956
v 0.06562732999686358 0.31129836363636376 0.09382473232323243
v 0.06639478787878789 0.3076029598029355 0.09382473232323243
v 0.06053600701328916 0.31129836363636376 0.10725202525252531
v 0.07271810101010107 0.2976626150949151 0.08039743939393956
v -0.06007147474747472 0.31463575808587113 0.06697014646464655
v -0.06007147474747472 0.31504142069091146 0.08039743939393956
v -0.06007147474747472 0.3135292470750152 0.09382473232323243
v -0.05374816161616158 0.31477238686525816 0.05354285353535361
v -0.05374816161616158 0.3218229245749406 0.06697014646464655
v -0.05374816161616158 0.32277392454210757 0.08039743939393956
v -0.05601459936414291 0.32499254545454553 0.09382473232323243
v -0.05374816161616158 0.32499254545454553 0.08547533915532449
v -0.05374816161616158 0.32499254545454553 0.10539694239676604
v -0.05374816161616158 0.3193381830902178 0.10725202525252531
v -0.04742484848484848 0.3211205278525029 0.05354285353535361
v -0.04935997808353957 0.32499254545454553 0.06697014646464655
v -0.04742484848484848 0.32499254545454553 0.060118454838143126
v -0.05193653270635186 0.32499254545454553 0.08039743939393956
v -0.05297608324414616 0.32499254545454553 0.10725202525252531
v -0.04742484848484848 0.32499254545454553 0.11560092754910066
v -0.04110153535353534 0.31675135715870195 0.04011556060606067
v -0.0424027063848139 0.32499254545454553 0.05354285353535361
v -0.04110153535353534 0.32499254545454553 0.051860757215587965
v -0.04110153535353534 0.32499254545454553 0.11593448464023445
v -0.041529505364868886 0.32499254545454553 0.1341066111111112
v -0.04110153535353534 0.32499254545454553 0.13380595913188942
v -0.04110153535353534 0.32381507473878274 0.1341066111111112
v -0.04207441123943726 0.32499254545454553 0.1475339040404042
v -0.04110153535353534 0.3229243087493567 0.1475339040404042
v -0.04110153535353534 0.32499254545454553 0.1531307532862924
v -0.0347782222222222 0.32061684519149025 0.04011556060606067
v -0.0347782222222222 0.32499254545454553 0.046431236773631396
v -0.0347782222222222 0.32499254545454553 0.11340090847610887
v -0.0347782222222222 0.32499254545454553 0.13268889123396835
v -0.0347782222222222 0.31733521683556937 0.1341066111111112
v -0.0347782222222222 0.31666814658776493 0.1475339040404042
v -0.039077352914141314 0.32499254545454553 0.16096119696969707
v -0.0347782222222222 0.3197932792782065 0.16096119696969707
v -0.0347782222222222 0.32499254545454553 0.1731072374753873
v -0.028454909090909065 0.3231135642020906 0.04011556060606067
v -0.028454909090909065 0.32499254545454553 0.042992899221444676
v -0.028454909090909065 0.32499254545454553 0.11200833006143404
v -0.028454909090909065 0.32499254545454553 0.13308402377339004
v -0.028454909090909065 0.3173804634857617 0.1341066111111112
v -0.028454909090909065 0.3155492391574044 0.1475339040404042
v -0.028454909090909065 0.3172791562949877 0.16096119696969707
v -0.03385186043908039 0.32499254545454553 0.17438848989898995
v -0.028454909090909065 0.32138456667430354 0.17438848989898995
v -0.028454909090909065 0.32499254545454553 0.1848875659482072
v -0.022131595959595927 0.3155997232104837 0.026688267676767803
v -0.022131595959595927 0.3244065831688653 0.04011556060606067
v -0.022131595959595927 0.32499254545454553 0.0410521389726107
v -0.022131595959595927 0.32499254545454553 0.11506189652832247
v -0.022131595959595927 0.32499254545454553 0.1318981298866386
v -0.022131595959595927 0.31842505096063445 0.1341066111111112
v -0.022131595959595927 0.31663997580588754 0.1475339040404042
v -0.022131595959595927 0.31802884947212806 0.16096119696969707
v -0.022131595959595927 0.3212719170389419 0.17438848989898995
v -0.022131595959595927 0.32499254545454553 0.18760235751064064
v -0.015808282828282793 0.31762756132578357 0.026688267676767803
v -0.015808282828282793 0.32449193467550913 0.04011556060606067
v -0.015808282828282793 0.32499254545454553 0.04090150933278629
v -0.015808282828282793 0.32499254545454553 0.10962167113912945
v -0.015808282828282793 0.32499254545454553 0.13385168035236952
v -0.015808282828282793 0.32088222607643335 0.1341066111111112
v -0.015808282828282793 0.3204814408964506 0.1475339040404042
v -0.015808282828282793 0.32253855955068095 0.16096119696969707
v -0.017202056871181523 0.32499254545454553 0.17438848989898995
v -0.015808282828282793 0.32499254545454553 0.17064294294907262
v -0.009484969696969688 0.31841173052228516 0.026688267676767803
v -0.009484969696969688 0.32296209155608996 0.04011556060606067
v -0.009484969696969688 0.32499254545454553 0.04269393688873678
v -0.009484969696969688 0.32499254545454553 0.11732195885906381
v -0.012746407000683262 0.32499254545454553 0.1341066111111112
v -0.013305398353564559 0.32499254545454553 0.1475339040404042
v -0.014462022089125648 0.32499254545454553 0.16096119696969707
v -0.003161656565656551 0.32064118359376664 0.026688267676767803
v -0.003161656565656551 0.3168661548284039 0.04011556060606067
v -0.003161656565656551 0.32499254545454553 0.046502614191614465
v -0.003161656565656551 0.32499254545454553 0.11150131863586189
v 0.003161656565656586 0.3205444195414441 0.026688267676767803
v 0.003161656565656586 0.3167195528733005 0.04011556060606067
v 0.003161656565656586 0.32499254545454553 0.04670796317411368
v 0.003161656565656586 0.31423623494286285 0.10725202525252531
v 0.003161656565656586 0.32499254545454553 0.11229038004453441
v 0.009484969696969759 0.31809458220114273 0.026688267676767803
v 0.009484969696969759 0.322628214515278 0.04011556060606067
v 0.009484969696969759 0.32499254545454553 0.043189175731706046
v 0.009484969696969759 0.32499254545454553 0.12019250950265063
v 0.015808282828282862 0.3171815483577001 0.026688267676767803
v 0.015808282828282862 0.32407810630168715 0.04011556060606067
v 0.015808282828282862 0.32499254545454553 0.0416053263075182
v 0.015808282828282862 0.32499254545454553 0.10766269228250723
v 0.022131595959595962 0.31510455210061017 0.026688267676767803
v 0.022131595959595962 0.32391645388009827 0.04011556060606067
v 0.022131595959595962 0.32499254545454553 0.04194226323338947
v 0.022131595959595962 0.32499254545454553 0.11155972425645003
v 0.019386847539041463 0.32499254545454553 0.1341066111111112
v 0.022131595959595962 0.32499254545454553 0.13395030555202966
v 0.022131595959595962 0.3236084017716451 0.1341066111111112
v 0.018885646475987082 0.32499254545454553 0.1475339040404042
v 0.022131595959595962 0.32170611585822534 0.1475339040404042
v 0.02094091170887799 0.32499254545454553 0.16096119696969707
v 0.022131595959595962 0.3237774053679184 0.16096119696969707
v 0.022131595959595962 0.32499254545454553 0.1658191845509947
v 0.028454909090909135 0.3225164147153056 0.04011556060606067
v 0.028454909090909135 0.32499254545454553 0.04415896256585708
v 0.028454909090909135 0.32499254545454553 0.11355403445268139
v 0.028454909090909135 0.32499254545454553 0.13366227920113935
v 0.028454909090909135 0.3223469070803012 0.1341066111111112
v 0.028454909090909135 0.31969426015398766 0.1475339040404042
v 0.028454909090909135 0.32241351017120734 0.16096119696969707
v 0.028454909090909135 0.32499254545454553 0.16880955592701372
v 0.03477822222222224 0.3198063603371782 0.04011556060606067
v 0.03477822222222224 0.32499254545454553 0.048143429470783615
v 0.03477822222222224 0.32499254545454553 0.11393696596720725
v 0.03477822222222224 0.32499254545454553 0.1339648010353925
v 0.03477822222222224 0.3239380156014679 0.1341066111111112
v 0.03477822222222224 0.3212263876773216 0.1475339040404042
v 0.034149044704844936 0.32499254545454553 0.16096119696969707
v 0.03477822222222224 0.32499254545454553 0.16014412973886633
v 0.04110153535353541 0.3156036518332939 0.04011556060606067
v 0.04007632278154797 0.32499254545454553 0.05354285353535361
v 0.04110153535353541 0.32429599038581985 0.05354285353535361
v 0.04110153535353541 0.32499254545454553 0.05467197865600985
v 0.04110153535353541 0.32499254545454553 0.11766979627659829
v 0.03612449171663261 0.32499254545454553 0.1341066111111112
v 0.0385290112441411 0.32499254545454553 0.1475339040404042
v 0.047424848484848514 0.31929605446992104 0.05354285353535361
v 0.047317124755439074 0.32499254545454553 0.06697014646464655
v 0.047424848484848514 0.32492107321928526 0.06697014646464655
v 0.047424848484848514 0.32499254545454553 0.06706670909013077
v 0.047424848484848514 0.32499254545454553 0.11871627449088774
v 0.05374816161616162 0.3129088718925867 0.05354285353535361
v 0.05374816161616162 0.32055050396363416 0.06697014646464655
v 0.04951764195101072 0.32499254545454553 0.08039743939393956
v 0.05374816161616162 0.31986966883375867 0.08039743939393956
v 0.05374816161616162 0.32499254545454553 0.08434296042799266
v 0.05374816161616162 0.32499254545454553 0.11170080756266264
v 0.06007147474747479 0.31351713076168136 0.06697014646464655
v 0.06007147474747479 0.3153646139831483 0.08039743939393956
v 0.05906209832340632 0.32499254545454553 0.09382473232323243
v 0.06007147474747479 0.31693370629678774 0.09382473232323243
v 0.056075038941026153 0.32499254545454553 0.10725202525252531
v 0.06007147474747479 0.3118800800058691 0.10725202525252531
v -0.05374816161616158 0.3290863202679583 0.09382473232323243
v -0.04742484848484848 0.32895169258144785 0.06697014646464655
v -0.04742484848484848 0.3356656685785034 0.08039743939393956
v -0.04742484848484848 0.33683352909339975 0.09382473232323243
v -0.04742484848484848 0.33189455058068784 0.10725202525252531
v -0.04110153535353534 0.32624479466187306 0.05354285353535361
v -0.04110153535353534 0.33490182162206733 0.06697014646464655
v -0.0430593273933686 0.3386867272727274 0.08039743939393956
v -0.04110153535353534 0.3386867272727274 0.07414662890811513
v -0.044888701537385306 0.3386867272727274 0.09382473232323243
v -0.046160307319972636 0.3386867272727274 0.10725202525252531
v -0.046004258460350105 0.3386867272727274 0.12067931818181832
v -0.04110153535353534 0.32611529299636044 0.12067931818181832
v -0.04533966572701436 0.3386867272727274 0.1341066111111112
v -0.04434510550977541 0.3386867272727274 0.1475339040404042
v -0.04325103817161556 0.3386867272727274 0.16096119696969707
v -0.04110153535353534 0.3283427503935473 0.16096119696969707
v -0.04116887319995018 0.3386867272727274 0.17438848989898995
v -0.04110153535353534 0.33835071432657016 0.17438848989898995
v -0.04110153535353534 0.3386867272727274 0.17482707137413775
v -0.0347782222222222 0.33030325120961107 0.05354285353535361
v -0.03510658679601613 0.3386867272727274 0.06697014646464655
v -0.0347782222222222 0.3386867272727274 0.06659300757162778
v -0.0347782222222222 0.3286734289128202 0.12067931818181832
v -0.0347782222222222 0.3253539217733339 0.17438848989898995
v -0.039133441206729624 0.3386867272727274 0.18781578282828296
v -0.0347782222222222 0.32890798950247657 0.18781578282828296
v -0.036163484401841334 0.3386867272727274 0.20124307575757583
v -0.0347782222222222 0.33513688394101615 0.20124307575757583
v -0.0347782222222222 0.3386867272727274 0.20931733903151073
v -0.028454909090909065 0.3327000581410129 0.05354285353535361
v -0.028454909090909065 0.3386867272727274 0.062499341660721776
v -0.028454909090909065 0.33081137819269885 0.12067931818181832
v -0.028454909090909065 0.32548875501878216 0.18781578282828296
v -0.028454909090909065 0.3279481710144753 0.20124307575757583
v -0.033797312146796876 0.3386867272727274 0.21467036868686884
v -0.028454909090909065 0.3307882849251462 0.21467036868686884
v -0.03205505078577213 0.3386867272727274 0.2280976616161617
v -0.028454909090909065 0.33293780716973054 0.2280976616161617
v -0.03031220943172852 0.3386867272727274 0.24152495454545472
v -0.028454909090909065 0.3355380989616612 0.24152495454545472
v -0.028771874437132382 0.3386867272727274 0.2549522474747476
v -0.028454909090909065 0.33819047342598535 0.2549522474747476
v -0.028454909090909065 0.3386867272727274 0.2574623171203612
v -0.022131595959595927 0.33354185162303346 0.05354285353535361
v -0.022131595959595927 0.3386867272727274 0.06135867834156479
v -0.022131595959595927 0.32871463443177074 0.12067931818181832
v -0.022131595959595927 0.32501986463793536 0.18781578282828296
v -0.022131595959595927 0.3265943461207654 0.20124307575757583
v -0.022131595959595927 0.3286042018711655 0.21467036868686884
v -0.022131595959595927 0.3297404550976184 0.2280976616161617
v -0.022131595959595927 0.3314322486910469 0.24152495454545472
v -0.022131595959595927 0.33315418299210203 0.2549522474747476
v -0.02648948567051976 0.3386867272727274 0.26837954040404044
v -0.022131595959595927 0.33454017861217905 0.26837954040404044
v -0.022831175665154475 0.3386867272727274 0.28180683333333345
v -0.022131595959595927 0.33799414003479966 0.28180683333333345
v -0.022131595959595927 0.3386867272727274 0.2845347730327986
v -0.015808282828282793 0.3332831601131221 0.05354285353535361
v -0.015808282828282793 0.3386867272727274 0.06261291621681099
v -0.015808282828282793 0.33503291663469975 0.12067931818181832
v -0.015808282828282793 0.32552060323216875 0.17438848989898995
v -0.015808282828282793 0.32643985017539473 0.18781578282828296
v -0.015808282828282793 0.32773005889686274 0.20124307575757583
v -0.015808282828282793 0.32865587706105626 0.21467036868686884
v -0.015808282828282793 0.3297684299065609 0.2280976616161617
v -0.015808282828282793 0.33100610025514443 0.24152495454545472
v -0.015808282828282793 0.33191902965445097 0.2549522474747476
v -0.015808282828282793 0.33366059097120354 0.26837954040404044
v -0.015808282828282793 0.33614246979304274 0.28180683333333345
v -0.016081559843644712 0.3386867272727274 0.29523412626262635
v -0.015808282828282793 0.33856302694811813 0.29523412626262635
v -0.015808282828282793 0.3386867272727274 0.2961339685020342
v -0.009484969696969688 0.3327961087174758 0.05354285353535361
v -0.009484969696969688 0.3386867272727274 0.06571363305466589
v -0.009484969696969688 0.3275447627098931 0.12067931818181832
v -0.009484969696969688 0.32613757851041963 0.1341066111111112
v -0.009484969696969688 0.3268076117943272 0.1475339040404042
v -0.009484969696969688 0.32951139289819303 0.16096119696969707
v -0.009764481381490447 0.3386867272727274 0.17438848989898995
v -0.009484969696969688 0.3386867272727274 0.17363529454299603
v -0.009873214487737723 0.3386867272727274 0.18781578282828296
v -0.009596041904407248 0.3386867272727274 0.20124307575757583
v -0.009519932791145444 0.3386867272727274 0.21467036868686884
v -0.009484969696969688 0.3386867272727274 0.2150900595565384
v -0.009484969696969688 0.33504076410427924 0.2280976616161617
v -0.009484969696969688 0.33572744627060036 0.24152495454545472
v -0.009484969696969688 0.33582997377552026 0.2549522474747476
v -0.009484969696969688 0.33636857316331026 0.26837954040404044
v -0.009484969696969688 0.3385722458062905 0.28180683333333345
v -0.01479046336876828 0.3386867272727274 0.29523412626262635
v -0.009484969696969688 0.3386867272727274 0.28344195616549356
v -0.003161656565656551 0.33407845877750714 0.05354285353535361
v -0.009153004414085406 0.3386867272727274 0.06697014646464655
v -0.003161656565656551 0.33297245515834184 0.06697014646464655
v -0.003161656565656551 0.3386867272727274 0.07080853837393475
v -0.003161656565656551 0.3337644839445205 0.12067931818181832
v -0.003161656565656551 0.32910770057853395 0.1341066111111112
v -0.003161656565656551 0.3292058527196988 0.1475339040404042
v -0.00815208010584284 0.3386867272727274 0.16096119696969707
v -0.003161656565656551 0.3386867272727274 0.1550650869621992
v -0.008107343453128576 0.3386867272727274 0.2280976616161617
v -0.007844872792610716 0.3386867272727274 0.24152495454545472
v -0.007564647818071253 0.3386867272727274 0.2549522474747476
v -0.007305882037304711 0.3386867272727274 0.26837954040404044
v -0.009334870078914106 0.3386867272727274 0.28180683333333345
v 0.003161656565656586 0.3339868523227826 0.05354285353535361
v 0.003161656565656586 0.33313397436374964 0.06697014646464655
v 0.003161656565656586 0.3386867272727274 0.07056316592616092
v 0.003161656565656586 0.33289576322725106 0.12067931818181832
v 0.003161656565656586 0.32979332917245685 0.1341066111111112
v 0.003161656565656586 0.3317625109345654 0.1475339040404042
v 0.003161656565656586 0.3386867272727274 0.15211558829395536
v 0.009484969696969759 0.33253256941594794 0.05354285353535361
v 0.009129043068989836 0.3386867272727274 0.06697014646464655
v 0.009484969696969759 0.3386867272727274 0.06573256459753629
v 0.009484969696969759 0.3253367999067549 0.12067931818181832
v 0.009484969696969759 0.3277485792201884 0.1341066111111112
v 0.009484969696969759 0.3295344901931432 0.1475339040404042
v 0.009484969696969759 0.3386867272727274 0.16018386866364714
v 0.015808282828282862 0.332855873587729 0.05354285353535361
v 0.015808282828282862 0.3386867272727274 0.0630529981332891
v 0.015808282828282862 0.33802588526397337 0.12067931818181832
v 0.015808282828282862 0.3255144052219137 0.1341066111111112
v 0.015808282828282862 0.32615881808299285 0.1475339040404042
v 0.010116127179119794 0.3386867272727274 0.16096119696969707
v 0.015808282828282862 0.3272823159121218 0.16096119696969707
v 0.012750265263581334 0.3386867272727274 0.17438848989898995
v 0.015808282828282862 0.32927991722120153 0.17438848989898995
v 0.013147340426766699 0.3386867272727274 0.18781578282828296
v 0.015808282828282862 0.3310020735028936 0.18781578282828296
v 0.012766418806603265 0.3386867272727274 0.20124307575757583
v 0.015808282828282862 0.3317354976402858 0.20124307575757583
v 0.01212888052088042 0.3386867272727274 0.21467036868686884
v 0.015808282828282862 0.3321237355322143 0.21467036868686884
v 0.011889163223346993 0.3386867272727274 0.2280976616161617
v 0.015808282828282862 0.3333243312343031 0.2280976616161617
v 0.011842516842615832 0.3386867272727274 0.24152495454545472
v 0.015808282828282862 0.33441922197427904 0.24152495454545472
v 0.012220350824298756 0.3386867272727274 0.2549522474747476
v 0.015808282828282862 0.33579385162580533 0.2549522474747476
v 0.014252345736103348 0.3386867272727274 0.26837954040404044
v 0.015808282828282862 0.33784171103546834 0.26837954040404044
v 0.015808282828282862 0.3386867272727274 0.2714686302450065
v 0.022131595959595962 0.3328567223109277 0.05354285353535361
v 0.022131595959595962 0.3386867272727274 0.06250129739764712
v 0.022131595959595962 0.3324952097445962 0.12067931818181832
v 0.022131595959595962 0.3260708726818341 0.17438848989898995
v 0.022131595959595962 0.32777756648352324 0.18781578282828296
v 0.022131595959595962 0.3293185197680299 0.20124307575757583
v 0.022131595959595962 0.33047884330779853 0.21467036868686884
v 0.022131595959595962 0.33210549631186315 0.2280976616161617
v 0.022131595959595962 0.33377071861070673 0.24152495454545472
v 0.022131595959595962 0.33597783488483246 0.2549522474747476
v 0.02086422755188376 0.3386867272727274 0.26837954040404044
v 0.022131595959595962 0.3386867272727274 0.26757343464246613
v 0.028454909090909135 0.33166849421306327 0.05354285353535361
v 0.028454909090909135 0.3386867272727274 0.06451782737167153
v 0.028454909090909135 0.3302605729175119 0.12067931818181832
v 0.028454909090909135 0.3259616231566005 0.17438848989898995
v 0.028454909090909135 0.32832223425118506 0.18781578282828296
v 0.028454909090909135 0.33103810161282954 0.20124307575757583
v 0.028454909090909135 0.33311526507236305 0.21467036868686884
v 0.028454909090909135 0.3354750490571799 0.2280976616161617
v 0.028454909090909135 0.33845581128731317 0.24152495454545472
v 0.02490565647179026 0.3386867272727274 0.2549522474747476
v 0.028454909090909135 0.3386867272727274 0.24227899395529218
v 0.03477822222222224 0.3288765858996631 0.05354285353535361
v 0.031420392001168 0.3386867272727274 0.06697014646464655
v 0.03477822222222224 0.33686042694128937 0.06697014646464655
v 0.03477822222222224 0.3386867272727274 0.06958843746241324
v 0.03477822222222224 0.3299384592466729 0.12067931818181832
v 0.03477822222222224 0.32514330454863555 0.16096119696969707
v 0.03477822222222224 0.3289296721307326 0.17438848989898995
v 0.03477822222222224 0.3338201708339699 0.18781578282828296
v 0.034287341470151174 0.3386867272727274 0.20124307575757583
v 0.03477822222222224 0.3386867272727274 0.19926393010589238
v 0.032030358374793955 0.3386867272727274 0.21467036868686884
v 0.03058893456380797 0.3386867272727274 0.2280976616161617
v 0.028598075926361086 0.3386867272727274 0.24152495454545472
v 0.04110153535353541 0.33218420489771483 0.06697014646464655
v 0.04033619805269847 0.3386867272727274 0.08039743939393956
v 0.04110153535353541 0.3380446155216229 0.08039743939393956
v 0.04110153535353541 0.3386867272727274 0.0813344881345225
v 0.04110153535353541 0.3259398544942397 0.12067931818181832
v 0.04110153535353541 0.32583092494754445 0.1341066111111112
v 0.04110153535353541 0.32702620013724115 0.1475339040404042
v 0.04110153535353541 0.3350979483537494 0.16096119696969707
v 0.039305541574802184 0.3386867272727274 0.17438848989898995
v 0.04110153535353541 0.3386867272727274 0.16576106313115294
v 0.03686314754261626 0.3386867272727274 0.18781578282828296
v 0.047424848484848514 0.3326774288000833 0.08039743939393956
v 0.0434952372214438 0.3386867272727274 0.09382473232323243
v 0.047424848484848514 0.33581016528108826 0.09382473232323243
v 0.04652212345403657 0.3386867272727274 0.10725202525252531
v 0.047424848484848514 0.33315018614697633 0.10725202525252531
v 0.046127401470388324 0.3386867272727274 0.12067931818181832
v 0.045504539756189816 0.3386867272727274 0.1341066111111112
v 0.0442957128741156 0.3386867272727274 0.1475339040404042
v 0.0419770234155389 0.3386867272727274 0.16096119696969707
v 0.05374816161616162 0.3338521987360963 0.09382473232323243
v 0.05374816161616162 0.32625607071734564 0.10725202525252531
v -0.04110153535353534 0.3418759148830441 0.08039743939393956
v -0.04110153535353534 0.34700914540905525 0.09382473232323243
v -0.04110153535353534 0.34550686295747707 0.10725202525252531
v -0.04110153535353534 0.3507222244000807 0.12067931818181832
v -0.04110153535353534 0.34378150310294936 0.1341066111111112
v -0.04110153535353534 0.34044099438089404 0.1475339040404042
v -0.04110153535353534 0.3399915688649284 0.16096119696969707
v -0.04110153535353534 0.33873913788260107 0.17438848989898995
v -0.0347782222222222 0.3389401967187042 0.06697014646464655
v -0.0347782222222222 0.3469265787728263 0.08039743939393956
v -0.0347782222222222 0.35080857703624685 0.09382473232323243
v -0.0347782222222222 0.34917763769856874 0.10725202525252531
v -0.03753858240349812 0.3523809090909092 0.12067931818181832
v -0.0347782222222222 0.3523809090909092 0.11527237924041481
v -0.03605875165661721 0.3523809090909092 0.1341066111111112
v -0.03711062813653357 0.3523809090909092 0.1475339040404042
v -0.03941557274499505 0.3523809090909092 0.16096119696969707
v -0.03854169323172007 0.3523809090909092 0.17438848989898995
v -0.037348309494154644 0.3523809090909092 0.18781578282828296
v -0.03517985951298449 0.3523809090909092 0.20124307575757583
v -0.0347782222222222 0.3523809090909092 0.20514934830099263
v -0.028454909090909065 0.34180934642283683 0.06697014646464655
v -0.028454909090909065 0.3493407563427411 0.08039743939393956
v -0.03090224341976294 0.3523809090909092 0.09382473232323243
v -0.028454909090909065 0.3523809090909092 0.0888316051608696
v -0.028454909090909065 0.3523809090909092 0.09427598763066841
v -0.028454909090909065 0.3467733412356401 0.10725202525252531
v -0.028454909090909065 0.3523809090909092 0.11523457971691103
v -0.03430826928415097 0.3523809090909092 0.21467036868686884
v -0.03384345196953876 0.3523809090909092 0.2280976616161617
v -0.03328906305901154 0.3523809090909092 0.24152495454545472
v -0.03284585294364459 0.3523809090909092 0.2549522474747476
v -0.03217932306476059 0.3523809090909092 0.26837954040404044
v -0.028454909090909065 0.3399686812775091 0.26837954040404044
v -0.03093955593264584 0.3523809090909092 0.28180683333333345
v -0.028454909090909065 0.34337779584551387 0.28180683333333345
v -0.029185609851530965 0.3523809090909092 0.29523412626262635
v -0.028454909090909065 0.34926789294985994 0.29523412626262635
v -0.028454909090909065 0.3523809090909092 0.3016972349838828
v -0.022131595959595927 0.3428739756226611 0.06697014646464655
v -0.022131595959595927 0.3500640713631412 0.08039743939393956
v -0.022131595959595927 0.3523809090909092 0.08523569266995278
v -0.024983681327673313 0.3523809090909092 0.10725202525252531
v -0.022131595959595927 0.33989531629580116 0.29523412626262635
v -0.027671073807421682 0.3523809090909092 0.30866141919191936
v -0.022131595959595927 0.34174865858065745 0.30866141919191936
v -0.026857352952004594 0.3523809090909092 0.3220887121212122
v -0.022131595959595927 0.3436193365975867 0.3220887121212122
v -0.025810042252308613 0.3523809090909092 0.3355160050505052
v -0.022131595959595927 0.34593930276447166 0.3355160050505052
v -0.022327847837310757 0.3523809090909092 0.3489432979797981
v -0.022131595959595927 0.35199085333313407 0.3489432979797981
v -0.022131595959595927 0.3523809090909092 0.34929545414346663
v -0.015808282828282793 0.3422282796124115 0.06697014646464655
v -0.015808282828282793 0.34922926034254037 0.08039743939393956
v -0.015808282828282793 0.3523809090909092 0.08691936256324911
v -0.015808282828282793 0.3394569794023467 0.30866141919191936
v -0.015808282828282793 0.3401991568313764 0.3220887121212122
v -0.015808282828282793 0.3414102645365295 0.3355160050505052
v -0.015808282828282793 0.34434296013978916 0.3489432979797981
v -0.015808282828282793 0.3523809090909092 0.35909529641537713
v -0.009484969696969688 0.3399774313547059 0.06697014646464655
v -0.009484969696969688 0.34790997058119916 0.08039743939393956
v -0.009484969696969688 0.3523809090909092 0.09365252224998036
v -0.009484969696969688 0.3388347883309832 0.17438848989898995
v -0.009484969696969688 0.3388993416869403 0.18781578282828296
v -0.009484969696969688 0.3387566835798855 0.20124307575757583
v -0.009484969696969688 0.33871394647739733 0.21467036868686884
v -0.009484969696969688 0.339167905802237 0.29523412626262635
v -0.009484969696969688 0.33911751358472986 0.30866141919191936
v -0.009484969696969688 0.3404952799057181 0.3220887121212122
v -0.009484969696969688 0.34032444807310985 0.3355160050505052
v -0.009484969696969688 0.3416821866885586 0.3489432979797981
v -0.01258974258965126 0.3523809090909092 0.36237059090909096
v -0.009484969696969688 0.34910833644642286 0.36237059090909096
v -0.009484969696969688 0.3523809090909092 0.3648464437349028
v -0.003161656565656551 0.3486382098453572 0.08039743939393956
v -0.009445200875285328 0.3523809090909092 0.09382473232323243
v -0.003161656565656551 0.34829989110922455 0.09382473232323243
v -0.003161656565656551 0.3523809090909092 0.09686163398462548
v -0.003161656565656551 0.3423534467501247 0.16096119696969707
v -0.003161656565656551 0.3408439542970014 0.17438848989898995
v -0.003161656565656551 0.34228562855683714 0.18781578282828296
v -0.0064649559452797 0.3523809090909092 0.20124307575757583
v -0.003161656565656551 0.3523809090909092 0.19556612187162836
v -0.00792817687764585 0.3523809090909092 0.21467036868686884
v -0.007459837923979195 0.3523809090909092 0.2280976616161617
v -0.007073044255330808 0.3523809090909092 0.24152495454545472
v -0.007347661979457924 0.3523809090909092 0.2549522474747476
v -0.0067713002806363675 0.3523809090909092 0.26837954040404044
v -0.00583661835357838 0.3523809090909092 0.28180683333333345
v -0.005533499476104695 0.3523809090909092 0.29523412626262635
v -0.003436458785002457 0.3523809090909092 0.30866141919191936
v -0.003161656565656551 0.3523809090909092 0.3099743224913857
v -0.003161656565656551 0.3434245243301596 0.3220887121212122
v -0.003161656565656551 0.3409227365795923 0.3355160050505052
v -0.003161656565656551 0.340984283881005 0.3489432979797981
v -0.003161656565656551 0.3465314465457678 0.36237059090909096
v -0.003161656565656551 0.3523809090909092 0.36685121833502327
v 0.003161656565656586 0.3487956083903739 0.08039743939393956
v 0.003161656565656586 0.34854530013020457 0.09382473232323243
v 0.003161656565656586 0.3523809090909092 0.09652798859782846
v 0.003161656565656586 0.3433165487393663 0.16096119696969707
v 0.003161656565656586 0.3416623985486331 0.17438848989898995
v 0.003161656565656586 0.3453655944359379 0.18781578282828296
v 0.003161656565656586 0.3523809090909092 0.19132828578306688
v 0.003161656565656586 0.3523809090909092 0.3167350428809496
v 0.003161656565656586 0.3460640693199118 0.3220887121212122
v 0.003161656565656586 0.34120921662324244 0.3355160050505052
v 0.003161656565656586 0.3412283479343784 0.3489432979797981
v 0.003161656565656586 0.34696661880969726 0.36237059090909096
v 0.003161656565656586 0.3523809090909092 0.3665486976940838
v 0.009484969696969759 0.34000667872460466 0.06697014646464655
v 0.009484969696969759 0.3481952160019205 0.08039743939393956
v 0.00919551492118083 0.3523809090909092 0.09382473232323243
v 0.009484969696969759 0.3523809090909092 0.09264249482605416
v 0.009484969696969759 0.3390634368727942 0.16096119696969707
v 0.009484969696969759 0.3408016165621628 0.17438848989898995
v 0.009484969696969759 0.34126997541011334 0.18781578282828296
v 0.008200031166073271 0.3523809090909092 0.20124307575757583
v 0.009484969696969759 0.34186065647709 0.20124307575757583
v 0.009069089668111903 0.3523809090909092 0.21467036868686884
v 0.009484969696969759 0.34293900070559513 0.21467036868686884
v 0.00895220219169069 0.3523809090909092 0.2280976616161617
v 0.009484969696969759 0.34270665068658523 0.2280976616161617
v 0.008535734829297783 0.3523809090909092 0.24152495454545472
v 0.009484969696969759 0.34121247803449606 0.24152495454545472
v 0.00889117168985168 0.3523809090909092 0.2549522474747476
v 0.009484969696969759 0.34234433022008176 0.2549522474747476
v 0.008396221788131087 0.3523809090909092 0.26837954040404044
v 0.009484969696969759 0.3417661928427521 0.26837954040404044
v 0.007755763552641747 0.3523809090909092 0.28180683333333345
v 0.009484969696969759 0.34314614994038684 0.28180683333333345
v 0.00794160683050027 0.3523809090909092 0.29523412626262635
v 0.009484969696969759 0.3458129069045146 0.29523412626262635
v 0.006296984560455189 0.3523809090909092 0.30866141919191936
v 0.009484969696969759 0.3447311691423472 0.30866141919191936
v 0.009484969696969759 0.34333239340511534 0.3220887121212122
v 0.009484969696969759 0.3420016871592342 0.3355160050505052
v 0.009484969696969759 0.3425047496258723 0.3489432979797981
v 0.009484969696969759 0.34994988811682476 0.36237059090909096
v 0.009484969696969759 0.3523809090909092 0.36410314867191174
v 0.015808282828282862 0.3419438245577888 0.06697014646464655
v 0.015808282828282862 0.34929944385976647 0.08039743939393956
v 0.015808282828282862 0.3523809090909092 0.08696700036008179
v 0.015808282828282862 0.3396576402257723 0.28180683333333345
v 0.015808282828282862 0.34166583145540225 0.29523412626262635
v 0.015808282828282862 0.34334551466619456 0.30866141919191936
v 0.015808282828282862 0.34399146908524014 0.3220887121212122
v 0.015808282828282862 0.3441291445733314 0.3355160050505052
v 0.015808282828282862 0.34592152443836977 0.3489432979797981
v 0.01163572268176174 0.3523809090909092 0.36237059090909096
v 0.015808282828282862 0.3523809090909092 0.35712161102450013
v 0.022131595959595962 0.34203242959227903 0.06697014646464655
v 0.022131595959595962 0.3496965330668043 0.08039743939393956
v 0.022131595959595962 0.3523809090909092 0.08619581950298934
v 0.022131595959595962 0.3387377123119378 0.26837954040404044
v 0.022131595959595962 0.34037475676305773 0.28180683333333345
v 0.022131595959595962 0.3440814118358177 0.29523412626262635
v 0.022131595959595962 0.3485976039427967 0.30866141919191936
v 0.022131595959595962 0.35164125723319306 0.3220887121212122
v 0.02132891686248854 0.3523809090909092 0.3355160050505052
v 0.022131595959595962 0.3523809090909092 0.3257290843857503
v 0.019894529166945563 0.3523809090909092 0.3489432979797981
v 0.028454909090909135 0.340359235474151 0.06697014646464655
v 0.028454909090909135 0.3483459555173594 0.08039743939393956
v 0.028454909090909135 0.3523809090909092 0.09025412818245236
v 0.028454909090909135 0.3402354502321328 0.2549522474747476
v 0.028454909090909135 0.3419870590136627 0.26837954040404044
v 0.028454909090909135 0.34792340406705746 0.28180683333333345
v 0.02600022606054035 0.3523809090909092 0.29523412626262635
v 0.028454909090909135 0.3523809090909092 0.2865864441734555
v 0.023637505546455568 0.3523809090909092 0.30866141919191936
v 0.0223958335811984 0.3523809090909092 0.3220887121212122
v 0.03477822222222224 0.3449944648325769 0.08039743939393956
v 0.030147996151170132 0.3523809090909092 0.09382473232323243
v 0.03477822222222224 0.3501948254312339 0.09382473232323243
v 0.028504579311749472 0.3523809090909092 0.10725202525252531
v 0.03477822222222224 0.3467439760540085 0.10725202525252531
v 0.03477822222222224 0.3523809090909092 0.11892333559998428
v 0.034595165964286856 0.3523809090909092 0.1341066111111112
v 0.03477822222222224 0.3523809090909092 0.13332160195091886
v 0.03477822222222224 0.35217655845026025 0.1341066111111112
v 0.03477822222222224 0.3523809090909092 0.134510583873047
v 0.03477822222222224 0.34373745984446996 0.20124307575757583
v 0.03456000018908962 0.3523809090909092 0.21467036868686884
v 0.03477822222222224 0.3523809090909092 0.2063884839920264
v 0.03406563389073056 0.3523809090909092 0.2280976616161617
v 0.03333584705693396 0.3523809090909092 0.24152495454545472
v 0.03287390033656942 0.3523809090909092 0.2549522474747476
v 0.03190720623860403 0.3523809090909092 0.26837954040404044
v 0.029641990875329673 0.3523809090909092 0.28180683333333345
v 0.04110153535353541 0.34522575402255146 0.09382473232323243
v 0.04110153535353541 0.34755000683768716 0.10725202525252531
v 0.036430848066495505 0.3523809090909092 0.12067931818181832
v 0.04110153535353541 0.35015493893834787 0.12067931818181832
v 0.04110153535353541 0.34332182646233533 0.1341066111111112
v 0.03663267121549851 0.3523809090909092 0.1475339040404042
v 0.04110153535353541 0.3404368005447418 0.1475339040404042
v 0.03931876361661068 0.3523809090909092 0.16096119696969707
v 0.04110153535353541 0.33918826966509735 0.16096119696969707
v 0.0381710752587704 0.3523809090909092 0.17438848989898995
v 0.036688747609785265 0.3523809090909092 0.18781578282828296
v 0.03504432530060028 0.3523809090909092 0.20124307575757583
v -0.0347782222222222 0.3598223668105851 0.12067931818181832
v -0.0347782222222222 0.35900810488348356 0.1341066111111112
v -0.0347782222222222 0.3608543883773012 0.1475339040404042
v -0.0347782222222222 0.3624434538295656 0.16096119696969707
v -0.0347782222222222 0.35766003903995114 0.17438848989898995
v -0.0347782222222222 0.3543404942601527 0.18781578282828296
v -0.0347782222222222 0.352572408156512 0.20124307575757583
v -0.028454909090909065 0.35389485019623246 0.09382473232323243
v -0.028454909090909065 0.36337213437913135 0.12067931818181832
v -0.028454909090909065 0.3647217758008375 0.1341066111111112
v -0.028454909090909065 0.3648441340990174 0.1475339040404042
v -0.028454909090909065 0.36470247108811427 0.16096119696969707
v -0.028454909090909065 0.3640247238984032 0.17438848989898995
v -0.028454909090909065 0.36201702256448287 0.18781578282828296
v -0.028454909090909065 0.35877583595372814 0.20124307575757583
v -0.028454909090909065 0.35506754795864975 0.21467036868686884
v -0.028454909090909065 0.35461922490710074 0.2280976616161617
v -0.028454909090909065 0.35453094570315336 0.24152495454545472
v -0.028454909090909065 0.35295306036291757 0.2549522474747476
v -0.028454909090909065 0.3532168183206163 0.26837954040404044
v -0.028454909090909065 0.3532864406186445 0.28180683333333345
v -0.028454909090909065 0.3526729388465455 0.29523412626262635
v -0.022131595959595927 0.3558499400446299 0.09382473232323243
v -0.022131595959595927 0.361431182811268 0.10725202525252531
v -0.022131595959595927 0.36464033373556193 0.12067931818181832
v -0.025236639114110396 0.3660750909090909 0.1341066111111112
v -0.022131595959595927 0.3660750909090909 0.1294399811806875
v -0.025689158849162903 0.3660750909090909 0.1475339040404042
v -0.02516916373044151 0.3660750909090909 0.16096119696969707
v -0.02487918897000495 0.3660750909090909 0.17438848989898995
v -0.025014109215909047 0.3660750909090909 0.18781578282828296
v -0.02488943538128333 0.3660750909090909 0.20124307575757583
v -0.02377589611522086 0.3660750909090909 0.21467036868686884
v -0.023989599024026052 0.3660750909090909 0.2280976616161617
v -0.024673921770717727 0.3660750909090909 0.24152495454545472
v -0.023941950179514723 0.3660750909090909 0.2549522474747476
v -0.024995175343568023 0.3660750909090909 0.26837954040404044
v -0.025705183113440846 0.3660750909090909 0.28180683333333345
v -0.0267638385186392 0.3660750909090909 0.29523412626262635
v -0.026600223463376288 0.3660750909090909 0.30866141919191936
v -0.025814979177698795 0.3660750909090909 0.3220887121212122
v -0.02547799938536614 0.3660750909090909 0.3355160050505052
v -0.023702986073367096 0.3660750909090909 0.3489432979797981
v -0.022131595959595927 0.3660750909090909 0.35196668128735775
v -0.015808282828282793 0.35586819148543697 0.09382473232323243
v -0.015808282828282793 0.3617500143316488 0.10725202525252531
v -0.015808282828282793 0.3649346592520556 0.12067931818181832
v -0.015808282828282793 0.3660750909090909 0.12654916971380603
v -0.017621925228628717 0.3660750909090909 0.36237059090909096
v -0.015808282828282793 0.3558933888352772 0.36237059090909096
v -0.015808282828282793 0.3660750909090909 0.36633147517603704
v -0.009484969696969688 0.3524923663544674 0.09382473232323243
v -0.009484969696969688 0.3617649077261533 0.10725202525252531
v -0.009484969696969688 0.3640182354545545 0.12067931818181832
v -0.009484969696969688 0.3660750909090909 0.13021525887911617
v -0.009484969696969688 0.3660750909090909 0.3734491438397548
v -0.003161656565656551 0.36182640750633144 0.10725202525252531
v -0.003161656565656551 0.361991705729797 0.12067931818181832
v -0.00832371989118045 0.3660750909090909 0.1341066111111112
v -0.003161656565656551 0.36283629955690105 0.1341066111111112
v -0.003161656565656551 0.3660750909090909 0.13882169286884669
v -0.003161656565656551 0.3556570065637136 0.20124307575757583
v -0.003161656565656551 0.3572856979475172 0.21467036868686884
v -0.003161656565656551 0.3555820556204852 0.2280976616161617
v -0.003161656565656551 0.35467507913808416 0.24152495454545472
v -0.003161656565656551 0.35412704124207867 0.2549522474747476
v -0.003161656565656551 0.3535569056484914 0.26837954040404044
v -0.003161656565656551 0.35332352222393026 0.28180683333333345
v -0.003161656565656551 0.3532080219301127 0.29523412626262635
v -0.004079456495379432 0.3660750909090909 0.30866141919191936
v -0.003161656565656551 0.3660750909090909 0.3071152512861793
v -0.0031649647035621765 0.3660750909090909 0.3220887121212122
v -0.003161656565656551 0.36596507512240883 0.3220887121212122
v -0.003161656565656551 0.3660750909090909 0.32211469550753036
v -0.003161656565656551 0.3660750909090909 0.3738112511018379
v 0.003161656565656586 0.3620053639602044 0.10725202525252531
v 0.003161656565656586 0.3619448996488789 0.12067931818181832
v 0.003161656565656586 0.3624451306190483 0.1341066111111112
v 0.003161656565656586 0.3660750909090909 0.13945602137556934
v 0.003161656565656586 0.35728731785671475 0.20124307575757583
v 0.003161656565656586 0.3583695174418217 0.21467036868686884
v 0.003161656565656586 0.35651620238014037 0.2280976616161617
v 0.003161656565656586 0.3554235710698227 0.24152495454545472
v 0.003161656565656586 0.3547557470473681 0.2549522474747476
v 0.003161656565656586 0.35416228184187337 0.26837954040404044
v 0.003161656565656586 0.3539900000888704 0.28180683333333345
v 0.003161656565656586 0.3546389909939941 0.29523412626262635
v 0.003161656565656586 0.3660750909090909 0.2997715788760285
v 0.003161656565656586 0.3535301784503456 0.3220887121212122
v 0.003161656565656586 0.3660750909090909 0.33323012245929234
v 0.003161656565656586 0.3660750909090909 0.37310312666422163
v 0.009484969696969759 0.35310549632186794 0.09382473232323243
v 0.009484969696969759 0.36180142265153464 0.10725202525252531
v 0.009484969696969759 0.3637176638454922 0.12067931818181832
v 0.009059102354936326 0.3660750909090909 0.1341066111111112
v 0.009484969696969759 0.3660750909090909 0.13256346656745543
v 0.007174299504808645 0.3660750909090909 0.30866141919191936
v 0.005252160572238308 0.3660750909090909 0.3220887121212122
v 0.009484969696969759 0.3660750909090909 0.3722025887461026
v 0.015808282828282862 0.35570991366486215 0.09382473232323243
v 0.015808282828282862 0.3613882779247758 0.10725202525252531
v 0.015808282828282862 0.36428130676358844 0.12067931818181832
v 0.015808282828282862 0.3660750909090909 0.13018164090766635
v 0.015808282828282862 0.35593375578865427 0.36237059090909096
v 0.015808282828282862 0.3660750909090909 0.36667758045400684
v 0.022131595959595962 0.3554272193677563 0.09382473232323243
v 0.022131595959595962 0.35866287703818855 0.10725202525252531
v 0.022131595959595962 0.36377708180982665 0.12067931818181832
v 0.021207269828588494 0.3660750909090909 0.1341066111111112
v 0.022131595959595962 0.3658197102673851 0.1341066111111112
v 0.022131595959595962 0.3660750909090909 0.13742427214474642
v 0.022131595959595962 0.355061129914248 0.3355160050505052
v 0.02186032295547772 0.3660750909090909 0.3489432979797981
v 0.022131595959595962 0.3660750909090909 0.34429260105145837
v 0.018105390373150954 0.3660750909090909 0.36237059090909096
v 0.028454909090909135 0.3536021356963229 0.09382473232323243
v 0.028454909090909135 0.35269687904914354 0.10725202525252531
v 0.028454909090909135 0.36210820445887376 0.12067931818181832
v 0.028454909090909135 0.36257208506617034 0.1341066111111112
v 0.023160597256981726 0.3660750909090909 0.1475339040404042
v 0.028454909090909135 0.3635136993705928 0.1475339040404042
v 0.023764794100209957 0.3660750909090909 0.16096119696969707
v 0.028454909090909135 0.36410372329609386 0.16096119696969707
v 0.023939504774109478 0.3660750909090909 0.17438848989898995
v 0.028454909090909135 0.3635214134260953 0.17438848989898995
v 0.02419796343655433 0.3660750909090909 0.18781578282828296
v 0.028454909090909135 0.36124543781534973 0.18781578282828296
v 0.02402132858370324 0.3660750909090909 0.20124307575757583
v 0.028454909090909135 0.3578941066083951 0.20124307575757583
v 0.02323171426920962 0.3660750909090909 0.21467036868686884
v 0.028454909090909135 0.35478769753813844 0.21467036868686884
v 0.02347123079632987 0.3660750909090909 0.2280976616161617
v 0.028454909090909135 0.3544614535301512 0.2280976616161617
v 0.024143383008741293 0.3660750909090909 0.24152495454545472
v 0.028454909090909135 0.3543974359228426 0.24152495454545472
v 0.02369021971584875 0.3660750909090909 0.2549522474747476
v 0.028454909090909135 0.35295628194712847 0.2549522474747476
v 0.024790188845134672 0.3660750909090909 0.26837954040404044
v 0.028454909090909135 0.35317693033533115 0.26837954040404044
v 0.025510695702595232 0.3660750909090909 0.28180683333333345
v 0.028454909090909135 0.3528114074493722 0.28180683333333345
v 0.026383004114951168 0.3660750909090909 0.29523412626262635
v 0.025684934830759704 0.3660750909090909 0.30866141919191936
v 0.023815288982008555 0.3660750909090909 0.3220887121212122
v 0.023023168111343355 0.3660750909090909 0.3355160050505052
v 0.03477822222222224 0.3571217877936721 0.12067931818181832
v 0.03477822222222224 0.3590204922877152 0.1475339040404042
v 0.03477822222222224 0.3620822023071497 0.16096119696969707
v 0.03477822222222224 0.3570640114965511 0.17438848989898995
v 0.03477822222222224 0.35379898834564083 0.18781578282828296
v 0.03477822222222224 0.35250696159301753 0.20124307575757583
v -0.022131595959595927 0.3686513559847004 0.1341066111111112
v -0.022131595959595927 0.37038873824643637 0.1475339040404042
v -0.022131595959595927 0.37156073512492305 0.16096119696969707
v -0.022131595959595927 0.37308654718327944 0.17438848989898995
v -0.022131595959595927 0.37528184268366166 0.18781578282828296
v -0.022131595959595927 0.37738084876579175 0.20124307575757583
v -0.022131595959595927 0.3785092414049339 0.21467036868686884
v -0.022131595959595927 0.37910893175104665 0.2280976616161617
v -0.022131595959595927 0.3794426613444868 0.24152495454545472
v -0.022131595959595927 0.3795970094325998 0.2549522474747476
v -0.022131595959595927 0.3795675497405392 0.26837954040404044
v -0.022131595959595927 0.37973250663236463 0.28180683333333345
v -0.022131595959595927 0.3796794552607702 0.29523412626262635
v -0.022131595959595927 0.37871690328303753 0.30866141919191936
v -0.022131595959595927 0.3752450594622491 0.3220887121212122
v -0.022131595959595927 0.3717444673145692 0.3355160050505052
v -0.022131595959595927 0.36759286780646216 0.3489432979797981
v -0.015808282828282793 0.37023958281459457 0.1341066111111112
v -0.015808282828282793 0.3727600514463405 0.1475339040404042
v -0.015808282828282793 0.37470087169202787 0.16096119696969707
v -0.015808282828282793 0.3767054142728844 0.17438848989898995
v -0.015808282828282793 0.3790767084146175 0.18781578282828296
v -0.01851835760940248 0.37976927272727284 0.20124307575757583
v -0.015808282828282793 0.37976927272727284 0.19158667096896725
v -0.020388014754543906 0.37976927272727284 0.21467036868686884
v -0.02131340481359722 0.37976927272727284 0.2280976616161617
v -0.021720527419112644 0.37976927272727284 0.24152495454545472
v -0.021721688358448194 0.37976927272727284 0.2549522474747476
v -0.021692456513554618 0.37976927272727284 0.26837954040404044
v -0.022076177222828567 0.37976927272727284 0.28180683333333345
v -0.021952830469217786 0.37976927272727284 0.29523412626262635
v -0.021114313884864618 0.37976927272727284 0.30866141919191936
v -0.020533649480256846 0.37976927272727284 0.3220887121212122
v -0.020277090807978137 0.37976927272727284 0.3355160050505052
v -0.02021630017185251 0.37976927272727284 0.3489432979797981
v -0.016510150338196597 0.37976927272727284 0.36237059090909096
v -0.015808282828282793 0.37976927272727284 0.3641659115699117
v -0.009484969696969688 0.36888588631788105 0.1341066111111112
v -0.009484969696969688 0.3731532837817331 0.1475339040404042
v -0.009484969696969688 0.3749963046519443 0.16096119696969707
v -0.009484969696969688 0.3765819154043887 0.17438848989898995
v -0.010578462992647123 0.37976927272727284 0.18781578282828296
v -0.009484969696969688 0.37976927272727284 0.18745672523404655
v -0.012901735365230071 0.37976927272727284 0.375797883838384
v -0.009484969696969688 0.3668187393422354 0.375797883838384
v -0.009484969696969688 0.37976927272727284 0.3876052285815455
v -0.003161656565656551 0.3738700951560331 0.1475339040404042
v -0.003161656565656551 0.37428101598625435 0.16096119696969707
v -0.003161656565656551 0.37213387063765796 0.17438848989898995
v -0.009417215781357572 0.37976927272727284 0.18781578282828296
v -0.003161656565656551 0.37528602989982074 0.18781578282828296
v -0.003161656565656551 0.37976927272727284 0.19355421394524908
v -0.003161656565656551 0.3674287591596824 0.30866141919191936
v -0.003161656565656551 0.36607901482421806 0.3220887121212122
v -0.003161656565656551 0.36728630334112583 0.375797883838384
v -0.003161656565656551 0.37976927272727284 0.385934426208774
v 0.003161656565656586 0.3735708304780481 0.1475339040404042
v 0.003161656565656586 0.37408625839651816 0.16096119696969707
v 0.003161656565656586 0.3719184165681897 0.17438848989898995
v 0.003161656565656586 0.3748767821089647 0.18781578282828296
v 0.003161656565656586 0.37976927272727284 0.1940426060778311
v 0.003161656565656586 0.3723536107499681 0.30866141919191936
v 0.003161656565656586 0.36844130725525626 0.3220887121212122
v 0.003161656565656586 0.3680620573232565 0.375797883838384
v 0.003161656565656586 0.37976927272727284 0.38401828217319245
v 0.009484969696969759 0.367199228921833 0.1341066111111112
v 0.009484969696969759 0.3722797668579864 0.1475339040404042
v 0.009484969696969759 0.37431721638673576 0.16096119696969707
v 0.009484969696969759 0.3758670248494986 0.17438848989898995
v 0.009484969696969759 0.3790652204243259 0.18781578282828296
v 0.009484969696969759 0.37976927272727284 0.18998583650506112
v 0.009484969696969759 0.3673609552934017 0.375797883838384
v 0.009484969696969759 0.37976927272727284 0.38663946335931937
v 0.015808282828282862 0.3683129826571918 0.1341066111111112
v 0.015808282828282862 0.3712087148821251 0.1475339040404042
v 0.015808282828282862 0.37334144161354205 0.16096119696969707
v 0.015808282828282862 0.3754205111544998 0.17438848989898995
v 0.015808282828282862 0.3777509407287371 0.18781578282828296
v 0.015808282828282862 0.37976927272727284 0.19933156401388347
v 0.009658972701213693 0.37976927272727284 0.36237059090909096
v 0.015808282828282862 0.37976927272727284 0.35399688906578747
v 0.015808282828282862 0.3669134198560714 0.36237059090909096
v 0.012523507409593907 0.37976927272727284 0.375797883838384
v 0.022131595959595962 0.36750592555063477 0.1475339040404042
v 0.022131595959595962 0.3692067399317273 0.16096119696969707
v 0.022131595959595962 0.37088891135964985 0.17438848989898995
v 0.022131595959595962 0.373107278823356 0.18781578282828296
v 0.01626905533700744 0.37976927272727284 0.20124307575757583
v 0.022131595959595962 0.3751567677323333 0.20124307575757583
v 0.01842154784698038 0.37976927272727284 0.21467036868686884
v 0.022131595959595962 0.3764619000488018 0.21467036868686884
v 0.019398394813833177 0.37976927272727284 0.2280976616161617
v 0.022131595959595962 0.3771133288585486 0.2280976616161617
v 0.019824331548704558 0.37976927272727284 0.24152495454545472
v 0.022131595959595962 0.3776194174145519 0.24152495454545472
v 0.01989583174570208 0.37976927272727284 0.2549522474747476
v 0.022131595959595962 0.3786819669647848 0.2549522474747476
v 0.01995778369374329 0.37976927272727284 0.26837954040404044
v 0.022131595959595962 0.37866254327401067 0.26837954040404044
v 0.020598394972705027 0.37976927272727284 0.28180683333333345
v 0.022131595959595962 0.37874225007022133 0.28180683333333345
v 0.02132461946129633 0.37976927272727284 0.29523412626262635
v 0.022131595959595962 0.37934343722144176 0.29523412626262635
v 0.02082721106801418 0.37976927272727284 0.30866141919191936
v 0.022131595959595962 0.37800694594147355 0.30866141919191936
v 0.020302036859378297 0.37976927272727284 0.3220887121212122
v 0.022131595959595962 0.37160504108617126 0.3220887121212122
v 0.020134813452013435 0.37976927272727284 0.3355160050505052
v 0.022131595959595962 0.36789251193347994 0.3355160050505052
v 0.020130921925652114 0.37976927272727284 0.3489432979797981
v -0.015808282828282793 0.3821663074857036 0.20124307575757583
v -0.015808282828282793 0.3844690487248841 0.21467036868686884
v -0.015808282828282793 0.38622646347675127 0.2280976616161617
v -0.015808282828282793 0.3876858817077854 0.24152495454545472
v -0.015808282828282793 0.3888717492981193 0.2549522474747476
v -0.015808282828282793 0.39034051258691493 0.26837954040404044
v -0.015808282828282793 0.39256345716380364 0.28180683333333345
v -0.018541526630259507 0.3934634545454546 0.29523412626262635
v -0.015808282828282793 0.3934634545454546 0.2859464777110323
v -0.02070485472518461 0.3934634545454546 0.30866141919191936
v -0.021799501842217055 0.3934634545454546 0.3220887121212122
v -0.021796428130536095 0.3934634545454546 0.3355160050505052
v -0.015808282828282793 0.3934634545454546 0.34609387503186095
v -0.015808282828282793 0.3927382017881334 0.3489432979797981
v -0.015808282828282793 0.3839166421823466 0.36237059090909096
v -0.009484969696969688 0.3799475752991852 0.18781578282828296
v -0.009484969696969688 0.38469861154433377 0.20124307575757583
v -0.009484969696969688 0.3866759550945391 0.21467036868686884
v -0.009484969696969688 0.3877810315733522 0.2280976616161617
v -0.009484969696969688 0.3888033294018537 0.24152495454545472
v -0.009484969696969688 0.389821677063657 0.2549522474747476
v -0.009484969696969688 0.3914744033927036 0.26837954040404044
v -0.013497104343383996 0.3934634545454546 0.28180683333333345
v -0.009484969696969688 0.3934634545454546 0.27799435104534986
v -0.015343220508153956 0.3934634545454546 0.3489432979797981
v -0.01302230156087183 0.3934634545454546 0.36237059090909096
v -0.01460035634354832 0.3934634545454546 0.375797883838384
v -0.009484969696969688 0.3934634545454546 0.3874619270210495
v -0.003161656565656551 0.38709449492232373 0.20124307575757583
v -0.003161656565656551 0.38834357291103294 0.21467036868686884
v -0.003161656565656551 0.3876003446638882 0.2280976616161617
v -0.003161656565656551 0.38722682218659454 0.24152495454545472
v -0.003161656565656551 0.3863652374297082 0.2549522474747476
v -0.003161656565656551 0.3853708948068408 0.26837954040404044
v -0.004895180428456493 0.3934634545454546 0.28180683333333345
v -0.003161656565656551 0.3932302264488069 0.28180683333333345
v -0.003161656565656551 0.3934634545454546 0.28225357587524713
v -0.009188951592152711 0.3934634545454546 0.3892251767676769
v -0.003161656565656551 0.38198210103023666 0.3892251767676769
v -0.003161656565656551 0.3934634545454546 0.39888898302420006
v 0.003161656565656586 0.38687599608644235 0.20124307575757583
v 0.003161656565656586 0.3882162948301361 0.21467036868686884
v 0.003161656565656586 0.3874575893542146 0.2280976616161617
v 0.003161656565656586 0.38702648367646264 0.24152495454545472
v 0.003161656565656586 0.3861060114439597 0.2549522474747476
v 0.003161656565656586 0.38501931107173093 0.26837954040404044
v 0.003161656565656586 0.3921858827289063 0.28180683333333345
v 0.003161656565656586 0.3934634545454546 0.28437002683668744
v 0.003161656565656586 0.38244853115975386 0.3892251767676769
v 0.003161656565656586 0.3934634545454546 0.3989395249233423
v 0.009484969696969759 0.38386998546968804 0.20124307575757583
v 0.009484969696969759 0.3860696225541264 0.21467036868686884
v 0.009484969696969759 0.38713591822657395 0.2280976616161617
v 0.009484969696969759 0.3880479101658489 0.24152495454545472
v 0.009484969696969759 0.3889901298132147 0.2549522474747476
v 0.009484969696969759 0.39048951884723426 0.26837954040404044
v 0.009484969696969759 0.39324874752618794 0.28180683333333345
v 0.009484969696969759 0.3934634545454546 0.2827028880384191
v 0.008894240921282288 0.3934634545454546 0.3892251767676769
v 0.009484969696969759 0.3934634545454546 0.38546240794671605
v 0.015808282828282862 0.38022433241087383 0.20124307575757583
v 0.015808282828282862 0.38274956978462155 0.21467036868686884
v 0.015808282828282862 0.38444909778016734 0.2280976616161617
v 0.015808282828282862 0.38576907280795464 0.24152495454545472
v 0.015808282828282862 0.38682284856322996 0.2549522474747476
v 0.015808282828282862 0.38822382052041776 0.26837954040404044
v 0.015808282828282862 0.3904350163549541 0.28180683333333345
v 0.015610713518442959 0.3934634545454546 0.29523412626262635
v 0.015808282828282862 0.39329830186853476 0.29523412626262635
v 0.015808282828282862 0.3934634545454546 0.2964963471235335
v 0.015632591691207443 0.3934634545454546 0.3489432979797981
v 0.015808282828282862 0.3934634545454546 0.3470349495372124
v 0.015808282828282862 0.39315147412982554 0.3489432979797981
v 0.013073101452650083 0.3934634545454546 0.36237059090909096
v 0.014164515458864223 0.3934634545454546 0.375797883838384
v 0.017757384953195322 0.3934634545454546 0.30866141919191936
v 0.019131537098862856 0.3934634545454546 0.3220887121212122
v 0.01996754342410132 0.3934634545454546 0.3355160050505052
v -0.015808282828282793 0.3957270884927972 0.29523412626262635
v -0.015808282828282793 0.39801354011531614 0.30866141919191936
v -0.015808282828282793 0.39968937255916287 0.3220887121212122
v -0.015808282828282793 0.4004721223654994 0.3355160050505052
v -0.009484969696969688 0.3947807568103012 0.28180683333333345
v -0.009484969696969688 0.39840980984427615 0.29523412626262635
v -0.009484969696969688 0.40042353252499174 0.30866141919191936
v -0.009484969696969688 0.4018109701686141 0.3220887121212122
v -0.009484969696969688 0.40270987335787106 0.3355160050505052
v -0.009484969696969688 0.4026022126939256 0.3489432979797981
v -0.009484969696969688 0.40189590931274904 0.36237059090909096
v -0.009484969696969688 0.4025230481090715 0.375797883838384
v -0.003161656565656551 0.3998617053947898 0.29523412626262635
v -0.003161656565656551 0.4030931647553044 0.30866141919191936
v -0.003161656565656551 0.4044296675956711 0.3220887121212122
v -0.003161656565656551 0.4043221292708599 0.3355160050505052
v -0.003161656565656551 0.4042706444634953 0.3489432979797981
v -0.003161656565656551 0.403945460942427 0.36237059090909096
v -0.003161656565656551 0.4049262867548275 0.375797883838384
v -0.003161656565656551 0.4050727686149281 0.3892251767676769
v 0.003161656565656586 0.39916509171626796 0.29523412626262635
v 0.003161656565656586 0.4020357304799968 0.30866141919191936
v 0.003161656565656586 0.40357858126773366 0.3220887121212122
v 0.003161656565656586 0.4036569168453096 0.3355160050505052
v 0.003161656565656586 0.4040821710237767 0.3489432979797981
v 0.003161656565656586 0.40379498230513344 0.36237059090909096
v 0.003161656565656586 0.40484600030153045 0.375797883838384
v 0.003161656565656586 0.40528172795562684 0.3892251767676769
v 0.009484969696969759 0.39681805999931236 0.29523412626262635
v 0.009484969696969759 0.39833793315031313 0.30866141919191936
v 0.009484969696969759 0.39970568895602165 0.3220887121212122
v 0.009484969696969759 0.40118341676517966 0.3355160050505052
v 0.009484969696969759 0.4025478136543977 0.3489432979797981
v 0.009484969696969759 0.4012624687995798 0.36237059090909096
v 0.009484969696969759 0.40198319303171515 0.375797883838384
v 0.015808282828282862 0.39515686162994035 0.30866141919191936
v 0.015808282828282862 0.39698611744966555 0.3220887121212122
v 0.015808282828282862 0.3983933863726903 0.3355160050505052
f 3 2 1
f 3 4 5
f 1 4 3
f 5 6 7
f 4 6 5
f 7 8 9
f 6 8 7
f 9 10 11
f 8 10 9
f 11 12 13
f 10 12 11
f 13 14 15
f 12 14 13
f 15 16 17
f 14 16 15
f 17 18 19
f 16 18 17
f 18 20 19
f 22 2 3
f 21 2 22
f 5 23 3
f 23 22 3
f 7 24 5
f 24 23 5
f 9 25 7
f 25 24 7
f 11 26 9
f 26 25 9
f 13 27 11
f 27 26 11
f 15 28 13
f 28 27 13
f 17 29 15
f 29 28 15
f 19 30 17
f 30 29 17
f 31 19 20
f 31 32 19
f 32 30 19
f 32 33 34
f 31 33 32
f 34 35 36
f 33 35 34
f 36 37 38
f 35 37 36
f 37 39 38
f 41 21 22
f 40 21 41
f 23 42 22
f 42 41 22
f 24 43 23
f 43 42 23
f 25 44 24
f 44 43 24
f 26 45 25
f 45 44 25
f 27 46 26
f 46 45 26
f 28 47 27
f 47 46 27
f 29 48 28
f 48 47 28
f 30 49 29
f 49 48 29
f 32 50 30
f 50 49 30
f 34 51 32
f 51 50 32
f 36 52 34
f 52 51 34
f 38 53 36
f 53 52 36
f 54 38 39
f 54 55 38
f 55 53 38
f 55 56 57
f 54 56 55
f 57 58 59
f 56 58 57
f 59 60 61
f 58 60 59
f 60 62 61
f 64 40 41
f 63 40 64
f 42 65 41
f 65 64 41
f 43 66 42
f 66 65 42
f 44 67 43
f 67 66 43
f 45 68 44
f 68 67 44
f 46 69 45
f 69 68 45
f 47 70 46
f 70 69 46
f 48 71 47
f 71 70 47
f 49 72 48
f 72 71 48
f 50 73 49
f 73 72 49
f 51 74 50
f 74 73 50
f 52 75 51
f 75 74 51
f 53 76 52
f 76 75 52
f 55 77 53
f 77 76 53
f 57 78 55
f 78 77 55
f 59 79 57
f 79 78 57
f 61 80 59
f 80 79 59
f 81 61 62
f 81 82 61
f 82 80 61
f 81 83 82
f 85 63 64
f 84 63 85
f 65 86 64
f 86 85 64
f 66 87 65
f 87 86 65
f 67 88 66
f 88 87 66
f 68 89 67
f 89 88 67
f 69 90 68
f 90 89 68
f 70 91 69
f 91 90 69
f 71 92 70
f 92 91 70
f 72 93 71
f 93 92 71
f 73 94 72
f 94 93 72
f 74 95 73
f 95 94 73
f 75 96 74
f 96 95 74
f 76 97 75
f 97 96 75
f 77 98 76
f 98 97 76
f 78 99 77
f 99 98 77
f 79 100 78
f 100 99 78
f 80 101 79
f 101 100 79
f 82 102 80
f 102 101 80
f 103 82 83
f 102 82 103
f 105 84 85
f 104 84 105
f 86 106 85
f 106 105 85
f 87 107 86
f 107 106 86
f 88 108 87
f 108 107 87
f 89 109 88
f 109 108 88
f 90 110 89
f 110 109 89
f 91 111 90
f 111 110 90
f 92 112 91
f 112 111 91
f 93 113 92
f 113 112 92
f 94 114 93
f 114 113 93
f 95 115 94
f 115 114 94
f 96 116 95
f 116 115 95
f 97 117 96
f 117 116 96
f 98 118 97
f 118 117 97
f 99 119 98
f 119 118 98
f 100 120 99
f 120 119 99
f 101 121 100
f 121 120 100
f 102 122 101
f 122 121 101
f 123 102 103
f 122 102 123
f 125 104 105
f 124 104 125
f 106 126 105
f 126 125 105
f 107 127 106
f 127 126 106
f 108 128 107
f 128 127 107
f 109 129 108
f 129 128 108
f 110 130 109
f 130 129 109
f 111 131 110
f 131 130 110
f 112 132 111
f 132 131 111
f 113 133 112
f 133 132 112
f 114 134 113
f 134 133 113
f 115 135 114
f 135 134 114
f 116 136 115
f 136 135 115
f 117 137 116
f 137 136 116
f 118 138 117
f 138 137 117
f 119 139 118
f 139 138 118
f 120 140 119
f 140 139 119
f 121 141 120
f 141 140 120
f 122 142 121
f 142 141 121
f 143 122 123
f 142 122 143
f 145 124 125
f 144 124 145
f 126 146 125
f 146 145 125
f 127 147 126
f 147 146 126
f 149 128 148
f 149 147 128
f 147 127 128
f 148 151 150
f 148 128 151
f 128 129 151
f 130 152 129
f 152 151 129
f 131 153 130
f 153 152 130
f 132 154 131
f 154 153 131
f 133 155 132
f 155 154 132
f 134 156 133
f 156 155 133
f 135 157 134
f 157 156 134
f 136 158 135
f 158 157 135
f 137 159 136
f 159 158 136
f 138 160 137
f 160 159 137
f 139 161 138
f 161 160 138
f 140 162 139
f 162 161 139
f 141 163 140
f 163 162 140
f 142 164 141
f 164 163 141
f 165 142 143
f 164 142 165
f 167 144 145
f 166 144 167
f 146 168 145
f 168 167 145
f 147 169 146
f 169 168 146
f 170 147 149
f 169 147 170
f 172 150 151
f 171 150 172
f 152 173 151
f 173 172 151
f 153 174 152
f 174 173 152
f 154 175 153
f 175 174 153
f 155 176 154
f 176 175 154
f 156 177 155
f 177 176 155
f 157 178 156
f 178 177 156
f 158 179 157
f 179 178 157
f 159 180 158
f 180 179 158
f 160 181 159
f 181 180 159
f 161 182 160
f 182 181 160
f 162 183 161
f 183 182 161
f 163 184 162
f 184 183 162
f 164 185 163
f 185 184 163
f 186 164 165
f 185 164 186
f 167 187 166
f 187 189 188
f 187 167 189
f 167 168 189
f 169 190 168
f 190 189 168
f 191 169 170
f 190 169 191
f 193 171 172
f 192 171 193
f 173 194 172
f 194 193 172
f 174 195 173
f 195 194 173
f 175 196 174
f 196 195 174
f 176 197 175
f 197 196 175
f 177 198 176
f 198 197 176
f 178 199 177
f 199 198 177
f 179 200 178
f 200 199 178
f 180 201 179
f 201 200 179
f 181 202 180
f 202 201 180
f 182 203 181
f 203 202 181
f 183 204 182
f 204 203 182
f 184 205 183
f 205 204 183
f 207 185 206
f 207 205 185
f 205 184 185
f 186 206 185
f 209 188 189
f 208 188 209
f 190 210 189
f 210 209 189
f 211 190 191
f 210 190 211
f 193 212 192
f 212 214 213
f 212 193 214
f 193 194 214
f 195 215 194
f 215 214 194
f 196 216 195
f 216 215 195
f 197 217 196
f 217 216 196
f 198 218 197
f 218 217 197
f 199 219 198
f 219 218 198
f 200 220 199
f 220 219 199
f 201 221 200
f 221 220 200
f 202 222 201
f 222 221 201
f 203 223 202
f 223 222 202
f 204 224 203
f 224 223 203
f 205 225 204
f 225 224 204
f 226 205 207
f 225 205 226
f 228 208 209
f 227 208 228
f 210 229 209
f 229 228 209
f 230 210 211
f 229 210 230
f 232 213 214
f 231 213 232
f 215 233 214
f 233 232 214
f 216 234 215
f 234 233 215
f 236 217 235
f 236 234 217
f 234 216 217
f 218 235 217
f 237 235 218
f 219 237 218
f 238 237 219
f 220 238 219
f 239 238 220
f 221 239 220
f 240 239 221
f 240 242 241
f 240 221 242
f 221 222 242
f 223 243 222
f 243 242 222
f 224 244 223
f 244 243 223
f 225 245 224
f 245 244 224
f 246 225 226
f 245 225 246
f 248 227 228
f 247 227 248
f 229 249 228
f 249 248 228
f 250 229 230
f 249 229 250
f 252 231 232
f 251 231 252
f 233 253 232
f 253 252 232
f 255 234 254
f 255 253 234
f 253 233 234
f 236 254 234
f 242 256 241
f 243 256 242
f 257 256 243
f 244 257 243
f 258 257 244
f 245 258 244
f 259 258 245
f 246 259 245
f 261 247 248
f 260 247 261
f 249 262 248
f 262 261 248
f 263 249 250
f 262 249 263
f 265 251 252
f 264 251 265
f 267 253 266
f 267 265 253
f 265 252 253
f 255 266 253
f 269 260 261
f 268 260 269
f 262 270 261
f 270 269 261
f 271 262 263
f 270 262 271
f 265 272 264
f 267 272 265
f 274 268 269
f 273 268 274
f 270 275 269
f 275 274 269
f 276 270 271
f 275 270 276
f 278 273 274
f 277 273 278
f 280 275 279
f 280 278 275
f 278 274 275
f 276 279 275
f 282 277 278
f 281 277 282
f 283 278 280
f 282 278 283
f 282 284 281
f 283 284 282
f 287 286 285
f 285 288 287
f 290 286 287
f 289 286 290
f 291 287 288
f 290 287 291
f 293 289 290
f 292 289 293
f 294 290 291
f 294 295 290
f 295 293 290
f 294 296 295
f 298 292 293
f 297 292 298
f 295 299 293
f 299 298 293
f 300 295 296
f 299 295 300
f 302 297 298
f 301 297 302
f 299 303 298
f 303 302 298
f 304 299 300
f 303 299 304
f 306 301 302
f 305 301 306
f 303 307 302
f 307 306 302
f 308 303 304
f 307 303 308
f 310 305 306
f 309 305 310
f 307 311 306
f 311 310 306
f 312 307 308
f 311 307 312
f 315 314 313
f 313 316 315
f 318 309 310
f 317 309 318
f 311 319 310
f 319 318 310
f 320 311 312
f 319 311 320
f 322 314 315
f 321 314 322
f 323 315 316
f 323 324 315
f 324 322 315
f 323 325 324
f 328 327 326
f 328 329 330
f 326 329 328
f 330 331 332
f 329 331 330
f 332 333 334
f 331 333 332
f 333 335 334
f 337 317 318
f 336 317 337
f 319 338 318
f 338 337 318
f 339 319 320
f 338 319 339
f 341 321 322
f 340 321 341
f 324 342 322
f 342 341 322
f 343 324 325
f 343 344 324
f 344 342 324
f 343 345 344
f 348 347 346
f 327 348 346
f 327 328 348
f 328 349 348
f 330 350 328
f 350 349 328
f 332 351 330
f 351 350 330
f 334 352 332
f 352 351 332
f 353 334 335
f 352 334 353
f 356 355 354
f 336 356 354
f 336 337 356
f 337 357 356
f 338 358 337
f 358 357 337
f 359 338 339
f 358 338 359
f 361 340 341
f 360 340 361
f 342 362 341
f 362 361 341
f 344 363 342
f 363 362 342
f 364 344 345
f 364 365 344
f 365 363 344
f 365 366 367
f 364 366 365
f 367 368 369
f 366 368 367
f 369 370 371
f 368 370 369
f 347 371 370
f 347 348 371
f 348 372 371
f 349 373 348
f 373 372 348
f 350 374 349
f 374 373 349
f 351 375 350
f 375 374 350
f 352 376 351
f 376 375 351
f 377 352 353
f 376 352 377
f 379 355 356
f 378 355 379
f 357 380 356
f 380 379 356
f 358 381 357
f 381 380 357
f 382 358 359
f 381 358 382
f 385 384 383
f 360 385 383
f 360 361 385
f 361 386 385
f 362 387 361
f 387 386 361
f 363 388 362
f 388 387 362
f 365 389 363
f 389 388 363
f 367 390 365
f 390 389 365
f 369 391 367
f 391 390 367
f 371 392 369
f 392 391 369
f 372 393 371
f 393 392 371
f 373 394 372
f 394 393 372
f 374 395 373
f 395 394 373
f 375 396 374
f 396 395 374
f 376 397 375
f 397 396 375
f 398 376 377
f 398 399 376
f 399 397 376
f 398 400 399
f 402 378 379
f 401 378 402
f 380 403 379
f 403 402 379
f 381 404 380
f 404 403 380
f 405 381 382
f 404 381 405
f 407 384 385
f 406 384 407
f 386 408 385
f 408 407 385
f 387 409 386
f 409 408 386
f 388 410 387
f 410 409 387
f 389 411 388
f 411 410 388
f 390 412 389
f 412 411 389
f 391 413 390
f 413 412 390
f 392 414 391
f 414 413 391
f 393 415 392
f 415 414 392
f 394 416 393
f 416 415 393
f 395 417 394
f 417 416 394
f 396 418 395
f 418 417 395
f 397 419 396
f 419 418 396
f 399 420 397
f 420 419 397
f 421 399 400
f 420 399 421
f 423 401 402
f 422 401 423
f 403 424 402
f 424 423 402
f 404 425 403
f 425 424 403
f 426 404 405
f 425 404 426
f 428 406 407
f 427 406 428
f 408 429 407
f 429 428 407
f 409 430 408
f 430 429 408
f 410 431 409
f 431 430 409
f 411 432 410
f 432 431 410
f 412 433 411
f 433 432 411
f 413 434 412
f 434 433 412
f 414 435 413
f 435 434 413
f 415 436 414
f 436 435 414
f 416 437 415
f 437 436 415
f 417 438 416
f 438 437 416
f 418 439 417
f 439 438 417
f 419 440 418
f 440 439 418
f 420 441 419
f 441 440 419
f 442 420 421
f 441 420 442
f 444 422 423
f 443 422 444
f 424 445 423
f 445 444 423
f 425 446 424
f 446 445 424
f 447 425 426
f 447 448 425
f 448 446 425
f 427 448 447
f 427 428 448
f 428 449 448
f 429 450 428
f 450 449 428
f 430 451 429
f 451 450 429
f 431 452 430
f 452 451 430
f 432 453 431
f 453 452 431
f 433 454 432
f 454 453 432
f 434 455 433
f 455 454 433
f 435 456 434
f 456 455 434
f 436 457 435
f 457 456 435
f 437 458 436
f 458 457 436
f 438 459 437
f 459 458 437
f 439 460 438
f 460 459 438
f 440 461 439
f 461 460 439
f 441 462 440
f 462 461 440
f 463 441 442
f 462 441 463
f 465 443 444
f 464 443 465
f 445 466 444
f 466 465 444
f 446 467 445
f 467 466 445
f 448 468 446
f 468 467 446
f 449 469 448
f 469 468 448
f 450 470 449
f 470 469 449
f 451 471 450
f 471 470 450
f 452 472 451
f 472 471 451
f 453 473 452
f 473 472 452
f 454 474 453
f 474 473 453
f 455 475 454
f 475 474 454
f 456 476 455
f 476 475 455
f 457 477 456
f 477 476 456
f 458 478 457
f 478 477 457
f 459 479 458
f 479 478 458
f 460 480 459
f 480 479 459
f 461 481 460
f 481 480 460
f 462 482 461
f 482 481 461
f 483 462 463
f 482 462 483
f 485 464 465
f 484 464 485
f 466 486 465
f 486 485 465
f 467 487 466
f 487 486 466
f 468 488 467
f 488 487 467
f 469 489 468
f 489 488 468
f 470 490 469
f 490 489 469
f 471 491 470
f 491 490 470
f 472 492 471
f 492 491 471
f 473 493 472
f 493 492 472
f 474 494 473
f 494 493 473
f 475 495 474
f 495 494 474
f 476 496 475
f 496 495 475
f 477 497 476
f 497 496 476
f 478 498 477
f 498 497 477
f 479 499 478
f 499 498 478
f 480 500 479
f 500 499 479
f 502 481 501
f 502 500 481
f 500 480 481
f 482 501 481
f 503 501 482
f 483 503 482
f 505 484 485
f 504 484 505
f 486 506 485
f 506 505 485
f 487 507 486
f 507 506 486
f 488 508 487
f 508 507 487
f 489 509 488
f 509 508 488
f 490 510 489
f 510 509 489
f 491 511 490
f 511 510 490
f 492 512 491
f 512 511 491
f 493 513 492
f 513 512 492
f 494 514 493
f 514 513 493
f 495 515 494
f 515 514 494
f 496 516 495
f 516 515 495
f 497 517 496
f 517 516 496
f 519 498 518
f 519 517 498
f 517 497 498
f 499 518 498
f 520 518 499
f 500 520 499
f 521 520 500
f 502 521 500
f 523 504 505
f 522 504 523
f 506 524 505
f 524 523 505
f 507 525 506
f 525 524 506
f 508 526 507
f 526 525 507
f 509 527 508
f 527 526 508
f 510 528 509
f 528 527 509
f 511 529 510
f 529 528 510
f 512 530 511
f 530 529 511
f 513 531 512
f 531 530 512
f 533 514 532
f 533 531 514
f 531 513 514
f 515 532 514
f 534 532 515
f 516 534 515
f 535 534 516
f 517 535 516
f 536 535 517
f 519 536 517
f 523 537 522
f 524 537 523
f 538 537 524
f 525 538 524
f 539 538 525
f 526 539 525
f 540 539 526
f 527 540 526
f 541 540 527
f 528 541 527
f 542 541 528
f 529 542 528
f 543 542 529
f 530 543 529
f 544 543 530
f 531 544 530
f 545 544 531
f 533 545 531
f 548 547 546
f 548 549 550
f 546 549 548
f 550 551 552
f 549 551 550
f 552 553 554
f 551 553 552
f 554 555 556
f 553 555 554
f 556 557 558
f 555 557 556
f 558 559 560
f 557 559 558
f 560 561 562
f 559 561 560
f 562 563 564
f 561 563 562
f 564 565 566
f 563 565 564
f 566 567 568
f 565 567 566
f 567 569 568
f 1 2 570
f 572 1 570
f 572 571 1
f 571 4 1
f 6 4 573
f 4 571 573
f 8 6 574
f 6 573 574
f 10 8 575
f 8 574 575
f 12 10 576
f 10 575 576
f 14 12 577
f 12 576 577
f 547 548 16
f 547 16 577
f 577 16 14
f 18 16 548
f 550 18 548
f 20 18 550
f 20 550 578
f 578 550 552
f 554 579 552
f 579 578 552
f 556 580 554
f 580 579 554
f 558 581 556
f 581 580 556
f 560 582 558
f 582 581 558
f 562 583 560
f 583 582 560
f 564 584 562
f 584 583 562
f 566 585 564
f 585 584 564
f 568 586 566
f 586 585 566
f 587 568 569
f 587 588 568
f 588 586 568
f 588 589 590
f 587 589 588
f 589 591 590
f 570 593 592
f 570 2 593
f 2 21 593
f 572 570 592
f 20 578 31
f 33 31 578
f 579 33 578
f 35 33 579
f 580 35 579
f 37 35 580
f 581 37 580
f 39 37 581
f 39 581 594
f 594 581 582
f 583 595 582
f 595 594 582
f 584 596 583
f 596 595 583
f 585 597 584
f 597 596 584
f 586 598 585
f 598 597 585
f 588 599 586
f 599 598 586
f 590 600 588
f 600 599 588
f 601 590 591
f 600 590 601
f 604 603 602
f 604 602 593
f 604 593 40
f 40 593 21
f 39 594 54
f 56 54 594
f 595 56 594
f 58 56 595
f 596 58 595
f 60 58 596
f 597 60 596
f 62 60 597
f 62 597 605
f 605 597 598
f 599 606 598
f 606 605 598
f 600 607 599
f 607 606 599
f 608 600 601
f 607 600 608
f 610 603 604
f 609 603 610
f 40 63 610
f 604 40 610
f 62 605 81
f 83 81 605
f 83 605 611
f 611 605 606
f 607 612 606
f 612 611 606
f 613 607 608
f 612 607 613
f 615 609 610
f 614 609 615
f 63 84 615
f 610 63 615
f 611 616 103
f 83 611 103
f 612 617 611
f 617 616 611
f 618 612 613
f 617 612 618
f 620 614 615
f 619 614 620
f 84 104 620
f 615 84 620
f 616 621 123
f 103 616 123
f 617 622 616
f 622 621 616
f 623 617 618
f 622 617 623
f 625 619 620
f 624 619 625
f 104 124 625
f 620 104 625
f 621 626 143
f 123 621 143
f 622 627 621
f 627 626 621
f 628 622 623
f 627 622 628
f 630 624 625
f 629 624 630
f 124 144 630
f 625 124 630
f 148 631 149
f 148 150 631
f 626 632 165
f 143 626 165
f 634 627 633
f 634 632 627
f 632 626 627
f 628 633 627
f 636 629 630
f 635 629 636
f 144 166 636
f 630 144 636
f 631 637 170
f 149 631 170
f 150 171 637
f 631 150 637
f 632 638 186
f 165 632 186
f 639 632 634
f 638 632 639
f 641 635 636
f 640 635 641
f 166 187 642
f 166 642 636
f 636 642 641
f 187 188 642
f 637 643 191
f 170 637 191
f 171 192 643
f 637 171 643
f 206 644 207
f 206 186 638
f 206 638 644
f 644 638 645
f 646 638 639
f 645 638 646
f 648 640 641
f 647 640 648
f 642 649 641
f 649 648 641
f 188 208 649
f 642 188 649
f 643 650 211
f 191 643 211
f 192 212 651
f 192 651 643
f 643 651 650
f 212 213 651
f 644 652 226
f 207 644 226
f 645 653 644
f 653 652 644
f 654 645 646
f 653 645 654
f 656 647 648
f 655 647 656
f 649 657 648
f 657 656 648
f 208 227 657
f 649 208 657
f 650 658 230
f 211 650 230
f 651 659 650
f 659 658 650
f 213 231 659
f 651 213 659
f 235 660 236
f 235 237 661
f 660 235 661
f 237 238 662
f 661 237 662
f 238 239 663
f 662 238 663
f 239 240 664
f 663 239 664
f 240 241 664
f 652 665 246
f 226 652 246
f 653 666 652
f 666 665 652
f 667 653 654
f 666 653 667
f 669 655 656
f 668 655 669
f 657 670 656
f 670 669 656
f 227 247 670
f 657 227 670
f 658 671 250
f 230 658 250
f 659 672 658
f 672 671 658
f 231 251 672
f 659 231 672
f 254 673 255
f 254 236 660
f 254 660 673
f 673 660 674
f 661 675 660
f 675 674 660
f 662 676 661
f 676 675 661
f 663 677 662
f 677 676 662
f 664 678 663
f 678 677 663
f 241 256 679
f 241 679 664
f 664 679 678
f 256 257 680
f 679 256 680
f 257 258 681
f 680 257 681
f 258 259 682
f 681 258 682
f 259 246 665
f 259 665 682
f 682 665 683
f 666 684 665
f 684 683 665
f 685 666 667
f 684 666 685
f 669 686 668
f 686 688 687
f 686 669 688
f 669 670 688
f 247 260 688
f 670 247 688
f 671 689 263
f 250 671 263
f 672 690 671
f 690 689 671
f 251 264 690
f 672 251 690
f 266 691 267
f 266 255 673
f 266 673 691
f 691 673 692
f 674 693 673
f 693 692 673
f 675 694 674
f 694 693 674
f 676 695 675
f 695 694 675
f 677 696 676
f 696 695 676
f 678 697 677
f 697 696 677
f 679 698 678
f 698 697 678
f 680 699 679
f 699 698 679
f 681 700 680
f 700 699 680
f 682 701 681
f 701 700 681
f 683 702 682
f 702 701 682
f 684 703 683
f 703 702 683
f 704 684 685
f 703 684 704
f 706 687 688
f 705 687 706
f 260 268 706
f 688 260 706
f 689 707 271
f 263 689 271
f 690 708 689
f 708 707 689
f 264 272 709
f 264 709 690
f 690 709 708
f 272 267 691
f 272 691 709
f 709 691 710
f 692 711 691
f 711 710 691
f 693 712 692
f 712 711 692
f 694 713 693
f 713 712 693
f 695 714 694
f 714 713 694
f 696 715 695
f 715 714 695
f 697 716 696
f 716 715 696
f 698 717 697
f 717 716 697
f 699 718 698
f 718 717 698
f 700 719 699
f 719 718 699
f 701 720 700
f 720 719 700
f 702 721 701
f 721 720 701
f 703 722 702
f 722 721 702
f 723 703 704
f 722 703 723
f 725 705 706
f 724 705 725
f 268 273 725
f 706 268 725
f 707 726 276
f 271 707 276
f 708 727 707
f 727 726 707
f 709 728 708
f 728 727 708
f 710 729 709
f 729 728 709
f 711 730 710
f 730 729 710
f 712 731 711
f 731 730 711
f 713 732 712
f 732 731 712
f 714 733 713
f 733 732 713
f 715 734 714
f 734 733 714
f 716 735 715
f 735 734 715
f 717 736 716
f 736 735 716
f 718 737 717
f 737 736 717
f 719 738 718
f 738 737 718
f 720 739 719
f 739 738 719
f 721 740 720
f 740 739 720
f 722 741 721
f 741 740 721
f 742 722 723
f 741 722 742
f 744 724 725
f 743 724 744
f 273 277 744
f 725 273 744
f 279 745 280
f 279 276 726
f 279 726 745
f 745 726 746
f 727 747 726
f 747 746 726
f 728 748 727
f 748 747 727
f 729 749 728
f 749 748 728
f 730 750 729
f 750 749 729
f 731 751 730
f 751 750 730
f 732 752 731
f 752 751 731
f 733 753 732
f 753 752 732
f 734 754 733
f 754 753 733
f 735 755 734
f 755 754 734
f 736 756 735
f 756 755 735
f 737 757 736
f 757 756 736
f 738 758 737
f 758 757 737
f 739 759 738
f 759 758 738
f 761 740 760
f 761 759 740
f 759 739 740
f 741 760 740
f 762 760 741
f 742 762 741
f 764 743 744
f 763 743 764
f 277 281 764
f 744 277 764
f 745 765 283
f 280 745 283
f 746 766 745
f 766 765 745
f 747 767 746
f 767 766 746
f 748 768 747
f 768 767 747
f 749 769 748
f 769 768 748
f 750 770 749
f 770 769 749
f 751 771 750
f 771 770 750
f 752 772 751
f 772 771 751
f 753 773 752
f 773 772 752
f 754 774 753
f 774 773 753
f 776 755 775
f 776 774 755
f 774 754 755
f 756 775 755
f 777 775 756
f 757 777 756
f 778 777 757
f 758 778 757
f 779 778 758
f 759 779 758
f 780 779 759
f 761 780 759
f 782 763 764
f 781 763 782
f 281 284 783
f 281 783 764
f 764 783 782
f 284 283 765
f 284 765 783
f 783 765 784
f 766 785 765
f 785 784 765
f 767 786 766
f 786 785 766
f 768 787 767
f 787 786 767
f 769 788 768
f 788 787 768
f 770 789 769
f 789 788 769
f 771 790 770
f 790 789 770
f 772 791 771
f 791 790 771
f 773 792 772
f 792 791 772
f 794 774 793
f 794 792 774
f 792 773 774
f 776 793 774
f 796 781 782
f 795 781 796
f 783 797 782
f 797 796 782
f 784 798 783
f 798 797 783
f 785 799 784
f 799 798 784
f 786 800 785
f 800 799 785
f 787 801 786
f 801 800 786
f 788 802 787
f 802 801 787
f 789 803 788
f 803 802 788
f 790 804 789
f 804 803 789
f 791 805 790
f 805 804 790
f 792 806 791
f 806 805 791
f 807 792 794
f 806 792 807
f 809 795 796
f 808 795 809
f 285 286 809
f 285 809 797
f 797 809 796
f 288 285 797
f 288 797 810
f 810 797 798
f 799 811 798
f 811 810 798
f 800 812 799
f 812 811 799
f 801 813 800
f 813 812 800
f 802 814 801
f 814 813 801
f 803 815 802
f 815 814 802
f 804 816 803
f 816 815 803
f 805 817 804
f 817 816 804
f 806 818 805
f 818 817 805
f 819 806 807
f 819 820 806
f 820 818 806
f 819 821 820
f 823 808 809
f 822 808 823
f 286 289 823
f 809 286 823
f 810 824 291
f 288 810 291
f 811 825 810
f 825 824 810
f 812 826 811
f 826 825 811
f 813 827 812
f 827 826 812
f 814 828 813
f 828 827 813
f 815 829 814
f 829 828 814
f 816 830 815
f 830 829 815
f 817 831 816
f 831 830 816
f 818 832 817
f 832 831 817
f 820 833 818
f 833 832 818
f 834 820 821
f 834 835 820
f 835 833 820
f 835 836 837
f 834 836 835
f 837 838 839
f 836 838 837
f 839 840 841
f 838 840 839
f 840 842 841
f 844 822 823
f 843 822 844
f 289 292 844
f 823 289 844
f 291 824 294
f 296 294 824
f 296 824 845
f 845 824 825
f 826 846 825
f 846 845 825
f 827 847 826
f 847 846 826
f 828 848 827
f 848 847 827
f 829 849 828
f 849 848 828
f 830 850 829
f 850 849 829
f 831 851 830
f 851 850 830
f 832 852 831
f 852 851 831
f 833 853 832
f 853 852 832
f 835 854 833
f 854 853 833
f 837 855 835
f 855 854 835
f 839 856 837
f 856 855 837
f 841 857 839
f 857 856 839
f 858 841 842
f 858 859 841
f 859 857 841
f 859 860 861
f 858 860 859
f 861 862 863
f 860 862 861
f 862 864 863
f 866 843 844
f 865 843 866
f 292 297 866
f 844 292 866
f 845 867 300
f 296 845 300
f 846 868 845
f 868 867 845
f 847 869 846
f 869 868 846
f 848 870 847
f 870 869 847
f 849 871 848
f 871 870 848
f 850 872 849
f 872 871 849
f 851 873 850
f 873 872 850
f 852 874 851
f 874 873 851
f 853 875 852
f 875 874 852
f 854 876 853
f 876 875 853
f 855 877 854
f 877 876 854
f 856 878 855
f 878 877 855
f 857 879 856
f 879 878 856
f 859 880 857
f 880 879 857
f 861 881 859
f 881 880 859
f 863 882 861
f 882 881 861
f 883 863 864
f 882 863 883
f 885 865 866
f 884 865 885
f 297 301 885
f 866 297 885
f 867 886 304
f 300 867 304
f 868 887 867
f 887 886 867
f 869 888 868
f 888 887 868
f 870 889 869
f 889 888 869
f 871 890 870
f 890 889 870
f 872 891 871
f 891 890 871
f 873 892 872
f 892 891 872
f 874 893 873
f 893 892 873
f 875 894 874
f 894 893 874
f 876 895 875
f 895 894 875
f 877 896 876
f 896 895 876
f 878 897 877
f 897 896 877
f 879 898 878
f 898 897 878
f 880 899 879
f 899 898 879
f 881 900 880
f 900 899 880
f 882 901 881
f 901 900 881
f 902 882 883
f 901 882 902
f 904 884 885
f 903 884 904
f 301 305 904
f 885 301 904
f 886 905 308
f 304 886 308
f 887 906 886
f 906 905 886
f 888 907 887
f 907 906 887
f 889 908 888
f 908 907 888
f 890 909 889
f 909 908 889
f 891 910 890
f 910 909 890
f 892 911 891
f 911 910 891
f 893 912 892
f 912 911 892
f 894 913 893
f 913 912 893
f 895 914 894
f 914 913 894
f 896 915 895
f 915 914 895
f 897 916 896
f 916 915 896
f 898 917 897
f 917 916 897
f 899 918 898
f 918 917 898
f 900 919 899
f 919 918 899
f 901 920 900
f 920 919 900
f 921 901 902
f 920 901 921
f 923 903 904
f 922 903 923
f 305 309 923
f 904 305 923
f 905 924 312
f 308 905 312
f 906 925 905
f 925 924 905
f 313 314 925
f 313 925 907
f 907 925 906
f 316 313 907
f 316 907 926
f 926 907 908
f 909 927 908
f 927 926 908
f 910 928 909
f 928 927 909
f 911 929 910
f 929 928 910
f 912 930 911
f 930 929 911
f 913 931 912
f 931 930 912
f 914 932 913
f 932 931 913
f 915 933 914
f 933 932 914
f 916 934 915
f 934 933 915
f 917 935 916
f 935 934 916
f 918 936 917
f 936 935 917
f 919 937 918
f 937 936 918
f 920 938 919
f 938 937 919
f 939 920 921
f 938 920 939
f 942 941 940
f 922 942 940
f 922 923 942
f 923 943 942
f 309 317 943
f 923 309 943
f 924 944 320
f 312 924 320
f 925 945 924
f 945 944 924
f 314 321 945
f 925 314 945
f 316 926 323
f 325 323 926
f 325 926 946
f 946 926 927
f 928 947 927
f 947 946 927
f 929 948 928
f 948 947 928
f 930 949 929
f 949 948 929
f 931 950 930
f 950 949 930
f 932 951 931
f 951 950 931
f 326 327 951
f 326 951 933
f 933 951 932
f 329 326 933
f 934 329 933
f 331 329 934
f 935 331 934
f 333 331 935
f 936 333 935
f 335 333 936
f 335 936 952
f 952 936 937
f 938 953 937
f 953 952 937
f 954 938 939
f 953 938 954
f 956 941 942
f 955 941 956
f 943 957 942
f 957 956 942
f 317 336 957
f 943 317 957
f 944 958 339
f 320 944 339
f 945 959 944
f 959 958 944
f 321 340 959
f 945 321 959
f 325 946 343
f 345 343 946
f 345 946 960
f 960 946 947
f 948 961 947
f 961 960 947
f 949 962 948
f 962 961 948
f 950 963 949
f 963 962 949
f 346 347 963
f 346 963 951
f 951 963 950
f 327 346 951
f 952 964 353
f 335 952 353
f 953 965 952
f 965 964 952
f 966 953 954
f 965 953 966
f 968 955 956
f 967 955 968
f 354 355 968
f 354 968 957
f 957 968 956
f 336 354 957
f 958 969 359
f 339 958 359
f 959 970 958
f 970 969 958
f 340 360 970
f 959 340 970
f 345 960 364
f 366 364 960
f 961 366 960
f 368 366 961
f 962 368 961
f 370 368 962
f 963 370 962
f 347 370 963
f 964 971 377
f 353 964 377
f 965 972 964
f 972 971 964
f 973 965 966
f 972 965 973
f 975 967 968
f 974 967 975
f 355 378 975
f 968 355 975
f 969 976 382
f 359 969 382
f 383 384 976
f 383 976 970
f 970 976 969
f 360 383 970
f 377 971 398
f 400 398 971
f 400 971 977
f 977 971 972
f 978 972 973
f 977 972 978
f 980 974 975
f 979 974 980
f 378 401 980
f 975 378 980
f 976 981 405
f 382 976 405
f 384 406 981
f 976 384 981
f 977 982 421
f 400 977 421
f 983 977 978
f 983 984 977
f 984 982 977
f 983 985 984
f 987 979 980
f 986 979 987
f 401 422 987
f 980 401 987
f 981 988 426
f 405 981 426
f 406 427 988
f 981 406 988
f 982 989 442
f 421 982 442
f 984 990 982
f 990 989 982
f 991 984 985
f 990 984 991
f 993 986 987
f 992 986 993
f 422 443 993
f 987 422 993
f 426 988 447
f 427 447 988
f 989 994 463
f 442 989 463
f 990 995 989
f 995 994 989
f 996 990 991
f 995 990 996
f 998 992 993
f 997 992 998
f 443 464 998
f 993 443 998
f 994 999 483
f 463 994 483
f 995 1000 994
f 1000 999 994
f 1001 995 996
f 1000 995 1001
f 1003 997 998
f 1002 997 1003
f 464 484 1003
f 998 464 1003
f 501 1004 502
f 501 503 1005
f 1004 501 1005
f 503 483 999
f 503 999 1005
f 1005 999 1006
f 1000 1007 999
f 1007 1006 999
f 1008 1000 1001
f 1007 1000 1008
f 1003 1009 1002
f 1009 1003 484
f 1009 484 1010
f 1010 484 504
f 518 1011 519
f 518 520 1012
f 1011 518 1012
f 520 521 1013
f 1012 520 1013
f 521 502 1004
f 521 1004 1013
f 1013 1004 1014
f 1005 1015 1004
f 1015 1014 1004
f 1006 1016 1005
f 1016 1015 1005
f 1007 1017 1006
f 1017 1016 1006
f 1018 1007 1008
f 1017 1007 1018
f 1019 522 1020
f 1019 1010 522
f 1010 504 522
f 1019 1020 1021
f 532 1022 533
f 532 534 1023
f 1022 532 1023
f 534 535 1024
f 1023 534 1024
f 535 536 1025
f 1024 535 1025
f 536 519 1011
f 536 1011 1025
f 1025 1011 1026
f 1012 1027 1011
f 1027 1026 1011
f 1013 1028 1012
f 1028 1027 1012
f 1014 1029 1013
f 1029 1028 1013
f 1015 1030 1014
f 1030 1029 1014
f 1016 1031 1015
f 1031 1030 1015
f 1017 1032 1016
f 1032 1031 1016
f 1033 1017 1018
f 1032 1017 1033
f 522 537 1020
f 1020 1034 1021
f 1020 537 1034
f 537 538 1034
f 539 1035 538
f 538 1035 1034
f 540 1036 539
f 539 1036 1035
f 541 1037 540
f 540 1037 1036
f 542 1038 541
f 541 1038 1037
f 543 1039 542
f 542 1039 1038
f 1041 1040 1039
f 1041 1039 544
f 544 1039 543
f 544 545 1042
f 1041 544 1042
f 545 533 1022
f 545 1022 1042
f 1042 1022 1043
f 1023 1044 1022
f 1044 1043 1022
f 1024 1045 1023
f 1045 1044 1023
f 1025 1046 1024
f 1046 1045 1024
f 1026 1047 1025
f 1047 1046 1025
f 1027 1048 1026
f 1048 1047 1026
f 1028 1049 1027
f 1049 1048 1027
f 1029 1050 1028
f 1050 1049 1028
f 1030 1051 1029
f 1051 1050 1029
f 1053 1031 1052
f 1053 1051 1031
f 1051 1030 1031
f 1032 1052 1031
f 1054 1052 1032
f 1033 1054 1032
f 1041 1055 1040
f 1042 1055 1041
f 1056 1055 1042
f 1043 1056 1042
f 1057 1056 1043
f 1044 1057 1043
f 1058 1057 1044
f 1045 1058 1044
f 1059 1058 1045
f 1046 1059 1045
f 1060 1059 1046
f 1047 1060 1046
f 1061 1060 1047
f 1048 1061 1047
f 1062 1061 1048
f 1049 1062 1048
f 1063 1062 1049
f 1050 1063 1049
f 1064 1063 1050
f 1051 1064 1050
f 1065 1064 1051
f 1053 1065 1051
f 1068 1067 1066
f 1068 1069 1070
f 1066 1069 1068
f 1070 1071 1072
f 1069 1071 1070
f 1072 1073 1074
f 1071 1073 1072
f 1074 1075 1076
f 1073 1075 1074
f 1076 1077 1078
f 1075 1077 1076
f 1077 1079 1078
f 546 547 1080
f 546 1081 549
f 1080 1081 546
f 1083 549 1081
f 1083 1082 549
f 1082 551 549
f 553 551 1084
f 551 1082 1084
f 555 553 1085
f 553 1084 1085
f 557 555 1086
f 555 1085 1086
f 559 557 1087
f 557 1086 1087
f 1067 1068 561
f 1067 561 1087
f 1087 561 559
f 563 561 1068
f 1070 563 1068
f 565 563 1070
f 1072 565 1070
f 567 565 1072
f 1074 567 1072
f 569 567 1074
f 569 1074 1088
f 1088 1074 1076
f 1078 1089 1076
f 1089 1088 1076
f 1090 1078 1079
f 1090 1091 1078
f 1091 1089 1078
f 1090 1092 1091
f 571 572 1093
f 1095 571 1093
f 1095 1094 571
f 1094 573 571
f 574 573 1096
f 573 1094 1096
f 575 574 1097
f 574 1096 1097
f 576 575 1098
f 575 1097 1098
f 577 576 1099
f 576 1098 1099
f 1080 547 577
f 1080 577 1100
f 1100 577 1099
f 1081 1080 1100
f 1101 1081 1100
f 1083 1081 1101
f 569 1088 587
f 589 587 1088
f 1089 589 1088
f 591 589 1089
f 591 1089 1102
f 1102 1089 1091
f 1103 1091 1092
f 1102 1091 1103
f 592 1105 1104
f 593 1105 592
f 1093 572 592
f 1093 592 1106
f 1106 592 1104
f 1095 1093 1106
f 1102 1107 601
f 591 1102 601
f 1108 1102 1103
f 1107 1102 1108
f 602 603 1109
f 602 1109 1110
f 602 1110 593
f 593 1110 1105
f 1107 1111 608
f 601 1107 608
f 1112 1107 1108
f 1112 1113 1107
f 1113 1111 1107
f 1112 1114 1113
f 1109 609 1115
f 603 609 1109
f 1116 1110 1109
f 1115 1116 1109
f 1111 1117 613
f 608 1111 613
f 1113 1118 1111
f 1118 1117 1111
f 1119 1113 1114
f 1118 1113 1119
f 1115 1121 1120
f 1115 609 1121
f 609 614 1121
f 1116 1115 1120
f 1117 1122 618
f 613 1117 618
f 1118 1123 1117
f 1123 1122 1117
f 1124 1118 1119
f 1123 1118 1124
f 614 619 1121
f 1121 619 1125
f 1122 1126 623
f 618 1122 623
f 1123 1127 1122
f 1127 1126 1122
f 1128 1123 1124
f 1127 1123 1128
f 619 624 1125
f 1125 624 1129
f 1126 1130 628
f 623 1126 628
f 1127 1131 1126
f 1131 1130 1126
f 1132 1127 1128
f 1131 1127 1132
f 624 629 1129
f 1129 629 1133
f 633 1134 634
f 633 628 1130
f 633 1130 1134
f 1134 1130 1135
f 1131 1136 1130
f 1136 1135 1130
f 1137 1131 1132
f 1136 1131 1137
f 629 635 1133
f 1133 635 1138
f 1134 1139 639
f 634 1134 639
f 1135 1140 1134
f 1140 1139 1134
f 1136 1141 1135
f 1141 1140 1135
f 1142 1136 1137
f 1141 1136 1142
f 635 640 1138
f 1138 640 1143
f 1139 1144 646
f 639 1139 646
f 1140 1145 1139
f 1145 1144 1139
f 1141 1146 1140
f 1146 1145 1140
f 1147 1141 1142
f 1146 1141 1147
f 640 647 1143
f 1143 647 1148
f 1144 1149 654
f 646 1144 654
f 1145 1150 1144
f 1150 1149 1144
f 1146 1151 1145
f 1151 1150 1145
f 1152 1146 1147
f 1151 1146 1152
f 647 655 1148
f 1148 655 1153
f 1149 1154 667
f 654 1149 667
f 1150 1155 1149
f 1155 1154 1149
f 1151 1156 1150
f 1156 1155 1150
f 1157 1151 1152
f 1156 1151 1157
f 655 668 1153
f 1153 668 1158
f 1154 1159 685
f 667 1154 685
f 1155 1160 1154
f 1160 1159 1154
f 1156 1161 1155
f 1161 1160 1155
f 1162 1156 1157
f 1161 1156 1162
f 1164 668 686
f 1164 1163 668
f 1163 1158 668
f 686 687 1164
f 1159 1165 704
f 685 1159 704
f 1160 1166 1159
f 1166 1165 1159
f 1161 1167 1160
f 1167 1166 1160
f 1168 1161 1162
f 1167 1161 1168
f 1164 1169 1163
f 1169 1164 687
f 1169 687 1170
f 1170 687 705
f 1165 1171 723
f 704 1165 723
f 1166 1172 1165
f 1172 1171 1165
f 1167 1173 1166
f 1173 1172 1166
f 1174 1167 1168
f 1173 1167 1174
f 705 724 1170
f 1170 724 1175
f 1171 1176 742
f 723 1171 742
f 1172 1177 1171
f 1177 1176 1171
f 1173 1178 1172
f 1178 1177 1172
f 1179 1173 1174
f 1178 1173 1179
f 724 743 1175
f 1175 743 1180
f 760 1181 761
f 760 762 1182
f 1181 760 1182
f 762 742 1176
f 762 1176 1182
f 1182 1176 1183
f 1177 1184 1176
f 1184 1183 1176
f 1186 1178 1185
f 1186 1184 1178
f 1184 1177 1178
f 1179 1185 1178
f 743 763 1180
f 1180 763 1187
f 775 1188 776
f 775 777 1189
f 1188 775 1189
f 777 778 1190
f 1189 777 1190
f 778 779 1191
f 1190 778 1191
f 779 780 1192
f 1191 779 1192
f 780 761 1181
f 780 1181 1192
f 1192 1181 1193
f 1182 1194 1181
f 1194 1193 1181
f 1183 1195 1182
f 1195 1194 1182
f 1184 1196 1183
f 1196 1195 1183
f 1197 1184 1186
f 1196 1184 1197
f 1198 781 1199
f 1198 1187 781
f 1187 763 781
f 1198 1199 1200
f 793 1201 794
f 793 776 1188
f 793 1188 1201
f 1201 1188 1202
f 1189 1203 1188
f 1203 1202 1188
f 1190 1204 1189
f 1204 1203 1189
f 1191 1205 1190
f 1205 1204 1190
f 1192 1206 1191
f 1206 1205 1191
f 1193 1207 1192
f 1207 1206 1192
f 1194 1208 1193
f 1208 1207 1193
f 1195 1209 1194
f 1209 1208 1194
f 1196 1210 1195
f 1210 1209 1195
f 1211 1196 1197
f 1210 1196 1211
f 1199 795 1212
f 781 795 1199
f 1213 1200 1199
f 1212 1213 1199
f 1201 1214 807
f 794 1201 807
f 1202 1215 1201
f 1215 1214 1201
f 1203 1216 1202
f 1216 1215 1202
f 1204 1217 1203
f 1217 1216 1203
f 1205 1218 1204
f 1218 1217 1204
f 1206 1219 1205
f 1219 1218 1205
f 1207 1220 1206
f 1220 1219 1206
f 1208 1221 1207
f 1221 1220 1207
f 1209 1222 1208
f 1222 1221 1208
f 1210 1223 1209
f 1223 1222 1209
f 1224 1210 1211
f 1223 1210 1224
f 1212 1226 1225
f 1212 795 1226
f 795 808 1226
f 1213 1212 1225
f 807 1214 819
f 821 819 1214
f 821 1214 1227
f 1227 1214 1215
f 1216 1228 1215
f 1228 1227 1215
f 1217 1229 1216
f 1229 1228 1216
f 1218 1230 1217
f 1230 1229 1217
f 1219 1231 1218
f 1231 1230 1218
f 1220 1232 1219
f 1232 1231 1219
f 1221 1233 1220
f 1233 1232 1220
f 1222 1234 1221
f 1234 1233 1221
f 1223 1235 1222
f 1235 1234 1222
f 1236 1223 1224
f 1235 1223 1236
f 808 822 1226
f 1226 822 1237
f 821 1227 834
f 836 834 1227
f 1228 836 1227
f 838 836 1228
f 1229 838 1228
f 840 838 1229
f 1230 840 1229
f 842 840 1230
f 842 1230 1238
f 1238 1230 1231
f 1232 1239 1231
f 1239 1238 1231
f 1233 1240 1232
f 1240 1239 1232
f 1234 1241 1233
f 1241 1240 1233
f 1235 1242 1234
f 1242 1241 1234
f 1243 1235 1236
f 1242 1235 1243
f 822 843 1237
f 1237 843 1244
f 842 1238 858
f 860 858 1238
f 1239 860 1238
f 862 860 1239
f 1240 862 1239
f 864 862 1240
f 864 1240 1245
f 1245 1240 1241
f 1242 1246 1241
f 1246 1245 1241
f 1247 1242 1243
f 1246 1242 1247
f 843 865 1244
f 1244 865 1248
f 1245 1249 883
f 864 1245 883
f 1246 1250 1245
f 1250 1249 1245
f 1251 1246 1247
f 1251 1252 1246
f 1252 1250 1246
f 1251 1253 1252
f 865 884 1248
f 1248 884 1254
f 1249 1255 902
f 883 1249 902
f 1250 1256 1249
f 1256 1255 1249
f 1252 1257 1250
f 1257 1256 1250
f 1258 1252 1253
f 1257 1252 1258
f 1261 1260 1259
f 1261 1259 1254
f 1261 1254 903
f 903 1254 884
f 1255 1262 921
f 902 1255 921
f 1256 1263 1255
f 1263 1262 1255
f 1257 1264 1256
f 1264 1263 1256
f 1265 1257 1258
f 1264 1257 1265
f 1267 1260 1261
f 1266 1260 1267
f 903 922 1267
f 1261 903 1267
f 1262 1268 939
f 921 1262 939
f 1263 1269 1262
f 1269 1268 1262
f 1264 1270 1263
f 1270 1269 1263
f 1271 1264 1265
f 1270 1264 1271
f 940 1266 1267
f 940 941 1266
f 941 1272 1266
f 922 940 1267
f 1268 1273 954
f 939 1268 954
f 1269 1274 1268
f 1274 1273 1268
f 1270 1275 1269
f 1275 1274 1269
f 1276 1270 1271
f 1275 1270 1276
f 941 955 1272
f 1272 955 1277
f 1273 1278 966
f 954 1273 966
f 1274 1279 1273
f 1279 1278 1273
f 1275 1280 1274
f 1280 1279 1274
f 1281 1275 1276
f 1280 1275 1281
f 955 967 1277
f 1277 967 1282
f 1278 1283 973
f 966 1278 973
f 1279 1284 1278
f 1284 1283 1278
f 1280 1285 1279
f 1285 1284 1279
f 1286 1280 1281
f 1285 1280 1286
f 967 974 1282
f 1282 974 1287
f 1283 1288 978
f 973 1283 978
f 1284 1289 1283
f 1289 1288 1283
f 1285 1290 1284
f 1290 1289 1284
f 1291 1285 1286
f 1290 1285 1291
f 974 979 1287
f 1287 979 1292
f 978 1288 983
f 985 983 1288
f 985 1288 1293
f 1293 1288 1289
f 1290 1294 1289
f 1294 1293 1289
f 1295 1290 1291
f 1294 1290 1295
f 979 986 1292
f 1292 986 1296
f 1293 1297 991
f 985 1293 991
f 1294 1298 1293
f 1298 1297 1293
f 1299 1294 1295
f 1298 1294 1299
f 1300 992 1301
f 1300 1296 992
f 1296 986 992
f 1300 1301 1302
f 1297 1303 996
f 991 1297 996
f 1298 1304 1297
f 1304 1303 1297
f 1305 1298 1299
f 1304 1298 1305
f 1301 997 1306
f 992 997 1301
f 1307 1302 1301
f 1306 1307 1301
f 1303 1308 1001
f 996 1303 1001
f 1304 1309 1303
f 1309 1308 1303
f 1310 1304 1305
f 1309 1304 1310
f 1306 1002 1311
f 997 1002 1306
f 1312 1307 1306
f 1311 1312 1306
f 1308 1313 1008
f 1001 1308 1008
f 1309 1314 1308
f 1314 1313 1308
f 1315 1309 1310
f 1314 1309 1315
f 1002 1009 1311
f 1311 1009 1010
f 1311 1010 1312
f 1312 1010 1316
f 1313 1317 1018
f 1008 1313 1018
f 1319 1314 1318
f 1319 1317 1314
f 1317 1313 1314
f 1315 1318 1314
f 1010 1320 1316
f 1019 1320 1010
f 1021 1322 1321
f 1021 1321 1019
f 1019 1321 1320
f 1321 1322 1323
f 1317 1324 1033
f 1018 1317 1033
f 1325 1317 1319
f 1324 1317 1325
f 1021 1034 1322
f 1322 1326 1323
f 1322 1034 1326
f 1034 1035 1326
f 1036 1327 1035
f 1035 1327 1326
f 1037 1328 1036
f 1036 1328 1327
f 1038 1329 1037
f 1037 1329 1328
f 1039 1330 1038
f 1038 1330 1329
f 1040 1332 1331
f 1040 1331 1039
f 1039 1331 1330
f 1332 1334 1333
f 1331 1332 1333
f 1333 1334 1335
f 1052 1336 1053
f 1052 1054 1337
f 1336 1052 1337
f 1054 1033 1324
f 1054 1324 1337
f 1337 1324 1338
f 1339 1324 1325
f 1338 1324 1339
f 1040 1055 1332
f 1056 1332 1055
f 1334 1332 1056
f 1334 1340 1335
f 1334 1056 1340
f 1056 1057 1340
f 1058 1341 1057
f 1057 1341 1340
f 1059 1342 1058
f 1058 1342 1341
f 1060 1343 1059
f 1059 1343 1342
f 1061 1344 1060
f 1060 1344 1343
f 1346 1345 1344
f 1346 1344 1062
f 1062 1344 1061
f 1062 1063 1347
f 1346 1062 1347
f 1063 1064 1348
f 1347 1063 1348
f 1064 1065 1349
f 1348 1064 1349
f 1065 1053 1336
f 1065 1336 1349
f 1349 1336 1350
f 1337 1351 1336
f 1351 1350 1336
f 1353 1338 1352
f 1353 1351 1338
f 1351 1337 1338
f 1339 1352 1338
f 1346 1354 1345
f 1347 1354 1346
f 1355 1354 1347
f 1348 1355 1347
f 1356 1355 1348
f 1349 1356 1348
f 1357 1356 1349
f 1350 1357 1349
f 1358 1357 1350
f 1351 1358 1350
f 1359 1358 1351
f 1353 1359 1351
f 1066 1067 1360
f 1066 1361 1069
f 1360 1361 1066
f 1069 1362 1071
f 1361 1362 1069
f 1071 1363 1073
f 1362 1363 1071
f 1073 1364 1075
f 1363 1364 1073
f 1075 1365 1077
f 1364 1365 1075
f 1077 1365 1079
f 1082 1083 1366
f 1082 1367 1084
f 1366 1367 1082
f 1084 1368 1085
f 1367 1368 1084
f 1085 1369 1086
f 1368 1369 1085
f 1371 1086 1369
f 1371 1370 1086
f 1370 1087 1086
f 1360 1067 1087
f 1360 1087 1372
f 1372 1087 1370
f 1361 1360 1372
f 1373 1361 1372
f 1362 1361 1373
f 1374 1362 1373
f 1363 1362 1374
f 1375 1363 1374
f 1364 1363 1375
f 1376 1364 1375
f 1365 1364 1376
f 1377 1365 1376
f 1379 1377 1378
f 1090 1377 1379
f 1090 1365 1377
f 1090 1079 1365
f 1090 1379 1092
f 1094 1095 1380
f 1094 1381 1096
f 1380 1381 1094
f 1096 1382 1097
f 1381 1382 1096
f 1384 1097 1382
f 1384 1383 1097
f 1383 1098 1097
f 1099 1098 1385
f 1098 1383 1385
f 1100 1099 1386
f 1099 1385 1386
f 1101 1100 1387
f 1100 1386 1387
f 1366 1083 1101
f 1366 1101 1388
f 1388 1101 1387
f 1367 1366 1388
f 1389 1367 1388
f 1368 1367 1389
f 1390 1368 1389
f 1369 1368 1390
f 1391 1369 1390
f 1371 1369 1391
f 1379 1378 1392
f 1392 1092 1379
f 1392 1393 1092
f 1393 1103 1092
f 1104 1105 1394
f 1104 1395 1106
f 1394 1395 1104
f 1106 1380 1095
f 1106 1395 1380
f 1395 1396 1380
f 1381 1380 1397
f 1397 1380 1396
f 1382 1381 1398
f 1398 1381 1397
f 1399 1384 1382
f 1398 1399 1382
f 1400 1401 1108
f 1400 1108 1393
f 1393 1108 1103
f 1400 1402 1401
f 1394 1110 1403
f 1105 1110 1394
f 1395 1394 1404
f 1404 1394 1403
f 1396 1395 1405
f 1405 1395 1404
f 1397 1396 1406
f 1406 1396 1405
f 1408 1407 1398
f 1408 1398 1406
f 1406 1398 1397
f 1399 1398 1407
f 1108 1401 1112
f 1401 1114 1112
f 1401 1402 1114
f 1402 1409 1114
f 1403 1116 1410
f 1110 1116 1403
f 1412 1411 1404
f 1412 1404 1410
f 1410 1404 1403
f 1405 1404 1411
f 1413 1405 1411
f 1413 1414 1415
f 1413 1415 1405
f 1405 1415 1406
f 1416 1408 1406
f 1415 1416 1406
f 1114 1409 1119
f 1409 1417 1119
f 1120 1121 1418
f 1120 1418 1420
f 1116 1120 1420
f 1116 1420 1419
f 1116 1419 1410
f 1412 1410 1419
f 1422 1415 1414
f 1421 1422 1414
f 1423 1416 1415
f 1423 1415 1424
f 1424 1415 1422
f 1423 1424 1425
f 1426 1427 1124
f 1426 1124 1417
f 1417 1124 1119
f 1426 1428 1427
f 1418 1125 1429
f 1121 1125 1418
f 1430 1420 1418
f 1429 1430 1418
f 1432 1422 1421
f 1431 1432 1421
f 1424 1422 1433
f 1433 1422 1432
f 1434 1425 1424
f 1433 1434 1424
f 1427 1435 1128
f 1124 1427 1128
f 1436 1427 1428
f 1435 1427 1436
f 1429 1129 1437
f 1125 1129 1429
f 1438 1430 1429
f 1437 1438 1429
f 1440 1432 1431
f 1439 1440 1431
f 1433 1432 1441
f 1441 1432 1440
f 1442 1434 1433
f 1441 1442 1433
f 1435 1443 1132
f 1128 1435 1132
f 1444 1435 1436
f 1443 1435 1444
f 1437 1133 1445
f 1129 1133 1437
f 1446 1438 1437
f 1445 1446 1437
f 1448 1440 1439
f 1447 1448 1439
f 1450 1449 1441
f 1450 1441 1448
f 1448 1441 1440
f 1442 1441 1449
f 1443 1451 1137
f 1132 1443 1137
f 1452 1443 1444
f 1451 1443 1452
f 1445 1138 1453
f 1133 1138 1445
f 1454 1446 1445
f 1453 1454 1445
f 1456 1448 1447
f 1455 1456 1447
f 1457 1450 1448
f 1456 1457 1448
f 1451 1458 1142
f 1137 1451 1142
f 1459 1451 1452
f 1458 1451 1459
f 1453 1143 1460
f 1138 1143 1453
f 1461 1454 1453
f 1460 1461 1453
f 1463 1456 1455
f 1462 1463 1455
f 1464 1457 1456
f 1463 1464 1456
f 1458 1465 1147
f 1142 1458 1147
f 1466 1458 1459
f 1465 1458 1466
f 1460 1148 1467
f 1143 1148 1460
f 1468 1461 1460
f 1467 1468 1460
f 1463 1462 1469
f 1464 1463 1469
f 1465 1470 1152
f 1147 1465 1152
f 1471 1465 1466
f 1470 1465 1471
f 1467 1153 1472
f 1148 1153 1467
f 1473 1468 1467
f 1472 1473 1467
f 1470 1474 1157
f 1152 1470 1157
f 1475 1470 1471
f 1474 1470 1475
f 1472 1158 1476
f 1153 1158 1472
f 1477 1473 1472
f 1476 1477 1472
f 1474 1478 1162
f 1157 1474 1162
f 1479 1474 1475
f 1478 1474 1479
f 1476 1163 1480
f 1158 1163 1476
f 1481 1477 1476
f 1480 1481 1476
f 1478 1482 1168
f 1162 1478 1168
f 1483 1478 1479
f 1482 1478 1483
f 1163 1169 1480
f 1480 1169 1170
f 1480 1170 1481
f 1481 1170 1484
f 1482 1485 1174
f 1168 1482 1174
f 1486 1482 1483
f 1485 1482 1486
f 1170 1175 1484
f 1484 1175 1487
f 1485 1488 1179
f 1174 1485 1179
f 1489 1485 1486
f 1488 1485 1489
f 1490 1180 1491
f 1490 1487 1180
f 1487 1175 1180
f 1490 1491 1492
f 1185 1493 1186
f 1185 1179 1488
f 1185 1488 1493
f 1493 1488 1494
f 1495 1488 1489
f 1494 1488 1495
f 1491 1187 1496
f 1180 1187 1491
f 1497 1492 1491
f 1496 1497 1491
f 1493 1498 1197
f 1186 1493 1197
f 1500 1494 1499
f 1500 1498 1494
f 1498 1493 1494
f 1495 1499 1494
f 1187 1198 1496
f 1200 1502 1501
f 1198 1200 1501
f 1198 1501 1497
f 1198 1497 1496
f 1501 1502 1503
f 1498 1504 1211
f 1197 1498 1211
f 1505 1498 1500
f 1504 1498 1505
f 1502 1213 1506
f 1200 1213 1502
f 1507 1503 1502
f 1506 1507 1502
f 1504 1508 1224
f 1211 1504 1224
f 1509 1504 1505
f 1508 1504 1509
f 1225 1226 1510
f 1225 1506 1213
f 1225 1510 1506
f 1510 1511 1506
f 1512 1507 1506
f 1511 1512 1506
f 1508 1513 1236
f 1224 1508 1236
f 1514 1508 1509
f 1513 1508 1514
f 1510 1237 1515
f 1226 1237 1510
f 1517 1516 1511
f 1517 1511 1515
f 1515 1511 1510
f 1512 1511 1516
f 1513 1518 1243
f 1236 1513 1243
f 1519 1513 1514
f 1519 1520 1513
f 1520 1518 1513
f 1519 1521 1520
f 1515 1523 1522
f 1515 1237 1523
f 1237 1244 1523
f 1517 1515 1522
f 1518 1524 1247
f 1243 1518 1247
f 1520 1525 1518
f 1525 1524 1518
f 1526 1520 1521
f 1525 1520 1526
f 1244 1248 1523
f 1523 1248 1527
f 1247 1524 1251
f 1253 1251 1524
f 1253 1524 1528
f 1528 1524 1525
f 1529 1525 1526
f 1528 1525 1529
f 1248 1254 1527
f 1527 1254 1530
f 1528 1531 1258
f 1253 1528 1258
f 1532 1528 1529
f 1531 1528 1532
f 1259 1260 1533
f 1259 1533 1534
f 1259 1534 1254
f 1254 1534 1530
f 1531 1535 1265
f 1258 1531 1265
f 1536 1531 1532
f 1535 1531 1536
f 1533 1266 1537
f 1260 1266 1533
f 1538 1534 1533
f 1537 1538 1533
f 1535 1539 1271
f 1265 1535 1271
f 1540 1535 1536
f 1539 1535 1540
f 1537 1272 1541
f 1266 1272 1537
f 1542 1538 1537
f 1541 1542 1537
f 1539 1543 1276
f 1271 1539 1276
f 1544 1539 1540
f 1543 1539 1544
f 1541 1277 1545
f 1272 1277 1541
f 1546 1542 1541
f 1545 1546 1541
f 1543 1547 1281
f 1276 1543 1281
f 1548 1543 1544
f 1547 1543 1548
f 1545 1282 1549
f 1277 1282 1545
f 1550 1546 1545
f 1549 1550 1545
f 1553 1551 1552
f 1551 1553 1554
f 1547 1555 1286
f 1281 1547 1286
f 1556 1547 1548
f 1555 1547 1556
f 1549 1287 1557
f 1282 1287 1549
f 1558 1550 1549
f 1557 1558 1549
f 1560 1553 1552
f 1559 1560 1552
f 1561 1554 1553
f 1560 1561 1553
f 1555 1562 1291
f 1286 1555 1291
f 1563 1555 1556
f 1562 1555 1563
f 1557 1292 1564
f 1287 1292 1557
f 1565 1558 1557
f 1564 1565 1557
f 1567 1560 1559
f 1566 1567 1559
f 1568 1561 1560
f 1568 1560 1569
f 1569 1560 1567
f 1568 1569 1570
f 1562 1571 1295
f 1291 1562 1295
f 1572 1562 1563
f 1571 1562 1572
f 1564 1296 1573
f 1292 1296 1564
f 1574 1565 1564
f 1573 1574 1564
f 1576 1567 1566
f 1575 1576 1566
f 1569 1567 1577
f 1577 1567 1576
f 1578 1570 1569
f 1577 1578 1569
f 1571 1579 1299
f 1295 1571 1299
f 1580 1571 1572
f 1579 1571 1580
f 1296 1300 1573
f 1302 1582 1581
f 1300 1302 1581
f 1300 1581 1574
f 1300 1574 1573
f 1581 1582 1583
f 1585 1576 1575
f 1584 1585 1575
f 1577 1576 1586
f 1586 1576 1585
f 1587 1578 1577
f 1586 1587 1577
f 1579 1588 1589
f 1579 1589 1299
f 1299 1589 1305
f 1580 1588 1579
f 1582 1307 1590
f 1302 1307 1582
f 1591 1583 1582
f 1590 1591 1582
f 1594 1592 1593
f 1584 1592 1594
f 1584 1594 1585
f 1585 1594 1595
f 1586 1585 1596
f 1596 1585 1595
f 1597 1587 1586
f 1596 1597 1586
f 1305 1589 1310
f 1589 1598 1310
f 1590 1312 1599
f 1307 1312 1590
f 1600 1591 1590
f 1600 1590 1601
f 1601 1590 1599
f 1593 1600 1601
f 1593 1601 1594
f 1594 1601 1602
f 1595 1594 1603
f 1603 1594 1602
f 1605 1604 1596
f 1605 1596 1603
f 1603 1596 1595
f 1597 1596 1604
f 1310 1598 1315
f 1598 1606 1315
f 1599 1316 1607
f 1312 1316 1599
f 1601 1599 1608
f 1608 1599 1607
f 1602 1601 1609
f 1609 1601 1608
f 1603 1602 1610
f 1610 1602 1609
f 1611 1605 1603
f 1611 1603 1612
f 1612 1603 1610
f 1611 1612 1613
f 1318 1614 1319
f 1318 1615 1614
f 1318 1315 1615
f 1315 1606 1615
f 1316 1320 1607
f 1321 1607 1320
f 1608 1607 1321
f 1323 1608 1321
f 1323 1616 1608
f 1616 1609 1608
f 1610 1609 1617
f 1617 1609 1616
f 1612 1610 1618
f 1618 1610 1617
f 1619 1613 1612
f 1618 1619 1612
f 1614 1620 1621
f 1614 1621 1319
f 1319 1621 1325
f 1615 1620 1614
f 1323 1326 1616
f 1327 1616 1326
f 1617 1616 1327
f 1328 1617 1327
f 1618 1617 1328
f 1618 1622 1619
f 1618 1328 1622
f 1328 1329 1622
f 1330 1623 1329
f 1329 1623 1622
f 1331 1624 1330
f 1330 1624 1623
f 1333 1625 1331
f 1331 1625 1624
f 1335 1627 1626
f 1335 1626 1333
f 1333 1626 1625
f 1627 1629 1628
f 1626 1627 1628
f 1629 1631 1630
f 1628 1629 1630
f 1631 1633 1632
f 1630 1631 1632
f 1632 1633 1634
f 1637 1635 1636
f 1637 1639 1638
f 1635 1637 1638
f 1639 1621 1638
f 1639 1339 1621
f 1339 1325 1621
f 1335 1340 1627
f 1341 1627 1340
f 1629 1627 1341
f 1342 1629 1341
f 1631 1629 1342
f 1343 1631 1342
f 1633 1631 1343
f 1633 1640 1634
f 1633 1343 1640
f 1343 1344 1640
f 1345 1642 1641
f 1345 1641 1344
f 1344 1641 1640
f 1642 1644 1643
f 1641 1642 1643
f 1644 1646 1645
f 1643 1644 1645
f 1646 1648 1647
f 1645 1646 1647
f 1648 1650 1649
f 1647 1648 1649
f 1636 1649 1650
f 1636 1650 1637
f 1637 1650 1651
f 1352 1651 1353
f 1352 1639 1651
f 1639 1637 1651
f 1339 1639 1352
f 1345 1354 1642
f 1355 1642 1354
f 1644 1642 1355
f 1356 1644 1355
f 1646 1644 1356
f 1357 1646 1356
f 1648 1646 1357
f 1358 1648 1357
f 1650 1648 1358
f 1359 1650 1358
f 1651 1650 1359
f 1353 1651 1359
f 1370 1371 1652
f 1370 1653 1372
f 1652 1653 1370
f 1372 1654 1373
f 1653 1654 1372
f 1373 1655 1374
f 1654 1655 1373
f 1374 1656 1375
f 1655 1656 1374
f 1375 1657 1376
f 1656 1657 1375
f 1376 1658 1377
f 1657 1658 1376
f 1377 1658 1378
f 1383 1384 1659
f 1383 1660 1385
f 1659 1660 1383
f 1385 1661 1386
f 1660 1661 1385
f 1386 1662 1387
f 1661 1662 1386
f 1387 1663 1388
f 1662 1663 1387
f 1388 1664 1389
f 1663 1664 1388
f 1389 1665 1390
f 1664 1665 1389
f 1390 1666 1391
f 1665 1666 1390
f 1391 1652 1371
f 1391 1666 1652
f 1666 1667 1652
f 1653 1652 1668
f 1668 1652 1667
f 1654 1653 1669
f 1669 1653 1668
f 1655 1654 1670
f 1670 1654 1669
f 1656 1655 1671
f 1671 1655 1670
f 1657 1656 1672
f 1672 1656 1671
f 1658 1657 1673
f 1673 1657 1672
f 1378 1674 1392
f 1378 1658 1674
f 1658 1673 1674
f 1392 1674 1393
f 1659 1399 1675
f 1384 1399 1659
f 1660 1659 1676
f 1676 1659 1675
f 1661 1660 1677
f 1677 1660 1676
f 1662 1661 1678
f 1678 1661 1677
f 1663 1662 1679
f 1679 1662 1678
f 1664 1663 1680
f 1680 1663 1679
f 1665 1664 1681
f 1681 1664 1680
f 1666 1665 1682
f 1682 1665 1681
f 1667 1666 1683
f 1683 1666 1682
f 1668 1667 1684
f 1684 1667 1683
f 1686 1685 1669
f 1686 1669 1684
f 1684 1669 1668
f 1670 1669 1685
f 1687 1670 1685
f 1671 1670 1687
f 1688 1671 1687
f 1688 1689 1690
f 1688 1690 1671
f 1671 1690 1672
f 1673 1672 1691
f 1691 1672 1690
f 1693 1692 1674
f 1693 1674 1691
f 1691 1674 1673
f 1393 1674 1692
f 1393 1692 1400
f 1400 1692 1694
f 1694 1402 1400
f 1695 1402 1694
f 1407 1408 1696
f 1407 1675 1399
f 1407 1696 1675
f 1696 1697 1675
f 1699 1698 1676
f 1699 1676 1697
f 1697 1676 1675
f 1677 1676 1698
f 1700 1677 1698
f 1700 1701 1702
f 1700 1702 1677
f 1677 1702 1678
f 1679 1678 1703
f 1703 1678 1702
f 1680 1679 1704
f 1704 1679 1703
f 1681 1680 1705
f 1705 1680 1704
f 1682 1681 1706
f 1706 1681 1705
f 1708 1707 1683
f 1708 1683 1706
f 1706 1683 1682
f 1684 1683 1707
f 1709 1684 1707
f 1686 1684 1709
f 1690 1689 1710
f 1691 1690 1710
f 1711 1691 1710
f 1693 1691 1711
f 1402 1695 1409
f 1695 1712 1409
f 1411 1412 1713
f 1411 1714 1413
f 1713 1714 1411
f 1413 1714 1414
f 1696 1416 1715
f 1408 1416 1696
f 1697 1696 1716
f 1716 1696 1715
f 1717 1699 1697
f 1716 1717 1697
f 1702 1701 1718
f 1718 1719 1720
f 1718 1720 1702
f 1702 1720 1703
f 1704 1703 1721
f 1721 1703 1720
f 1723 1722 1705
f 1723 1705 1721
f 1721 1705 1704
f 1706 1705 1722
f 1724 1706 1722
f 1708 1706 1724
f 1409 1712 1417
f 1712 1725 1417
f 1419 1420 1726
f 1419 1713 1412
f 1419 1726 1713
f 1726 1727 1713
f 1714 1713 1728
f 1728 1713 1727
f 1414 1728 1421
f 1714 1728 1414
f 1416 1423 1715
f 1425 1715 1423
f 1425 1729 1715
f 1729 1716 1715
f 1730 1717 1716
f 1729 1730 1716
f 1720 1719 1731
f 1721 1720 1731
f 1732 1721 1731
f 1723 1721 1732
f 1417 1725 1733
f 1426 1417 1733
f 1733 1428 1426
f 1734 1428 1733
f 1726 1430 1735
f 1420 1430 1726
f 1727 1726 1736
f 1736 1726 1735
f 1728 1727 1737
f 1737 1727 1736
f 1421 1737 1431
f 1728 1737 1421
f 1729 1434 1738
f 1425 1434 1729
f 1739 1730 1729
f 1738 1739 1729
f 1428 1734 1436
f 1734 1740 1436
f 1735 1438 1741
f 1430 1438 1735
f 1736 1735 1742
f 1742 1735 1741
f 1737 1736 1743
f 1743 1736 1742
f 1431 1743 1439
f 1737 1743 1431
f 1738 1442 1744
f 1434 1442 1738
f 1745 1739 1738
f 1744 1745 1738
f 1436 1740 1444
f 1740 1746 1444
f 1741 1446 1747
f 1438 1446 1741
f 1742 1741 1748
f 1748 1741 1747
f 1743 1742 1749
f 1749 1742 1748
f 1439 1749 1447
f 1743 1749 1439
f 1449 1450 1750
f 1449 1744 1442
f 1449 1750 1744
f 1750 1751 1744
f 1752 1745 1744
f 1751 1752 1744
f 1444 1746 1452
f 1746 1753 1452
f 1747 1454 1754
f 1446 1454 1747
f 1748 1747 1755
f 1755 1747 1754
f 1749 1748 1756
f 1756 1748 1755
f 1447 1756 1455
f 1749 1756 1447
f 1750 1457 1757
f 1450 1457 1750
f 1751 1750 1758
f 1758 1750 1757
f 1759 1752 1751
f 1758 1759 1751
f 1452 1753 1459
f 1753 1760 1459
f 1754 1461 1761
f 1454 1461 1754
f 1755 1754 1762
f 1762 1754 1761
f 1756 1755 1763
f 1763 1755 1762
f 1455 1763 1462
f 1756 1763 1455
f 1757 1464 1764
f 1457 1464 1757
f 1758 1757 1765
f 1765 1757 1764
f 1766 1759 1758
f 1765 1766 1758
f 1459 1760 1466
f 1760 1767 1466
f 1761 1468 1768
f 1461 1468 1761
f 1762 1761 1769
f 1769 1761 1768
f 1763 1762 1770
f 1770 1762 1769
f 1462 1771 1469
f 1462 1763 1771
f 1763 1770 1771
f 1469 1764 1464
f 1469 1771 1764
f 1771 1772 1764
f 1774 1773 1765
f 1774 1765 1772
f 1772 1765 1764
f 1766 1765 1773
f 1466 1767 1471
f 1767 1775 1471
f 1768 1473 1776
f 1468 1473 1768
f 1769 1768 1777
f 1777 1768 1776
f 1770 1769 1778
f 1778 1769 1777
f 1771 1770 1779
f 1779 1770 1778
f 1772 1771 1780
f 1780 1771 1779
f 1781 1774 1772
f 1780 1781 1772
f 1471 1775 1475
f 1775 1782 1475
f 1776 1477 1783
f 1473 1477 1776
f 1777 1776 1784
f 1784 1776 1783
f 1778 1777 1785
f 1785 1777 1784
f 1779 1778 1786
f 1786 1778 1785
f 1780 1779 1787
f 1787 1779 1786
f 1788 1781 1780
f 1787 1788 1780
f 1475 1782 1479
f 1782 1789 1479
f 1783 1481 1790
f 1477 1481 1783
f 1784 1783 1791
f 1791 1783 1790
f 1785 1784 1792
f 1792 1784 1791
f 1786 1785 1793
f 1793 1785 1792
f 1787 1786 1794
f 1794 1786 1793
f 1795 1788 1787
f 1794 1795 1787
f 1479 1789 1483
f 1789 1796 1483
f 1790 1484 1797
f 1481 1484 1790
f 1791 1790 1798
f 1798 1790 1797
f 1792 1791 1799
f 1799 1791 1798
f 1793 1792 1800
f 1800 1792 1799
f 1794 1793 1801
f 1801 1793 1800
f 1802 1795 1794
f 1801 1802 1794
f 1483 1796 1486
f 1796 1803 1486
f 1797 1487 1804
f 1484 1487 1797
f 1798 1797 1805
f 1805 1797 1804
f 1799 1798 1806
f 1806 1798 1805
f 1800 1799 1807
f 1807 1799 1806
f 1801 1800 1808
f 1808 1800 1807
f 1809 1802 1801
f 1808 1809 1801
f 1486 1803 1489
f 1803 1810 1489
f 1487 1490 1804
f 1492 1804 1490
f 1492 1811 1804
f 1811 1805 1804
f 1806 1805 1812
f 1812 1805 1811
f 1807 1806 1813
f 1813 1806 1812
f 1815 1814 1808
f 1815 1808 1813
f 1813 1808 1807
f 1809 1808 1814
f 1489 1810 1495
f 1810 1816 1495
f 1811 1497 1817
f 1492 1497 1811
f 1812 1811 1818
f 1818 1811 1817
f 1813 1812 1819
f 1819 1812 1818
f 1820 1815 1813
f 1819 1820 1813
f 1499 1821 1500
f 1499 1822 1821
f 1499 1495 1822
f 1495 1816 1822
f 1497 1501 1817
f 1503 1817 1501
f 1503 1823 1817
f 1823 1818 1817
f 1819 1818 1824
f 1824 1818 1823
f 1825 1820 1819
f 1824 1825 1819
f 1821 1826 1505
f 1500 1821 1505
f 1827 1821 1822
f 1826 1821 1827
f 1823 1507 1828
f 1503 1507 1823
f 1824 1823 1829
f 1829 1823 1828
f 1830 1825 1824
f 1829 1830 1824
f 1826 1831 1509
f 1505 1826 1509
f 1832 1826 1827
f 1831 1826 1832
f 1828 1512 1833
f 1507 1512 1828
f 1829 1828 1834
f 1834 1828 1833
f 1835 1830 1829
f 1834 1835 1829
f 1831 1836 1514
f 1509 1831 1514
f 1837 1831 1832
f 1836 1831 1837
f 1516 1517 1838
f 1516 1833 1512
f 1516 1838 1833
f 1838 1839 1833
f 1834 1833 1840
f 1840 1833 1839
f 1841 1835 1834
f 1841 1834 1842
f 1842 1834 1840
f 1841 1842 1843
f 1514 1836 1519
f 1836 1521 1519
f 1836 1837 1521
f 1837 1844 1521
f 1522 1523 1845
f 1522 1838 1517
f 1522 1845 1838
f 1845 1846 1838
f 1839 1838 1847
f 1847 1838 1846
f 1840 1839 1848
f 1848 1839 1847
f 1842 1840 1849
f 1849 1840 1848
f 1850 1843 1842
f 1849 1850 1842
f 1521 1844 1526
f 1844 1851 1526
f 1845 1527 1852
f 1523 1527 1845
f 1846 1845 1853
f 1853 1845 1852
f 1847 1846 1854
f 1854 1846 1853
f 1848 1847 1855
f 1855 1847 1854
f 1849 1848 1856
f 1856 1848 1855
f 1857 1850 1849
f 1856 1857 1849
f 1526 1851 1529
f 1851 1858 1529
f 1852 1530 1859
f 1527 1530 1852
f 1853 1852 1860
f 1860 1852 1859
f 1854 1853 1861
f 1861 1853 1860
f 1855 1854 1862
f 1862 1854 1861
f 1856 1855 1863
f 1863 1855 1862
f 1864 1857 1856
f 1863 1864 1856
f 1529 1858 1532
f 1858 1865 1532
f 1859 1534 1866
f 1530 1534 1859
f 1860 1859 1867
f 1867 1859 1866
f 1861 1860 1868
f 1868 1860 1867
f 1862 1861 1869
f 1869 1861 1868
f 1863 1862 1870
f 1870 1862 1869
f 1871 1864 1863
f 1870 1871 1863
f 1532 1865 1536
f 1865 1872 1536
f 1866 1538 1873
f 1534 1538 1866
f 1867 1866 1874
f 1874 1866 1873
f 1868 1867 1875
f 1875 1867 1874
f 1869 1868 1876
f 1876 1868 1875
f 1870 1869 1877
f 1877 1869 1876
f 1878 1871 1870
f 1878 1870 1879
f 1879 1870 1877
f 1878 1879 1880
f 1536 1872 1540
f 1872 1881 1540
f 1873 1542 1882
f 1538 1542 1873
f 1874 1873 1883
f 1883 1873 1882
f 1875 1874 1884
f 1884 1874 1883
f 1876 1875 1885
f 1885 1875 1884
f 1877 1876 1886
f 1886 1876 1885
f 1879 1877 1887
f 1887 1877 1886
f 1888 1880 1879
f 1887 1888 1879
f 1540 1881 1544
f 1881 1889 1544
f 1882 1546 1890
f 1542 1546 1882
f 1883 1882 1891
f 1891 1882 1890
f 1884 1883 1892
f 1892 1883 1891
f 1885 1884 1893
f 1893 1884 1892
f 1886 1885 1894
f 1894 1885 1893
f 1887 1886 1895
f 1895 1886 1894
f 1896 1888 1887
f 1896 1887 1897
f 1897 1887 1895
f 1897 1899 1898
f 1896 1897 1898
f 1898 1899 1900
f 1544 1889 1548
f 1889 1901 1548
f 1890 1550 1902
f 1546 1550 1890
f 1891 1890 1903
f 1903 1890 1902
f 1892 1891 1904
f 1904 1891 1903
f 1551 1904 1552
f 1551 1893 1904
f 1893 1892 1904
f 1554 1893 1551
f 1554 1905 1893
f 1905 1894 1893
f 1895 1894 1906
f 1906 1894 1905
f 1897 1895 1907
f 1907 1895 1906
f 1899 1897 1908
f 1908 1897 1907
f 1909 1900 1899
f 1909 1899 1910
f 1910 1899 1908
f 1909 1910 1911
f 1548 1901 1556
f 1901 1912 1556
f 1902 1558 1913
f 1550 1558 1902
f 1903 1902 1914
f 1914 1902 1913
f 1904 1903 1915
f 1915 1903 1914
f 1552 1915 1559
f 1904 1915 1552
f 1905 1561 1916
f 1554 1561 1905
f 1906 1905 1917
f 1917 1905 1916
f 1907 1906 1918
f 1918 1906 1917
f 1908 1907 1919
f 1919 1907 1918
f 1910 1908 1920
f 1920 1908 1919
f 1921 1911 1910
f 1921 1910 1922
f 1922 1910 1920
f 1921 1922 1923
f 1556 1912 1563
f 1912 1924 1563
f 1913 1565 1925
f 1558 1565 1913
f 1914 1913 1926
f 1926 1913 1925
f 1915 1914 1927
f 1927 1914 1926
f 1559 1927 1566
f 1915 1927 1559
f 1561 1568 1916
f 1570 1916 1568
f 1570 1928 1916
f 1928 1917 1916
f 1918 1917 1929
f 1929 1917 1928
f 1931 1930 1919
f 1931 1919 1929
f 1929 1919 1918
f 1930 1932 1933
f 1930 1933 1919
f 1919 1933 1920
f 1922 1920 1934
f 1934 1920 1933
f 1935 1923 1922
f 1934 1935 1922
f 1563 1924 1572
f 1924 1936 1572
f 1925 1574 1937
f 1565 1574 1925
f 1926 1925 1938
f 1938 1925 1937
f 1927 1926 1939
f 1939 1926 1938
f 1566 1939 1575
f 1927 1939 1566
f 1928 1578 1940
f 1570 1578 1928
f 1942 1941 1929
f 1942 1929 1940
f 1940 1929 1928
f 1931 1929 1941
f 1933 1932 1943
f 1943 1944 1945
f 1943 1945 1933
f 1933 1945 1934
f 1946 1935 1934
f 1946 1934 1947
f 1947 1934 1945
f 1946 1947 1948
f 1572 1936 1580
f 1936 1949 1580
f 1574 1581 1937
f 1583 1937 1581
f 1583 1950 1937
f 1950 1938 1937
f 1939 1938 1951
f 1951 1938 1950
f 1575 1951 1584
f 1939 1951 1575
f 1940 1587 1952
f 1578 1587 1940
f 1953 1942 1940
f 1952 1953 1940
f 1955 1945 1944
f 1954 1955 1944
f 1947 1945 1956
f 1956 1945 1955
f 1957 1948 1947
f 1956 1957 1947
f 1588 1958 1959
f 1589 1588 1959
f 1949 1588 1580
f 1958 1588 1949
f 1950 1591 1960
f 1583 1591 1950
f 1592 1960 1593
f 1592 1951 1960
f 1951 1950 1960
f 1584 1951 1592
f 1952 1597 1961
f 1587 1597 1952
f 1962 1953 1952
f 1961 1962 1952
f 1965 1963 1964
f 1954 1963 1965
f 1954 1965 1955
f 1955 1965 1966
f 1956 1955 1967
f 1967 1955 1966
f 1968 1957 1956
f 1968 1956 1969
f 1969 1956 1967
f 1968 1969 1970
f 1589 1959 1598
f 1959 1971 1598
f 1591 1600 1960
f 1593 1960 1600
f 1604 1605 1972
f 1604 1961 1597
f 1604 1972 1961
f 1972 1973 1961
f 1974 1962 1961
f 1974 1961 1975
f 1975 1961 1973
f 1975 1977 1976
f 1974 1975 1976
f 1964 1976 1977
f 1964 1977 1965
f 1965 1977 1978
f 1966 1965 1979
f 1979 1965 1978
f 1967 1966 1980
f 1980 1966 1979
f 1969 1967 1981
f 1981 1967 1980
f 1982 1970 1969
f 1982 1969 1983
f 1983 1969 1981
f 1983 1985 1984
f 1982 1983 1984
f 1984 1985 1986
f 1598 1971 1606
f 1971 1987 1606
f 1605 1611 1972
f 1613 1972 1611
f 1613 1988 1972
f 1988 1973 1972
f 1975 1973 1989
f 1989 1973 1988
f 1977 1975 1990
f 1990 1975 1989
f 1978 1977 1991
f 1991 1977 1990
f 1979 1978 1992
f 1992 1978 1991
f 1980 1979 1993
f 1993 1979 1992
f 1981 1980 1994
f 1994 1980 1993
f 1983 1981 1995
f 1995 1981 1994
f 1985 1983 1996
f 1996 1983 1995
f 1997 1986 1985
f 1997 1985 1998
f 1998 1985 1996
f 1997 1998 1999
f 2002 2000 2001
f 2002 2004 2003
f 2000 2002 2003
f 2004 2006 2005
f 2003 2004 2005
f 2005 2006 2007
f 1606 1987 1615
f 1987 2008 1615
f 1988 1619 2009
f 1613 1619 1988
f 1989 1988 2010
f 2010 1988 2009
f 1990 1989 2011
f 2011 1989 2010
f 1991 1990 2012
f 2012 1990 2011
f 1992 1991 2013
f 2013 1991 2012
f 1993 1992 2014
f 2014 1992 2013
f 1994 1993 2015
f 2015 1993 2014
f 1995 1994 2016
f 2016 1994 2015
f 1996 1995 2017
f 2017 1995 2016
f 1998 1996 2018
f 2018 1996 2017
f 2019 1999 1998
f 2019 1998 2020
f 2020 1998 2018
f 2020 2022 2021
f 2019 2020 2021
f 2001 2021 2022
f 2001 2022 2002
f 2002 2022 2023
f 2004 2002 2024
f 2024 2002 2023
f 2006 2004 2025
f 2025 2004 2024
f 2026 2007 2006
f 2026 2006 2027
f 2027 2006 2025
f 2027 1621 1620
f 2027 1620 2026
f 2026 1620 2028
f 2008 1620 1615
f 2028 1620 2008
f 1619 1622 2009
f 1623 2009 1622
f 2010 2009 1623
f 1624 2010 1623
f 2011 2010 1624
f 1625 2011 1624
f 2012 2011 1625
f 1626 2012 1625
f 2013 2012 1626
f 1628 2013 1626
f 2014 2013 1628
f 1630 2014 1628
f 2015 2014 1630
f 1632 2015 1630
f 2016 2015 1632
f 1634 2016 1632
f 1634 2029 2016
f 2029 2017 2016
f 2018 2017 2030
f 2030 2017 2029
f 2020 2018 2031
f 2031 2018 2030
f 2022 2020 2032
f 2032 2020 2031
f 2023 2022 2033
f 2033 2022 2032
f 2024 2023 2034
f 2034 2023 2033
f 1635 2034 1636
f 1635 2025 2034
f 2025 2024 2034
f 1638 2025 1635
f 2027 2025 1638
f 1621 2027 1638
f 1634 1640 2029
f 1641 2029 1640
f 2030 2029 1641
f 1643 2030 1641
f 2031 2030 1643
f 1645 2031 1643
f 2032 2031 1645
f 1647 2032 1645
f 2033 2032 1647
f 1649 2033 1647
f 2034 2033 1649
f 1636 2034 1649
f 1685 1686 2035
f 1685 2036 1687
f 2035 2036 1685
f 1687 2037 1688
f 2036 2037 1687
f 1688 2037 1689
f 1692 1693 2038
f 1692 2039 1694
f 2038 2039 1692
f 1694 2039 1695
f 1698 1699 2040
f 1698 2041 1700
f 2040 2041 1698
f 1700 2041 1701
f 1707 1708 2042
f 1707 2043 1709
f 2042 2043 1707
f 1709 2035 1686
f 1709 2043 2035
f 2043 2044 2035
f 2036 2035 2045
f 2045 2035 2044
f 2037 2036 2046
f 2046 2036 2045
f 1689 2047 1710
f 1689 2037 2047
f 2037 2046 2047
f 1710 2048 1711
f 2047 2048 1710
f 1711 2048 2050
f 1693 1711 2050
f 1693 2050 2049
f 1693 2049 2038
f 2039 2038 2049
f 2051 2039 2049
f 2051 1695 2039
f 2051 2052 1695
f 2052 1712 1695
f 2040 1717 2053
f 1699 1717 2040
f 2041 2040 2054
f 2054 2040 2053
f 1701 2055 1718
f 1701 2041 2055
f 2041 2054 2055
f 1718 2055 1719
f 1722 1723 2056
f 1722 2057 1724
f 2056 2057 1722
f 1724 2042 1708
f 1724 2057 2042
f 2057 2058 2042
f 2043 2042 2059
f 2059 2042 2058
f 2044 2043 2060
f 2060 2043 2059
f 2045 2044 2061
f 2061 2044 2060
f 2046 2045 2062
f 2062 2045 2061
f 2047 2046 2063
f 2063 2046 2062
f 2065 2064 2048
f 2065 2048 2063
f 2063 2048 2047
f 2050 2048 2064
f 1712 2052 1725
f 2052 2066 1725
f 2053 1730 2067
f 1717 1730 2053
f 2054 2053 2068
f 2068 2053 2067
f 2055 2054 2069
f 2069 2054 2068
f 1719 2070 1731
f 1719 2055 2070
f 2055 2069 2070
f 1731 2071 1732
f 2070 2071 1731
f 1732 2056 1723
f 1732 2071 2056
f 2071 2072 2056
f 2057 2056 2073
f 2073 2056 2072
f 2058 2057 2074
f 2074 2057 2073
f 2059 2058 2075
f 2075 2058 2074
f 2060 2059 2076
f 2076 2059 2075
f 2078 2077 2061
f 2078 2061 2076
f 2076 2061 2060
f 2062 2061 2077
f 2079 2062 2077
f 2063 2062 2079
f 2080 2063 2079
f 2065 2063 2080
f 2082 1733 1725
f 2082 1725 2081
f 2081 1725 2066
f 1733 2082 1734
f 2067 1739 2083
f 1730 1739 2067
f 2068 2067 2084
f 2084 2067 2083
f 2069 2068 2085
f 2085 2068 2084
f 2070 2069 2086
f 2086 2069 2085
f 2071 2070 2087
f 2087 2070 2086
f 2072 2071 2088
f 2088 2071 2087
f 2073 2072 2089
f 2089 2072 2088
f 2074 2073 2090
f 2090 2073 2089
f 2075 2074 2091
f 2091 2074 2090
f 2093 2092 2076
f 2093 2076 2091
f 2091 2076 2075
f 2078 2076 2092
f 2082 2081 2094
f 2094 1734 2082
f 2094 2095 1734
f 2095 1740 1734
f 2083 1745 2096
f 1739 1745 2083
f 2084 2083 2097
f 2097 2083 2096
f 2085 2084 2098
f 2098 2084 2097
f 2086 2085 2099
f 2099 2085 2098
f 2087 2086 2100
f 2100 2086 2099
f 2088 2087 2101
f 2101 2087 2100
f 2089 2088 2102
f 2102 2088 2101
f 2090 2089 2103
f 2103 2089 2102
f 2105 2104 2091
f 2105 2091 2103
f 2103 2091 2090
f 2093 2091 2104
f 1740 2095 1746
f 2095 2106 1746
f 2096 1752 2107
f 1745 1752 2096
f 2097 2096 2108
f 2108 2096 2107
f 2098 2097 2109
f 2109 2097 2108
f 2099 2098 2110
f 2110 2098 2109
f 2100 2099 2111
f 2111 2099 2110
f 2101 2100 2112
f 2112 2100 2111
f 2102 2101 2113
f 2113 2101 2112
f 2115 2114 2103
f 2115 2103 2113
f 2113 2103 2102
f 2105 2103 2114
f 1746 2106 1753
f 2106 2116 1753
f 2107 1759 2117
f 1752 1759 2107
f 2108 2107 2118
f 2118 2107 2117
f 2109 2108 2119
f 2119 2108 2118
f 2110 2109 2120
f 2120 2109 2119
f 2111 2110 2121
f 2121 2110 2120
f 2112 2111 2122
f 2122 2111 2121
f 2124 2123 2113
f 2124 2113 2122
f 2122 2113 2112
f 2115 2113 2123
f 1753 2116 1760
f 2116 2125 1760
f 2117 1766 2126
f 1759 1766 2117
f 2118 2117 2127
f 2127 2117 2126
f 2119 2118 2128
f 2128 2118 2127
f 2120 2119 2129
f 2129 2119 2128
f 2121 2120 2130
f 2130 2120 2129
f 2132 2131 2122
f 2132 2122 2130
f 2130 2122 2121
f 2124 2122 2131
f 1760 2125 1767
f 2125 2133 1767
f 1773 1774 2134
f 1773 2126 1766
f 1773 2134 2126
f 2134 2135 2126
f 2127 2126 2136
f 2136 2126 2135
f 2128 2127 2137
f 2137 2127 2136
f 2129 2128 2138
f 2138 2128 2137
f 2130 2129 2139
f 2139 2129 2138
f 2140 2132 2130
f 2139 2140 2130
f 1767 2133 1775
f 2133 2141 1775
f 2134 1781 2142
f 1774 1781 2134
f 2135 2134 2143
f 2143 2134 2142
f 2136 2135 2144
f 2144 2135 2143
f 2137 2136 2145
f 2145 2136 2144
f 2138 2137 2146
f 2146 2137 2145
f 2148 2147 2139
f 2148 2139 2146
f 2146 2139 2138
f 2140 2139 2147
f 1775 2141 1782
f 2141 2149 1782
f 2142 1788 2150
f 1781 1788 2142
f 2143 2142 2151
f 2151 2142 2150
f 2144 2143 2152
f 2152 2143 2151
f 2145 2144 2153
f 2153 2144 2152
f 2155 2154 2146
f 2155 2146 2153
f 2153 2146 2145
f 2148 2146 2154
f 1782 2149 1789
f 2149 2156 1789
f 2150 1795 2157
f 1788 1795 2150
f 2151 2150 2158
f 2158 2150 2157
f 2152 2151 2159
f 2159 2151 2158
f 2153 2152 2160
f 2160 2152 2159
f 2161 2155 2153
f 2160 2161 2153
f 2162 2163 1796
f 2162 1796 2156
f 2156 1796 1789
f 2162 2164 2163
f 2157 1802 2165
f 1795 1802 2157
f 2158 2157 2166
f 2166 2157 2165
f 2168 2167 2159
f 2168 2159 2166
f 2166 2159 2158
f 2160 2159 2167
f 2169 2160 2167
f 2161 2160 2169
f 2163 2170 1803
f 1796 2163 1803
f 2171 2163 2164
f 2170 2163 2171
f 2165 1809 2172
f 1802 1809 2165
f 2166 2165 2173
f 2173 2165 2172
f 2174 2168 2166
f 2173 2174 2166
f 2170 2175 1810
f 1803 2170 1810
f 2176 2170 2171
f 2175 2170 2176
f 1814 1815 2177
f 1814 2172 1809
f 1814 2177 2172
f 2177 2178 2172
f 2180 2179 2173
f 2180 2173 2178
f 2178 2173 2172
f 2174 2173 2179
f 2175 2181 2182
f 2175 2182 1810
f 1810 2182 1816
f 2176 2181 2175
f 2177 1820 2183
f 1815 1820 2177
f 2178 2177 2184
f 2184 2177 2183
f 2185 2180 2178
f 2184 2185 2178
f 1816 2182 1822
f 2182 2186 1822
f 2183 1825 2187
f 1820 1825 2183
f 2184 2183 2188
f 2188 2183 2187
f 2189 2185 2184
f 2188 2189 2184
f 1822 2186 1827
f 2186 2190 1827
f 2187 1830 2191
f 1825 1830 2187
f 2188 2187 2192
f 2192 2187 2191
f 2193 2189 2188
f 2192 2193 2188
f 1827 2190 1832
f 2190 2194 1832
f 2191 1835 2195
f 1830 1835 2191
f 2192 2191 2196
f 2196 2191 2195
f 2197 2193 2192
f 2197 2192 2198
f 2198 2192 2196
f 2197 2198 2199
f 1832 2194 1837
f 2194 2200 1837
f 1835 1841 2195
f 1843 2195 1841
f 1843 2201 2195
f 2201 2196 2195
f 2198 2196 2202
f 2202 2196 2201
f 2203 2199 2198
f 2202 2203 2198
f 1837 2200 1844
f 2200 2204 1844
f 2201 1850 2205
f 1843 1850 2201
f 2202 2201 2206
f 2206 2201 2205
f 2207 2203 2202
f 2207 2202 2208
f 2208 2202 2206
f 2207 2208 2209
f 1844 2204 1851
f 2204 2210 1851
f 2205 1857 2211
f 1850 1857 2205
f 2206 2205 2212
f 2212 2205 2211
f 2208 2206 2213
f 2213 2206 2212
f 2214 2209 2208
f 2214 2208 2215
f 2215 2208 2213
f 2214 2215 2216
f 1851 2210 1858
f 2210 2217 1858
f 2211 1864 2218
f 1857 1864 2211
f 2212 2211 2219
f 2219 2211 2218
f 2213 2212 2220
f 2220 2212 2219
f 2215 2213 2221
f 2221 2213 2220
f 2222 2216 2215
f 2221 2222 2215
f 1858 2217 1865
f 2217 2223 1865
f 2218 1871 2224
f 1864 1871 2218
f 2219 2218 2225
f 2225 2218 2224
f 2220 2219 2226
f 2226 2219 2225
f 2221 2220 2227
f 2227 2220 2226
f 2228 2222 2221
f 2228 2221 2229
f 2229 2221 2227
f 2228 2229 2230
f 1865 2223 1872
f 2223 2231 1872
f 1871 1878 2224
f 1880 2224 1878
f 1880 2232 2224
f 2232 2225 2224
f 2226 2225 2233
f 2233 2225 2232
f 2227 2226 2234
f 2234 2226 2233
f 2229 2227 2235
f 2235 2227 2234
f 2236 2230 2229
f 2236 2229 2237
f 2237 2229 2235
f 2236 2237 2238
f 1872 2231 1881
f 2231 2239 1881
f 2232 1888 2240
f 1880 1888 2232
f 2233 2232 2241
f 2241 2232 2240
f 2234 2233 2242
f 2242 2233 2241
f 2235 2234 2243
f 2243 2234 2242
f 2237 2235 2244
f 2244 2235 2243
f 2245 2238 2237
f 2244 2245 2237
f 1881 2239 1889
f 2239 2246 1889
f 1888 1896 2240
f 1898 2240 1896
f 2241 2240 1898
f 1900 2241 1898
f 1900 2247 2241
f 2247 2242 2241
f 2243 2242 2248
f 2248 2242 2247
f 2244 2243 2249
f 2249 2243 2248
f 2250 2245 2244
f 2250 2244 2251
f 2251 2244 2249
f 2250 2251 2252
f 1889 2246 1901
f 2246 2253 1901
f 1900 1909 2247
f 1911 2247 1909
f 1911 2254 2247
f 2254 2248 2247
f 2249 2248 2255
f 2255 2248 2254
f 2251 2249 2256
f 2256 2249 2255
f 2257 2252 2251
f 2257 2251 2258
f 2258 2251 2256
f 2257 2258 2259
f 1901 2253 1912
f 2253 2260 1912
f 1911 1921 2254
f 1923 2254 1921
f 1923 2261 2254
f 2261 2255 2254
f 2256 2255 2262
f 2262 2255 2261
f 2258 2256 2263
f 2263 2256 2262
f 2264 2259 2258
f 2264 2258 2265
f 2265 2258 2263
f 2264 2265 2266
f 1912 2260 1924
f 2260 2267 1924
f 1930 1931 2268
f 1930 2268 1932
f 2261 1935 2269
f 1923 1935 2261
f 2262 2261 2270
f 2270 2261 2269
f 2263 2262 2271
f 2271 2262 2270
f 2265 2263 2272
f 2272 2263 2271
f 2273 2266 2265
f 2273 2265 2274
f 2274 2265 2272
f 2273 2274 2275
f 1924 2267 1936
f 2267 2276 1936
f 1941 1942 2277
f 1941 2268 1931
f 1941 2277 2268
f 2277 2278 2268
f 1932 2279 1943
f 1932 2268 2279
f 2268 2278 2279
f 1943 2279 1944
f 1935 1946 2269
f 1948 2269 1946
f 1948 2280 2269
f 2280 2270 2269
f 2271 2270 2281
f 2281 2270 2280
f 2272 2271 2282
f 2282 2271 2281
f 2274 2272 2283
f 2283 2272 2282
f 2284 2275 2274
f 2283 2284 2274
f 2287 2285 2286
f 2287 2276 2285
f 2287 1949 2276
f 1949 1936 2276
f 2277 1953 2288
f 1942 1953 2277
f 2278 2277 2289
f 2289 2277 2288
f 2279 2278 2290
f 2290 2278 2289
f 1944 2290 1954
f 2279 2290 1944
f 2280 1957 2291
f 1948 1957 2280
f 2281 2280 2292
f 2292 2280 2291
f 2282 2281 2293
f 2293 2281 2292
f 2283 2282 2294
f 2294 2282 2293
f 2295 2284 2283
f 2295 2283 2296
f 2296 2283 2294
f 2296 2298 2297
f 2295 2296 2297
f 2298 2300 2299
f 2297 2298 2299
f 2299 2300 2301
f 1958 2287 2286
f 1958 2286 1959
f 1959 2286 2302
f 1949 2287 1958
f 2288 1962 2303
f 1953 1962 2288
f 2289 2288 2304
f 2304 2288 2303
f 1963 2304 1964
f 1963 2290 2304
f 2290 2289 2304
f 1954 2290 1963
f 1957 1968 2291
f 1970 2291 1968
f 1970 2305 2291
f 2305 2292 2291
f 2293 2292 2306
f 2306 2292 2305
f 2294 2293 2307
f 2307 2293 2306
f 2296 2294 2308
f 2308 2294 2307
f 2298 2296 2309
f 2309 2296 2308
f 2300 2298 2310
f 2310 2298 2309
f 2311 2301 2300
f 2311 2300 2312
f 2312 2300 2310
f 2311 2312 2313
f 1959 2302 1971
f 2302 2314 1971
f 1962 1974 2303
f 1976 2303 1974
f 2304 2303 1976
f 1964 2304 1976
f 1970 1982 2305
f 1984 2305 1982
f 2306 2305 1984
f 1986 2306 1984
f 1986 2315 2306
f 2315 2307 2306
f 2308 2307 2316
f 2316 2307 2315
f 2309 2308 2317
f 2317 2308 2316
f 2310 2309 2318
f 2318 2309 2317
f 2312 2310 2319
f 2319 2310 2318
f 2320 2313 2312
f 2320 2312 2321
f 2321 2312 2319
f 2320 2321 2322
f 2325 2323 2324
f 2325 2314 2323
f 2325 1987 2314
f 1987 1971 2314
f 1986 1997 2315
f 1999 2315 1997
f 1999 2326 2315
f 2326 2316 2315
f 2317 2316 2327
f 2327 2316 2326
f 2000 2327 2001
f 2000 2318 2327
f 2318 2317 2327
f 2003 2318 2000
f 2319 2318 2003
f 2005 2319 2003
f 2321 2319 2005
f 2007 2329 2328
f 2005 2007 2328
f 2005 2328 2322
f 2005 2322 2321
f 2324 2328 2329
f 2324 2329 2325
f 2325 2329 2330
f 1987 2330 2008
f 2325 2330 1987
f 1999 2019 2326
f 2021 2326 2019
f 2327 2326 2021
f 2001 2327 2021
f 2007 2026 2329
f 2028 2329 2026
f 2330 2329 2028
f 2008 2330 2028
f 2049 2050 2331
f 2049 2332 2051
f 2331 2332 2049
f 2051 2332 2052
f 2064 2065 2333
f 2064 2331 2050
f 2064 2333 2331
f 2333 2334 2331
f 2332 2331 2335
f 2335 2331 2334
f 2052 2335 2066
f 2332 2335 2052
f 2077 2078 2336
f 2077 2337 2079
f 2336 2337 2077
f 2079 2338 2080
f 2337 2338 2079
f 2080 2338 2340
f 2065 2080 2340
f 2065 2340 2339
f 2065 2339 2333
f 2334 2333 2339
f 2341 2334 2339
f 2341 2342 2343
f 2341 2343 2334
f 2334 2343 2335
f 2066 2343 2081
f 2335 2343 2066
f 2092 2093 2344
f 2092 2344 2346
f 2078 2092 2346
f 2078 2346 2345
f 2078 2345 2336
f 2337 2336 2345
f 2347 2337 2345
f 2338 2337 2347
f 2348 2338 2347
f 2340 2338 2348
f 2343 2342 2349
f 2351 2349 2350
f 2094 2349 2351
f 2094 2343 2349
f 2094 2081 2343
f 2094 2351 2095
f 2104 2105 2352
f 2104 2344 2093
f 2104 2352 2344
f 2352 2353 2344
f 2354 2346 2344
f 2353 2354 2344
f 2356 2351 2350
f 2355 2356 2350
f 2095 2356 2106
f 2351 2356 2095
f 2114 2115 2357
f 2114 2352 2105
f 2114 2357 2352
f 2357 2358 2352
f 2360 2359 2353
f 2360 2353 2358
f 2358 2353 2352
f 2354 2353 2359
f 2362 2356 2355
f 2361 2362 2355
f 2106 2362 2116
f 2356 2362 2106
f 2123 2124 2363
f 2123 2357 2115
f 2123 2363 2357
f 2363 2364 2357
f 2358 2357 2365
f 2365 2357 2364
f 2366 2360 2358
f 2365 2366 2358
f 2368 2362 2361
f 2367 2368 2361
f 2116 2368 2125
f 2362 2368 2116
f 2131 2132 2369
f 2131 2363 2124
f 2131 2369 2363
f 2369 2370 2363
f 2364 2363 2371
f 2371 2363 2370
f 2365 2364 2372
f 2372 2364 2371
f 2373 2366 2365
f 2372 2373 2365
f 2375 2368 2367
f 2374 2375 2367
f 2125 2375 2133
f 2368 2375 2125
f 2369 2140 2376
f 2132 2140 2369
f 2370 2369 2377
f 2377 2369 2376
f 2371 2370 2378
f 2378 2370 2377
f 2380 2379 2372
f 2380 2372 2378
f 2378 2372 2371
f 2373 2372 2379
f 2375 2374 2381
f 2381 2133 2375
f 2381 2382 2133
f 2382 2141 2133
f 2147 2148 2383
f 2147 2376 2140
f 2147 2383 2376
f 2383 2384 2376
f 2377 2376 2385
f 2385 2376 2384
f 2378 2377 2386
f 2386 2377 2385
f 2387 2380 2378
f 2386 2387 2378
f 2141 2382 2149
f 2382 2388 2149
f 2154 2155 2389
f 2154 2383 2148
f 2154 2389 2383
f 2389 2390 2383
f 2384 2383 2391
f 2391 2383 2390
f 2385 2384 2392
f 2392 2384 2391
f 2394 2393 2386
f 2394 2386 2392
f 2392 2386 2385
f 2387 2386 2393
f 2149 2388 2156
f 2388 2395 2156
f 2389 2161 2396
f 2155 2161 2389
f 2398 2397 2390
f 2398 2390 2396
f 2396 2390 2389
f 2391 2390 2397
f 2399 2391 2397
f 2392 2391 2399
f 2400 2392 2399
f 2394 2392 2400
f 2402 2162 2156
f 2402 2156 2401
f 2401 2156 2395
f 2162 2402 2164
f 2167 2168 2403
f 2167 2404 2169
f 2403 2404 2167
f 2169 2396 2161
f 2169 2404 2396
f 2404 2405 2396
f 2406 2398 2396
f 2405 2406 2396
f 2408 2402 2401
f 2407 2408 2401
f 2164 2408 2171
f 2402 2408 2164
f 2403 2174 2409
f 2168 2174 2403
f 2404 2403 2410
f 2410 2403 2409
f 2405 2404 2411
f 2411 2404 2410
f 2412 2406 2405
f 2411 2412 2405
f 2414 2408 2407
f 2413 2414 2407
f 2171 2414 2176
f 2408 2414 2171
f 2179 2180 2415
f 2179 2409 2174
f 2179 2415 2409
f 2415 2416 2409
f 2410 2409 2417
f 2417 2409 2416
f 2419 2418 2411
f 2419 2411 2417
f 2417 2411 2410
f 2412 2411 2418
f 2181 2414 2413
f 2181 2413 2182
f 2182 2413 2420
f 2176 2414 2181
f 2415 2185 2421
f 2180 2185 2415
f 2416 2415 2422
f 2422 2415 2421
f 2417 2416 2423
f 2423 2416 2422
f 2424 2419 2417
f 2423 2424 2417
f 2182 2420 2186
f 2420 2425 2186
f 2421 2189 2426
f 2185 2189 2421
f 2422 2421 2427
f 2427 2421 2426
f 2429 2428 2423
f 2429 2423 2427
f 2427 2423 2422
f 2424 2423 2428
f 2186 2425 2190
f 2425 2430 2190
f 2426 2193 2431
f 2189 2193 2426
f 2427 2426 2432
f 2432 2426 2431
f 2433 2429 2427
f 2433 2427 2434
f 2434 2427 2432
f 2433 2434 2435
f 2190 2430 2194
f 2430 2436 2194
f 2193 2197 2431
f 2199 2431 2197
f 2199 2437 2431
f 2437 2432 2431
f 2434 2432 2438
f 2438 2432 2437
f 2439 2435 2434
f 2438 2439 2434
f 2194 2436 2200
f 2436 2440 2200
f 2437 2203 2441
f 2199 2203 2437
f 2438 2437 2442
f 2442 2437 2441
f 2443 2439 2438
f 2443 2438 2444
f 2444 2438 2442
f 2443 2444 2445
f 2200 2440 2204
f 2440 2446 2204
f 2203 2207 2441
f 2209 2441 2207
f 2209 2447 2441
f 2447 2442 2441
f 2444 2442 2448
f 2448 2442 2447
f 2449 2445 2444
f 2448 2449 2444
f 2204 2446 2210
f 2446 2450 2210
f 2209 2214 2447
f 2216 2447 2214
f 2216 2451 2447
f 2451 2448 2447
f 2452 2449 2448
f 2451 2452 2448
f 2210 2450 2217
f 2450 2453 2217
f 2451 2222 2454
f 2216 2222 2451
f 2455 2452 2451
f 2454 2455 2451
f 2217 2453 2223
f 2453 2456 2223
f 2222 2228 2454
f 2230 2458 2457
f 2228 2230 2457
f 2228 2457 2455
f 2228 2455 2454
f 2458 2460 2459
f 2457 2458 2459
f 2460 2462 2461
f 2459 2460 2461
f 2461 2462 2463
f 2223 2456 2231
f 2456 2464 2231
f 2230 2236 2458
f 2238 2458 2236
f 2238 2465 2458
f 2465 2460 2458
f 2462 2460 2466
f 2466 2460 2465
f 2467 2463 2462
f 2467 2462 2468
f 2468 2462 2466
f 2467 2468 2469
f 2231 2464 2239
f 2464 2470 2239
f 2465 2245 2471
f 2238 2245 2465
f 2466 2465 2472
f 2472 2465 2471
f 2468 2466 2473
f 2473 2466 2472
f 2474 2469 2468
f 2473 2474 2468
f 2239 2470 2246
f 2470 2475 2246
f 2245 2250 2471
f 2252 2471 2250
f 2252 2476 2471
f 2476 2472 2471
f 2473 2472 2477
f 2477 2472 2476
f 2478 2474 2473
f 2478 2473 2479
f 2479 2473 2477
f 2478 2479 2480
f 2483 2481 2482
f 2483 2475 2481
f 2483 2253 2475
f 2253 2246 2475
f 2252 2257 2476
f 2259 2476 2257
f 2259 2484 2476
f 2484 2477 2476
f 2479 2477 2485
f 2485 2477 2484
f 2486 2480 2479
f 2485 2486 2479
f 2488 2483 2482
f 2487 2488 2482
f 2253 2488 2260
f 2483 2488 2253
f 2259 2264 2484
f 2266 2484 2264
f 2266 2489 2484
f 2489 2485 2484
f 2490 2486 2485
f 2489 2490 2485
f 2492 2488 2487
f 2491 2492 2487
f 2260 2492 2267
f 2488 2492 2260
f 2266 2273 2489
f 2275 2494 2493
f 2273 2275 2493
f 2273 2493 2490
f 2273 2490 2489
f 2493 2494 2495
f 2497 2492 2491
f 2496 2497 2491
f 2267 2497 2276
f 2492 2497 2267
f 2494 2284 2498
f 2275 2284 2494
f 2499 2495 2494
f 2499 2494 2500
f 2500 2494 2498
f 2499 2500 2501
f 2285 2497 2496
f 2285 2496 2286
f 2286 2496 2502
f 2276 2497 2285
f 2284 2295 2498
f 2297 2498 2295
f 2500 2498 2297
f 2500 2503 2501
f 2500 2297 2503
f 2297 2299 2503
f 2301 2505 2504
f 2301 2504 2299
f 2299 2504 2503
f 2504 2505 2506
f 2509 2507 2508
f 2509 2502 2507
f 2509 2302 2502
f 2302 2286 2502
f 2301 2311 2505
f 2313 2511 2510
f 2311 2313 2510
f 2311 2510 2506
f 2311 2506 2505
f 2511 2513 2512
f 2510 2511 2512
f 2508 2512 2513
f 2508 2513 2509
f 2509 2513 2514
f 2302 2514 2314
f 2509 2514 2302
f 2313 2320 2511
f 2322 2511 2320
f 2322 2515 2511
f 2515 2513 2511
f 2323 2515 2324
f 2323 2514 2515
f 2514 2513 2515
f 2314 2514 2323
f 2322 2328 2515
f 2324 2515 2328
f 2339 2340 2516
f 2339 2517 2341
f 2516 2517 2339
f 2341 2517 2342
f 2345 2346 2518
f 2520 2345 2518
f 2520 2519 2345
f 2519 2347 2345
f 2522 2519 2521
f 2522 2348 2519
f 2348 2347 2519
f 2348 2516 2340
f 2348 2522 2516
f 2522 2523 2516
f 2517 2516 2524
f 2524 2516 2523
f 2342 2525 2349
f 2342 2517 2525
f 2517 2524 2525
f 2349 2525 2350
f 2518 2527 2526
f 2518 2346 2527
f 2346 2354 2527
f 2520 2518 2526
f 2522 2521 2528
f 2528 2529 2530
f 2528 2530 2522
f 2522 2530 2523
f 2524 2523 2531
f 2531 2523 2530
f 2525 2524 2532
f 2532 2524 2531
f 2350 2532 2355
f 2525 2532 2350
f 2359 2360 2533
f 2359 2533 2534
f 2359 2534 2354
f 2354 2534 2527
f 2536 2530 2529
f 2535 2536 2529
f 2531 2530 2537
f 2537 2530 2536
f 2532 2531 2538
f 2538 2531 2537
f 2355 2538 2361
f 2532 2538 2355
f 2533 2540 2539
f 2533 2360 2540
f 2360 2366 2540
f 2534 2533 2539
f 2536 2535 2541
f 2541 2542 2543
f 2541 2543 2536
f 2536 2543 2537
f 2538 2537 2544
f 2544 2537 2543
f 2361 2544 2367
f 2538 2544 2361
f 2366 2373 2540
f 2540 2373 2545
f 2547 2543 2542
f 2546 2547 2542
f 2544 2543 2548
f 2548 2543 2547
f 2367 2548 2374
f 2544 2548 2367
f 2379 2380 2549
f 2379 2549 2550
f 2379 2550 2373
f 2373 2550 2545
f 2547 2546 2551
f 2551 2552 2553
f 2551 2553 2547
f 2547 2553 2548
f 2374 2554 2381
f 2374 2548 2554
f 2548 2553 2554
f 2381 2554 2382
f 2549 2556 2555
f 2549 2380 2556
f 2380 2387 2556
f 2550 2549 2555
f 2558 2553 2552
f 2557 2558 2552
f 2554 2553 2559
f 2559 2553 2558
f 2382 2559 2388
f 2554 2559 2382
f 2393 2394 2560
f 2393 2560 2561
f 2393 2561 2387
f 2387 2561 2556
f 2558 2557 2562
f 2562 2563 2564
f 2562 2564 2558
f 2558 2564 2559
f 2388 2564 2395
f 2559 2564 2388
f 2397 2398 2565
f 2567 2397 2565
f 2567 2566 2397
f 2566 2399 2397
f 2569 2566 2568
f 2569 2400 2566
f 2400 2399 2566
f 2400 2569 2571
f 2394 2400 2571
f 2394 2571 2570
f 2394 2570 2560
f 2561 2560 2570
f 2573 2564 2563
f 2572 2573 2563
f 2395 2573 2401
f 2564 2573 2395
f 2565 2575 2574
f 2565 2398 2575
f 2398 2406 2575
f 2567 2565 2574
f 2569 2568 2576
f 2571 2569 2576
f 2578 2573 2572
f 2577 2578 2572
f 2401 2578 2407
f 2573 2578 2401
f 2406 2412 2575
f 2575 2412 2579
f 2578 2577 2580
f 2580 2407 2578
f 2580 2581 2407
f 2581 2413 2407
f 2418 2419 2582
f 2418 2582 2583
f 2418 2583 2412
f 2412 2583 2579
f 2413 2581 2420
f 2581 2584 2420
f 2582 2424 2585
f 2419 2424 2582
f 2586 2583 2582
f 2585 2586 2582
f 2420 2584 2425
f 2584 2587 2425
f 2428 2429 2588
f 2428 2585 2424
f 2428 2588 2585
f 2588 2589 2585
f 2590 2586 2585
f 2589 2590 2585
f 2425 2587 2430
f 2587 2591 2430
f 2429 2433 2588
f 2435 2588 2433
f 2435 2592 2588
f 2592 2589 2588
f 2593 2590 2589
f 2592 2593 2589
f 2430 2591 2436
f 2591 2594 2436
f 2592 2439 2595
f 2435 2439 2592
f 2596 2593 2592
f 2595 2596 2592
f 2436 2594 2440
f 2594 2597 2440
f 2439 2443 2595
f 2595 2443 2445
f 2595 2445 2596
f 2596 2445 2598
f 2440 2597 2446
f 2597 2599 2446
f 2445 2449 2598
f 2598 2449 2600
f 2446 2599 2450
f 2599 2601 2450
f 2449 2452 2600
f 2600 2452 2602
f 2605 2603 2604
f 2605 2601 2603
f 2605 2453 2601
f 2453 2450 2601
f 2606 2455 2607
f 2606 2602 2455
f 2602 2452 2455
f 2606 2607 2608
f 2611 2609 2610
f 2609 2611 2612
f 2614 2605 2604
f 2613 2614 2604
f 2453 2614 2456
f 2605 2614 2453
f 2455 2457 2607
f 2607 2615 2608
f 2607 2457 2615
f 2457 2459 2615
f 2610 2461 2611
f 2610 2615 2461
f 2615 2459 2461
f 2463 2617 2616
f 2461 2463 2616
f 2461 2616 2612
f 2461 2612 2611
f 2616 2617 2618
f 2620 2614 2613
f 2619 2620 2613
f 2456 2620 2464
f 2614 2620 2456
f 2463 2467 2617
f 2617 2467 2469
f 2617 2469 2618
f 2618 2469 2621
f 2624 2622 2623
f 2619 2622 2624
f 2619 2624 2620
f 2620 2624 2625
f 2464 2625 2470
f 2620 2625 2464
f 2626 2474 2627
f 2626 2621 2474
f 2621 2469 2474
f 2626 2627 2628
f 2630 2624 2623
f 2629 2630 2623
f 2625 2624 2631
f 2631 2624 2630
f 2470 2631 2475
f 2625 2631 2470
f 2474 2478 2627
f 2627 2478 2480
f 2627 2480 2628
f 2628 2480 2632
f 2635 2633 2634
f 2629 2633 2635
f 2629 2635 2630
f 2630 2635 2636
f 2481 2636 2482
f 2481 2631 2636
f 2631 2630 2636
f 2475 2631 2481
f 2480 2486 2632
f 2632 2486 2637
f 2639 2635 2634
f 2638 2639 2634
f 2636 2635 2640
f 2640 2635 2639
f 2482 2640 2487
f 2636 2640 2482
f 2641 2490 2642
f 2641 2637 2490
f 2637 2486 2490
f 2641 2642 2643
f 2646 2644 2645
f 2638 2644 2646
f 2638 2646 2639
f 2639 2646 2647
f 2640 2639 2648
f 2648 2639 2647
f 2487 2648 2491
f 2640 2648 2487
f 2490 2493 2642
f 2642 2493 2495
f 2642 2495 2643
f 2643 2495 2649
f 2651 2646 2645
f 2650 2651 2645
f 2647 2646 2652
f 2652 2646 2651
f 2648 2647 2653
f 2653 2647 2652
f 2491 2653 2496
f 2648 2653 2491
f 2495 2654 2649
f 2499 2654 2495
f 2654 2499 2501
f 2655 2654 2501
f 2658 2656 2657
f 2650 2656 2658
f 2650 2658 2651
f 2651 2658 2659
f 2652 2651 2660
f 2660 2651 2659
f 2653 2652 2661
f 2661 2652 2660
f 2496 2661 2502
f 2653 2661 2496
f 2501 2662 2655
f 2503 2662 2501
f 2657 2504 2658
f 2657 2662 2504
f 2662 2503 2504
f 2506 2658 2504
f 2506 2663 2658
f 2663 2659 2658
f 2660 2659 2664
f 2664 2659 2663
f 2507 2664 2508
f 2507 2661 2664
f 2661 2660 2664
f 2502 2661 2507
f 2506 2510 2663
f 2512 2663 2510
f 2664 2663 2512
f 2508 2664 2512
f 2667 2666 2665
f 2665 2668 2667
f 2671 2670 2669
f 2671 2519 2520
f 2671 2669 2519
f 2669 2672 2519
f 2521 2673 2674
f 2521 2519 2673
f 2519 2672 2673
f 2666 2674 2673
f 2666 2667 2674
f 2667 2675 2674
f 2676 2667 2668
f 2675 2667 2676
f 2526 2670 2671
f 2526 2527 2670
f 2527 2677 2670
f 2520 2526 2671
f 2521 2674 2528
f 2529 2528 2674
f 2529 2674 2678
f 2678 2674 2675
f 2679 2675 2676
f 2679 2680 2675
f 2680 2678 2675
f 2679 2681 2680
f 2684 2683 2682
f 2684 2682 2677
f 2684 2677 2534
f 2534 2677 2527
f 2678 2685 2535
f 2529 2678 2535
f 2680 2686 2678
f 2686 2685 2678
f 2687 2680 2681
f 2686 2680 2687
f 2539 2683 2684
f 2539 2540 2683
f 2540 2688 2683
f 2534 2539 2684
f 2535 2685 2541
f 2542 2541 2685
f 2542 2685 2689
f 2689 2685 2686
f 2690 2686 2687
f 2690 2691 2686
f 2691 2689 2686
f 2690 2692 2691
f 2695 2694 2693
f 2695 2693 2688
f 2695 2688 2545
f 2545 2688 2540
f 2689 2696 2546
f 2542 2689 2546
f 2691 2697 2689
f 2697 2696 2689
f 2698 2691 2692
f 2697 2691 2698
f 2701 2700 2699
f 2694 2701 2699
f 2694 2695 2701
f 2695 2702 2701
f 2545 2550 2702
f 2695 2545 2702
f 2546 2696 2551
f 2552 2551 2696
f 2552 2696 2703
f 2703 2696 2697
f 2704 2697 2698
f 2703 2697 2704
f 2707 2706 2705
f 2700 2707 2705
f 2700 2701 2707
f 2701 2708 2707
f 2555 2556 2708
f 2555 2708 2702
f 2702 2708 2701
f 2550 2555 2702
f 2703 2709 2557
f 2552 2703 2557
f 2710 2703 2704
f 2710 2711 2703
f 2711 2709 2703
f 2710 2712 2711
f 2714 2706 2707
f 2713 2706 2714
f 2708 2715 2707
f 2715 2714 2707
f 2556 2561 2715
f 2708 2556 2715
f 2557 2709 2562
f 2563 2562 2709
f 2563 2709 2716
f 2716 2709 2711
f 2717 2711 2712
f 2716 2711 2717
f 2566 2567 2718
f 2720 2713 2714
f 2720 2719 2713
f 2718 2568 2566
f 2570 2571 2720
f 2570 2720 2715
f 2715 2720 2714
f 2561 2570 2715
f 2716 2721 2572
f 2563 2716 2572
f 2722 2716 2717
f 2721 2716 2722
f 2574 2575 2723
f 2574 2718 2567
f 2574 2723 2718
f 2723 2724 2718
f 2718 2724 2576
f 2718 2576 2568
f 2724 2725 2576
f 2720 2576 2719
f 2725 2719 2576
f 2571 2576 2720
f 2721 2726 2577
f 2572 2721 2577
f 2727 2721 2722
f 2726 2721 2727
f 2723 2729 2728
f 2723 2575 2729
f 2575 2579 2729
f 2724 2723 2728
f 2730 2724 2728
f 2725 2724 2730
f 2577 2726 2580
f 2581 2731 2732
f 2580 2731 2581
f 2580 2727 2731
f 2580 2726 2727
f 2731 2733 2732
f 2579 2583 2729
f 2729 2583 2734
f 2732 2735 2584
f 2581 2732 2584
f 2736 2732 2733
f 2735 2732 2736
f 2583 2586 2734
f 2734 2586 2737
f 2735 2738 2587
f 2584 2735 2587
f 2739 2735 2736
f 2738 2735 2739
f 2586 2590 2737
f 2737 2590 2740
f 2738 2741 2742
f 2738 2742 2587
f 2587 2742 2591
f 2739 2741 2738
f 2590 2593 2740
f 2740 2593 2743
f 2591 2742 2594
f 2742 2744 2594
f 2593 2596 2743
f 2743 2596 2745
f 2594 2744 2597
f 2744 2746 2597
f 2596 2598 2745
f 2745 2598 2747
f 2597 2746 2599
f 2746 2748 2599
f 2749 2600 2750
f 2749 2747 2600
f 2747 2598 2600
f 2749 2750 2751
f 2599 2748 2601
f 2748 2752 2601
f 2750 2602 2753
f 2600 2602 2750
f 2754 2751 2750
f 2753 2754 2750
f 2603 2755 2604
f 2603 2756 2755
f 2603 2601 2756
f 2601 2752 2756
f 2602 2606 2753
f 2608 2758 2757
f 2606 2608 2757
f 2606 2757 2754
f 2606 2754 2753
f 2758 2610 2609
f 2758 2609 2757
f 2760 2759 2609
f 2759 2757 2609
f 2609 2612 2760
f 2755 2761 2613
f 2604 2755 2613
f 2762 2755 2756
f 2761 2755 2762
f 2608 2615 2758
f 2759 2764 2763
f 2759 2760 2764
f 2610 2758 2615
f 2612 2616 2765
f 2612 2765 2760
f 2760 2765 2764
f 2616 2618 2765
f 2761 2766 2619
f 2613 2761 2619
f 2767 2761 2762
f 2766 2761 2767
f 2769 2763 2764
f 2768 2763 2769
f 2765 2770 2764
f 2770 2769 2764
f 2618 2621 2770
f 2765 2618 2770
f 2622 2771 2623
f 2622 2619 2766
f 2622 2766 2771
f 2771 2766 2772
f 2773 2766 2767
f 2772 2766 2773
f 2769 2774 2768
f 2770 2774 2769
f 2775 2774 2770
f 2777 2776 2775
f 2626 2777 2775
f 2626 2775 2770
f 2626 2770 2621
f 2626 2628 2777
f 2771 2778 2629
f 2623 2771 2629
f 2780 2772 2779
f 2780 2778 2772
f 2778 2771 2772
f 2773 2779 2772
f 2782 2776 2777
f 2781 2776 2782
f 2628 2632 2782
f 2777 2628 2782
f 2633 2783 2634
f 2633 2629 2778
f 2633 2778 2783
f 2783 2778 2784
f 2785 2778 2780
f 2784 2778 2785
f 2782 2786 2781
f 2786 2782 2632
f 2786 2632 2787
f 2787 2632 2637
f 2783 2788 2638
f 2634 2783 2638
f 2784 2789 2783
f 2789 2788 2783
f 2790 2784 2785
f 2789 2784 2790
f 2792 2637 2641
f 2792 2791 2637
f 2791 2787 2637
f 2641 2643 2792
f 2644 2793 2645
f 2644 2638 2788
f 2644 2788 2793
f 2793 2788 2794
f 2796 2789 2795
f 2796 2794 2789
f 2794 2788 2789
f 2790 2795 2789
f 2792 2797 2791
f 2797 2792 2643
f 2797 2643 2798
f 2798 2643 2649
f 2793 2799 2650
f 2645 2793 2650
f 2794 2800 2793
f 2800 2799 2793
f 2801 2794 2796
f 2800 2794 2801
f 2803 2649 2654
f 2803 2802 2649
f 2802 2798 2649
f 2654 2655 2803
f 2656 2804 2657
f 2656 2650 2799
f 2656 2799 2804
f 2804 2799 2805
f 2807 2800 2806
f 2807 2805 2800
f 2805 2799 2800
f 2801 2806 2800
f 2803 2808 2802
f 2655 2808 2803
f 2655 2662 2808
f 2662 2809 2808
f 2804 2662 2657
f 2804 2810 2662
f 2810 2809 2662
f 2810 2812 2811
f 2810 2804 2812
f 2804 2805 2812
f 2813 2805 2807
f 2812 2805 2813
f 2812 2814 2811
f 2813 2814 2812
f 2817 2816 2815
f 2815 2818 2817
f 2821 2820 2819
f 2816 2821 2819
f 2816 2817 2821
f 2817 2822 2821
f 2823 2817 2818
f 2823 2824 2817
f 2824 2822 2817
f 2823 2825 2824
f 2827 2820 2821
f 2826 2820 2827
f 2822 2828 2821
f 2828 2827 2821
f 2824 2829 2822
f 2829 2828 2822
f 2666 2830 2665
f 2666 2824 2830
f 2666 2829 2824
f 2825 2830 2824
f 2830 2668 2665
f 2831 2668 2830
f 2669 2826 2827
f 2669 2670 2826
f 2670 2832 2826
f 2672 2669 2827
f 2828 2672 2827
f 2673 2672 2828
f 2829 2673 2828
f 2666 2673 2829
f 2668 2831 2676
f 2831 2833 2676
f 2836 2835 2834
f 2836 2834 2832
f 2836 2832 2677
f 2677 2832 2670
f 2676 2833 2837
f 2679 2676 2837
f 2837 2681 2679
f 2838 2681 2837
f 2682 2835 2836
f 2682 2683 2835
f 2683 2839 2835
f 2677 2682 2836
f 2681 2838 2687
f 2838 2840 2687
f 2843 2842 2841
f 2843 2841 2839
f 2843 2839 2688
f 2688 2839 2683
f 2687 2840 2844
f 2690 2687 2844
f 2844 2692 2690
f 2845 2692 2844
f 2848 2847 2846
f 2842 2848 2846
f 2843 2848 2842
f 2843 2694 2848
f 2843 2693 2694
f 2688 2693 2843
f 2692 2845 2698
f 2845 2849 2698
f 2699 2847 2848
f 2699 2700 2847
f 2700 2850 2847
f 2694 2699 2848
f 2851 2852 2704
f 2851 2704 2849
f 2849 2704 2698
f 2851 2853 2852
f 2705 2855 2854
f 2706 2855 2705
f 2850 2700 2705
f 2854 2850 2705
f 2704 2852 2710
f 2852 2712 2710
f 2852 2853 2712
f 2853 2856 2712
f 2706 2713 2855
f 2855 2713 2857
f 2712 2856 2717
f 2856 2858 2717
f 2713 2719 2857
f 2857 2719 2859
f 2860 2861 2722
f 2860 2722 2858
f 2858 2722 2717
f 2860 2862 2861
f 2719 2725 2859
f 2859 2725 2863
f 2861 2864 2727
f 2722 2861 2727
f 2865 2861 2862
f 2864 2861 2865
f 2728 2729 2866
f 2728 2867 2730
f 2866 2867 2728
f 2730 2867 2868
f 2730 2868 2725
f 2725 2868 2863
f 2727 2864 2731
f 2864 2733 2731
f 2864 2865 2733
f 2865 2869 2733
f 2866 2734 2870
f 2729 2734 2866
f 2872 2871 2867
f 2872 2867 2870
f 2870 2867 2866
f 2868 2867 2871
f 2733 2869 2736
f 2869 2873 2736
f 2870 2737 2874
f 2734 2737 2870
f 2875 2872 2870
f 2874 2875 2870
f 2736 2873 2739
f 2873 2876 2739
f 2874 2740 2877
f 2737 2740 2874
f 2878 2875 2874
f 2877 2878 2874
f 2741 2879 2742
f 2741 2880 2879
f 2741 2739 2880
f 2739 2876 2880
f 2877 2743 2881
f 2740 2743 2877
f 2882 2878 2877
f 2881 2882 2877
f 2879 2883 2744
f 2742 2879 2744
f 2884 2879 2880
f 2883 2879 2884
f 2881 2745 2885
f 2743 2745 2881
f 2886 2882 2881
f 2885 2886 2881
f 2883 2887 2746
f 2744 2883 2746
f 2888 2883 2884
f 2887 2883 2888
f 2885 2747 2889
f 2745 2747 2885
f 2890 2886 2885
f 2889 2890 2885
f 2887 2891 2748
f 2746 2887 2748
f 2892 2887 2888
f 2891 2887 2892
f 2747 2749 2889
f 2751 2894 2893
f 2749 2751 2893
f 2749 2893 2890
f 2749 2890 2889
f 2893 2894 2895
f 2891 2896 2752
f 2748 2891 2752
f 2897 2891 2892
f 2896 2891 2897
f 2894 2754 2898
f 2751 2754 2894
f 2899 2895 2894
f 2898 2899 2894
f 2896 2900 2756
f 2752 2896 2756
f 2901 2896 2897
f 2900 2896 2901
f 2754 2757 2898
f 2898 2757 2759
f 2898 2759 2899
f 2899 2759 2902
f 2900 2903 2762
f 2756 2900 2762
f 2904 2900 2901
f 2903 2900 2904
f 2759 2763 2902
f 2902 2763 2905
f 2903 2906 2907
f 2903 2907 2762
f 2762 2907 2767
f 2904 2906 2903
f 2908 2768 2909
f 2908 2905 2768
f 2905 2763 2768
f 2908 2909 2910
f 2767 2907 2773
f 2907 2911 2773
f 2768 2774 2909
f 2909 2774 2775
f 2909 2775 2912
f 2909 2912 2910
f 2912 2775 2913
f 2775 2776 2913
f 2779 2914 2780
f 2779 2915 2914
f 2779 2773 2915
f 2773 2911 2915
f 2913 2916 2912
f 2916 2913 2776
f 2916 2776 2917
f 2917 2776 2781
f 2914 2918 2919
f 2914 2919 2780
f 2780 2919 2785
f 2915 2918 2914
f 2781 2920 2917
f 2786 2920 2781
f 2920 2786 2787
f 2921 2920 2787
f 2785 2919 2790
f 2919 2922 2790
f 2787 2791 2921
f 2921 2791 2923
f 2795 2924 2925
f 2796 2795 2925
f 2922 2795 2790
f 2924 2795 2922
f 2791 2926 2923
f 2797 2926 2791
f 2926 2797 2798
f 2927 2926 2798
f 2796 2925 2801
f 2925 2928 2801
f 2798 2802 2927
f 2927 2802 2929
f 2806 2930 2931
f 2807 2806 2931
f 2928 2806 2801
f 2930 2806 2928
f 2933 2802 2808
f 2933 2932 2802
f 2932 2929 2802
f 2808 2809 2934
f 2933 2808 2934
f 2809 2810 2935
f 2934 2809 2935
f 2810 2811 2935
f 2807 2931 2813
f 2931 2936 2813
f 2938 2932 2933
f 2937 2932 2938
f 2934 2939 2933
f 2939 2938 2933
f 2935 2940 2934
f 2940 2939 2934
f 2811 2940 2935
f 2811 2941 2940
f 2811 2814 2941
f 2941 2942 2940
f 2936 2814 2813
f 2941 2814 2936
f 2938 2943 2937
f 2943 2945 2944
f 2943 2938 2945
f 2938 2939 2945
f 2947 2940 2946
f 2947 2945 2940
f 2945 2939 2940
f 2942 2946 2940
f 2945 2948 2944
f 2947 2948 2945
f 2951 2950 2949
f 2949 2952 2951
f 2815 2950 2951
f 2815 2816 2950
f 2816 2953 2950
f 2818 2954 2955
f 2815 2954 2818
f 2815 2952 2954
f 2815 2951 2952
f 2955 2956 2957
f 2954 2956 2955
f 2957 2958 2959
f 2956 2958 2957
f 2958 2960 2959
f 2819 2820 2961
f 2819 2961 2962
f 2819 2962 2816
f 2816 2962 2953
f 2818 2955 2823
f 2825 2823 2955
f 2825 2955 2963
f 2963 2955 2957
f 2959 2964 2957
f 2964 2963 2957
f 2965 2959 2960
f 2964 2959 2965
f 2961 2967 2966
f 2961 2820 2967
f 2820 2826 2967
f 2962 2961 2966
f 2825 2963 2830
f 2831 2830 2963
f 2831 2963 2968
f 2968 2963 2964
f 2969 2964 2965
f 2968 2964 2969
f 2826 2832 2967
f 2967 2832 2970
f 2968 2971 2833
f 2831 2968 2833
f 2972 2968 2969
f 2971 2968 2972
f 2834 2835 2973
f 2834 2973 2974
f 2834 2974 2832
f 2832 2974 2970
f 2833 2971 2837
f 2838 2975 2976
f 2837 2975 2838
f 2837 2972 2975
f 2837 2971 2972
f 2975 2977 2976
f 2973 2839 2978
f 2835 2839 2973
f 2979 2974 2973
f 2978 2979 2973
f 2976 2980 2840
f 2838 2976 2840
f 2981 2976 2977
f 2980 2976 2981
f 2841 2842 2982
f 2841 2982 2984
f 2839 2841 2984
f 2839 2984 2983
f 2839 2983 2978
f 2979 2978 2983
f 2840 2980 2844
f 2845 2985 2986
f 2844 2985 2845
f 2844 2981 2985
f 2844 2980 2981
f 2985 2987 2986
f 2846 2847 2988
f 2846 2988 2990
f 2842 2846 2990
f 2842 2990 2989
f 2842 2989 2982
f 2984 2982 2989
f 2986 2991 2849
f 2845 2986 2849
f 2992 2986 2987
f 2991 2986 2992
f 2988 2994 2993
f 2988 2847 2994
f 2847 2850 2994
f 2990 2988 2993
f 2849 2991 2851
f 2991 2853 2851
f 2991 2992 2853
f 2992 2995 2853
f 2854 2855 2996
f 2854 2996 2997
f 2854 2997 2850
f 2850 2997 2994
f 2998 2999 2856
f 2998 2856 2995
f 2995 2856 2853
f 2998 3000 2999
f 2996 2857 3001
f 2855 2857 2996
f 3002 2997 2996
f 3001 3002 2996
f 2999 3003 2858
f 2856 2999 2858
f 3004 2999 3000
f 3003 2999 3004
f 3001 2859 3005
f 2857 2859 3001
f 3006 3002 3001
f 3005 3006 3001
f 2858 3003 2860
f 3003 2862 2860
f 3003 3004 2862
f 3004 3007 2862
f 3005 2863 3008
f 2859 2863 3005
f 3009 3006 3005
f 3008 3009 3005
f 2862 3007 2865
f 3007 3010 2865
f 3008 2868 3011
f 2863 2868 3008
f 3012 3009 3008
f 3011 3012 3008
f 3013 3014 2869
f 3013 2869 3010
f 3010 2869 2865
f 3013 3015 3014
f 2871 2872 3016
f 2871 3016 3018
f 2868 2871 3018
f 2868 3018 3017
f 2868 3017 3011
f 3012 3011 3017
f 3014 3019 2873
f 2869 3014 2873
f 3020 3014 3015
f 3019 3014 3020
f 3016 2875 3021
f 2872 2875 3016
f 3022 3018 3016
f 3021 3022 3016
f 3019 3023 2876
f 2873 3019 2876
f 3024 3019 3020
f 3023 3019 3024
f 3021 2878 3025
f 2875 2878 3021
f 3026 3022 3021
f 3025 3026 3021
f 3023 3027 2880
f 2876 3023 2880
f 3028 3023 3024
f 3027 3023 3028
f 3025 2882 3029
f 2878 2882 3025
f 3030 3026 3025
f 3029 3030 3025
f 3027 3031 2884
f 2880 3027 2884
f 3032 3027 3028
f 3031 3027 3032
f 3029 2886 3033
f 2882 2886 3029
f 3034 3030 3029
f 3033 3034 3029
f 3031 3035 2888
f 2884 3031 2888
f 3036 3031 3032
f 3035 3031 3036
f 3033 2890 3037
f 2886 2890 3033
f 3038 3034 3033
f 3037 3038 3033
f 3035 3039 2892
f 2888 3035 2892
f 3040 3035 3036
f 3039 3035 3040
f 2890 2893 3037
f 2895 3042 3041
f 2893 2895 3041
f 2893 3041 3038
f 2893 3038 3037
f 3041 3042 3043
f 3039 3044 2897
f 2892 3039 2897
f 3045 3039 3040
f 3044 3039 3045
f 3042 2899 3046
f 2895 2899 3042
f 3047 3043 3042
f 3046 3047 3042
f 3044 3048 3049
f 3044 3049 2897
f 2897 3049 2901
f 3045 3048 3044
f 3046 2902 3050
f 2899 2902 3046
f 3051 3047 3046
f 3050 3051 3046
f 2901 3049 2904
f 3049 3052 2904
f 3050 2905 3053
f 2902 2905 3050
f 3054 3051 3050
f 3053 3054 3050
f 2906 3055 2907
f 2906 3056 3055
f 2906 2904 3056
f 2904 3052 3056
f 2905 2908 3053
f 2910 3058 3057
f 2908 2910 3057
f 2908 3057 3054
f 2908 3054 3053
f 3057 3058 3059
f 3055 3060 3061
f 3055 3061 2907
f 2907 3061 2911
f 3056 3060 3055
f 3058 2912 3062
f 2910 2912 3058
f 3063 3059 3058
f 3062 3063 3058
f 2911 3061 2915
f 3061 3064 2915
f 2912 2916 3062
f 2917 3066 3065
f 2916 2917 3065
f 2916 3065 3063
f 2916 3063 3062
f 3065 3066 3067
f 2918 3068 2919
f 2918 3069 3068
f 2918 2915 3069
f 2915 3064 3069
f 2917 2920 3066
f 2921 3071 3070
f 2920 2921 3070
f 2920 3070 3067
f 2920 3067 3066
f 3070 3071 3072
f 3068 3073 2922
f 2919 3068 2922
f 3074 3068 3069
f 3073 3068 3074
f 3071 2923 3075
f 2921 2923 3071
f 3076 3072 3071
f 3075 3076 3071
f 2924 3077 2925
f 2924 3079 3077
f 2922 3079 2924
f 2922 3078 3079
f 2922 3073 3078
f 3074 3078 3073
f 2923 2926 3075
f 3075 2926 2927
f 3075 2927 3076
f 3076 2927 3080
f 3077 3081 2928
f 2925 3077 2928
f 3082 3077 3079
f 3081 3077 3082
f 2927 2929 3080
f 3080 2929 3083
f 2930 3084 2931
f 2930 3086 3084
f 2928 3086 2930
f 2928 3085 3086
f 2928 3081 3085
f 3082 3085 3081
f 2929 2932 3083
f 3083 2932 3087
f 3084 3088 2936
f 2931 3084 2936
f 3089 3084 3086
f 3088 3084 3089
f 3090 2937 3091
f 3090 3087 2937
f 3087 2932 2937
f 3090 3091 3092
f 2941 3093 2942
f 2941 2936 3088
f 2941 3088 3093
f 3093 3088 3094
f 3095 3088 3089
f 3094 3088 3095
f 2937 2943 3091
f 3091 2943 2944
f 3091 2944 3092
f 3092 2944 3096
f 2946 3097 2947
f 2946 2942 3093
f 2946 3093 3097
f 3097 3093 3098
f 3094 3099 3093
f 3099 3098 3093
f 3100 3094 3095
f 3099 3094 3100
f 3102 2944 2948
f 3102 3101 2944
f 3101 3096 2944
f 2948 3104 3102
f 2947 3104 2948
f 2947 3103 3104
f 2947 3097 3103
f 3098 3103 3097
f 3105 3103 3098
f 3099 3105 3098
f 3106 3105 3099
f 3100 3106 3099
f 3102 3107 3101
f 3104 3107 3102
f 3110 3109 3108
f 3110 3111 3112
f 3108 3111 3110
f 3111 3113 3112
f 2949 2950 3114
f 2949 3114 2952
f 3117 3116 3115
f 3109 3117 3115
f 3109 3110 3117
f 3110 3118 3117
f 3112 3119 3110
f 3119 3118 3110
f 3120 3112 3113
f 3119 3112 3120
f 3114 3122 3121
f 3114 2950 3122
f 2950 2953 3122
f 2952 3114 3121
f 2952 3121 2954
f 2954 3121 3123
f 3116 3117 2956
f 3116 2956 3123
f 3123 2956 2954
f 2958 2956 3117
f 3118 2958 3117
f 2960 2958 3118
f 2960 3118 3124
f 3124 3118 3119
f 3125 3119 3120
f 3124 3119 3125
f 2953 2962 3122
f 3122 2962 3126
f 3124 3127 2965
f 2960 3124 2965
f 3128 3124 3125
f 3128 3129 3124
f 3129 3127 3124
f 3128 3130 3129
f 2966 2967 3131
f 2966 3131 3132
f 2966 3132 2962
f 2962 3132 3126
f 3127 3133 2969
f 2965 3127 2969
f 3129 3134 3127
f 3134 3133 3127
f 3135 3129 3130
f 3134 3129 3135
f 3131 2970 3136
f 2967 2970 3131
f 3137 3132 3131
f 3136 3137 3131
f 3133 3138 2972
f 2969 3133 2972
f 3134 3139 3133
f 3139 3138 3133
f 3140 3134 3135
f 3139 3134 3140
f 3136 2974 3141
f 2970 2974 3136
f 3142 3137 3136
f 3141 3142 3136
f 2972 3138 2975
f 2977 2975 3138
f 2977 3138 3143
f 3143 3138 3139
f 3144 3139 3140
f 3144 3145 3139
f 3145 3143 3139
f 3144 3146 3145
f 3141 2979 3147
f 2974 2979 3141
f 3148 3142 3141
f 3147 3148 3141
f 3143 3149 2981
f 2977 3143 2981
f 3145 3150 3143
f 3150 3149 3143
f 3151 3145 3146
f 3150 3145 3151
f 2983 2984 3152
f 2983 3152 3154
f 2979 2983 3154
f 2979 3154 3153
f 2979 3153 3147
f 3148 3147 3153
f 2981 3149 2985
f 2987 2985 3149
f 2987 3149 3155
f 3155 3149 3150
f 3156 3150 3151
f 3155 3150 3156
f 2989 2990 3157
f 2989 3152 2984
f 2989 3157 3152
f 3157 3158 3152
f 3159 3154 3152
f 3158 3159 3152
f 3155 3160 2992
f 2987 3155 2992
f 3161 3155 3156
f 3160 3155 3161
f 2993 2994 3162
f 2993 3157 2990
f 2993 3162 3157
f 3162 3163 3157
f 3158 3157 3164
f 3164 3157 3163
f 3165 3159 3158
f 3164 3165 3158
f 3160 3166 2995
f 2992 3160 2995
f 3167 3160 3161
f 3167 3168 3160
f 3168 3166 3160
f 3167 3169 3168
f 3162 2997 3170
f 2994 2997 3162
f 3163 3162 3171
f 3171 3162 3170
f 3164 3163 3172
f 3172 3163 3171
f 3173 3165 3164
f 3172 3173 3164
f 2995 3166 2998
f 3000 2998 3166
f 3000 3166 3174
f 3174 3166 3168
f 3175 3168 3169
f 3174 3168 3175
f 3170 3002 3176
f 2997 3002 3170
f 3171 3170 3177
f 3177 3170 3176
f 3179 3178 3172
f 3179 3172 3177
f 3177 3172 3171
f 3173 3172 3178
f 3174 3180 3004
f 3000 3174 3004
f 3181 3174 3175
f 3180 3174 3181
f 3176 3006 3182
f 3002 3006 3176
f 3177 3176 3183
f 3183 3176 3182
f 3184 3179 3177
f 3183 3184 3177
f 3180 3185 3007
f 3004 3180 3007
f 3186 3180 3181
f 3186 3187 3180
f 3187 3185 3180
f 3186 3188 3187
f 3182 3009 3189
f 3006 3009 3182
f 3183 3182 3190
f 3190 3182 3189
f 3191 3184 3183
f 3190 3191 3183
f 3185 3192 3010
f 3007 3185 3010
f 3187 3193 3185
f 3193 3192 3185
f 3194 3187 3188
f 3193 3187 3194
f 3189 3012 3195
f 3009 3012 3189
f 3197 3196 3190
f 3197 3190 3195
f 3195 3190 3189
f 3191 3190 3196
f 3010 3192 3013
f 3015 3013 3192
f 3015 3192 3198
f 3198 3192 3193
f 3199 3193 3194
f 3198 3193 3199
f 3017 3018 3200
f 3017 3195 3012
f 3017 3200 3195
f 3200 3201 3195
f 3202 3197 3195
f 3201 3202 3195
f 3198 3203 3020
f 3015 3198 3020
f 3204 3198 3199
f 3203 3198 3204
f 3200 3022 3205
f 3018 3022 3200
f 3207 3206 3201
f 3207 3201 3205
f 3205 3201 3200
f 3202 3201 3206
f 3203 3208 3024
f 3020 3203 3024
f 3209 3203 3204
f 3208 3203 3209
f 3205 3026 3210
f 3022 3026 3205
f 3211 3207 3205
f 3210 3211 3205
f 3208 3212 3028
f 3024 3208 3028
f 3213 3208 3209
f 3212 3208 3213
f 3210 3030 3214
f 3026 3030 3210
f 3215 3211 3210
f 3214 3215 3210
f 3212 3216 3032
f 3028 3212 3032
f 3217 3212 3213
f 3216 3212 3217
f 3214 3034 3218
f 3030 3034 3214
f 3219 3215 3214
f 3218 3219 3214
f 3216 3220 3036
f 3032 3216 3036
f 3221 3216 3217
f 3220 3216 3221
f 3218 3038 3222
f 3034 3038 3218
f 3223 3219 3218
f 3223 3218 3224
f 3224 3218 3222
f 3223 3224 3225
f 3220 3226 3040
f 3036 3220 3040
f 3227 3220 3221
f 3226 3220 3227
f 3038 3041 3222
f 3043 3222 3041
f 3043 3228 3222
f 3228 3224 3222
f 3229 3225 3224
f 3228 3229 3224
f 3226 3230 3045
f 3040 3226 3045
f 3231 3226 3227
f 3230 3226 3231
f 3228 3047 3232
f 3043 3047 3228
f 3233 3229 3228
f 3233 3228 3234
f 3234 3228 3232
f 3233 3234 3235
f 3048 3236 3049
f 3048 3238 3236
f 3045 3238 3048
f 3045 3237 3238
f 3045 3230 3237
f 3231 3237 3230
f 3232 3051 3239
f 3047 3051 3232
f 3234 3232 3240
f 3240 3232 3239
f 3241 3235 3234
f 3240 3241 3234
f 3236 3242 3052
f 3049 3236 3052
f 3243 3236 3238
f 3242 3236 3243
f 3239 3054 3244
f 3051 3054 3239
f 3240 3239 3245
f 3245 3239 3244
f 3246 3241 3240
f 3245 3246 3240
f 3242 3247 3056
f 3052 3242 3056
f 3248 3242 3243
f 3247 3242 3248
f 3054 3057 3244
f 3059 3244 3057
f 3059 3249 3244
f 3249 3245 3244
f 3250 3246 3245
f 3250 3245 3251
f 3251 3245 3249
f 3250 3251 3252
f 3060 3253 3061
f 3060 3056 3247
f 3060 3247 3253
f 3253 3247 3254
f 3255 3247 3248
f 3254 3247 3255
f 3249 3063 3256
f 3059 3063 3249
f 3251 3249 3257
f 3257 3249 3256
f 3258 3252 3251
f 3257 3258 3251
f 3253 3259 3064
f 3061 3253 3064
f 3261 3254 3260
f 3261 3259 3254
f 3259 3253 3254
f 3255 3260 3254
f 3063 3065 3256
f 3067 3256 3065
f 3067 3262 3256
f 3262 3257 3256
f 3263 3258 3257
f 3262 3263 3257
f 3259 3264 3069
f 3064 3259 3069
f 3265 3259 3261
f 3264 3259 3265
f 3067 3070 3262
f 3262 3070 3072
f 3262 3072 3263
f 3263 3072 3266
f 3264 3267 3074
f 3069 3264 3074
f 3268 3264 3265
f 3267 3264 3268
f 3269 3076 3270
f 3269 3266 3076
f 3266 3072 3076
f 3269 3270 3271
f 3078 3272 3079
f 3078 3074 3267
f 3078 3267 3272
f 3272 3267 3273
f 3274 3267 3268
f 3273 3267 3274
f 3270 3080 3275
f 3076 3080 3270
f 3276 3271 3270
f 3275 3276 3270
f 3272 3277 3082
f 3079 3272 3082
f 3279 3273 3278
f 3279 3277 3273
f 3277 3272 3273
f 3274 3278 3273
f 3275 3083 3280
f 3080 3083 3275
f 3281 3276 3275
f 3280 3281 3275
f 3085 3282 3086
f 3085 3082 3277
f 3085 3277 3282
f 3282 3277 3283
f 3284 3277 3279
f 3283 3277 3284
f 3280 3087 3285
f 3083 3087 3280
f 3286 3281 3280
f 3285 3286 3280
f 3282 3287 3089
f 3086 3282 3089
f 3283 3288 3282
f 3288 3287 3282
f 3289 3283 3284
f 3288 3283 3289
f 3087 3090 3285
f 3285 3090 3092
f 3285 3092 3286
f 3286 3092 3290
f 3287 3291 3095
f 3089 3287 3095
f 3293 3288 3292
f 3293 3291 3288
f 3291 3287 3288
f 3289 3292 3288
f 3092 3096 3290
f 3290 3096 3294
f 3291 3295 3100
f 3095 3291 3100
f 3296 3291 3293
f 3295 3291 3296
f 3297 3101 3298
f 3297 3294 3101
f 3294 3096 3101
f 3298 3104 3103
f 3298 3103 3297
f 3297 3103 3299
f 3301 3300 3299
f 3301 3299 3105
f 3105 3299 3103
f 3105 3106 3302
f 3301 3105 3302
f 3106 3100 3295
f 3106 3295 3302
f 3302 3295 3303
f 3304 3295 3296
f 3303 3295 3304
f 3101 3107 3298
f 3104 3298 3107
f 3301 3305 3300
f 3305 3307 3306
f 3305 3301 3307
f 3301 3302 3307
f 3303 3308 3302
f 3308 3307 3302
f 3309 3303 3304
f 3308 3303 3309
f 3307 3310 3306
f 3308 3310 3307
f 3311 3310 3308
f 3309 3311 3308
f 3314 3313 3312
f 3314 3315 3316
f 3312 3315 3314
f 3315 3317 3316
f 3108 3313 3314
f 3108 3109 3313
f 3109 3318 3313
f 3111 3108 3314
f 3316 3111 3314
f 3113 3319 3320
f 3111 3319 3113
f 3111 3317 3319
f 3111 3316 3317
f 3319 3321 3320
f 3115 3323 3322
f 3116 3323 3115
f 3318 3109 3115
f 3322 3318 3115
f 3320 3324 3120
f 3113 3320 3120
f 3325 3320 3321
f 3324 3320 3325
f 3121 3122 3326
f 3328 3121 3326
f 3328 3327 3121
f 3327 3123 3121
f 3323 3116 3123
f 3327 3323 3123
f 3324 3329 3125
f 3120 3324 3125
f 3330 3324 3325
f 3329 3324 3330
f 3326 3332 3331
f 3326 3122 3332
f 3122 3126 3332
f 3328 3326 3331
f 3125 3329 3128
f 3130 3333 3334
f 3128 3333 3130
f 3128 3330 3333
f 3128 3329 3330
f 3333 3335 3334
f 3126 3132 3332
f 3332 3132 3336
f 3334 3337 3135
f 3130 3334 3135
f 3338 3334 3335
f 3337 3334 3338
f 3132 3137 3336
f 3336 3137 3339
f 3337 3340 3140
f 3135 3337 3140
f 3341 3337 3338
f 3340 3337 3341
f 3137 3142 3339
f 3339 3142 3342
f 3140 3340 3144
f 3146 3343 3344
f 3144 3343 3146
f 3144 3341 3343
f 3144 3340 3341
f 3343 3345 3344
f 3142 3148 3342
f 3342 3148 3346
f 3344 3347 3151
f 3146 3344 3151
f 3348 3344 3345
f 3347 3344 3348
f 3153 3350 3349
f 3154 3350 3153
f 3346 3148 3153
f 3349 3346 3153
f 3347 3351 3156
f 3151 3347 3156
f 3352 3347 3348
f 3351 3347 3352
f 3154 3159 3350
f 3350 3159 3353
f 3351 3354 3161
f 3156 3351 3161
f 3355 3351 3352
f 3354 3351 3355
f 3159 3165 3353
f 3353 3165 3356
f 3161 3354 3167
f 3169 3357 3358
f 3167 3357 3169
f 3167 3355 3357
f 3167 3354 3355
f 3357 3359 3358
f 3165 3173 3356
f 3356 3173 3360
f 3358 3361 3175
f 3169 3358 3175
f 3362 3358 3359
f 3361 3358 3362
f 3178 3179 3363
f 3178 3363 3364
f 3178 3364 3173
f 3173 3364 3360
f 3361 3365 3181
f 3175 3361 3181
f 3366 3361 3362
f 3365 3361 3366
f 3363 3184 3367
f 3179 3184 3363
f 3368 3364 3363
f 3367 3368 3363
f 3181 3365 3186
f 3188 3369 3370
f 3186 3369 3188
f 3186 3366 3369
f 3186 3365 3366
f 3369 3371 3370
f 3367 3191 3372
f 3184 3191 3367
f 3373 3368 3367
f 3372 3373 3367
f 3370 3374 3194
f 3188 3370 3194
f 3375 3370 3371
f 3374 3370 3375
f 3196 3197 3376
f 3196 3372 3191
f 3196 3376 3372
f 3376 3377 3372
f 3378 3373 3372
f 3377 3378 3372
f 3374 3379 3199
f 3194 3374 3199
f 3380 3374 3375
f 3379 3374 3380
f 3376 3202 3381
f 3197 3202 3376
f 3383 3382 3377
f 3383 3377 3381
f 3381 3377 3376
f 3378 3377 3382
f 3379 3384 3204
f 3199 3379 3204
f 3385 3379 3380
f 3384 3379 3385
f 3206 3207 3386
f 3206 3386 3388
f 3202 3206 3388
f 3202 3388 3387
f 3202 3387 3381
f 3383 3381 3387
f 3384 3389 3209
f 3204 3384 3209
f 3390 3384 3385
f 3389 3384 3390
f 3386 3211 3391
f 3207 3211 3386
f 3392 3388 3386
f 3391 3392 3386
f 3389 3393 3213
f 3209 3389 3213
f 3394 3389 3390
f 3393 3389 3394
f 3391 3215 3395
f 3211 3215 3391
f 3396 3392 3391
f 3395 3396 3391
f 3393 3397 3217
f 3213 3393 3217
f 3398 3393 3394
f 3397 3393 3398
f 3395 3219 3399
f 3215 3219 3395
f 3400 3396 3395
f 3400 3395 3401
f 3401 3395 3399
f 3400 3401 3402
f 3397 3403 3221
f 3217 3397 3221
f 3404 3397 3398
f 3403 3397 3404
f 3219 3223 3399
f 3225 3399 3223
f 3225 3405 3399
f 3405 3401 3399
f 3406 3402 3401
f 3405 3406 3401
f 3403 3407 3227
f 3221 3403 3227
f 3408 3403 3404
f 3407 3403 3408
f 3405 3229 3409
f 3225 3229 3405
f 3410 3406 3405
f 3410 3405 3411
f 3411 3405 3409
f 3410 3411 3412
f 3407 3413 3414
f 3407 3414 3227
f 3227 3414 3231
f 3408 3413 3407
f 3229 3233 3409
f 3235 3409 3233
f 3235 3415 3409
f 3415 3411 3409
f 3416 3412 3411
f 3415 3416 3411
f 3237 3417 3238
f 3237 3418 3417
f 3237 3231 3418
f 3231 3414 3418
f 3415 3241 3419
f 3235 3241 3415
f 3420 3416 3415
f 3419 3420 3415
f 3417 3421 3243
f 3238 3417 3243
f 3422 3417 3418
f 3421 3417 3422
f 3419 3246 3423
f 3241 3246 3419
f 3424 3420 3419
f 3423 3424 3419
f 3421 3425 3248
f 3243 3421 3248
f 3426 3421 3422
f 3425 3421 3426
f 3246 3250 3423
f 3423 3250 3252
f 3423 3252 3424
f 3424 3252 3427
f 3425 3428 3429
f 3425 3429 3248
f 3248 3429 3255
f 3426 3428 3425
f 3252 3258 3427
f 3427 3258 3430
f 3260 3431 3261
f 3260 3432 3431
f 3260 3255 3432
f 3255 3429 3432
f 3258 3263 3430
f 3430 3263 3433
f 3431 3434 3265
f 3261 3431 3265
f 3435 3431 3432
f 3434 3431 3435
f 3436 3266 3437
f 3436 3433 3266
f 3433 3263 3266
f 3436 3437 3438
f 3434 3439 3268
f 3265 3434 3268
f 3440 3434 3435
f 3439 3434 3440
f 3266 3269 3437
f 3437 3269 3271
f 3437 3271 3438
f 3438 3271 3441
f 3439 3442 3443
f 3439 3443 3268
f 3268 3443 3274
f 3440 3442 3439
f 3271 3276 3441
f 3441 3276 3444
f 3278 3445 3279
f 3278 3446 3445
f 3278 3274 3446
f 3274 3443 3446
f 3276 3281 3444
f 3444 3281 3447
f 3445 3448 3284
f 3279 3445 3284
f 3449 3445 3446
f 3448 3445 3449
f 3281 3286 3447
f 3447 3286 3450
f 3448 3451 3289
f 3284 3448 3289
f 3452 3448 3449
f 3451 3448 3452
f 3286 3290 3450
f 3450 3290 3453
f 3292 3454 3293
f 3292 3456 3454
f 3289 3456 3292
f 3289 3455 3456
f 3289 3451 3455
f 3452 3455 3451
f 3457 3294 3458
f 3457 3453 3294
f 3453 3290 3294
f 3457 3458 3459
f 3454 3460 3296
f 3293 3454 3296
f 3461 3454 3456
f 3460 3454 3461
f 3294 3297 3458
f 3458 3462 3459
f 3458 3297 3462
f 3297 3299 3462
f 3462 3299 3300
f 3463 3462 3300
f 3460 3464 3304
f 3296 3460 3304
f 3465 3460 3461
f 3464 3460 3465
f 3300 3466 3463
f 3305 3466 3300
f 3466 3305 3306
f 3467 3466 3306
f 3464 3468 3309
f 3304 3464 3309
f 3469 3464 3465
f 3468 3464 3469
f 3471 3306 3310
f 3471 3470 3306
f 3470 3467 3306
f 3310 3311 3472
f 3471 3310 3472
f 3311 3474 3472
f 3309 3474 3311
f 3309 3473 3474
f 3309 3468 3473
f 3469 3473 3468
f 3471 3475 3470
f 3472 3475 3471
f 3476 3475 3472
f 3474 3476 3472
f 3479 3478 3477
f 3479 3480 3481
f 3477 3480 3479
f 3481 3482 3483
f 3480 3482 3481
f 3482 3484 3483
f 3312 3478 3479
f 3312 3313 3478
f 3313 3485 3478
f 3315 3312 3479
f 3481 3315 3479
f 3317 3315 3481
f 3317 3481 3486
f 3486 3481 3483
f 3487 3483 3484
f 3486 3483 3487
f 3490 3489 3488
f 3490 3488 3485
f 3490 3485 3318
f 3318 3485 3313
f 3317 3486 3319
f 3321 3491 3492
f 3319 3491 3321
f 3319 3487 3491
f 3319 3486 3487
f 3491 3493 3492
f 3322 3489 3490
f 3322 3323 3489
f 3323 3494 3489
f 3318 3322 3490
f 3492 3495 3325
f 3321 3492 3325
f 3496 3492 3493
f 3495 3492 3496
f 3327 3498 3497
f 3328 3498 3327
f 3494 3323 3327
f 3497 3494 3327
f 3495 3499 3330
f 3325 3495 3330
f 3500 3495 3496
f 3499 3495 3500
f 3331 3502 3501
f 3332 3502 3331
f 3498 3328 3331
f 3501 3498 3331
f 3330 3499 3333
f 3499 3335 3333
f 3499 3500 3335
f 3500 3503 3335
f 3332 3336 3502
f 3502 3336 3504
f 3505 3506 3338
f 3505 3338 3503
f 3503 3338 3335
f 3505 3507 3506
f 3336 3339 3504
f 3504 3339 3508
f 3506 3509 3341
f 3338 3506 3341
f 3510 3506 3507
f 3509 3506 3510
f 3339 3342 3508
f 3508 3342 3511
f 3341 3509 3343
f 3509 3345 3343
f 3509 3510 3345
f 3510 3512 3345
f 3342 3346 3511
f 3511 3346 3513
f 3514 3515 3348
f 3514 3348 3512
f 3512 3348 3345
f 3514 3516 3515
f 3349 3518 3517
f 3350 3518 3349
f 3513 3346 3349
f 3517 3513 3349
f 3515 3519 3352
f 3348 3515 3352
f 3520 3515 3516
f 3519 3515 3520
f 3350 3353 3518
f 3518 3353 3521
f 3519 3522 3355
f 3352 3519 3355
f 3523 3519 3520
f 3522 3519 3523
f 3353 3356 3521
f 3521 3356 3524
f 3355 3522 3357
f 3359 3525 3526
f 3357 3525 3359
f 3357 3523 3525
f 3357 3522 3523
f 3525 3527 3526
f 3356 3360 3524
f 3524 3360 3528
f 3526 3529 3362
f 3359 3526 3362
f 3530 3526 3527
f 3529 3526 3530
f 3360 3364 3528
f 3528 3364 3531
f 3529 3532 3366
f 3362 3529 3366
f 3533 3529 3530
f 3532 3529 3533
f 3364 3368 3531
f 3531 3368 3534
f 3366 3532 3369
f 3532 3371 3369
f 3532 3533 3371
f 3533 3535 3371
f 3368 3373 3534
f 3534 3373 3536
f 3371 3535 3375
f 3535 3537 3375
f 3373 3378 3536
f 3536 3378 3538
f 3539 3540 3380
f 3539 3380 3537
f 3537 3380 3375
f 3539 3541 3540
f 3382 3543 3542
f 3383 3543 3382
f 3538 3378 3382
f 3542 3538 3382
f 3540 3544 3385
f 3380 3540 3385
f 3545 3540 3541
f 3544 3540 3545
f 3387 3388 3546
f 3387 3546 3547
f 3387 3547 3383
f 3383 3547 3543
f 3544 3548 3390
f 3385 3544 3390
f 3549 3544 3545
f 3548 3544 3549
f 3546 3392 3550
f 3388 3392 3546
f 3551 3547 3546
f 3550 3551 3546
f 3548 3552 3394
f 3390 3548 3394
f 3553 3548 3549
f 3552 3548 3553
f 3550 3396 3554
f 3392 3396 3550
f 3555 3551 3550
f 3554 3555 3550
f 3552 3556 3398
f 3394 3552 3398
f 3557 3552 3553
f 3556 3552 3557
f 3396 3400 3554
f 3554 3400 3402
f 3554 3402 3555
f 3555 3402 3558
f 3556 3559 3560
f 3556 3560 3398
f 3398 3560 3404
f 3557 3559 3556
f 3402 3406 3558
f 3558 3406 3561
f 3404 3560 3408
f 3560 3562 3408
f 3406 3563 3561
f 3410 3563 3406
f 3563 3410 3412
f 3564 3563 3412
f 3413 3565 3414
f 3413 3566 3565
f 3413 3408 3566
f 3408 3562 3566
f 3412 3416 3564
f 3564 3416 3567
f 3565 3568 3418
f 3414 3565 3418
f 3569 3565 3566
f 3568 3565 3569
f 3416 3420 3567
f 3567 3420 3570
f 3568 3571 3422
f 3418 3568 3422
f 3572 3568 3569
f 3571 3568 3572
f 3420 3424 3570
f 3570 3424 3573
f 3571 3574 3575
f 3571 3575 3422
f 3422 3575 3426
f 3572 3574 3571
f 3424 3427 3573
f 3573 3427 3576
f 3428 3577 3429
f 3428 3578 3577
f 3428 3426 3578
f 3426 3575 3578
f 3427 3430 3576
f 3576 3430 3579
f 3577 3580 3432
f 3429 3577 3432
f 3581 3577 3578
f 3580 3577 3581
f 3582 3433 3583
f 3582 3579 3433
f 3579 3430 3433
f 3582 3583 3584
f 3580 3585 3435
f 3432 3580 3435
f 3586 3580 3581
f 3585 3580 3586
f 3433 3436 3583
f 3583 3436 3438
f 3583 3438 3584
f 3584 3438 3587
f 3585 3588 3589
f 3585 3589 3435
f 3435 3589 3440
f 3586 3588 3585
f 3438 3441 3587
f 3587 3441 3590
f 3442 3591 3443
f 3442 3592 3591
f 3442 3440 3592
f 3440 3589 3592
f 3441 3444 3590
f 3590 3444 3593
f 3591 3594 3446
f 3443 3591 3446
f 3595 3591 3592
f 3594 3591 3595
f 3444 3447 3593
f 3593 3447 3596
f 3594 3597 3449
f 3446 3594 3449
f 3598 3594 3595
f 3597 3594 3598
f 3447 3450 3596
f 3596 3450 3599
f 3597 3600 3601
f 3597 3601 3449
f 3449 3601 3452
f 3598 3600 3597
f 3602 3453 3603
f 3602 3599 3453
f 3599 3450 3453
f 3602 3603 3604
f 3455 3605 3456
f 3455 3606 3605
f 3455 3452 3606
f 3452 3601 3606
f 3453 3457 3603
f 3603 3457 3459
f 3603 3459 3604
f 3604 3459 3607
f 3605 3608 3461
f 3456 3605 3461
f 3609 3605 3606
f 3608 3605 3609
f 3459 3610 3607
f 3462 3610 3459
f 3610 3462 3463
f 3611 3610 3463
f 3608 3612 3465
f 3461 3608 3465
f 3613 3608 3609
f 3612 3608 3613
f 3615 3463 3466
f 3615 3614 3463
f 3614 3611 3463
f 3466 3467 3615
f 3612 3616 3617
f 3612 3617 3465
f 3465 3617 3469
f 3613 3616 3612
f 3615 3618 3614
f 3618 3615 3467
f 3618 3467 3619
f 3619 3467 3470
f 3473 3620 3474
f 3473 3621 3620
f 3473 3469 3621
f 3469 3617 3621
f 3623 3470 3475
f 3623 3622 3470
f 3622 3619 3470
f 3475 3476 3624
f 3623 3475 3624
f 3476 3474 3620
f 3476 3620 3624
f 3624 3620 3625
f 3626 3620 3621
f 3625 3620 3626
f 3623 3627 3622
f 3624 3627 3623
f 3628 3627 3624
f 3625 3628 3624
f 3629 3628 3625
f 3626 3629 3625
f 3632 3631 3630
f 3632 3633 3634
f 3630 3633 3632
f 3633 3635 3634
f 3477 3637 3636
f 3478 3637 3477
f 3631 3632 3480
f 3631 3480 3636
f 3636 3480 3477
f 3482 3480 3632
f 3634 3482 3632
f 3484 3638 3639
f 3482 3638 3484
f 3482 3635 3638
f 3482 3634 3635
f 3638 3640 3639
f 3478 3485 3637
f 3637 3485 3641
f 3639 3642 3487
f 3484 3639 3487
f 3643 3639 3640
f 3642 3639 3643
f 3488 3645 3644
f 3489 3645 3488
f 3641 3485 3488
f 3644 3641 3488
f 3487 3642 3491
f 3642 3493 3491
f 3642 3643 3493
f 3643 3646 3493
f 3489 3494 3645
f 3645 3494 3647
f 3648 3649 3496
f 3648 3496 3646
f 3646 3496 3493
f 3648 3650 3649
f 3497 3652 3651
f 3498 3652 3497
f 3647 3494 3497
f 3651 3647 3497
f 3649 3653 3500
f 3496 3649 3500
f 3654 3649 3650
f 3653 3649 3654
f 3501 3502 3655
f 3501 3655 3656
f 3501 3656 3498
f 3498 3656 3652
f 3653 3657 3503
f 3500 3653 3503
f 3658 3653 3654
f 3657 3653 3658
f 3655 3504 3659
f 3502 3504 3655
f 3660 3656 3655
f 3659 3660 3655
f 3503 3657 3505
f 3657 3507 3505
f 3657 3658 3507
f 3658 3661 3507
f 3659 3663 3662
f 3659 3504 3663
f 3504 3508 3663
f 3660 3659 3662
f 3664 3665 3510
f 3664 3510 3661
f 3661 3510 3507
f 3664 3666 3665
f 3508 3511 3663
f 3663 3511 3667
f 3665 3668 3512
f 3510 3665 3512
f 3669 3665 3666
f 3668 3665 3669
f 3511 3513 3667
f 3667 3513 3670
f 3512 3668 3514
f 3668 3516 3514
f 3668 3669 3516
f 3669 3671 3516
f 3517 3518 3672
f 3517 3672 3673
f 3517 3673 3513
f 3513 3673 3670
f 3674 3675 3520
f 3674 3520 3671
f 3671 3520 3516
f 3674 3676 3675
f 3672 3678 3677
f 3672 3518 3678
f 3518 3521 3678
f 3673 3672 3677
f 3675 3679 3523
f 3520 3675 3523
f 3680 3675 3676
f 3679 3675 3680
f 3521 3524 3678
f 3678 3524 3681
f 3523 3679 3525
f 3679 3527 3525
f 3679 3680 3527
f 3680 3682 3527
f 3524 3528 3681
f 3681 3528 3683
f 3527 3682 3530
f 3682 3684 3530
f 3528 3531 3683
f 3683 3531 3685
f 3686 3687 3533
f 3686 3533 3684
f 3684 3533 3530
f 3686 3688 3687
f 3531 3534 3685
f 3685 3534 3689
f 3687 3690 3535
f 3533 3687 3535
f 3691 3687 3688
f 3690 3687 3691
f 3534 3536 3689
f 3689 3536 3692
f 3690 3693 3537
f 3535 3690 3537
f 3694 3690 3691
f 3693 3690 3694
f 3697 3696 3695
f 3697 3695 3692
f 3697 3692 3538
f 3538 3692 3536
f 3537 3693 3539
f 3693 3541 3539
f 3693 3694 3541
f 3694 3698 3541
f 3542 3696 3697
f 3542 3543 3696
f 3543 3699 3696
f 3538 3542 3697
f 3541 3698 3545
f 3698 3700 3545
f 3543 3547 3699
f 3699 3547 3701
f 3545 3700 3549
f 3700 3702 3549
f 3547 3551 3701
f 3701 3551 3703
f 3549 3702 3553
f 3702 3704 3553
f 3551 3555 3703
f 3703 3555 3705
f 3553 3704 3557
f 3704 3706 3557
f 3555 3558 3705
f 3705 3558 3707
f 3559 3708 3560
f 3559 3709 3708
f 3559 3557 3709
f 3557 3706 3709
f 3558 3561 3707
f 3707 3561 3710
f 3708 3711 3562
f 3560 3708 3562
f 3712 3708 3709
f 3711 3708 3712
f 3561 3713 3710
f 3563 3713 3561
f 3713 3563 3564
f 3714 3713 3564
f 3711 3715 3566
f 3562 3711 3566
f 3716 3711 3712
f 3715 3711 3716
f 3564 3567 3714
f 3714 3567 3717
f 3715 3718 3569
f 3566 3715 3569
f 3719 3715 3716
f 3718 3715 3719
f 3567 3570 3717
f 3717 3570 3720
f 3718 3721 3722
f 3718 3722 3569
f 3569 3722 3572
f 3719 3721 3718
f 3570 3573 3720
f 3720 3573 3723
f 3574 3724 3575
f 3574 3725 3724
f 3574 3572 3725
f 3572 3722 3725
f 3573 3576 3723
f 3723 3576 3726
f 3724 3727 3578
f 3575 3724 3578
f 3728 3724 3725
f 3727 3724 3728
f 3729 3579 3730
f 3729 3726 3579
f 3726 3576 3579
f 3729 3730 3731
f 3727 3732 3581
f 3578 3727 3581
f 3733 3727 3728
f 3732 3727 3733
f 3579 3582 3730
f 3730 3582 3584
f 3730 3584 3731
f 3731 3584 3734
f 3732 3735 3736
f 3732 3736 3581
f 3581 3736 3586
f 3733 3735 3732
f 3584 3587 3734
f 3734 3587 3737
f 3588 3738 3589
f 3588 3739 3738
f 3588 3586 3739
f 3586 3736 3739
f 3587 3590 3737
f 3737 3590 3740
f 3738 3741 3592
f 3589 3738 3592
f 3742 3738 3739
f 3741 3738 3742
f 3590 3593 3740
f 3740 3593 3743
f 3741 3744 3745
f 3741 3745 3592
f 3592 3745 3595
f 3742 3744 3741
f 3593 3596 3743
f 3743 3596 3746
f 3595 3745 3598
f 3745 3747 3598
f 3748 3599 3749
f 3748 3746 3599
f 3746 3596 3599
f 3748 3749 3750
f 3600 3751 3601
f 3600 3752 3751
f 3600 3598 3752
f 3598 3747 3752
f 3599 3602 3749
f 3749 3602 3604
f 3749 3604 3750
f 3750 3604 3753
f 3751 3754 3606
f 3601 3751 3606
f 3755 3751 3752
f 3754 3751 3755
f 3756 3607 3757
f 3756 3753 3607
f 3753 3604 3607
f 3756 3757 3758
f 3754 3759 3760
f 3754 3760 3606
f 3606 3760 3609
f 3755 3759 3754
f 3607 3610 3757
f 3757 3610 3611
f 3757 3611 3758
f 3758 3611 3761
f 3609 3760 3613
f 3760 3762 3613
f 3611 3614 3761
f 3761 3614 3763
f 3616 3764 3617
f 3616 3765 3764
f 3616 3613 3765
f 3613 3762 3765
f 3614 3766 3763
f 3618 3766 3614
f 3766 3618 3619
f 3767 3766 3619
f 3764 3768 3621
f 3617 3764 3621
f 3769 3764 3765
f 3768 3764 3769
f 3619 3622 3767
f 3767 3622 3770
f 3768 3771 3626
f 3621 3768 3626
f 3772 3768 3769
f 3771 3768 3772
f 3622 3773 3770
f 3627 3773 3622
f 3775 3774 3773
f 3775 3773 3628
f 3628 3773 3627
f 3628 3629 3776
f 3775 3628 3776
f 3629 3778 3776
f 3626 3778 3629
f 3626 3777 3778
f 3626 3771 3777
f 3772 3777 3771
f 3775 3779 3774
f 3776 3779 3775
f 3780 3779 3776
f 3778 3780 3776
f 3783 3782 3781
f 3781 3784 3783
f 3787 3786 3785
f 3782 3787 3785
f 3782 3783 3787
f 3783 3788 3787
f 3789 3783 3784
f 3789 3790 3783
f 3790 3788 3783
f 3789 3791 3790
f 3630 3786 3787
f 3630 3631 3786
f 3631 3792 3786
f 3633 3630 3787
f 3788 3633 3787
f 3635 3633 3788
f 3635 3788 3793
f 3793 3788 3790
f 3794 3790 3791
f 3793 3790 3794
f 3636 3796 3795
f 3637 3796 3636
f 3792 3631 3636
f 3795 3792 3636
f 3635 3793 3638
f 3640 3797 3798
f 3638 3797 3640
f 3638 3794 3797
f 3638 3793 3794
f 3797 3799 3798
f 3637 3641 3796
f 3796 3641 3800
f 3798 3801 3643
f 3640 3798 3643
f 3802 3798 3799
f 3801 3798 3802
f 3644 3804 3803
f 3645 3804 3644
f 3800 3641 3644
f 3803 3800 3644
f 3801 3805 3646
f 3643 3801 3646
f 3806 3801 3802
f 3805 3801 3806
f 3645 3647 3804
f 3804 3647 3807
f 3646 3805 3648
f 3805 3650 3648
f 3805 3806 3650
f 3806 3808 3650
f 3651 3652 3809
f 3651 3809 3810
f 3651 3810 3647
f 3647 3810 3807
f 3650 3808 3654
f 3808 3811 3654
f 3809 3813 3812
f 3809 3652 3813
f 3652 3656 3813
f 3810 3809 3812
f 3814 3815 3658
f 3814 3658 3811
f 3811 3658 3654
f 3814 3816 3815
f 3656 3660 3813
f 3813 3660 3817
f 3815 3818 3661
f 3658 3815 3661
f 3819 3815 3816
f 3818 3815 3819
f 3662 3663 3820
f 3662 3820 3821
f 3662 3821 3660
f 3660 3821 3817
f 3661 3818 3664
f 3818 3666 3664
f 3818 3819 3666
f 3819 3822 3666
f 3820 3824 3823
f 3820 3663 3824
f 3663 3667 3824
f 3821 3820 3823
f 3825 3826 3669
f 3825 3669 3822
f 3822 3669 3666
f 3825 3827 3826
f 3667 3670 3824
f 3824 3670 3828
f 3826 3829 3671
f 3669 3826 3671
f 3830 3826 3827
f 3829 3826 3830
f 3670 3673 3828
f 3828 3673 3831
f 3671 3829 3674
f 3829 3676 3674
f 3829 3830 3676
f 3830 3832 3676
f 3677 3678 3833
f 3677 3833 3834
f 3677 3834 3673
f 3673 3834 3831
f 3676 3832 3680
f 3832 3835 3680
f 3833 3837 3836
f 3833 3678 3837
f 3678 3681 3837
f 3834 3833 3836
f 3838 3839 3682
f 3838 3682 3835
f 3835 3682 3680
f 3838 3840 3839
f 3681 3683 3837
f 3837 3683 3841
f 3839 3842 3684
f 3682 3839 3684
f 3843 3839 3840
f 3842 3839 3843
f 3683 3685 3841
f 3841 3685 3844
f 3684 3842 3686
f 3842 3688 3686
f 3842 3843 3688
f 3843 3845 3688
f 3685 3689 3844
f 3844 3689 3846
f 3847 3848 3691
f 3847 3691 3845
f 3845 3691 3688
f 3847 3849 3848
f 3852 3851 3850
f 3852 3850 3846
f 3852 3846 3692
f 3692 3846 3689
f 3848 3853 3694
f 3691 3848 3694
f 3854 3848 3849
f 3853 3848 3854
f 3695 3851 3852
f 3695 3696 3851
f 3696 3855 3851
f 3692 3695 3852
f 3853 3856 3698
f 3694 3853 3698
f 3857 3853 3854
f 3856 3853 3857
f 3696 3699 3855
f 3855 3699 3858
f 3856 3859 3700
f 3698 3856 3700
f 3860 3856 3857
f 3859 3856 3860
f 3699 3701 3858
f 3858 3701 3861
f 3859 3862 3702
f 3700 3859 3702
f 3863 3859 3860
f 3862 3859 3863
f 3701 3703 3861
f 3861 3703 3864
f 3862 3865 3704
f 3702 3862 3704
f 3866 3862 3863
f 3865 3862 3866
f 3703 3705 3864
f 3864 3705 3867
f 3865 3868 3706
f 3704 3865 3706
f 3869 3865 3866
f 3868 3865 3869
f 3705 3707 3867
f 3867 3707 3870
f 3868 3871 3709
f 3706 3868 3709
f 3872 3868 3869
f 3871 3868 3872
f 3707 3710 3870
f 3870 3710 3873
f 3871 3874 3712
f 3709 3871 3712
f 3875 3871 3872
f 3874 3871 3875
f 3710 3876 3873
f 3713 3876 3710
f 3876 3713 3714
f 3877 3876 3714
f 3874 3878 3879
f 3874 3879 3712
f 3712 3879 3716
f 3875 3878 3874
f 3714 3717 3877
f 3877 3717 3880
f 3716 3879 3719
f 3879 3881 3719
f 3717 3720 3880
f 3880 3720 3882
f 3721 3883 3722
f 3721 3884 3883
f 3721 3719 3884
f 3719 3881 3884
f 3720 3723 3882
f 3882 3723 3885
f 3883 3886 3725
f 3722 3883 3725
f 3887 3883 3884
f 3886 3883 3887
f 3723 3726 3885
f 3885 3726 3888
f 3886 3889 3890
f 3886 3890 3725
f 3725 3890 3728
f 3887 3889 3886
f 3726 3891 3888
f 3729 3891 3726
f 3891 3729 3731
f 3892 3891 3731
f 3728 3890 3733
f 3890 3893 3733
f 3731 3734 3892
f 3892 3734 3894
f 3735 3895 3736
f 3735 3896 3895
f 3735 3733 3896
f 3733 3893 3896
f 3734 3737 3894
f 3894 3737 3897
f 3895 3898 3899
f 3895 3899 3736
f 3736 3899 3739
f 3896 3898 3895
f 3737 3740 3897
f 3897 3740 3900
f 3739 3899 3742
f 3899 3901 3742
f 3902 3743 3903
f 3902 3900 3743
f 3900 3740 3743
f 3902 3903 3904
f 3744 3905 3745
f 3744 3906 3905
f 3744 3742 3906
f 3742 3901 3906
f 3903 3746 3907
f 3743 3746 3903
f 3908 3904 3903
f 3907 3908 3903
f 3905 3909 3747
f 3745 3905 3747
f 3910 3905 3906
f 3909 3905 3910
f 3746 3748 3907
f 3907 3748 3750
f 3907 3750 3908
f 3908 3750 3911
f 3909 3912 3913
f 3909 3913 3747
f 3747 3913 3752
f 3910 3912 3909
f 3914 3753 3915
f 3914 3911 3753
f 3911 3750 3753
f 3914 3915 3916
f 3752 3913 3755
f 3913 3917 3755
f 3753 3756 3915
f 3915 3756 3758
f 3915 3758 3916
f 3916 3758 3918
f 3759 3919 3760
f 3759 3920 3919
f 3759 3755 3920
f 3755 3917 3920
f 3758 3761 3918
f 3918 3761 3921
f 3919 3922 3762
f 3760 3919 3762
f 3923 3919 3920
f 3922 3919 3923
f 3924 3763 3925
f 3924 3921 3763
f 3921 3761 3763
f 3924 3925 3926
f 3922 3927 3765
f 3762 3922 3765
f 3928 3922 3923
f 3927 3922 3928
f 3763 3766 3925
f 3925 3766 3767
f 3925 3767 3926
f 3926 3767 3929
f 3927 3930 3769
f 3765 3927 3769
f 3931 3927 3928
f 3930 3927 3931
f 3767 3770 3929
f 3929 3770 3932
f 3930 3933 3934
f 3930 3934 3769
f 3769 3934 3772
f 3931 3933 3930
f 3770 3935 3932
f 3773 3935 3770
f 3935 3773 3774
f 3936 3935 3774
f 3777 3937 3778
f 3777 3938 3937
f 3777 3772 3938
f 3772 3934 3938
f 3940 3774 3779
f 3940 3939 3774
f 3939 3936 3774
f 3779 3780 3941
f 3940 3779 3941
f 3780 3778 3937
f 3780 3937 3941
f 3941 3937 3942
f 3943 3937 3938
f 3942 3937 3943
f 3940 3944 3939
f 3944 3946 3945
f 3944 3940 3946
f 3940 3941 3946
f 3948 3942 3947
f 3948 3946 3942
f 3946 3941 3942
f 3943 3947 3942
f 3946 3949 3945
f 3948 3949 3946
f 3781 3951 3950
f 3782 3951 3781
f 3784 3952 3953
f 3784 3781 3952
f 3781 3950 3952
f 3952 3954 3953
f 3785 3956 3955
f 3786 3956 3785
f 3951 3782 3785
f 3955 3951 3785
f 3784 3953 3789
f 3791 3957 3958
f 3789 3957 3791
f 3789 3954 3957
f 3789 3953 3954
f 3957 3959 3958
f 3786 3792 3956
f 3956 3792 3960
f 3958 3961 3794
f 3791 3958 3794
f 3962 3958 3959
f 3961 3958 3962
f 3795 3964 3963
f 3796 3964 3795
f 3960 3792 3795
f 3963 3960 3795
f 3794 3961 3797
f 3961 3799 3797
f 3961 3962 3799
f 3962 3965 3799
f 3796 3800 3964
f 3964 3800 3966
f 3799 3965 3802
f 3965 3967 3802
f 3803 3804 3968
f 3803 3968 3969
f 3803 3969 3800
f 3800 3969 3966
f 3970 3971 3806
f 3970 3806 3967
f 3967 3806 3802
f 3970 3972 3971
f 3968 3807 3973
f 3804 3807 3968
f 3974 3969 3968
f 3973 3974 3968
f 3971 3975 3808
f 3806 3971 3808
f 3976 3971 3972
f 3975 3971 3976
f 3973 3978 3977
f 3973 3807 3978
f 3807 3810 3978
f 3974 3973 3977
f 3975 3979 3811
f 3808 3975 3811
f 3980 3975 3976
f 3979 3975 3980
f 3812 3813 3981
f 3812 3981 3982
f 3812 3982 3810
f 3810 3982 3978
f 3811 3979 3814
f 3979 3816 3814
f 3979 3980 3816
f 3980 3983 3816
f 3981 3985 3984
f 3981 3813 3985
f 3813 3817 3985
f 3982 3981 3984
f 3816 3983 3819
f 3983 3986 3819
f 3817 3821 3985
f 3985 3821 3987
f 3988 3989 3822
f 3988 3822 3986
f 3986 3822 3819
f 3988 3990 3989
f 3823 3824 3991
f 3823 3991 3992
f 3823 3992 3821
f 3821 3992 3987
f 3822 3989 3825
f 3989 3827 3825
f 3989 3990 3827
f 3990 3993 3827
f 3991 3995 3994
f 3991 3824 3995
f 3824 3828 3995
f 3992 3991 3994
f 3827 3993 3830
f 3993 3996 3830
f 3828 3831 3995
f 3995 3831 3997
f 3998 3999 3832
f 3998 3832 3996
f 3996 3832 3830
f 3998 4000 3999
f 3831 3834 3997
f 3997 3834 4001
f 3999 4002 3835
f 3832 3999 3835
f 4003 3999 4000
f 4002 3999 4003
f 3836 3837 4004
f 3836 4004 4005
f 3836 4005 3834
f 3834 4005 4001
f 3835 4002 3838
f 4002 3840 3838
f 4002 4003 3840
f 4003 4006 3840
f 4004 4008 4007
f 4004 3837 4008
f 3837 3841 4008
f 4005 4004 4007
f 4009 4010 3843
f 4009 3843 4006
f 4006 3843 3840
f 4009 4011 4010
f 3841 3844 4008
f 4008 3844 4012
f 4010 4013 3845
f 3843 4010 3845
f 4014 4010 4011
f 4013 4010 4014
f 3844 3846 4012
f 4012 3846 4015
f 3845 4013 3847
f 4013 3849 3847
f 4013 4014 3849
f 4014 4016 3849
f 3850 3851 4017
f 3850 4017 4018
f 3850 4018 3846
f 3846 4018 4015
f 3849 4016 3854
f 4016 4019 3854
f 4017 4021 4020
f 4017 3851 4021
f 3851 3855 4021
f 4018 4017 4020
f 3854 4019 3857
f 4019 4022 3857
f 3855 3858 4021
f 4021 3858 4023
f 3857 4022 3860
f 4022 4024 3860
f 3858 3861 4023
f 4023 3861 4025
f 3860 4024 3863
f 4024 4026 3863
f 3861 3864 4025
f 4025 3864 4027
f 3863 4026 3866
f 4026 4028 3866
f 3864 3867 4027
f 4027 3867 4029
f 3866 4028 3869
f 4028 4030 3869
f 3867 3870 4029
f 4029 3870 4031
f 3869 4030 3872
f 4030 4032 3872
f 3870 3873 4031
f 4031 3873 4033
f 3872 4032 3875
f 4032 4034 3875
f 3873 4035 4033
f 3876 4035 3873
f 4035 3876 3877
f 4036 4035 3877
f 3878 4037 3879
f 3878 4038 4037
f 3878 3875 4038
f 3875 4034 4038
f 3877 3880 4036
f 4036 3880 4039
f 4037 4040 3881
f 3879 4037 3881
f 4041 4037 4038
f 4040 4037 4041
f 3880 3882 4039
f 4039 3882 4042
f 4040 4043 4044
f 4040 4044 3881
f 3881 4044 3884
f 4041 4043 4040
f 3882 3885 4042
f 4042 3885 4045
f 3884 4044 3887
f 4044 4046 3887
f 4047 3888 4048
f 4047 4045 3888
f 4045 3885 3888
f 4047 4048 4049
f 3889 4050 3890
f 3889 4051 4050
f 3889 3887 4051
f 3887 4046 4051
f 3888 3891 4048
f 4048 3891 3892
f 4048 3892 4049
f 4049 3892 4052
f 4050 4053 3893
f 3890 4050 3893
f 4054 4050 4051
f 4053 4050 4054
f 3892 3894 4052
f 4052 3894 4055
f 4053 4056 4057
f 4053 4057 3893
f 3893 4057 3896
f 4054 4056 4053
f 4058 3897 4059
f 4058 4055 3897
f 4055 3894 3897
f 4058 4059 4060
f 3898 4061 3899
f 3898 4062 4061
f 3898 3896 4062
f 3896 4057 4062
f 4059 3900 4063
f 3897 3900 4059
f 4064 4060 4059
f 4063 4064 4059
f 4061 4065 3901
f 3899 4061 3901
f 4066 4061 4062
f 4065 4061 4066
f 3900 3902 4063
f 4063 3902 3904
f 4063 3904 4064
f 4064 3904 4067
f 4065 4068 4069
f 4065 4069 3901
f 3901 4069 3906
f 4066 4068 4065
f 4070 3908 4071
f 4070 4067 3908
f 4067 3904 3908
f 4070 4071 4072
f 3906 4069 3910
f 4069 4073 3910
f 4071 3911 4074
f 3908 3911 4071
f 4075 4072 4071
f 4074 4075 4071
f 3912 4076 3913
f 3912 4077 4076
f 3912 3910 4077
f 3910 4073 4077
f 3911 3914 4074
f 4074 3914 3916
f 4074 3916 4075
f 4075 3916 4078
f 4076 4079 3917
f 3913 4076 3917
f 4080 4076 4077
f 4079 4076 4080
f 4081 3918 4082
f 4081 4078 3918
f 4078 3916 3918
f 4081 4082 4083
f 4079 4084 4085
f 4079 4085 3917
f 3917 4085 3920
f 4080 4084 4079
f 4082 3921 4086
f 3918 3921 4082
f 4087 4083 4082
f 4086 4087 4082
f 3920 4085 3923
f 4085 4088 3923
f 3921 3924 4086
f 4086 3924 3926
f 4086 3926 4087
f 4087 3926 4089
f 3923 4088 3928
f 4088 4090 3928
f 3926 3929 4089
f 4089 3929 4091
f 3928 4090 3931
f 4090 4092 3931
f 4093 3932 4094
f 4093 4091 3932
f 4091 3929 3932
f 4093 4094 4095
f 3933 4096 3934
f 3933 4097 4096
f 3933 3931 4097
f 3931 4092 4097
f 3932 3935 4094
f 4094 3935 3936
f 4094 3936 4095
f 4095 3936 4098
f 4096 4099 3938
f 3934 4096 3938
f 4100 4096 4097
f 4099 4096 4100
f 3936 3939 4098
f 4098 3939 4101
f 4099 4102 4103
f 4099 4103 3938
f 3938 4103 3943
f 4100 4102 4099
f 3939 4104 4101
f 3944 4104 3939
f 4104 3944 3945
f 4105 4104 3945
f 3947 4106 3948
f 3947 4107 4106
f 3947 3943 4107
f 3943 4103 4107
f 3945 4108 4105
f 3949 4108 3945
f 4106 3949 3948
f 4106 4109 3949
f 4109 4108 3949
f 4107 4109 4106
f 3950 4111 4110
f 3951 4111 3950
f 3952 3950 4112
f 3950 4110 4112
f 3954 4113 4114
f 3954 3952 4113
f 3952 4112 4113
f 4113 4115 4114
f 3955 4117 4116
f 3956 4117 3955
f 4111 3951 3955
f 4116 4111 3955
f 3954 4114 3957
f 4114 3959 3957
f 4114 4115 3959
f 4115 4118 3959
f 3956 3960 4117
f 4117 3960 4119
f 3959 4118 3962
f 4118 4120 3962
f 3963 3964 4121
f 3963 4121 4122
f 3963 4122 3960
f 3960 4122 4119
f 4123 4124 3965
f 4123 3965 4120
f 4120 3965 3962
f 4123 4125 4124
f 4121 4127 4126
f 4121 3964 4127
f 3964 3966 4127
f 4122 4121 4126
f 4124 4128 3967
f 3965 4124 3967
f 4129 4124 4125
f 4128 4124 4129
f 3966 3969 4127
f 4127 3969 4130
f 3967 4128 3970
f 4128 3972 3970
f 4128 4129 3972
f 4129 4131 3972
f 3969 3974 4130
f 4130 3974 4132
f 3972 4131 3976
f 4131 4133 3976
f 3977 3978 4134
f 3977 4134 4135
f 3977 4135 3974
f 3974 4135 4132
f 3976 4133 3980
f 4133 4136 3980
f 4134 4138 4137
f 4134 3978 4138
f 3978 3982 4138
f 4135 4134 4137
f 4139 4140 3983
f 4139 3983 4136
f 4136 3983 3980
f 4139 4141 4140
f 3984 3985 4142
f 3984 4142 4143
f 3984 4143 3982
f 3982 4143 4138
f 4140 4144 3986
f 3983 4140 3986
f 4145 4140 4141
f 4144 4140 4145
f 4142 3987 4146
f 3985 3987 4142
f 4147 4143 4142
f 4146 4147 4142
f 3986 4144 3988
f 4144 3990 3988
f 4144 4145 3990
f 4145 4148 3990
f 4146 4150 4149
f 4146 3987 4150
f 3987 3992 4150
f 4147 4146 4149
f 4151 4152 3993
f 4151 3993 4148
f 4148 3993 3990
f 4151 4153 4152
f 3994 3995 4154
f 3994 4154 4155
f 3994 4155 3992
f 3992 4155 4150
f 4152 4156 3996
f 3993 4152 3996
f 4157 4152 4153
f 4156 4152 4157
f 4154 4159 4158
f 4154 3995 4159
f 3995 3997 4159
f 4155 4154 4158
f 3996 4156 3998
f 4156 4000 3998
f 4156 4157 4000
f 4157 4160 4000
f 3997 4001 4159
f 4159 4001 4161
f 4162 4163 4003
f 4162 4003 4160
f 4160 4003 4000
f 4162 4164 4163
f 4001 4005 4161
f 4161 4005 4165
f 4163 4166 4006
f 4003 4163 4006
f 4167 4163 4164
f 4166 4163 4167
f 4007 4169 4168
f 4008 4169 4007
f 4165 4005 4007
f 4168 4165 4007
f 4006 4166 4009
f 4166 4011 4009
f 4166 4167 4011
f 4167 4170 4011
f 4008 4012 4169
f 4169 4012 4171
f 4011 4170 4014
f 4170 4172 4014
f 4012 4015 4171
f 4171 4015 4173
f 4014 4172 4016
f 4172 4174 4016
f 4015 4018 4173
f 4173 4018 4175
f 4176 4177 4019
f 4176 4019 4174
f 4174 4019 4016
f 4176 4178 4177
f 4020 4180 4179
f 4021 4180 4020
f 4175 4018 4020
f 4179 4175 4020
f 4177 4181 4022
f 4019 4177 4022
f 4182 4177 4178
f 4181 4177 4182
f 4021 4023 4180
f 4180 4023 4183
f 4181 4184 4024
f 4022 4181 4024
f 4185 4181 4182
f 4184 4181 4185
f 4023 4025 4183
f 4183 4025 4186
f 4184 4187 4026
f 4024 4184 4026
f 4188 4184 4185
f 4187 4184 4188
f 4025 4027 4186
f 4186 4027 4189
f 4187 4190 4028
f 4026 4187 4028
f 4191 4187 4188
f 4190 4187 4191
f 4027 4029 4189
f 4189 4029 4192
f 4190 4193 4030
f 4028 4190 4030
f 4194 4190 4191
f 4193 4190 4194
f 4029 4031 4192
f 4192 4031 4195
f 4193 4196 4032
f 4030 4193 4032
f 4197 4193 4194
f 4196 4193 4197
f 4031 4033 4195
f 4195 4033 4198
f 4196 4199 4034
f 4032 4196 4034
f 4200 4196 4197
f 4199 4196 4200
f 4033 4201 4198
f 4035 4201 4033
f 4201 4035 4036
f 4202 4201 4036
f 4199 4203 4204
f 4199 4204 4034
f 4034 4204 4038
f 4200 4203 4199
f 4036 4039 4202
f 4202 4039 4205
f 4038 4204 4041
f 4204 4206 4041
f 4039 4042 4205
f 4205 4042 4207
f 4043 4208 4044
f 4043 4209 4208
f 4043 4041 4209
f 4041 4206 4209
f 4210 4045 4211
f 4210 4207 4045
f 4207 4042 4045
f 4210 4211 4212
f 4208 4213 4046
f 4044 4208 4046
f 4214 4208 4209
f 4213 4208 4214
f 4045 4047 4211
f 4211 4047 4049
f 4211 4049 4212
f 4212 4049 4215
f 4213 4216 4217
f 4213 4217 4046
f 4046 4217 4051
f 4214 4216 4213
f 4049 4052 4215
f 4215 4052 4218
f 4051 4217 4054
f 4217 4219 4054
f 4220 4055 4221
f 4220 4218 4055
f 4218 4052 4055
f 4220 4221 4222
f 4056 4223 4057
f 4056 4224 4223
f 4056 4054 4224
f 4054 4219 4224
f 4055 4058 4221
f 4221 4058 4060
f 4221 4060 4222
f 4222 4060 4225
f 4223 4226 4062
f 4057 4223 4062
f 4227 4223 4224
f 4226 4223 4227
f 4060 4064 4225
f 4225 4064 4228
f 4226 4229 4230
f 4226 4230 4062
f 4062 4230 4066
f 4227 4229 4226
f 4231 4067 4232
f 4231 4228 4067
f 4228 4064 4067
f 4231 4232 4233
f 4068 4234 4069
f 4068 4235 4234
f 4068 4066 4235
f 4066 4230 4235
f 4067 4070 4232
f 4232 4070 4072
f 4232 4072 4233
f 4233 4072 4236
f 4234 4237 4073
f 4069 4234 4073
f 4238 4234 4235
f 4237 4234 4238
f 4072 4075 4236
f 4236 4075 4239
f 4237 4240 4241
f 4237 4241 4073
f 4073 4241 4077
f 4238 4240 4237
f 4242 4078 4243
f 4242 4239 4078
f 4239 4075 4078
f 4242 4243 4244
f 4077 4241 4080
f 4241 4245 4080
f 4078 4081 4243
f 4243 4081 4083
f 4243 4083 4244
f 4244 4083 4246
f 4084 4247 4085
f 4084 4248 4247
f 4084 4080 4248
f 4080 4245 4248
f 4083 4087 4246
f 4246 4087 4249
f 4247 4250 4088
f 4085 4247 4088
f 4251 4247 4248
f 4250 4247 4251
f 4252 4089 4253
f 4252 4249 4089
f 4249 4087 4089
f 4252 4253 4254
f 4250 4255 4090
f 4088 4250 4090
f 4256 4250 4251
f 4255 4250 4256
f 4253 4091 4257
f 4089 4091 4253
f 4258 4254 4253
f 4257 4258 4253
f 4255 4259 4092
f 4090 4255 4092
f 4260 4255 4256
f 4259 4255 4260
f 4091 4093 4257
f 4257 4093 4095
f 4257 4095 4258
f 4258 4095 4261
f 4259 4262 4263
f 4259 4263 4092
f 4092 4263 4097
f 4260 4262 4259
f 4095 4098 4261
f 4261 4098 4264
f 4097 4263 4100
f 4263 4265 4100
f 4098 4101 4264
f 4264 4101 4266
f 4102 4267 4103
f 4102 4268 4267
f 4102 4100 4268
f 4100 4265 4268
f 4101 4269 4266
f 4104 4269 4101
f 4269 4104 4105
f 4270 4269 4105
f 4267 4271 4107
f 4103 4267 4107
f 4272 4267 4268
f 4271 4267 4272
f 4105 4273 4270
f 4108 4273 4105
f 4109 4274 4108
f 4108 4274 4273
f 4271 4109 4107
f 4271 4275 4109
f 4275 4274 4109
f 4272 4275 4271
f 4278 4277 4276
f 4276 4279 4278
f 4110 4281 4280
f 4111 4281 4110
f 4277 4278 4112
f 4277 4112 4280
f 4280 4112 4110
f 4278 4279 4282
f 4278 4282 4112
f 4112 4282 4113
f 4282 4115 4113
f 4283 4115 4282
f 4116 4117 4284
f 4116 4284 4285
f 4116 4285 4111
f 4111 4285 4281
f 4286 4287 4118
f 4286 4118 4283
f 4283 4118 4115
f 4286 4288 4287
f 4284 4290 4289
f 4284 4117 4290
f 4117 4119 4290
f 4285 4284 4289
f 4287 4291 4120
f 4118 4287 4120
f 4292 4287 4288
f 4291 4287 4292
f 4119 4122 4290
f 4290 4122 4293
f 4120 4291 4123
f 4291 4125 4123
f 4291 4292 4125
f 4292 4294 4125
f 4126 4127 4295
f 4126 4295 4296
f 4126 4296 4122
f 4122 4296 4293
f 4125 4294 4129
f 4294 4297 4129
f 4295 4130 4298
f 4127 4130 4295
f 4299 4296 4295
f 4298 4299 4295
f 4300 4301 4131
f 4300 4131 4297
f 4297 4131 4129
f 4300 4302 4301
f 4298 4304 4303
f 4298 4130 4304
f 4130 4132 4304
f 4299 4298 4303
f 4301 4305 4133
f 4131 4301 4133
f 4306 4301 4302
f 4305 4301 4306
f 4132 4135 4304
f 4304 4135 4307
f 4305 4308 4136
f 4133 4305 4136
f 4309 4305 4306
f 4308 4305 4309
f 4137 4138 4310
f 4137 4310 4311
f 4137 4311 4135
f 4135 4311 4307
f 4136 4308 4139
f 4308 4141 4139
f 4308 4309 4141
f 4309 4312 4141
f 4310 4314 4313
f 4310 4138 4314
f 4138 4143 4314
f 4311 4310 4313
f 4315 4316 4145
f 4315 4145 4312
f 4312 4145 4141
f 4315 4317 4316
f 4143 4147 4314
f 4314 4147 4318
f 4316 4319 4148
f 4145 4316 4148
f 4320 4316 4317
f 4319 4316 4320
f 4149 4150 4321
f 4149 4321 4322
f 4149 4322 4147
f 4147 4322 4318
f 4148 4319 4151
f 4319 4153 4151
f 4319 4320 4153
f 4320 4323 4153
f 4321 4325 4324
f 4321 4150 4325
f 4150 4155 4325
f 4322 4321 4324
f 4153 4323 4157
f 4323 4326 4157
f 4158 4159 4327
f 4158 4327 4328
f 4158 4328 4155
f 4155 4328 4325
f 4329 4330 4160
f 4329 4160 4326
f 4326 4160 4157
f 4329 4331 4330
f 4327 4333 4332
f 4327 4159 4333
f 4159 4161 4333
f 4328 4327 4332
f 4160 4330 4162
f 4330 4164 4162
f 4330 4331 4164
f 4331 4334 4164
f 4161 4165 4333
f 4333 4165 4335
f 4164 4334 4167
f 4334 4336 4167
f 4168 4169 4337
f 4168 4337 4338
f 4168 4338 4165
f 4165 4338 4335
f 4167 4336 4170
f 4336 4339 4170
f 4337 4341 4340
f 4337 4169 4341
f 4169 4171 4341
f 4338 4337 4340
f 4342 4343 4172
f 4342 4172 4339
f 4339 4172 4170
f 4342 4344 4343
f 4171 4173 4341
f 4341 4173 4345
f 4343 4346 4174
f 4172 4343 4174
f 4347 4343 4344
f 4346 4343 4347
f 4173 4175 4345
f 4345 4175 4348
f 4174 4346 4176
f 4346 4178 4176
f 4346 4347 4178
f 4347 4349 4178
f 4179 4351 4350
f 4180 4351 4179
f 4348 4175 4179
f 4350 4348 4179
f 4178 4349 4182
f 4349 4352 4182
f 4180 4183 4351
f 4351 4183 4353
f 4182 4352 4185
f 4352 4354 4185
f 4183 4186 4353
f 4353 4186 4355
f 4185 4354 4188
f 4354 4356 4188
f 4186 4189 4355
f 4355 4189 4357
f 4188 4356 4191
f 4356 4358 4191
f 4189 4192 4357
f 4357 4192 4359
f 4191 4358 4194
f 4358 4360 4194
f 4192 4195 4359
f 4359 4195 4361
f 4194 4360 4197
f 4360 4362 4197
f 4195 4198 4361
f 4361 4198 4363
f 4197 4362 4200
f 4362 4364 4200
f 4198 4365 4363
f 4201 4365 4198
f 4365 4201 4202
f 4366 4365 4202
f 4203 4367 4204
f 4203 4368 4367
f 4203 4200 4368
f 4200 4364 4368
f 4202 4205 4366
f 4366 4205 4369
f 4367 4370 4206
f 4204 4367 4206
f 4371 4367 4368
f 4370 4367 4371
f 4205 4207 4369
f 4369 4207 4372
f 4370 4373 4374
f 4370 4374 4206
f 4206 4374 4209
f 4371 4373 4370
f 4207 4375 4372
f 4210 4375 4207
f 4375 4210 4212
f 4376 4375 4212
f 4209 4374 4214
f 4374 4377 4214
f 4212 4215 4376
f 4376 4215 4378
f 4216 4379 4217
f 4216 4380 4379
f 4216 4214 4380
f 4214 4377 4380
f 4215 4218 4378
f 4378 4218 4381
f 4379 4382 4219
f 4217 4379 4219
f 4383 4379 4380
f 4382 4379 4383
f 4218 4384 4381
f 4220 4384 4218
f 4384 4220 4222
f 4385 4384 4222
f 4382 4386 4387
f 4382 4387 4219
f 4219 4387 4224
f 4383 4386 4382
f 4222 4225 4385
f 4385 4225 4388
f 4224 4387 4227
f 4387 4389 4227
f 4390 4228 4391
f 4390 4388 4228
f 4388 4225 4228
f 4390 4391 4392
f 4229 4393 4230
f 4229 4394 4393
f 4229 4227 4394
f 4227 4389 4394
f 4228 4231 4391
f 4391 4231 4233
f 4391 4233 4392
f 4392 4233 4395
f 4393 4396 4235
f 4230 4393 4235
f 4397 4393 4394
f 4396 4393 4397
f 4233 4236 4395
f 4395 4236 4398
f 4396 4399 4400
f 4396 4400 4235
f 4235 4400 4238
f 4397 4399 4396
f 4401 4239 4402
f 4401 4398 4239
f 4398 4236 4239
f 4401 4402 4403
f 4240 4404 4241
f 4240 4405 4404
f 4240 4238 4405
f 4238 4400 4405
f 4239 4242 4402
f 4402 4242 4244
f 4402 4244 4403
f 4403 4244 4406
f 4404 4407 4245
f 4241 4404 4245
f 4408 4404 4405
f 4407 4404 4408
f 4244 4246 4406
f 4406 4246 4409
f 4407 4410 4248
f 4245 4407 4248
f 4411 4407 4408
f 4410 4407 4411
f 4412 4249 4413
f 4412 4409 4249
f 4409 4246 4249
f 4412 4413 4414
f 4410 4415 4416
f 4410 4416 4248
f 4248 4416 4251
f 4411 4415 4410
f 4249 4252 4413
f 4413 4252 4254
f 4413 4254 4414
f 4414 4254 4417
f 4251 4416 4256
f 4416 4418 4256
f 4254 4258 4417
f 4417 4258 4419
f 4256 4418 4260
f 4418 4420 4260
f 4258 4261 4419
f 4419 4261 4421
f 4262 4422 4263
f 4262 4423 4422
f 4262 4260 4423
f 4260 4420 4423
f 4424 4264 4425
f 4424 4421 4264
f 4421 4261 4264
f 4424 4425 4426
f 4422 4427 4265
f 4263 4422 4265
f 4428 4422 4423
f 4427 4422 4428
f 4425 4266 4429
f 4264 4266 4425
f 4430 4426 4425
f 4429 4430 4425
f 4427 4431 4268
f 4265 4427 4268
f 4432 4427 4428
f 4431 4427 4432
f 4266 4269 4429
f 4429 4269 4270
f 4429 4270 4430
f 4430 4270 4433
f 4431 4434 4435
f 4431 4435 4268
f 4268 4435 4272
f 4432 4434 4431
f 4270 4436 4433
f 4273 4436 4270
f 4438 4437 4436
f 4438 4436 4274
f 4274 4436 4273
f 4440 4438 4274
f 4440 4274 4439
f 4439 4274 4275
f 4435 4275 4272
f 4439 4275 4435
f 4438 4441 4437
f 4440 4441 4438
f 4276 4443 4442
f 4277 4443 4276
f 4279 4444 4445
f 4279 4276 4444
f 4276 4442 4444
f 4444 4446 4445
f 4280 4281 4447
f 4280 4447 4448
f 4280 4448 4277
f 4277 4448 4443
f 4279 4445 4282
f 4445 4283 4282
f 4445 4446 4283
f 4446 4449 4283
f 4447 4451 4450
f 4447 4281 4451
f 4281 4285 4451
f 4448 4447 4450
f 4283 4449 4452
f 4286 4283 4452
f 4452 4288 4286
f 4453 4288 4452
f 4289 4290 4454
f 4289 4454 4455
f 4289 4455 4285
f 4285 4455 4451
f 4288 4453 4292
f 4453 4456 4292
f 4454 4293 4457
f 4290 4293 4454
f 4458 4455 4454
f 4457 4458 4454
f 4459 4460 4294
f 4459 4294 4456
f 4456 4294 4292
f 4459 4461 4460
f 4457 4463 4462
f 4457 4293 4463
f 4293 4296 4463
f 4458 4457 4462
f 4460 4464 4297
f 4294 4460 4297
f 4465 4460 4461
f 4464 4460 4465
f 4296 4299 4463
f 4463 4299 4466
f 4297 4464 4300
f 4464 4302 4300
f 4464 4465 4302
f 4465 4467 4302
f 4303 4304 4468
f 4303 4468 4469
f 4303 4469 4299
f 4299 4469 4466
f 4302 4467 4306
f 4467 4470 4306
f 4468 4472 4471
f 4468 4304 4472
f 4304 4307 4472
f 4469 4468 4471
f 4306 4470 4309
f 4470 4473 4309
f 4307 4311 4472
f 4472 4311 4474
f 4475 4476 4312
f 4475 4312 4473
f 4473 4312 4309
f 4475 4477 4476
f 4313 4314 4478
f 4313 4478 4479
f 4313 4479 4311
f 4311 4479 4474
f 4312 4476 4315
f 4476 4317 4315
f 4476 4477 4317
f 4477 4480 4317
f 4478 4482 4481
f 4478 4314 4482
f 4314 4318 4482
f 4479 4478 4481
f 4317 4480 4320
f 4480 4483 4320
f 4318 4322 4482
f 4482 4322 4484
f 4485 4486 4323
f 4485 4323 4483
f 4483 4323 4320
f 4485 4487 4486
f 4324 4489 4488
f 4325 4489 4324
f 4484 4322 4324
f 4488 4484 4324
f 4486 4490 4326
f 4323 4486 4326
f 4491 4486 4487
f 4490 4486 4491
f 4325 4328 4489
f 4489 4328 4492
f 4326 4490 4329
f 4490 4331 4329
f 4490 4491 4331
f 4491 4493 4331
f 4332 4333 4494
f 4332 4494 4495
f 4332 4495 4328
f 4328 4495 4492
f 4331 4493 4334
f 4493 4496 4334
f 4494 4498 4497
f 4494 4333 4498
f 4333 4335 4498
f 4495 4494 4497
f 4499 4500 4336
f 4499 4336 4496
f 4496 4336 4334
f 4499 4501 4500
f 4335 4338 4498
f 4498 4338 4502
f 4500 4503 4339
f 4336 4500 4339
f 4504 4500 4501
f 4503 4500 4504
f 4340 4506 4505
f 4341 4506 4340
f 4502 4338 4340
f 4505 4502 4340
f 4339 4503 4342
f 4503 4344 4342
f 4503 4504 4344
f 4504 4507 4344
f 4341 4345 4506
f 4506 4345 4508
f 4344 4507 4347
f 4507 4509 4347
f 4345 4348 4508
f 4508 4348 4510
f 4347 4509 4349
f 4509 4511 4349
f 4350 4513 4512
f 4351 4513 4350
f 4510 4348 4350
f 4512 4510 4350
f 4349 4511 4352
f 4511 4514 4352
f 4351 4353 4513
f 4513 4353 4515
f 4352 4514 4354
f 4514 4516 4354
f 4353 4355 4515
f 4515 4355 4517
f 4354 4516 4356
f 4516 4518 4356
f 4355 4357 4517
f 4517 4357 4519
f 4356 4518 4358
f 4518 4520 4358
f 4357 4359 4519
f 4519 4359 4521
f 4358 4520 4360
f 4520 4522 4360
f 4359 4361 4521
f 4521 4361 4523
f 4360 4522 4362
f 4522 4524 4362
f 4361 4363 4523
f 4523 4363 4525
f 4362 4524 4364
f 4524 4526 4364
f 4363 4527 4525
f 4365 4527 4363
f 4527 4365 4366
f 4528 4527 4366
f 4364 4526 4368
f 4526 4529 4368
f 4366 4369 4528
f 4528 4369 4530
f 4368 4529 4371
f 4529 4531 4371
f 4369 4372 4530
f 4530 4372 4532
f 4373 4533 4374
f 4373 4534 4533
f 4373 4371 4534
f 4371 4531 4534
f 4372 4535 4532
f 4375 4535 4372
f 4535 4375 4376
f 4536 4535 4376
f 4533 4537 4538
f 4533 4538 4374
f 4374 4538 4377
f 4534 4537 4533
f 4376 4378 4536
f 4536 4378 4539
f 4377 4538 4380
f 4538 4540 4380
f 4541 4381 4542
f 4541 4539 4381
f 4539 4378 4381
f 4541 4542 4543
f 4380 4540 4383
f 4540 4544 4383
f 4381 4384 4542
f 4542 4384 4385
f 4542 4385 4543
f 4543 4385 4545
f 4386 4546 4387
f 4386 4547 4546
f 4386 4383 4547
f 4383 4544 4547
f 4385 4388 4545
f 4545 4388 4548
f 4546 4549 4389
f 4387 4546 4389
f 4550 4546 4547
f 4549 4546 4550
f 4388 4551 4548
f 4390 4551 4388
f 4551 4390 4392
f 4552 4551 4392
f 4549 4553 4554
f 4549 4554 4389
f 4389 4554 4394
f 4550 4553 4549
f 4392 4395 4552
f 4552 4395 4555
f 4394 4554 4397
f 4554 4556 4397
f 4557 4398 4558
f 4557 4555 4398
f 4555 4395 4398
f 4557 4558 4559
f 4399 4560 4400
f 4399 4561 4560
f 4399 4397 4561
f 4397 4556 4561
f 4398 4401 4558
f 4558 4401 4403
f 4558 4403 4559
f 4559 4403 4562
f 4560 4563 4405
f 4400 4560 4405
f 4564 4560 4561
f 4563 4560 4564
f 4403 4406 4562
f 4562 4406 4565
f 4563 4566 4567
f 4563 4567 4405
f 4405 4567 4408
f 4564 4566 4563
f 4568 4409 4569
f 4568 4565 4409
f 4565 4406 4409
f 4568 4569 4570
f 4408 4567 4411
f 4567 4571 4411
f 4409 4412 4569
f 4569 4412 4414
f 4569 4414 4570
f 4570 4414 4572
f 4415 4573 4416
f 4415 4574 4573
f 4415 4411 4574
f 4411 4571 4574
f 4414 4417 4572
f 4572 4417 4575
f 4573 4576 4418
f 4416 4573 4418
f 4577 4573 4574
f 4576 4573 4577
f 4578 4419 4579
f 4578 4575 4419
f 4575 4417 4419
f 4578 4579 4580
f 4576 4581 4420
f 4418 4576 4420
f 4582 4576 4577
f 4581 4576 4582
f 4579 4421 4583
f 4419 4421 4579
f 4584 4580 4579
f 4583 4584 4579
f 4581 4585 4586
f 4581 4586 4420
f 4420 4586 4423
f 4582 4585 4581
f 4421 4424 4583
f 4583 4424 4426
f 4583 4426 4584
f 4584 4426 4587
f 4423 4586 4428
f 4586 4588 4428
f 4426 4430 4587
f 4587 4430 4589
f 4428 4588 4432
f 4588 4590 4432
f 4591 4433 4592
f 4591 4589 4433
f 4589 4430 4433
f 4591 4592 4593
f 4434 4594 4595
f 4435 4434 4595
f 4590 4434 4432
f 4594 4434 4590
f 4433 4436 4592
f 4592 4436 4437
f 4592 4437 4593
f 4593 4437 4596
f 4439 4597 4440
f 4439 4598 4597
f 4439 4435 4598
f 4435 4595 4598
f 4437 4599 4596
f 4441 4599 4437
f 4597 4441 4440
f 4597 4600 4441
f 4600 4599 4441
f 4598 4600 4597
f 4442 4443 4601
f 4442 4602 4444
f 4601 4602 4442
f 4444 4602 4446
f 4601 4604 4603
f 4601 4443 4604
f 4443 4448 4604
f 4602 4601 4603
f 4605 4602 4603
f 4602 4449 4446
f 4602 4606 4449
f 4602 4605 4606
f 4607 4449 4606
f 4606 4608 4607
f 4450 4451 4609
f 4450 4609 4610
f 4450 4610 4448
f 4448 4610 4604
f 4449 4607 4452
f 4607 4453 4452
f 4607 4608 4453
f 4608 4611 4453
f 4609 4613 4612
f 4609 4451 4613
f 4451 4455 4613
f 4610 4609 4612
f 4614 4615 4456
f 4614 4456 4611
f 4611 4456 4453
f 4614 4616 4615
f 4455 4458 4613
f 4613 4458 4617
f 4456 4615 4459
f 4615 4461 4459
f 4615 4616 4461
f 4616 4618 4461
f 4462 4463 4619
f 4462 4619 4620
f 4462 4620 4458
f 4458 4620 4617
f 4461 4618 4465
f 4618 4621 4465
f 4619 4623 4622
f 4619 4463 4623
f 4463 4466 4623
f 4620 4619 4622
f 4465 4621 4467
f 4621 4624 4467
f 4466 4469 4623
f 4623 4469 4625
f 4626 4627 4470
f 4626 4470 4624
f 4624 4470 4467
f 4626 4628 4627
f 4471 4472 4629
f 4471 4629 4630
f 4471 4630 4469
f 4469 4630 4625
f 4627 4631 4473
f 4470 4627 4473
f 4632 4627 4628
f 4631 4627 4632
f 4629 4634 4633
f 4629 4472 4634
f 4472 4474 4634
f 4630 4629 4633
f 4473 4631 4475
f 4631 4477 4475
f 4631 4632 4477
f 4632 4635 4477
f 4474 4479 4634
f 4634 4479 4636
f 4637 4638 4480
f 4637 4480 4635
f 4635 4480 4477
f 4637 4639 4638
f 4481 4482 4640
f 4481 4640 4641
f 4481 4641 4479
f 4479 4641 4636
f 4638 4642 4483
f 4480 4638 4483
f 4643 4638 4639
f 4642 4638 4643
f 4640 4645 4644
f 4640 4482 4645
f 4482 4484 4645
f 4641 4640 4644
f 4483 4642 4485
f 4642 4487 4485
f 4642 4643 4487
f 4643 4646 4487
f 4488 4489 4647
f 4488 4647 4648
f 4488 4648 4484
f 4484 4648 4645
f 4487 4646 4491
f 4646 4649 4491
f 4647 4651 4650
f 4647 4489 4651
f 4489 4492 4651
f 4648 4647 4650
f 4652 4653 4493
f 4652 4493 4649
f 4649 4493 4491
f 4652 4654 4653
f 4492 4495 4651
f 4651 4495 4655
f 4653 4656 4496
f 4493 4653 4496
f 4657 4653 4654
f 4656 4653 4657
f 4497 4659 4658
f 4498 4659 4497
f 4655 4495 4497
f 4658 4655 4497
f 4496 4656 4499
f 4656 4501 4499
f 4656 4657 4501
f 4657 4660 4501
f 4498 4502 4659
f 4659 4502 4661
f 4501 4660 4504
f 4660 4662 4504
f 4505 4506 4663
f 4505 4663 4664
f 4505 4664 4502
f 4502 4664 4661
f 4504 4662 4507
f 4662 4665 4507
f 4663 4667 4666
f 4663 4506 4667
f 4506 4508 4667
f 4664 4663 4666
f 4668 4669 4509
f 4668 4509 4665
f 4665 4509 4507
f 4668 4670 4669
f 4508 4510 4667
f 4667 4510 4671
f 4669 4672 4511
f 4509 4669 4511
f 4673 4669 4670
f 4672 4669 4673
f 4512 4513 4674
f 4512 4674 4675
f 4512 4675 4510
f 4510 4675 4671
f 4672 4676 4514
f 4511 4672 4514
f 4677 4672 4673
f 4676 4672 4677
f 4674 4679 4678
f 4674 4513 4679
f 4513 4515 4679
f 4675 4674 4678
f 4676 4680 4516
f 4514 4676 4516
f 4681 4676 4677
f 4680 4676 4681
f 4515 4517 4679
f 4679 4517 4682
f 4680 4683 4518
f 4516 4680 4518
f 4684 4680 4681
f 4683 4680 4684
f 4517 4519 4682
f 4682 4519 4685
f 4683 4686 4520
f 4518 4683 4520
f 4687 4683 4684
f 4686 4683 4687
f 4519 4521 4685
f 4685 4521 4688
f 4686 4689 4522
f 4520 4686 4522
f 4690 4686 4687
f 4689 4686 4690
f 4521 4523 4688
f 4688 4523 4691
f 4689 4692 4693
f 4689 4693 4522
f 4522 4693 4524
f 4690 4692 4689
f 4523 4525 4691
f 4691 4525 4694
f 4524 4693 4526
f 4693 4695 4526
f 4525 4696 4694
f 4527 4696 4525
f 4696 4527 4528
f 4697 4696 4528
f 4526 4695 4529
f 4695 4698 4529
f 4528 4530 4697
f 4697 4530 4699
f 4529 4698 4531
f 4698 4700 4531
f 4530 4532 4699
f 4699 4532 4701
f 4531 4700 4534
f 4700 4702 4534
f 4532 4703 4701
f 4535 4703 4532
f 4703 4535 4536
f 4704 4703 4536
f 4537 4705 4538
f 4537 4706 4705
f 4537 4534 4706
f 4534 4702 4706
f 4536 4539 4704
f 4704 4539 4707
f 4705 4708 4540
f 4538 4705 4540
f 4709 4705 4706
f 4708 4705 4709
f 4539 4710 4707
f 4541 4710 4539
f 4710 4541 4543
f 4711 4710 4543
f 4708 4712 4713
f 4708 4713 4540
f 4540 4713 4544
f 4709 4712 4708
f 4543 4545 4711
f 4711 4545 4714
f 4544 4713 4547
f 4713 4715 4547
f 4545 4548 4714
f 4714 4548 4716
f 4547 4715 4550
f 4715 4717 4550
f 4548 4718 4716
f 4551 4718 4548
f 4718 4551 4552
f 4719 4718 4552
f 4553 4720 4554
f 4553 4721 4720
f 4553 4550 4721
f 4550 4717 4721
f 4552 4555 4719
f 4719 4555 4722
f 4720 4723 4556
f 4554 4720 4556
f 4724 4720 4721
f 4723 4720 4724
f 4555 4725 4722
f 4557 4725 4555
f 4725 4557 4559
f 4726 4725 4559
f 4723 4727 4728
f 4723 4728 4556
f 4556 4728 4561
f 4724 4727 4723
f 4559 4562 4726
f 4726 4562 4729
f 4561 4728 4564
f 4728 4730 4564
f 4731 4565 4732
f 4731 4729 4565
f 4729 4562 4565
f 4731 4732 4733
f 4566 4734 4567
f 4566 4735 4734
f 4566 4564 4735
f 4564 4730 4735
f 4565 4568 4732
f 4732 4568 4570
f 4732 4570 4733
f 4733 4570 4736
f 4734 4737 4571
f 4567 4734 4571
f 4738 4734 4735
f 4737 4734 4738
f 4570 4572 4736
f 4736 4572 4739
f 4737 4740 4741
f 4737 4741 4571
f 4571 4741 4574
f 4738 4740 4737
f 4742 4575 4743
f 4742 4739 4575
f 4739 4572 4575
f 4742 4743 4744
f 4574 4741 4577
f 4741 4745 4577
f 4575 4578 4743
f 4743 4578 4580
f 4743 4580 4744
f 4744 4580 4746
f 4577 4745 4582
f 4745 4747 4582
f 4580 4584 4746
f 4746 4584 4748
f 4585 4749 4586
f 4585 4750 4749
f 4585 4582 4750
f 4582 4747 4750
f 4584 4587 4748
f 4748 4587 4751
f 4749 4752 4753
f 4749 4753 4586
f 4586 4753 4588
f 4750 4752 4749
f 4754 4589 4755
f 4754 4751 4589
f 4751 4587 4589
f 4754 4755 4756
f 4588 4753 4590
f 4753 4757 4590
f 4589 4591 4755
f 4755 4591 4593
f 4755 4593 4756
f 4756 4593 4758
f 4594 4759 4595
f 4594 4760 4759
f 4594 4590 4760
f 4590 4757 4760
f 4761 4596 4762
f 4761 4758 4596
f 4758 4593 4596
f 4762 4764 4763
f 4761 4762 4763
f 4759 4765 4763
f 4759 4763 4598
f 4759 4598 4595
f 4598 4763 4764
f 4760 4765 4759
f 4596 4599 4762
f 4600 4762 4599
f 4764 4762 4600
f 4598 4764 4600
f 4603 4604 4766
f 4768 4603 4766
f 4768 4767 4603
f 4767 4605 4603
f 4606 4605 4769
f 4605 4767 4769
f 4769 4608 4606
f 4770 4608 4769
f 4766 4772 4771
f 4766 4604 4772
f 4604 4610 4772
f 4768 4766 4771
f 4608 4770 4611
f 4770 4773 4611
f 4612 4613 4774
f 4612 4774 4775
f 4612 4775 4610
f 4610 4775 4772
f 4611 4773 4776
f 4614 4611 4776
f 4776 4616 4614
f 4777 4616 4776
f 4774 4779 4778
f 4774 4613 4779
f 4613 4617 4779
f 4775 4774 4778
f 4616 4777 4618
f 4777 4780 4618
f 4617 4620 4779
f 4779 4620 4781
f 4782 4783 4621
f 4782 4621 4780
f 4780 4621 4618
f 4782 4784 4783
f 4622 4623 4785
f 4622 4785 4786
f 4622 4786 4620
f 4620 4786 4781
f 4783 4787 4624
f 4621 4783 4624
f 4788 4783 4784
f 4787 4783 4788
f 4785 4790 4789
f 4785 4623 4790
f 4623 4625 4790
f 4786 4785 4789
f 4624 4787 4626
f 4787 4628 4626
f 4787 4788 4628
f 4788 4791 4628
f 4625 4630 4790
f 4790 4630 4792
f 4628 4791 4632
f 4791 4793 4632
f 4633 4634 4794
f 4633 4794 4795
f 4633 4795 4630
f 4630 4795 4792
f 4796 4797 4635
f 4796 4635 4793
f 4793 4635 4632
f 4796 4798 4797
f 4794 4800 4799
f 4794 4634 4800
f 4634 4636 4800
f 4795 4794 4799
f 4635 4797 4637
f 4797 4639 4637
f 4797 4798 4639
f 4798 4801 4639
f 4636 4641 4800
f 4800 4641 4802
f 4639 4801 4643
f 4801 4803 4643
f 4644 4805 4804
f 4645 4805 4644
f 4802 4641 4644
f 4804 4802 4644
f 4806 4807 4646
f 4806 4646 4803
f 4803 4646 4643
f 4806 4808 4807
f 4645 4648 4805
f 4805 4648 4809
f 4807 4810 4649
f 4646 4807 4649
f 4811 4807 4808
f 4810 4807 4811
f 4650 4813 4812
f 4651 4813 4650
f 4809 4648 4650
f 4812 4809 4650
f 4649 4810 4652
f 4810 4654 4652
f 4810 4811 4654
f 4811 4814 4654
f 4651 4655 4813
f 4813 4655 4815
f 4654 4814 4657
f 4814 4816 4657
f 4658 4818 4817
f 4659 4818 4658
f 4815 4655 4658
f 4817 4815 4658
f 4657 4816 4660
f 4816 4819 4660
f 4659 4661 4818
f 4818 4661 4820
f 4821 4822 4662
f 4821 4662 4819
f 4819 4662 4660
f 4821 4823 4822
f 4661 4664 4820
f 4820 4664 4824
f 4822 4825 4665
f 4662 4822 4665
f 4826 4822 4823
f 4825 4822 4826
f 4666 4828 4827
f 4667 4828 4666
f 4824 4664 4666
f 4827 4824 4666
f 4665 4825 4668
f 4825 4670 4668
f 4825 4826 4670
f 4826 4829 4670
f 4667 4671 4828
f 4828 4671 4830
f 4670 4829 4673
f 4829 4831 4673
f 4671 4675 4830
f 4830 4675 4832
f 4673 4831 4677
f 4831 4833 4677
f 4678 4835 4834
f 4679 4835 4678
f 4832 4675 4678
f 4834 4832 4678
f 4677 4833 4681
f 4833 4836 4681
f 4679 4682 4835
f 4835 4682 4837
f 4681 4836 4684
f 4836 4838 4684
f 4682 4685 4837
f 4837 4685 4839
f 4684 4838 4687
f 4838 4840 4687
f 4685 4688 4839
f 4839 4688 4841
f 4687 4840 4690
f 4840 4842 4690
f 4688 4691 4841
f 4841 4691 4843
f 4692 4844 4693
f 4692 4845 4844
f 4692 4690 4845
f 4690 4842 4845
f 4846 4694 4847
f 4846 4843 4694
f 4843 4691 4694
f 4846 4847 4848
f 4844 4849 4695
f 4693 4844 4695
f 4850 4844 4845
f 4849 4844 4850
f 4694 4696 4847
f 4847 4696 4697
f 4847 4697 4848
f 4848 4697 4851
f 4849 4852 4698
f 4695 4849 4698
f 4853 4849 4850
f 4852 4849 4853
f 4697 4699 4851
f 4851 4699 4854
f 4852 4855 4856
f 4852 4856 4698
f 4698 4856 4700
f 4853 4855 4852
f 4699 4701 4854
f 4854 4701 4857
f 4700 4856 4702
f 4856 4858 4702
f 4701 4859 4857
f 4703 4859 4701
f 4859 4703 4704
f 4860 4859 4704
f 4702 4858 4706
f 4858 4861 4706
f 4704 4707 4860
f 4860 4707 4862
f 4706 4861 4709
f 4861 4863 4709
f 4707 4864 4862
f 4710 4864 4707
f 4864 4710 4711
f 4865 4864 4711
f 4712 4866 4713
f 4712 4867 4866
f 4712 4709 4867
f 4709 4863 4867
f 4711 4714 4865
f 4865 4714 4868
f 4866 4869 4715
f 4713 4866 4715
f 4870 4866 4867
f 4869 4866 4870
f 4871 4716 4872
f 4871 4868 4716
f 4868 4714 4716
f 4871 4872 4873
f 4869 4874 4875
f 4869 4875 4715
f 4715 4875 4717
f 4870 4874 4869
f 4716 4718 4872
f 4872 4718 4719
f 4872 4719 4873
f 4873 4719 4876
f 4717 4875 4721
f 4875 4877 4721
f 4878 4722 4879
f 4878 4876 4722
f 4876 4719 4722
f 4878 4879 4880
f 4721 4877 4724
f 4877 4881 4724
f 4722 4725 4879
f 4879 4725 4726
f 4879 4726 4880
f 4880 4726 4882
f 4727 4883 4728
f 4727 4884 4883
f 4727 4724 4884
f 4724 4881 4884
f 4726 4729 4882
f 4882 4729 4885
f 4883 4886 4730
f 4728 4883 4730
f 4887 4883 4884
f 4886 4883 4887
f 4729 4888 4885
f 4731 4888 4729
f 4888 4731 4733
f 4889 4888 4733
f 4886 4890 4891
f 4886 4891 4730
f 4730 4891 4735
f 4887 4890 4886
f 4733 4736 4889
f 4889 4736 4892
f 4735 4891 4738
f 4891 4893 4738
f 4894 4739 4895
f 4894 4892 4739
f 4892 4736 4739
f 4894 4895 4896
f 4740 4897 4741
f 4740 4898 4897
f 4740 4738 4898
f 4738 4893 4898
f 4739 4742 4895
f 4895 4742 4744
f 4895 4744 4896
f 4896 4744 4899
f 4897 4900 4745
f 4741 4897 4745
f 4901 4897 4898
f 4900 4897 4901
f 4744 4746 4899
f 4899 4746 4902
f 4900 4903 4904
f 4900 4904 4745
f 4745 4904 4747
f 4901 4903 4900
f 4905 4748 4906
f 4905 4902 4748
f 4902 4746 4748
f 4905 4906 4907
f 4747 4904 4750
f 4904 4908 4750
f 4906 4751 4909
f 4748 4751 4906
f 4910 4907 4906
f 4909 4910 4906
f 4752 4911 4753
f 4752 4912 4911
f 4752 4750 4912
f 4750 4908 4912
f 4751 4754 4909
f 4909 4754 4756
f 4909 4756 4910
f 4910 4756 4913
f 4911 4914 4915
f 4911 4915 4753
f 4753 4915 4757
f 4912 4914 4911
f 4916 4758 4917
f 4916 4913 4758
f 4913 4756 4758
f 4916 4917 4918
f 4757 4915 4760
f 4915 4919 4760
f 4758 4761 4917
f 4917 4920 4918
f 4917 4761 4920
f 4761 4763 4920
f 4765 4921 4763
f 4763 4921 4920
f 4919 4765 4760
f 4921 4765 4919
f 4767 4923 4922
f 4768 4923 4767
f 4769 4767 4924
f 4767 4922 4924
f 4924 4770 4769
f 4925 4770 4924
f 4771 4927 4926
f 4772 4927 4771
f 4923 4768 4771
f 4926 4923 4771
f 4928 4929 4773
f 4928 4773 4925
f 4925 4773 4770
f 4928 4930 4929
f 4772 4775 4927
f 4927 4775 4931
f 4773 4929 4776
f 4929 4777 4776
f 4929 4930 4777
f 4930 4932 4777
f 4778 4779 4933
f 4778 4933 4934
f 4778 4934 4775
f 4775 4934 4931
f 4935 4936 4780
f 4935 4780 4932
f 4932 4780 4777
f 4935 4937 4936
f 4933 4939 4938
f 4933 4779 4939
f 4779 4781 4939
f 4934 4933 4938
f 4780 4936 4782
f 4936 4784 4782
f 4936 4937 4784
f 4937 4940 4784
f 4781 4786 4939
f 4939 4786 4941
f 4784 4940 4788
f 4940 4942 4788
f 4789 4790 4943
f 4789 4943 4944
f 4789 4944 4786
f 4786 4944 4941
f 4945 4946 4791
f 4945 4791 4942
f 4942 4791 4788
f 4945 4947 4946
f 4943 4949 4948
f 4943 4790 4949
f 4790 4792 4949
f 4944 4943 4948
f 4946 4950 4793
f 4791 4946 4793
f 4951 4946 4947
f 4950 4946 4951
f 4792 4795 4949
f 4949 4795 4952
f 4793 4950 4796
f 4950 4798 4796
f 4950 4951 4798
f 4951 4953 4798
f 4799 4955 4954
f 4800 4955 4799
f 4952 4795 4799
f 4954 4952 4799
f 4798 4953 4801
f 4953 4956 4801
f 4800 4802 4955
f 4955 4802 4957
f 4958 4959 4803
f 4958 4803 4956
f 4956 4803 4801
f 4958 4960 4959
f 4804 4962 4961
f 4805 4962 4804
f 4957 4802 4804
f 4961 4957 4804
f 4803 4959 4806
f 4959 4808 4806
f 4959 4960 4808
f 4960 4963 4808
f 4805 4809 4962
f 4962 4809 4964
f 4808 4963 4811
f 4963 4965 4811
f 4812 4967 4966
f 4813 4967 4812
f 4964 4809 4812
f 4966 4964 4812
f 4811 4965 4814
f 4965 4968 4814
f 4813 4815 4967
f 4967 4815 4969
f 4970 4971 4816
f 4970 4816 4968
f 4968 4816 4814
f 4970 4972 4971
f 4817 4818 4973
f 4817 4973 4974
f 4817 4974 4815
f 4815 4974 4969
f 4971 4975 4819
f 4816 4971 4819
f 4976 4971 4972
f 4975 4971 4976
f 4973 4978 4977
f 4973 4818 4978
f 4818 4820 4978
f 4974 4973 4977
f 4819 4975 4821
f 4975 4823 4821
f 4975 4976 4823
f 4976 4979 4823
f 4820 4824 4978
f 4978 4824 4980
f 4823 4979 4826
f 4979 4981 4826
f 4827 4983 4982
f 4828 4983 4827
f 4980 4824 4827
f 4982 4980 4827
f 4826 4981 4829
f 4981 4984 4829
f 4828 4830 4983
f 4983 4830 4985
f 4829 4984 4831
f 4984 4986 4831
f 4830 4832 4985
f 4985 4832 4987
f 4831 4986 4833
f 4986 4988 4833
f 4834 4835 4989
f 4834 4989 4990
f 4834 4990 4832
f 4832 4990 4987
f 4833 4988 4836
f 4988 4991 4836
f 4989 4993 4992
f 4989 4835 4993
f 4835 4837 4993
f 4990 4989 4992
f 4836 4991 4838
f 4991 4994 4838
f 4837 4839 4993
f 4993 4839 4995
f 4838 4994 4840
f 4994 4996 4840
f 4839 4841 4995
f 4995 4841 4997
f 4840 4996 4842
f 4996 4998 4842
f 4841 4843 4997
f 4997 4843 4999
f 4842 4998 4845
f 4998 5000 4845
f 4843 5001 4999
f 4846 5001 4843
f 5001 4846 4848
f 5002 5001 4848
f 4845 5000 4850
f 5000 5003 4850
f 4848 4851 5002
f 5002 4851 5004
f 4850 5003 4853
f 5003 5005 4853
f 4851 4854 5004
f 5004 4854 5006
f 4855 5007 4856
f 4855 5008 5007
f 4855 4853 5008
f 4853 5005 5008
f 4854 4857 5006
f 5006 4857 5009
f 5007 5010 4858
f 4856 5007 4858
f 5011 5007 5008
f 5010 5007 5011
f 4857 5012 5009
f 4859 5012 4857
f 5012 4859 4860
f 5013 5012 4860
f 5010 5014 5015
f 5010 5015 4858
f 4858 5015 4861
f 5011 5014 5010
f 4860 4862 5013
f 5013 4862 5016
f 4861 5015 4863
f 5015 5017 4863
f 4862 5018 5016
f 4864 5018 4862
f 5018 4864 4865
f 5019 5018 4865
f 4863 5017 4867
f 5017 5020 4867
f 4865 4868 5019
f 5019 4868 5021
f 4867 5020 4870
f 5020 5022 4870
f 4868 5023 5021
f 4871 5023 4868
f 5023 4871 4873
f 5024 5023 4873
f 4874 5025 4875
f 4874 5026 5025
f 4874 4870 5026
f 4870 5022 5026
f 4873 4876 5024
f 5024 4876 5027
f 5025 5028 4877
f 4875 5025 4877
f 5029 5025 5026
f 5028 5025 5029
f 4876 5030 5027
f 4878 5030 4876
f 5030 4878 4880
f 5031 5030 4880
f 5028 5032 5033
f 5028 5033 4877
f 4877 5033 4881
f 5029 5032 5028
f 4880 4882 5031
f 5031 4882 5034
f 4881 5033 4884
f 5033 5035 4884
f 5036 4885 5037
f 5036 5034 4885
f 5034 4882 4885
f 5036 5037 5038
f 4884 5035 4887
f 5035 5039 4887
f 4885 4888 5037
f 5037 4888 4889
f 5037 4889 5038
f 5038 4889 5040
f 4890 5041 4891
f 4890 5042 5041
f 4890 4887 5042
f 4887 5039 5042
f 5043 4892 5044
f 5043 5040 4892
f 5040 4889 4892
f 5043 5044 5045
f 5041 5046 5047
f 5041 5047 4891
f 4891 5047 4893
f 5042 5046 5041
f 4892 4894 5044
f 5044 4894 4896
f 5044 4896 5045
f 5045 4896 5048
f 4893 5047 4898
f 5047 5049 4898
f 4896 4899 5048
f 5048 4899 5050
f 4898 5049 4901
f 5049 5051 4901
f 5052 4902 5053
f 5052 5050 4902
f 5050 4899 4902
f 5052 5053 5054
f 4903 5055 4904
f 4903 5056 5055
f 4903 4901 5056
f 4901 5051 5056
f 4902 4905 5053
f 5053 4905 4907
f 5053 4907 5054
f 5054 4907 5057
f 5055 5058 5059
f 5055 5059 4904
f 4904 5059 4908
f 5056 5058 5055
f 4907 4910 5057
f 5057 4910 5060
f 4908 5059 4912
f 5059 5061 4912
f 5062 4913 5063
f 5062 5060 4913
f 5060 4910 4913
f 5062 5063 5064
f 4914 5065 4915
f 4914 5066 5065
f 4914 4912 5066
f 4912 5061 5066
f 4913 4916 5063
f 5063 4916 4918
f 5063 4918 5064
f 5064 4918 5067
f 5065 5068 5069
f 5065 5069 4915
f 4915 5069 4919
f 5066 5068 5065
f 4918 5070 5067
f 4920 5070 4918
f 4921 5071 4920
f 4920 5071 5070
f 5069 4921 4919
f 5071 4921 5069
f 4922 4923 5072
f 5074 4922 5072
f 5074 5073 4922
f 5073 4924 4922
f 5073 4925 4924
f 5075 4925 5073
f 4926 4927 5076
f 4926 5076 5078
f 4923 4926 5078
f 4923 5078 5077
f 4923 5077 5072
f 5074 5072 5077
f 4925 5075 5079
f 4928 4925 5079
f 5079 4930 4928
f 5080 4930 5079
f 5076 5082 5081
f 5076 4927 5082
f 4927 4931 5082
f 5078 5076 5081
f 4930 5080 4932
f 5080 5083 4932
f 4931 4934 5082
f 5082 4934 5084
f 4932 5083 5085
f 4935 4932 5085
f 5085 4937 4935
f 5086 4937 5085
f 4938 4939 5087
f 4938 5087 5088
f 4938 5088 4934
f 4934 5088 5084
f 4937 5086 4940
f 5086 5089 4940
f 5087 5091 5090
f 5087 4939 5091
f 4939 4941 5091
f 5088 5087 5090
f 5092 5093 4942
f 5092 4942 5089
f 5089 4942 4940
f 5092 5094 5093
f 4941 4944 5091
f 5091 4944 5095
f 4942 5093 4945
f 5093 4947 4945
f 5093 5094 4947
f 5094 5096 4947
f 4948 5098 5097
f 4949 5098 4948
f 5095 4944 4948
f 5097 5095 4948
f 4947 5096 4951
f 5096 5099 4951
f 4949 4952 5098
f 5098 4952 5100
f 5101 5102 4953
f 5101 4953 5099
f 5099 4953 4951
f 5101 5103 5102
f 4954 5105 5104
f 4955 5105 4954
f 5100 4952 4954
f 5104 5100 4954
f 5102 5106 4956
f 4953 5102 4956
f 5107 5102 5103
f 5106 5102 5107
f 4955 4957 5105
f 5105 4957 5108
f 4956 5106 4958
f 5106 4960 4958
f 5106 5107 4960
f 5107 5109 4960
f 4961 4962 5110
f 4961 5110 5111
f 4961 5111 4957
f 4957 5111 5108
f 4960 5109 4963
f 5109 5112 4963
f 5110 5114 5113
f 5110 4962 5114
f 4962 4964 5114
f 5111 5110 5113
f 5115 5116 4965
f 5115 4965 5112
f 5112 4965 4963
f 5115 5117 5116
f 4966 5119 5118
f 4967 5119 4966
f 5114 4964 4966
f 5118 5114 4966
f 5116 5120 4968
f 4965 5116 4968
f 5121 5116 5117
f 5120 5116 5121
f 4967 4969 5119
f 5119 4969 5122
f 4968 5120 4970
f 5120 4972 4970
f 5120 5121 4972
f 5121 5123 4972
f 5126 5125 5124
f 5126 5124 5122
f 5126 5122 4974
f 4974 5122 4969
f 4972 5123 4976
f 5123 5127 4976
f 4977 5125 5126
f 4977 4978 5125
f 4978 5128 5125
f 4974 4977 5126
f 4976 5127 4979
f 5127 5129 4979
f 4978 4980 5128
f 5128 4980 5130
f 4979 5129 4981
f 5129 5131 4981
f 4982 5133 5132
f 4983 5133 4982
f 5130 4980 4982
f 5132 5130 4982
f 4981 5131 4984
f 5131 5134 4984
f 4983 4985 5133
f 5133 4985 5135
f 4984 5134 4986
f 5134 5136 4986
f 4985 4987 5135
f 5135 4987 5137
f 4986 5136 4988
f 5136 5138 4988
f 4987 4990 5137
f 5137 4990 5139
f 4988 5138 4991
f 5138 5140 4991
f 4992 5142 5141
f 4993 5142 4992
f 5139 4990 4992
f 5141 5139 4992
f 4991 5140 4994
f 5140 5143 4994
f 4993 4995 5142
f 5142 4995 5144
f 4994 5143 4996
f 5143 5145 4996
f 4995 4997 5144
f 5144 4997 5146
f 4996 5145 4998
f 5145 5147 4998
f 4997 4999 5146
f 5146 4999 5148
f 4998 5147 5000
f 5147 5149 5000
f 5151 4999 5001
f 5151 5150 4999
f 5150 5148 4999
f 5001 5002 5151
f 5000 5149 5003
f 5149 5152 5003
f 5151 5153 5150
f 5153 5151 5002
f 5153 5002 5154
f 5154 5002 5004
f 5003 5152 5005
f 5152 5155 5005
f 5004 5006 5154
f 5154 5006 5156
f 5005 5155 5008
f 5155 5157 5008
f 5006 5009 5156
f 5156 5009 5158
f 5008 5157 5011
f 5157 5159 5011
f 5161 5009 5012
f 5161 5160 5009
f 5160 5158 5009
f 5012 5013 5161
f 5014 5162 5015
f 5014 5163 5162
f 5014 5011 5163
f 5011 5159 5163
f 5161 5164 5160
f 5164 5161 5013
f 5164 5013 5165
f 5165 5013 5016
f 5162 5166 5017
f 5015 5162 5017
f 5167 5162 5163
f 5166 5162 5167
f 5169 5016 5018
f 5169 5168 5016
f 5168 5165 5016
f 5018 5019 5169
f 5166 5170 5020
f 5017 5166 5020
f 5171 5166 5167
f 5170 5166 5171
f 5169 5172 5168
f 5172 5169 5019
f 5172 5019 5173
f 5173 5019 5021
f 5170 5174 5175
f 5170 5175 5020
f 5020 5175 5022
f 5171 5174 5170
f 5177 5021 5023
f 5177 5176 5021
f 5176 5173 5021
f 5023 5024 5177
f 5022 5175 5026
f 5175 5178 5026
f 5177 5179 5176
f 5179 5177 5024
f 5179 5024 5180
f 5180 5024 5027
f 5026 5178 5029
f 5178 5181 5029
f 5027 5182 5180
f 5030 5182 5027
f 5182 5030 5031
f 5183 5182 5031
f 5032 5184 5033
f 5032 5185 5184
f 5032 5029 5185
f 5029 5181 5185
f 5031 5034 5183
f 5183 5034 5186
f 5184 5187 5035
f 5033 5184 5035
f 5188 5184 5185
f 5187 5184 5188
f 5034 5189 5186
f 5036 5189 5034
f 5189 5036 5038
f 5190 5189 5038
f 5187 5191 5192
f 5187 5192 5035
f 5035 5192 5039
f 5188 5191 5187
f 5038 5040 5190
f 5190 5040 5193
f 5039 5192 5042
f 5192 5194 5042
f 5040 5195 5193
f 5043 5195 5040
f 5195 5043 5045
f 5196 5195 5045
f 5046 5197 5047
f 5046 5198 5197
f 5046 5042 5198
f 5042 5194 5198
f 5045 5048 5196
f 5196 5048 5199
f 5197 5200 5049
f 5047 5197 5049
f 5201 5197 5198
f 5200 5197 5201
f 5202 5050 5203
f 5202 5199 5050
f 5199 5048 5050
f 5202 5203 5204
f 5200 5205 5206
f 5200 5206 5049
f 5049 5206 5051
f 5201 5205 5200
f 5050 5052 5203
f 5203 5052 5054
f 5203 5054 5204
f 5204 5054 5207
f 5051 5206 5056
f 5206 5208 5056
f 5054 5057 5207
f 5207 5057 5209
f 5058 5210 5059
f 5058 5211 5210
f 5058 5056 5211
f 5056 5208 5211
f 5212 5060 5213
f 5212 5209 5060
f 5209 5057 5060
f 5212 5213 5214
f 5210 5215 5216
f 5210 5216 5059
f 5059 5216 5061
f 5211 5215 5210
f 5060 5062 5213
f 5213 5062 5064
f 5213 5064 5214
f 5214 5064 5217
f 5061 5216 5066
f 5216 5218 5066
f 5219 5067 5220
f 5219 5217 5067
f 5217 5064 5067
f 5219 5220 5221
f 5068 5222 5223
f 5069 5068 5223
f 5218 5068 5066
f 5222 5068 5218
f 5067 5070 5220
f 5220 5224 5221
f 5220 5070 5224
f 5070 5071 5224
f 5223 5071 5069
f 5224 5071 5223
f 5073 5074 5225
f 5073 5225 5075
f 5077 5227 5226
f 5078 5227 5077
f 5225 5074 5077
f 5225 5077 5228
f 5228 5077 5226
f 5075 5225 5228
f 5075 5228 5079
f 5079 5228 5229
f 5229 5080 5079
f 5230 5080 5229
f 5081 5082 5231
f 5081 5231 5232
f 5081 5232 5078
f 5078 5232 5227
f 5233 5234 5083
f 5233 5083 5230
f 5230 5083 5080
f 5233 5235 5234
f 5231 5237 5236
f 5231 5082 5237
f 5082 5084 5237
f 5232 5231 5236
f 5083 5234 5085
f 5234 5086 5085
f 5234 5235 5086
f 5235 5238 5086
f 5084 5088 5237
f 5237 5088 5239
f 5086 5238 5089
f 5238 5240 5089
f 5090 5242 5241
f 5091 5242 5090
f 5239 5088 5090
f 5241 5239 5090
f 5089 5240 5243
f 5092 5089 5243
f 5243 5094 5092
f 5244 5094 5243
f 5091 5095 5242
f 5242 5095 5245
f 5094 5244 5096
f 5244 5246 5096
f 5097 5098 5247
f 5097 5247 5248
f 5097 5248 5095
f 5095 5248 5245
f 5096 5246 5099
f 5246 5249 5099
f 5247 5251 5250
f 5247 5098 5251
f 5098 5100 5251
f 5248 5247 5250
f 5099 5249 5252
f 5101 5099 5252
f 5252 5103 5101
f 5253 5103 5252
f 5104 5255 5254
f 5105 5255 5104
f 5251 5100 5104
f 5254 5251 5104
f 5103 5253 5107
f 5253 5256 5107
f 5105 5108 5255
f 5255 5108 5257
f 5107 5256 5109
f 5256 5258 5109
f 5261 5260 5259
f 5261 5259 5257
f 5261 5257 5111
f 5111 5257 5108
f 5262 5263 5112
f 5262 5112 5258
f 5258 5112 5109
f 5262 5264 5263
f 5113 5260 5261
f 5113 5114 5260
f 5114 5265 5260
f 5111 5113 5261
f 5112 5263 5115
f 5263 5117 5115
f 5263 5264 5117
f 5264 5266 5117
f 5118 5268 5267
f 5119 5268 5118
f 5265 5114 5118
f 5267 5265 5118
f 5117 5266 5121
f 5266 5269 5121
f 5119 5122 5268
f 5268 5122 5270
f 5121 5269 5123
f 5269 5271 5123
f 5124 5273 5272
f 5125 5273 5124
f 5270 5122 5124
f 5272 5270 5124
f 5123 5271 5127
f 5271 5274 5127
f 5125 5128 5273
f 5273 5128 5275
f 5127 5274 5129
f 5274 5276 5129
f 5128 5130 5275
f 5275 5130 5277
f 5129 5276 5131
f 5276 5278 5131
f 5132 5133 5279
f 5132 5279 5280
f 5132 5280 5130
f 5130 5280 5277
f 5131 5278 5134
f 5278 5281 5134
f 5279 5283 5282
f 5279 5133 5283
f 5133 5135 5283
f 5280 5279 5282
f 5134 5281 5136
f 5281 5284 5136
f 5135 5137 5283
f 5283 5137 5285
f 5136 5284 5138
f 5284 5286 5138
f 5137 5139 5285
f 5285 5139 5287
f 5138 5286 5140
f 5286 5288 5140
f 5141 5142 5289
f 5141 5289 5290
f 5141 5290 5139
f 5139 5290 5287
f 5140 5288 5143
f 5288 5291 5143
f 5289 5144 5292
f 5142 5144 5289
f 5293 5290 5289
f 5292 5293 5289
f 5143 5291 5145
f 5291 5294 5145
f 5292 5146 5295
f 5144 5146 5292
f 5296 5293 5292
f 5295 5296 5292
f 5145 5294 5147
f 5294 5297 5147
f 5295 5148 5298
f 5146 5148 5295
f 5299 5296 5295
f 5298 5299 5295
f 5147 5297 5149
f 5297 5300 5149
f 5298 5150 5301
f 5148 5150 5298
f 5302 5299 5298
f 5301 5302 5298
f 5149 5300 5152
f 5300 5303 5152
f 5150 5153 5301
f 5301 5153 5154
f 5301 5154 5302
f 5302 5154 5304
f 5152 5303 5155
f 5303 5305 5155
f 5154 5156 5304
f 5304 5156 5306
f 5155 5305 5157
f 5305 5307 5157
f 5308 5158 5309
f 5308 5306 5158
f 5306 5156 5158
f 5308 5309 5310
f 5157 5307 5159
f 5307 5311 5159
f 5309 5160 5312
f 5158 5160 5309
f 5313 5310 5309
f 5312 5313 5309
f 5159 5311 5163
f 5311 5314 5163
f 5160 5164 5312
f 5312 5164 5165
f 5312 5165 5313
f 5313 5165 5315
f 5163 5314 5167
f 5314 5316 5167
f 5165 5168 5315
f 5315 5168 5317
f 5167 5316 5171
f 5316 5318 5171
f 5168 5319 5317
f 5172 5319 5168
f 5319 5172 5173
f 5320 5319 5173
f 5174 5321 5175
f 5174 5322 5321
f 5174 5171 5322
f 5171 5318 5322
f 5173 5176 5320
f 5320 5176 5323
f 5321 5324 5325
f 5321 5325 5175
f 5175 5325 5178
f 5322 5324 5321
f 5176 5326 5323
f 5179 5326 5176
f 5326 5179 5180
f 5327 5326 5180
f 5178 5325 5181
f 5325 5328 5181
f 5330 5180 5182
f 5330 5329 5180
f 5329 5327 5180
f 5182 5183 5330
f 5181 5328 5185
f 5328 5331 5185
f 5330 5332 5329
f 5332 5330 5183
f 5332 5183 5333
f 5333 5183 5186
f 5185 5331 5188
f 5331 5334 5188
f 5186 5335 5333
f 5189 5335 5186
f 5335 5189 5190
f 5336 5335 5190
f 5191 5337 5192
f 5191 5338 5337
f 5191 5188 5338
f 5188 5334 5338
f 5190 5193 5336
f 5336 5193 5339
f 5337 5340 5341
f 5337 5341 5192
f 5192 5341 5194
f 5338 5340 5337
f 5193 5342 5339
f 5195 5342 5193
f 5342 5195 5196
f 5343 5342 5196
f 5194 5341 5198
f 5341 5344 5198
f 5196 5199 5343
f 5343 5199 5345
f 5198 5344 5201
f 5344 5346 5201
f 5199 5347 5345
f 5202 5347 5199
f 5347 5202 5204
f 5348 5347 5204
f 5205 5349 5206
f 5205 5350 5349
f 5205 5201 5350
f 5201 5346 5350
f 5204 5207 5348
f 5348 5207 5351
f 5349 5352 5353
f 5349 5353 5206
f 5206 5353 5208
f 5350 5352 5349
f 5207 5209 5351
f 5351 5209 5354
f 5208 5353 5211
f 5353 5355 5211
f 5209 5356 5354
f 5212 5356 5209
f 5356 5212 5214
f 5357 5356 5214
f 5215 5358 5359
f 5216 5215 5359
f 5355 5215 5211
f 5358 5215 5355
f 5360 5217 5361
f 5360 5357 5217
f 5357 5214 5217
f 5360 5361 5362
f 5216 5359 5218
f 5359 5363 5218
f 5217 5219 5361
f 5221 5365 5364
f 5219 5221 5364
f 5219 5364 5362
f 5219 5362 5361
f 5365 5223 5222
f 5365 5222 5364
f 5364 5222 5366
f 5363 5222 5218
f 5366 5222 5363
f 5221 5224 5365
f 5223 5365 5224
f 5226 5227 5367
f 5369 5226 5367
f 5369 5368 5226
f 5368 5228 5226
f 5371 5368 5370
f 5371 5229 5368
f 5229 5228 5368
f 5229 5371 5230
f 5367 5373 5372
f 5367 5227 5373
f 5227 5232 5373
f 5369 5367 5372
f 5371 5370 5374
f 5376 5374 5375
f 5233 5374 5376
f 5233 5371 5374
f 5233 5230 5371
f 5233 5376 5235
f 5236 5237 5377
f 5236 5377 5378
f 5236 5378 5232
f 5232 5378 5373
f 5376 5375 5379
f 5379 5235 5376
f 5379 5380 5235
f 5380 5238 5235
f 5377 5382 5381
f 5377 5237 5382
f 5237 5239 5382
f 5378 5377 5381
f 5383 5384 5240
f 5383 5240 5380
f 5380 5240 5238
f 5383 5385 5384
f 5241 5242 5386
f 5241 5386 5387
f 5241 5387 5239
f 5239 5387 5382
f 5240 5384 5243
f 5384 5244 5243
f 5384 5385 5244
f 5385 5388 5244
f 5386 5390 5389
f 5386 5242 5390
f 5242 5245 5390
f 5387 5386 5389
f 5244 5388 5246
f 5388 5391 5246
f 5394 5393 5392
f 5394 5392 5390
f 5394 5390 5248
f 5248 5390 5245
f 5395 5396 5249
f 5395 5249 5391
f 5391 5249 5246
f 5395 5397 5396
f 5250 5393 5394
f 5250 5251 5393
f 5251 5398 5393
f 5248 5250 5394
f 5249 5396 5252
f 5396 5253 5252
f 5396 5397 5253
f 5397 5399 5253
f 5254 5401 5400
f 5255 5401 5254
f 5398 5251 5254
f 5400 5398 5254
f 5253 5399 5256
f 5399 5402 5256
f 5255 5257 5401
f 5401 5257 5403
f 5404 5405 5258
f 5404 5258 5402
f 5402 5258 5256
f 5404 5406 5405
f 5259 5408 5407
f 5260 5408 5259
f 5403 5257 5259
f 5407 5403 5259
f 5258 5405 5262
f 5405 5264 5262
f 5405 5406 5264
f 5406 5409 5264
f 5260 5265 5408
f 5408 5265 5410
f 5264 5409 5266
f 5409 5411 5266
f 5267 5413 5412
f 5268 5413 5267
f 5410 5265 5267
f 5412 5410 5267
f 5266 5411 5269
f 5411 5414 5269
f 5268 5270 5413
f 5413 5270 5415
f 5269 5414 5271
f 5414 5416 5271
f 5272 5273 5417
f 5272 5417 5418
f 5272 5418 5270
f 5270 5418 5415
f 5271 5416 5274
f 5416 5419 5274
f 5417 5275 5420
f 5273 5275 5417
f 5421 5418 5417
f 5420 5421 5417
f 5274 5419 5276
f 5419 5422 5276
f 5420 5424 5423
f 5420 5275 5424
f 5275 5277 5424
f 5421 5420 5423
f 5276 5422 5278
f 5422 5425 5278
f 5277 5280 5424
f 5424 5280 5426
f 5278 5425 5281
f 5425 5427 5281
f 5282 5429 5428
f 5283 5429 5282
f 5426 5280 5282
f 5428 5426 5282
f 5281 5427 5284
f 5427 5430 5284
f 5283 5285 5429
f 5429 5285 5431
f 5284 5430 5286
f 5430 5432 5286
f 5285 5287 5431
f 5431 5287 5433
f 5286 5432 5288
f 5432 5434 5288
f 5287 5290 5433
f 5433 5290 5435
f 5288 5434 5291
f 5434 5436 5291
f 5437 5293 5438
f 5437 5435 5293
f 5435 5290 5293
f 5437 5438 5439
f 5291 5436 5294
f 5436 5440 5294
f 5438 5296 5441
f 5293 5296 5438
f 5442 5439 5438
f 5441 5442 5438
f 5294 5440 5297
f 5440 5443 5297
f 5441 5299 5444
f 5296 5299 5441
f 5445 5442 5441
f 5444 5445 5441
f 5297 5443 5300
f 5443 5446 5300
f 5444 5448 5447
f 5444 5299 5448
f 5299 5302 5448
f 5445 5444 5447
f 5300 5446 5303
f 5446 5449 5303
f 5302 5304 5448
f 5448 5304 5450
f 5303 5449 5305
f 5449 5451 5305
f 5452 5306 5453
f 5452 5450 5306
f 5450 5304 5306
f 5452 5453 5454
f 5305 5451 5307
f 5451 5455 5307
f 5306 5308 5453
f 5453 5308 5310
f 5453 5310 5454
f 5454 5310 5456
f 5307 5455 5311
f 5455 5457 5311
f 5310 5313 5456
f 5456 5313 5458
f 5311 5457 5314
f 5457 5459 5314
f 5460 5315 5461
f 5460 5458 5315
f 5458 5313 5315
f 5460 5461 5462
f 5314 5459 5316
f 5459 5463 5316
f 5461 5317 5464
f 5315 5317 5461
f 5465 5462 5461
f 5464 5465 5461
f 5316 5463 5318
f 5463 5466 5318
f 5317 5319 5464
f 5464 5319 5320
f 5464 5320 5465
f 5465 5320 5467
f 5318 5466 5322
f 5466 5468 5322
f 5320 5323 5467
f 5467 5323 5469
f 5324 5470 5325
f 5324 5471 5470
f 5324 5322 5471
f 5322 5468 5471
f 5323 5472 5469
f 5326 5472 5323
f 5472 5326 5327
f 5473 5472 5327
f 5470 5474 5328
f 5325 5470 5328
f 5475 5470 5471
f 5474 5470 5475
f 5327 5329 5473
f 5473 5329 5476
f 5474 5477 5478
f 5474 5478 5328
f 5328 5478 5331
f 5475 5477 5474
f 5329 5479 5476
f 5332 5479 5329
f 5479 5332 5333
f 5480 5479 5333
f 5331 5478 5334
f 5478 5481 5334
f 5483 5333 5335
f 5483 5482 5333
f 5482 5480 5333
f 5335 5336 5483
f 5334 5481 5338
f 5481 5484 5338
f 5483 5485 5482
f 5485 5483 5336
f 5485 5336 5486
f 5486 5336 5339
f 5340 5487 5341
f 5340 5488 5487
f 5340 5338 5488
f 5338 5484 5488
f 5339 5489 5486
f 5342 5489 5339
f 5489 5342 5343
f 5490 5489 5343
f 5487 5491 5492
f 5487 5492 5341
f 5341 5492 5344
f 5488 5491 5487
f 5343 5345 5490
f 5490 5345 5493
f 5344 5492 5346
f 5492 5494 5346
f 5345 5495 5493
f 5347 5495 5345
f 5495 5347 5348
f 5496 5495 5348
f 5346 5494 5350
f 5494 5497 5350
f 5348 5351 5496
f 5496 5351 5498
f 5352 5499 5500
f 5353 5352 5500
f 5497 5352 5350
f 5499 5352 5497
f 5501 5354 5502
f 5501 5498 5354
f 5498 5351 5354
f 5501 5502 5503
f 5353 5500 5355
f 5500 5504 5355
f 5354 5356 5502
f 5502 5356 5357
f 5502 5357 5503
f 5503 5357 5505
f 5358 5506 5507
f 5359 5358 5507
f 5504 5358 5355
f 5506 5358 5504
f 5357 5508 5505
f 5360 5508 5357
f 5508 5360 5362
f 5509 5508 5362
f 5512 5510 5511
f 5512 5507 5510
f 5512 5363 5507
f 5363 5359 5507
f 5362 5513 5509
f 5364 5513 5362
f 5511 5366 5512
f 5511 5513 5366
f 5513 5364 5366
f 5363 5512 5366
f 5368 5369 5514
f 5368 5514 5370
f 5372 5373 5515
f 5372 5515 5517
f 5369 5372 5517
f 5369 5517 5516
f 5369 5516 5514
f 5370 5514 5516
f 5370 5516 5374
f 5374 5516 5518
f 5518 5375 5374
f 5519 5375 5518
f 5515 5521 5520
f 5515 5373 5521
f 5373 5378 5521
f 5517 5515 5520
f 5375 5519 5522
f 5379 5375 5522
f 5522 5380 5379
f 5523 5380 5522
f 5381 5525 5524
f 5382 5525 5381
f 5521 5378 5381
f 5524 5521 5381
f 5380 5523 5526
f 5383 5380 5526
f 5526 5385 5383
f 5527 5385 5526
f 5382 5387 5525
f 5525 5387 5528
f 5385 5527 5388
f 5527 5529 5388
f 5389 5531 5530
f 5390 5531 5389
f 5528 5387 5389
f 5530 5528 5389
f 5388 5529 5391
f 5529 5532 5391
f 5392 5534 5533
f 5393 5534 5392
f 5531 5390 5392
f 5533 5531 5392
f 5391 5532 5535
f 5395 5391 5535
f 5535 5397 5395
f 5536 5397 5535
f 5539 5538 5537
f 5539 5537 5534
f 5539 5534 5398
f 5398 5534 5393
f 5397 5536 5399
f 5536 5540 5399
f 5400 5538 5539
f 5400 5401 5538
f 5401 5541 5538
f 5398 5400 5539
f 5399 5540 5402
f 5540 5542 5402
f 5545 5544 5543
f 5545 5543 5541
f 5545 5541 5403
f 5403 5541 5401
f 5402 5542 5546
f 5404 5402 5546
f 5546 5406 5404
f 5547 5406 5546
f 5407 5544 5545
f 5407 5408 5544
f 5408 5548 5544
f 5403 5407 5545
f 5406 5547 5409
f 5547 5549 5409
f 5408 5410 5548
f 5548 5410 5550
f 5409 5549 5411
f 5549 5551 5411
f 5412 5413 5552
f 5412 5552 5553
f 5412 5553 5410
f 5410 5553 5550
f 5411 5551 5414
f 5551 5554 5414
f 5552 5415 5555
f 5413 5415 5552
f 5556 5553 5552
f 5555 5556 5552
f 5414 5554 5416
f 5554 5557 5416
f 5555 5418 5558
f 5415 5418 5555
f 5559 5556 5555
f 5558 5559 5555
f 5416 5557 5419
f 5557 5560 5419
f 5558 5562 5561
f 5558 5418 5562
f 5418 5421 5562
f 5559 5558 5561
f 5419 5560 5422
f 5560 5563 5422
f 5423 5424 5564
f 5423 5564 5565
f 5423 5565 5421
f 5421 5565 5562
f 5566 5567 5425
f 5566 5425 5563
f 5563 5425 5422
f 5566 5568 5567
f 5564 5570 5569
f 5564 5424 5570
f 5424 5426 5570
f 5565 5564 5569
f 5567 5571 5427
f 5425 5567 5427
f 5572 5567 5568
f 5571 5567 5572
f 5428 5429 5573
f 5428 5573 5574
f 5428 5574 5426
f 5426 5574 5570
f 5571 5575 5430
f 5427 5571 5430
f 5576 5571 5572
f 5575 5571 5576
f 5573 5431 5577
f 5429 5431 5573
f 5578 5574 5573
f 5577 5578 5573
f 5575 5579 5580
f 5575 5580 5430
f 5430 5580 5432
f 5576 5579 5575
f 5577 5433 5581
f 5431 5433 5577
f 5582 5578 5577
f 5581 5582 5577
f 5432 5580 5434
f 5580 5583 5434
f 5581 5435 5584
f 5433 5435 5581
f 5585 5582 5581
f 5584 5585 5581
f 5434 5583 5436
f 5583 5586 5436
f 5435 5437 5584
f 5584 5437 5439
f 5584 5439 5585
f 5585 5439 5587
f 5436 5586 5440
f 5586 5588 5440
f 5589 5442 5590
f 5589 5587 5442
f 5587 5439 5442
f 5589 5590 5591
f 5440 5588 5443
f 5588 5592 5443
f 5590 5594 5593
f 5590 5442 5594
f 5442 5445 5594
f 5591 5590 5593
f 5443 5592 5446
f 5592 5595 5446
f 5447 5448 5596
f 5447 5596 5597
f 5447 5597 5445
f 5445 5597 5594
f 5446 5595 5449
f 5595 5598 5449
f 5596 5450 5599
f 5448 5450 5596
f 5600 5597 5596
f 5599 5600 5596
f 5449 5598 5451
f 5598 5601 5451
f 5450 5452 5599
f 5599 5452 5454
f 5599 5454 5600
f 5600 5454 5602
f 5451 5601 5455
f 5601 5603 5455
f 5454 5456 5602
f 5602 5456 5604
f 5455 5603 5457
f 5603 5605 5457
f 5606 5458 5607
f 5606 5604 5458
f 5604 5456 5458
f 5606 5607 5608
f 5457 5605 5459
f 5605 5609 5459
f 5458 5460 5607
f 5607 5460 5462
f 5607 5462 5608
f 5608 5462 5610
f 5459 5609 5463
f 5609 5611 5463
f 5612 5465 5613
f 5612 5610 5465
f 5610 5462 5465
f 5612 5613 5614
f 5463 5611 5466
f 5611 5615 5466
f 5613 5467 5616
f 5465 5467 5613
f 5617 5614 5613
f 5616 5617 5613
f 5466 5615 5468
f 5615 5618 5468
f 5616 5469 5619
f 5467 5469 5616
f 5620 5617 5616
f 5619 5620 5616
f 5468 5618 5471
f 5618 5621 5471
f 5469 5472 5619
f 5619 5472 5473
f 5619 5473 5620
f 5620 5473 5622
f 5471 5621 5475
f 5621 5623 5475
f 5473 5476 5622
f 5622 5476 5624
f 5477 5625 5478
f 5477 5626 5625
f 5477 5475 5626
f 5475 5623 5626
f 5476 5627 5624
f 5479 5627 5476
f 5627 5479 5480
f 5628 5627 5480
f 5625 5629 5630
f 5625 5630 5478
f 5478 5630 5481
f 5626 5629 5625
f 5480 5482 5628
f 5628 5482 5631
f 5481 5630 5484
f 5630 5632 5484
f 5482 5633 5631
f 5485 5633 5482
f 5633 5485 5486
f 5634 5633 5486
f 5484 5632 5488
f 5632 5635 5488
f 5637 5486 5489
f 5637 5636 5486
f 5636 5634 5486
f 5489 5490 5637
f 5491 5638 5492
f 5491 5639 5638
f 5491 5488 5639
f 5488 5635 5639
f 5637 5640 5636
f 5640 5637 5490
f 5640 5490 5641
f 5641 5490 5493
f 5638 5642 5643
f 5638 5643 5492
f 5492 5643 5494
f 5639 5642 5638
f 5493 5644 5641
f 5495 5644 5493
f 5644 5495 5496
f 5645 5644 5496
f 5494 5643 5497
f 5643 5646 5497
f 5496 5498 5645
f 5645 5498 5647
f 5499 5648 5649
f 5500 5499 5649
f 5646 5499 5497
f 5648 5499 5646
f 5498 5650 5647
f 5501 5650 5498
f 5650 5501 5503
f 5651 5650 5503
f 5500 5649 5504
f 5649 5652 5504
f 5653 5505 5654
f 5653 5651 5505
f 5651 5503 5505
f 5653 5654 5655
f 5506 5656 5657
f 5507 5506 5657
f 5652 5506 5504
f 5656 5506 5652
f 5505 5508 5654
f 5509 5659 5658
f 5508 5509 5658
f 5508 5658 5655
f 5508 5655 5654
f 5659 5511 5510
f 5659 5510 5658
f 5658 5510 5660
f 5657 5510 5507
f 5660 5510 5657
f 5509 5513 5659
f 5511 5659 5513
f 5516 5662 5661
f 5517 5662 5516
f 5518 5516 5663
f 5516 5661 5663
f 5663 5519 5518
f 5664 5519 5663
f 5520 5666 5665
f 5521 5666 5520
f 5662 5517 5520
f 5665 5662 5520
f 5519 5664 5667
f 5522 5519 5667
f 5667 5523 5522
f 5668 5523 5667
f 5524 5670 5669
f 5525 5670 5524
f 5666 5521 5524
f 5669 5666 5524
f 5672 5526 5523
f 5672 5523 5671
f 5671 5523 5668
f 5526 5672 5527
f 5675 5674 5673
f 5675 5673 5670
f 5675 5670 5528
f 5528 5670 5525
f 5672 5671 5676
f 5676 5527 5672
f 5676 5677 5527
f 5677 5529 5527
f 5530 5674 5675
f 5530 5531 5674
f 5531 5678 5674
f 5528 5530 5675
f 5529 5677 5532
f 5677 5679 5532
f 5533 5681 5680
f 5534 5681 5533
f 5678 5531 5533
f 5680 5678 5533
f 5532 5679 5682
f 5535 5532 5682
f 5682 5536 5535
f 5683 5536 5682
f 5537 5685 5684
f 5538 5685 5537
f 5681 5534 5537
f 5684 5681 5537
f 5536 5683 5540
f 5683 5686 5540
f 5538 5541 5685
f 5685 5541 5687
f 5540 5686 5542
f 5686 5688 5542
f 5543 5544 5689
f 5543 5689 5690
f 5543 5690 5541
f 5541 5690 5687
f 5542 5688 5691
f 5546 5542 5691
f 5691 5547 5546
f 5692 5547 5691
f 5689 5548 5693
f 5544 5548 5689
f 5694 5690 5689
f 5693 5694 5689
f 5547 5692 5549
f 5692 5695 5549
f 5693 5550 5696
f 5548 5550 5693
f 5697 5694 5693
f 5696 5697 5693
f 5549 5695 5551
f 5695 5698 5551
f 5696 5553 5699
f 5550 5553 5696
f 5700 5697 5696
f 5699 5700 5696
f 5551 5698 5554
f 5698 5701 5554
f 5699 5703 5702
f 5699 5553 5703
f 5553 5556 5703
f 5700 5699 5702
f 5554 5701 5557
f 5701 5704 5557
f 5556 5559 5703
f 5703 5559 5705
f 5557 5704 5560
f 5704 5706 5560
f 5561 5708 5707
f 5562 5708 5561
f 5705 5559 5561
f 5707 5705 5561
f 5560 5706 5563
f 5706 5709 5563
f 5562 5565 5708
f 5708 5565 5710
f 5563 5709 5711
f 5566 5563 5711
f 5711 5568 5566
f 5712 5568 5711
f 5569 5570 5713
f 5569 5713 5714
f 5569 5714 5565
f 5565 5714 5710
f 5568 5712 5572
f 5712 5715 5572
f 5713 5717 5716
f 5713 5570 5717
f 5570 5574 5717
f 5714 5713 5716
f 5720 5718 5719
f 5720 5715 5718
f 5720 5576 5715
f 5576 5572 5715
f 5574 5578 5717
f 5717 5578 5721
f 5579 5720 5719
f 5579 5719 5580
f 5580 5719 5722
f 5576 5720 5579
f 5723 5582 5724
f 5723 5721 5582
f 5721 5578 5582
f 5723 5724 5725
f 5580 5722 5583
f 5722 5726 5583
f 5724 5585 5727
f 5582 5585 5724
f 5728 5725 5724
f 5727 5728 5724
f 5583 5726 5586
f 5726 5729 5586
f 5727 5587 5730
f 5585 5587 5727
f 5731 5728 5727
f 5730 5731 5727
f 5586 5729 5588
f 5729 5732 5588
f 5587 5589 5730
f 5730 5589 5591
f 5730 5591 5731
f 5731 5591 5733
f 5588 5732 5592
f 5732 5734 5592
f 5593 5594 5735
f 5593 5735 5736
f 5593 5736 5591
f 5591 5736 5733
f 5592 5734 5595
f 5734 5737 5595
f 5735 5597 5738
f 5594 5597 5735
f 5739 5736 5735
f 5738 5739 5735
f 5595 5737 5598
f 5737 5740 5598
f 5738 5600 5741
f 5597 5600 5738
f 5742 5739 5738
f 5741 5742 5738
f 5598 5740 5601
f 5740 5743 5601
f 5741 5602 5744
f 5600 5602 5741
f 5745 5742 5741
f 5744 5745 5741
f 5601 5743 5603
f 5743 5746 5603
f 5744 5604 5747
f 5602 5604 5744
f 5748 5745 5744
f 5747 5748 5744
f 5603 5746 5605
f 5746 5749 5605
f 5604 5606 5747
f 5747 5606 5608
f 5747 5608 5748
f 5748 5608 5750
f 5605 5749 5609
f 5749 5751 5609
f 5608 5610 5750
f 5750 5610 5752
f 5609 5751 5611
f 5751 5753 5611
f 5610 5754 5752
f 5612 5754 5610
f 5754 5612 5614
f 5755 5754 5614
f 5611 5753 5615
f 5753 5756 5615
f 5614 5617 5755
f 5755 5617 5757
f 5615 5756 5618
f 5756 5758 5618
f 5759 5620 5760
f 5759 5757 5620
f 5757 5617 5620
f 5759 5760 5761
f 5618 5758 5621
f 5758 5762 5621
f 5760 5622 5763
f 5620 5622 5760
f 5764 5761 5760
f 5763 5764 5760
f 5621 5762 5623
f 5762 5765 5623
f 5763 5624 5766
f 5622 5624 5763
f 5767 5764 5763
f 5766 5767 5763
f 5623 5765 5626
f 5765 5768 5626
f 5624 5627 5766
f 5766 5627 5628
f 5766 5628 5767
f 5767 5628 5769
f 5629 5770 5771
f 5630 5629 5771
f 5768 5629 5626
f 5770 5629 5768
f 5628 5631 5769
f 5769 5631 5772
f 5630 5771 5632
f 5771 5773 5632
f 5631 5774 5772
f 5633 5774 5631
f 5774 5633 5634
f 5775 5774 5634
f 5632 5773 5635
f 5773 5776 5635
f 5634 5636 5775
f 5775 5636 5777
f 5635 5776 5639
f 5776 5778 5639
f 5636 5779 5777
f 5640 5779 5636
f 5779 5640 5641
f 5780 5779 5641
f 5642 5781 5782
f 5643 5642 5782
f 5778 5642 5639
f 5781 5642 5778
f 5784 5641 5644
f 5784 5783 5641
f 5783 5780 5641
f 5644 5645 5784
f 5643 5782 5646
f 5782 5785 5646
f 5784 5786 5783
f 5786 5784 5645
f 5786 5645 5787
f 5787 5645 5647
f 5648 5788 5789
f 5649 5648 5789
f 5785 5648 5646
f 5788 5648 5785
f 5647 5790 5787
f 5650 5790 5647
f 5790 5650 5651
f 5791 5790 5651
f 5649 5789 5652
f 5789 5792 5652
f 5651 5793 5791
f 5653 5793 5651
f 5793 5653 5655
f 5794 5793 5655
f 5656 5795 5796
f 5657 5656 5796
f 5792 5656 5652
f 5795 5656 5792
f 5655 5797 5794
f 5658 5797 5655
f 5660 5798 5658
f 5658 5798 5797
f 5796 5660 5657
f 5798 5660 5796
f 5661 5800 5799
f 5662 5800 5661
f 5802 5799 5801
f 5802 5663 5799
f 5663 5661 5799
f 5663 5802 5664
f 5665 5804 5803
f 5666 5804 5665
f 5800 5662 5665
f 5803 5800 5665
f 5802 5801 5805
f 5807 5805 5806
f 5667 5805 5807
f 5667 5802 5805
f 5667 5664 5802
f 5667 5807 5668
f 5669 5809 5808
f 5670 5809 5669
f 5804 5666 5669
f 5808 5804 5669
f 5807 5806 5810
f 5810 5668 5807
f 5810 5811 5668
f 5811 5671 5668
f 5673 5813 5812
f 5674 5813 5673
f 5809 5670 5673
f 5812 5809 5673
f 5671 5811 5814
f 5676 5671 5814
f 5814 5677 5676
f 5815 5677 5814
f 5818 5817 5816
f 5818 5816 5813
f 5818 5813 5678
f 5678 5813 5674
f 5677 5815 5679
f 5815 5819 5679
f 5680 5817 5818
f 5680 5681 5817
f 5681 5820 5817
f 5678 5680 5818
f 5679 5819 5821
f 5682 5679 5821
f 5821 5683 5682
f 5822 5683 5821
f 5684 5685 5823
f 5684 5823 5824
f 5684 5824 5681
f 5681 5824 5820
f 5683 5822 5686
f 5822 5825 5686
f 5823 5687 5826
f 5685 5687 5823
f 5827 5824 5823
f 5826 5827 5823
f 5686 5825 5688
f 5825 5828 5688
f 5826 5830 5829
f 5826 5687 5830
f 5687 5690 5830
f 5827 5826 5829
f 5832 5691 5688
f 5832 5688 5831
f 5831 5688 5828
f 5691 5832 5692
f 5690 5694 5830
f 5830 5694 5833
f 5832 5831 5834
f 5834 5692 5832
f 5834 5835 5692
f 5835 5695 5692
f 5694 5697 5833
f 5833 5697 5836
f 5695 5835 5698
f 5835 5837 5698
f 5697 5700 5836
f 5836 5700 5838
f 5698 5837 5701
f 5837 5839 5701
f 5702 5703 5840
f 5702 5840 5841
f 5702 5841 5700
f 5700 5841 5838
f 5701 5839 5704
f 5839 5842 5704
f 5840 5844 5843
f 5840 5703 5844
f 5703 5705 5844
f 5841 5840 5843
f 5704 5842 5706
f 5842 5845 5706
f 5707 5708 5846
f 5707 5846 5847
f 5707 5847 5705
f 5705 5847 5844
f 5706 5845 5709
f 5845 5848 5709
f 5846 5850 5849
f 5846 5708 5850
f 5708 5710 5850
f 5847 5846 5849
f 5852 5711 5709
f 5852 5709 5851
f 5851 5709 5848
f 5711 5852 5712
f 5710 5714 5850
f 5850 5714 5853
f 5855 5852 5851
f 5854 5855 5851
f 5712 5855 5715
f 5852 5855 5712
f 5716 5717 5856
f 5716 5856 5857
f 5716 5857 5714
f 5714 5857 5853
f 5718 5855 5854
f 5718 5854 5719
f 5719 5854 5858
f 5715 5855 5718
f 5856 5721 5859
f 5717 5721 5856
f 5860 5857 5856
f 5859 5860 5856
f 5719 5858 5722
f 5858 5861 5722
f 5721 5723 5859
f 5859 5723 5725
f 5859 5725 5860
f 5860 5725 5862
f 5722 5861 5726
f 5861 5863 5726
f 5864 5728 5865
f 5864 5862 5728
f 5862 5725 5728
f 5864 5865 5866
f 5726 5863 5729
f 5863 5867 5729
f 5865 5731 5868
f 5728 5731 5865
f 5869 5866 5865
f 5868 5869 5865
f 5729 5867 5732
f 5867 5870 5732
f 5868 5733 5871
f 5731 5733 5868
f 5872 5869 5868
f 5871 5872 5868
f 5732 5870 5734
f 5870 5873 5734
f 5871 5736 5874
f 5733 5736 5871
f 5875 5872 5871
f 5874 5875 5871
f 5734 5873 5737
f 5873 5876 5737
f 5874 5739 5877
f 5736 5739 5874
f 5878 5875 5874
f 5877 5878 5874
f 5737 5876 5740
f 5876 5879 5740
f 5877 5742 5880
f 5739 5742 5877
f 5881 5878 5877
f 5880 5881 5877
f 5740 5879 5743
f 5879 5882 5743
f 5880 5745 5883
f 5742 5745 5880
f 5884 5881 5880
f 5883 5884 5880
f 5743 5882 5746
f 5882 5885 5746
f 5883 5748 5886
f 5745 5748 5883
f 5887 5884 5883
f 5886 5887 5883
f 5746 5885 5749
f 5885 5888 5749
f 5886 5750 5889
f 5748 5750 5886
f 5890 5887 5886
f 5889 5890 5886
f 5749 5888 5751
f 5888 5891 5751
f 5889 5752 5892
f 5750 5752 5889
f 5893 5890 5889
f 5892 5893 5889
f 5751 5891 5753
f 5891 5894 5753
f 5752 5754 5892
f 5892 5754 5755
f 5892 5755 5893
f 5893 5755 5895
f 5753 5894 5756
f 5894 5896 5756
f 5897 5757 5898
f 5897 5895 5757
f 5895 5755 5757
f 5897 5898 5899
f 5756 5896 5758
f 5896 5900 5758
f 5757 5759 5898
f 5898 5759 5761
f 5898 5761 5899
f 5899 5761 5901
f 5758 5900 5762
f 5900 5902 5762
f 5761 5764 5901
f 5901 5764 5903
f 5762 5902 5765
f 5902 5904 5765
f 5764 5767 5903
f 5903 5767 5905
f 5908 5906 5907
f 5908 5904 5906
f 5908 5768 5904
f 5768 5765 5904
f 5909 5769 5910
f 5909 5905 5769
f 5905 5767 5769
f 5909 5910 5911
f 5770 5908 5907
f 5770 5907 5771
f 5771 5907 5912
f 5768 5908 5770
f 5910 5772 5913
f 5769 5772 5910
f 5914 5911 5910
f 5913 5914 5910
f 5771 5912 5773
f 5912 5915 5773
f 5772 5774 5913
f 5913 5774 5775
f 5913 5775 5914
f 5914 5775 5916
f 5773 5915 5776
f 5915 5917 5776
f 5775 5777 5916
f 5916 5777 5918
f 5921 5919 5920
f 5921 5917 5919
f 5921 5778 5917
f 5778 5776 5917
f 5923 5777 5779
f 5923 5922 5777
f 5922 5918 5777
f 5779 5780 5923
f 5781 5921 5920
f 5781 5920 5782
f 5782 5920 5924
f 5778 5921 5781
f 5923 5925 5922
f 5925 5923 5780
f 5925 5780 5926
f 5926 5780 5783
f 5782 5924 5785
f 5924 5927 5785
f 5783 5928 5926
f 5786 5928 5783
f 5928 5786 5787
f 5929 5928 5787
f 5788 5930 5931
f 5789 5788 5931
f 5927 5788 5785
f 5930 5788 5927
f 5787 5932 5929
f 5790 5932 5787
f 5932 5790 5791
f 5933 5932 5791
f 5936 5934 5935
f 5936 5931 5934
f 5936 5792 5931
f 5792 5789 5931
f 5791 5937 5933
f 5793 5937 5791
f 5937 5793 5794
f 5938 5937 5794
f 5941 5939 5940
f 5935 5939 5941
f 5936 5935 5941
f 5936 5941 5796
f 5936 5796 5795
f 5792 5936 5795
f 5794 5942 5938
f 5797 5942 5794
f 5940 5798 5941
f 5940 5942 5798
f 5942 5797 5798
f 5796 5941 5798
f 5799 5944 5943
f 5800 5944 5799
f 5943 5801 5799
f 5945 5801 5943
f 5948 5947 5946
f 5948 5803 5804
f 5948 5946 5803
f 5946 5949 5803
f 5944 5800 5803
f 5949 5944 5803
f 5801 5945 5950
f 5805 5801 5950
f 5950 5806 5805
f 5951 5806 5950
f 5954 5953 5952
f 5947 5954 5952
f 5948 5954 5947
f 5948 5809 5954
f 5948 5808 5809
f 5804 5808 5948
f 5806 5951 5955
f 5810 5806 5955
f 5955 5811 5810
f 5956 5811 5955
f 5812 5953 5954
f 5812 5813 5953
f 5813 5957 5953
f 5809 5812 5954
f 5959 5814 5811
f 5959 5811 5958
f 5958 5811 5956
f 5814 5959 5815
f 5816 5817 5960
f 5816 5960 5961
f 5816 5961 5813
f 5813 5961 5957
f 5959 5958 5962
f 5962 5815 5959
f 5962 5963 5815
f 5963 5819 5815
f 5960 5965 5964
f 5960 5817 5965
f 5817 5820 5965
f 5961 5960 5964
f 5967 5821 5819
f 5967 5819 5966
f 5966 5819 5963
f 5821 5967 5822
f 5820 5824 5965
f 5965 5824 5968
f 5970 5967 5966
f 5969 5970 5966
f 5822 5970 5825
f 5967 5970 5822
f 5824 5827 5968
f 5968 5827 5971
f 5970 5969 5972
f 5972 5825 5970
f 5972 5973 5825
f 5973 5828 5825
f 5829 5830 5974
f 5829 5974 5975
f 5829 5975 5827
f 5827 5975 5971
f 5828 5973 5831
f 5973 5976 5831
f 5974 5833 5977
f 5830 5833 5974
f 5978 5975 5974
f 5977 5978 5974
f 5980 5834 5831
f 5980 5831 5979
f 5979 5831 5976
f 5834 5980 5835
f 5977 5836 5981
f 5833 5836 5977
f 5982 5978 5977
f 5981 5982 5977
f 5984 5980 5979
f 5983 5984 5979
f 5835 5984 5837
f 5980 5984 5835
f 5981 5986 5985
f 5981 5836 5986
f 5836 5838 5986
f 5982 5981 5985
f 5988 5984 5983
f 5987 5988 5983
f 5837 5988 5839
f 5984 5988 5837
f 5838 5841 5986
f 5986 5841 5989
f 5988 5987 5990
f 5990 5839 5988
f 5990 5991 5839
f 5991 5842 5839
f 5843 5844 5992
f 5843 5992 5993
f 5843 5993 5841
f 5841 5993 5989
f 5842 5991 5845
f 5991 5994 5845
f 5992 5996 5995
f 5992 5844 5996
f 5844 5847 5996
f 5993 5992 5995
f 5845 5994 5848
f 5994 5997 5848
f 5849 5850 5998
f 5849 5998 5999
f 5849 5999 5847
f 5847 5999 5996
f 5848 5997 5851
f 5997 6000 5851
f 5998 5853 6001
f 5850 5853 5998
f 6002 5999 5998
f 6001 6002 5998
f 5851 6000 5854
f 6000 6003 5854
f 6001 5857 6004
f 5853 5857 6001
f 6005 6002 6001
f 6004 6005 6001
f 5854 6003 5858
f 6003 6006 5858
f 6004 5860 6007
f 5857 5860 6004
f 6008 6005 6004
f 6007 6008 6004
f 5858 6006 5861
f 6006 6009 5861
f 6007 5862 6010
f 5860 5862 6007
f 6011 6008 6007
f 6010 6011 6007
f 5861 6009 5863
f 6009 6012 5863
f 5862 5864 6010
f 6010 5864 5866
f 6010 5866 6011
f 6011 5866 6013
f 5863 6012 5867
f 6012 6014 5867
f 5866 5869 6013
f 6013 5869 6015
f 5867 6014 5870
f 6014 6016 5870
f 5869 5872 6015
f 6015 5872 6017
f 5870 6016 5873
f 6016 6018 5873
f 5872 5875 6017
f 6017 5875 6019
f 5873 6018 5876
f 6018 6020 5876
f 5875 5878 6019
f 6019 5878 6021
f 5876 6020 5879
f 6020 6022 5879
f 5878 5881 6021
f 6021 5881 6023
f 5879 6022 5882
f 6022 6024 5882
f 5881 5884 6023
f 6023 5884 6025
f 5882 6024 5885
f 6024 6026 5885
f 5884 5887 6025
f 6025 5887 6027
f 5885 6026 5888
f 6026 6028 5888
f 5887 5890 6027
f 6027 5890 6029
f 5888 6028 5891
f 6028 6030 5891
f 6031 5893 6032
f 6031 6029 5893
f 6029 5890 5893
f 6031 6032 6033
f 5891 6030 5894
f 6030 6034 5894
f 6032 5895 6035
f 5893 5895 6032
f 6036 6033 6032
f 6035 6036 6032
f 6039 6037 6038
f 6039 6034 6037
f 6039 5896 6034
f 5896 5894 6034
f 5895 5897 6035
f 6035 5897 5899
f 6035 5899 6036
f 6036 5899 6040
f 6042 6039 6038
f 6041 6042 6038
f 5896 6042 5900
f 6039 6042 5896
f 5899 5901 6040
f 6040 5901 6043
f 6045 6042 6041
f 6044 6045 6041
f 5900 6045 5902
f 6042 6045 5900
f 6046 5903 6047
f 6046 6043 5903
f 6043 5901 5903
f 6046 6047 6048
f 6050 6045 6044
f 6049 6050 6044
f 5902 6050 5904
f 6045 6050 5902
f 6047 5905 6051
f 5903 5905 6047
f 6052 6048 6047
f 6051 6052 6047
f 5906 6050 6049
f 5906 6049 5907
f 5907 6049 6053
f 5904 6050 5906
f 5905 5909 6051
f 6051 5909 5911
f 6051 5911 6052
f 6052 5911 6054
f 5907 6053 5912
f 6053 6055 5912
f 5911 5914 6054
f 6054 5914 6056
f 6059 6057 6058
f 6059 6055 6057
f 6059 5915 6055
f 5915 5912 6055
f 5914 5916 6056
f 6056 5916 6060
f 6062 6059 6058
f 6061 6062 6058
f 5915 6062 5917
f 6059 6062 5915
f 5916 5918 6060
f 6060 5918 6063
f 5919 6062 6061
f 5919 6061 5920
f 5920 6061 6064
f 5917 6062 5919
f 6065 5922 6066
f 6065 6063 5922
f 6063 5918 5922
f 6065 6066 6067
f 5920 6064 5924
f 6064 6068 5924
f 5922 5925 6066
f 6066 5925 5926
f 6066 5926 6067
f 6067 5926 6069
f 6072 6070 6071
f 6072 6068 6070
f 6072 5927 6068
f 5927 5924 6068
f 6074 5926 5928
f 6074 6073 5926
f 6073 6069 5926
f 5928 5929 6074
f 5930 6072 6071
f 5930 6071 5931
f 5931 6071 6075
f 5927 6072 5930
f 6074 6076 6073
f 6078 6077 6076
f 5932 6078 6076
f 5932 6076 6074
f 5932 6074 5929
f 5932 5933 6078
f 5934 6079 6080
f 5935 5934 6080
f 6075 5934 5931
f 6079 5934 6075
f 6078 6081 6077
f 5933 6081 6078
f 5933 5937 6081
f 5937 6082 6081
f 5938 6084 6083
f 5938 6083 5937
f 5937 6083 6082
f 6084 5940 5939
f 6084 5939 6083
f 6083 5939 6085
f 6080 5939 5935
f 6085 5939 6080
f 5938 5942 6084
f 5940 6084 5942
f 6088 6087 6086
f 6090 5943 5944
f 6089 6088 6086
f 5943 6090 5945
f 5946 6092 6091
f 5947 6092 5946
f 6087 6088 5949
f 6087 5949 6091
f 6091 5949 5946
f 6088 6089 6093
f 6088 6093 5949
f 6090 5944 6093
f 5944 5949 6093
f 6095 6093 6094
f 5950 6093 6095
f 5950 6090 6093
f 5950 5945 6090
f 5950 6095 5951
f 5952 5953 6096
f 5952 6096 6097
f 5952 6097 5947
f 5947 6097 6092
f 6095 6094 6098
f 6100 6098 6099
f 5955 6098 6100
f 5955 6095 6098
f 5955 5951 6095
f 5955 6100 5956
f 6096 6102 6101
f 6096 5953 6102
f 5953 5957 6102
f 6097 6096 6101
f 6104 6100 6099
f 6103 6104 6099
f 5956 6104 5958
f 6100 6104 5956
f 5957 5961 6102
f 6102 5961 6105
f 6104 6103 6106
f 6108 6106 6107
f 5962 6106 6108
f 5962 6104 6106
f 5962 5958 6104
f 5962 6108 5963
f 5964 5965 6109
f 5964 6109 6110
f 5964 6110 5961
f 5961 6110 6105
f 6112 6108 6107
f 6111 6112 6107
f 5963 6112 5966
f 6108 6112 5963
f 6109 6114 6113
f 6109 5965 6114
f 5965 5968 6114
f 6110 6109 6113
f 6116 6112 6111
f 6115 6116 6111
f 5966 6116 5969
f 6112 6116 5966
f 5968 5971 6114
f 6114 5971 6117
f 6116 6115 6118
f 6120 6118 6119
f 5972 6118 6120
f 5972 6116 6118
f 5972 5969 6116
f 5972 6120 5973
f 5971 5975 6117
f 6117 5975 6121
f 6123 6120 6119
f 6122 6123 6119
f 5973 6123 5976
f 6120 6123 5973
f 5975 5978 6121
f 6121 5978 6124
f 6126 6123 6122
f 6125 6126 6122
f 5976 6126 5979
f 6123 6126 5976
f 5978 5982 6124
f 6124 5982 6127
f 6129 6126 6125
f 6128 6129 6125
f 5979 6129 5983
f 6126 6129 5979
f 5985 5986 6130
f 5985 6130 6131
f 5985 6131 5982
f 5982 6131 6127
f 6129 6128 6132
f 6132 5983 6129
f 6132 6133 5983
f 6133 5987 5983
f 6130 5989 6134
f 5986 5989 6130
f 6135 6131 6130
f 6134 6135 6130
f 6137 5990 5987
f 6137 5987 6136
f 6136 5987 6133
f 5990 6137 5991
f 6134 6139 6138
f 6134 5989 6139
f 5989 5993 6139
f 6135 6134 6138
f 6141 6137 6136
f 6140 6141 6136
f 5991 6141 5994
f 6137 6141 5991
f 5995 5996 6142
f 5995 6142 6143
f 5995 6143 5993
f 5993 6143 6139
f 6145 6141 6140
f 6144 6145 6140
f 5994 6145 5997
f 6141 6145 5994
f 6142 5999 6146
f 5996 5999 6142
f 6147 6143 6142
f 6146 6147 6142
f 6149 6145 6144
f 6148 6149 6144
f 5997 6149 6000
f 6145 6149 5997
f 6146 6002 6150
f 5999 6002 6146
f 6151 6147 6146
f 6150 6151 6146
f 6153 6149 6148
f 6152 6153 6148
f 6000 6153 6003
f 6149 6153 6000
f 6150 6005 6154
f 6002 6005 6150
f 6155 6151 6150
f 6154 6155 6150
f 6157 6153 6152
f 6156 6157 6152
f 6003 6157 6006
f 6153 6157 6003
f 6154 6008 6158
f 6005 6008 6154
f 6159 6155 6154
f 6158 6159 6154
f 6157 6156 6160
f 6160 6006 6157
f 6160 6161 6006
f 6161 6009 6006
f 6158 6011 6162
f 6008 6011 6158
f 6163 6159 6158
f 6162 6163 6158
f 6009 6161 6012
f 6161 6164 6012
f 6162 6013 6165
f 6011 6013 6162
f 6166 6163 6162
f 6165 6166 6162
f 6012 6164 6014
f 6164 6167 6014
f 6165 6015 6168
f 6013 6015 6165
f 6169 6166 6165
f 6168 6169 6165
f 6014 6167 6016
f 6167 6170 6016
f 6168 6017 6171
f 6015 6017 6168
f 6172 6169 6168
f 6171 6172 6168
f 6016 6170 6018
f 6170 6173 6018
f 6171 6019 6174
f 6017 6019 6171
f 6175 6172 6171
f 6174 6175 6171
f 6018 6173 6020
f 6173 6176 6020
f 6174 6021 6177
f 6019 6021 6174
f 6178 6175 6174
f 6177 6178 6174
f 6020 6176 6022
f 6176 6179 6022
f 6177 6023 6180
f 6021 6023 6177
f 6181 6178 6177
f 6180 6181 6177
f 6022 6179 6024
f 6179 6182 6024
f 6180 6025 6183
f 6023 6025 6180
f 6184 6181 6180
f 6183 6184 6180
f 6187 6185 6186
f 6187 6182 6185
f 6187 6026 6182
f 6026 6024 6182
f 6183 6027 6188
f 6025 6027 6183
f 6189 6184 6183
f 6188 6189 6183
f 6191 6187 6186
f 6190 6191 6186
f 6026 6191 6028
f 6187 6191 6026
f 6188 6029 6192
f 6027 6029 6188
f 6193 6189 6188
f 6192 6193 6188
f 6195 6191 6190
f 6194 6195 6190
f 6028 6195 6030
f 6191 6195 6028
f 6029 6031 6192
f 6192 6031 6033
f 6192 6033 6193
f 6193 6033 6196
f 6198 6195 6194
f 6197 6198 6194
f 6030 6198 6034
f 6195 6198 6030
f 6033 6036 6196
f 6196 6036 6199
f 6037 6198 6197
f 6037 6197 6038
f 6038 6197 6200
f 6034 6198 6037
f 6201 6040 6202
f 6201 6199 6040
f 6199 6036 6040
f 6201 6202 6203
f 6038 6200 6041
f 6200 6204 6041
f 6202 6043 6205
f 6040 6043 6202
f 6206 6203 6202
f 6205 6206 6202
f 6041 6204 6044
f 6204 6207 6044
f 6043 6046 6205
f 6205 6046 6048
f 6205 6048 6206
f 6206 6048 6208
f 6211 6209 6210
f 6211 6207 6209
f 6211 6049 6207
f 6049 6044 6207
f 6048 6052 6208
f 6208 6052 6212
f 6214 6211 6210
f 6213 6214 6210
f 6049 6214 6053
f 6211 6214 6049
f 6052 6054 6212
f 6212 6054 6215
f 6217 6214 6213
f 6216 6217 6213
f 6053 6217 6055
f 6214 6217 6053
f 6054 6056 6215
f 6215 6056 6218
f 6057 6217 6216
f 6057 6216 6058
f 6058 6216 6219
f 6055 6217 6057
f 6220 6060 6221
f 6220 6218 6060
f 6218 6056 6060
f 6220 6221 6222
f 6225 6223 6224
f 6225 6219 6223
f 6225 6061 6219
f 6061 6058 6219
f 6221 6063 6226
f 6060 6063 6221
f 6227 6222 6221
f 6226 6227 6221
f 6229 6225 6224
f 6228 6229 6224
f 6061 6229 6064
f 6225 6229 6061
f 6063 6065 6226
f 6226 6065 6067
f 6226 6067 6227
f 6227 6067 6230
f 6232 6229 6228
f 6231 6232 6228
f 6064 6232 6068
f 6229 6232 6064
f 6067 6069 6230
f 6230 6069 6233
f 6236 6234 6235
f 6231 6234 6236
f 6232 6231 6236
f 6232 6236 6071
f 6232 6071 6070
f 6068 6232 6070
f 6237 6073 6238
f 6237 6233 6073
f 6233 6069 6073
f 6237 6238 6239
f 6241 6236 6235
f 6240 6241 6235
f 6071 6241 6075
f 6236 6241 6071
f 6073 6076 6238
f 6238 6076 6077
f 6238 6077 6239
f 6239 6077 6242
f 6245 6243 6244
f 6240 6243 6245
f 6241 6240 6245
f 6241 6245 6080
f 6241 6080 6079
f 6075 6241 6079
f 6077 6246 6242
f 6081 6246 6077
f 6082 6247 6081
f 6081 6247 6246
f 6083 6248 6082
f 6082 6248 6247
f 6244 6085 6245
f 6244 6248 6085
f 6248 6083 6085
f 6080 6245 6085
f 6086 6087 6249
f 6086 6249 6089
f 6091 6251 6250
f 6092 6251 6091
f 6249 6087 6091
f 6249 6091 6252
f 6252 6091 6250
f 6089 6249 6252
f 6089 6252 6093
f 6093 6252 6253
f 6253 6094 6093
f 6254 6094 6253
f 6092 6097 6251
f 6251 6097 6255
f 6094 6254 6256
f 6098 6094 6256
f 6256 6099 6098
f 6257 6099 6256
f 6101 6259 6258
f 6102 6259 6101
f 6255 6097 6101
f 6258 6255 6101
f 6099 6257 6103
f 6257 6260 6103
f 6102 6105 6259
f 6259 6105 6261
f 6103 6260 6262
f 6106 6103 6262
f 6262 6107 6106
f 6263 6107 6262
f 6105 6110 6261
f 6261 6110 6264
f 6107 6263 6111
f 6263 6265 6111
f 6113 6114 6266
f 6113 6266 6267
f 6113 6267 6110
f 6110 6267 6264
f 6111 6265 6115
f 6265 6268 6115
f 6266 6270 6269
f 6266 6114 6270
f 6114 6117 6270
f 6267 6266 6269
f 6115 6268 6271
f 6118 6115 6271
f 6271 6119 6118
f 6272 6119 6271
f 6117 6121 6270
f 6270 6121 6273
f 6119 6272 6122
f 6272 6274 6122
f 6121 6124 6273
f 6273 6124 6275
f 6122 6274 6125
f 6274 6276 6125
f 6124 6127 6275
f 6275 6127 6277
f 6125 6276 6128
f 6276 6278 6128
f 6127 6131 6277
f 6277 6131 6279
f 6281 6132 6128
f 6281 6128 6280
f 6280 6128 6278
f 6132 6281 6133
f 6284 6283 6282
f 6284 6282 6279
f 6284 6279 6135
f 6135 6279 6131
f 6281 6280 6285
f 6285 6133 6281
f 6285 6286 6133
f 6286 6136 6133
f 6138 6283 6284
f 6138 6139 6283
f 6139 6287 6283
f 6135 6138 6284
f 6136 6286 6140
f 6286 6288 6140
f 6139 6143 6287
f 6287 6143 6289
f 6140 6288 6144
f 6288 6290 6144
f 6143 6147 6289
f 6289 6147 6291
f 6144 6290 6148
f 6290 6292 6148
f 6147 6151 6291
f 6291 6151 6293
f 6148 6292 6152
f 6292 6294 6152
f 6151 6155 6293
f 6293 6155 6295
f 6152 6294 6156
f 6294 6296 6156
f 6155 6159 6295
f 6295 6159 6297
f 6299 6160 6156
f 6299 6156 6298
f 6298 6156 6296
f 6160 6299 6161
f 6159 6163 6297
f 6297 6163 6300
f 6299 6298 6301
f 6301 6161 6299
f 6301 6302 6161
f 6302 6164 6161
f 6163 6166 6300
f 6300 6166 6303
f 6164 6302 6167
f 6302 6304 6167
f 6166 6169 6303
f 6303 6169 6305
f 6308 6306 6307
f 6308 6304 6306
f 6308 6170 6304
f 6170 6167 6304
f 6169 6172 6305
f 6305 6172 6309
f 6311 6308 6307
f 6310 6311 6307
f 6170 6311 6173
f 6308 6311 6170
f 6172 6175 6309
f 6309 6175 6312
f 6314 6311 6310
f 6313 6314 6310
f 6173 6314 6176
f 6311 6314 6173
f 6175 6178 6312
f 6312 6178 6315
f 6317 6314 6313
f 6316 6317 6313
f 6176 6317 6179
f 6314 6317 6176
f 6178 6181 6315
f 6315 6181 6318
f 6320 6317 6316
f 6319 6320 6316
f 6179 6320 6182
f 6317 6320 6179
f 6181 6184 6318
f 6318 6184 6321
f 6185 6320 6319
f 6185 6319 6186
f 6186 6319 6322
f 6182 6320 6185
f 6184 6189 6321
f 6321 6189 6323
f 6186 6322 6190
f 6322 6324 6190
f 6189 6193 6323
f 6323 6193 6325
f 6190 6324 6194
f 6324 6326 6194
f 6193 6196 6325
f 6325 6196 6327
f 6194 6326 6197
f 6326 6328 6197
f 6196 6199 6327
f 6327 6199 6329
f 6197 6328 6200
f 6328 6330 6200
f 6332 6199 6201
f 6332 6331 6199
f 6331 6329 6199
f 6201 6203 6332
f 6200 6330 6204
f 6330 6333 6204
f 6332 6334 6331
f 6334 6332 6203
f 6334 6203 6335
f 6335 6203 6206
f 6204 6333 6207
f 6333 6336 6207
f 6206 6208 6335
f 6335 6208 6337
f 6209 6338 6339
f 6210 6209 6339
f 6336 6209 6207
f 6338 6209 6336
f 6208 6212 6337
f 6337 6212 6340
f 6210 6339 6213
f 6339 6341 6213
f 6212 6215 6340
f 6340 6215 6342
f 6213 6341 6216
f 6341 6343 6216
f 6215 6218 6342
f 6342 6218 6344
f 6216 6343 6219
f 6343 6345 6219
f 6218 6346 6344
f 6220 6346 6218
f 6346 6220 6222
f 6347 6346 6222
f 6223 6348 6349
f 6224 6223 6349
f 6345 6223 6219
f 6348 6223 6345
f 6222 6227 6347
f 6347 6227 6350
f 6224 6349 6228
f 6349 6351 6228
f 6227 6230 6350
f 6350 6230 6352
f 6228 6351 6231
f 6351 6353 6231
f 6230 6233 6352
f 6352 6233 6354
f 6234 6355 6356
f 6235 6234 6356
f 6353 6234 6231
f 6355 6234 6353
f 6233 6357 6354
f 6237 6357 6233
f 6357 6237 6239
f 6358 6357 6239
f 6235 6356 6240
f 6356 6359 6240
f 6239 6242 6358
f 6358 6242 6360
f 6243 6361 6362
f 6244 6243 6362
f 6359 6243 6240
f 6361 6243 6359
f 6242 6363 6360
f 6246 6363 6242
f 6247 6364 6246
f 6246 6364 6363
f 6248 6365 6247
f 6247 6365 6364
f 6362 6248 6244
f 6365 6248 6362
f 6250 6251 6366
f 6368 6250 6366
f 6368 6367 6250
f 6367 6252 6250
f 6370 6367 6369
f 6370 6253 6367
f 6253 6252 6367
f 6253 6370 6254
f 6366 6372 6371
f 6366 6251 6372
f 6251 6255 6372
f 6368 6366 6371
f 6370 6369 6373
f 6375 6373 6374
f 6256 6373 6375
f 6256 6370 6373
f 6256 6254 6370
f 6256 6375 6257
f 6258 6377 6376
f 6259 6377 6258
f 6372 6255 6258
f 6376 6372 6258
f 6375 6374 6378
f 6378 6257 6375
f 6378 6379 6257
f 6379 6260 6257
f 6259 6261 6377
f 6377 6261 6380
f 6260 6379 6381
f 6262 6260 6381
f 6381 6263 6262
f 6382 6263 6381
f 6261 6264 6380
f 6380 6264 6383
f 6384 6385 6265
f 6384 6265 6382
f 6382 6265 6263
f 6384 6386 6385
f 6264 6267 6383
f 6383 6267 6387
f 6385 6388 6268
f 6265 6385 6268
f 6389 6385 6386
f 6388 6385 6389
f 6269 6391 6390
f 6270 6391 6269
f 6387 6267 6269
f 6390 6387 6269
f 6268 6388 6271
f 6388 6272 6271
f 6388 6389 6272
f 6389 6392 6272
f 6270 6273 6391
f 6391 6273 6393
f 6272 6392 6274
f 6392 6394 6274
f 6273 6275 6393
f 6393 6275 6395
f 6396 6397 6276
f 6396 6276 6394
f 6394 6276 6274
f 6396 6398 6397
f 6275 6277 6395
f 6395 6277 6399
f 6397 6400 6278
f 6276 6397 6278
f 6401 6397 6398
f 6400 6397 6401
f 6277 6279 6399
f 6399 6279 6402
f 6400 6403 6280
f 6278 6400 6280
f 6404 6400 6401
f 6403 6400 6404
f 6282 6406 6405
f 6283 6406 6282
f 6402 6279 6282
f 6405 6402 6282
f 6280 6403 6285
f 6403 6286 6285
f 6403 6404 6286
f 6404 6407 6286
f 6283 6287 6406
f 6406 6287 6408
f 6286 6407 6288
f 6407 6409 6288
f 6287 6289 6408
f 6408 6289 6410
f 6288 6409 6290
f 6409 6411 6290
f 6289 6291 6410
f 6410 6291 6412
f 6290 6411 6292
f 6411 6413 6292
f 6291 6293 6412
f 6412 6293 6414
f 6292 6413 6294
f 6413 6415 6294
f 6293 6295 6414
f 6414 6295 6416
f 6417 6418 6296
f 6417 6296 6415
f 6415 6296 6294
f 6417 6419 6418
f 6295 6297 6416
f 6416 6297 6420
f 6418 6421 6298
f 6296 6418 6298
f 6422 6418 6419
f 6421 6418 6422
f 6297 6300 6420
f 6420 6300 6423
f 6426 6301 6298
f 6426 6298 6425
f 6421 6424 6298
f 6424 6425 6298
f 6421 6422 6424
f 6301 6426 6302
f 6300 6303 6423
f 6423 6303 6427
f 6429 6426 6425
f 6428 6429 6425
f 6302 6429 6304
f 6426 6429 6302
f 6303 6305 6427
f 6427 6305 6430
f 6306 6429 6428
f 6306 6428 6307
f 6307 6428 6431
f 6304 6429 6306
f 6305 6309 6430
f 6430 6309 6432
f 6307 6431 6310
f 6431 6433 6310
f 6309 6312 6432
f 6432 6312 6434
f 6310 6433 6313
f 6433 6435 6313
f 6312 6315 6434
f 6434 6315 6436
f 6313 6435 6316
f 6435 6437 6316
f 6315 6318 6436
f 6436 6318 6438
f 6316 6437 6319
f 6437 6439 6319
f 6318 6321 6438
f 6438 6321 6440
f 6319 6439 6322
f 6439 6441 6322
f 6321 6323 6440
f 6440 6323 6442
f 6322 6441 6324
f 6441 6443 6324
f 6323 6325 6442
f 6442 6325 6444
f 6324 6443 6326
f 6443 6445 6326
f 6325 6327 6444
f 6444 6327 6446
f 6326 6445 6328
f 6445 6447 6328
f 6327 6329 6446
f 6446 6329 6448
f 6328 6447 6330
f 6447 6449 6330
f 6329 6331 6448
f 6448 6331 6450
f 6330 6449 6333
f 6449 6451 6333
f 6331 6452 6450
f 6334 6452 6331
f 6452 6334 6335
f 6453 6452 6335
f 6333 6451 6336
f 6451 6454 6336
f 6335 6337 6453
f 6453 6337 6455
f 6338 6456 6339
f 6338 6457 6456
f 6338 6336 6457
f 6336 6454 6457
f 6337 6340 6455
f 6455 6340 6458
f 6456 6459 6460
f 6456 6460 6339
f 6339 6460 6341
f 6457 6459 6456
f 6340 6342 6458
f 6458 6342 6461
f 6341 6460 6343
f 6460 6462 6343
f 6342 6344 6461
f 6461 6344 6463
f 6343 6462 6345
f 6462 6464 6345
f 6344 6465 6463
f 6346 6465 6344
f 6465 6346 6347
f 6466 6465 6347
f 6348 6467 6349
f 6348 6468 6467
f 6348 6345 6468
f 6345 6464 6468
f 6347 6350 6466
f 6466 6350 6469
f 6467 6470 6471
f 6467 6471 6349
f 6349 6471 6351
f 6468 6470 6467
f 6350 6352 6469
f 6469 6352 6472
f 6351 6471 6353
f 6471 6473 6353
f 6352 6354 6472
f 6472 6354 6474
f 6355 6475 6476
f 6356 6355 6476
f 6473 6355 6353
f 6475 6355 6473
f 6354 6477 6474
f 6357 6477 6354
f 6477 6357 6358
f 6478 6477 6358
f 6481 6479 6480
f 6481 6476 6479
f 6481 6359 6476
f 6359 6356 6476
f 6482 6360 6483
f 6482 6478 6360
f 6478 6358 6360
f 6482 6483 6484
f 6487 6485 6486
f 6480 6485 6487
f 6481 6480 6487
f 6481 6487 6362
f 6481 6362 6361
f 6359 6481 6361
f 6360 6363 6483
f 6483 6488 6484
f 6483 6363 6488
f 6363 6364 6488
f 6486 6365 6487
f 6486 6488 6365
f 6488 6364 6365
f 6362 6487 6365
f 6367 6368 6489
f 6367 6489 6369
f 6371 6372 6490
f 6371 6490 6492
f 6368 6371 6492
f 6368 6492 6491
f 6368 6491 6489
f 6494 6491 6493
f 6373 6491 6494
f 6373 6489 6491
f 6373 6369 6489
f 6373 6494 6374
f 6376 6377 6495
f 6376 6495 6497
f 6372 6376 6497
f 6372 6497 6496
f 6372 6496 6490
f 6492 6490 6496
f 6494 6493 6498
f 6374 6494 6498
f 6374 6498 6378
f 6378 6498 6499
f 6499 6379 6378
f 6500 6379 6499
f 6495 6502 6501
f 6495 6377 6502
f 6377 6380 6502
f 6497 6495 6501
f 6379 6500 6503
f 6381 6379 6503
f 6503 6382 6381
f 6504 6382 6503
f 6380 6383 6502
f 6502 6383 6505
f 6382 6504 6506
f 6384 6382 6506
f 6506 6386 6384
f 6507 6386 6506
f 6383 6387 6505
f 6505 6387 6508
f 6386 6507 6389
f 6507 6509 6389
f 6390 6511 6510
f 6391 6511 6390
f 6508 6387 6390
f 6510 6508 6390
f 6389 6509 6392
f 6509 6512 6392
f 6391 6393 6511
f 6511 6393 6513
f 6514 6515 6394
f 6514 6394 6512
f 6512 6394 6392
f 6514 6516 6515
f 6393 6395 6513
f 6513 6395 6517
f 6394 6515 6396
f 6515 6398 6396
f 6515 6516 6398
f 6516 6518 6398
f 6395 6399 6517
f 6517 6399 6519
f 6398 6518 6401
f 6518 6520 6401
f 6399 6402 6519
f 6519 6402 6521
f 6401 6520 6404
f 6520 6522 6404
f 6405 6406 6523
f 6405 6523 6524
f 6405 6524 6402
f 6402 6524 6521
f 6404 6522 6407
f 6522 6525 6407
f 6523 6527 6526
f 6523 6406 6527
f 6406 6408 6527
f 6524 6523 6526
f 6407 6525 6409
f 6525 6528 6409
f 6408 6410 6527
f 6527 6410 6529
f 6530 6531 6411
f 6530 6411 6528
f 6528 6411 6409
f 6530 6532 6531
f 6410 6412 6529
f 6529 6412 6533
f 6531 6534 6413
f 6411 6531 6413
f 6535 6531 6532
f 6534 6531 6535
f 6538 6537 6536
f 6538 6536 6533
f 6538 6533 6414
f 6414 6533 6412
f 6534 6539 6415
f 6413 6534 6415
f 6540 6534 6535
f 6539 6534 6540
f 6542 6537 6538
f 6541 6537 6542
f 6414 6416 6542
f 6538 6414 6542
f 6415 6539 6417
f 6539 6419 6417
f 6539 6540 6419
f 6540 6543 6419
f 6545 6541 6542
f 6544 6541 6545
f 6416 6420 6545
f 6542 6416 6545
f 6548 6546 6547
f 6548 6543 6546
f 6548 6422 6543
f 6422 6419 6543
f 6545 6549 6544
f 6549 6545 6420
f 6549 6420 6550
f 6550 6420 6423
f 6424 6548 6547
f 6424 6547 6425
f 6425 6547 6551
f 6422 6548 6424
f 6423 6427 6550
f 6550 6427 6552
f 6425 6551 6428
f 6551 6553 6428
f 6427 6430 6552
f 6552 6430 6554
f 6428 6553 6431
f 6553 6555 6431
f 6430 6432 6554
f 6554 6432 6556
f 6431 6555 6433
f 6555 6557 6433
f 6432 6434 6556
f 6556 6434 6558
f 6433 6557 6435
f 6557 6559 6435
f 6434 6436 6558
f 6558 6436 6560
f 6435 6559 6437
f 6559 6561 6437
f 6436 6438 6560
f 6560 6438 6562
f 6437 6561 6439
f 6561 6563 6439
f 6438 6440 6562
f 6562 6440 6564
f 6439 6563 6441
f 6563 6565 6441
f 6440 6442 6564
f 6564 6442 6566
f 6441 6565 6443
f 6565 6567 6443
f 6442 6444 6566
f 6566 6444 6568
f 6443 6567 6445
f 6567 6569 6445
f 6444 6446 6568
f 6568 6446 6570
f 6445 6569 6447
f 6569 6571 6447
f 6446 6448 6570
f 6570 6448 6572
f 6447 6571 6449
f 6571 6573 6449
f 6574 6450 6575
f 6574 6572 6450
f 6572 6448 6450
f 6574 6575 6576
f 6449 6573 6451
f 6573 6577 6451
f 6450 6452 6575
f 6575 6452 6453
f 6575 6453 6576
f 6576 6453 6578
f 6451 6577 6454
f 6577 6579 6454
f 6453 6455 6578
f 6578 6455 6580
f 6454 6579 6457
f 6579 6581 6457
f 6455 6458 6580
f 6580 6458 6582
f 6459 6583 6460
f 6459 6584 6583
f 6459 6457 6584
f 6457 6581 6584
f 6458 6461 6582
f 6582 6461 6585
f 6583 6586 6587
f 6583 6587 6460
f 6460 6587 6462
f 6584 6586 6583
f 6588 6463 6589
f 6588 6585 6463
f 6585 6461 6463
f 6588 6589 6590
f 6462 6587 6464
f 6587 6591 6464
f 6463 6465 6589
f 6589 6465 6466
f 6589 6466 6590
f 6590 6466 6592
f 6464 6591 6468
f 6591 6593 6468
f 6466 6469 6592
f 6592 6469 6594
f 6470 6595 6596
f 6471 6470 6596
f 6593 6470 6468
f 6595 6470 6593
f 6469 6472 6594
f 6594 6472 6597
f 6471 6596 6473
f 6596 6598 6473
f 6599 6474 6600
f 6599 6597 6474
f 6597 6472 6474
f 6599 6600 6601
f 6475 6602 6603
f 6476 6475 6603
f 6598 6475 6473
f 6602 6475 6598
f 6474 6477 6600
f 6478 6605 6604
f 6477 6478 6604
f 6477 6604 6601
f 6477 6601 6600
f 6604 6605 6606
f 6609 6607 6608
f 6609 6480 6479
f 6609 6479 6607
f 6607 6479 6610
f 6603 6479 6476
f 6610 6479 6603
f 6478 6482 6605
f 6484 6612 6611
f 6482 6484 6611
f 6482 6611 6606
f 6482 6606 6605
f 6608 6611 6612
f 6609 6608 6612
f 6609 6612 6486
f 6609 6486 6485
f 6480 6609 6485
f 6484 6488 6612
f 6486 6612 6488
f 6491 6492 6613
f 6491 6613 6493
f 6496 6615 6614
f 6497 6615 6496
f 6613 6492 6496
f 6613 6496 6616
f 6616 6496 6614
f 6618 6616 6617
f 6498 6616 6618
f 6498 6613 6616
f 6498 6493 6613
f 6498 6619 6499
f 6618 6619 6498
f 6499 6619 6500
f 6501 6502 6620
f 6501 6620 6621
f 6501 6621 6497
f 6497 6621 6615
f 6618 6617 6622
f 6619 6618 6622
f 6623 6619 6622
f 6500 6619 6623
f 6500 6623 6503
f 6503 6623 6624
f 6624 6504 6503
f 6625 6504 6624
f 6620 6627 6626
f 6620 6502 6627
f 6502 6505 6627
f 6621 6620 6626
f 6629 6506 6504
f 6629 6504 6628
f 6628 6504 6625
f 6506 6629 6507
f 6505 6508 6627
f 6627 6508 6630
f 6629 6628 6631
f 6631 6507 6629
f 6631 6632 6507
f 6632 6509 6507
f 6510 6511 6633
f 6510 6633 6634
f 6510 6634 6508
f 6508 6634 6630
f 6509 6632 6512
f 6632 6635 6512
f 6633 6637 6636
f 6633 6511 6637
f 6511 6513 6637
f 6634 6633 6636
f 6512 6635 6638
f 6514 6512 6638
f 6638 6516 6514
f 6639 6516 6638
f 6513 6517 6637
f 6637 6517 6640
f 6516 6639 6518
f 6639 6641 6518
f 6517 6519 6640
f 6640 6519 6642
f 6518 6641 6520
f 6641 6643 6520
f 6519 6521 6642
f 6642 6521 6644
f 6520 6643 6522
f 6643 6645 6522
f 6521 6524 6644
f 6644 6524 6646
f 6647 6648 6525
f 6647 6525 6645
f 6645 6525 6522
f 6647 6649 6648
f 6526 6651 6650
f 6527 6651 6526
f 6646 6524 6526
f 6650 6646 6526
f 6648 6652 6528
f 6525 6648 6528
f 6653 6648 6649
f 6652 6648 6653
f 6527 6529 6651
f 6651 6529 6654
f 6528 6652 6530
f 6652 6532 6530
f 6652 6653 6532
f 6653 6655 6532
f 6529 6533 6654
f 6654 6533 6656
f 6532 6655 6535
f 6655 6657 6535
f 6536 6659 6658
f 6537 6659 6536
f 6656 6533 6536
f 6658 6656 6536
f 6535 6657 6540
f 6657 6660 6540
f 6537 6541 6659
f 6659 6541 6661
f 6664 6662 6663
f 6664 6660 6662
f 6664 6543 6660
f 6543 6540 6660
f 6541 6544 6661
f 6661 6544 6665
f 6546 6664 6663
f 6546 6663 6547
f 6547 6663 6666
f 6543 6664 6546
f 6544 6667 6665
f 6549 6667 6544
f 6667 6549 6550
f 6668 6667 6550
f 6547 6666 6551
f 6666 6669 6551
f 6550 6552 6668
f 6668 6552 6670
f 6551 6669 6553
f 6669 6671 6553
f 6552 6554 6670
f 6670 6554 6672
f 6553 6671 6555
f 6671 6673 6555
f 6554 6556 6672
f 6672 6556 6674
f 6555 6673 6557
f 6673 6675 6557
f 6556 6558 6674
f 6674 6558 6676
f 6557 6675 6559
f 6675 6677 6559
f 6558 6560 6676
f 6676 6560 6678
f 6559 6677 6561
f 6677 6679 6561
f 6560 6562 6678
f 6678 6562 6680
f 6561 6679 6563
f 6679 6681 6563
f 6562 6564 6680
f 6680 6564 6682
f 6563 6681 6565
f 6681 6683 6565
f 6564 6566 6682
f 6682 6566 6684
f 6565 6683 6567
f 6683 6685 6567
f 6566 6568 6684
f 6684 6568 6686
f 6567 6685 6569
f 6685 6687 6569
f 6568 6570 6686
f 6686 6570 6688
f 6569 6687 6571
f 6687 6689 6571
f 6570 6572 6688
f 6688 6572 6690
f 6571 6689 6573
f 6689 6691 6573
f 6572 6692 6690
f 6574 6692 6572
f 6692 6574 6576
f 6693 6692 6576
f 6573 6691 6577
f 6691 6694 6577
f 6576 6578 6693
f 6693 6578 6695
f 6577 6694 6579
f 6694 6696 6579
f 6578 6580 6695
f 6695 6580 6697
f 6579 6696 6581
f 6696 6698 6581
f 6580 6582 6697
f 6697 6582 6699
f 6581 6698 6584
f 6698 6700 6584
f 6701 6585 6702
f 6701 6699 6585
f 6699 6582 6585
f 6701 6702 6703
f 6586 6704 6705
f 6587 6586 6705
f 6700 6586 6584
f 6704 6586 6700
f 6585 6588 6702
f 6702 6588 6590
f 6702 6590 6703
f 6703 6590 6706
f 6587 6705 6591
f 6705 6707 6591
f 6590 6592 6706
f 6706 6592 6708
f 6591 6707 6593
f 6707 6709 6593
f 6592 6594 6708
f 6708 6594 6710
f 6595 6711 6712
f 6596 6595 6712
f 6709 6595 6593
f 6711 6595 6709
f 6713 6597 6714
f 6713 6710 6597
f 6710 6594 6597
f 6713 6714 6715
f 6718 6716 6717
f 6718 6712 6716
f 6718 6598 6712
f 6598 6596 6712
f 6597 6599 6714
f 6714 6599 6601
f 6714 6601 6715
f 6715 6601 6719
f 6722 6720 6721
f 6722 6724 6723
f 6720 6722 6723
f 6717 6723 6724
f 6718 6717 6724
f 6718 6724 6603
f 6718 6603 6602
f 6598 6718 6602
f 6601 6725 6719
f 6604 6725 6601
f 6606 6727 6726
f 6606 6726 6604
f 6604 6726 6725
f 6721 6726 6727
f 6722 6721 6727
f 6722 6727 6608
f 6722 6608 6607
f 6610 6722 6607
f 6724 6722 6610
f 6603 6724 6610
f 6606 6611 6727
f 6608 6727 6611
f 6614 6615 6728
f 6614 6729 6616
f 6728 6729 6614
f 6616 6729 6617
f 6728 6731 6730
f 6728 6615 6731
f 6615 6621 6731
f 6729 6728 6730
f 6732 6729 6730
f 6734 6732 6733
f 6622 6732 6734
f 6622 6729 6732
f 6622 6617 6729
f 6622 6735 6623
f 6734 6735 6622
f 6623 6736 6624
f 6735 6736 6623
f 6624 6736 6625
f 6626 6627 6737
f 6626 6737 6738
f 6626 6738 6621
f 6621 6738 6731
f 6734 6733 6739
f 6735 6734 6739
f 6740 6735 6739
f 6736 6735 6740
f 6741 6736 6740
f 6741 6625 6736
f 6741 6742 6625
f 6742 6628 6625
f 6737 6744 6743
f 6737 6627 6744
f 6627 6630 6744
f 6738 6737 6743
f 6628 6742 6745
f 6631 6628 6745
f 6745 6632 6631
f 6746 6632 6745
f 6630 6634 6744
f 6744 6634 6747
f 6632 6746 6635
f 6746 6748 6635
f 6636 6750 6749
f 6637 6750 6636
f 6747 6634 6636
f 6749 6747 6636
f 6635 6748 6751
f 6638 6635 6751
f 6751 6639 6638
f 6752 6639 6751
f 6637 6640 6750
f 6750 6640 6753
f 6639 6752 6641
f 6752 6754 6641
f 6640 6642 6753
f 6753 6642 6755
f 6641 6754 6643
f 6754 6756 6643
f 6642 6644 6755
f 6755 6644 6757
f 6643 6756 6645
f 6756 6758 6645
f 6644 6646 6757
f 6757 6646 6759
f 6761 6647 6645
f 6761 6645 6760
f 6760 6645 6758
f 6647 6761 6649
f 6650 6763 6762
f 6651 6763 6650
f 6759 6646 6650
f 6762 6759 6650
f 6761 6760 6764
f 6764 6649 6761
f 6764 6765 6649
f 6765 6653 6649
f 6651 6654 6763
f 6763 6654 6766
f 6653 6765 6655
f 6765 6767 6655
f 6654 6656 6766
f 6766 6656 6768
f 6655 6767 6657
f 6767 6769 6657
f 6658 6771 6770
f 6659 6771 6658
f 6768 6656 6658
f 6770 6768 6658
f 6774 6772 6773
f 6774 6769 6772
f 6774 6660 6769
f 6660 6657 6769
f 6659 6661 6771
f 6771 6661 6775
f 6662 6774 6773
f 6662 6773 6663
f 6663 6773 6776
f 6660 6774 6662
f 6661 6665 6775
f 6775 6665 6777
f 6663 6776 6666
f 6776 6778 6666
f 6780 6665 6667
f 6780 6779 6665
f 6779 6777 6665
f 6667 6668 6780
f 6666 6778 6669
f 6778 6781 6669
f 6780 6782 6779
f 6782 6780 6668
f 6782 6668 6783
f 6783 6668 6670
f 6669 6781 6671
f 6781 6784 6671
f 6670 6672 6783
f 6783 6672 6785
f 6788 6786 6787
f 6788 6784 6786
f 6788 6673 6784
f 6673 6671 6784
f 6672 6674 6785
f 6785 6674 6789
f 6791 6788 6787
f 6790 6791 6787
f 6673 6791 6675
f 6788 6791 6673
f 6674 6676 6789
f 6789 6676 6792
f 6794 6791 6790
f 6793 6794 6790
f 6675 6794 6677
f 6791 6794 6675
f 6676 6678 6792
f 6792 6678 6795
f 6797 6794 6793
f 6796 6797 6793
f 6677 6797 6679
f 6794 6797 6677
f 6678 6680 6795
f 6795 6680 6798
f 6797 6796 6799
f 6799 6679 6797
f 6799 6800 6679
f 6800 6681 6679
f 6803 6802 6801
f 6803 6801 6798
f 6803 6798 6682
f 6682 6798 6680
f 6681 6800 6683
f 6800 6804 6683
f 6806 6802 6803
f 6805 6802 6806
f 6682 6684 6806
f 6803 6682 6806
f 6683 6804 6685
f 6804 6807 6685
f 6806 6808 6805
f 6808 6806 6684
f 6808 6684 6809
f 6809 6684 6686
f 6685 6807 6687
f 6807 6810 6687
f 6686 6688 6809
f 6809 6688 6811
f 6687 6810 6689
f 6810 6812 6689
f 6688 6690 6811
f 6811 6690 6813
f 6689 6812 6691
f 6812 6814 6691
f 6690 6815 6813
f 6692 6815 6690
f 6815 6692 6693
f 6816 6815 6693
f 6691 6814 6694
f 6814 6817 6694
f 6693 6695 6816
f 6816 6695 6818
f 6694 6817 6696
f 6817 6819 6696
f 6695 6697 6818
f 6818 6697 6820
f 6696 6819 6698
f 6819 6821 6698
f 6697 6699 6820
f 6820 6699 6822
f 6698 6821 6700
f 6821 6823 6700
f 6699 6824 6822
f 6701 6824 6699
f 6824 6701 6703
f 6825 6824 6703
f 6704 6826 6827
f 6705 6704 6827
f 6823 6704 6700
f 6826 6704 6823
f 6703 6706 6825
f 6825 6706 6828
f 6705 6827 6707
f 6827 6829 6707
f 6706 6708 6828
f 6828 6708 6830
f 6833 6831 6832
f 6833 6829 6831
f 6833 6709 6829
f 6709 6707 6829
f 6834 6710 6835
f 6834 6830 6710
f 6830 6708 6710
f 6834 6835 6836
f 6711 6833 6832
f 6711 6832 6712
f 6712 6832 6837
f 6709 6833 6711
f 6710 6713 6835
f 6835 6713 6715
f 6835 6715 6836
f 6836 6715 6838
f 6841 6839 6840
f 6841 6843 6842
f 6839 6841 6842
f 6843 6717 6716
f 6843 6716 6842
f 6842 6716 6844
f 6837 6716 6712
f 6844 6716 6837
f 6845 6719 6846
f 6845 6838 6719
f 6838 6715 6719
f 6846 6848 6847
f 6845 6846 6847
f 6840 6847 6848
f 6841 6840 6848
f 6841 6848 6721
f 6841 6721 6720
f 6723 6841 6720
f 6843 6841 6723
f 6717 6843 6723
f 6719 6725 6846
f 6726 6846 6725
f 6848 6846 6726
f 6721 6848 6726
f 6730 6731 6849
f 6730 6850 6732
f 6849 6850 6730
f 6732 6850 6733
f 6849 6852 6851
f 6849 6731 6852
f 6731 6738 6852
f 6850 6849 6851
f 6853 6850 6851
f 6733 6850 6853
f 6733 6853 6739
f 6739 6853 6854
f 6740 6739 6855
f 6739 6854 6855
f 6857 6855 6856
f 6857 6741 6855
f 6741 6740 6855
f 6741 6857 6742
f 6743 6744 6858
f 6743 6858 6859
f 6743 6859 6738
f 6738 6859 6852
f 6857 6856 6860
f 6862 6860 6861
f 6745 6860 6862
f 6745 6857 6860
f 6745 6742 6857
f 6745 6862 6746
f 6858 6864 6863
f 6858 6744 6864
f 6744 6747 6864
f 6859 6858 6863
f 6862 6861 6865
f 6865 6746 6862
f 6865 6866 6746
f 6866 6748 6746
f 6749 6750 6867
f 6749 6867 6868
f 6749 6868 6747
f 6747 6868 6864
f 6870 6751 6748
f 6870 6748 6869
f 6869 6748 6866
f 6751 6870 6752
f 6867 6872 6871
f 6867 6750 6872
f 6750 6753 6872
f 6868 6867 6871
f 6870 6869 6873
f 6873 6752 6870
f 6873 6874 6752
f 6874 6754 6752
f 6753 6755 6872
f 6872 6755 6875
f 6754 6874 6756
f 6874 6876 6756
f 6755 6757 6875
f 6875 6757 6877
f 6756 6876 6758
f 6876 6878 6758
f 6757 6759 6877
f 6877 6759 6879
f 6758 6878 6760
f 6878 6880 6760
f 6762 6763 6881
f 6762 6881 6882
f 6762 6882 6759
f 6759 6882 6879
f 6884 6764 6760
f 6884 6760 6883
f 6883 6760 6880
f 6764 6884 6765
f 6881 6886 6885
f 6881 6763 6886
f 6763 6766 6886
f 6882 6881 6885
f 6888 6884 6883
f 6887 6888 6883
f 6765 6888 6767
f 6884 6888 6765
f 6766 6768 6886
f 6886 6768 6889
f 6891 6888 6887
f 6890 6891 6887
f 6767 6891 6769
f 6888 6891 6767
f 6770 6893 6892
f 6771 6893 6770
f 6889 6768 6770
f 6892 6889 6770
f 6772 6891 6890
f 6772 6890 6773
f 6773 6890 6894
f 6769 6891 6772
f 6771 6775 6893
f 6893 6775 6895
f 6773 6894 6776
f 6894 6896 6776
f 6775 6777 6895
f 6895 6777 6897
f 6776 6896 6778
f 6896 6898 6778
f 6777 6779 6897
f 6897 6779 6899
f 6778 6898 6781
f 6898 6900 6781
f 6779 6901 6899
f 6782 6901 6779
f 6901 6782 6783
f 6902 6901 6783
f 6905 6903 6904
f 6905 6900 6903
f 6905 6784 6900
f 6784 6781 6900
f 6783 6785 6902
f 6902 6785 6906
f 6786 6905 6904
f 6786 6904 6787
f 6787 6904 6907
f 6784 6905 6786
f 6785 6789 6906
f 6906 6789 6908
f 6787 6907 6790
f 6907 6909 6790
f 6789 6792 6908
f 6908 6792 6910
f 6790 6909 6793
f 6909 6911 6793
f 6792 6795 6910
f 6910 6795 6912
f 6793 6911 6796
f 6911 6913 6796
f 6916 6915 6914
f 6916 6914 6912
f 6916 6912 6798
f 6798 6912 6795
f 6918 6799 6796
f 6918 6796 6917
f 6917 6796 6913
f 6799 6918 6800
f 6801 6915 6916
f 6801 6802 6915
f 6802 6919 6915
f 6798 6801 6916
f 6918 6917 6920
f 6920 6800 6918
f 6920 6921 6800
f 6921 6804 6800
f 6802 6805 6919
f 6919 6805 6922
f 6804 6921 6807
f 6921 6923 6807
f 6805 6924 6922
f 6808 6924 6805
f 6924 6808 6809
f 6925 6924 6809
f 6807 6923 6810
f 6923 6926 6810
f 6809 6811 6925
f 6925 6811 6927
f 6810 6926 6812
f 6926 6928 6812
f 6929 6813 6930
f 6929 6927 6813
f 6927 6811 6813
f 6929 6930 6931
f 6812 6928 6814
f 6928 6932 6814
f 6813 6815 6930
f 6930 6815 6816
f 6930 6816 6931
f 6931 6816 6933
f 6814 6932 6817
f 6932 6934 6817
f 6816 6818 6933
f 6933 6818 6935
f 6817 6934 6819
f 6934 6936 6819
f 6818 6820 6935
f 6935 6820 6937
f 6819 6936 6821
f 6936 6938 6821
f 6820 6822 6937
f 6937 6822 6939
f 6942 6940 6941
f 6942 6938 6940
f 6942 6823 6938
f 6823 6821 6938
f 6822 6943 6939
f 6824 6943 6822
f 6943 6824 6825
f 6944 6943 6825
f 6826 6942 6941
f 6826 6941 6827
f 6827 6941 6945
f 6823 6942 6826
f 6825 6828 6944
f 6944 6828 6946
f 6827 6945 6829
f 6945 6947 6829
f 6948 6830 6949
f 6948 6946 6830
f 6946 6828 6830
f 6948 6949 6950
f 6831 6951 6952
f 6832 6831 6952
f 6947 6831 6829
f 6951 6831 6947
f 6830 6834 6949
f 6949 6834 6836
f 6949 6836 6950
f 6950 6836 6953
f 6956 6954 6955
f 6956 6958 6957
f 6954 6956 6957
f 6958 6952 6957
f 6958 6837 6952
f 6837 6832 6952
f 6959 6838 6960
f 6959 6953 6838
f 6953 6836 6838
f 6960 6962 6961
f 6959 6960 6961
f 6962 6840 6839
f 6962 6839 6961
f 6961 6839 6963
f 6955 6842 6956
f 6955 6963 6842
f 6963 6839 6842
f 6844 6956 6842
f 6958 6956 6844
f 6837 6958 6844
f 6838 6845 6960
f 6847 6960 6845
f 6962 6960 6847
f 6840 6962 6847
f 6851 6852 6964
f 6851 6965 6853
f 6964 6965 6851
f 6853 6966 6854
f 6965 6966 6853
f 6854 6967 6855
f 6966 6967 6854
f 6855 6967 6856
f 6964 6969 6968
f 6964 6852 6969
f 6852 6859 6969
f 6965 6964 6968
f 6970 6965 6968
f 6966 6965 6970
f 6971 6966 6970
f 6967 6966 6971
f 6972 6967 6971
f 6974 6972 6973
f 6860 6972 6974
f 6860 6967 6972
f 6860 6856 6967
f 6860 6974 6861
f 6863 6864 6975
f 6863 6975 6976
f 6863 6976 6859
f 6859 6976 6969
f 6974 6973 6977
f 6979 6977 6978
f 6865 6977 6979
f 6865 6974 6977
f 6865 6861 6974
f 6865 6979 6866
f 6975 6981 6980
f 6975 6864 6981
f 6864 6868 6981
f 6976 6975 6980
f 6979 6978 6982
f 6982 6866 6979
f 6982 6983 6866
f 6983 6869 6866
f 6871 6872 6984
f 6871 6984 6985
f 6871 6985 6868
f 6868 6985 6981
f 6987 6873 6869
f 6987 6869 6986
f 6986 6869 6983
f 6873 6987 6874
f 6984 6989 6988
f 6984 6872 6989
f 6872 6875 6989
f 6985 6984 6988
f 6987 6986 6990
f 6990 6874 6987
f 6990 6991 6874
f 6991 6876 6874
f 6875 6877 6989
f 6989 6877 6992
f 6876 6991 6878
f 6991 6993 6878
f 6877 6879 6992
f 6992 6879 6994
f 6878 6993 6880
f 6993 6995 6880
f 6879 6882 6994
f 6994 6882 6996
f 6880 6995 6883
f 6995 6997 6883
f 6885 6999 6998
f 6886 6999 6885
f 6996 6882 6885
f 6998 6996 6885
f 6883 6997 6887
f 6997 7000 6887
f 6886 6889 6999
f 6999 6889 7001
f 6887 7000 6890
f 7000 7002 6890
f 6892 7004 7003
f 6893 7004 6892
f 7001 6889 6892
f 7003 7001 6892
f 6890 7002 6894
f 7002 7005 6894
f 6893 6895 7004
f 7004 6895 7006
f 6894 7005 6896
f 7005 7007 6896
f 6895 6897 7006
f 7006 6897 7008
f 6896 7007 6898
f 7007 7009 6898
f 6897 6899 7008
f 7008 6899 7010
f 7013 7011 7012
f 7013 7009 7011
f 7013 6900 7009
f 6900 6898 7009
f 7015 6899 6901
f 7015 7014 6899
f 7014 7010 6899
f 6901 6902 7015
f 6903 7013 7012
f 6903 7012 6904
f 6904 7012 7016
f 6900 7013 6903
f 7015 7017 7014
f 7017 7015 6902
f 7017 6902 7018
f 7018 6902 6906
f 6904 7016 6907
f 7016 7019 6907
f 6906 6908 7018
f 7018 6908 7020
f 6907 7019 6909
f 7019 7021 6909
f 6908 6910 7020
f 7020 6910 7022
f 6909 7021 6911
f 7021 7023 6911
f 7026 7025 7024
f 7026 7024 7022
f 7026 7022 6912
f 6912 7022 6910
f 6911 7023 6913
f 7023 7027 6913
f 6914 7025 7026
f 6914 6915 7025
f 6915 7028 7025
f 6912 6914 7026
f 6913 7027 6917
f 7027 7029 6917
f 6915 6919 7028
f 7028 6919 7030
f 7032 6920 6917
f 7032 6917 7031
f 7031 6917 7029
f 6920 7032 6921
f 6919 6922 7030
f 7030 6922 7033
f 7032 7031 7034
f 7034 6921 7032
f 7034 7035 6921
f 7035 6923 6921
f 6922 7036 7033
f 6924 7036 6922
f 7036 6924 6925
f 7037 7036 6925
f 6923 7035 6926
f 7035 7038 6926
f 6925 6927 7037
f 7037 6927 7039
f 6926 7038 6928
f 7038 7040 6928
f 6927 7041 7039
f 6929 7041 6927
f 7041 6929 6931
f 7042 7041 6931
f 6928 7040 6932
f 7040 7043 6932
f 6931 6933 7042
f 7042 6933 7044
f 6932 7043 6934
f 7043 7045 6934
f 6933 6935 7044
f 7044 6935 7046
f 6934 7045 6936
f 7045 7047 6936
f 6935 6937 7046
f 7046 6937 7048
f 7051 7049 7050
f 7051 7047 7049
f 7051 6938 7047
f 6938 6936 7047
f 7052 6939 7053
f 7052 7048 6939
f 7048 6937 6939
f 7052 7053 7054
f 6940 7051 7050
f 6940 7050 6941
f 6941 7050 7055
f 6938 7051 6940
f 6939 6943 7053
f 7053 6943 6944
f 7053 6944 7054
f 7054 6944 7056
f 6941 7055 6945
f 7055 7057 6945
f 7058 6946 7059
f 7058 7056 6946
f 7056 6944 6946
f 7058 7059 7060
f 7063 7061 7062
f 7063 7057 7061
f 7063 6947 7057
f 6947 6945 7057
f 6946 6948 7059
f 7059 6948 6950
f 7059 6950 7060
f 7060 6950 7064
f 7067 7065 7066
f 7062 7065 7067
f 7063 7062 7067
f 7063 7067 6952
f 7063 6952 6951
f 6947 7063 6951
f 7068 6953 7069
f 7068 7064 6953
f 7064 6950 6953
f 7069 7071 7070
f 7068 7069 7070
f 7071 7073 7072
f 7070 7071 7072
f 7073 6955 6954
f 7073 6954 7072
f 7072 6954 7074
f 7066 6957 7067
f 7066 7074 6957
f 7074 6954 6957
f 6952 7067 6957
f 6953 6959 7069
f 6961 7069 6959
f 7071 7069 6961
f 6963 7071 6961
f 7073 7071 6963
f 6955 7073 6963
f 6968 6969 7075
f 6968 7076 6970
f 7075 7076 6968
f 6970 7077 6971
f 7076 7077 6970
f 6971 7078 6972
f 7077 7078 6971
f 6972 7078 6973
f 7075 7080 7079
f 7075 6969 7080
f 6969 6976 7080
f 7076 7075 7079
f 7081 7076 7079
f 7077 7076 7081
f 7082 7077 7081
f 7078 7077 7082
f 7083 7078 7082
f 6973 7078 7083
f 6973 7083 6977
f 6977 7083 7084
f 7084 6978 6977
f 7085 6978 7084
f 6980 6981 7086
f 6980 7086 7087
f 6980 7087 6976
f 6976 7087 7080
f 7089 6982 6978
f 7089 6978 7088
f 7088 6978 7085
f 6982 7089 6983
f 7086 7091 7090
f 7086 6981 7091
f 6981 6985 7091
f 7087 7086 7090
f 7089 7088 7092
f 7092 6983 7089
f 7092 7093 6983
f 7093 6986 6983
f 6988 6989 7094
f 6988 7094 7095
f 6988 7095 6985
f 6985 7095 7091
f 7097 6990 6986
f 7097 6986 7096
f 7096 6986 7093
f 6990 7097 6991
f 7094 7099 7098
f 7094 6989 7099
f 6989 6992 7099
f 7095 7094 7098
f 7097 7096 7100
f 7100 6991 7097
f 7100 7101 6991
f 7101 6993 6991
f 6992 6994 7099
f 7099 6994 7102
f 6993 7101 6995
f 7101 7103 6995
f 6994 6996 7102
f 7102 6996 7104
f 6995 7103 6997
f 7103 7105 6997
f 6998 6999 7106
f 6998 7106 7107
f 6998 7107 6996
f 6996 7107 7104
f 6997 7105 7000
f 7105 7108 7000
f 7106 7110 7109
f 7106 6999 7110
f 6999 7001 7110
f 7107 7106 7109
f 7000 7108 7002
f 7108 7111 7002
f 7003 7004 7112
f 7003 7112 7113
f 7003 7113 7001
f 7001 7113 7110
f 7002 7111 7005
f 7111 7114 7005
f 7112 7116 7115
f 7112 7004 7116
f 7004 7006 7116
f 7113 7112 7115
f 7005 7114 7007
f 7114 7117 7007
f 7006 7008 7116
f 7116 7008 7118
f 7121 7119 7120
f 7121 7117 7119
f 7121 7009 7117
f 7009 7007 7117
f 7008 7010 7118
f 7118 7010 7122
f 7011 7121 7120
f 7011 7120 7012
f 7012 7120 7123
f 7009 7121 7011
f 7010 7014 7122
f 7122 7014 7124
f 7012 7123 7016
f 7123 7125 7016
f 7014 7126 7124
f 7017 7126 7014
f 7126 7017 7018
f 7127 7126 7018
f 7130 7128 7129
f 7130 7125 7128
f 7130 7019 7125
f 7019 7016 7125
f 7018 7020 7127
f 7127 7020 7131
f 7133 7130 7129
f 7132 7133 7129
f 7019 7133 7021
f 7130 7133 7019
f 7020 7022 7131
f 7131 7022 7134
f 7136 7133 7132
f 7135 7136 7132
f 7021 7136 7023
f 7133 7136 7021
f 7024 7138 7137
f 7025 7138 7024
f 7134 7022 7024
f 7137 7134 7024
f 7136 7135 7139
f 7139 7023 7136
f 7139 7140 7023
f 7140 7027 7023
f 7025 7028 7138
f 7138 7028 7141
f 7027 7140 7029
f 7140 7142 7029
f 7028 7030 7141
f 7141 7030 7143
f 7029 7142 7031
f 7142 7144 7031
f 7145 7033 7146
f 7145 7143 7033
f 7143 7030 7033
f 7145 7146 7147
f 7149 7034 7031
f 7149 7031 7148
f 7148 7031 7144
f 7034 7149 7035
f 7033 7036 7146
f 7146 7036 7037
f 7146 7037 7147
f 7147 7037 7150
f 7149 7148 7151
f 7151 7035 7149
f 7151 7152 7035
f 7152 7038 7035
f 7153 7039 7154
f 7153 7150 7039
f 7150 7037 7039
f 7153 7154 7155
f 7038 7152 7040
f 7152 7156 7040
f 7039 7041 7154
f 7154 7041 7042
f 7154 7042 7155
f 7155 7042 7157
f 7040 7156 7043
f 7156 7158 7043
f 7042 7044 7157
f 7157 7044 7159
f 7043 7158 7045
f 7158 7160 7045
f 7044 7046 7159
f 7159 7046 7161
f 7164 7162 7163
f 7164 7160 7162
f 7164 7047 7160
f 7047 7045 7160
f 7165 7048 7166
f 7165 7161 7048
f 7161 7046 7048
f 7165 7166 7167
f 7049 7164 7163
f 7049 7163 7050
f 7050 7163 7168
f 7047 7164 7049
f 7048 7052 7166
f 7166 7052 7054
f 7166 7054 7167
f 7167 7054 7169
f 7050 7168 7055
f 7168 7170 7055
f 7171 7056 7172
f 7171 7169 7056
f 7169 7054 7056
f 7171 7172 7173
f 7176 7174 7175
f 7176 7170 7174
f 7176 7057 7170
f 7057 7055 7170
f 7056 7058 7172
f 7172 7058 7060
f 7172 7060 7173
f 7173 7060 7177
f 7180 7178 7179
f 7175 7178 7180
f 7176 7175 7180
f 7176 7180 7062
f 7176 7062 7061
f 7057 7176 7061
f 7181 7064 7182
f 7181 7177 7064
f 7177 7060 7064
f 7182 7184 7183
f 7181 7182 7183
f 7184 7186 7185
f 7183 7184 7185
f 7186 7188 7187
f 7185 7186 7187
f 7179 7187 7188
f 7180 7179 7188
f 7180 7188 7066
f 7180 7066 7065
f 7062 7180 7065
f 7064 7068 7182
f 7070 7182 7068
f 7184 7182 7070
f 7072 7184 7070
f 7186 7184 7072
f 7074 7186 7072
f 7188 7186 7074
f 7066 7188 7074
f 7079 7080 7189
f 7079 7190 7081
f 7189 7190 7079
f 7081 7191 7082
f 7190 7191 7081
f 7082 7192 7083
f 7191 7192 7082
f 7083 7193 7084
f 7192 7193 7083
f 7084 7193 7085
f 7189 7195 7194
f 7189 7080 7195
f 7080 7087 7195
f 7190 7189 7194
f 7196 7190 7194
f 7191 7190 7196
f 7197 7191 7196
f 7192 7191 7197
f 7198 7192 7197
f 7193 7192 7198
f 7199 7193 7198
f 7199 7085 7193
f 7199 7200 7085
f 7200 7088 7085
f 7090 7091 7201
f 7090 7201 7202
f 7090 7202 7087
f 7087 7202 7195
f 7088 7200 7203
f 7092 7088 7203
f 7203 7093 7092
f 7204 7093 7203
f 7201 7206 7205
f 7201 7091 7206
f 7091 7095 7206
f 7202 7201 7205
f 7093 7204 7096
f 7204 7207 7096
f 7098 7099 7208
f 7098 7208 7209
f 7098 7209 7095
f 7095 7209 7206
f 7211 7100 7096
f 7211 7096 7210
f 7210 7096 7207
f 7100 7211 7101
f 7208 7213 7212
f 7208 7099 7213
f 7099 7102 7213
f 7209 7208 7212
f 7211 7210 7214
f 7214 7101 7211
f 7214 7215 7101
f 7215 7103 7101
f 7102 7104 7213
f 7213 7104 7216
f 7103 7215 7105
f 7215 7217 7105
f 7104 7107 7216
f 7216 7107 7218
f 7105 7217 7108
f 7217 7219 7108
f 7109 7221 7220
f 7110 7221 7109
f 7218 7107 7109
f 7220 7218 7109
f 7108 7219 7111
f 7219 7222 7111
f 7110 7113 7221
f 7221 7113 7223
f 7111 7222 7114
f 7222 7224 7114
f 7115 7226 7225
f 7116 7226 7115
f 7223 7113 7115
f 7225 7223 7115
f 7229 7227 7228
f 7229 7224 7227
f 7229 7117 7224
f 7117 7114 7224
f 7116 7118 7226
f 7226 7118 7230
f 7119 7229 7228
f 7119 7228 7120
f 7120 7228 7231
f 7117 7229 7119
f 7118 7122 7230
f 7230 7122 7232
f 7120 7231 7123
f 7231 7233 7123
f 7122 7124 7232
f 7232 7124 7234
f 7237 7235 7236
f 7237 7233 7235
f 7237 7125 7233
f 7125 7123 7233
f 7239 7124 7126
f 7239 7238 7124
f 7238 7234 7124
f 7126 7127 7239
f 7128 7237 7236
f 7128 7236 7129
f 7129 7236 7240
f 7125 7237 7128
f 7242 7238 7239
f 7241 7238 7242
f 7127 7131 7242
f 7239 7127 7242
f 7129 7240 7132
f 7240 7243 7132
f 7245 7241 7242
f 7244 7241 7245
f 7131 7134 7245
f 7242 7131 7245
f 7132 7243 7135
f 7243 7246 7135
f 7137 7244 7245
f 7137 7138 7244
f 7138 7247 7244
f 7134 7137 7245
f 7249 7139 7135
f 7249 7135 7248
f 7248 7135 7246
f 7139 7249 7140
f 7138 7141 7247
f 7247 7141 7250
f 7249 7248 7251
f 7251 7140 7249
f 7251 7252 7140
f 7252 7142 7140
f 7253 7143 7254
f 7253 7250 7143
f 7250 7141 7143
f 7253 7254 7255
f 7142 7252 7144
f 7252 7256 7144
f 7143 7145 7254
f 7254 7145 7147
f 7254 7147 7255
f 7255 7147 7257
f 7144 7256 7148
f 7256 7258 7148
f 7147 7150 7257
f 7257 7150 7259
f 7261 7151 7148
f 7261 7148 7260
f 7260 7148 7258
f 7151 7261 7152
f 7150 7262 7259
f 7153 7262 7150
f 7262 7153 7155
f 7263 7262 7155
f 7265 7261 7260
f 7264 7265 7260
f 7152 7265 7156
f 7261 7265 7152
f 7155 7157 7263
f 7263 7157 7266
f 7268 7265 7264
f 7267 7268 7264
f 7156 7268 7158
f 7265 7268 7156
f 7157 7159 7266
f 7266 7159 7269
f 7271 7268 7267
f 7270 7271 7267
f 7158 7271 7160
f 7268 7271 7158
f 7272 7161 7273
f 7272 7269 7161
f 7269 7159 7161
f 7272 7273 7274
f 7162 7271 7270
f 7162 7270 7163
f 7163 7270 7275
f 7160 7271 7162
f 7161 7165 7273
f 7273 7165 7167
f 7273 7167 7274
f 7274 7167 7276
f 7163 7275 7168
f 7275 7277 7168
f 7278 7169 7279
f 7278 7276 7169
f 7276 7167 7169
f 7278 7279 7280
f 7283 7281 7282
f 7283 7277 7281
f 7283 7170 7277
f 7170 7168 7277
f 7169 7171 7279
f 7279 7171 7173
f 7279 7173 7280
f 7280 7173 7284
f 7287 7285 7286
f 7282 7285 7287
f 7283 7282 7287
f 7283 7287 7175
f 7283 7175 7174
f 7170 7283 7174
f 7288 7177 7289
f 7288 7284 7177
f 7284 7173 7177
f 7289 7291 7290
f 7288 7289 7290
f 7291 7293 7292
f 7290 7291 7292
f 7293 7295 7294
f 7292 7293 7294
f 7286 7294 7295
f 7287 7286 7295
f 7287 7295 7179
f 7287 7179 7178
f 7175 7287 7178
f 7177 7181 7289
f 7183 7289 7181
f 7291 7289 7183
f 7185 7291 7183
f 7293 7291 7185
f 7187 7293 7185
f 7295 7293 7187
f 7179 7295 7187
f 7194 7195 7296
f 7194 7297 7196
f 7296 7297 7194
f 7196 7298 7197
f 7297 7298 7196
f 7197 7299 7198
f 7298 7299 7197
f 7198 7300 7199
f 7299 7300 7198
f 7199 7300 7200
f 7296 7202 7301
f 7195 7202 7296
f 7303 7302 7297
f 7303 7297 7301
f 7301 7297 7296
f 7298 7297 7302
f 7304 7298 7302
f 7299 7298 7304
f 7305 7299 7304
f 7300 7299 7305
f 7306 7300 7305
f 7308 7306 7307
f 7203 7306 7308
f 7203 7300 7306
f 7203 7200 7300
f 7203 7308 7204
f 7205 7206 7309
f 7205 7309 7311
f 7202 7205 7311
f 7202 7311 7310
f 7202 7310 7301
f 7303 7301 7310
f 7308 7307 7312
f 7312 7204 7308
f 7312 7313 7204
f 7313 7207 7204
f 7309 7209 7314
f 7206 7209 7309
f 7315 7311 7309
f 7314 7315 7309
f 7207 7313 7210
f 7313 7316 7210
f 7212 7213 7317
f 7212 7317 7319
f 7209 7212 7319
f 7209 7319 7318
f 7209 7318 7314
f 7315 7314 7318
f 7321 7214 7210
f 7321 7210 7320
f 7320 7210 7316
f 7214 7321 7215
f 7317 7323 7322
f 7317 7213 7323
f 7213 7216 7323
f 7319 7317 7322
f 7321 7320 7324
f 7324 7215 7321
f 7324 7325 7215
f 7325 7217 7215
f 7216 7218 7323
f 7323 7218 7326
f 7217 7325 7219
f 7325 7327 7219
f 7220 7221 7328
f 7220 7328 7329
f 7220 7329 7218
f 7218 7329 7326
f 7219 7327 7222
f 7327 7330 7222
f 7328 7332 7331
f 7328 7221 7332
f 7221 7223 7332
f 7329 7328 7331
f 7222 7330 7224
f 7330 7333 7224
f 7225 7226 7334
f 7225 7334 7335
f 7225 7335 7223
f 7223 7335 7332
f 7227 7336 7337
f 7228 7227 7337
f 7333 7227 7224
f 7336 7227 7333
f 7334 7230 7338
f 7226 7230 7334
f 7339 7335 7334
f 7338 7339 7334
f 7228 7337 7231
f 7337 7340 7231
f 7338 7342 7341
f 7338 7230 7342
f 7230 7232 7342
f 7339 7338 7341
f 7345 7343 7344
f 7345 7340 7343
f 7345 7233 7340
f 7233 7231 7340
f 7232 7234 7342
f 7342 7234 7346
f 7235 7345 7344
f 7235 7344 7236
f 7236 7344 7347
f 7233 7345 7235
f 7348 7238 7349
f 7348 7346 7238
f 7346 7234 7238
f 7348 7349 7350
f 7236 7347 7240
f 7347 7351 7240
f 7349 7241 7352
f 7238 7241 7349
f 7353 7350 7349
f 7352 7353 7349
f 7240 7351 7243
f 7351 7354 7243
f 7352 7356 7355
f 7352 7241 7356
f 7241 7244 7356
f 7353 7352 7355
f 7243 7354 7246
f 7354 7357 7246
f 7244 7247 7356
f 7356 7247 7358
f 7246 7357 7248
f 7357 7359 7248
f 7360 7250 7361
f 7360 7358 7250
f 7358 7247 7250
f 7360 7361 7362
f 7248 7359 7363
f 7251 7248 7363
f 7363 7252 7251
f 7364 7252 7363
f 7250 7253 7361
f 7361 7253 7255
f 7361 7255 7362
f 7362 7255 7365
f 7252 7364 7256
f 7364 7366 7256
f 7255 7257 7365
f 7365 7257 7367
f 7256 7366 7258
f 7366 7368 7258
f 7369 7259 7370
f 7369 7367 7259
f 7367 7257 7259
f 7369 7370 7371
f 7258 7368 7260
f 7368 7372 7260
f 7259 7262 7370
f 7370 7262 7263
f 7370 7263 7371
f 7371 7263 7373
f 7260 7372 7264
f 7372 7374 7264
f 7263 7266 7373
f 7373 7266 7375
f 7264 7374 7267
f 7374 7376 7267
f 7377 7269 7378
f 7377 7375 7269
f 7375 7266 7269
f 7377 7378 7379
f 7267 7376 7270
f 7376 7380 7270
f 7269 7272 7378
f 7274 7382 7381
f 7272 7274 7381
f 7272 7381 7379
f 7272 7379 7378
f 7381 7382 7383
f 7270 7380 7275
f 7380 7384 7275
f 7382 7276 7385
f 7274 7276 7382
f 7386 7383 7382
f 7385 7386 7382
f 7389 7387 7388
f 7389 7384 7387
f 7389 7277 7384
f 7277 7275 7384
f 7276 7278 7385
f 7280 7391 7390
f 7278 7280 7390
f 7278 7390 7386
f 7278 7386 7385
f 7390 7391 7392
f 7395 7393 7394
f 7388 7393 7395
f 7389 7388 7395
f 7389 7395 7282
f 7389 7282 7281
f 7277 7389 7281
f 7391 7284 7396
f 7280 7284 7391
f 7397 7392 7391
f 7397 7391 7398
f 7398 7391 7396
f 7398 7400 7399
f 7397 7398 7399
f 7400 7402 7401
f 7399 7400 7401
f 7394 7401 7402
f 7395 7394 7402
f 7395 7402 7286
f 7395 7286 7285
f 7282 7395 7285
f 7284 7288 7396
f 7290 7396 7288
f 7398 7396 7290
f 7292 7398 7290
f 7400 7398 7292
f 7294 7400 7292
f 7402 7400 7294
f 7286 7402 7294
f 7302 7303 7403
f 7302 7404 7304
f 7403 7404 7302
f 7406 7304 7404
f 7406 7405 7304
f 7405 7305 7304
f 7408 7405 7407
f 7408 7306 7405
f 7306 7305 7405
f 7306 7408 7307
f 7310 7311 7409
f 7310 7409 7411
f 7303 7310 7411
f 7303 7411 7410
f 7303 7410 7403
f 7404 7403 7410
f 7412 7404 7410
f 7406 7404 7412
f 7408 7407 7413
f 7415 7413 7414
f 7312 7413 7415
f 7312 7408 7413
f 7312 7307 7408
f 7312 7415 7313
f 7409 7417 7416
f 7409 7311 7417
f 7311 7315 7417
f 7411 7409 7416
f 7415 7414 7418
f 7418 7313 7415
f 7418 7419 7313
f 7419 7316 7313
f 7318 7319 7420
f 7318 7420 7421
f 7318 7421 7315
f 7315 7421 7417
f 7316 7419 7320
f 7419 7422 7320
f 7322 7323 7423
f 7322 7423 7425
f 7319 7322 7425
f 7319 7425 7424
f 7319 7424 7420
f 7421 7420 7424
f 7427 7324 7320
f 7427 7320 7426
f 7426 7320 7422
f 7324 7427 7325
f 7423 7326 7428
f 7323 7326 7423
f 7429 7425 7423
f 7428 7429 7423
f 7427 7426 7430
f 7430 7325 7427
f 7430 7431 7325
f 7431 7327 7325
f 7428 7433 7432
f 7428 7326 7433
f 7326 7329 7433
f 7429 7428 7432
f 7327 7431 7330
f 7431 7434 7330
f 7331 7332 7435
f 7331 7435 7436
f 7331 7436 7329
f 7329 7436 7433
f 7439 7437 7438
f 7439 7434 7437
f 7439 7333 7434
f 7333 7330 7434
f 7435 7335 7440
f 7332 7335 7435
f 7441 7436 7435
f 7440 7441 7435
f 7336 7439 7438
f 7336 7438 7337
f 7337 7438 7442
f 7333 7439 7336
f 7440 7444 7443
f 7440 7335 7444
f 7335 7339 7444
f 7441 7440 7443
f 7337 7442 7340
f 7442 7445 7340
f 7341 7342 7446
f 7341 7446 7447
f 7341 7447 7339
f 7339 7447 7444
f 7343 7448 7449
f 7344 7343 7449
f 7445 7343 7340
f 7448 7343 7445
f 7446 7346 7450
f 7342 7346 7446
f 7451 7447 7446
f 7450 7451 7446
f 7344 7449 7347
f 7449 7452 7347
f 7346 7348 7450
f 7450 7348 7350
f 7450 7350 7451
f 7451 7350 7453
f 7347 7452 7351
f 7452 7454 7351
f 7350 7353 7453
f 7453 7353 7455
f 7351 7454 7354
f 7454 7456 7354
f 7355 7356 7457
f 7355 7457 7458
f 7355 7458 7353
f 7353 7458 7455
f 7354 7456 7357
f 7456 7459 7357
f 7457 7358 7460
f 7356 7358 7457
f 7461 7458 7457
f 7460 7461 7457
f 7357 7459 7359
f 7459 7462 7359
f 7358 7360 7460
f 7460 7360 7362
f 7460 7362 7461
f 7461 7362 7463
f 7465 7363 7359
f 7465 7359 7464
f 7464 7359 7462
f 7363 7465 7364
f 7466 7365 7467
f 7466 7463 7365
f 7463 7362 7365
f 7466 7467 7468
f 7465 7464 7469
f 7469 7364 7465
f 7469 7470 7364
f 7470 7366 7364
f 7467 7367 7471
f 7365 7367 7467
f 7472 7468 7467
f 7471 7472 7467
f 7366 7470 7368
f 7470 7473 7368
f 7367 7369 7471
f 7471 7369 7371
f 7471 7371 7472
f 7472 7371 7474
f 7368 7473 7372
f 7473 7475 7372
f 7476 7373 7477
f 7476 7474 7373
f 7474 7371 7373
f 7476 7477 7478
f 7372 7475 7374
f 7475 7479 7374
f 7477 7375 7480
f 7373 7375 7477
f 7481 7478 7477
f 7480 7481 7477
f 7374 7479 7376
f 7479 7482 7376
f 7375 7377 7480
f 7379 7484 7483
f 7377 7379 7483
f 7377 7483 7481
f 7377 7481 7480
f 7483 7484 7485
f 7376 7482 7380
f 7482 7486 7380
f 7379 7381 7484
f 7484 7381 7383
f 7484 7383 7485
f 7485 7383 7487
f 7490 7488 7489
f 7490 7486 7488
f 7490 7384 7486
f 7384 7380 7486
f 7491 7386 7492
f 7491 7487 7386
f 7487 7383 7386
f 7491 7492 7493
f 7387 7490 7489
f 7387 7489 7388
f 7388 7489 7494
f 7384 7490 7387
f 7386 7390 7492
f 7392 7496 7495
f 7390 7392 7495
f 7390 7495 7493
f 7390 7493 7492
f 7496 7498 7497
f 7495 7496 7497
f 7498 7500 7499
f 7497 7498 7499
f 7500 7394 7393
f 7500 7393 7499
f 7499 7393 7501
f 7494 7393 7388
f 7501 7393 7494
f 7392 7397 7496
f 7399 7496 7397
f 7498 7496 7399
f 7401 7498 7399
f 7500 7498 7401
f 7394 7500 7401
f 7405 7406 7502
f 7405 7502 7407
f 7410 7411 7503
f 7410 7504 7412
f 7503 7504 7410
f 7412 7502 7406
f 7412 7504 7502
f 7504 7505 7502
f 7407 7506 7413
f 7407 7502 7506
f 7502 7505 7506
f 7413 7506 7414
f 7416 7417 7507
f 7416 7507 7509
f 7411 7416 7509
f 7411 7509 7508
f 7411 7508 7503
f 7504 7503 7508
f 7510 7504 7508
f 7505 7504 7510
f 7511 7505 7510
f 7506 7505 7511
f 7512 7506 7511
f 7514 7512 7513
f 7418 7512 7514
f 7418 7506 7512
f 7418 7414 7506
f 7418 7514 7419
f 7507 7421 7515
f 7417 7421 7507
f 7516 7509 7507
f 7515 7516 7507
f 7514 7513 7517
f 7517 7419 7514
f 7517 7518 7419
f 7518 7422 7419
f 7424 7425 7519
f 7424 7519 7521
f 7421 7424 7521
f 7421 7521 7520
f 7421 7520 7515
f 7516 7515 7520
f 7422 7518 7426
f 7518 7522 7426
f 7519 7429 7523
f 7425 7429 7519
f 7524 7521 7519
f 7523 7524 7519
f 7526 7430 7426
f 7526 7426 7525
f 7525 7426 7522
f 7430 7526 7431
f 7432 7433 7527
f 7432 7527 7529
f 7429 7432 7529
f 7429 7529 7528
f 7429 7528 7523
f 7524 7523 7528
f 7526 7525 7530
f 7530 7431 7526
f 7530 7531 7431
f 7531 7434 7431
f 7527 7436 7532
f 7433 7436 7527
f 7533 7529 7527
f 7532 7533 7527
f 7437 7534 7535
f 7438 7437 7535
f 7531 7437 7434
f 7534 7437 7531
f 7532 7441 7536
f 7436 7441 7532
f 7537 7533 7532
f 7536 7537 7532
f 7438 7535 7442
f 7535 7538 7442
f 7443 7444 7539
f 7443 7539 7541
f 7441 7443 7541
f 7441 7541 7540
f 7441 7540 7536
f 7537 7536 7540
f 7442 7538 7445
f 7538 7542 7445
f 7539 7447 7543
f 7444 7447 7539
f 7544 7541 7539
f 7543 7544 7539
f 7448 7545 7449
f 7448 7546 7545
f 7448 7445 7546
f 7445 7542 7546
f 7543 7451 7547
f 7447 7451 7543
f 7548 7544 7543
f 7547 7548 7543
f 7545 7549 7550
f 7545 7550 7449
f 7449 7550 7452
f 7546 7549 7545
f 7547 7453 7551
f 7451 7453 7547
f 7552 7548 7547
f 7551 7552 7547
f 7452 7550 7454
f 7550 7553 7454
f 7551 7455 7554
f 7453 7455 7551
f 7555 7552 7551
f 7554 7555 7551
f 7454 7553 7456
f 7553 7556 7456
f 7554 7458 7557
f 7455 7458 7554
f 7558 7555 7554
f 7557 7558 7554
f 7456 7556 7459
f 7556 7559 7459
f 7557 7461 7560
f 7458 7461 7557
f 7561 7558 7557
f 7560 7561 7557
f 7459 7559 7462
f 7559 7562 7462
f 7560 7463 7563
f 7461 7463 7560
f 7564 7561 7560
f 7563 7564 7560
f 7565 7566 7464
f 7565 7464 7562
f 7562 7464 7462
f 7565 7567 7566
f 7463 7466 7563
f 7468 7569 7568
f 7466 7468 7568
f 7466 7568 7564
f 7466 7564 7563
f 7568 7569 7570
f 7464 7566 7469
f 7566 7470 7469
f 7566 7567 7470
f 7567 7571 7470
f 7569 7472 7572
f 7468 7472 7569
f 7573 7570 7569
f 7572 7573 7569
f 7470 7571 7473
f 7571 7574 7473
f 7572 7474 7575
f 7472 7474 7572
f 7576 7573 7572
f 7575 7576 7572
f 7473 7574 7475
f 7574 7577 7475
f 7474 7476 7575
f 7478 7579 7578
f 7476 7478 7578
f 7476 7578 7576
f 7476 7576 7575
f 7578 7579 7580
f 7475 7577 7479
f 7577 7581 7479
f 7579 7481 7582
f 7478 7481 7579
f 7583 7580 7579
f 7582 7583 7579
f 7479 7581 7482
f 7581 7584 7482
f 7481 7483 7582
f 7485 7586 7585
f 7483 7485 7585
f 7483 7585 7583
f 7483 7583 7582
f 7585 7586 7587
f 7482 7584 7486
f 7584 7588 7486
f 7586 7487 7589
f 7485 7487 7586
f 7590 7587 7586
f 7590 7586 7591
f 7591 7586 7589
f 7590 7591 7592
f 7488 7593 7594
f 7489 7488 7594
f 7588 7488 7486
f 7593 7488 7588
f 7487 7491 7589
f 7493 7589 7491
f 7493 7595 7589
f 7595 7591 7589
f 7596 7592 7591
f 7596 7591 7597
f 7597 7591 7595
f 7596 7597 7598
f 7601 7599 7600
f 7601 7594 7599
f 7601 7494 7594
f 7494 7489 7594
f 7493 7495 7595
f 7497 7595 7495
f 7597 7595 7497
f 7597 7602 7598
f 7597 7497 7602
f 7497 7499 7602
f 7600 7501 7601
f 7600 7602 7501
f 7602 7499 7501
f 7494 7601 7501
f 7508 7509 7603
f 7508 7604 7510
f 7603 7604 7508
f 7510 7605 7511
f 7604 7605 7510
f 7511 7606 7512
f 7605 7606 7511
f 7512 7606 7513
f 7603 7516 7607
f 7509 7516 7603
f 7609 7608 7604
f 7609 7604 7607
f 7607 7604 7603
f 7605 7604 7608
f 7610 7605 7608
f 7606 7605 7610
f 7611 7606 7610
f 7613 7611 7612
f 7517 7611 7613
f 7517 7606 7611
f 7517 7513 7606
f 7517 7613 7518
f 7520 7521 7614
f 7520 7614 7616
f 7516 7520 7616
f 7516 7616 7615
f 7516 7615 7607
f 7609 7607 7615
f 7613 7612 7617
f 7617 7518 7613
f 7617 7618 7518
f 7618 7522 7518
f 7614 7524 7619
f 7521 7524 7614
f 7620 7616 7614
f 7619 7620 7614
f 7522 7618 7525
f 7618 7621 7525
f 7528 7529 7622
f 7528 7622 7624
f 7524 7528 7624
f 7524 7624 7623
f 7524 7623 7619
f 7620 7619 7623
f 7626 7530 7525
f 7626 7525 7625
f 7625 7525 7621
f 7530 7626 7531
f 7622 7533 7627
f 7529 7533 7622
f 7628 7624 7622
f 7627 7628 7622
f 7534 7626 7625
f 7534 7625 7535
f 7535 7625 7629
f 7531 7626 7534
f 7627 7537 7630
f 7533 7537 7627
f 7631 7628 7627
f 7630 7631 7627
f 7535 7629 7538
f 7629 7632 7538
f 7540 7541 7633
f 7540 7633 7635
f 7537 7540 7635
f 7537 7635 7634
f 7537 7634 7630
f 7631 7630 7634
f 7538 7632 7542
f 7632 7636 7542
f 7633 7544 7637
f 7541 7544 7633
f 7638 7635 7633
f 7637 7638 7633
f 7542 7636 7546
f 7636 7639 7546
f 7637 7548 7640
f 7544 7548 7637
f 7641 7638 7637
f 7640 7641 7637
f 7549 7642 7550
f 7549 7643 7642
f 7549 7546 7643
f 7546 7639 7643
f 7640 7552 7644
f 7548 7552 7640
f 7645 7641 7640
f 7644 7645 7640
f 7642 7646 7553
f 7550 7642 7553
f 7647 7642 7643
f 7646 7642 7647
f 7644 7555 7648
f 7552 7555 7644
f 7649 7645 7644
f 7648 7649 7644
f 7646 7650 7651
f 7646 7651 7553
f 7553 7651 7556
f 7647 7650 7646
f 7648 7558 7652
f 7555 7558 7648
f 7653 7649 7648
f 7652 7653 7648
f 7654 7655 7559
f 7654 7559 7651
f 7651 7559 7556
f 7654 7656 7655
f 7652 7561 7657
f 7558 7561 7652
f 7658 7653 7652
f 7657 7658 7652
f 7655 7659 7562
f 7559 7655 7562
f 7660 7655 7656
f 7659 7655 7660
f 7657 7564 7661
f 7561 7564 7657
f 7662 7658 7657
f 7661 7662 7657
f 7562 7659 7565
f 7659 7567 7565
f 7659 7660 7567
f 7660 7663 7567
f 7564 7568 7661
f 7570 7665 7664
f 7568 7570 7664
f 7568 7664 7662
f 7568 7662 7661
f 7664 7665 7666
f 7567 7663 7571
f 7663 7667 7571
f 7665 7573 7668
f 7570 7573 7665
f 7669 7666 7665
f 7668 7669 7665
f 7571 7667 7574
f 7667 7670 7574
f 7668 7576 7671
f 7573 7576 7668
f 7672 7669 7668
f 7671 7672 7668
f 7574 7670 7577
f 7670 7673 7577
f 7576 7578 7671
f 7580 7675 7674
f 7578 7580 7674
f 7578 7674 7672
f 7578 7672 7671
f 7674 7675 7676
f 7577 7673 7581
f 7673 7677 7581
f 7675 7583 7678
f 7580 7583 7675
f 7679 7676 7675
f 7678 7679 7675
f 7581 7677 7584
f 7677 7680 7584
f 7583 7585 7678
f 7587 7682 7681
f 7585 7587 7681
f 7585 7681 7679
f 7585 7679 7678
f 7681 7682 7683
f 7584 7680 7588
f 7680 7684 7588
f 7587 7590 7682
f 7592 7686 7685
f 7590 7592 7685
f 7590 7685 7683
f 7590 7683 7682
f 7686 7688 7687
f 7685 7686 7687
f 7688 7690 7689
f 7687 7688 7689
f 7690 7594 7593
f 7690 7593 7689
f 7689 7593 7691
f 7684 7593 7588
f 7691 7593 7684
f 7592 7596 7686
f 7598 7686 7596
f 7598 7692 7686
f 7692 7688 7686
f 7599 7692 7600
f 7599 7690 7692
f 7690 7688 7692
f 7594 7690 7599
f 7598 7602 7692
f 7600 7692 7602
f 7608 7609 7693
f 7608 7694 7610
f 7693 7694 7608
f 7610 7695 7611
f 7694 7695 7610
f 7611 7695 7612
f 7615 7616 7696
f 7615 7693 7609
f 7615 7696 7693
f 7696 7697 7693
f 7694 7693 7698
f 7698 7693 7697
f 7700 7699 7695
f 7700 7695 7698
f 7698 7695 7694
f 7702 7699 7701
f 7617 7699 7702
f 7617 7695 7699
f 7617 7612 7695
f 7617 7702 7618
f 7696 7620 7703
f 7616 7620 7696
f 7705 7704 7697
f 7705 7697 7703
f 7703 7697 7696
f 7698 7697 7704
f 7706 7698 7704
f 7700 7698 7706
f 7702 7701 7707
f 7707 7618 7702
f 7707 7708 7618
f 7708 7621 7618
f 7623 7624 7709
f 7623 7709 7711
f 7620 7623 7711
f 7620 7711 7710
f 7620 7710 7703
f 7705 7703 7710
f 7621 7708 7625
f 7708 7712 7625
f 7715 7714 7713
f 7715 7716 7717
f 7713 7716 7715
f 7716 7718 7717
f 7709 7628 7719
f 7624 7628 7709
f 7720 7711 7709
f 7719 7720 7709
f 7625 7712 7629
f 7712 7721 7629
f 7723 7714 7715
f 7722 7714 7723
f 7717 7724 7715
f 7724 7723 7715
f 7725 7717 7718
f 7725 7726 7717
f 7726 7724 7717
f 7725 7727 7726
f 7719 7631 7728
f 7628 7631 7719
f 7729 7720 7719
f 7728 7729 7719
f 7629 7721 7632
f 7721 7730 7632
f 7732 7722 7723
f 7731 7722 7732
f 7724 7733 7723
f 7733 7732 7723
f 7726 7734 7724
f 7734 7733 7724
f 7735 7726 7727
f 7735 7736 7726
f 7736 7734 7726
f 7735 7737 7736
f 7634 7635 7738
f 7634 7728 7631
f 7634 7738 7728
f 7738 7739 7728
f 7740 7729 7728
f 7739 7740 7728
f 7632 7730 7636
f 7730 7741 7636
f 7743 7731 7732
f 7742 7731 7743
f 7733 7744 7732
f 7744 7743 7732
f 7734 7745 7733
f 7745 7744 7733
f 7736 7746 7734
f 7746 7745 7734
f 7747 7736 7737
f 7746 7736 7747
f 7738 7638 7748
f 7635 7638 7738
f 7739 7738 7749
f 7749 7738 7748
f 7750 7740 7739
f 7749 7750 7739
f 7636 7741 7639
f 7741 7751 7639
f 7753 7742 7743
f 7752 7742 7753
f 7744 7754 7743
f 7754 7753 7743
f 7745 7755 7744
f 7755 7754 7744
f 7757 7746 7756
f 7757 7755 7746
f 7755 7745 7746
f 7747 7756 7746
f 7748 7641 7758
f 7638 7641 7748
f 7749 7748 7759
f 7759 7748 7758
f 7760 7750 7749
f 7759 7760 7749
f 7639 7751 7643
f 7751 7761 7643
f 7753 7762 7752
f 7754 7762 7753
f 7763 7762 7754
f 7755 7763 7754
f 7764 7763 7755
f 7757 7764 7755
f 7758 7645 7765
f 7641 7645 7758
f 7759 7758 7766
f 7766 7758 7765
f 7767 7760 7759
f 7766 7767 7759
f 7643 7761 7647
f 7761 7768 7647
f 7765 7649 7769
f 7645 7649 7765
f 7766 7765 7770
f 7770 7765 7769
f 7771 7767 7766
f 7770 7771 7766
f 7650 7772 7651
f 7650 7773 7772
f 7650 7647 7773
f 7647 7768 7773
f 7769 7653 7774
f 7649 7653 7769
f 7770 7769 7775
f 7775 7769 7774
f 7776 7771 7770
f 7775 7776 7770
f 7651 7772 7654
f 7772 7656 7654
f 7772 7773 7656
f 7773 7777 7656
f 7774 7658 7778
f 7653 7658 7774
f 7775 7774 7779
f 7779 7774 7778
f 7780 7776 7775
f 7779 7780 7775
f 7656 7777 7660
f 7777 7781 7660
f 7778 7662 7782
f 7658 7662 7778
f 7779 7778 7783
f 7783 7778 7782
f 7784 7780 7779
f 7783 7784 7779
f 7660 7781 7663
f 7781 7785 7663
f 7788 7787 7786
f 7788 7789 7790
f 7786 7789 7788
f 7790 7791 7792
f 7789 7791 7790
f 7791 7793 7792
f 7662 7664 7782
f 7666 7782 7664
f 7666 7794 7782
f 7794 7783 7782
f 7795 7784 7783
f 7794 7795 7783
f 7663 7785 7667
f 7785 7796 7667
f 7798 7787 7788
f 7797 7787 7798
f 7790 7799 7788
f 7799 7798 7788
f 7792 7800 7790
f 7800 7799 7790
f 7801 7792 7793
f 7800 7792 7801
f 7794 7669 7802
f 7666 7669 7794
f 7803 7795 7794
f 7802 7803 7794
f 7667 7796 7670
f 7796 7804 7670
f 7806 7797 7798
f 7805 7797 7806
f 7799 7807 7798
f 7807 7806 7798
f 7809 7800 7808
f 7809 7807 7800
f 7807 7799 7800
f 7801 7808 7800
f 7802 7672 7810
f 7669 7672 7802
f 7811 7803 7802
f 7811 7802 7812
f 7812 7802 7810
f 7811 7812 7813
f 7670 7804 7673
f 7804 7814 7673
f 7806 7815 7805
f 7807 7815 7806
f 7816 7815 7807
f 7809 7816 7807
f 7672 7674 7810
f 7676 7810 7674
f 7676 7817 7810
f 7817 7812 7810
f 7818 7813 7812
f 7818 7812 7819
f 7819 7812 7817
f 7818 7819 7820
f 7673 7814 7677
f 7814 7821 7677
f 7817 7679 7822
f 7676 7679 7817
f 7819 7817 7823
f 7823 7817 7822
f 7824 7820 7819
f 7824 7819 7825
f 7825 7819 7823
f 7824 7825 7826
f 7677 7821 7680
f 7821 7827 7680
f 7679 7681 7822
f 7683 7822 7681
f 7683 7828 7822
f 7828 7823 7822
f 7825 7823 7829
f 7829 7823 7828
f 7830 7826 7825
f 7830 7825 7831
f 7831 7825 7829
f 7831 7833 7832
f 7830 7831 7832
f 7833 7827 7832
f 7833 7684 7827
f 7684 7680 7827
f 7683 7685 7828
f 7687 7828 7685
f 7829 7828 7687
f 7689 7829 7687
f 7831 7829 7689
f 7691 7831 7689
f 7833 7831 7691
f 7684 7833 7691
f 7699 7700 7834
f 7699 7834 7701
f 7704 7705 7835
f 7704 7836 7706
f 7835 7836 7704
f 7706 7834 7700
f 7706 7836 7834
f 7836 7837 7834
f 7701 7838 7707
f 7701 7834 7838
f 7834 7837 7838
f 7707 7838 7708
f 7710 7711 7839
f 7710 7835 7705
f 7710 7839 7835
f 7839 7840 7835
f 7842 7841 7836
f 7842 7836 7840
f 7840 7836 7835
f 7837 7836 7841
f 7843 7837 7841
f 7838 7837 7843
f 7844 7838 7843
f 7838 7712 7708
f 7838 7845 7712
f 7838 7844 7845
f 7846 7712 7845
f 7846 7713 7714
f 7846 7845 7713
f 7845 7847 7713
f 7716 7713 7848
f 7713 7847 7848
f 7718 7849 7850
f 7718 7716 7849
f 7716 7848 7849
f 7850 7851 7852
f 7849 7851 7850
f 7851 7853 7852
f 7839 7720 7854
f 7711 7720 7839
f 7856 7855 7840
f 7856 7840 7854
f 7854 7840 7839
f 7842 7840 7855
f 7846 7857 7721
f 7712 7846 7721
f 7714 7722 7857
f 7846 7714 7857
f 7718 7850 7725
f 7727 7725 7850
f 7727 7850 7858
f 7858 7850 7852
f 7859 7852 7853
f 7859 7860 7852
f 7860 7858 7852
f 7860 7861 7862
f 7859 7861 7860
f 7861 7863 7862
f 7854 7729 7864
f 7720 7729 7854
f 7865 7856 7854
f 7864 7865 7854
f 7857 7866 7730
f 7721 7857 7730
f 7722 7731 7866
f 7857 7722 7866
f 7727 7858 7735
f 7737 7735 7858
f 7737 7858 7867
f 7867 7858 7860
f 7862 7868 7860
f 7868 7867 7860
f 7869 7862 7863
f 7869 7870 7862
f 7870 7868 7862
f 7870 7871 7872
f 7869 7871 7870
f 7872 7873 7874
f 7871 7873 7872
f 7874 7875 7876
f 7873 7875 7874
f 7875 7877 7876
f 7864 7740 7878
f 7729 7740 7864
f 7879 7865 7864
f 7878 7879 7864
f 7866 7880 7741
f 7730 7866 7741
f 7731 7742 7880
f 7866 7731 7880
f 7867 7881 7747
f 7737 7867 7747
f 7868 7882 7867
f 7882 7881 7867
f 7870 7883 7868
f 7883 7882 7868
f 7872 7884 7870
f 7884 7883 7870
f 7874 7885 7872
f 7885 7884 7872
f 7876 7886 7874
f 7886 7885 7874
f 7887 7876 7877
f 7887 7888 7876
f 7888 7886 7876
f 7888 7889 7890
f 7887 7889 7888
f 7889 7891 7890
f 7878 7750 7892
f 7740 7750 7878
f 7893 7879 7878
f 7892 7893 7878
f 7880 7894 7751
f 7741 7880 7751
f 7742 7752 7894
f 7880 7742 7894
f 7756 7895 7757
f 7756 7747 7881
f 7756 7881 7895
f 7895 7881 7896
f 7882 7897 7881
f 7897 7896 7881
f 7883 7898 7882
f 7898 7897 7882
f 7884 7899 7883
f 7899 7898 7883
f 7885 7900 7884
f 7900 7899 7884
f 7886 7901 7885
f 7901 7900 7885
f 7888 7902 7886
f 7902 7901 7886
f 7890 7903 7888
f 7903 7902 7888
f 7904 7890 7891
f 7904 7905 7890
f 7905 7903 7890
f 7904 7906 7905
f 7892 7760 7907
f 7750 7760 7892
f 7908 7893 7892
f 7907 7908 7892
f 7894 7909 7761
f 7751 7894 7761
f 7752 7762 7910
f 7752 7910 7894
f 7894 7910 7909
f 7762 7763 7911
f 7910 7762 7911
f 7763 7764 7912
f 7911 7763 7912
f 7764 7914 7912
f 7757 7914 7764
f 7757 7913 7914
f 7757 7895 7913
f 7896 7913 7895
f 7915 7913 7896
f 7897 7915 7896
f 7916 7915 7897
f 7898 7916 7897
f 7917 7916 7898
f 7917 7919 7918
f 7917 7898 7919
f 7898 7899 7919
f 7900 7920 7899
f 7920 7919 7899
f 7901 7921 7900
f 7921 7920 7900
f 7902 7922 7901
f 7922 7921 7901
f 7903 7923 7902
f 7923 7922 7902
f 7925 7905 7924
f 7925 7923 7905
f 7923 7903 7905
f 7906 7924 7905
f 7907 7767 7926
f 7760 7767 7907
f 7927 7908 7907
f 7927 7907 7928
f 7928 7907 7926
f 7927 7928 7929
f 7909 7930 7768
f 7761 7909 7768
f 7910 7931 7909
f 7931 7930 7909
f 7911 7932 7910
f 7932 7931 7910
f 7934 7912 7933
f 7934 7932 7912
f 7932 7911 7912
f 7914 7933 7912
f 7919 7935 7918
f 7920 7935 7919
f 7936 7935 7920
f 7921 7936 7920
f 7937 7936 7921
f 7922 7937 7921
f 7938 7937 7922
f 7923 7938 7922
f 7939 7938 7923
f 7925 7939 7923
f 7926 7771 7940
f 7767 7771 7926
f 7928 7926 7941
f 7941 7926 7940
f 7942 7929 7928
f 7941 7942 7928
f 7930 7943 7773
f 7768 7930 7773
f 7931 7944 7930
f 7944 7943 7930
f 7932 7945 7931
f 7945 7944 7931
f 7946 7932 7934
f 7945 7932 7946
f 7940 7776 7947
f 7771 7776 7940
f 7949 7948 7941
f 7949 7941 7947
f 7947 7941 7940
f 7942 7941 7948
f 7943 7950 7777
f 7773 7943 7777
f 7944 7951 7943
f 7951 7950 7943
f 7945 7952 7944
f 7952 7951 7944
f 7953 7945 7946
f 7952 7945 7953
f 7947 7780 7954
f 7776 7780 7947
f 7955 7949 7947
f 7954 7955 7947
f 7950 7956 7781
f 7777 7950 7781
f 7951 7957 7950
f 7957 7956 7950
f 7952 7958 7951
f 7958 7957 7951
f 7959 7952 7953
f 7959 7960 7952
f 7960 7958 7952
f 7960 7961 7962
f 7959 7961 7960
f 7962 7963 7964
f 7961 7963 7962
f 7964 7965 7966
f 7963 7965 7964
f 7966 7967 7968
f 7965 7967 7966
f 7968 7969 7970
f 7967 7969 7968
f 7970 7971 7972
f 7969 7971 7970
f 7972 7973 7974
f 7971 7973 7972
f 7974 7975 7976
f 7973 7975 7974
f 7975 7977 7976
f 7954 7784 7978
f 7780 7784 7954
f 7979 7955 7954
f 7978 7979 7954
f 7956 7980 7785
f 7781 7956 7785
f 7786 7787 7980
f 7786 7980 7957
f 7957 7980 7956
f 7789 7786 7957
f 7958 7789 7957
f 7791 7789 7958
f 7960 7791 7958
f 7793 7791 7960
f 7793 7960 7981
f 7981 7960 7962
f 7964 7982 7962
f 7982 7981 7962
f 7966 7983 7964
f 7983 7982 7964
f 7968 7984 7966
f 7984 7983 7966
f 7970 7985 7968
f 7985 7984 7968
f 7972 7986 7970
f 7986 7985 7970
f 7974 7987 7972
f 7987 7986 7972
f 7989 7976 7988
f 7989 7987 7976
f 7987 7974 7976
f 7977 7988 7976
f 7978 7795 7990
f 7784 7795 7978
f 7991 7979 7978
f 7990 7991 7978
f 7980 7992 7796
f 7785 7980 7796
f 7787 7797 7992
f 7980 7787 7992
f 7981 7993 7801
f 7793 7981 7801
f 7982 7994 7981
f 7994 7993 7981
f 7983 7995 7982
f 7995 7994 7982
f 7984 7996 7983
f 7996 7995 7983
f 7985 7997 7984
f 7997 7996 7984
f 7986 7998 7985
f 7998 7997 7985
f 8000 7987 7999
f 8000 7998 7987
f 7998 7986 7987
f 7989 7999 7987
f 7990 7803 8001
f 7795 7803 7990
f 8002 7991 7990
f 8002 7990 8003
f 8003 7990 8001
f 8002 8003 8004
f 7992 8005 7804
f 7796 7992 7804
f 7797 7805 8005
f 7992 7797 8005
f 7808 8006 7809
f 7808 7801 7993
f 7808 7993 8006
f 8006 7993 8007
f 7994 8008 7993
f 8008 8007 7993
f 8010 7995 8009
f 8010 8008 7995
f 8008 7994 7995
f 7996 8009 7995
f 8011 8009 7996
f 7997 8011 7996
f 8012 8011 7997
f 7998 8012 7997
f 8013 8012 7998
f 8000 8013 7998
f 7803 7811 8001
f 7813 8001 7811
f 7813 8014 8001
f 8014 8003 8001
f 8015 8004 8003
f 8015 8003 8016
f 8016 8003 8014
f 8015 8016 8017
f 8005 8018 7814
f 7804 8005 7814
f 7805 7815 8019
f 7805 8019 8005
f 8005 8019 8018
f 7815 7816 8020
f 8019 7815 8020
f 7816 7809 8006
f 7816 8006 8020
f 8020 8006 8021
f 8023 8007 8022
f 8023 8021 8007
f 8021 8006 8007
f 8008 8022 8007
f 8024 8022 8008
f 8010 8024 8008
f 7813 7818 8014
f 7820 8014 7818
f 7820 8025 8014
f 8025 8016 8014
f 8026 8017 8016
f 8026 8016 8027
f 8027 8016 8025
f 8027 8029 8028
f 8026 8027 8028
f 8018 8030 8028
f 8018 8028 7821
f 8018 7821 7814
f 7821 8028 8029
f 8019 8030 8018
f 8031 8030 8019
f 8020 8031 8019
f 8032 8031 8020
f 8021 8032 8020
f 8033 8032 8021
f 8023 8033 8021
f 7820 7824 8025
f 7826 8025 7824
f 7826 8034 8025
f 8034 8027 8025
f 8029 8027 8035
f 8035 8027 8034
f 7821 8035 7827
f 8029 8035 7821
f 7826 7830 8034
f 7832 8034 7830
f 8035 8034 7832
f 7827 8035 7832
f 7841 7842 8036
f 7841 8037 7843
f 8036 8037 7841
f 7843 8038 7844
f 8037 8038 7843
f 7844 8039 7845
f 8038 8039 7844
f 7845 8040 7847
f 8039 8040 7845
f 7847 8041 7848
f 8040 8041 7847
f 7848 8042 7849
f 8041 8042 7848
f 7849 8043 7851
f 8042 8043 7849
f 7851 8043 7853
f 7855 7856 8044
f 7855 8036 7842
f 7855 8044 8036
f 8044 8045 8036
f 8037 8036 8046
f 8046 8036 8045
f 8038 8037 8047
f 8047 8037 8046
f 8049 8048 8039
f 8049 8039 8047
f 8047 8039 8038
f 8040 8039 8048
f 8050 8040 8048
f 8041 8040 8050
f 8051 8041 8050
f 8042 8041 8051
f 8052 8042 8051
f 8043 8042 8052
f 8053 8043 8052
f 7853 8043 8053
f 7853 8053 7859
f 7859 8053 8054
f 7861 7859 8055
f 7859 8054 8055
f 8055 7863 7861
f 8056 7863 8055
f 8044 7865 8057
f 7856 7865 8044
f 8045 8044 8058
f 8058 8044 8057
f 8060 8059 8046
f 8060 8046 8058
f 8058 8046 8045
f 8059 8061 8062
f 8059 8062 8046
f 8046 8062 8047
f 8063 8049 8047
f 8062 8063 8047
f 7863 8056 8064
f 7869 7863 8064
f 7871 7869 8065
f 7869 8064 8065
f 7873 7871 8066
f 7871 8065 8066
f 7875 7873 8067
f 7873 8066 8067
f 7877 8068 8069
f 7877 7875 8068
f 7875 8067 8068
f 8069 8070 8071
f 8068 8070 8069
f 8071 8072 8073
f 8070 8072 8071
f 8072 8074 8073
f 8057 7879 8075
f 7865 7879 8057
f 8058 8057 8076
f 8076 8057 8075
f 8077 8060 8058
f 8076 8077 8058
f 8062 8061 8078
f 8063 8062 8078
f 7877 8069 7887
f 7889 7887 8069
f 8071 7889 8069
f 7891 7889 8071
f 7891 8071 8079
f 8079 8071 8073
f 8080 8073 8074
f 8080 8081 8073
f 8081 8079 8073
f 8081 8082 8083
f 8080 8082 8081
f 8083 8084 8085
f 8082 8084 8083
f 8085 8086 8087
f 8084 8086 8085
f 8086 8088 8087
f 8075 7893 8089
f 7879 7893 8075
f 8076 8075 8090
f 8090 8075 8089
f 8091 8077 8076
f 8090 8091 8076
f 7891 8079 7904
f 7906 7904 8079
f 7906 8079 8092
f 8092 8079 8081
f 8083 8093 8081
f 8093 8092 8081
f 8085 8094 8083
f 8094 8093 8083
f 8087 8095 8085
f 8095 8094 8085
f 8096 8087 8088
f 8095 8087 8096
f 8089 7908 8097
f 7893 7908 8089
f 8090 8089 8098
f 8098 8089 8097
f 8099 8091 8090
f 8098 8099 8090
f 7913 8100 7914
f 7913 7915 8101
f 8100 7913 8101
f 7915 7916 8102
f 8101 7915 8102
f 7916 7917 8103
f 8102 7916 8103
f 7917 7918 8103
f 7924 8104 7925
f 7924 7906 8092
f 7924 8092 8104
f 8104 8092 8105
f 8093 8106 8092
f 8106 8105 8092
f 8094 8107 8093
f 8107 8106 8093
f 8095 8108 8094
f 8108 8107 8094
f 8109 8095 8096
f 8109 8110 8095
f 8110 8108 8095
f 8109 8111 8110
f 7908 7927 8097
f 7929 8097 7927
f 7929 8112 8097
f 8112 8098 8097
f 8113 8099 8098
f 8113 8098 8114
f 8114 8098 8112
f 8113 8114 8115
f 7933 8116 7934
f 7933 7914 8100
f 7933 8100 8116
f 8116 8100 8117
f 8101 8118 8100
f 8118 8117 8100
f 8120 8102 8119
f 8120 8118 8102
f 8118 8101 8102
f 8103 8119 8102
f 8121 8119 8103
f 7918 8121 8103
f 7918 7935 8121
f 7935 8122 8121
f 7936 8123 7935
f 7935 8123 8122
f 7937 8124 7936
f 7936 8124 8123
f 7938 8125 7937
f 7937 8125 8124
f 7939 8126 7938
f 7938 8126 8125
f 8104 7939 7925
f 8104 8127 7939
f 8127 8126 7939
f 8105 8127 8104
f 8128 8127 8105
f 8128 8130 8129
f 8128 8105 8130
f 8105 8106 8130
f 8107 8131 8106
f 8131 8130 8106
f 8108 8132 8107
f 8132 8131 8107
f 8110 8133 8108
f 8133 8132 8108
f 8134 8110 8111
f 8133 8110 8134
f 8112 7942 8135
f 7929 7942 8112
f 8114 8112 8136
f 8136 8112 8135
f 8137 8115 8114
f 8136 8137 8114
f 8116 8138 7946
f 7934 8116 7946
f 8117 8139 8116
f 8139 8138 8116
f 8118 8140 8117
f 8140 8139 8117
f 8141 8118 8120
f 8140 8118 8141
f 8143 8129 8130
f 8142 8129 8143
f 8131 8144 8130
f 8144 8143 8130
f 8132 8145 8131
f 8145 8144 8131
f 8133 8146 8132
f 8146 8145 8132
f 8147 8133 8134
f 8146 8133 8147
f 7948 7949 8148
f 7948 8135 7942
f 7948 8148 8135
f 8148 8149 8135
f 8151 8150 8136
f 8151 8136 8149
f 8149 8136 8135
f 8137 8136 8150
f 8138 8152 7953
f 7946 8138 7953
f 8139 8153 8138
f 8153 8152 8138
f 8140 8154 8139
f 8154 8153 8139
f 8155 8140 8141
f 8155 8156 8140
f 8156 8154 8140
f 8156 8157 8158
f 8155 8157 8156
f 8158 8159 8160
f 8157 8159 8158
f 8160 8161 8162
f 8159 8161 8160
f 8162 8163 8164
f 8161 8163 8162
f 8164 8165 8166
f 8163 8165 8164
f 8166 8167 8168
f 8165 8167 8166
f 8168 8169 8170
f 8167 8169 8168
f 8170 8171 8172
f 8169 8171 8170
f 8142 8172 8171
f 8142 8143 8172
f 8143 8173 8172
f 8144 8174 8143
f 8174 8173 8143
f 8145 8175 8144
f 8175 8174 8144
f 8146 8176 8145
f 8176 8175 8145
f 8177 8146 8147
f 8176 8146 8177
f 8148 7955 8178
f 7949 7955 8148
f 8149 8148 8179
f 8179 8148 8178
f 8180 8151 8149
f 8179 8180 8149
f 7953 8152 7959
f 7961 7959 8152
f 8153 7961 8152
f 7963 7961 8153
f 8154 7963 8153
f 7965 7963 8154
f 8156 7965 8154
f 7967 7965 8156
f 8158 7967 8156
f 7969 7967 8158
f 8160 7969 8158
f 7971 7969 8160
f 8162 7971 8160
f 7973 7971 8162
f 8164 7973 8162
f 7975 7973 8164
f 8166 7975 8164
f 7977 7975 8166
f 7977 8166 8181
f 8181 8166 8168
f 8170 8182 8168
f 8182 8181 8168
f 8172 8183 8170
f 8183 8182 8170
f 8173 8184 8172
f 8184 8183 8172
f 8174 8185 8173
f 8185 8184 8173
f 8175 8186 8174
f 8186 8185 8174
f 8188 8176 8187
f 8188 8186 8176
f 8186 8175 8176
f 8177 8187 8176
f 8178 7979 8189
f 7955 7979 8178
f 8179 8178 8190
f 8190 8178 8189
f 8191 8180 8179
f 8190 8191 8179
f 7988 8192 7989
f 7988 7977 8181
f 7988 8181 8192
f 8192 8181 8193
f 8182 8194 8181
f 8194 8193 8181
f 8183 8195 8182
f 8195 8194 8182
f 8184 8196 8183
f 8196 8195 8183
f 8198 8185 8197
f 8198 8196 8185
f 8196 8184 8185
f 8186 8197 8185
f 8199 8197 8186
f 8188 8199 8186
f 8189 7991 8200
f 7979 7991 8189
f 8190 8189 8201
f 8201 8189 8200
f 8202 8191 8190
f 8201 8202 8190
f 7999 8203 8000
f 7999 7989 8192
f 7999 8192 8203
f 8203 8192 8204
f 8193 8205 8192
f 8205 8204 8192
f 8207 8194 8206
f 8207 8205 8194
f 8205 8193 8194
f 8195 8206 8194
f 8208 8206 8195
f 8196 8208 8195
f 8209 8208 8196
f 8198 8209 8196
f 7991 8002 8200
f 8004 8200 8002
f 8004 8210 8200
f 8210 8201 8200
f 8211 8202 8201
f 8211 8201 8212
f 8212 8201 8210
f 8212 8214 8213
f 8211 8212 8213
f 8213 8214 8215
f 8218 8216 8217
f 8216 8218 8219
f 8009 8220 8010
f 8222 8220 8009
f 8222 8009 8221
f 8221 8009 8011
f 8012 8223 8011
f 8011 8223 8221
f 8013 8224 8012
f 8012 8224 8223
f 8203 8013 8000
f 8203 8225 8013
f 8225 8224 8013
f 8204 8225 8203
f 8226 8225 8204
f 8205 8226 8204
f 8227 8226 8205
f 8207 8227 8205
f 8004 8015 8210
f 8017 8210 8015
f 8017 8228 8210
f 8228 8212 8210
f 8214 8212 8229
f 8229 8212 8228
f 8230 8215 8214
f 8230 8214 8231
f 8231 8214 8229
f 8217 8230 8231
f 8217 8231 8218
f 8218 8231 8232
f 8233 8219 8218
f 8233 8218 8234
f 8234 8218 8232
f 8234 8236 8235
f 8233 8234 8235
f 8236 8023 8022
f 8236 8022 8235
f 8235 8022 8237
f 8024 8238 8022
f 8022 8238 8237
f 8220 8024 8010
f 8220 8239 8024
f 8239 8238 8024
f 8222 8239 8220
f 8017 8026 8228
f 8028 8228 8026
f 8229 8228 8028
f 8030 8229 8028
f 8231 8229 8030
f 8031 8231 8030
f 8232 8231 8031
f 8032 8232 8031
f 8234 8232 8032
f 8033 8234 8032
f 8236 8234 8033
f 8023 8236 8033
f 8048 8049 8240
f 8048 8241 8050
f 8240 8241 8048
f 8050 8242 8051
f 8241 8242 8050
f 8051 8243 8052
f 8242 8243 8051
f 8052 8244 8053
f 8243 8244 8052
f 8053 8245 8054
f 8244 8245 8053
f 8054 8246 8055
f 8245 8246 8054
f 8055 8246 8056
f 8059 8060 8247
f 8059 8247 8061
f 8240 8063 8248
f 8049 8063 8240
f 8241 8240 8249
f 8249 8240 8248
f 8242 8241 8250
f 8250 8241 8249
f 8243 8242 8251
f 8251 8242 8250
f 8244 8243 8252
f 8252 8243 8251
f 8245 8244 8253
f 8253 8244 8252
f 8246 8245 8254
f 8254 8245 8253
f 8056 8255 8064
f 8056 8246 8255
f 8246 8254 8255
f 8064 8256 8065
f 8255 8256 8064
f 8065 8257 8066
f 8256 8257 8065
f 8066 8258 8067
f 8257 8258 8066
f 8067 8259 8068
f 8258 8259 8067
f 8068 8260 8070
f 8259 8260 8068
f 8070 8261 8072
f 8260 8261 8070
f 8072 8261 8074
f 8247 8077 8262
f 8060 8077 8247
f 8061 8263 8078
f 8061 8247 8263
f 8247 8262 8263
f 8078 8248 8063
f 8078 8263 8248
f 8263 8264 8248
f 8266 8265 8249
f 8266 8249 8264
f 8264 8249 8248
f 8250 8249 8265
f 8267 8250 8265
f 8251 8250 8267
f 8268 8251 8267
f 8252 8251 8268
f 8269 8252 8268
f 8253 8252 8269
f 8270 8253 8269
f 8254 8253 8270
f 8271 8254 8270
f 8255 8254 8271
f 8272 8255 8271
f 8256 8255 8272
f 8273 8256 8272
f 8257 8256 8273
f 8274 8257 8273
f 8258 8257 8274
f 8275 8258 8274
f 8259 8258 8275
f 8276 8259 8275
f 8260 8259 8276
f 8277 8260 8276
f 8261 8260 8277
f 8278 8261 8277
f 8074 8261 8278
f 8074 8278 8080
f 8080 8278 8279
f 8082 8080 8280
f 8080 8279 8280
f 8084 8082 8281
f 8082 8280 8281
f 8086 8084 8282
f 8084 8281 8282
f 8282 8088 8086
f 8283 8088 8282
f 8262 8091 8284
f 8077 8091 8262
f 8263 8262 8285
f 8285 8262 8284
f 8264 8263 8286
f 8286 8263 8285
f 8287 8266 8264
f 8286 8287 8264
f 8288 8289 8096
f 8288 8096 8283
f 8283 8096 8088
f 8288 8290 8289
f 8284 8099 8291
f 8091 8099 8284
f 8285 8284 8292
f 8292 8284 8291
f 8286 8285 8293
f 8293 8285 8292
f 8294 8287 8286
f 8293 8294 8286
f 8096 8289 8109
f 8289 8111 8109
f 8289 8290 8111
f 8290 8295 8111
f 8099 8113 8291
f 8115 8291 8113
f 8115 8296 8291
f 8296 8292 8291
f 8293 8292 8297
f 8297 8292 8296
f 8298 8294 8293
f 8298 8293 8299
f 8299 8293 8297
f 8298 8299 8300
f 8119 8301 8120
f 8119 8121 8302
f 8301 8119 8302
f 8121 8122 8303
f 8302 8121 8303
f 8122 8123 8304
f 8303 8122 8304
f 8123 8124 8305
f 8304 8123 8305
f 8124 8125 8306
f 8305 8124 8306
f 8125 8126 8307
f 8306 8125 8307
f 8126 8127 8308
f 8307 8126 8308
f 8310 8308 8127
f 8310 8127 8309
f 8309 8127 8128
f 8129 8312 8311
f 8129 8311 8128
f 8128 8311 8309
f 8311 8312 8313
f 8111 8295 8134
f 8295 8314 8134
f 8296 8137 8315
f 8115 8137 8296
f 8297 8296 8316
f 8316 8296 8315
f 8299 8297 8317
f 8317 8297 8316
f 8318 8300 8299
f 8317 8318 8299
f 8301 8319 8141
f 8120 8301 8141
f 8302 8320 8301
f 8320 8319 8301
f 8303 8321 8302
f 8321 8320 8302
f 8304 8322 8303
f 8322 8321 8303
f 8305 8323 8304
f 8323 8322 8304
f 8306 8324 8305
f 8324 8323 8305
f 8307 8325 8306
f 8325 8324 8306
f 8308 8326 8307
f 8326 8325 8307
f 8327 8308 8310
f 8326 8308 8327
f 8312 8142 8328
f 8129 8142 8312
f 8329 8313 8312
f 8328 8329 8312
f 8134 8314 8147
f 8314 8330 8147
f 8150 8151 8331
f 8150 8315 8137
f 8150 8331 8315
f 8331 8332 8315
f 8316 8315 8333
f 8333 8315 8332
f 8335 8334 8317
f 8335 8317 8333
f 8333 8317 8316
f 8318 8317 8334
f 8141 8319 8155
f 8157 8155 8319
f 8320 8157 8319
f 8159 8157 8320
f 8321 8159 8320
f 8161 8159 8321
f 8322 8161 8321
f 8163 8161 8322
f 8323 8163 8322
f 8165 8163 8323
f 8324 8165 8323
f 8167 8165 8324
f 8325 8167 8324
f 8169 8167 8325
f 8326 8169 8325
f 8326 8327 8336
f 8326 8336 8169
f 8169 8336 8171
f 8328 8142 8171
f 8328 8171 8337
f 8337 8171 8336
f 8329 8328 8337
f 8147 8330 8177
f 8330 8338 8177
f 8331 8180 8339
f 8151 8180 8331
f 8332 8331 8340
f 8340 8331 8339
f 8333 8332 8341
f 8341 8332 8340
f 8342 8335 8333
f 8341 8342 8333
f 8187 8343 8188
f 8187 8344 8343
f 8187 8177 8344
f 8177 8338 8344
f 8339 8191 8345
f 8180 8191 8339
f 8340 8339 8346
f 8346 8339 8345
f 8341 8340 8347
f 8347 8340 8346
f 8348 8342 8341
f 8348 8341 8349
f 8349 8341 8347
f 8348 8349 8350
f 8197 8351 8198
f 8353 8351 8197
f 8353 8197 8352
f 8352 8197 8199
f 8343 8199 8188
f 8343 8354 8199
f 8354 8352 8199
f 8344 8354 8343
f 8345 8202 8355
f 8191 8202 8345
f 8346 8345 8356
f 8356 8345 8355
f 8347 8346 8357
f 8357 8346 8356
f 8349 8347 8358
f 8358 8347 8357
f 8359 8350 8349
f 8359 8349 8360
f 8360 8349 8358
f 8360 8362 8361
f 8359 8360 8361
f 8362 8364 8363
f 8361 8362 8363
f 8364 8366 8365
f 8363 8364 8365
f 8366 8368 8367
f 8365 8366 8367
f 8368 8370 8369
f 8367 8368 8369
f 8370 8372 8371
f 8369 8370 8371
f 8372 8374 8373
f 8371 8372 8373
f 8374 8376 8375
f 8373 8374 8375
f 8376 8378 8377
f 8375 8376 8377
f 8378 8380 8379
f 8377 8378 8379
f 8380 8207 8206
f 8380 8206 8379
f 8379 8206 8381
f 8208 8382 8206
f 8206 8382 8381
f 8209 8383 8208
f 8208 8383 8382
f 8351 8209 8198
f 8351 8384 8209
f 8384 8383 8209
f 8353 8384 8351
f 8202 8211 8355
f 8213 8355 8211
f 8356 8355 8213
f 8215 8356 8213
f 8215 8385 8356
f 8385 8357 8356
f 8216 8385 8217
f 8216 8358 8385
f 8358 8357 8385
f 8219 8358 8216
f 8219 8386 8358
f 8386 8360 8358
f 8362 8360 8387
f 8387 8360 8386
f 8364 8362 8388
f 8388 8362 8387
f 8366 8364 8389
f 8389 8364 8388
f 8368 8366 8390
f 8390 8366 8389
f 8221 8390 8222
f 8221 8370 8390
f 8370 8368 8390
f 8223 8370 8221
f 8372 8370 8223
f 8224 8372 8223
f 8374 8372 8224
f 8225 8374 8224
f 8376 8374 8225
f 8226 8376 8225
f 8378 8376 8226
f 8227 8378 8226
f 8380 8378 8227
f 8207 8380 8227
f 8215 8230 8385
f 8217 8385 8230
f 8219 8233 8386
f 8235 8386 8233
f 8387 8386 8235
f 8237 8387 8235
f 8388 8387 8237
f 8238 8388 8237
f 8389 8388 8238
f 8239 8389 8238
f 8390 8389 8239
f 8222 8390 8239
f 8265 8266 8391
f 8265 8392 8267
f 8391 8392 8265
f 8267 8393 8268
f 8392 8393 8267
f 8268 8394 8269
f 8393 8394 8268
f 8269 8395 8270
f 8394 8395 8269
f 8270 8396 8271
f 8395 8396 8270
f 8271 8397 8272
f 8396 8397 8271
f 8272 8398 8273
f 8397 8398 8272
f 8273 8399 8274
f 8398 8399 8273
f 8274 8400 8275
f 8399 8400 8274
f 8275 8401 8276
f 8400 8401 8275
f 8276 8402 8277
f 8401 8402 8276
f 8277 8403 8278
f 8402 8403 8277
f 8278 8404 8279
f 8403 8404 8278
f 8279 8405 8280
f 8404 8405 8279
f 8280 8406 8281
f 8405 8406 8280
f 8281 8407 8282
f 8406 8407 8281
f 8282 8407 8283
f 8391 8287 8408
f 8266 8287 8391
f 8392 8391 8409
f 8409 8391 8408
f 8393 8392 8410
f 8410 8392 8409
f 8394 8393 8411
f 8411 8393 8410
f 8395 8394 8412
f 8412 8394 8411
f 8414 8413 8396
f 8414 8396 8412
f 8412 8396 8395
f 8397 8396 8413
f 8415 8397 8413
f 8398 8397 8415
f 8416 8398 8415
f 8399 8398 8416
f 8417 8399 8416
f 8400 8399 8417
f 8418 8400 8417
f 8401 8400 8418
f 8419 8401 8418
f 8402 8401 8419
f 8420 8402 8419
f 8403 8402 8420
f 8421 8403 8420
f 8404 8403 8421
f 8422 8404 8421
f 8405 8404 8422
f 8423 8405 8422
f 8406 8405 8423
f 8424 8406 8423
f 8407 8406 8424
f 8425 8407 8424
f 8283 8407 8425
f 8283 8425 8288
f 8288 8425 8426
f 8426 8290 8288
f 8427 8290 8426
f 8408 8294 8428
f 8287 8294 8408
f 8409 8408 8429
f 8429 8408 8428
f 8410 8409 8430
f 8430 8409 8429
f 8411 8410 8431
f 8431 8410 8430
f 8433 8432 8412
f 8433 8412 8431
f 8431 8412 8411
f 8414 8412 8432
f 8434 8435 8295
f 8434 8295 8427
f 8427 8295 8290
f 8434 8436 8435
f 8294 8298 8428
f 8300 8428 8298
f 8300 8437 8428
f 8437 8429 8428
f 8430 8429 8438
f 8438 8429 8437
f 8431 8430 8439
f 8439 8430 8438
f 8440 8433 8431
f 8440 8431 8441
f 8441 8431 8439
f 8440 8441 8442
f 8309 8443 8310
f 8309 8311 8444
f 8443 8309 8444
f 8311 8313 8444
f 8435 8445 8314
f 8295 8435 8314
f 8446 8435 8436
f 8445 8435 8446
f 8437 8318 8447
f 8300 8318 8437
f 8438 8437 8448
f 8448 8437 8447
f 8439 8438 8449
f 8449 8438 8448
f 8441 8439 8450
f 8450 8439 8449
f 8451 8442 8441
f 8450 8451 8441
f 8443 8452 8327
f 8310 8443 8327
f 8444 8453 8443
f 8453 8452 8443
f 8313 8329 8453
f 8444 8313 8453
f 8445 8454 8330
f 8314 8445 8330
f 8455 8445 8446
f 8454 8445 8455
f 8334 8335 8456
f 8334 8447 8318
f 8334 8456 8447
f 8456 8457 8447
f 8448 8447 8458
f 8458 8447 8457
f 8449 8448 8459
f 8459 8448 8458
f 8450 8449 8460
f 8460 8449 8459
f 8461 8451 8450
f 8460 8461 8450
f 8327 8452 8336
f 8337 8336 8452
f 8453 8337 8452
f 8329 8337 8453
f 8454 8462 8338
f 8330 8454 8338
f 8463 8454 8455
f 8462 8454 8463
f 8456 8342 8464
f 8335 8342 8456
f 8457 8456 8465
f 8465 8456 8464
f 8458 8457 8466
f 8466 8457 8465
f 8459 8458 8467
f 8467 8458 8466
f 8460 8459 8468
f 8468 8459 8467
f 8469 8461 8460
f 8468 8469 8460
f 8472 8470 8471
f 8462 8473 8470
f 8462 8470 8344
f 8462 8344 8338
f 8344 8470 8472
f 8463 8473 8462
f 8342 8348 8464
f 8350 8464 8348
f 8350 8474 8464
f 8474 8465 8464
f 8466 8465 8475
f 8475 8465 8474
f 8467 8466 8476
f 8476 8466 8475
f 8468 8467 8477
f 8477 8467 8476
f 8478 8469 8468
f 8478 8468 8479
f 8479 8468 8477
f 8479 8481 8480
f 8478 8479 8480
f 8481 8483 8482
f 8480 8481 8482
f 8483 8485 8484
f 8482 8483 8484
f 8485 8487 8486
f 8484 8485 8486
f 8487 8489 8488
f 8486 8487 8488
f 8489 8491 8490
f 8488 8489 8490
f 8491 8493 8492
f 8490 8491 8492
f 8493 8495 8494
f 8492 8493 8494
f 8495 8497 8496
f 8494 8495 8496
f 8497 8499 8498
f 8496 8497 8498
f 8499 8353 8352
f 8499 8352 8498
f 8498 8352 8500
f 8471 8354 8472
f 8471 8500 8354
f 8500 8352 8354
f 8344 8472 8354
f 8350 8359 8474
f 8361 8474 8359
f 8475 8474 8361
f 8363 8475 8361
f 8476 8475 8363
f 8365 8476 8363
f 8477 8476 8365
f 8367 8477 8365
f 8479 8477 8367
f 8369 8479 8367
f 8481 8479 8369
f 8371 8481 8369
f 8483 8481 8371
f 8373 8483 8371
f 8485 8483 8373
f 8375 8485 8373
f 8487 8485 8375
f 8377 8487 8375
f 8489 8487 8377
f 8379 8489 8377
f 8491 8489 8379
f 8381 8491 8379
f 8493 8491 8381
f 8382 8493 8381
f 8495 8493 8382
f 8383 8495 8382
f 8497 8495 8383
f 8384 8497 8383
f 8499 8497 8384
f 8353 8499 8384
f 8413 8414 8501
f 8413 8502 8415
f 8501 8502 8413
f 8415 8503 8416
f 8502 8503 8415
f 8416 8504 8417
f 8503 8504 8416
f 8417 8505 8418
f 8504 8505 8417
f 8418 8506 8419
f 8505 8506 8418
f 8419 8507 8420
f 8506 8507 8419
f 8509 8420 8507
f 8509 8508 8420
f 8508 8421 8420
f 8422 8421 8510
f 8421 8508 8510
f 8423 8422 8511
f 8422 8510 8511
f 8424 8423 8512
f 8423 8511 8512
f 8514 8512 8513
f 8514 8425 8512
f 8425 8424 8512
f 8425 8515 8426
f 8514 8515 8425
f 8426 8515 8427
f 8432 8433 8516
f 8432 8501 8414
f 8432 8516 8501
f 8516 8517 8501
f 8502 8501 8518
f 8518 8501 8517
f 8503 8502 8519
f 8519 8502 8518
f 8504 8503 8520
f 8520 8503 8519
f 8505 8504 8521
f 8521 8504 8520
f 8506 8505 8522
f 8522 8505 8521
f 8524 8523 8507
f 8524 8507 8522
f 8522 8507 8506
f 8509 8507 8523
f 8514 8513 8525
f 8515 8514 8525
f 8526 8515 8525
f 8427 8515 8526
f 8427 8526 8434
f 8434 8526 8527
f 8527 8436 8434
f 8528 8436 8527
f 8433 8440 8516
f 8442 8516 8440
f 8442 8529 8516
f 8529 8517 8516
f 8518 8517 8530
f 8530 8517 8529
f 8519 8518 8531
f 8531 8518 8530
f 8520 8519 8532
f 8532 8519 8531
f 8521 8520 8533
f 8533 8520 8532
f 8522 8521 8534
f 8534 8521 8533
f 8535 8524 8522
f 8535 8522 8536
f 8536 8522 8534
f 8535 8536 8537
f 8538 8539 8446
f 8538 8446 8528
f 8528 8446 8436
f 8538 8540 8539
f 8529 8451 8541
f 8442 8451 8529
f 8530 8529 8542
f 8542 8529 8541
f 8531 8530 8543
f 8543 8530 8542
f 8532 8531 8544
f 8544 8531 8543
f 8533 8532 8545
f 8545 8532 8544
f 8534 8533 8546
f 8546 8533 8545
f 8536 8534 8547
f 8547 8534 8546
f 8548 8537 8536
f 8547 8548 8536
f 8539 8549 8455
f 8446 8539 8455
f 8550 8539 8540
f 8549 8539 8550
f 8541 8461 8551
f 8451 8461 8541
f 8542 8541 8552
f 8552 8541 8551
f 8543 8542 8553
f 8553 8542 8552
f 8544 8543 8554
f 8554 8543 8553
f 8545 8544 8555
f 8555 8544 8554
f 8546 8545 8556
f 8556 8545 8555
f 8547 8546 8557
f 8557 8546 8556
f 8558 8548 8547
f 8557 8558 8547
f 8549 8559 8560
f 8549 8560 8455
f 8455 8560 8463
f 8550 8559 8549
f 8551 8469 8561
f 8461 8469 8551
f 8552 8551 8562
f 8562 8551 8561
f 8553 8552 8563
f 8563 8552 8562
f 8554 8553 8564
f 8564 8553 8563
f 8555 8554 8565
f 8565 8554 8564
f 8556 8555 8566
f 8566 8555 8565
f 8557 8556 8567
f 8567 8556 8566
f 8568 8558 8557
f 8568 8557 8569
f 8569 8557 8567
f 8568 8569 8570
f 8573 8571 8572
f 8573 8471 8470
f 8573 8470 8571
f 8571 8470 8574
f 8473 8575 8470
f 8470 8575 8574
f 8560 8473 8463
f 8575 8473 8560
f 8469 8478 8561
f 8480 8561 8478
f 8562 8561 8480
f 8482 8562 8480
f 8563 8562 8482
f 8484 8563 8482
f 8564 8563 8484
f 8486 8564 8484
f 8565 8564 8486
f 8488 8565 8486
f 8566 8565 8488
f 8490 8566 8488
f 8567 8566 8490
f 8492 8567 8490
f 8569 8567 8492
f 8569 8576 8570
f 8569 8492 8576
f 8492 8494 8576
f 8496 8577 8494
f 8494 8577 8576
f 8498 8578 8496
f 8496 8578 8577
f 8572 8500 8573
f 8572 8578 8500
f 8578 8498 8500
f 8471 8573 8500
f 8508 8509 8579
f 8508 8580 8510
f 8579 8580 8508
f 8510 8581 8511
f 8580 8581 8510
f 8511 8582 8512
f 8581 8582 8511
f 8512 8582 8513
f 8523 8524 8583
f 8523 8579 8509
f 8523 8583 8579
f 8583 8584 8579
f 8580 8579 8585
f 8585 8579 8584
f 8581 8580 8586
f 8586 8580 8585
f 8582 8581 8587
f 8587 8581 8586
f 8513 8588 8525
f 8513 8582 8588
f 8582 8587 8588
f 8525 8589 8526
f 8588 8589 8525
f 8526 8590 8527
f 8589 8590 8526
f 8527 8590 8528
f 8524 8535 8583
f 8537 8583 8535
f 8537 8591 8583
f 8591 8584 8583
f 8585 8584 8592
f 8592 8584 8591
f 8586 8585 8593
f 8593 8585 8592
f 8587 8586 8594
f 8594 8586 8593
f 8588 8587 8595
f 8595 8587 8594
f 8589 8588 8596
f 8596 8588 8595
f 8590 8589 8597
f 8597 8589 8596
f 8528 8598 8538
f 8528 8590 8598
f 8590 8597 8598
f 8538 8598 8540
f 8591 8548 8599
f 8537 8548 8591
f 8592 8591 8600
f 8600 8591 8599
f 8593 8592 8601
f 8601 8592 8600
f 8594 8593 8602
f 8602 8593 8601
f 8595 8594 8603
f 8603 8594 8602
f 8596 8595 8604
f 8604 8595 8603
f 8597 8596 8605
f 8605 8596 8604
f 8598 8597 8606
f 8606 8597 8605
f 8540 8606 8550
f 8598 8606 8540
f 8599 8558 8607
f 8548 8558 8599
f 8600 8599 8608
f 8608 8599 8607
f 8601 8600 8609
f 8609 8600 8608
f 8602 8601 8610
f 8610 8601 8609
f 8603 8602 8611
f 8611 8602 8610
f 8604 8603 8612
f 8612 8603 8611
f 8605 8604 8613
f 8613 8604 8612
f 8559 8613 8560
f 8559 8606 8613
f 8606 8605 8613
f 8550 8606 8559
f 8558 8568 8607
f 8570 8607 8568
f 8570 8614 8607
f 8614 8608 8607
f 8609 8608 8615
f 8615 8608 8614
f 8610 8609 8616
f 8616 8609 8615
f 8571 8616 8572
f 8571 8611 8616
f 8611 8610 8616
f 8574 8611 8571
f 8612 8611 8574
f 8575 8612 8574
f 8613 8612 8575
f 8560 8613 8575
f 8570 8576 8614
f 8577 8614 8576
f 8615 8614 8577
f 8578 8615 8577
f 8616 8615 8578
f 8572 8616 8578
