v -0.385291 0.058292 -0.019681
v -0.381105 0.058414 -0.035295
v -0.419483 0.048705 -0.033705
v 0.211337 0.019216 -0.181232
v 0.194645 0.014531 -0.186359
v 0.194893 0.022330 -0.183833
v 0.266195 0.031537 0.156211
v 0.279143 0.047378 0.142033
v 0.231097 0.047702 0.145513
v 0.290021 -0.009545 0.185829
v 0.317844 -0.042262 0.195105
v 0.297193 -0.069127 0.196855
v -0.195197 0.071238 -0.047423
v -0.209292 0.055915 -0.087753
v -0.220583 0.071068 -0.043787
v -0.285016 -0.101714 0.138073
v -0.284374 -0.100214 0.145049
v -0.300787 -0.100979 0.141838
v 0.359586 -0.078694 0.089242
v 0.337779 -0.097748 0.093252
v 0.344364 -0.097495 0.061255
v -0.251000 0.068854 0.045466
v -0.408335 -0.015229 0.157849
v -0.421946 -0.014708 0.133918
v -0.418791 -0.027699 0.132355
v -0.449158 0.014534 0.087514
v -0.444988 0.021102 0.067275
v 0.422227 -0.045045 -0.000264
v 0.429614 -0.035521 0.035096
v 0.410007 -0.055184 0.016303
v 0.275105 -0.097420 0.180276
v -0.433505 -0.073308 0.038960
v -0.191068 0.077560 -0.000102
v -0.385374 0.057823 0.018309
v -0.386703 0.058076 -0.000689
v 0.231727 0.051281 -0.144367
v 0.195722 0.051586 -0.144700
v 0.196408 0.090922 -0.132839
v 0.246333 -0.108336 -0.001361
v -0.237381 -0.095878 0.051427
v -0.274186 -0.093046 0.045991
v -0.263877 -0.086702 -0.002214
v -0.419625 0.047895 0.031861
v -0.449353 0.028614 0.020602
v -0.444153 0.027936 0.047143
v 0.002657 0.034952 0.161202
v -0.027405 0.035286 0.161995
v -0.012542 0.024865 0.175322
v 0.124962 -0.106427 -0.068120
v 0.105587 -0.106490 -0.062750
v 0.127599 -0.106552 -0.088551
v 0.105891 -0.107061 -0.097055
v 0.384635 -0.043547 -0.148892
v 0.386271 -0.038105 -0.148831
v 0.389580 -0.037498 -0.136787
v 0.390035 0.075019 -0.063208
v 0.391036 0.074847 -0.058558
v 0.421061 0.062992 -0.081071
v 0.426214 0.063005 -0.054186
v 0.160649 0.099584 0.127651
v 0.114203 0.105208 0.127642
v -0.029420 0.005642 0.184783
v -0.033269 -0.029885 0.183302
v 0.016771 0.000282 0.185106
v -0.139078 0.052326 0.095600
v -0.118481 0.066973 0.075095
v -0.130557 0.064582 0.077210
v 0.294305 -0.106848 -0.001258
v 0.077329 0.083656 0.127327
v 0.085589 0.107238 0.033045
v 0.052305 0.098113 0.000700
v 0.338189 -0.095421 -0.095251
v 0.306814 -0.106911 -0.098322
v 0.331743 -0.094883 -0.127272
v -0.253082 0.073402 0.032019
v -0.222904 0.077512 -0.000170
v -0.254459 0.076563 0.014427
v -0.441450 -0.072306 -0.002486
v -0.439278 -0.072693 0.014609
v -0.443157 0.018797 -0.113456
v -0.430205 0.022622 -0.120727
v 0.113453 -0.105573 -0.001595
v 0.189649 -0.107746 -0.001462
v 0.189847 -0.106901 -0.030437
v 0.217991 -0.108041 -0.001411
v 0.386939 0.021686 0.163080
v 0.386901 0.011233 0.174223
v 0.402226 -0.011683 0.162932
v -0.216577 -0.083025 0.172271
v -0.239462 -0.060864 0.186275
v -0.261901 -0.081532 0.175227
v -0.124986 0.048912 0.100889
v -0.155571 0.048917 0.097636
v -0.424433 0.026230 0.102012
v -0.431449 0.024399 0.095503
v -0.443645 0.016027 0.110877
v 0.033770 0.048719 0.126827
v -0.000574 0.049445 0.119657
v 0.034415 0.048721 0.126827
v 0.273166 -0.110762 0.045649
v 0.286995 -0.111248 0.053842
v 0.240049 -0.110556 0.054838
v 0.244271 -0.110862 0.060097
v -0.395539 -0.041837 0.181314
v -0.377121 -0.027881 0.192394
v -0.378457 -0.039384 0.190478
v 0.316580 -0.093874 -0.176887
v 0.098143 0.097160 0.127523
v 0.114792 0.048468 0.136032
v -0.404466 0.052937 -0.000813
v 0.403894 -0.055301 0.037431
v 0.190579 -0.102553 -0.112234
v 0.222055 -0.107033 -0.106080
v 0.190312 -0.104305 -0.085823
v 0.050635 0.034052 0.160953
v -0.252942 0.074199 -0.032550
v -0.323966 0.070981 -0.000434
v -0.337849 0.066119 -0.034306
v -0.355334 0.064529 -0.000562
v -0.221278 0.070675 0.040436
v 0.102343 0.108336 -0.096870
v 0.114754 0.108335 -0.125589
v -0.290767 0.070588 -0.038880
v -0.250801 0.069984 -0.046055
v 0.387675 0.049907 -0.124896
v 0.405962 0.049637 -0.114368
v 0.190097 -0.105290 0.109411
v 0.163071 -0.104719 0.145866
v 0.145050 -0.108665 0.113080
v -0.243641 0.051589 -0.104620
v -0.260856 0.050441 -0.115746
v -0.249178 0.052422 -0.098890
v -0.255077 0.051397 -0.105644
v 0.386961 0.035347 0.143872
v 0.360644 0.032465 0.149166
v 0.386925 0.032459 0.148017
v -0.189713 0.035567 -0.184835
v -0.155750 0.037747 -0.175669
v -0.149439 0.029230 -0.185075
v -0.097349 -0.099383 -0.104123
v -0.116721 -0.100247 -0.111195
v -0.102623 -0.098947 -0.118659
v 0.266872 0.035384 -0.155308
v 0.290829 -0.004955 -0.185827
v 0.242475 -0.003947 -0.186125
v -0.444491 -0.042061 -0.002143
v -0.442971 -0.057183 -0.002315
v -0.381255 0.057559 0.033943
v -0.411687 0.049422 -0.057867
v -0.399358 0.049972 -0.074684
v -0.358362 0.058334 -0.062048
v -0.374123 0.058446 -0.047911
v 0.361480 -0.077312 0.071323
v 0.015758 0.054915 -0.100512
v 0.025659 0.053096 -0.111433
v 0.307171 0.089156 0.001143
v -0.000641 0.048777 0.120052
v -0.035054 0.048847 0.113277
v -0.383923 0.045686 -0.116839
v -0.363164 0.050669 -0.091334
v -0.375466 0.049603 -0.151579
v 0.227242 0.102638 -0.101538
v 0.231890 0.103164 -0.097848
v 0.242499 0.095417 -0.125492
v -0.308271 -0.083103 -0.002282
v 0.198379 -0.094630 0.176096
v 0.236843 -0.096589 0.176731
v 0.191344 -0.073276 0.179987
v 0.146593 0.032252 0.160457
v 0.154521 0.048309 0.142106
v 0.417719 -0.011815 0.140260
v 0.149805 -0.006069 0.185845
v 0.196472 0.102369 -0.062228
v 0.232697 0.103349 -0.092219
v 0.241172 0.101991 -0.049449
v -0.294063 -0.091947 -0.056576
v 0.444167 -0.009909 -0.069670
v 0.439872 0.019719 -0.086958
v 0.062796 -0.003132 0.185426
v 0.368358 0.017295 0.169867
v 0.334362 0.032471 0.150315
v 0.338377 -0.010548 0.185716
v -0.021745 0.017547 0.182657
v 0.405461 0.046789 0.116240
v 0.387128 0.046800 0.126692
v 0.395588 0.038000 0.136884
v -0.406460 -0.075676 0.126581
v -0.411048 -0.058183 0.128687
v 0.239808 0.101971 -0.046473
v 0.196418 0.103349 -0.030572
v -0.352664 -0.079504 -0.002350
v -0.345067 -0.088238 -0.049217
v -0.155146 0.051334 -0.098155
v -0.179062 0.046013 -0.131283
v -0.173387 0.055291 -0.091254
v 0.319560 0.072921 0.127341
v 0.294112 0.080845 0.127541
v 0.315138 0.047185 0.136919
v -0.415636 -0.040690 0.130793
v -0.422885 -0.040609 0.111900
v -0.323996 0.041267 -0.184552
v -0.349608 0.037838 -0.184574
v -0.326940 0.050539 -0.180755
v -0.337119 0.058897 -0.139827
v -0.332085 0.059117 -0.147981
v -0.339495 0.059425 -0.145902
v -0.000054 0.052397 -0.119483
v -0.020949 0.022066 -0.183342
v -0.011779 0.029201 -0.175789
v 0.017577 0.004865 -0.186050
v 0.077879 0.086783 -0.125967
v 0.055555 0.069934 -0.126237
v 0.195267 0.035300 -0.159620
v 0.232802 0.034992 -0.158415
v -0.449792 0.020208 0.038243
v -0.301728 0.017590 -0.197038
v -0.298774 -0.004786 -0.200745
v -0.317230 0.009917 -0.199474
v -0.078213 0.071310 0.000112
v -0.115832 0.073394 0.000041
v -0.439204 -0.072271 -0.019557
v -0.395131 -0.028794 0.181547
v -0.417682 0.025733 0.117318
v -0.391470 0.041073 0.114683
v -0.414515 0.035291 0.090630
v 0.362757 -0.076683 0.147915
v 0.328748 -0.098202 0.147529
v 0.331194 -0.098001 0.125249
v 0.195826 0.087617 0.134814
v 0.241948 0.092290 0.127781
v 0.312109 0.092893 0.068884
v 0.324908 0.090019 0.059310
v 0.108311 -0.109379 0.137096
v 0.112440 -0.103526 0.155059
v 0.082709 -0.092488 0.171471
v -0.037623 0.068688 -0.037079
v -0.040595 0.069227 0.000184
v -0.344299 0.058161 -0.068835
v 0.420811 -0.034116 -0.072652
v 0.394157 -0.053874 -0.060441
v -0.138030 0.072294 0.051493
v -0.121430 0.072179 0.056625
v -0.135561 0.074578 0.032334
v 0.351703 0.050228 -0.130160
v 0.345555 0.068112 -0.125080
v 0.339184 -0.005964 -0.185529
v -0.141831 -0.047515 0.189125
v -0.125928 -0.086012 0.166360
v -0.131204 -0.040680 0.191274
v -0.057468 0.035620 0.162788
v -0.327723 0.046091 0.179443
v 0.290551 -0.110102 0.040761
v 0.311515 -0.108326 0.043787
v -0.339888 0.058681 -0.171161
v -0.332393 0.056183 -0.176233
v 0.290517 -0.109456 -0.045890
v 0.308654 -0.107866 -0.048165
v -0.448772 0.016728 -0.090161
v -0.445964 0.017762 -0.101809
v -0.443683 0.001247 -0.091567
v -0.029761 0.066509 -0.060758
v 0.360896 -0.082404 -0.054266
v 0.361793 -0.075533 -0.072720
v 0.366294 -0.078791 -0.051159
v 0.253394 -0.109205 -0.040790
v 0.233835 -0.108721 -0.044750
v 0.404058 -0.054367 -0.038212
v 0.330277 -0.103094 -0.001152
v 0.350959 -0.096882 -0.001044
v 0.248188 -0.057093 -0.192603
v 0.275893 -0.092940 -0.182510
v 0.237616 -0.092195 -0.179113
v 0.196525 0.101389 -0.093884
v 0.195091 0.048000 0.145697
v -0.337745 -0.095551 -0.086368
v -0.358392 -0.094110 -0.089697
v -0.333677 -0.098070 -0.103542
v -0.254395 0.076926 -0.014916
v -0.289353 0.074222 -0.000336
v -0.254740 0.077464 -0.000239
v 0.386201 0.076170 -0.061088
v 0.387031 0.075800 -0.064605
v 0.376588 0.078721 -0.065746
v -0.302834 0.068753 0.037132
v -0.338370 0.065041 0.035031
v -0.318145 0.055901 0.074939
v -0.260661 0.039761 0.183401
v -0.244055 0.046809 0.156241
v -0.255311 0.048998 0.149591
v 0.439912 0.049015 -0.086178
v -0.405587 -0.041264 0.156054
v -0.201767 -0.096414 0.042336
v -0.200103 -0.097668 0.051394
v -0.215299 -0.096611 0.048808
v 0.172226 0.023969 0.170626
v 0.172355 0.018433 0.177295
v -0.334886 -0.100390 0.135429
v -0.323919 -0.101209 0.110063
v -0.292218 -0.102444 0.130798
v -0.307225 -0.080038 0.178183
v -0.330475 -0.059961 0.190988
v -0.352024 -0.078544 0.179455
v 0.194572 0.031351 0.160208
v 0.187000 0.019039 0.181716
v -0.056760 0.039645 -0.163189
v 0.370452 -0.063658 -0.082997
v -0.294217 0.039690 0.183218
v -0.324795 0.036728 0.183023
v -0.344596 0.056476 0.067650
v -0.443587 -0.041413 -0.028187
v -0.410350 0.028538 -0.134826
v 0.439831 -0.009577 -0.087737
v -0.383011 0.050380 -0.085418
v -0.317817 0.057765 -0.076010
v -0.291683 0.070430 -0.039126
v -0.291267 0.070410 -0.039341
v 0.268030 0.086568 0.127661
v -0.332465 0.060007 -0.164819
v 0.336444 0.081739 0.001119
v 0.196578 0.100408 -0.125541
v 0.151551 -0.106659 -0.001529
v -0.145651 0.073904 -0.029731
v -0.153450 0.075477 -0.000030
v -0.138667 0.073854 -0.028555
v -0.082241 0.039453 -0.165465
v 0.109842 -0.106200 -0.046811
v 0.146874 -0.106194 -0.037758
v 0.126704 -0.106009 -0.027096
v -0.000841 -0.102313 -0.001796
v 0.011497 -0.103802 0.035325
v 0.007923 -0.103598 0.035609
v 0.408414 0.061089 0.001035
v 0.451111 0.047857 0.000974
v 0.425817 0.060867 -0.030273
v 0.300279 0.032004 0.153263
v 0.361289 0.036133 -0.147832
v -0.422230 0.047798 -0.000936
v -0.430724 0.019670 0.118296
v -0.421357 -0.011361 -0.137155
v -0.081469 -0.097503 -0.115577
v -0.073108 -0.095561 -0.129586
v 0.313837 -0.107101 -0.059897
v 0.330262 -0.103618 -0.037748
v 0.326683 -0.104257 -0.052665
v 0.039092 0.080900 -0.075882
v 0.044753 0.078629 -0.091194
v -0.127088 -0.101931 0.121142
v -0.123131 -0.101945 0.118514
v -0.126890 -0.101869 0.121823
v -0.018256 0.063275 -0.075441
v 0.189945 -0.106389 0.082963
v -0.292624 0.070452 -0.038712
v -0.379546 -0.082573 0.030415
v -0.397057 -0.075905 -0.002418
v -0.249201 -0.092378 -0.046606
v -0.289092 -0.092464 -0.058466
v -0.437119 0.022964 0.087344
v -0.109694 -0.099578 -0.069430
v -0.104895 -0.099556 -0.072712
v -0.106579 -0.099486 -0.066867
v 0.109500 -0.109454 0.135130
v 0.117416 -0.107853 0.140948
v -0.229581 -0.091940 -0.035220
v -0.219484 -0.090301 -0.002146
v -0.293418 0.044231 -0.184540
v -0.277527 0.053093 -0.157073
v -0.259861 0.044305 -0.184576
v -0.446401 0.015280 0.099195
v 0.157574 -0.090229 -0.176909
v 0.345706 -0.096071 -0.056081
v 0.344635 -0.095958 -0.063229
v -0.206397 -0.093883 -0.039815
v -0.451011 0.017420 -0.001424
v -0.450903 0.014449 -0.001462
v 0.346776 -0.096184 -0.048933
v -0.082541 0.070875 -0.046297
v 0.205048 0.025244 -0.177410
v 0.195049 0.027140 -0.178360
v 0.411644 -0.055031 -0.000413
v 0.438954 -0.003383 0.090793
v 0.435640 -0.003365 0.100416
v 0.439449 -0.011751 0.088302
v -0.026148 0.016217 -0.186387
v -0.410931 0.025236 0.132623
v 0.337128 -0.101550 0.044373
v 0.346568 -0.097368 0.046968
v 0.339289 -0.100631 0.056060
v -0.436340 -0.039135 -0.075338
v -0.429720 -0.038184 -0.096929
v -0.419612 -0.072388 -0.087552
v 0.364421 -0.091203 -0.000951
v 0.380264 -0.081570 -0.000804
v 0.191665 -0.083868 -0.179954
v 0.192131 -0.068806 -0.181990
v -0.297680 -0.091958 -0.057728
v 0.240226 0.102917 -0.096582
v 0.268580 0.089692 -0.125400
v -0.451120 0.020390 -0.001385
v -0.449258 0.029154 -0.023160
v -0.449620 0.021186 -0.040934
v 0.193126 -0.035872 -0.184207
v -0.284806 0.057219 -0.080722
v -0.396181 -0.059443 0.181021
v -0.398054 -0.076488 0.156566
v 0.191038 -0.097855 -0.150542
v 0.191440 -0.091097 -0.177536
v 0.373080 -0.032059 -0.174986
v -0.153812 0.039950 0.136529
v -0.121222 0.038348 0.137923
v 0.232112 0.031070 0.159159
v 0.002231 -0.090107 0.167463
v 0.369261 -0.066181 -0.110468
v 0.383104 -0.046054 -0.115996
v 0.380878 -0.049271 -0.101074
v 0.228801 0.100850 0.001113
v -0.377678 -0.091818 -0.100152
v -0.366779 -0.093937 -0.117885
v 0.033929 0.048648 0.126826
v 0.188237 0.018774 0.182057
v 0.194094 0.017787 0.184092
v 0.194273 0.022730 0.178740
v -0.430804 -0.013924 0.118568
v 0.383989 -0.047218 0.148359
v 0.379821 -0.055052 0.148248
v 0.275909 -0.108439 -0.021392
v -0.350407 0.033300 0.182848
v -0.359830 0.052228 0.158753
v -0.376018 0.029872 0.182674
v 0.192327 -0.040407 0.183021
v -0.374440 -0.083260 0.031593
v 0.034965 0.051849 -0.126516
v 0.215314 0.100247 0.089203
v 0.196196 0.100805 0.064418
v 0.196112 0.099043 0.096086
v -0.129707 -0.096342 -0.002006
v -0.175091 -0.093900 -0.002078
v 0.083461 -0.088217 -0.174424
v 0.068087 -0.049170 -0.190470
v 0.078955 -0.048022 -0.191019
v -0.340735 0.048567 0.092311
v -0.321556 0.053405 0.130900
v -0.300106 0.048711 0.091696
v 0.448697 0.048443 -0.045251
v 0.101918 0.105919 0.098847
v 0.005203 0.046335 0.124385
v 0.005393 0.045236 0.125712
v 0.005622 0.046478 0.124329
v 0.377811 -0.023997 0.185366
v 0.196365 0.104330 0.001084
v 0.163603 0.106127 0.001033
v 0.196280 0.102568 0.032751
v -0.029527 0.058309 -0.107846
v -0.050344 0.062384 -0.095771
v -0.417167 0.028657 -0.119543
v -0.423985 0.028777 -0.104259
v -0.128671 0.072957 -0.038092
v -0.143167 0.072808 -0.039824
v -0.138661 0.054692 -0.095964
v 0.242468 0.101804 -0.046441
v 0.285761 -0.107812 -0.128583
v 0.280749 -0.107980 -0.130809
v 0.292580 -0.105881 -0.138351
v 0.364818 0.003544 -0.183644
v 0.373086 0.011506 -0.177500
v 0.387656 0.015524 -0.173291
v 0.284243 -0.110102 -0.062853
v 0.261073 -0.110551 -0.085836
v 0.303905 -0.108398 -0.085343
v 0.297324 -0.108739 -0.097576
v 0.254897 0.100148 0.080183
v 0.274510 0.097548 0.045699
v 0.248600 0.100676 0.077071
v 0.252036 0.099510 0.042919
v 0.409861 0.034821 0.124958
v 0.098614 0.033152 0.160705
v 0.129361 0.010379 0.177973
v -0.128756 -0.101847 0.122269
v -0.127483 -0.101918 0.121565
v 0.036562 0.061637 -0.110213
v 0.042448 0.072243 -0.100767
v 0.116346 0.109550 0.033392
v 0.092092 0.106612 0.066509
v -0.396823 -0.077049 0.180728
v -0.026701 0.039290 -0.162274
v 0.003357 0.038935 -0.161359
v 0.063604 0.001458 -0.186254
v -0.394724 -0.015750 0.181780
v 0.388234 0.075614 -0.060531
v 0.231557 -0.107314 -0.126752
v -0.289300 -0.093510 -0.065346
v -0.271371 -0.099986 -0.105522
v -0.263399 -0.098911 -0.095028
v 0.439491 0.017555 0.088247
v 0.439533 0.046862 0.088191
v 0.431788 0.006676 0.104520
v -0.014503 -0.096795 0.150270
v -0.038008 -0.088916 0.165459
v -0.038241 -0.094030 0.141456
v 0.011498 0.042289 0.132340
v 0.008390 0.041651 0.131771
v 0.011014 0.041661 0.133386
v 0.076103 -0.106443 -0.104211
v 0.094625 -0.107052 -0.101455
v 0.070032 -0.106323 -0.083986
v -0.275994 -0.101894 0.137989
v -0.262008 -0.099487 0.147204
v -0.447697 -0.013806 -0.001803
v 0.134811 0.109809 0.059492
v -0.352601 0.063900 -0.032086
v -0.205698 0.071747 0.038917
v -0.177774 0.072770 0.040604
v -0.190651 0.071688 0.042431
v 0.326340 -0.098232 0.155034
v -0.299706 0.050991 -0.092876
v -0.309837 0.055850 -0.137274
v 0.161199 0.102711 -0.125535
v -0.291341 0.070528 -0.038829
v 0.130841 0.107924 0.000982
v 0.393896 -0.055357 0.059685
v 0.381652 0.071408 -0.100705
v 0.402324 0.066530 -0.092804
v -0.441135 -0.041570 0.048378
v 0.420495 -0.035907 0.072452
v 0.348868 -0.096533 -0.024989
v 0.368783 -0.068894 0.109322
v 0.370093 -0.065695 0.081927
v -0.287082 -0.093104 0.050969
v -0.324387 -0.089847 0.044991
v 0.280766 -0.108754 -0.124683
v 0.270190 -0.108618 -0.128194
v 0.241666 -0.008542 0.185942
v 0.200559 0.012534 0.185842
v 0.193310 -0.007538 0.186055
v 0.195976 0.095232 0.130915
v 0.345008 0.064997 0.127142
v 0.351133 0.046993 0.131806
v -0.348957 0.058514 -0.165712
v 0.314170 -0.093685 -0.185908
v -0.167395 0.064203 0.070436
v -0.173783 0.053044 0.090756
v -0.148780 -0.096804 -0.145777
v -0.156598 -0.095437 -0.148756
v -0.170508 -0.080289 -0.173175
v 0.261237 0.097371 0.001142
v 0.251652 0.100384 0.086487
v 0.244578 0.100581 0.083759
v 0.386164 0.076241 -0.057922
v 0.361481 0.080924 -0.041568
v 0.365717 0.074322 0.001095
v 0.438314 -0.009474 -0.093264
v 0.436796 -0.009371 -0.098792
v 0.436076 -0.000894 -0.099656
v 0.293088 0.095891 0.062993
v 0.135916 -0.109379 0.098656
v 0.140076 -0.109056 0.109740
v 0.118087 -0.109672 0.127973
v -0.037282 -0.084788 -0.168850
v 0.002965 -0.085931 -0.170708
v -0.037619 -0.090493 -0.144978
v 0.340179 0.086793 0.060439
v 0.149934 0.108527 0.051520
v 0.134430 0.108871 0.031848
v -0.394335 -0.024268 -0.185000
v -0.394742 -0.037313 -0.185091
v -0.404901 -0.037363 -0.159868
v -0.415375 0.035537 0.088039
v -0.399678 0.048149 0.072971
v -0.411934 0.048015 0.056077
v -0.245472 0.058425 -0.071568
v 0.161036 -0.106314 -0.040009
v 0.110185 -0.106338 -0.119628
v 0.386997 0.038235 0.139728
v -0.349675 0.054436 0.164506
v -0.038865 -0.100782 0.025888
v -0.109967 0.018329 0.184266
v -0.104688 -0.027473 0.191688
v -0.069694 0.011985 0.184525
v -0.006804 -0.028312 -0.187162
v -0.018888 -0.005866 -0.186257
v 0.368890 -0.036442 0.185128
v 0.372320 -0.036377 0.174679
v -0.410479 -0.054952 -0.132952
v -0.422390 -0.037798 -0.115787
v -0.415059 -0.037412 -0.134645
v 0.429210 -0.008916 -0.118667
v -0.440916 -0.040324 -0.052505
v -0.449141 -0.000440 -0.070344
v -0.407642 -0.011292 -0.161032
v -0.393927 -0.011223 -0.184909
v -0.295930 -0.092664 -0.061591
v -0.293758 -0.092353 -0.059065
v -0.180769 0.068887 -0.057265
v -0.175668 0.072976 -0.040967
v -0.165986 0.070649 -0.053500
v 0.061201 -0.053177 0.187524
v 0.069949 -0.055584 0.187006
v 0.375255 -0.077750 0.036676
v 0.112088 -0.108139 0.050715
v 0.118348 -0.109074 0.067747
v 0.088074 -0.107748 0.047511
v 0.088907 -0.108230 0.055331
v 0.063823 0.089463 0.089514
v 0.061737 0.088072 0.089947
v 0.063712 0.088864 0.092077
v -0.435862 0.029007 -0.075047
v -0.443943 0.029131 -0.049602
v -0.344826 0.057867 -0.136907
v 0.402933 -0.007664 -0.162502
v 0.387908 -0.032662 -0.148771
v 0.376333 -0.046420 0.161677
v 0.385625 -0.041775 0.148440
v 0.382421 0.044493 -0.134791
v 0.055005 0.066806 0.127084
v -0.291687 0.070533 -0.038675
v -0.291323 0.070678 -0.038106
v 0.106301 -0.004601 0.185636
v 0.171767 0.011787 0.181126
v 0.083272 0.107742 0.000873
v 0.051334 0.038026 -0.160924
v 0.375653 -0.062886 0.148136
v -0.443700 -0.042056 0.023949
v 0.011319 -0.103896 0.039078
v -0.346931 0.063834 0.031921
v -0.345052 0.062739 0.041060
v 0.033340 0.048691 0.126972
v 0.025174 0.050340 0.111736
v 0.189794 -0.107489 0.056516
v 0.007101 -0.103645 0.041453
v 0.356117 -0.079452 -0.127651
v 0.374837 -0.060640 -0.130651
v 0.335013 0.036169 -0.149094
v -0.190514 0.031016 0.183749
v -0.187383 0.040178 0.158530
v -0.229392 0.036852 0.183553
v -0.383076 -0.088253 -0.122779
v -0.107723 0.039261 -0.167741
v -0.081712 0.042856 -0.133034
v -0.240054 0.050006 0.115897
v -0.221872 0.047469 0.114128
v -0.240606 0.050262 0.113196
v -0.225200 0.048585 0.106278
v -0.449837 0.015588 -0.045812
v -0.008655 0.051903 -0.118058
v 0.000201 0.051747 -0.119893
v -0.034562 0.051644 -0.113270
v -0.444690 0.022795 -0.069830
v -0.077355 0.042694 -0.133857
v -0.038646 -0.098996 0.079309
v -0.038790 -0.100338 0.053638
v 0.363404 -0.073013 -0.149268
v 0.075062 0.048628 0.129958
v 0.245672 0.101853 -0.053995
v 0.272543 0.099471 -0.097623
v 0.193835 0.009927 0.186424
v 0.218440 -0.107964 -0.049991
v 0.223794 -0.108071 -0.072769
v -0.383237 0.001928 0.189528
v 0.037257 -0.103399 -0.001729
v 0.432240 0.009244 -0.103528
v 0.412685 0.017851 -0.139563
v 0.410400 0.037888 -0.123359
v 0.269128 -0.110034 -0.104211
v -0.113602 0.044103 -0.130065
v -0.118412 0.044157 -0.130186
v 0.046109 -0.104893 -0.102705
v 0.073305 -0.103752 -0.136607
v -0.414814 0.037835 -0.088290
v 0.371249 0.061463 -0.120556
v 0.396179 0.041361 -0.135266
v 0.033896 0.048735 0.126667
v 0.030470 0.049972 0.117038
v 0.031475 0.049824 0.118815
v -0.430133 -0.040529 0.093007
v -0.434361 -0.026210 0.092840
v -0.229867 0.048890 0.091975
v -0.234206 0.050548 0.098244
v -0.133049 0.068362 -0.066172
v -0.117619 0.065496 -0.077568
v -0.150736 0.067155 -0.067727
v -0.127227 0.064311 -0.078916
v -0.034952 -0.050787 -0.182767
v -0.436184 0.027183 0.072707
v -0.340331 0.050864 -0.093693
v 0.387261 -0.036333 0.148521
v -0.007622 0.047869 -0.122775
v -0.009096 0.046534 -0.124974
v -0.010768 0.049115 -0.119800
v -0.011350 0.047063 -0.123085
v -0.124547 0.051408 -0.101274
v -0.171252 -0.084518 0.169316
v -0.157344 -0.100519 0.135097
v 0.138263 -0.107766 0.045790
v 0.127777 -0.107107 0.030811
v 0.123708 -0.089360 -0.176282
v -0.286470 -0.096009 0.066042
v -0.275709 -0.095707 0.061719
v 0.085729 0.108032 -0.031262
v 0.300943 0.035777 -0.152201
v 0.448496 0.047302 0.047236
v 0.369978 -0.058365 0.164365
v 0.340177 -0.073262 0.184383
v -0.335951 -0.088121 0.040453
v -0.109164 0.022893 -0.185315
v -0.223793 -0.103871 0.107133
v -0.222958 -0.103843 0.106769
v -0.220753 -0.103830 0.108316
v 0.085127 -0.053235 -0.189385
v 0.113851 -0.067152 -0.186102
v -0.099351 -0.099891 0.042920
v -0.107343 -0.100200 0.050866
v 0.329852 0.088998 0.073158
v 0.075626 0.051831 -0.129472
v 0.387063 0.042517 0.133210
v 0.400994 0.025906 0.144231
v 0.412969 0.017700 0.135570
v 0.378617 -0.019419 -0.185339
v 0.387613 0.003747 -0.181717
v -0.384448 0.009665 0.188584
v -0.362466 0.012258 0.192153
v -0.384059 0.014347 0.187795
v -0.365221 0.014944 0.190951
v -0.436658 -0.040946 0.071334
v 0.032749 0.050316 0.116216
v 0.110520 -0.109884 0.084551
v 0.107195 -0.109700 0.133115
v -0.077651 0.070779 -0.041765
v -0.216733 0.047754 -0.121287
v -0.192305 0.051254 -0.095488
v -0.245781 0.056667 0.070819
v -0.285155 0.055237 0.079787
v -0.009628 0.078855 0.000356
v 0.043213 -0.087074 -0.172566
v 0.021583 -0.097877 -0.144077
v 0.351524 -0.085816 0.120305
v 0.041095 0.088048 0.049054
v 0.042854 0.088915 0.049013
v 0.041588 0.088860 0.046947
v -0.111056 -0.099556 -0.068139
v -0.111638 -0.099647 -0.070984
v -0.359137 0.056165 -0.160059
v -0.418208 -0.024387 -0.135900
v -0.430281 -0.010956 -0.121829
v 0.305244 -0.101978 -0.149740
v 0.285619 -0.103197 -0.154149
v 0.253053 -0.109984 -0.101358
v -0.218463 -0.097939 -0.076146
v -0.220771 -0.098102 -0.078239
v 0.365758 -0.012182 -0.186560
v 0.387538 -0.006972 -0.185231
v -0.068074 0.071377 0.052631
v -0.069942 0.068522 0.076833
v -0.050354 0.069597 0.073094
v 0.217454 -0.098652 -0.164281
v 0.281402 -0.109263 0.025093
v 0.348764 -0.097125 0.022962
v -0.301989 0.055651 -0.157153
v -0.294984 0.054837 -0.153582
v -0.295062 0.053745 -0.163415
v 0.042470 -0.091298 0.169467
v 0.386732 -0.011551 0.185603
v -0.109421 0.069449 -0.062783
v -0.104080 0.071744 -0.044545
v 0.370863 -0.054412 -0.165102
v 0.372509 -0.051164 -0.164637
v -0.374328 0.057279 0.046592
v 0.132825 0.085438 0.133774
v -0.284612 -0.005614 0.199045
v -0.287368 -0.028040 0.198302
v -0.255315 -0.023205 0.198892
v -0.431029 0.026787 -0.097834
v -0.436524 0.038436 -0.001115
v -0.225120 0.065047 0.055193
v -0.217323 -0.098465 -0.080176
v -0.218477 -0.098429 -0.079916
v -0.187721 -0.101318 -0.119527
v -0.189415 -0.101220 -0.118756
v 0.098693 0.100287 -0.125739
v 0.075355 -0.104486 -0.001662
v 0.247210 -0.109679 -0.063046
v -0.380718 0.045451 0.119400
v -0.267065 -0.096243 -0.149248
v -0.258012 -0.096267 -0.149082
v -0.263993 -0.097459 -0.144490
v -0.184458 0.038284 0.164440
v -0.063405 0.067240 -0.073570
v -0.061810 0.066809 -0.075915
v -0.063907 0.066602 -0.076560
v -0.375220 0.034408 -0.184595
v 0.000591 0.054977 -0.114048
v 0.005212 0.054865 -0.112423
v -0.258414 -0.095010 -0.066883
v 0.156113 0.109170 -0.086307
v 0.181465 0.080775 0.136550
v -0.032468 -0.025335 -0.185208
v 0.370914 -0.069385 0.148033
v 0.374271 -0.063854 0.129660
v -0.087960 -0.101103 0.091598
v -0.038502 -0.097654 0.104979
v -0.437056 -0.002864 -0.113850
v -0.229364 0.047017 0.143796
v -0.207966 0.044768 0.140563
v -0.159530 0.044705 -0.135057
v -0.141106 0.044555 -0.131557
v 0.293517 -0.108323 -0.112204
v -0.419982 -0.074492 0.082770
v -0.392931 -0.087466 0.071638
v -0.393608 -0.087936 0.082477
v -0.405899 -0.072492 -0.131258
v 0.010172 0.076238 -0.050273
v 0.327018 -0.094378 -0.157075
v 0.329393 -0.094534 -0.149560
v -0.335629 -0.092438 0.060161
v -0.343774 -0.089153 0.048392
v -0.429229 0.000323 0.123707
v 0.247161 -0.108855 -0.116844
v 0.185508 0.087440 -0.134040
v 0.380467 -0.051381 -0.148992
v 0.296904 0.095610 -0.097369
v 0.294661 0.083967 -0.125309
v 0.386821 -0.000749 0.182355
v 0.036076 0.088500 -0.041063
v 0.056840 0.096821 -0.044051
v 0.309207 -0.082605 -0.196186
v 0.340982 -0.068691 -0.185737
v -0.250895 -0.030638 0.197556
v -0.245576 -0.029810 0.197843
v -0.433325 -0.072285 -0.043845
v 0.190888 -0.088283 0.177578
v 0.021339 0.088484 0.000528
v -0.369465 -0.093076 -0.129259
v -0.397363 -0.072563 -0.161217
v -0.450030 0.014491 0.043026
v 0.134103 -0.108770 0.071423
v 0.418328 -0.008356 -0.139774
v -0.073933 0.070376 -0.045835
v 0.258184 -0.104758 -0.152014
v 0.256310 -0.101866 -0.159650
v -0.084015 -0.098249 0.130409
v -0.060678 -0.020645 -0.188147
v -0.068890 0.016556 -0.185555
v 0.155137 0.051809 -0.141279
v -0.393132 0.015538 -0.184737
v -0.382945 0.025876 -0.188418
v -0.379580 0.009003 -0.193417
v 0.111351 0.109294 0.027784
v 0.146291 -0.039676 -0.189481
v 0.162151 -0.034224 -0.188011
v 0.158148 -0.062646 -0.186211
v 0.033929 0.048648 0.126826
v -0.376390 0.006004 -0.195601
v -0.217370 -0.098272 -0.078732
v -0.155607 -0.098731 0.043626
v -0.119567 -0.099882 0.047699
v 0.422161 -0.030960 0.090154
v 0.428675 -0.024230 0.096923
v 0.406147 -0.036188 0.110685
v 0.162972 0.106516 0.030101
v 0.021858 -0.097981 -0.143626
v 0.022602 -0.097960 -0.143991
v 0.024644 -0.099342 -0.138629
v -0.245154 0.054463 0.089942
v -0.245561 0.054467 0.083474
v 0.382601 -0.048912 0.115405
v 0.299131 -0.100686 0.167872
v 0.308111 -0.104140 0.151796
v 0.349548 -0.036811 0.190056
v -0.209672 0.053755 0.087115
v -0.067146 -0.044750 0.185526
v -0.069913 -0.044589 0.185839
v -0.218241 0.047873 -0.120574
v 0.182790 0.024691 -0.178046
v -0.192719 0.048904 0.094806
v -0.178710 0.042245 0.134587
v -0.161508 0.041264 0.132290
v -0.171713 0.040335 0.146819
v 0.384826 0.040577 -0.140313
v 0.387583 0.038881 -0.142354
v 0.141995 -0.106006 -0.087012
v 0.141045 -0.106155 -0.078754
v 0.406629 -0.033453 -0.110885
v -0.111086 0.044792 -0.126793
v 0.022541 0.047754 -0.141951
v 0.034351 0.048707 0.126827
v 0.033894 0.048733 0.126694
v 0.033855 0.048711 0.126763
v -0.081968 -0.087464 0.165909
v -0.064740 0.067796 -0.070087
v 0.387646 0.025699 -0.161893
v 0.359513 -0.033260 0.186777
v -0.299729 0.004016 0.197594
v 0.012113 0.046617 0.124000
v 0.014809 0.050944 0.116169
v 0.150692 -0.106160 -0.061826
v 0.205961 0.015224 0.184063
v 0.447037 -0.011494 0.048444
v 0.453316 0.022071 0.046068
v 0.450343 0.018068 0.060526
v 0.300583 -0.110403 0.076241
v 0.310686 -0.108814 0.083470
v 0.320438 -0.106841 0.046478
v -0.434292 -0.008539 -0.115988
v 0.400686 -0.040685 -0.091798
v -0.109803 -0.095274 -0.143128
v -0.125197 -0.081858 -0.170060
v -0.081240 -0.083323 -0.169455
v 0.386540 0.073539 0.043374
v 0.361293 0.080480 0.047914
v -0.111105 0.044044 -0.130175
v -0.085371 0.043791 -0.128549
v 0.440743 -0.023070 0.000044
v 0.441713 -0.021530 -0.015701
v 0.448675 -0.011081 0.000203
v 0.447246 -0.010304 -0.047932
v 0.429766 -0.034651 -0.035314
v 0.267571 -0.109107 0.019167
v 0.034281 0.048689 0.126821
v -0.191675 -0.094073 -0.153632
v -0.215819 -0.078720 -0.176290
v 0.099312 0.037118 -0.160489
v 0.147289 0.036209 -0.160054
v -0.156512 0.033419 0.174787
v 0.111998 -0.104631 -0.135566
v 0.128736 -0.103028 -0.141323
v 0.119911 -0.105205 -0.128761
v -0.127304 -0.101781 0.122163
v 0.190390 -0.101539 0.147826
v 0.190674 -0.095451 0.174981
v 0.174043 -0.101770 0.155221
v 0.154224 -0.107420 0.037842
v 0.189721 -0.107618 0.027527
v -0.228591 0.041399 -0.184664
v -0.379361 -0.083409 0.034764
v -0.428360 -0.023730 0.115765
v -0.193901 -0.096937 0.042869
v -0.177868 -0.100277 0.064062
v -0.193490 -0.102094 0.082941
v -0.450969 0.024733 -0.001339
v 0.032904 -0.103836 -0.060774
v 0.063192 -0.105611 -0.064820
v 0.066862 -0.104728 -0.033618
v 0.071347 -0.104840 -0.032622
v -0.082960 0.035373 0.164948
v -0.384057 -0.082100 0.030301
v 0.190045 -0.106057 -0.059413
v -0.035073 0.052945 -0.112449
v -0.023699 0.055997 -0.111900
v 0.409254 0.011706 0.145217
v -0.305231 -0.100423 0.094385
v -0.329566 -0.097750 0.084934
v -0.306020 -0.094933 0.064855
v -0.030170 0.056991 0.101789
v -0.026295 0.053956 0.103906
v -0.018585 0.061409 0.075771
v 0.128818 0.109420 0.065286
v 0.137478 0.109887 0.072709
v 0.281725 0.099274 -0.081722
v 0.048257 -0.108064 0.074415
v 0.045934 -0.107357 0.063846
v 0.080386 -0.108263 0.058252
v 0.077713 -0.107691 0.050531
v -0.259080 0.051118 -0.092059
v -0.185048 -0.100973 -0.120962
v -0.187603 -0.100997 -0.121335
v 0.318046 0.090830 0.086089
v 0.315617 0.014509 0.168024
v 0.040370 -0.057418 -0.186147
v -0.411930 0.038914 -0.089503
v 0.369320 0.075431 0.101020
v -0.036795 -0.073407 -0.176717
v -0.362975 0.007359 0.193154
v 0.201969 -0.100064 0.169456
v 0.359977 -0.076472 -0.090677
v -0.269490 0.050048 -0.120446
v -0.242168 0.056119 -0.094146
v -0.236619 0.054175 -0.094840
v -0.028615 0.010218 -0.185795
v -0.171326 0.002265 0.195655
v -0.150240 0.024672 0.184007
v 0.234695 -0.108723 -0.092084
v -0.395385 -0.054921 -0.185235
v 0.031744 0.050182 0.117087
v 0.033742 0.050122 0.118916
v 0.033594 0.049819 0.120480
v -0.253606 0.017999 0.195055
v -0.244756 0.049068 0.139679
v -0.258848 0.051362 -0.154229
v -0.064727 0.048877 0.108710
v -0.069968 0.050889 0.106466
v -0.078326 0.039654 0.122878
v 0.264107 0.098235 0.090839
v -0.391847 0.024033 0.182511
v -0.386839 0.027245 0.182583
v 0.387565 0.036097 -0.146569
v -0.315930 0.052942 0.168248
v -0.333156 0.051845 0.175039
v -0.001090 -0.103131 0.108084
v 0.092377 0.108232 -0.064635
v 0.144374 0.108864 -0.040067
v -0.384162 -0.082645 0.033601
v -0.384135 -0.085544 -0.048312
v -0.291304 0.069971 0.037091
v 0.038449 0.084456 0.057718
v 0.039376 0.087488 0.048247
v -0.373571 -0.096181 0.113665
v -0.373266 -0.096107 0.112275
v 0.369695 -0.031866 -0.185448
v 0.357404 -0.030494 -0.188310
v 0.350336 -0.038730 -0.191049
v 0.355038 -0.045083 -0.188001
v -0.376121 0.045878 0.150043
v -0.436734 0.025151 -0.089755
v 0.000512 -0.099458 0.146048
v 0.020807 -0.103179 0.141027
v 0.319990 -0.106812 0.039362
v -0.141264 -0.095867 -0.146527
v -0.450319 0.001065 0.063926
v 0.122948 -0.093679 0.173475
v 0.110739 -0.057927 0.187854
v 0.114201 -0.057866 0.187660
v 0.046014 -0.105009 -0.095872
v 0.224310 -0.104146 -0.139083
v -0.192420 0.007246 -0.197486
v -0.172398 -0.000633 -0.198367
v 0.154176 0.108293 -0.042987
v -0.383379 0.048290 0.083802
v -0.104373 0.051609 0.100444
v 0.334928 0.088135 -0.049172
v -0.312137 -0.017200 0.198978
v -0.070100 -0.047219 0.185256
v -0.107346 -0.045838 0.188377
v 0.355266 -0.037533 0.188663
v 0.107109 -0.000007 -0.186311
v 0.146943 -0.054524 0.186864
v 0.165333 -0.036370 0.186008
v 0.291368 -0.069134 -0.197704
v 0.271689 -0.056533 -0.196680
v 0.301136 -0.049980 -0.198230
v 0.443863 -0.011637 0.070232
v -0.244761 0.056694 -0.090716
v -0.245197 0.056539 -0.084252
v 0.033787 0.048748 0.126496
v 0.033792 0.048722 0.126720
v 0.033795 0.048722 0.126717
v 0.295872 -0.081034 0.194303
v 0.313367 -0.098251 0.183820
v 0.268509 -0.103718 -0.156539
v -0.242576 0.053804 0.093368
v -0.364425 -0.089748 -0.148894
v -0.343635 -0.093681 -0.149168
v -0.385771 -0.087737 0.148526
v -0.385219 -0.086642 0.152341
v -0.109341 0.039193 0.127847
v -0.094401 0.048907 0.104142
v -0.383474 0.031571 0.174808
v -0.386783 0.029665 0.174653
v -0.284257 -0.055706 0.191219
v -0.318775 -0.052973 0.193795
v -0.070025 -0.059035 -0.183716
v 0.438300 -0.001050 -0.093585
v 0.358188 -0.080202 0.123537
v 0.002668 0.062207 -0.078279
v 0.358787 -0.041767 0.187507
v -0.378363 0.026893 -0.189073
v 0.428693 -0.011853 0.119193
v 0.396513 0.032923 0.141574
v 0.413663 0.025689 0.126705
v -0.177831 0.067644 0.059568
v -0.200023 0.066746 0.057240
v 0.300722 0.091935 0.101765
v 0.175737 -0.026400 0.185682
v 0.021923 0.044246 0.142102
v -0.433949 -0.023873 -0.096428
v 0.034299 0.048699 0.126808
v 0.034329 0.048700 0.126822
v 0.371560 -0.065715 -0.149170
v 0.378118 -0.053166 -0.089959
v -0.090635 -0.096694 -0.130436
v -0.116254 -0.099399 -0.121127
v 0.384817 -0.046208 0.138876
v 0.387319 -0.043717 0.132764
v 0.061000 0.086760 0.092442
v 0.054029 0.082277 0.091314
v -0.429320 -0.025022 0.112075
v 0.041818 -0.104477 -0.103502
v 0.042951 -0.104663 -0.100672
v -0.037556 -0.077733 0.173607
v -0.221983 -0.098426 -0.081436
v -0.133580 -0.101091 -0.106541
v -0.118116 -0.099781 -0.072573
v -0.157933 -0.100939 -0.095417
v -0.037784 0.067768 0.037441
v -0.102563 -0.098275 -0.032336
v -0.114546 -0.099548 -0.067530
v -0.106446 -0.098209 -0.033430
v 0.432811 -0.035060 -0.000114
v 0.371671 -0.080272 0.037262
v -0.072541 -0.098208 -0.092344
v -0.038039 -0.095016 -0.108598
v -0.038294 -0.096992 -0.082965
v 0.212342 -0.104593 -0.124146
v -0.103935 0.054093 -0.100674
v -0.093948 0.051482 -0.104393
v -0.444075 -0.000977 0.088559
v -0.437545 -0.005637 0.110762
v 0.150615 -0.001473 -0.186367
v 0.437907 -0.011784 0.093824
v 0.431106 -0.023838 0.088267
v 0.081552 -0.110477 0.104989
v 0.451120 0.004096 0.000414
v 0.074435 -0.103558 -0.137700
v 0.075907 -0.104008 -0.134743
v -0.030423 0.053011 0.107143
v -0.026039 0.043676 0.115673
v -0.035562 0.050168 0.112487
v -0.244423 -0.103422 0.124251
v -0.230695 -0.100900 0.141463
v -0.223454 -0.103658 0.109950
v -0.218134 -0.099502 -0.135888
v -0.204303 -0.092553 -0.155214
v -0.226319 -0.099619 -0.137210
v 0.264470 -0.101559 -0.162580
v 0.033598 0.049741 0.120909
v 0.033630 0.049856 0.120319
v 0.388907 0.069814 0.093681
v 0.381790 0.073383 0.090170
v -0.344257 -0.095690 0.080667
v 0.376299 -0.059215 -0.149092
v 0.016539 -0.104123 0.036849
v 0.291898 -0.109799 0.133715
v 0.301212 -0.106585 0.144780
v 0.310923 -0.106173 -0.093444
v 0.033857 0.048723 0.126646
v 0.033803 0.048732 0.126536
v 0.034272 0.048697 0.126799
v -0.100918 -0.024499 -0.193266
v -0.094695 -0.027546 -0.192531
v 0.290915 -0.108484 0.141524
v 0.070552 -0.104785 -0.031219
v 0.071681 -0.104818 -0.031313
v -0.445318 0.033131 -0.009928
v -0.450818 0.029075 -0.001293
v -0.223259 -0.098437 0.064273
v -0.174987 -0.096349 -0.044194
v -0.192120 -0.095233 -0.044082
v -0.343154 0.056105 0.155054
v -0.337163 0.055673 0.149566
v -0.349936 0.055003 0.145769
v 0.413260 0.067165 0.063067
v 0.417583 0.063303 0.080719
v 0.425204 0.062436 0.067657
v 0.307570 0.093212 -0.097061
v -0.358629 0.056818 0.060800
v -0.375286 -0.091294 -0.082706
v -0.430203 0.003163 -0.124131
v -0.072349 -0.098587 -0.075521
v -0.294353 -0.031240 -0.200747
v -0.275169 -0.011498 -0.201712
v 0.235432 -0.109556 0.140734
v 0.328125 -0.104714 0.042889
v 0.000394 0.046472 -0.127578
v 0.374612 -0.079150 0.033133
v 0.155882 0.109251 -0.084655
v 0.154458 0.109411 -0.085177
v 0.031320 0.085817 0.043921
v -0.395033 0.028500 -0.169312
v 0.031931 0.049371 0.121635
v 0.033375 0.049456 0.122244
v -0.368097 -0.090521 -0.069188
v -0.035741 -0.055269 0.180222
v 0.196540 0.098439 -0.128753
v -0.063522 0.067312 -0.073175
v -0.062949 0.067387 -0.072798
v 0.287693 -0.109963 0.136900
v -0.310125 0.032319 -0.190455
v -0.434789 -0.011364 0.112771
v -0.186138 0.045663 -0.138194
v -0.218158 0.047741 -0.121921
v -0.054239 0.060150 -0.099889
v -0.069504 0.053519 -0.106562
v -0.035187 0.030681 0.132739
v -0.035320 0.030603 0.132876
v -0.261130 -0.077152 -0.179406
v 0.083613 -0.108117 0.054969
v -0.363557 0.048432 0.089829
v -0.068020 -0.046357 0.185350
v 0.233727 -0.048160 -0.190318
v -0.100420 -0.029320 -0.192908
v 0.155589 -0.065323 -0.185934
v 0.123666 -0.053311 -0.189655
v -0.038549 -0.098968 -0.057332
v -0.298238 -0.099758 -0.109048
v 0.033829 0.048709 0.126807
v 0.033817 0.048701 0.126828
v 0.387123 0.073696 0.077627
v 0.125261 -0.030841 -0.190645
v -0.345128 -0.054992 0.191719
v -0.228707 -0.049128 0.191561
v 0.309464 -0.108661 0.093674
v -0.222161 -0.103793 0.105616
v -0.237175 -0.097674 0.062684
v -0.224070 -0.103815 0.106153
v -0.174425 -0.042503 -0.193644
v -0.193499 -0.040409 -0.195124
v -0.265653 -0.099328 -0.131949
v -0.238802 -0.100757 -0.123435
v -0.219860 0.047992 -0.121017
v -0.241392 0.051243 -0.106977
v -0.220638 0.048524 -0.117107
v -0.238664 0.051447 -0.104195
v -0.186923 -0.035049 0.194875
v -0.150034 -0.040443 0.192107
v -0.193545 -0.029635 0.196272
v -0.165137 -0.016634 0.196464
v -0.229465 0.051173 -0.092820
v 0.006359 -0.101737 -0.065055
v -0.004949 -0.099269 -0.099073
v 0.037840 -0.104245 -0.099238
v 0.031367 0.054150 0.123289
v 0.022803 0.050547 0.121604
v 0.019529 0.046852 0.128588
v 0.194120 -0.002938 -0.186424
v -0.098719 -0.098406 -0.033681
v 0.309564 -0.104100 0.149244
v 0.034215 0.048694 0.126800
v 0.034219 0.048690 0.126806
v 0.010062 -0.053817 0.184291
v 0.034290 0.048691 0.126820
v 0.034292 0.048692 0.126820
v 0.034286 0.048695 0.126808
v -0.084323 -0.098784 -0.001935
v -0.100608 -0.098336 -0.031412
v -0.202971 -0.016572 -0.199518
v -0.215325 0.012959 -0.196552
v 0.033818 0.048679 0.126828
v 0.169851 0.018103 -0.180255
v -0.141250 -0.102724 0.085161
v -0.108952 -0.102055 0.090189
v 0.187836 0.017806 0.182621
v -0.403340 -0.082479 -0.044334
v 0.178058 0.009338 0.183646
v 0.379585 -0.044196 -0.157426
v -0.391905 0.053751 0.048159
v 0.037925 -0.107197 0.122437
v 0.050658 -0.103903 0.145524
v 0.033768 0.048719 0.126835
v 0.033768 0.048719 0.126836
v -0.001901 -0.103299 0.069432
v 0.004819 -0.103917 0.067588
v 0.006386 -0.104139 0.075421
v -0.275664 0.006757 0.197909
v 0.232100 -0.108227 0.146036
v 0.209608 -0.102526 0.164666
v 0.034326 0.048697 0.126828
v 0.034311 0.048693 0.126828
v 0.034291 0.048694 0.126826
v 0.153757 -0.104123 -0.118752
v 0.164435 -0.103135 -0.121634
v 0.162413 -0.104119 -0.108648
v 0.309957 -0.103647 0.151941
v 0.311259 -0.103574 0.149491
v -0.396027 -0.072528 -0.185380
v 0.033844 0.048716 0.126758
v 0.033863 0.048717 0.126738
v 0.330639 -0.033253 0.192050
v 0.115381 0.051820 -0.135376
v -0.226115 -0.007379 -0.201474
v 0.000621 0.046648 -0.127354
v 0.000305 0.046760 -0.127103
v -0.372200 0.003583 -0.196849
v -0.337210 0.000540 -0.200780
v -0.382587 -0.087541 0.154078
v -0.382199 -0.088883 0.151367
v 0.000439 0.077910 0.033068
v -0.184125 0.045062 -0.145565
v -0.252108 -0.036870 -0.197977
v -0.238018 -0.049601 -0.192409
v -0.391049 0.028567 -0.184644
v 0.040318 -0.100018 -0.141742
v 0.042436 -0.108226 0.109548
v -0.000961 -0.103163 0.107905
v 0.043673 -0.108180 0.087433
v -0.000383 -0.103230 0.107401
v -0.259614 0.008172 -0.199477
v -0.240800 0.050276 -0.116381
v -0.249024 0.050209 -0.135196
v -0.079191 0.060786 -0.094347
v -0.084048 0.063191 -0.088243
v -0.071720 0.060821 -0.095442
v 0.033858 0.048715 0.126746
v 0.033901 0.048734 0.126672
v -0.151761 -0.103245 0.108469
v -0.158934 -0.102960 0.088594
v -0.147117 -0.102975 0.090100
v -0.294671 -0.044741 -0.195521
v -0.306441 -0.075583 -0.182521
v 0.436366 -0.011818 0.099345
v 0.245172 0.099925 0.091515
v -0.279960 0.050164 0.153637
v 0.148250 0.108871 -0.044987
v -0.036709 0.024206 0.177641
v -0.149162 -0.102267 0.078224
v -0.094972 -0.101097 0.076515
v -0.393930 0.011006 0.182273
v -0.032071 0.033615 0.128600
v 0.125949 0.080843 -0.132033
v 0.304644 -0.100300 -0.156407
v -0.103527 -0.032251 -0.192853
v -0.195429 -0.035780 0.195059
v -0.198777 -0.034585 0.195526
v -0.188689 -0.058338 0.185917
v -0.354110 -0.026566 0.196009
v -0.331362 -0.039769 0.196659
v -0.348109 -0.043192 0.194052
v -0.242365 0.051609 -0.104346
v -0.241418 0.051754 -0.103417
v -0.240796 0.051615 -0.103951
v 0.034321 0.051848 -0.126519
v -0.290368 -0.099323 -0.131383
v -0.039451 0.057542 0.104474
v -0.036749 0.062340 0.096969
v -0.047307 0.063665 0.097353
v 0.380441 -0.051758 0.100399
v -0.242242 0.050337 0.114433
v -0.027956 0.052753 0.106289
v -0.023937 0.042243 0.116650
v -0.318819 -0.017783 -0.201803
v -0.344269 -0.096682 -0.119588
v -0.349489 -0.097454 0.144773
v -0.374317 -0.095946 0.114067
v -0.188587 -0.101141 -0.119965
v 0.240276 -0.110900 0.068151
v -0.351234 -0.074055 -0.183950
v -0.245036 0.050559 0.111096
v -0.248383 0.051599 0.103166
v -0.253625 0.050795 0.104436
v -0.138173 0.074818 0.021249
v 0.220001 0.099633 0.108726
v 0.196028 0.097281 0.127753
v -0.374802 -0.004973 -0.196922
v -0.363015 -0.014861 -0.199355
v -0.371527 -0.021710 -0.197557
v 0.033895 0.048734 0.126690
v 0.034211 0.048695 0.126794
v -0.215686 -0.030815 0.196706
v -0.246737 -0.020255 0.198743
v -0.056757 0.063572 0.094902
v -0.054360 0.068742 0.079927
v -0.068258 0.063349 0.089889
v -0.320345 0.057079 -0.167250
v -0.313224 0.052885 -0.173692
v 0.033765 0.048702 0.126942
v 0.033797 0.048707 0.126865
v 0.033798 0.048710 0.126858
v -0.374408 -0.095901 0.113251
v 0.398906 0.033504 -0.142055
v -0.276130 -0.102692 0.124049
v -0.395764 0.024346 0.167164
v -0.184863 -0.101398 -0.117071
v 0.431204 -0.018832 0.104644
v 0.366511 -0.050604 -0.175370
v 0.154598 0.109352 -0.086192
v -0.190733 -0.104060 0.113744
v -0.174260 -0.102857 0.129090
v -0.193314 -0.103493 0.125555
v 0.342586 -0.087150 -0.144114
v -0.330868 -0.052068 0.193726
v -0.198081 -0.031877 0.196116
v -0.237029 0.051843 0.094038
v -0.335739 -0.054947 0.192700
v 0.072936 -0.103500 -0.137954
v 0.336184 -0.100980 -0.053770
v 0.335597 0.089261 -0.085299
v 0.328309 0.091088 -0.073286
v 0.341992 0.087929 -0.076144
v -0.378015 -0.018589 -0.195491
v 0.159098 -0.098399 -0.157081
v 0.147371 -0.100062 -0.153047
v 0.366843 0.075350 -0.105613
v 0.003269 0.079600 0.027221
v 0.149879 0.108639 0.070944
v 0.170311 0.105008 0.079197
v -0.385403 -0.087766 -0.064732
v 0.416822 0.064123 0.035174
v 0.019044 -0.042159 -0.187811
v 0.039190 -0.041479 -0.189349
v 0.100848 -0.106562 0.025912
v 0.030742 0.056763 0.114660
v 0.267149 0.098761 0.080264
v 0.049942 0.085834 -0.080826
v -0.140268 -0.097691 -0.042381
v -0.340629 0.054468 0.169997
v -0.001084 -0.103150 0.107780
v -0.248655 0.052423 -0.098985
v 0.135847 -0.108253 0.056863
v -0.413704 0.036294 0.088304
v -0.159723 0.072640 0.043850
v -0.218607 -0.100927 0.140447
v 0.020619 -0.097699 -0.144190
v -0.000925 -0.103157 0.108082
v -0.237959 0.051587 0.098209
v 0.338043 -0.101217 0.059070
v 0.112431 -0.056320 0.188090
v -0.231555 -0.029094 -0.199615
v 0.229011 -0.110045 0.053668
v 0.232185 -0.110339 0.060605
v -0.276561 -0.097820 -0.146929
v -0.242138 0.050495 0.112099
v 0.387638 0.045786 -0.131518
v 0.369465 0.078636 0.075168
v 0.239733 -0.109336 0.143472
v 0.234880 0.100636 0.041618
v -0.108451 0.035126 0.167108
v 0.113959 -0.053262 0.188601
v 0.117205 -0.055985 0.188113
v -0.450357 0.006135 0.029589
v 0.156811 -0.094565 0.174228
v -0.339948 0.046240 0.177513
v 0.014027 -0.048670 0.185346
v 0.057083 -0.041280 0.188722
v 0.068378 -0.105427 0.144861
v -0.253933 -0.099946 -0.103429
v 0.110538 -0.054522 0.188514
v 0.039604 -0.107503 0.073870
v -0.001526 0.033619 0.143347
v -0.009160 0.030178 0.143100
v -0.010380 0.030803 0.146894
v 0.052341 -0.108481 0.119889
v 0.265813 -0.110813 0.139203
v 0.259724 -0.057906 0.193402
v 0.280537 -0.112358 0.077946
v 0.301495 -0.110500 0.091365
v -0.385527 -0.030935 -0.191252
v -0.379511 -0.038333 -0.193541
v -0.304105 0.054870 -0.165318
v 0.285200 -0.068838 0.196189
v 0.410080 -0.054771 -0.017116
v -0.093367 -0.101350 0.092951
v -0.051528 0.033465 0.131039
v -0.054190 0.034479 0.127003
v 0.174532 0.024133 -0.177345
v -0.005324 0.054649 -0.116444
v 0.045226 -0.104479 -0.107791
v 0.070579 -0.046328 0.188834
v -0.430939 -0.019874 -0.112583
v -0.003776 0.044820 0.116919
v 0.033929 0.048648 0.126826
v -0.375032 -0.095748 0.113532
v 0.297605 0.095218 0.073449
v -0.001083 -0.103145 0.107925
v -0.281556 -0.037886 -0.198708
v -0.157544 0.042061 0.127382
v 0.233832 -0.107957 -0.116193
v 0.274129 -0.108923 -0.122913
v 0.370419 -0.058436 0.163407
v 0.387601 0.041666 -0.138139
v -0.151624 -0.042660 -0.193108
v -0.136398 -0.052978 -0.189264
v 0.012567 -0.051937 0.184738
v 0.010664 -0.049244 0.185132
v -0.131384 -0.005110 0.193472
v -0.115924 -0.020018 0.192607
v -0.335181 -0.096611 0.151484
v 0.226949 -0.064082 -0.187546
v -0.091605 0.067958 0.075454
v -0.085352 0.065934 0.080555
v -0.085016 -0.100302 0.109379
v -0.212860 -0.098601 -0.080648
v -0.176387 -0.098480 -0.067314
v 0.147886 -0.103243 0.156117
v 0.140387 -0.104997 0.152578
v 0.370451 -0.057358 0.164349
v -0.206123 -0.096041 0.040954
v -0.099117 -0.100221 0.050928
v -0.067328 -0.048070 0.184854
v 0.306730 0.094902 -0.080478
v 0.314560 0.092878 -0.051198
v -0.057492 0.058017 0.102028
v 0.342576 0.084648 0.088059
v 0.342456 0.078669 0.111321
v 0.308823 0.087484 0.110306
v 0.354150 0.078463 0.104125
v -0.350997 0.054482 0.138675
v -0.030026 0.065004 0.061104
v -0.068785 -0.099598 0.017015
v 0.061479 -0.109672 0.106868
v 0.073435 -0.110133 0.094683
v -0.401094 0.016657 -0.168404
v -0.251050 0.050786 -0.153910
v 0.395787 0.035667 -0.142265
v 0.337685 -0.100161 -0.055693
v -0.022145 0.058247 -0.108396
v -0.212458 0.004446 0.197335
v -0.213298 0.006067 0.197087
v -0.222297 -0.003253 0.198414
v -0.208885 0.004784 0.197030
v 0.133994 -0.104243 0.155011
v 0.279758 0.050869 -0.140688
v -0.337568 0.056312 0.166100
v -0.269401 0.050088 -0.122499
v 0.033787 0.048748 0.126496
v 0.033851 0.048717 0.126735
v -0.201973 -0.034509 -0.197184
v -0.232821 -0.097194 0.058541
v 0.102925 -0.109190 0.136709
v -0.168770 -0.100499 -0.088225
v -0.132255 -0.012453 -0.196031
v -0.138874 -0.007336 -0.196998
v 0.332383 -0.103143 0.052625
v 0.329226 -0.104538 0.065101
v -0.269044 0.008283 -0.199886
v -0.252961 -0.004364 -0.201868
v -0.317733 0.054743 0.163878
v 0.344967 0.086031 -0.090122
v -0.153249 0.074472 0.028435
v 0.096111 -0.106597 -0.070618
v 0.033818 0.048679 0.126828
v 0.150585 0.108549 -0.039440
v 0.336559 -0.100581 -0.057574
v 0.327324 -0.102920 -0.076727
v -0.431096 -0.001717 0.121294
v -0.116077 -0.061061 -0.184862
v 0.345466 -0.097432 0.054112
v -0.064255 0.051563 -0.108831
v -0.315085 -0.095396 -0.149654
v 0.033855 0.048711 0.126763
v -0.065212 -0.093326 -0.136919
v -0.069799 -0.094147 -0.134193
v 0.001283 0.041140 0.128257
v -0.002755 0.034992 0.133203
v 0.002605 0.036040 0.139360
v 0.345208 -0.087013 -0.124611
v 0.247779 0.101432 -0.047498
v 0.275811 0.098015 -0.036549
v -0.035967 0.031232 0.132178
v -0.035166 0.030543 0.133597
v -0.081438 0.068155 0.075921
v -0.071943 -0.056135 -0.185017
v -0.074895 -0.056687 -0.184807
v -0.083801 -0.043814 -0.188632
v -0.026956 0.011624 0.185533
v 0.112380 -0.106540 0.022812
v -0.079528 0.036559 0.130014
v 0.004085 -0.099584 -0.111424
v -0.009643 -0.097657 -0.113923
v 0.020571 -0.098050 -0.142705
v 0.004990 0.041727 0.129780
v 0.002757 0.041614 0.128629
v -0.086694 0.072561 0.046542
v -0.077283 0.072494 0.043114
v -0.086257 0.040021 0.122391
v -0.091307 0.037090 0.130294
v -0.217579 0.047651 -0.123011
v -0.219035 0.047773 -0.122919
v 0.072624 -0.109443 0.122895
v 0.395846 0.030535 0.144011
v 0.335005 -0.089473 -0.156632
v 0.033898 0.048733 0.126676
v 0.033855 0.048746 0.126559
v -0.186897 -0.025128 -0.198212
v 0.431901 -0.020120 -0.093265
v 0.086868 -0.103494 0.150156
v -0.450646 0.011281 0.011037
v 0.384410 0.068102 0.100963
v -0.196307 -0.032906 0.195768
v 0.454500 0.037630 0.028860
v 0.015486 -0.053522 0.184540
v 0.097940 -0.106254 -0.056184
v 0.315816 -0.098217 0.174807
v -0.315420 -0.098846 -0.130356
v -0.331091 -0.096436 -0.141157
v -0.282994 0.049613 0.123093
v -0.259478 0.048856 0.091081
v 0.231598 -0.110282 0.066530
v 0.033818 0.048702 0.126827
v -0.038744 -0.100097 -0.029597
v 0.299095 -0.109129 -0.059283
v 0.007603 0.043707 0.127938
v 0.335237 -0.102232 0.040803
v -0.260635 -0.101763 0.093894
v -0.124937 -0.099670 -0.121103
v -0.386041 0.031779 -0.184615
v -0.174758 -0.045918 0.191231
v 0.099694 -0.109466 0.073940
v 0.095074 -0.046398 -0.190580
v -0.102900 0.064289 -0.081861
v 0.320108 0.076039 -0.125194
v 0.158828 -0.067210 -0.185154
v -0.110848 0.070492 0.065761
v -0.079110 0.043534 -0.129178
v 0.266571 -0.102704 -0.159383
v 0.033772 0.048706 0.126826
v 0.033774 0.048693 0.126855
v 0.033774 0.048695 0.126870
v -0.270429 0.050041 -0.120520
v -0.228870 0.048328 -0.157094
v 0.146464 -0.108804 0.104318
v -0.037821 0.030727 0.132599
v -0.231970 0.051102 -0.100486
v -0.047072 0.038191 0.120916
v -0.375558 -0.095459 0.110766
v 0.158077 -0.065647 -0.185667
v 0.000233 0.046557 -0.127375
v -0.383560 -0.089475 -0.077866
v -0.070315 -0.051320 -0.186164
v 0.287641 -0.110540 0.132300
v -0.053724 0.046287 -0.117699
v -0.044486 0.045237 -0.121259
v -0.062915 0.044774 -0.122473
v -0.048436 0.042616 -0.133454
v 0.043236 0.051505 0.138029
v 0.038494 0.049347 0.138678
v 0.004324 0.052041 0.118824
v 0.001325 0.054658 0.116314
v 0.033794 0.048702 0.126865
v 0.033764 0.048706 0.126918
v -0.030095 0.043211 -0.133495
v 0.003931 0.038400 0.135172
v -0.303155 -0.097912 -0.142411
v -0.449329 -0.002267 0.026528
v -0.062308 0.060628 -0.097428
v 0.340619 -0.085654 -0.157358
v -0.352002 -0.045396 -0.196605
v -0.338007 -0.028185 -0.201316
v 0.005541 0.055215 -0.110424
v 0.153794 -0.102721 -0.133277
v -0.402215 -0.083771 -0.058440
v -0.024263 0.042344 -0.141171
v -0.022151 0.043737 -0.132569
v -0.017143 0.043472 -0.134547
v 0.033847 0.048719 0.126751
v 0.033810 0.048717 0.126772
v -0.309187 0.053214 0.164035
v -0.295652 0.051452 0.140084
v -0.080383 -0.097263 0.133572
v -0.074502 -0.097130 0.133592
v 0.024304 -0.105952 0.071898
v 0.317069 -0.106240 -0.070400
v -0.159115 -0.099933 -0.077651
v 0.033357 0.049102 0.124063
v 0.034306 0.048694 0.126823
v -0.123371 0.074239 0.038721
v 0.217417 -0.052913 0.185546
v 0.246872 -0.058374 0.190843
v 0.015260 -0.102695 -0.048347
v -0.000836 -0.101728 -0.046653
v -0.038939 -0.101226 -0.001863
v 0.300482 0.095986 -0.059526
v -0.226357 -0.100827 -0.126401
v -0.230359 -0.100229 -0.132507
v -0.152867 -0.098076 -0.053769
v 0.244227 -0.111769 0.104850
v 0.263696 -0.112849 0.098448
v 0.240771 -0.110549 0.135178
v -0.224799 -0.100272 -0.131639
v 0.023003 -0.105145 0.051534
v 0.034217 0.048693 0.126801
v 0.033937 0.048727 0.126693
v -0.016097 0.055771 -0.113652
v -0.075069 0.061596 0.089927
v -0.080129 0.065449 0.082686
v 0.295381 0.095706 -0.043979
v -0.310617 -0.038515 -0.198596
v -0.359688 0.015637 0.190964
v -0.022336 0.040808 0.118045
v -0.149278 -0.006392 0.195227
v 0.063540 -0.045664 0.188789
v -0.450243 0.002907 -0.025346
v 0.325248 -0.104314 -0.065102
v -0.010337 0.048469 0.105590
v 0.015320 0.052429 0.100815
v 0.315730 0.050548 -0.135424
v -0.233020 -0.098337 0.150093
v -0.216460 0.006884 0.196753
v -0.070862 -0.098914 -0.047326
v 0.151867 -0.105742 -0.080798
v -0.248866 0.052593 -0.098448
v -0.358703 0.012220 0.192575
v 0.400931 -0.042737 0.090771
v 0.377729 -0.055378 0.089179
v -0.422384 0.033404 0.081124
v -0.066497 0.047275 -0.117112
v -0.130800 -0.002354 -0.195620
v 0.033560 0.049884 0.120140
v 0.033612 0.049942 0.119860
v 0.033327 0.050115 0.118733
v -0.152225 -0.096692 -0.033333
v 0.033136 0.065316 0.092000
v -0.383516 0.035125 -0.178534
v -0.045535 0.046680 -0.117401
v 0.033768 0.048719 0.126834
v 0.033775 0.048689 0.126856
v -0.211876 0.005762 0.197023
v 0.323693 -0.103577 -0.081220
v 0.034224 0.048687 0.126812
v 0.034145 0.048672 0.126826
v 0.034230 0.048687 0.126812
v -0.084597 -0.101018 0.084428
v -0.091500 -0.101245 0.089712
v -0.385239 -0.090189 0.076920
v 0.033802 0.048701 0.126852
v 0.216812 0.020792 -0.178072
v -0.038614 0.029140 -0.178115
v -0.325911 0.055426 0.163769
v -0.257668 -0.102882 0.104348
v -0.140686 -0.028818 0.193798
v -0.242108 0.051726 -0.103443
v 0.157363 0.019060 -0.175897
v -0.244796 0.052502 0.099504
v -0.249185 0.051943 0.100933
v -0.044531 0.067993 0.084276
v -0.330209 -0.017365 0.198208
v 0.431485 0.059444 0.036985
v -0.296992 0.053603 -0.130541
v -0.384051 -0.085445 0.048441
v 0.034289 0.048690 0.126823
v -0.021455 0.042247 0.116081
v -0.020993 0.041292 0.117226
v -0.007490 0.044103 0.114495
v -0.006145 0.043559 0.116684
v 0.034329 0.048698 0.126825
v 0.135147 0.109652 0.104899
v 0.033763 0.048781 0.126286
v -0.242396 0.051801 0.102181
v -0.217703 -0.098649 0.148046
v -0.091791 0.067169 -0.074179
v -0.064419 0.058392 -0.100957
v -0.076725 0.072412 0.038279
v -0.081285 0.072730 0.039026
v -0.241215 0.053228 -0.097131
v -0.292868 -0.093803 -0.156457
v 0.368911 -0.002263 -0.185067
v -0.166212 -0.018361 -0.198211
v 0.036804 0.051400 0.135025
v -0.319668 0.054786 0.147692
v -0.290613 0.050189 0.126911
v 0.033841 0.048711 0.126802
v -0.063368 0.047765 -0.115369
v -0.136036 0.002281 -0.195296
v -0.143020 -0.000637 -0.196577
v 0.002708 0.055933 -0.108701
v -0.003417 0.052010 -0.119029
v -0.158758 -0.101830 0.129194
v -0.177143 0.044869 -0.142474
v -0.239714 -0.094717 0.157553
v 0.033893 0.049401 0.136691
v 0.025793 0.047577 0.134350
v -0.006295 0.041658 0.119711
v 0.022718 0.052179 0.115631
v 0.026088 0.057300 0.102096
v -0.019795 0.031274 0.130426
v 0.279481 0.098561 -0.051950
v -0.107613 0.037557 0.135617
v 0.261334 -0.109978 0.032975
v 0.236741 -0.110536 0.059827
v 0.033818 0.048695 0.126828
v 0.033818 0.048680 0.126828
v -0.323964 0.011620 0.193599
v -0.072953 0.041370 0.119616
v -0.066056 0.035449 0.128849
v 0.034228 0.048693 0.126802
v 0.162705 -0.107691 0.074829
v -0.263423 0.049711 0.111336
v 0.007817 0.049916 -0.123642
v -0.368710 -0.089979 0.064210
v -0.277759 0.049581 0.124513
v -0.282952 0.049863 0.128888
v 0.033823 0.048717 0.126796
v 0.033819 0.048712 0.126823
v -0.272079 -0.101738 0.097048
v 0.054181 0.085314 -0.093006
v 0.430414 0.058557 0.025875
v 0.001683 0.042231 0.127349
v -0.245638 0.052824 -0.095632
v -0.248790 0.052511 -0.098465
v -0.153604 -0.099663 -0.128483
v 0.234130 -0.109883 0.133944
v 0.219066 -0.109112 0.099751
v 0.055245 -0.105889 0.034439
v 0.034280 0.048690 0.126818
v 0.034280 0.048690 0.126820
v 0.034227 0.048690 0.126806
v 0.071647 0.093036 -0.102380
v -0.069622 -0.100047 0.046347
v -0.022680 0.051653 0.104884
v 0.034222 0.048689 0.126808
v 0.033517 0.049467 0.122291
v -0.007042 0.056869 -0.111310
v 0.033821 0.048686 0.126826
v -0.004681 0.076942 0.030012
v 0.074316 -0.104898 -0.031623
v 0.157506 -0.064801 -0.185873
v -0.069366 -0.096095 -0.120390
v 0.311059 -0.042211 -0.197144
v -0.288583 0.069983 0.038114
v 0.004622 0.053874 -0.115637
v 0.034217 0.048691 0.126805
v 0.033599 0.049750 0.120862
v 0.033564 0.049775 0.120716
v -0.343266 0.055326 0.139411
v 0.033775 0.048688 0.126858
v -0.064917 0.067177 -0.073865
v 0.033784 0.048718 0.126755
v 0.033795 0.048715 0.126793
v 0.033789 0.048720 0.126737
v 0.034308 0.048699 0.126813
v 0.033872 0.048710 0.126769
v 0.033602 0.049784 0.120692
v 0.151588 0.107762 0.094604
v 0.033843 0.048695 0.126803
v 0.033797 0.048693 0.126850
v -0.008595 0.032359 0.131695
v 0.138952 -0.037122 0.187548
v 0.033922 0.048729 0.126688
v -0.377101 0.001336 -0.195461
v -0.140432 0.043340 -0.141570
v -0.018560 0.052115 -0.116002
v -0.077334 -0.098085 0.128373
v 0.033813 0.048704 0.126836
v 0.033852 0.048714 0.126757
v 0.008043 0.049516 -0.124779
v 0.000794 0.046591 -0.127554
v -0.205491 0.045500 -0.161847
v 0.159179 -0.107626 0.054474
v -0.243579 -0.097131 0.153204
v -0.003527 0.049982 -0.120568
v -0.067539 -0.100178 0.059734
v 0.000861 0.046721 -0.127317
v 0.347957 0.078847 -0.109194
v 0.033851 0.048702 0.126793
v -0.066336 -0.094651 -0.130785
v 0.136278 -0.105467 -0.112741
v 0.313314 -0.053889 -0.198065
v 0.317534 -0.046105 -0.197374
v -0.192206 -0.102213 0.133532
v 0.211689 -0.062300 0.183378
v 0.033772 0.048697 0.126878
v 0.033864 0.048717 0.126737
v -0.022986 0.042817 0.115708
v 0.033841 0.048716 0.126753
v -0.000379 0.040428 0.128045
v 0.033841 0.048699 0.126804
v -0.020362 0.040369 0.118462
v 0.033845 0.048716 0.126756
f 1 2 3
f 4 5 6
f 7 8 9
f 10 12 11
f 13 14 15
f 16 17 18
f 19 20 21
f 23 24 25
f 28 29 30
f 36 37 38
f 40 41 42
f 43 44 45
f 46 47 48
f 49 50 51
f 50 52 51
f 53 54 55
f 56 57 58
f 57 59 58
f 62 63 64
f 65 66 67
f 72 73 74
f 75 76 77
f 83 84 85
f 86 87 88
f 89 90 91
f 92 65 93
f 94 95 96
f 97 98 99
f 100 101 102
f 101 103 102
f 104 106 105
f 61 108 109
f 1 110 35
f 112 113 114
f 76 15 116
f 117 118 119
f 76 120 33
f 123 116 124
f 128 129 127
f 33 15 76
f 130 131 132
f 131 133 132
f 134 135 136
f 137 138 139
f 140 141 142
f 143 144 145
f 22 120 75
f 21 153 19
f 98 157 158
f 159 160 161
f 162 163 164
f 166 167 168
f 169 170 109
f 173 175 174
f 176 42 165
f 180 181 182
f 64 48 183
f 184 185 186
f 189 175 190
f 191 192 165
f 193 194 195
f 196 197 198
f 188 199 200
f 201 202 203
f 30 29 111
f 204 205 206
f 75 120 76
f 208 209 210
f 216 217 218
f 221 78 147
f 104 105 222
f 224 225 223
f 226 227 228
f 231 232 156
f 233 234 235
f 151 118 238
f 241 242 243
f 247 248 249
f 101 252 253
f 254 255 202
f 256 257 68
f 258 259 260
f 262 263 264
f 39 266 265
f 270 271 272
f 173 163 273
f 229 274 9
f 275 276 277
f 278 279 280
f 281 282 283
f 76 280 77
f 284 285 286
f 1 3 110
f 287 288 289
f 126 58 290
f 23 25 291
f 292 293 294
f 295 169 296
f 297 298 18
f 298 299 18
f 300 301 302
f 303 296 304
f 230 229 9
f 240 263 306
f 286 285 309
f 221 147 310
f 178 177 312
f 151 313 152
f 314 315 316
f 8 197 317
f 254 318 255
f 320 273 162
f 322 323 324
f 86 180 87
f 326 327 328
f 329 330 331
f 332 333 334
f 7 335 8
f 96 338 94
f 230 9 317
f 223 94 338
f 340 142 341
f 257 342 343
f 342 344 343
f 345 346 154
f 347 348 349
f 314 352 315
f 191 353 354
f 42 356 355
f 358 359 360
f 361 362 233
f 363 364 42
f 313 151 160
f 365 366 367
f 95 368 96
f 263 370 371
f 363 372 364
f 375 370 263
f 376 220 219
f 25 199 291
f 236 219 237
f 377 378 213
f 324 323 220
f 379 28 30
f 123 278 116
f 380 381 382
f 383 208 210
f 223 338 384
f 385 386 387
f 388 389 390
f 9 8 317
f 272 393 394
f 149 2 152
f 165 192 395
f 396 397 164
f 398 399 400
f 402 316 123
f 403 291 404
f 408 409 92
f 7 9 410
f 85 266 39
f 412 413 414
f 189 190 415
f 276 416 277
f 416 417 277
f 419 420 421
f 256 425 265
f 426 427 428
f 257 343 68
f 430 353 191
f 334 57 332
f 431 207 155
f 432 433 434
f 437 438 439
f 440 441 442
f 290 59 443
f 445 446 447
f 449 450 451
f 452 453 350
f 274 170 303
f 456 457 324
f 175 189 459
f 460 461 462
f 463 464 465
f 404 188 187
f 466 467 468
f 467 469 468
f 470 471 472
f 471 473 472
f 81 455 454
f 474 184 186
f 475 476 169
f 349 477 478
f 479 154 480
f 454 311 81
f 172 296 169
f 481 70 482
f 483 403 404
f 209 484 485
f 302 403 483
f 57 56 488
f 489 113 112
f 490 491 492
f 493 494 495
f 496 497 498
f 499 500 501
f 502 503 504
f 449 415 190
f 505 506 17
f 476 172 169
f 482 508 481
f 509 118 152
f 510 120 511
f 120 512 511
f 227 226 513
f 514 515 204
f 517 315 352
f 282 56 520
f 56 521 520
f 152 118 151
f 523 111 29
f 149 152 150
f 391 524 392
f 519 111 523
f 525 19 526
f 527 528 165
f 461 529 530
f 531 532 533
f 534 60 229
f 149 3 2
f 185 535 536
f 271 538 107
f 65 539 540
f 541 542 543
f 59 334 443
f 317 545 230
f 545 472 546
f 547 548 549
f 550 551 552
f 553 231 156
f 554 555 556
f 116 15 124
f 557 558 559
f 231 560 232
f 159 161 311
f 508 561 481
f 561 562 481
f 563 564 565
f 566 567 568
f 124 15 569
f 570 84 321
f 51 52 571
f 135 134 572
f 573 427 426
f 331 574 329
f 303 410 9
f 193 195 458
f 575 576 577
f 307 251 308
f 578 579 210
f 448 580 581
f 582 583 584
f 569 15 14
f 585 552 551
f 274 303 9
f 586 587 388
f 563 588 589
f 395 590 591
f 509 152 2
f 592 593 594
f 235 596 595
f 597 519 153
f 267 264 240
f 240 264 263
f 524 264 392
f 392 264 267
f 153 519 526
f 598 599 600
f 599 601 600
f 602 603 604
f 520 521 126
f 605 606 149
f 206 607 204
f 407 608 609
f 610 611 581
f 125 612 244
f 186 572 134
f 517 614 615
f 334 59 57
f 170 169 303
f 316 402 314
f 13 15 33
f 475 616 476
f 48 64 46
f 172 617 296
f 71 70 618
f 210 619 486
f 39 265 425
f 147 621 146
f 622 331 330
f 606 3 149
f 403 106 104
f 537 318 254
f 174 163 173
f 285 623 624
f 323 593 33
f 625 626 98
f 628 574 331
f 412 629 630
f 188 404 291
f 336 463 631
f 291 199 188
f 632 633 634
f 195 14 592
f 182 580 448
f 635 416 390
f 636 637 325
f 638 639 640
f 639 641 640
f 123 615 278
f 78 79 147
f 621 507 146
f 587 642 258
f 643 644 645
f 642 646 258
f 647 305 325
f 546 472 433
f 310 147 146
f 520 126 125
f 283 547 281
f 479 212 431
f 443 334 333
f 651 475 109
f 396 652 653
f 368 357 26
f 240 239 267
f 532 654 533
f 84 655 85
f 656 114 113
f 657 487 105
f 343 524 268
f 109 475 169
f 658 330 329
f 659 660 661
f 313 150 152
f 352 118 117
f 238 118 314
f 314 118 352
f 467 662 469
f 159 311 454
f 636 664 663
f 502 665 666
f 238 160 151
f 244 245 125
f 605 667 455
f 668 125 245
f 125 126 669
f 670 671 672
f 262 375 263
f 302 106 403
f 673 200 674
f 18 17 300
f 675 676 641
f 677 678 679
f 678 680 679
f 300 17 91
f 27 357 682
f 26 357 27
f 238 683 160
f 45 44 215
f 684 171 88
f 685 686 687
f 686 688 687
f 24 422 25
f 655 266 85
f 690 691 248
f 599 598 692
f 598 693 692
f 695 527 696
f 698 631 246
f 119 1 35
f 700 580 701
f 165 528 702
f 704 705 706
f 707 708 437
f 537 254 202
f 469 73 468
f 335 7 10
f 435 709 710
f 711 560 231
f 712 619 212
f 712 212 211
f 536 135 713
f 455 81 80
f 714 715 474
f 716 608 407
f 608 717 465
f 718 719 720
f 719 721 720
f 522 621 32
f 517 316 315
f 304 421 303
f 723 672 671
f 554 556 724
f 556 725 724
f 474 494 184
f 623 285 119
f 514 204 683
f 219 726 376
f 58 59 290
f 322 593 323
f 727 728 194
f 288 287 634
f 729 22 730
f 203 202 255
f 119 285 117
f 43 34 110
f 732 733 558
f 19 525 734
f 735 736 737
f 358 738 739
f 206 740 161
f 741 742 339
f 743 744 271
f 662 467 745
f 363 355 746
f 355 747 746
f 748 749 716
f 396 163 174
f 175 652 174
f 652 396 174
f 750 751 752
f 405 406 753
f 252 754 68
f 391 755 269
f 123 124 402
f 517 123 316
f 756 757 758
f 674 722 673
f 595 759 235
f 376 761 762
f 262 264 524
f 262 524 375
f 391 269 524
f 196 198 535
f 407 764 763
f 766 109 170
f 220 376 762
f 767 768 769
f 222 105 487
f 455 80 770
f 771 43 337
f 772 120 22
f 773 774 775
f 774 776 775
f 466 779 467
f 224 384 780
f 770 80 259
f 159 313 160
f 781 782 783
f 784 633 632
f 268 524 269
f 785 786 787
f 789 790 207
f 747 355 791
f 792 173 273
f 170 274 793
f 161 160 607
f 185 713 186
f 795 226 796
f 797 648 798
f 677 761 678
f 634 801 800
f 802 193 803
f 662 529 469
f 529 804 469
f 805 806 807
f 808 635 390
f 809 350 261
f 460 462 804
f 743 810 811
f 43 45 568
f 812 813 702
f 338 814 384
f 466 256 779
f 256 265 779
f 779 265 266
f 815 489 530
f 521 58 126
f 38 37 816
f 510 511 33
f 425 68 39
f 425 256 68
f 794 578 681
f 397 818 819
f 88 820 760
f 71 822 821
f 823 824 538
f 248 691 477
f 825 826 769
f 623 148 765
f 291 403 104
f 221 310 827
f 310 586 827
f 587 258 260
f 166 168 828
f 135 86 136
f 713 135 572
f 804 73 469
f 829 821 809
f 830 417 416
f 808 831 830
f 45 27 682
f 45 215 27
f 27 215 832
f 833 554 599
f 33 593 13
f 608 660 834
f 835 376 726
f 272 837 836
f 599 554 724
f 771 44 43
f 248 349 838
f 444 69 108
f 839 840 794
f 740 202 788
f 202 740 537
f 623 119 148
f 842 843 844
f 594 593 457
f 593 322 457
f 521 56 58
f 241 67 242
f 67 66 242
f 518 845 481
f 846 847 848
f 589 842 850
f 237 731 236
f 684 88 581
f 684 581 611
f 88 448 581
f 448 88 760
f 556 361 725
f 851 774 773
f 195 194 728
f 435 853 852
f 135 536 181
f 536 535 181
f 284 117 285
f 854 855 856
f 518 562 857
f 858 859 860
f 281 488 282
f 295 296 303
f 423 796 863
f 864 31 865
f 701 866 11
f 280 279 77
f 867 772 729
f 577 869 868
f 42 355 363
f 727 870 728
f 84 83 321
f 210 485 619
f 378 871 213
f 801 873 872
f 540 872 93
f 872 874 93
f 875 874 873
f 32 621 79
f 621 147 79
f 129 556 555
f 16 18 299
f 876 877 336
f 51 878 879
f 726 219 236
f 881 663 664
f 659 661 290
f 634 800 288
f 883 884 885
f 498 497 886
f 206 161 607
f 835 236 887
f 336 888 465
f 464 463 336
f 384 24 23
f 588 565 741
f 204 607 683
f 683 607 160
f 889 580 182
f 260 388 587
f 890 307 308
f 447 891 892
f 49 879 893
f 421 894 410
f 606 605 646
f 896 897 895
f 836 530 489
f 898 253 899
f 253 900 899
f 880 902 414
f 200 673 805
f 364 372 436
f 32 79 354
f 206 537 740
f 903 904 905
f 221 354 78
f 78 354 79
f 549 907 906
f 637 908 909
f 908 881 909
f 910 911 912
f 913 911 914
f 68 915 39
f 68 754 915
f 917 918 543
f 584 583 741
f 922 923 924
f 248 925 349
f 926 927 928
f 627 929 930
f 702 430 191
f 813 932 702
f 932 430 702
f 932 353 430
f 165 702 191
f 933 25 422
f 934 935 293
f 935 936 293
f 268 269 755
f 938 939 940
f 939 941 940
f 54 609 55
f 942 577 250
f 635 808 830
f 354 943 32
f 354 353 943
f 932 943 353
f 944 656 655
f 677 457 761
f 457 456 761
f 436 292 364
f 452 946 945
f 171 715 947
f 948 949 695
f 949 950 695
f 951 952 953
f 608 716 749
f 177 239 312
f 508 954 955
f 652 956 653
f 957 958 959
f 958 960 959
f 210 209 485
f 132 133 961
f 962 775 963
f 711 231 964
f 481 562 518
f 561 857 562
f 178 659 290
f 965 335 10
f 966 438 732
f 232 319 156
f 232 560 319
f 697 71 618
f 667 967 454
f 185 968 535
f 722 805 673
f 718 657 719
f 657 970 719
f 971 927 926
f 448 760 182
f 182 760 820
f 371 72 972
f 515 756 204
f 965 182 181
f 973 133 131
f 976 794 840
f 632 977 978
f 339 588 741
f 741 565 584
f 656 113 979
f 779 656 467
f 656 979 467
f 114 656 944
f 779 266 656
f 744 743 462
f 565 564 980
f 981 982 672
f 982 983 672
f 287 984 634
f 253 252 68
f 289 288 985
f 367 366 986
f 467 979 745
f 615 117 279
f 987 988 989
f 33 511 323
f 990 545 317
f 694 923 922
f 358 739 359
f 991 720 992
f 851 746 774
f 747 774 746
f 239 902 880
f 496 411 497
f 336 631 244
f 251 994 995
f 248 477 925
f 996 496 498
f 997 697 998
f 932 999 943
f 612 336 244
f 1000 192 191
f 284 1001 117
f 697 822 71
f 35 34 119
f 1002 735 1003
f 298 1004 949
f 1004 1005 949
f 748 1006 246
f 1006 1007 246
f 1007 1008 246
f 1009 1008 1006
f 1012 1013 411
f 311 588 339
f 81 311 339
f 10 11 182
f 268 1014 68
f 531 10 7
f 903 1015 904
f 148 119 34
f 1016 26 832
f 1017 1019 1018
f 938 1020 939
f 753 1021 405
f 101 253 898
f 55 609 880
f 61 444 108
f 137 1023 1022
f 1024 190 173
f 805 187 188
f 42 176 356
f 92 1026 65
f 319 548 1027
f 597 111 519
f 913 239 177
f 913 914 239
f 267 239 914
f 517 352 614
f 767 1028 768
f 93 65 540
f 1029 1030 886
f 337 43 110
f 34 35 110
f 729 772 22
f 479 431 155
f 213 37 36
f 485 882 619
f 182 866 1031
f 429 1034 1033
f 1035 1036 1037
f 476 616 172
f 523 895 1038
f 322 324 457
f 1041 1042 1043
f 1016 832 522
f 1044 31 1045
f 271 744 1046
f 522 32 722
f 45 682 568
f 27 832 26
f 830 1048 1049
f 282 488 56
f 572 186 713
f 528 527 812
f 527 950 812
f 455 770 605
f 206 318 537
f 1050 1051 404
f 1032 439 486
f 92 1052 1053
f 92 1053 1026
f 689 803 193
f 1054 1055 428
f 91 1056 300
f 825 1056 91
f 768 1057 1056
f 1058 969 905
f 816 841 516
f 1059 312 552
f 550 552 312
f 824 107 538
f 226 1060 796
f 1061 154 350
f 582 390 583
f 220 762 456
f 53 55 413
f 1062 701 580
f 1063 788 202
f 714 136 86
f 1064 715 171
f 186 1065 474
f 1066 474 715
f 947 88 171
f 947 86 88
f 947 714 86
f 972 263 371
f 1067 512 1068
f 512 120 1068
f 527 165 42
f 317 1069 990
f 835 726 236
f 714 947 715
f 1034 1070 172
f 278 76 116
f 1071 46 115
f 266 655 656
f 944 655 84
f 1072 388 260
f 389 388 1072
f 716 407 1006
f 99 1073 1074
f 460 529 461
f 286 1001 284
f 531 7 410
f 452 945 453
f 821 829 71
f 313 967 150
f 198 197 8
f 414 902 1076
f 1077 142 903
f 142 1078 903
f 1079 1080 611
f 613 1081 1082
f 200 1083 674
f 16 505 17
f 393 272 406
f 1084 665 1085
f 675 867 862
f 862 867 729
f 747 1087 774
f 1088 1089 1090
f 325 637 647
f 291 104 222
f 23 291 222
f 487 23 222
f 298 949 948
f 738 1092 1093
f 1092 1094 1093
f 153 1096 597
f 549 548 319
f 1097 1098 1099
f 1100 489 112
f 1103 1104 368
f 298 948 299
f 1106 1107 382
f 1108 724 725
f 896 895 1109
f 1110 1111 666
f 158 1113 1112
f 458 680 678
f 36 38 164
f 369 406 405
f 907 549 319
f 1115 704 1116
f 704 1117 1116
f 286 442 730
f 917 1118 1119
f 1118 1120 1119
f 481 845 70
f 1020 1085 665
f 1121 837 272
f 1122 983 1123
f 42 41 527
f 1124 1125 968
f 1126 812 949
f 1127 630 1075
f 1128 622 330
f 1030 249 248
f 801 872 639
f 1129 228 1130
f 497 411 1086
f 1131 468 73
f 1041 1132 1133
f 1132 1134 1133
f 1135 840 1136
f 1057 301 300
f 31 1137 1130
f 53 630 817
f 937 398 44
f 1138 658 940
f 941 1138 940
f 1138 778 658
f 1138 941 1139
f 1138 1139 778
f 1140 399 1141
f 117 1001 279
f 444 955 482
f 570 944 84
f 570 893 944
f 1142 294 936
f 294 293 936
f 1128 330 658
f 214 213 36
f 1143 436 1144
f 1145 1146 1147
f 3 399 771
f 1148 1149 1150
f 479 155 154
f 1151 819 818
f 624 1152 309
f 831 1048 830
f 1026 66 65
f 416 276 1153
f 805 722 32
f 188 200 805
f 1154 81 339
f 1099 1155 1097
f 1156 217 1157
f 577 942 575
f 926 127 1158
f 268 1159 1014
f 1014 1159 900
f 485 1160 882
f 494 474 495
f 1066 495 474
f 715 1064 495
f 698 246 144
f 143 698 144
f 213 841 37
f 1161 391 392
f 1162 792 1163
f 889 182 1031
f 1164 953 1003
f 1166 1167 626
f 192 1168 275
f 1168 276 275
f 868 63 577
f 920 841 213
f 38 1170 164
f 1171 887 1172
f 1044 1045 701
f 1044 701 12
f 31 1173 1137
f 216 218 1174
f 444 604 69
f 1115 1116 505
f 918 917 1119
f 914 911 910
f 1176 1177 194
f 1177 727 194
f 496 1012 411
f 1178 945 1179
f 1180 158 1181
f 771 337 3
f 597 1161 111
f 1183 600 601
f 181 535 198
f 198 335 181
f 8 335 198
f 214 143 145
f 869 1029 1185
f 390 827 388
f 1186 401 145
f 727 1177 870
f 1187 1135 1136
f 1161 755 391
f 573 1147 427
f 578 794 579
f 1188 694 1189
f 1155 1099 1190
f 761 456 762
f 1191 590 277
f 884 1192 1193
f 76 278 280
f 1119 1120 918
f 1194 1124 1148
f 1124 1149 1148
f 1105 1195 1032
f 1196 106 302
f 881 1102 909
f 969 557 905
f 1197 90 89
f 1198 899 20
f 1142 1199 1200
f 1199 1201 1200
f 880 609 834
f 543 1203 1202
f 491 1204 1205
f 1206 1207 1208
f 1207 1209 1208
f 579 976 210
f 527 695 950
f 1210 1211 1212
f 1211 1213 1212
f 1097 1155 359
f 1177 1206 870
f 935 934 852
f 1198 20 228
f 835 887 376
f 456 324 220
f 1215 1216 1217
f 1218 1219 1220
f 800 985 288
f 872 873 874
f 88 87 820
f 150 967 667
f 1161 30 111
f 1221 145 401
f 840 839 1136
f 738 360 1092
f 360 1222 1092
f 1223 865 1130
f 321 328 327
f 609 608 834
f 759 1226 411
f 681 578 558
f 869 577 576
f 1222 1230 1231
f 1022 1232 1233
f 728 870 14
f 260 799 1072
f 1235 5 1221
f 347 1236 348
f 1236 1237 348
f 1238 420 419
f 191 1239 1000
f 793 60 170
f 229 793 274
f 1095 914 910
f 617 1240 296
f 1241 609 54
f 1241 407 609
f 567 1242 568
f 1013 1243 1244
f 1245 97 1246
f 32 943 999
f 1247 1248 1249
f 184 1149 1124
f 494 1149 184
f 272 753 406
f 307 1250 287
f 926 1251 1252
f 428 720 721
f 1253 1254 1255
f 1256 1257 1258
f 1259 1260 513
f 11 1264 182
f 482 604 444
f 210 976 383
f 777 1265 211
f 1233 1232 1266
f 1046 744 461
f 744 462 461
f 804 74 73
f 644 1267 1268
f 1269 202 1270
f 162 273 163
f 1271 1272 302
f 953 1164 1273
f 224 780 1025
f 364 294 40
f 921 408 875
f 847 1105 1221
f 271 823 538
f 271 1035 823
f 194 1274 1176
f 1275 1276 1182
f 1165 1277 842
f 859 732 1278
f 1159 268 755
f 804 462 74
f 461 530 1046
f 530 836 1046
f 1279 1280 1281
f 1280 1282 1281
f 367 931 1283
f 1009 1006 824
f 1284 1206 1285
f 1286 1287 1288
f 930 321 83
f 405 1021 489
f 1289 1263 1290
f 827 1239 221
f 1291 1292 1293
f 1199 704 1201
f 1294 1295 1156
f 934 293 292
f 1296 381 1064
f 230 545 1297
f 289 1298 287
f 997 998 1299
f 460 804 529
f 1300 47 250
f 925 477 349
f 792 273 516
f 1301 852 853
f 1236 710 1237
f 710 1302 1237
f 781 1182 782
f 482 955 954
f 956 818 653
f 576 1030 869
f 1030 1029 869
f 543 904 541
f 534 229 230
f 1180 1181 1304
f 122 1305 777
f 107 1306 271
f 571 1111 922
f 1111 1110 922
f 1187 1307 1135
f 1210 1212 1308
f 1308 1309 89
f 89 1310 1308
f 690 1310 89
f 1311 105 1312
f 105 1313 1312
f 106 1196 105
f 1196 1313 105
f 1069 317 197
f 565 588 563
f 1314 1315 1316
f 491 1191 1318
f 1319 1320 1321
f 856 863 1322
f 638 640 1323
f 1324 1112 1325
f 1112 1113 1325
f 217 1156 218
f 1156 1326 218
f 300 1056 1057
f 115 64 179
f 417 830 277
f 830 1327 277
f 277 590 275
f 590 395 275
f 192 275 395
f 297 1328 1004
f 1328 1329 1004
f 436 372 1144
f 776 1330 775
f 886 1030 248
f 249 1030 576
f 1168 1153 276
f 103 1331 102
f 584 565 582
f 1105 846 1195
f 1332 1048 831
f 212 479 480
f 115 46 64
f 306 972 412
f 619 431 712
f 1333 1334 1335
f 220 1336 243
f 812 950 949
f 1170 516 320
f 510 33 120
f 230 1337 1338
f 1104 1103 674
f 1339 1340 1341
f 1175 1104 674
f 96 368 1104
f 679 195 594
f 677 679 457
f 594 457 679
f 679 458 195
f 670 1342 98
f 295 303 169
f 1197 89 1309
f 1344 826 1309
f 826 1197 1309
f 825 91 826
f 825 769 1056
f 769 768 1056
f 1345 769 826
f 411 1013 759
f 1346 1347 1348
f 206 205 318
f 205 1349 318
f 203 1349 1350
f 480 154 346
f 1351 1352 1353
f 1354 1004 1329
f 639 800 801
f 1025 765 567
f 1017 235 234
f 1355 660 888
f 299 1356 16
f 420 894 421
f 991 992 1357
f 386 385 755
f 997 822 697
f 704 1199 705
f 616 475 179
f 478 1293 347
f 1293 1236 347
f 934 292 436
f 450 449 190
f 1038 1107 523
f 962 1358 775
f 1359 1064 856
f 1360 1006 763
f 516 122 1361
f 1059 178 312
f 908 637 636
f 881 689 1101
f 1059 552 178
f 1362 1363 1364
f 1084 1085 1217
f 1365 650 74
f 249 1211 247
f 70 845 618
f 618 845 518
f 1366 1057 1312
f 1344 1309 1367
f 861 1368 862
f 301 1366 1369
f 1110 666 1370
f 1076 902 240
f 1036 145 144
f 343 344 1371
f 638 1323 800
f 1323 985 800
f 1372 1373 1374
f 1173 1130 1137
f 1375 1339 1341
f 369 1376 1377
f 1332 1261 980
f 668 245 1378
f 792 1361 1163
f 366 758 757
f 829 1379 1164
f 377 4 378
f 699 1150 494
f 1380 1381 433
f 1168 1000 1382
f 1000 1239 1382
f 1383 906 1148
f 841 816 37
f 974 975 1039
f 297 1004 298
f 1141 399 937
f 1384 210 1385
f 852 1301 935
f 1301 1236 1293
f 852 934 436
f 1386 778 82
f 258 1011 259
f 1194 1125 1124
f 613 1387 1218
f 145 1036 270
f 365 1174 201
f 930 929 321
f 72 629 972
f 990 1388 545
f 1389 822 997
f 345 1389 346
f 345 821 1389
f 821 822 1389
f 903 905 1077
f 801 633 873
f 633 875 873
f 1390 1093 1094
f 718 1303 487
f 1249 1280 1247
f 1280 1392 1247
f 1016 522 722
f 1016 722 1103
f 130 132 1314
f 132 1393 1314
f 692 693 929
f 833 599 1394
f 1025 567 1395
f 755 1096 386
f 1396 511 1067
f 1135 703 840
f 1364 1397 706
f 1397 1117 706
f 704 706 1117
f 419 421 304
f 377 213 214
f 11 12 701
f 1213 977 1212
f 1398 559 558
f 1312 1369 1366
f 895 29 910
f 1013 1399 1243
f 1235 1221 1105
f 1368 1047 1400
f 558 969 681
f 21 20 1401
f 939 1020 504
f 936 1199 1142
f 55 880 413
f 629 74 650
f 1402 1018 1019
f 1403 1276 1275
f 482 954 508
f 398 373 215
f 912 911 913
f 913 1109 912
f 866 1264 11
f 1264 866 182
f 1404 1405 627
f 881 664 689
f 781 783 1406
f 561 1380 433
f 1323 640 1407
f 921 875 633
f 356 490 791
f 490 492 791
f 125 1408 612
f 319 560 907
f 1409 907 560
f 1158 1410 1251
f 1411 433 472
f 827 586 388
f 1413 1402 1414
f 176 165 395
f 1412 921 978
f 522 1415 621
f 26 1103 368
f 785 1172 786
f 437 708 694
f 435 1092 1230
f 751 1347 752
f 251 995 1417
f 64 1418 1419
f 759 1244 1420
f 437 1370 732
f 491 1421 492
f 747 791 1087
f 791 492 1087
f 1018 1402 1422
f 355 356 791
f 957 1281 1423
f 1424 1425 1426
f 517 615 123
f 1427 1243 1279
f 31 1410 1428
f 1429 10 531
f 1430 101 1431
f 101 898 1431
f 1432 1375 1433
f 1375 1341 1433
f 204 756 205
f 756 1434 205
f 1435 12 10
f 1436 267 914
f 386 1096 153
f 1437 348 1237
f 1438 1439 250
f 305 840 325
f 213 1440 920
f 789 207 1441
f 1370 666 1442
f 666 665 1442
f 596 1018 1443
f 1018 1422 1443
f 1444 583 1072
f 216 1174 365
f 765 624 623
f 539 65 67
f 98 1445 157
f 1446 849 418
f 1354 1329 1447
f 29 895 523
f 1388 990 1448
f 990 1069 1448
f 648 1392 1449
f 1295 1450 1182
f 1451 92 93
f 815 745 489
f 745 1452 489
f 745 979 1452
f 979 113 1452
f 489 1452 113
f 815 530 745
f 530 1453 745
f 662 745 529
f 745 1453 529
f 530 529 1453
f 1454 226 795
f 612 1408 1455
f 1018 596 235
f 799 742 901
f 80 81 799
f 271 1121 272
f 1456 1457 543
f 844 850 842
f 1384 578 210
f 14 1208 1214
f 737 71 829
f 1458 1459 1226
f 1104 1175 422
f 1460 1461 575
f 627 1405 351
f 1404 627 930
f 982 1123 983
f 1328 1462 302
f 1463 401 270
f 1464 1026 1465
f 838 349 1466
f 349 348 1466
f 851 1467 1144
f 1467 1468 1144
f 669 877 1455
f 1469 1416 1470
f 591 590 490
f 591 490 356
f 1318 1406 491
f 1406 1204 491
f 1204 1406 783
f 567 765 1242
f 1152 765 1025
f 438 437 732
f 1471 581 580
f 766 61 109
f 1472 364 292
f 1455 877 669
f 1301 853 1236
f 853 710 1236
f 936 935 1292
f 935 1301 1292
f 987 158 1114
f 1473 710 709
f 240 902 239
f 348 1437 1466
f 1185 1474 1169
f 1373 1372 1475
f 1372 1151 1475
f 319 1027 1476
f 1114 1477 988
f 711 964 1478
f 560 711 1478
f 1409 560 968
f 560 1478 968
f 1479 1478 1480
f 1478 964 1480
f 968 1478 1481
f 535 968 1481
f 1184 780 1482
f 464 336 465
f 1273 1483 953
f 173 1162 1024
f 1484 709 1230
f 630 650 1075
f 630 1127 817
f 1108 1485 1486
f 29 1095 910
f 336 612 876
f 1455 876 612
f 1487 842 588
f 367 1488 931
f 877 1489 993
f 1490 370 1371
f 946 452 1491
f 568 148 43
f 1242 765 148
f 1492 1493 1494
f 1495 977 632
f 1344 1367 1494
f 1367 1492 1494
f 44 1141 937
f 1340 1339 1270
f 1339 1269 1270
f 1496 234 362
f 234 233 362
f 1479 535 1481
f 531 894 532
f 1497 698 143
f 1145 573 1498
f 1284 1285 973
f 1285 1499 973
f 1451 93 874
f 1437 1237 1302
f 163 396 164
f 679 680 458
f 1500 1501 1289
f 1182 1450 1275
f 1032 486 919
f 364 40 42
f 1403 1266 1502
f 1266 1232 1502
f 145 270 1186
f 40 1503 1200
f 235 1504 233
f 200 933 1083
f 966 732 558
f 1358 1090 1505
f 411 1226 1169
f 1506 1457 1507
f 1457 1456 1507
f 993 1489 888
f 387 1401 1508
f 1509 1401 20
f 1414 1019 1017
f 1510 1511 1157
f 995 994 1512
f 1247 648 649
f 1444 1072 901
f 283 282 1513
f 282 1378 1513
f 44 398 215
f 1087 492 1421
f 1511 1275 1157
f 1275 1450 1157
f 428 721 426
f 781 1406 1182
f 718 720 1303
f 1370 1278 732
f 1514 323 511
f 137 1233 931
f 29 28 1095
f 503 52 1515
f 52 50 1515
f 972 629 412
f 1259 1223 1260
f 1454 795 620
f 450 1517 518
f 314 402 514
f 1095 28 914
f 63 1185 1169
f 1518 1519 371
f 1104 1520 96
f 814 338 1520
f 141 1078 142
f 1521 905 904
f 1401 1522 21
f 636 139 138
f 681 969 1058
f 213 871 1440
f 969 558 557
f 834 660 585
f 659 585 660
f 354 221 1239
f 503 1515 504
f 1222 1231 1092
f 965 10 182
f 645 1523 945
f 1524 1049 1295
f 868 869 1185
f 1251 1410 167
f 91 90 826
f 1197 826 90
f 743 811 74
f 905 1526 1527
f 1528 1529 1530
f 72 1531 629
f 1384 1385 966
f 1385 210 486
f 1385 438 966
f 438 486 439
f 544 1533 1532
f 543 1457 904
f 1215 1190 1099
f 1534 1535 1181
f 1455 1489 877
f 1355 661 660
f 1464 1465 1536
f 1537 1538 1539
f 1388 470 545
f 1541 82 693
f 767 769 1250
f 1542 942 250
f 1543 1544 1545
f 1546 446 1547
f 1029 1474 1185
f 1003 737 1164
f 392 267 1436
f 843 842 1277
f 69 613 651
f 1301 1293 1292
f 853 435 710
f 782 1182 918
f 777 1305 1265
f 1018 235 1017
f 167 166 927
f 1194 1148 906
f 52 503 571
f 630 53 413
f 606 400 399
f 323 1514 243
f 1464 1536 1548
f 1536 1549 1548
f 1550 1053 1551
f 154 809 345
f 279 278 615
f 148 34 43
f 1154 339 742
f 1508 900 1159
f 900 1509 899
f 20 899 1509
f 387 1508 385
f 1508 1159 385
f 1177 1552 1553
f 121 1163 1361
f 1355 888 1489
f 694 708 1189
f 852 436 435
f 1473 1302 710
f 725 1504 1108
f 1504 1554 1108
f 1081 604 603
f 616 1422 1413
f 248 838 886
f 412 414 1076
f 1555 714 1065
f 125 1378 520
f 433 1381 434
f 1150 1149 494
f 817 763 764
f 381 495 1064
f 1011 770 259
f 1011 646 605
f 1011 258 646
f 1017 1496 1416
f 1510 365 367
f 991 1357 1303
f 1357 384 23
f 23 1303 1357
f 23 487 1303
f 855 1107 1106
f 1154 799 81
f 1154 742 799
f 1556 811 810
f 928 128 926
f 393 406 369
f 670 672 1557
f 672 1558 1557
f 1502 1232 1559
f 933 422 1083
f 1284 1207 1206
f 906 332 549
f 1390 1094 435
f 1560 880 585
f 868 1185 63
f 309 1184 440
f 1504 1561 1420
f 1281 1485 1279
f 507 1562 374
f 176 395 591
f 1560 585 551
f 173 792 1162
f 1242 148 568
f 1002 1003 953
f 184 1563 185
f 1113 1304 1325
f 829 1164 737
f 1359 856 855
f 1367 1308 1564
f 1371 370 375
f 420 532 894
f 1565 333 699
f 117 615 352
f 352 615 614
f 653 818 397
f 1566 1458 1226
f 1083 422 1175
f 1083 1175 674
f 1567 1515 50
f 502 504 665
f 504 1020 665
f 1111 503 666
f 503 502 666
f 1350 1349 1434
f 158 1304 1113
f 1569 277 1570
f 277 1327 1570
f 592 594 195
f 743 271 1306
f 1299 998 1517
f 1502 1203 918
f 1448 231 553
f 231 1448 964
f 1448 1069 964
f 1388 1448 553
f 1194 906 1409
f 906 907 1409
f 1178 453 945
f 1025 1184 1152
f 1350 201 203
f 1434 1349 205
f 1417 1391 426
f 1523 1179 945
f 442 1571 1572
f 1293 478 1291
f 478 477 1291
f 63 62 577
f 1331 1573 1405
f 342 1576 468
f 1420 1561 235
f 500 499 1577
f 499 891 1577
f 1578 385 1159
f 961 1040 975
f 1579 1200 1201
f 1580 1078 141
f 1097 359 140
f 340 1097 142
f 1097 140 142
f 140 359 141
f 359 739 141
f 843 1581 788
f 367 986 1488
f 1210 1308 1211
f 1308 1582 1211
f 664 803 689
f 507 1415 1562
f 1161 597 1096
f 153 1522 386
f 605 149 667
f 60 1338 434
f 1023 1559 1022
f 1559 1232 1022
f 401 848 847
f 409 1052 92
f 1583 1486 959
f 548 547 1374
f 547 283 1374
f 1374 1027 548
f 396 653 397
f 1005 1126 949
f 814 1520 24
f 1520 422 24
f 225 566 94
f 1531 72 74
f 818 1475 1151
f 1195 1189 1584
f 1379 829 731
f 1273 1379 731
f 1585 1101 678
f 225 224 1025
f 1151 1586 819
f 1279 1485 1427
f 251 426 308
f 1004 1354 1005
f 369 1587 393
f 1395 225 1025
f 365 1350 1434
f 1055 1357 992
f 685 1160 686
f 713 185 536
f 796 620 795
f 66 1464 1588
f 338 96 1520
f 637 909 1589
f 1046 1590 271
f 1100 405 489
f 349 478 347
f 74 462 743
f 1591 1592 1593
f 518 697 618
f 1402 1019 1414
f 843 1277 1581
f 798 1466 797
f 881 1101 1102
f 663 881 908
f 663 908 636
f 366 757 1499
f 757 1594 1499
f 636 325 703
f 1396 243 511
f 243 1514 511
f 790 154 155
f 1442 860 1370
f 860 1278 1370
f 1488 1285 1553
f 1285 1206 1553
f 1488 1595 931
f 1488 1553 1595
f 922 924 571
f 1080 856 684
f 1164 1379 1273
f 428 427 1010
f 1273 1091 1483
f 922 437 694
f 437 922 1110
f 1476 1027 1373
f 1027 1374 1373
f 1402 1413 1422
f 1066 715 495
f 1239 191 354
f 554 1596 555
f 1286 1101 1287
f 1522 387 386
f 1438 1597 1439
f 345 809 821
f 1598 1214 1208
f 1599 1439 1597
f 1451 408 92
f 864 865 1568
f 1163 121 997
f 1354 1447 1600
f 867 641 872
f 872 641 639
f 800 639 638
f 1463 270 272
f 1601 848 394
f 1578 755 385
f 685 687 1160
f 687 1602 1160
f 591 356 176
f 416 1153 1603
f 910 912 895
f 1280 1279 1399
f 1279 1243 1399
f 648 1449 798
f 257 1576 342
f 1270 201 218
f 899 1198 1431
f 1537 1604 681
f 1173 1428 1605
f 794 1604 839
f 1535 1426 1181
f 1426 1425 1181
f 1450 1156 1157
f 443 178 290
f 784 632 921
f 86 135 180
f 401 1186 270
f 153 21 1522
f 1606 1607 1608
f 1607 1609 1608
f 563 589 1375
f 1084 1442 665
f 1168 1382 1603
f 788 161 740
f 228 1260 1223
f 702 528 812
f 890 1250 307
f 1610 1611 115
f 373 400 374
f 307 994 251
f 1008 1007 1006
f 1168 1603 1153
f 724 1108 1583
f 1108 1486 1583
f 154 1061 809
f 1612 1613 98
f 311 1165 1487
f 842 589 588
f 1495 1212 977
f 599 692 1394
f 692 929 1394
f 306 412 1076
f 1541 693 598
f 1182 1276 918
f 1276 1403 918
f 1079 611 423
f 1300 577 62
f 1614 1352 1615
f 1352 1351 1615
f 1271 483 404
f 49 893 326
f 893 327 326
f 175 173 190
f 1607 1616 1609
f 837 1046 836
f 1547 1617 1546
f 1569 1570 1618
f 778 600 960
f 1619 621 1415
f 453 1620 786
f 1620 787 786
f 1621 650 811
f 1295 1622 1623
f 918 1203 543
f 1536 751 1549
f 751 750 1549
f 1624 154 790
f 1377 1376 1625
f 1626 827 390
f 387 1522 1401
f 858 733 859
f 1051 1271 404
f 939 504 1567
f 504 1515 1567
f 1502 918 1403
f 730 862 729
f 730 1572 862
f 1184 1482 440
f 566 682 94
f 566 1395 567
f 1086 1474 886
f 886 1474 1029
f 1169 1474 1086
f 1584 1189 707
f 1189 708 707
f 1171 1172 785
f 1627 1628 1629
f 1084 1543 860
f 1543 1545 860
f 1290 1630 1557
f 1630 1631 1557
f 1632 1633 1512
f 1031 866 1062
f 838 1634 886
f 1634 1635 886
f 886 1635 498
f 498 1635 798
f 1249 1636 1280
f 1636 1282 1280
f 468 1131 1637
f 1131 1519 1637
f 1505 1090 1638
f 1166 626 1639
f 1057 768 1312
f 768 1028 1312
f 608 465 888
f 1177 1553 1206
f 175 459 1532
f 558 578 1384
f 994 1632 1512
f 220 243 1641
f 805 1600 1447
f 624 309 285
f 1628 1616 645
f 1642 1643 531
f 321 693 82
f 127 926 128
f 824 1556 810
f 1511 1283 931
f 1644 1645 1215
f 798 1449 498
f 1461 576 575
f 1176 1274 1177
f 1274 1552 1177
f 582 831 808
f 259 799 260
f 1230 1575 1646
f 956 1647 818
f 1647 1475 818
f 121 122 777
f 905 1538 1537
f 433 857 561
f 1411 473 544
f 1092 1231 1230
f 854 856 523
f 831 1261 1332
f 1170 38 516
f 1212 1495 1367
f 1495 1492 1367
f 1067 1068 867
f 233 725 361
f 1296 855 1106
f 805 1447 187
f 25 933 200
f 1648 1205 1649
f 1089 1093 1638
f 1093 1650 1638
f 1651 1652 1653
f 712 431 212
f 1207 1314 1316
f 214 36 143
f 963 1330 1118
f 1330 1654 1118
f 242 66 1588
f 1578 1159 755
f 1655 958 1423
f 1656 1224 1657
f 945 946 1658
f 1015 541 904
f 1659 1348 1660
f 1661 1533 156
f 1278 860 859
f 1609 484 305
f 737 70 71
f 518 998 697
f 1662 1623 1156
f 1623 1326 1156
f 1663 721 719
f 1325 1304 1664
f 1665 978 977
f 225 94 223
f 159 454 313
f 978 921 632
f 1419 1666 179
f 1251 167 1252
f 287 1250 984
f 1661 156 1476
f 407 763 1006
f 737 1003 735
f 759 1420 235
f 996 1449 1399
f 903 1078 1015
f 13 592 14
f 195 728 14
f 776 1648 1330
f 1648 1654 1330
f 1520 1104 422
f 864 1568 31
f 507 1667 310
f 1667 642 586
f 1667 586 310
f 342 1668 344
f 1490 1518 371
f 1669 1670 953
f 1055 992 428
f 484 209 208
f 1671 1497 819
f 1497 143 36
f 505 1116 506
f 1116 1672 506
f 1463 272 394
f 634 1673 1493
f 1190 1674 1155
f 1586 1151 1372
f 1416 928 927
f 130 1207 131
f 228 1223 1130
f 1189 1195 846
f 1396 1067 241
f 1067 539 241
f 893 879 1675
f 1039 1676 961
f 342 468 1637
f 882 431 619
f 1207 1316 1209
f 970 1677 719
f 4 1221 5
f 1183 601 959
f 959 601 1583
f 601 599 1583
f 599 724 1583
f 1678 1322 1679
f 1680 682 566
f 1681 1179 1523
f 1601 1587 369
f 1551 1412 942
f 1659 1660 988
f 847 846 1105
f 847 1221 401
f 1058 1537 681
f 1410 31 167
f 1444 741 583
f 1135 1682 703
f 1443 1422 616
f 756 758 1434
f 1391 573 426
f 1417 995 1391
f 1272 1329 1328
f 965 181 335
f 1683 1684 1685
f 636 703 139
f 137 1022 1233
f 931 1233 1266
f 1686 1650 1390
f 613 1687 1387
f 25 200 199
f 1688 788 1581
f 552 659 178
f 1510 1283 1511
f 700 701 226
f 1454 620 424
f 270 1036 271
f 1377 694 369
f 694 1377 923
f 371 1519 72
f 1518 1668 1519
f 1689 645 1607
f 610 581 1471
f 249 576 1461
f 1686 1390 436
f 919 920 1032
f 920 1105 1032
f 801 634 633
f 226 1454 700
f 1472 294 364
f 1190 1645 1575
f 24 384 814
f 443 1109 913
f 1084 860 1442
f 1366 301 1057
f 1271 302 483
f 632 1493 1692
f 1693 73 72
f 755 1161 1096
f 1469 1470 928
f 1470 128 928
f 1679 1322 525
f 325 840 703
f 602 604 482
f 1694 1695 1696
f 1302 1697 1698
f 1699 1600 807
f 1140 771 399
f 1329 1272 1447
f 1272 1050 1447
f 1700 1614 1615
f 95 357 368
f 689 193 458
f 1701 214 145
f 272 836 489
f 242 1641 243
f 1702 840 305
f 1702 976 840
f 1702 305 484
f 1702 383 976
f 1702 484 208
f 1702 208 383
f 1345 984 769
f 984 1250 769
f 512 1067 511
f 183 48 47
f 809 731 829
f 1512 1146 1703
f 1471 1454 424
f 1036 1035 271
f 743 1306 107
f 743 107 810
f 28 1436 914
f 1115 1704 704
f 249 1705 1211
f 1706 1315 1314
f 920 1707 1105
f 1708 1047 1709
f 1270 1326 1623
f 1386 600 778
f 1346 1321 1347
f 1321 1710 1347
f 429 1642 531
f 1464 66 1026
f 1396 241 243
f 1428 1410 1653
f 414 413 880
f 1028 1711 1312
f 98 97 1615
f 1292 1291 1362
f 1291 1363 1362
f 179 1666 1443
f 595 596 1443
f 595 1443 1666
f 1712 1150 699
f 640 676 1407
f 676 1400 1407
f 1088 1580 141
f 757 1713 1594
f 640 641 676
f 263 972 306
f 1444 742 741
f 806 1714 1699
f 1674 1190 1575
f 698 1497 1671
f 344 1668 1371
f 1668 1518 1371
f 1490 371 370
f 1367 1309 1308
f 343 1371 375
f 669 1455 1408
f 735 1002 603
f 1002 1082 603
f 458 678 1101
f 1110 1370 437
f 183 1540 64
f 879 878 1675
f 693 321 929
f 1189 846 1188
f 846 848 1188
f 1458 1566 1418
f 1084 1217 1543
f 1217 1216 1543
f 1459 1418 64
f 64 1419 179
f 1459 1458 1418
f 816 516 38
f 1111 571 503
f 574 1230 1646
f 939 1567 941
f 1609 1616 484
f 1254 1640 1715
f 1657 99 883
f 766 60 61
f 491 1205 1421
f 1586 1372 1513
f 282 520 1378
f 1024 1517 190
f 1472 292 294
f 491 490 1191
f 490 590 1191
f 1716 1717 1718
f 1717 1719 1718
f 758 365 1434
f 85 1404 930
f 830 1049 1327
f 1228 1640 1074
f 1640 1720 1074
f 1259 865 1223
f 1436 28 379
f 1679 525 526
f 1721 61 60
f 1721 444 61
f 1041 1558 1722
f 1558 672 1722
f 1423 1281 1282
f 1708 1709 1723
f 1709 1334 1723
f 797 1697 648
f 799 901 1072
f 179 1443 616
f 717 608 749
f 1383 1712 332
f 1383 332 906
f 1712 699 333
f 1318 1191 1618
f 1191 1569 1618
f 435 1094 1092
f 259 80 799
f 730 442 1572
f 466 1576 256
f 1148 1150 1383
f 1150 1712 1383
f 89 1724 690
f 647 637 1589
f 1725 1287 1585
f 1596 351 127
f 268 68 343
f 31 1428 1173
f 1653 1410 1158
f 1551 1053 1052
f 94 682 95
f 1688 161 788
f 1416 828 168
f 1707 1235 1105
f 1365 74 811
f 1620 1726 1288
f 1459 64 63
f 766 170 60
f 738 1093 739
f 1015 1078 541
f 1078 1580 541
f 1332 1622 1295
f 1727 1728 1549
f 1328 302 1272
f 156 471 553
f 951 953 1320
f 975 1706 1729
f 273 320 516
f 1190 1215 1645
f 1730 1295 1182
f 1657 883 1656
f 809 261 236
f 436 1143 1650
f 783 1649 1204
f 1649 1205 1204
f 759 595 1566
f 917 963 1118
f 1087 1421 1205
f 1649 1654 1648
f 951 1324 952
f 390 416 1603
f 1731 717 749
f 1350 365 201
f 624 765 1152
f 1559 1023 1732
f 613 1218 1733
f 429 531 533
f 437 439 707
f 905 557 559
f 82 328 321
f 1549 1728 1548
f 1091 1727 1549
f 441 1734 1735
f 366 1499 986
f 1670 1612 892
f 616 1413 172
f 97 99 1736
f 351 1405 1573
f 508 955 1380
f 1142 1200 1503
f 1737 1606 1681
f 1605 1428 1652
f 1428 1653 1652
f 1158 1251 926
f 1584 439 1032
f 470 1388 471
f 1388 553 471
f 336 993 888
f 738 358 360
f 834 585 880
f 826 1494 1345
f 1265 1305 841
f 1265 841 920
f 1738 1739 139
f 1584 707 439
f 1662 1295 1623
f 1740 350 154
f 139 1023 137
f 643 207 1741
f 691 1742 477
f 1291 477 1742
f 238 314 683
f 314 514 683
f 1294 1450 1295
f 797 1466 1437
f 580 700 1471
f 1240 533 654
f 916 1696 1255
f 306 1076 240
f 413 412 630
f 121 777 211
f 1005 1354 1600
f 1568 1045 31
f 1318 1618 1406
f 1270 218 1326
f 427 1147 1010
f 1274 1743 138
f 1336 220 323
f 625 1722 626
f 893 570 327
f 1626 1239 827
f 1382 1239 1603
f 1239 1626 1603
f 1603 1626 390
f 1744 1672 89
f 831 582 565
f 831 565 980
f 980 1261 831
f 1430 103 101
f 1590 1121 271
f 320 164 1170
f 1582 1308 1310
f 977 1213 1665
f 1745 1746 1071
f 294 1503 40
f 1747 157 1445
f 1738 1682 1507
f 1300 1540 183
f 1260 227 513
f 1368 676 675
f 1387 1687 1748
f 1687 1749 1748
f 509 2 119
f 1140 1141 771
f 1071 1746 1220
f 797 1698 1697
f 992 720 428
f 1365 811 650
f 311 1487 588
f 1340 1623 1341
f 1623 1622 1341
f 1619 1415 507
f 661 126 290
f 1054 1357 1055
f 1750 1181 1425
f 226 228 734
f 1363 691 690
f 1338 1337 434
f 545 546 1297
f 432 546 433
f 1297 1337 230
f 1480 197 196
f 197 1480 1069
f 1524 1618 1049
f 1618 1570 1049
f 790 789 1740
f 350 453 261
f 261 453 786
f 1039 1040 975
f 392 1436 379
f 669 1408 125
f 126 661 669
f 178 443 913
f 1238 1240 654
f 296 1240 304
f 1240 1238 304
f 420 1238 654
f 1238 419 304
f 575 942 1412
f 1560 550 312
f 1533 1661 1751
f 1661 1647 1751
f 1599 987 1439
f 1077 341 142
f 1660 751 1536
f 938 1644 1215
f 249 1461 1705
f 1461 1460 1705
f 819 1497 397
f 219 1728 1727
f 220 1728 219
f 1549 750 1091
f 257 256 1576
f 1551 1752 1412
f 1544 1098 559
f 442 441 1735
f 1545 858 860
f 1340 1270 1623
f 957 959 1486
f 1440 1707 920
f 1320 953 1710
f 1508 1401 900
f 1401 1509 900
f 374 1667 507
f 642 374 400
f 642 1667 374
f 1017 1033 1414
f 1613 1670 98
f 919 1265 920
f 725 233 1504
f 1420 1554 1504
f 1420 1427 1554
f 1427 1485 1554
f 235 1561 1504
f 1680 566 568
f 754 1753 915
f 1754 1405 102
f 1516 1755 1234
f 1755 1756 1234
f 261 786 1172
f 1102 1101 1179
f 809 1061 350
f 1498 995 1703
f 1021 272 489
f 392 30 1161
f 392 379 30
f 1493 1673 1494
f 890 767 1250
f 767 890 1028
f 1757 1711 890
f 1711 1028 890
f 1411 472 473
f 212 619 712
f 397 1497 36
f 1586 1671 819
f 1713 515 514
f 182 820 87
f 180 135 181
f 87 180 182
f 837 1590 1046
f 837 1121 1590
f 1431 898 899
f 1449 1392 1280
f 4 145 1221
f 4 6 378
f 1191 277 1569
f 1758 989 1439
f 989 1759 1439
f 763 817 1127
f 719 1677 1663
f 1286 1179 1101
f 1701 145 4
f 1240 617 172
f 533 1240 172
f 1748 892 1219
f 892 891 1219
f 876 1455 877
f 851 1144 746
f 1144 372 746
f 1597 250 47
f 351 1596 1761
f 1761 627 351
f 1537 1058 905
f 1762 1572 1571
f 138 137 1274
f 1079 423 863
f 1732 1456 1559
f 1456 1202 1559
f 1721 955 444
f 1733 1746 1745
f 1680 568 682
f 82 1541 1386
f 1541 598 600
f 892 1748 626
f 237 1091 731
f 700 1454 1471
f 610 424 423
f 610 423 611
f 862 1368 675
f 194 1743 1274
f 1550 989 1053
f 1395 566 225
f 73 1693 1131
f 1693 1519 1131
f 342 1637 1668
f 1637 1519 1668
f 1763 1317 882
f 1764 1714 813
f 1714 932 813
f 168 1642 429
f 167 1643 1642
f 985 1323 1765
f 1735 1571 442
f 1766 1571 1735
f 1591 1615 97
f 802 194 193
f 194 802 1743
f 138 1743 802
f 1767 1353 1768
f 508 1380 561
f 1033 1034 172
f 1409 968 1125
f 1157 217 1510
f 217 216 1510
f 1510 367 1283
f 1510 216 365
f 931 1266 1511
f 667 149 150
f 1737 1523 1606
f 516 1305 122
f 841 1305 516
f 919 712 1265
f 712 211 1265
f 1194 1409 1125
f 775 1330 963
f 10 1429 1435
f 1681 1589 1179
f 1604 794 681
f 714 474 1065
f 1098 1544 1216
f 1489 661 1355
f 1118 1654 1120
f 311 161 1165
f 1493 632 634
f 1345 1494 984
f 1494 1673 984
f 286 440 442
f 771 1141 44
f 1601 369 1188
f 1441 207 1658
f 382 1038 493
f 1108 1554 1485
f 1769 1579 1704
f 704 1704 1201
f 1704 1579 1201
f 346 1389 1770
f 855 854 1107
f 1291 1742 1363
f 1360 824 1006
f 1349 203 255
f 1349 255 318
f 1771 333 332
f 1771 1712 333
f 332 1712 1771
f 1565 1109 333
f 1772 98 157
f 1390 435 436
f 1368 1400 676
f 912 1109 895
f 897 494 493
f 897 493 1038
f 897 699 494
f 897 1038 895
f 926 1252 971
f 961 1773 1774
f 373 374 215
f 309 1152 1184
f 329 1644 658
f 938 940 1644
f 1644 940 658
f 1086 886 497
f 1709 861 1572
f 1009 824 1008
f 1560 239 880
f 1476 1475 1647
f 1619 507 621
f 1311 1312 1711
f 905 1521 1538
f 796 424 620
f 1412 978 575
f 543 542 917
f 1080 684 611
f 1071 115 1611
f 1486 1485 957
f 1485 1281 957
f 1024 1299 1517
f 1212 1367 1564
f 1212 1564 1308
f 1737 1681 1523
f 1106 382 381
f 518 857 450
f 1580 1088 541
f 1088 1775 541
f 963 917 542
f 723 981 672
f 1653 1158 1776
f 127 1776 1158
f 1573 1777 351
f 351 1777 127
f 1331 1651 1573
f 1651 1777 1573
f 1651 1653 1777
f 1653 1776 1777
f 1777 1776 127
f 701 1045 1568
f 1050 1272 1051
f 289 985 1766
f 985 1765 1766
f 1267 1160 1268
f 1649 1120 1654
f 774 1087 1648
f 1087 1205 1648
f 776 774 1648
f 1606 1689 1607
f 1411 451 433
f 1670 1613 1612
f 435 1230 709
f 1063 850 843
f 850 844 843
f 848 401 394
f 559 1398 1545
f 1545 1544 559
f 1545 733 858
f 1115 505 1704
f 505 1356 1704
f 1359 1296 1064
f 1547 446 1772
f 446 445 1772
f 1470 1496 362
f 1572 861 862
f 1407 1723 1333
f 1723 1334 1333
f 455 667 454
f 958 1778 960
f 1560 551 550
f 1183 959 960
f 1487 1165 842
f 1726 1178 1179
f 1660 1536 1465
f 1244 1243 1420
f 1243 1427 1420
f 509 119 118
f 1 119 2
f 793 229 60
f 1431 1198 1605
f 1198 1129 1605
f 1779 1760 1780
f 1760 1781 1780
f 1215 1099 1216
f 1079 863 1080
f 608 888 660
f 246 631 463
f 1489 669 661
f 1063 843 788
f 3 337 110
f 1455 669 1489
f 121 1782 997
f 649 1783 574
f 1502 1559 1203
f 1398 558 733
f 1692 1493 1492
f 952 1784 953
f 72 1519 1693
f 1735 1734 1633
f 1734 1512 1633
f 1633 1766 1735
f 307 1298 1632
f 1765 1571 1766
f 1694 1785 1695
f 321 327 570
f 691 1363 1742
f 1568 513 701
f 527 41 696
f 696 41 1200
f 41 40 1200
f 1167 1786 626
f 1767 1342 1631
f 1342 1557 1631
f 1356 1769 1704
f 1302 1698 1437
f 1441 1787 789
f 1787 1740 789
f 1692 1492 1495
f 1692 1495 632
f 1673 634 984
f 1373 1475 1476
f 1647 1661 1476
f 1731 749 246
f 1751 956 1532
f 956 652 1532
f 475 651 115
f 109 69 651
f 1429 531 1643
f 19 153 526
f 960 1778 778
f 699 897 896
f 675 641 867
f 1678 523 856
f 1344 1494 826
f 628 331 622
f 1183 960 600
f 672 1167 1166
f 1167 672 1786
f 672 983 1786
f 243 1336 323
f 587 586 642
f 824 810 107
f 1556 1621 811
f 1621 824 650
f 190 1517 450
f 1719 1445 1670
f 1499 1594 973
f 961 1594 514
f 1770 1782 211
f 1787 1491 350
f 1732 1507 1456
f 1307 1457 1506
f 82 326 328
f 49 326 50
f 515 1713 756
f 1713 757 756
f 973 1594 961
f 1307 1521 1457
f 1559 1202 1203
f 904 1457 1521
f 543 1202 1456
f 534 1338 60
f 993 336 877
f 698 1671 631
f 1049 1048 1332
f 1295 1049 1332
f 1038 382 1107
f 1620 453 1726
f 453 1178 1726
f 1327 1049 1570
f 1524 1730 1618
f 211 1782 121
f 1444 901 742
f 583 389 1072
f 540 539 1067
f 120 772 1068
f 1789 1091 1273
f 1789 1273 731
f 91 17 506
f 1364 706 1362
f 1403 1511 1266
f 1403 1275 1511
f 82 1790 326
f 1567 50 326
f 1790 82 778
f 1790 778 1139
f 1790 1139 941
f 1567 326 941
f 326 1790 941
f 1658 1491 1441
f 1491 1787 1441
f 1235 1440 5
f 6 871 378
f 1235 1707 1440
f 1440 871 5
f 5 871 6
f 1479 196 535
f 1479 1481 1478
f 1479 1480 196
f 964 1069 1480
f 1733 1611 613
f 1601 1188 1791
f 146 507 310
f 884 99 98
f 1411 544 415
f 1172 887 236
f 544 1532 459
f 526 519 1679
f 1322 863 525
f 796 525 863
f 1300 183 47
f 1430 1431 1652
f 763 1075 650
f 1791 848 1601
f 734 228 20
f 19 734 20
f 1339 1375 589
f 1551 1052 1752
f 1542 1551 942
f 1317 207 431
f 451 415 449
f 1130 865 31
f 1173 1129 1130
f 1195 1584 1032
f 1672 1397 1724
f 1672 1724 89
f 971 1252 167
f 971 167 927
f 859 733 732
f 1729 1773 975
f 1460 575 978
f 1665 1460 978
f 340 341 1097
f 341 1792 1097
f 184 1124 1563
f 828 1416 927
f 1532 1533 1751
f 175 1532 652
f 1533 544 156
f 398 937 399
f 628 1247 649
f 797 1437 1698
f 158 1112 1114
f 1544 1543 1216
f 1335 1334 1709
f 1335 1762 1333
f 1323 1333 1765
f 1333 1762 1765
f 1323 1407 1333
f 1709 1047 861
f 759 1013 1244
f 1793 144 246
f 595 1419 1566
f 1419 1418 1566
f 989 1758 987
f 297 1462 1328
f 75 1794 22
f 1173 1605 1129
f 944 893 1675
f 763 1127 1075
f 545 470 472
f 1539 1604 1537
f 1795 790 155
f 1172 236 261
f 1598 975 1214
f 748 716 1006
f 938 1215 1020
f 1215 1217 1020
f 1098 1216 1099
f 1020 1217 1085
f 1353 1352 1768
f 883 1796 1656
f 1399 1012 996
f 1012 496 996
f 1738 703 1682
f 1738 1507 1739
f 1738 139 703
f 1268 1602 644
f 343 375 524
f 643 1741 644
f 363 746 372
f 1132 1289 1557
f 1289 1290 1557
f 1572 1335 1709
f 1786 1797 1798
f 1163 1299 1162
f 1299 1024 1162
f 997 1299 1163
f 1799 441 440
f 302 301 1369
f 1683 1685 626
f 1638 1090 1089
f 1744 89 91
f 47 1535 1597
f 99 1558 1041
f 1636 1423 1282
f 1247 1392 648
f 1065 134 136
f 1555 136 714
f 1065 186 134
f 1730 1182 1406
f 1376 369 405
f 534 230 1338
f 1303 720 991
f 1572 1762 1335
f 995 1512 1703
f 1145 1147 573
f 164 397 36
f 99 1074 1720
f 1639 626 99
f 1658 946 1491
f 1406 1618 1730
f 1482 1147 1799
f 988 1053 989
f 739 1089 141
f 1089 1088 141
f 932 1714 999
f 1071 1424 46
f 380 493 381
f 1171 785 1801
f 219 1727 1091
f 242 1548 1641
f 1548 1728 1641
f 1641 1728 220
f 750 752 1091
f 1483 1091 752
f 1374 1513 1372
f 283 1513 1374
f 157 98 158
f 718 487 657
f 1054 1010 1357
f 1031 1062 580
f 302 1369 1196
f 1313 1369 1312
f 1313 1196 1369
f 1411 415 451
f 1021 753 272
f 1300 250 577
f 1300 62 1540
f 1080 863 856
f 1109 1565 896
f 699 896 1565
f 956 1751 1647
f 619 919 486
f 179 475 115
f 1599 158 987
f 411 1169 1086
f 1169 1226 63
f 63 1226 1459
f 1491 452 350
f 918 1120 782
f 783 782 1649
f 782 1120 1649
f 604 613 69
f 604 1081 613
f 533 1070 429
f 172 1070 533
f 101 100 252
f 1754 1331 1405
f 1802 1803 1804
f 739 1093 1089
f 1793 1037 144
f 459 415 544
f 415 459 189
f 532 420 654
f 531 410 894
f 1682 1506 1507
f 1135 1307 1682
f 1307 1506 1682
f 1507 1732 1739
f 1732 1023 1739
f 1739 1023 139
f 466 468 1576
f 809 236 731
f 1599 1597 158
f 1597 1534 158
f 1517 998 518
f 649 574 628
f 622 1248 628
f 1248 1247 628
f 1745 1611 1733
f 302 1462 300
f 1016 1103 26
f 763 650 824
f 764 1241 817
f 53 817 1241
f 1241 764 407
f 495 381 493
f 1106 381 1296
f 1482 1799 440
f 874 875 408
f 399 3 606
f 1688 1581 1165
f 1260 228 227
f 1014 253 68
f 1014 900 253
f 513 1568 1259
f 1754 102 1331
f 1753 102 39
f 39 915 1753
f 39 102 85
f 100 102 1753
f 1753 754 100
f 754 252 100
f 144 1037 1036
f 1284 973 1207
f 973 131 1207
f 975 1316 1315
f 1476 156 319
f 1100 112 405
f 857 433 451
f 857 451 450
f 1126 1005 1699
f 1005 1600 1699
f 1699 807 806
f 807 1600 805
f 441 1799 1734
f 1054 428 1010
f 658 1778 1128
f 1770 1389 997
f 346 1770 480
f 1782 1770 997
f 212 480 1770
f 440 286 309
f 1068 772 867
f 1542 989 1551
f 778 1778 658
f 957 1423 958
f 1041 1133 99
f 1606 1608 1681
f 635 830 416
f 374 832 215
f 522 832 1415
f 1053 1660 1465
f 1562 832 374
f 463 465 717
f 1773 1729 1774
f 1636 1249 1248
f 913 177 178
f 625 1351 1802
f 1073 1805 1074
f 1660 1348 751
f 1348 1347 751
f 1346 1348 988
f 1187 1539 1307
f 1397 1116 1117
f 1093 1390 1650
f 1686 436 1650
f 1129 1198 228
f 1757 890 308
f 299 948 1356
f 948 1769 1356
f 505 16 1356
f 1579 696 1200
f 1662 1156 1295
f 735 603 736
f 603 602 736
f 736 602 482
f 736 482 70
f 70 737 736
f 948 695 1769
f 695 696 1769
f 696 1579 1769
f 1412 409 408
f 1451 874 408
f 1688 1165 161
f 1581 1277 1165
f 1399 1449 1280
f 1795 207 790
f 22 1794 730
f 279 1001 1794
f 279 1794 77
f 77 1794 75
f 1794 1001 286
f 730 1794 286
f 748 246 749
f 579 794 976
f 1539 1538 1307
f 1538 1521 1307
f 923 1377 1625
f 405 1257 1625
f 1324 951 1112
f 171 684 856
f 394 1587 1601
f 574 1646 329
f 289 1766 1298
f 994 307 1632
f 1633 1632 1766
f 1632 1298 1766
f 287 1298 307
f 622 1655 1248
f 1655 1636 1248
f 1423 1636 1655
f 622 1128 1655
f 1128 1778 1655
f 1778 958 1655
f 1706 1774 1729
f 1806 99 883
f 410 303 421
f 1798 1797 1807
f 970 105 1311
f 1462 18 300
f 297 18 1462
f 1689 1523 645
f 157 1528 1772
f 1060 734 525
f 525 796 1060
f 944 1675 114
f 1768 1192 884
f 1013 1012 1399
f 1039 961 1040
f 610 1471 424
f 961 1676 132
f 1589 1102 1179
f 1589 909 1102
f 647 1589 1608
f 1589 1681 1608
f 281 547 488
f 57 488 547
f 332 547 549
f 332 57 547
f 1555 1065 136
f 1676 1774 1393
f 1708 1723 1047
f 1407 1400 1723
f 376 887 1725
f 887 1801 1725
f 761 1725 678
f 1725 1585 678
f 434 1381 60
f 1380 1808 1381
f 1381 1808 60
f 60 1808 1721
f 955 1721 1380
f 1721 1808 1380
f 644 687 645
f 1039 975 974
f 1779 1229 1760
f 574 1484 1230
f 574 1783 1484
f 1484 1783 709
f 1010 780 384
f 1025 780 1184
f 224 223 384
f 1147 1146 1799
f 1146 1512 1799
f 1512 1734 1799
f 1482 780 1010
f 1010 1147 1482
f 1765 1762 1571
f 1397 1672 1116
f 498 1449 996
f 595 1666 1419
f 824 1621 1556
f 1477 1346 988
f 1114 988 987
f 752 1347 1710
f 400 646 642
f 606 646 400
f 1678 856 1322
f 1678 519 523
f 1678 1679 519
f 523 1107 854
f 1764 813 812
f 1764 812 1699
f 812 1126 1699
f 1699 1714 1764
f 32 806 805
f 32 1714 806
f 32 999 1714
f 1659 988 1348
f 1810 1593 1800
f 501 1071 1220
f 1425 1529 1811
f 1033 1017 1416
f 172 1812 1033
f 1812 1413 1033
f 1413 1414 1033
f 1034 429 1070
f 1033 1416 168
f 429 1033 168
f 132 1676 1393
f 1605 1652 1431
f 1813 1657 1134
f 1657 1343 1134
f 1124 968 1563
f 1563 968 185
f 1063 202 850
f 1814 850 1339
f 589 850 1814
f 850 1269 1339
f 202 1269 850
f 674 1103 722
f 613 1082 1687
f 1687 1082 1002
f 1687 1002 953
f 1432 564 563
f 734 1060 226
f 1530 1424 1071
f 721 1663 426
f 308 1677 1757
f 1711 1757 1677
f 1311 1711 970
f 1711 1677 970
f 369 694 1188
f 1786 983 1122
f 1000 1168 192
f 239 1560 312
f 242 1588 1548
f 1464 1548 1588
f 250 1439 1759
f 1438 250 1597
f 987 1758 1439
f 1815 802 803
f 1815 138 802
f 1815 664 636
f 1815 636 138
f 1815 803 664
f 1062 866 701
f 171 856 1064
f 1670 1687 953
f 426 1663 1677
f 409 1752 1052
f 409 1412 1752
f 408 921 1412
f 1331 1652 1651
f 1430 1652 103
f 1652 1331 103
f 1550 1551 989
f 443 333 1109
f 250 1759 1542
f 1759 989 1542
f 643 1816 207
f 1286 1288 1179
f 1801 1287 1725
f 1171 1801 887
f 1585 1287 1101
f 376 1725 761
f 85 102 1404
f 1405 1404 102
f 85 930 83
f 1429 1643 167
f 1044 1435 31
f 31 1435 1429
f 12 1435 1044
f 1429 167 31
f 1540 62 64
f 919 619 712
f 668 1378 125
f 1257 1256 1625
f 112 1258 1257
f 1256 924 1625
f 924 923 1625
f 1257 405 112
f 405 1625 1376
f 251 1417 426
f 201 1174 218
f 589 1814 1339
f 1432 563 1375
f 564 1433 980
f 1341 1622 1433
f 1433 1622 1332
f 980 1433 1332
f 603 1082 1081
f 1097 1792 1098
f 539 67 241
f 867 872 540
f 540 1067 867
f 1730 1524 1295
f 544 473 471
f 544 471 156
f 808 390 582
f 390 389 583
f 1483 752 1710
f 1483 1710 953
f 513 226 701
f 1114 1321 1477
f 377 214 4
f 158 98 1114
f 1144 1468 1143
f 961 133 973
f 961 514 402
f 1499 1285 1488
f 1499 1488 986
f 659 552 585
f 207 1795 155
f 1767 1768 1342
f 1817 1466 798
f 1817 798 1635
f 1817 1635 1634
f 1817 838 1466
f 1817 1634 838
f 851 773 1467
f 1468 1467 1505
f 1638 1468 1505
f 1650 1143 1638
f 1143 1468 1638
f 1358 1505 1467
f 1467 773 1358
f 773 775 1358
f 1017 234 1496
f 1416 1496 1470
f 1050 187 1447
f 1050 404 187
f 341 1077 905
f 559 1526 905
f 1040 961 1039
f 785 787 1801
f 1801 787 1287
f 787 1288 1287
f 787 1620 1288
f 733 1545 1398
f 1614 1818 1352
f 1586 245 1671
f 245 244 631
f 631 1671 245
f 1270 202 201
f 770 1011 605
f 1413 1812 172
f 592 13 593
f 1114 951 1320
f 384 1357 1010
f 1319 1321 1114
f 1352 1818 1768
f 1818 1192 1768
f 454 967 313
f 905 1527 341
f 1098 1792 341
f 975 1315 1706
f 657 105 970
f 1360 763 824
f 689 458 1101
f 1477 1321 1346
f 129 128 1470
f 1820 882 1821
f 1218 1220 1733
f 1220 1746 1733
f 1677 308 426
f 650 630 629
f 74 629 1531
f 1294 1156 1450
f 137 1822 1274
f 931 1822 137
f 931 1595 1822
f 1822 1552 1274
f 1822 1595 1552
f 1595 1553 1552
f 129 555 1596
f 1823 1394 929
f 1823 929 627
f 833 1761 554
f 1761 1596 554
f 1596 127 129
f 1761 1823 627
f 833 1394 1761
f 1394 1823 1761
f 1051 1272 1271
f 1123 1684 1807
f 1255 1796 883
f 91 1824 1744
f 506 1824 91
f 1672 1744 1824
f 506 1672 1824
f 432 1337 546
f 1337 1297 546
f 432 434 1337
f 1575 329 1646
f 1575 1645 329
f 1645 1644 329
f 883 885 1525
f 1731 246 463
f 49 51 879
f 1602 1825 644
f 1296 1359 855
f 1826 1783 649
f 1302 1473 1697
f 1473 1826 1697
f 709 1783 1473
f 1783 1826 1473
f 1826 648 1697
f 1826 649 648
f 1211 690 247
f 248 247 690
f 1665 1705 1460
f 1211 1705 1213
f 1705 1665 1213
f 1582 1310 690
f 1211 1582 690
f 1691 1800 97
f 1827 1821 1267
f 1745 1071 1611
f 1042 1041 1804
f 1513 1378 1828
f 245 1828 1378
f 1513 1828 1586
f 1230 1222 1674
f 1674 1575 1230
f 1674 1222 360
f 360 359 1674
f 359 1155 1674
f 889 1031 580
f 516 1361 792
f 121 1361 122
f 1218 1387 1748
f 1806 1829 1788
f 784 921 633
f 1187 1136 1539
f 341 1830 1098
f 341 1527 1830
f 1098 1830 559
f 1527 1526 1830
f 1830 1526 559
f 962 963 541
f 963 542 541
f 962 541 1358
f 541 1775 1358
f 1088 1090 1775
f 1090 1358 1775
f 1469 928 1416
f 129 1470 556
f 1470 362 556
f 362 361 556
f 878 1256 1675
f 1256 1258 1675
f 1258 112 114
f 1258 114 1675
f 1831 571 1256
f 571 924 1256
f 51 571 1831
f 51 1831 878
f 1831 1256 878
f 1385 486 438
f 1755 1810 1800
f 1726 1179 1288
f 1539 1136 1604
f 1136 839 1604
f 824 823 1832
f 823 1035 1832
f 1035 1037 1832
f 1833 246 1008
f 1833 1793 246
f 1832 1037 1793
f 1833 1008 824
f 1832 1833 824
f 1832 1793 1833
f 1199 706 705
f 936 1362 1199
f 1362 706 1199
f 936 1292 1362
f 1834 1724 1364
f 1724 1397 1364
f 1364 1363 1834
f 690 1724 1834
f 1834 1363 690
f 1498 573 1391
f 1498 1391 995
f 1145 1498 1146
f 1498 1703 1146
f 1820 1763 882
f 1241 54 53
f 759 1566 1226
f 99 1720 883
f 1642 1835 167
f 168 1835 1642
f 167 1835 168
f 1827 1267 644
f 501 1220 499
f 108 69 109
f 1610 115 651
f 1610 651 613
f 1610 613 1611
f 1142 1503 294
f 1586 1828 245
f 1218 1748 1219
f 1827 644 1763
f 445 447 98
f 1811 1750 1425
f 500 1546 1617
f 1073 1229 1228
f 1133 1134 99
f 1122 1797 1786
f 644 1825 687
f 1836 1615 1591
f 1598 1209 975
f 1546 1577 446
f 1180 1304 158
f 1802 1041 625
f 1041 1722 625
f 357 95 682
f 1053 1465 1026
f 447 892 1612
f 1800 1592 97
f 1500 1041 1819
f 1041 1043 1819
f 1114 1112 951
f 1386 1541 600
f 626 1685 982
f 1547 1772 1528
f 861 1047 1368
f 1670 1669 1718
f 1290 1262 1630
f 882 1160 1821
f 1384 966 558
f 982 1684 1123
f 1773 961 975
f 1490 1371 1518
f 1253 883 1720
f 1629 1160 485
f 350 1740 1787
f 1040 1039 975
f 1722 99 626
f 402 124 569
f 1558 99 1557
f 99 1722 672
f 98 447 1612
f 1774 1676 1039
f 1627 1616 1628
f 1214 975 1040
f 1763 644 1317
f 212 1770 211
f 380 382 493
f 1320 1710 1321
f 1606 1523 1689
f 758 366 365
f 1290 1263 1837
f 1132 1557 1134
f 1557 1813 1134
f 1690 97 1245
f 1040 569 14
f 14 1214 1040
f 1821 1160 1267
f 1530 1617 1528
f 1617 1547 1528
f 1716 1664 1717
f 1325 1664 1838
f 1838 1664 1716
f 1716 1784 1838
f 1784 952 1838
f 1838 952 1325
f 952 1324 1325
f 961 1774 1039
f 1535 47 1426
f 1114 98 158
f 1209 1316 975
f 14 870 1208
f 1598 1208 1209
f 870 1206 1208
f 1207 130 1314
f 1749 626 1748
f 626 1749 1670
f 1670 1749 1687
f 1786 1798 626
f 1193 1192 1818
f 1592 1591 97
f 1818 1755 1193
f 373 398 400
f 1317 431 882
f 1134 1073 99
f 1798 1683 626
f 1631 1630 1804
f 1630 1839 1804
f 320 162 164
f 1227 1780 1228
f 1669 1784 1718
f 1670 1718 1719
f 1546 500 1577
f 1577 891 446
f 891 447 446
f 1836 1591 1593
f 402 1040 961
f 569 1040 402
f 1750 1664 1181
f 1664 1304 1181
f 1803 1631 1804
f 686 1160 1629
f 723 671 626
f 1741 207 644
f 1657 1224 1343
f 1789 731 1091
f 1188 848 1791
f 644 207 1317
f 1424 1530 1425
f 1530 1529 1425
f 501 1530 1071
f 500 1617 501
f 1617 1530 501
f 916 1255 1715
f 1780 1781 916
f 1781 1696 916
f 1760 1229 1343
f 1229 1134 1343
f 1639 672 1166
f 207 945 1658
f 157 1747 1811
f 1319 1114 1320
f 1827 1763 1821
f 1763 1820 1821
f 1723 1400 1047
f 982 981 626
f 1816 645 945
f 1840 157 1811
f 1043 1804 1819
f 1804 1839 1819
f 1053 1026 988
f 1806 883 1525
f 1695 1796 1255
f 1255 1696 1695
f 1695 1785 1225
f 1695 1225 1796
f 99 884 883
f 1802 1351 1803
f 1351 1353 1803
f 723 626 981
f 1432 1433 564
f 166 828 927
f 1706 1314 1774
f 1314 1393 1774
f 1813 99 1657
f 1840 1528 157
f 687 1825 1602
f 158 1534 1181
f 1500 1819 1501
f 625 98 1351
f 1587 394 393
f 1747 1445 1719
f 1713 514 1594
f 1614 1810 1818
f 1810 1755 1818
f 1670 1445 98
f 1220 1219 499
f 1219 891 499
f 1463 394 401
f 1840 1811 1528
f 1811 1529 1528
f 1574 884 1193
f 237 219 1091
f 445 98 1772
f 1798 1807 1684
f 892 626 1670
f 1253 1255 883
f 686 1629 688
f 1629 1628 688
f 1073 1134 1229
f 99 672 1639
f 1716 1718 1784
f 884 98 1342
f 423 424 796
f 988 1026 1053
f 1426 46 1424
f 99 1813 1557
f 1842 1717 1664
f 1717 1842 1719
f 1842 1747 1719
f 1664 1750 1842
f 1750 1811 1842
f 1811 1747 1842
f 643 645 1816
f 1602 1268 1160
f 687 688 645
f 1593 1592 1800
f 1685 1684 982
f 1740 154 1624
f 1254 1715 1255
f 1534 1597 1535
f 1426 47 46
f 1797 1122 1123
f 1628 645 688
f 1616 1607 645
f 305 647 1609
f 647 1608 1609
f 1627 484 1616
f 1615 1351 98
f 1767 1631 1353
f 1631 1803 1353
f 1053 988 1660
f 1669 953 1784
f 670 98 671
f 790 1740 1624
f 1501 1819 1289
f 1843 1839 1630
f 1630 1262 1843
f 1819 1839 1843
f 1683 1798 1684
f 1816 945 207
f 1629 485 484
f 671 98 626
f 1809 1841 1755
f 1736 99 1806
f 1788 1829 1841
f 1259 1568 865
f 1701 4 214
f 1731 463 717
f 1562 1415 832
f 1500 1289 1041
f 1289 1132 1041
f 1807 1797 1123
f 1802 1804 1041
f 1627 1629 484
