v 0.089863 0.050168 -0.028830
v 0.089961 0.048633 0.013536
v 0.109700 0.048934 0.013576
v -0.264599 0.056806 0.104738
v -0.268628 -0.002873 0.096679
v -0.249305 0.029355 0.122995
v 0.169825 0.058839 0.014783
v -0.115231 -0.029008 -0.272912
v -0.116350 -0.051027 -0.282067
v -0.105271 -0.021956 -0.283397
v -0.019173 -0.030585 0.149900
v -0.040132 -0.008885 0.149557
v -0.016888 -0.039161 0.150794
v -0.149154 0.085733 -0.330350
v -0.149207 0.113673 -0.315290
v -0.128860 -0.052659 0.157646
v -0.117156 -0.068481 0.156799
v -0.109732 -0.009951 0.157479
v -0.253945 0.099071 0.019533
v -0.263451 0.091847 -0.012240
v -0.269832 0.077648 0.016938
v 0.090840 0.021299 -0.106566
v 0.077225 0.021764 -0.107676
v 0.090272 0.034982 -0.090186
v -0.130224 -0.170390 0.301229
v -0.185614 0.119109 -0.097898
v -0.221375 0.116374 -0.076529
v -0.176059 0.130090 -0.090415
v -0.107414 0.065241 -0.261415
v -0.114403 0.091277 -0.248094
v -0.117550 0.058558 -0.254373
v 0.061312 0.022126 0.099605
v 0.090240 0.010741 0.111052
v 0.089777 0.031199 0.079703
v -0.069951 -0.009576 0.154859
v -0.078202 0.000642 -0.146650
v -0.071207 0.025682 -0.137837
v -0.055267 0.002729 -0.143756
v -0.149043 -0.096463 0.147950
v -0.113602 -0.088514 0.151694
v -0.111291 -0.010924 -0.272600
v -0.103825 0.013448 -0.276176
v -0.122674 -0.016429 -0.262980
v -0.149368 0.074267 0.207913
v -0.249354 -0.172909 -0.013232
v -0.263754 -0.158970 -0.011556
v -0.252991 -0.154066 -0.039627
v -0.149281 0.119707 -0.169294
v -0.118775 0.140343 -0.180286
v -0.106317 0.129328 -0.134919
v -0.185628 0.062994 0.148830
v -0.206157 0.036690 0.143853
v -0.176035 0.050609 0.153540
v -0.042342 0.025118 -0.132735
v -0.194170 0.092892 0.260046
v -0.149249 0.115743 -0.227192
v -0.148998 -0.129690 0.133484
v -0.227291 -0.071717 -0.118462
v -0.250017 -0.066137 -0.099051
v -0.240405 -0.044609 -0.111609
v -0.115171 0.092587 0.230020
v -0.121946 0.088693 0.222529
v -0.113455 0.093462 0.222737
v -0.195496 0.066835 -0.285034
v -0.285102 -0.033560 0.043352
v -0.284980 -0.031642 0.043562
v -0.285438 -0.031309 0.041803
v -0.195191 0.110266 -0.265496
v 0.076986 0.052277 0.013972
v 0.057573 0.062413 0.015188
v 0.071089 -0.033845 -0.123776
v 0.057905 -0.043940 -0.127757
v 0.062199 -0.025480 -0.124909
v -0.132031 0.085259 0.245556
v -0.122005 0.089547 0.232495
v -0.121719 0.077663 0.257743
v -0.149434 0.129691 0.152790
v -0.185961 0.102637 -0.298993
v -0.190762 0.087547 -0.296681
v -0.192345 0.095855 -0.288405
v 0.117708 -0.006374 0.127540
v 0.144592 -0.006306 0.131366
v -0.284664 0.048383 -0.038658
v -0.181106 0.025439 -0.137401
v -0.178303 0.052429 -0.130151
v -0.149293 0.047607 -0.137642
v -0.115025 -0.124405 0.135754
v -0.123370 -0.110579 0.143972
v -0.035799 0.057648 0.113270
v -0.042181 0.065553 0.120716
v -0.149027 -0.142954 0.345272
v -0.095888 0.054716 -0.300231
v -0.104304 0.019640 -0.274832
v -0.103535 0.015834 -0.276213
v -0.053796 0.038749 0.131277
v -0.149453 0.136428 0.110777
v -0.095244 -0.080542 0.317109
v -0.094741 -0.109433 0.314663
v -0.104615 -0.120428 0.293956
v -0.097227 0.134046 -0.271493
v -0.149254 0.094365 -0.150770
v -0.122324 0.119087 0.171852
v -0.149460 0.136059 0.179208
v -0.215213 -0.008557 0.144320
v -0.096881 0.040054 0.314945
v -0.113433 0.035855 0.335695
v -0.096374 0.015379 0.319570
v 0.005071 -0.128470 -0.097388
v 0.015736 -0.128458 -0.097483
v 0.013042 -0.135776 -0.087221
v -0.209546 0.132851 -0.047374
v -0.190910 0.139613 -0.057470
v -0.202979 0.128953 -0.068449
v -0.235897 -0.007142 0.132244
v -0.108578 0.078423 0.267058
v -0.131454 -0.116657 0.262652
v -0.118291 -0.088756 0.268163
v -0.116472 -0.118120 0.276913
v -0.195551 0.038454 -0.292407
v -0.149027 -0.132340 0.258512
v 0.089952 -0.174207 -0.013309
v 0.090171 -0.166501 -0.044955
v -0.256521 0.098908 -0.049646
v -0.232197 0.119128 -0.048982
v -0.236907 0.108755 -0.072568
v -0.189476 0.106900 -0.106234
v -0.190988 0.123593 -0.132609
v -0.185567 0.094729 -0.114595
v -0.113184 0.161697 0.072196
v -0.149326 0.156709 0.064013
v -0.124972 0.154514 0.084005
v 0.033587 -0.007221 0.134552
v -0.149021 -0.149493 0.269402
v -0.215653 0.103726 0.106519
v -0.186385 0.121092 0.104820
v -0.191574 0.132632 0.077268
v -0.232451 0.097441 -0.095378
v -0.215324 0.102597 -0.101308
v -0.149393 0.084789 0.224608
v -0.149072 -0.102901 0.251109
v -0.110283 0.025937 -0.140437
v -0.048240 -0.115435 0.131692
v -0.044399 -0.106878 0.136633
v -0.054579 -0.107806 0.137571
v -0.095010 -0.006219 -0.312333
v -0.094433 -0.035749 -0.316919
v 0.203755 0.057940 -0.028285
v 0.203692 0.057956 -0.028278
v 0.228937 0.051345 0.013895
v -0.216893 0.024064 -0.126499
v -0.094539 0.125995 0.113532
v -0.134419 0.113665 0.129797
v -0.121689 0.104013 0.133453
v -0.176221 0.140148 -0.204053
v -0.177600 0.134069 -0.220396
v -0.167731 0.139202 -0.203864
v -0.163516 0.135314 -0.213450
v 0.201995 -0.099230 -0.100043
v 0.178314 -0.095905 -0.109279
v 0.193656 -0.087705 -0.108657
v -0.192584 0.096707 0.202766
v -0.191059 0.086755 0.173182
v -0.066246 0.145038 0.089812
v -0.072109 0.125453 0.111192
v -0.052224 0.133499 0.098251
v -0.110447 0.139750 -0.220197
v -0.102389 0.150963 -0.210807
v -0.120444 0.141994 -0.189919
v -0.110370 0.147934 -0.192946
v -0.148873 -0.076182 -0.344019
v -0.148863 -0.058989 -0.354776
v -0.026702 0.081058 0.110798
v -0.005265 0.083879 0.087905
v -0.009534 0.104463 0.091699
v -0.149443 0.119912 0.127379
v -0.081411 0.152443 0.083836
v -0.076690 0.156523 0.075799
v -0.091418 0.160243 0.073667
v 0.058367 0.024959 0.096197
v 0.052602 0.049653 0.052579
v 0.045559 0.026162 0.097701
v 0.039970 0.040534 0.076363
v -0.069248 0.078066 0.135093
v -0.086925 0.096760 0.130184
v -0.112464 0.091369 0.138209
v -0.194407 0.145971 -0.229338
v -0.194060 0.150183 -0.215532
v -0.289722 0.028031 -0.015222
v 0.040848 -0.149094 -0.068152
v 0.040242 -0.149539 -0.066636
v 0.090068 -0.061201 -0.123797
v 0.061655 -0.085457 -0.124943
v 0.056062 -0.062647 -0.128416
v -0.116894 0.171407 -0.017715
v -0.126612 0.171313 0.028263
v -0.106033 0.175878 0.028818
v -0.106161 0.052456 -0.267783
v -0.111530 0.053962 -0.261040
v -0.193087 0.149086 -0.178993
v -0.192500 0.140286 -0.158984
v 0.255331 0.037941 -0.032929
v 0.258504 0.036352 -0.024775
v 0.282140 0.012697 -0.024731
v -0.149144 -0.087246 0.360169
v -0.009716 -0.113099 -0.115021
v 0.010027 -0.112446 -0.114154
v 0.052737 -0.140337 0.097802
v 0.055216 -0.147736 0.089059
v 0.090153 -0.156096 0.081627
v -0.242477 0.030752 0.128774
v -0.227427 0.034033 0.136730
v -0.149108 -0.060982 0.155553
v -0.275642 0.073032 -0.017416
v -0.149363 0.183044 -0.224301
v -0.180200 0.170806 -0.223683
v -0.149381 0.186496 -0.197301
v -0.126444 0.139820 -0.188437
v -0.149298 0.133892 -0.183012
v -0.124076 -0.143633 0.283528
v -0.050114 0.078898 0.128490
v -0.036699 0.079916 0.120187
v -0.181688 0.136878 -0.114503
v -0.114312 -0.157486 0.305626
v -0.134306 0.040163 0.157533
v -0.121610 0.049868 0.153877
v -0.149327 0.054047 0.183905
v 0.001221 -0.148938 -0.051611
v 0.001951 -0.148233 -0.054667
v 0.029133 -0.148962 -0.062971
v -0.247749 0.065263 0.121211
v -0.232503 0.070203 0.130787
v -0.108835 0.107059 -0.106190
v -0.112360 0.094349 -0.114912
v 0.002992 0.085511 0.074493
v -0.002893 0.070438 0.080725
v -0.149080 -0.114297 0.359278
v -0.181891 -0.157280 0.299513
v -0.183035 -0.118569 0.276896
v -0.149301 0.140237 -0.201207
v -0.149296 0.139069 -0.208556
v -0.121545 0.083172 -0.122588
v -0.106010 0.051908 -0.130263
v -0.174922 0.113662 -0.152394
v -0.176252 0.117928 -0.155837
v -0.108375 0.167445 0.059469
v -0.084041 0.175780 0.028812
v -0.176136 -0.116008 -0.130327
v -0.148858 -0.144234 -0.114439
v -0.174847 -0.128425 -0.121666
v -0.170886 0.064990 0.174493
v 0.089845 0.040063 0.055057
v -0.149400 0.059158 0.338758
v -0.149361 0.033733 0.348299
v -0.193181 0.100505 0.224291
v -0.193678 0.098410 0.242415
v -0.095588 0.023311 -0.307746
v -0.149402 0.087352 0.236109
v -0.148890 -0.083486 -0.281771
v -0.182879 -0.051217 -0.282136
v -0.181746 -0.083454 -0.313278
v -0.003179 0.097491 0.084230
v -0.285359 -0.034814 0.041798
v -0.290705 -0.057607 0.000650
v -0.287311 -0.070374 0.023698
v 0.026331 0.032523 0.093415
v 0.018607 0.032598 0.095677
v 0.028961 0.031380 0.094093
v -0.194970 0.124803 -0.254426
v -0.149014 -0.013058 -0.250543
v -0.183775 -0.023459 -0.273104
v -0.183790 -0.022645 -0.272988
v -0.163461 0.075105 -0.128092
v -0.175970 0.083815 -0.122109
v -0.157745 0.139875 -0.204469
v -0.022650 0.128705 -0.061639
v -0.035534 0.124587 -0.075709
v -0.149423 0.148268 0.090800
v -0.103799 0.151596 -0.163648
v -0.167507 -0.096924 -0.314872
v -0.286893 0.033161 0.011637
v -0.278725 0.059441 0.014741
v -0.148922 -0.054876 -0.257281
v -0.148956 -0.042102 -0.253363
v -0.149072 0.015986 -0.247724
v 0.237160 0.041490 -0.064281
v 0.241607 0.040792 -0.059468
v 0.243037 0.038848 -0.064297
v 0.058522 0.022204 0.099898
v 0.090303 -0.030927 0.126320
v 0.077487 -0.006248 0.124851
v 0.262519 -0.125238 -0.007371
v -0.074176 -0.131056 0.124502
v -0.075647 -0.127006 0.127982
v 0.253246 0.040087 -0.026284
v 0.243911 -0.125224 -0.043910
v 0.247879 -0.101094 -0.066374
v 0.265852 -0.104289 -0.038667
v -0.101232 0.085536 0.271829
v -0.110567 0.094947 0.232864
v 0.122634 -0.172195 -0.013059
v -0.149374 0.160455 -0.102585
v -0.149395 0.144921 -0.080224
v -0.149413 0.157021 -0.060176
v -0.047956 -0.113776 -0.121458
v -0.040161 -0.107267 -0.124865
v -0.034019 -0.115448 -0.116991
v 0.038927 -0.149247 -0.066691
v -0.104557 -0.049937 -0.299245
v -0.215380 0.073804 0.137782
v -0.004584 0.109946 0.071164
v -0.010515 0.122734 0.022439
v -0.017712 0.126571 0.068644
v 0.024064 0.036808 0.088610
v 0.023752 0.057369 0.066395
v 0.006298 0.053304 0.079235
v -0.096187 0.086121 -0.292715
v -0.149304 0.021347 0.265022
v -0.116809 0.007349 0.275738
v -0.149247 -0.011883 0.262244
v -0.009501 0.121434 -0.049172
v -0.003149 0.112886 -0.043569
v -0.005232 0.100537 -0.050372
v -0.149226 0.069022 -0.132246
v -0.134240 0.074613 -0.128447
v -0.242933 0.058965 -0.102829
v -0.211916 0.065714 -0.115914
v -0.265279 0.076420 0.072532
v -0.248228 0.095754 0.070563
v -0.259696 0.088318 0.053254
v -0.241275 0.105896 0.058094
v -0.148887 -0.122335 -0.133259
v -0.094994 0.166811 0.060373
v 0.132645 -0.164895 -0.044885
v 0.129791 -0.160784 -0.057177
v 0.139324 -0.162380 -0.050729
v -0.193575 0.151356 -0.197095
v -0.234320 0.117218 0.021723
v -0.169413 -0.116731 0.264101
v -0.233331 -0.069809 0.120591
v -0.222032 -0.079583 0.125810
v -0.212963 -0.046243 0.140131
v -0.207974 -0.047708 0.142466
v -0.110902 0.136804 0.106513
v -0.117469 -0.085258 -0.319016
v -0.103965 -0.067694 -0.319311
v 0.253866 0.020079 -0.086617
v 0.268910 0.017354 -0.063882
v -0.268095 0.018418 -0.080480
v -0.265145 0.052361 -0.081773
v -0.253626 0.020641 -0.098610
v -0.236147 0.108818 0.065441
v -0.127847 0.153271 -0.063303
v -0.126252 0.155698 -0.057770
v -0.121282 0.152384 -0.063071
v -0.178182 0.115568 0.175161
v -0.185669 0.090643 0.138401
v 0.116440 0.045941 0.034369
v 0.109420 0.045090 0.034749
v -0.088359 0.034791 0.146110
v -0.092647 0.031018 0.147795
v -0.086375 0.030098 0.146611
v -0.102556 -0.140860 0.309740
v -0.163588 0.138844 -0.084429
v -0.182463 0.092690 -0.247740
v -0.184301 0.097589 -0.249027
v -0.190741 -0.139810 0.301631
v -0.086677 0.116540 0.119244
v 0.291258 -0.037888 0.003159
v 0.117745 0.022271 -0.110251
v 0.182402 -0.114977 -0.096466
v 0.162054 -0.109110 -0.106018
v -0.096349 -0.049965 -0.318474
v -0.055895 0.161142 0.053455
v -0.053649 0.154002 0.065275
v -0.039917 0.147930 0.061028
v -0.051428 0.164704 0.027485
v -0.062820 0.170717 0.028207
v -0.095835 0.155138 -0.054651
v -0.085407 0.150475 -0.059953
v -0.096589 0.142282 -0.072130
v -0.253721 -0.005175 0.115681
v -0.245052 -0.045391 0.117059
v -0.122056 0.075131 -0.323361
v -0.149405 0.086630 0.243788
v -0.149402 0.083750 0.250650
v -0.149286 0.033828 0.159898
v -0.149400 0.011751 0.159999
v -0.131325 -0.052733 -0.267799
v -0.276519 -0.000874 0.079248
v -0.283203 0.003540 0.051165
v 0.037341 0.077139 0.016958
v 0.014226 0.089289 0.041267
v -0.269817 -0.040072 0.086202
v -0.106430 0.091513 0.176158
v -0.103968 0.106064 0.208688
v 0.057990 0.049714 0.048035
v 0.034241 -0.115999 -0.111912
v 0.023174 -0.135160 -0.089385
v 0.050817 -0.127432 -0.103018
v -0.010312 -0.008193 0.144254
v 0.014704 0.012809 0.119279
v -0.003295 0.030763 0.104718
v -0.149282 0.132959 -0.217659
v 0.057240 -0.118284 0.114745
v 0.090119 -0.138416 0.100691
v -0.038139 0.153603 0.026151
v -0.285511 -0.032619 0.041340
v -0.291002 -0.024417 0.004715
v 0.089811 0.047411 -0.054874
v -0.149392 0.075654 0.258042
v -0.149363 0.056665 0.263213
v -0.097388 0.064729 0.310320
v -0.101960 0.075243 0.276356
v -0.097947 0.079916 0.303397
v -0.081519 -0.055663 0.156824
v -0.098585 -0.049619 0.157830
v -0.100898 -0.073534 0.155399
v -0.041990 0.092665 0.123736
v -0.113601 0.167458 -0.032106
v -0.081747 0.165603 -0.031741
v 0.036449 -0.099923 -0.121227
v 0.057431 -0.094155 -0.122856
v 0.053592 -0.106940 -0.117028
v -0.149422 0.074679 0.329551
v -0.178998 0.070195 0.316670
v -0.171764 0.066114 0.323744
v -0.074330 0.063522 -0.115899
v -0.074287 0.063596 -0.115853
v -0.074240 0.063502 -0.115883
v -0.222494 -0.182947 -0.014435
v 0.224525 -0.055882 0.117956
v 0.221198 -0.057689 0.118927
v 0.233641 -0.089641 0.096592
v 0.231427 -0.089193 0.098217
v -0.134370 0.139426 -0.084050
v -0.192361 -0.049994 -0.297784
v -0.190590 -0.065985 -0.311190
v -0.094300 0.147808 0.092593
v -0.176111 0.103086 0.133743
v -0.149393 0.163779 -0.037961
v -0.148905 -0.169100 0.091941
v 0.090205 -0.167170 0.058069
v 0.053796 -0.166255 0.035985
v 0.090155 -0.174237 0.019262
v -0.179480 0.101678 -0.243037
v -0.177392 0.096195 -0.243857
v 0.156316 0.047146 0.055535
v 0.154066 0.045104 0.060741
v 0.161260 0.046496 0.059137
v 0.203695 0.057954 -0.028291
v -0.180331 0.169853 -0.227620
v -0.149342 0.176439 -0.245908
v 0.058980 0.020693 0.101721
v -0.149032 -0.156926 0.330594
v -0.120710 -0.125403 0.337092
v -0.089104 0.174808 0.000067
v -0.062429 0.169059 -0.002342
v -0.079596 0.166761 -0.027357
v -0.029094 -0.114460 0.128815
v -0.024258 -0.131723 0.112277
v -0.011638 -0.122474 0.119199
v -0.120630 -0.043682 -0.342033
v -0.195256 -0.002117 -0.137960
v -0.114794 0.003255 -0.338457
v -0.148978 -0.001012 -0.355528
v -0.149043 0.025461 -0.349996
v -0.212230 0.132399 0.023556
v -0.181130 0.091360 0.239579
v -0.090498 0.042735 0.145340
v -0.102940 0.035518 0.149599
v 0.058520 -0.063194 0.130708
v 0.035826 -0.044028 0.139323
v 0.047291 -0.075126 0.131364
v 0.024889 -0.057073 0.140470
v 0.051892 -0.165799 0.036549
v 0.053242 -0.166342 0.034417
v -0.128938 -0.094842 -0.318127
v -0.178966 0.120481 0.241105
v -0.066350 0.163551 0.055846
v -0.026183 0.067301 0.105486
v -0.019728 0.067191 0.098413
v -0.262778 -0.110567 0.066851
v -0.249083 -0.123481 0.075720
v -0.259381 -0.106972 0.074994
v -0.104270 0.152169 -0.202317
v -0.102995 0.155234 -0.200281
v -0.017632 -0.128878 -0.098092
v -0.027478 -0.136197 -0.088507
v -0.042673 -0.121611 -0.111750
v 0.114850 0.044246 0.040996
v -0.149313 0.003016 0.356292
v -0.122512 0.142469 -0.286254
v -0.149315 0.165537 -0.265687
v -0.098440 0.157750 -0.249680
v -0.149189 -0.045113 0.259465
v 0.026373 0.028433 0.098515
v -0.106905 -0.108761 0.144132
v -0.069193 0.106100 -0.097619
v 0.287030 -0.029574 -0.033588
v 0.286165 -0.028697 -0.038401
v 0.291299 -0.007697 0.006796
v -0.119814 0.175722 -0.238991
v -0.099243 0.166002 -0.235940
v 0.006418 -0.001219 -0.134857
v -0.013477 0.024554 -0.127633
v 0.031874 0.023159 -0.117654
v -0.117635 0.180106 -0.205995
v -0.099934 0.168895 -0.224515
v -0.118073 0.179716 -0.213170
v -0.117766 0.049000 -0.256381
v -0.149129 0.048925 -0.242531
v -0.108893 0.076963 0.143629
v -0.112421 0.062547 0.149081
v -0.031244 -0.015331 -0.144928
v -0.031876 -0.016215 -0.145084
v -0.031420 -0.015224 -0.144945
v 0.211616 -0.050831 0.124277
v 0.194065 -0.034999 0.132479
v 0.192753 -0.043388 0.130862
v -0.165769 0.089118 0.236168
v -0.216726 0.132711 -0.013316
v -0.237092 0.118303 -0.010794
v -0.188543 0.109515 0.117689
v -0.211745 0.102502 0.111240
v 0.137055 -0.121464 0.106619
v 0.132054 -0.143966 0.089784
v 0.164552 -0.136918 0.089209
v 0.040469 -0.147367 0.087918
v -0.016928 0.054565 0.093225
v -0.009164 0.060959 0.086154
v -0.098055 0.131548 -0.247671
v -0.101155 0.139880 -0.233160
v -0.113199 0.111254 -0.240950
v -0.111288 0.123362 -0.234589
v -0.119323 0.107198 0.297773
v -0.118233 0.090549 0.311788
v -0.173276 0.115699 0.119715
v -0.176517 0.123665 0.108450
v -0.002093 0.067866 -0.058546
v -0.002864 0.085775 -0.046589
v 0.005349 0.063222 -0.059134
v -0.163527 0.040725 0.157291
v 0.020869 -0.104112 -0.119727
v -0.001384 -0.104724 -0.120803
v -0.195607 0.010073 -0.299779
v -0.175695 0.126298 -0.166832
v -0.149302 0.139113 -0.193576
v 0.213769 -0.059748 0.121031
v 0.208434 -0.078790 0.115587
v 0.192463 -0.079572 0.119651
v 0.204823 -0.142673 -0.055002
v 0.228769 -0.137040 -0.043437
v 0.211381 -0.148087 -0.039477
v 0.017109 0.091866 0.018727
v 0.014236 0.094716 -0.003779
v -0.095747 -0.051650 0.319555
v -0.117146 -0.059303 0.348320
v -0.110684 -0.036716 0.341989
v 0.144649 0.023244 -0.113936
v -0.032346 0.023313 0.126662
v -0.042515 0.033191 0.126855
v -0.289886 0.007953 0.023082
v -0.291299 0.008773 0.008780
v 0.179255 0.023474 -0.115745
v -0.100174 0.001177 0.296356
v -0.110320 -0.018363 0.279300
v -0.182665 -0.118783 0.129870
v -0.170190 -0.140458 0.120470
v -0.178683 0.129846 0.097959
v -0.026280 -0.159655 0.038529
v -0.010265 -0.152379 0.075500
v -0.038256 -0.156633 0.071049
v -0.181654 0.062157 -0.319940
v -0.178306 0.061703 -0.323811
v -0.180553 0.041954 -0.328304
v 0.253070 0.038554 0.012359
v -0.101274 0.112780 0.253748
v -0.079082 -0.101703 0.144227
v 0.090170 -0.112364 -0.115541
v -0.149098 0.055597 -0.340173
v -0.183062 -0.125070 0.330661
v -0.195183 -0.092939 0.306122
v -0.192528 -0.123814 0.314951
v -0.185133 0.033868 0.327056
v -0.182180 0.060663 0.318207
v -0.195323 0.042251 0.299100
v -0.112410 0.119764 -0.097506
v -0.276830 0.063999 -0.056695
v 0.233508 -0.092335 0.094870
v 0.232292 -0.091178 0.096597
v 0.232031 -0.093561 0.095061
v -0.102423 0.162991 -0.184786
v -0.085345 -0.127976 0.128987
v -0.284973 -0.106263 -0.005212
v -0.267775 -0.133088 -0.039710
v -0.277342 -0.133642 -0.008508
v -0.260124 -0.105193 0.075123
v -0.261663 -0.102025 0.074410
v -0.270771 -0.103131 0.056019
v -0.275289 -0.086225 0.055949
v -0.201539 0.065533 -0.119653
v -0.149311 -0.035654 0.157827
v -0.048345 0.138303 0.089693
v -0.149389 0.172915 -0.126736
v 0.167228 0.024176 0.106808
v 0.160813 0.024764 0.105322
v 0.139763 0.053886 0.014179
v -0.169272 -0.052477 -0.269253
v 0.168990 -0.047014 -0.123206
v 0.195817 -0.062372 -0.116124
v 0.186575 -0.075122 -0.115109
v -0.286643 -0.011736 -0.023934
v -0.288902 0.009412 -0.009861
v -0.255039 -0.064969 -0.093360
v -0.271592 -0.073279 -0.066101
v -0.269899 -0.041069 -0.074647
v -0.148899 -0.179271 0.064853
v -0.078817 0.165804 -0.030051
v -0.075404 0.164704 -0.030764
v -0.078794 0.165210 -0.031839
v -0.149514 -0.010326 0.160100
v -0.264568 0.090777 -0.033208
v -0.258218 0.098295 -0.013287
v -0.117458 0.071629 0.324489
v -0.116787 0.072254 0.323658
v -0.117306 0.073684 0.323332
v -0.176107 -0.083821 0.267954
v -0.149130 -0.074007 0.255287
v -0.247700 0.090401 -0.087259
v 0.162662 0.035228 0.084563
v -0.096707 0.110084 -0.282104
v -0.189946 -0.077982 -0.138107
v -0.148977 -0.060375 -0.151589
v -0.148932 -0.096086 -0.145434
v 0.272525 -0.077397 0.058706
v 0.267435 -0.084939 0.061780
v 0.268485 -0.089471 0.055504
v -0.112808 -0.093096 0.342290
v 0.090146 -0.087243 -0.122771
v -0.149359 0.026192 -0.143038
v -0.206309 -0.179275 -0.036954
v -0.193956 -0.186496 -0.014856
v 0.220190 -0.096666 -0.092824
v 0.197381 -0.115997 -0.090582
v -0.190048 0.151854 -0.242083
v -0.054617 0.165921 -0.002874
v -0.050980 0.162696 -0.012031
v -0.058494 0.166500 -0.008175
v -0.164836 -0.182658 -0.032183
v -0.148564 -0.184123 -0.014559
v -0.240090 -0.134554 -0.076424
v -0.246791 -0.134385 -0.070455
v -0.244212 -0.129551 -0.076539
v -0.273006 -0.118617 0.036825
v -0.285425 -0.086786 0.024119
v 0.160314 0.027383 0.101261
v 0.126308 0.030858 0.086498
v -0.178462 -0.110068 -0.132256
v -0.187812 -0.116583 -0.125026
v -0.022689 0.108567 0.105532
v -0.035579 0.101225 0.118216
v -0.204067 0.140228 -0.013677
v -0.182001 0.147119 0.025336
v -0.239437 -0.157232 0.050860
v -0.239353 -0.155885 0.053109
v -0.267991 -0.128327 0.039850
v -0.266325 -0.125864 0.046457
v -0.205336 0.067685 -0.117758
v -0.205688 0.069897 -0.116813
v 0.260225 -0.096357 0.061637
v 0.206580 0.023118 -0.112683
v -0.022591 0.052758 0.098809
v -0.185955 -0.182425 0.043291
v -0.187641 -0.174088 0.066049
v 0.179205 -0.006515 0.133192
v 0.169050 0.008962 0.122588
v -0.183182 0.106618 -0.243062
v -0.185072 0.133576 -0.226046
v 0.035315 -0.147001 -0.070363
v -0.205764 -0.045365 0.143941
v -0.207643 -0.045899 0.142997
v -0.116509 0.044704 -0.329963
v -0.096060 -0.018135 0.319563
v -0.080927 -0.040320 0.157634
v -0.203386 -0.074561 -0.132470
v -0.204455 -0.052593 -0.135016
v -0.182753 -0.062038 0.341106
v -0.195748 -0.063218 0.308606
v -0.182737 -0.068018 0.341044
v -0.125415 0.137675 -0.182431
v -0.194742 0.077703 0.279981
v -0.195097 0.059000 0.291798
v -0.187018 0.089640 0.290062
v -0.182422 -0.009654 0.153890
v -0.174836 0.018822 0.153917
v -0.278409 -0.068185 0.056735
v -0.284809 -0.059052 0.038326
v -0.281050 -0.077004 0.044905
v 0.166665 0.026892 0.102690
v 0.090206 -0.031533 -0.119353
v 0.090344 -0.001865 -0.114909
v 0.275094 0.021822 0.010348
v -0.096736 0.109288 -0.265774
v -0.275964 0.016428 -0.063873
v -0.270581 -0.009223 -0.075141
v -0.272752 -0.024972 -0.069864
v 0.244142 -0.090216 0.086904
v 0.237105 -0.087891 0.095020
v 0.235673 -0.091883 0.093541
v -0.178763 0.074381 0.262038
v -0.178789 0.036749 0.275430
v -0.178991 0.074536 0.262106
v -0.181692 0.041185 0.276249
v -0.194524 0.085521 0.272455
v -0.149251 0.136105 -0.299984
v -0.149278 0.148996 -0.287355
v -0.246578 -0.109446 0.088276
v -0.257195 -0.103949 0.080077
v -0.258507 -0.104949 0.077914
v -0.222036 0.125643 -0.048531
v -0.271989 0.044269 -0.071660
v -0.183838 -0.023626 -0.273265
v -0.151772 0.161838 0.027116
v -0.149309 0.165617 -0.009938
v -0.149468 0.111180 0.295807
v 0.269935 -0.110254 0.019347
v 0.279931 -0.088475 0.028186
v 0.264702 -0.112618 0.031439
v -0.131342 0.139823 -0.196607
v 0.090195 -0.134066 -0.101223
v -0.195634 -0.004577 0.307764
v -0.184321 -0.015801 0.282291
v -0.195691 -0.033897 0.308185
v 0.237589 0.039412 -0.070753
v -0.169267 -0.042914 -0.348698
v -0.148863 -0.042168 -0.360804
v -0.177351 0.060218 0.323436
v -0.116142 0.147127 0.095703
v -0.031451 -0.015015 -0.144927
v -0.031734 -0.015247 -0.144998
v -0.149476 0.138595 0.206270
v 0.234141 -0.090728 0.095501
v -0.130442 0.137749 -0.211416
v 0.003018 0.098937 -0.036953
v -0.028175 0.136275 0.068771
v -0.093566 -0.174698 0.026309
v -0.116462 -0.177929 0.048647
v -0.096555 -0.175611 0.020964
v -0.117894 -0.178774 0.043230
v -0.149208 -0.060195 0.361060
v 0.057463 -0.034747 0.133744
v 0.120442 0.022980 0.099377
v 0.123460 0.011051 0.115202
v 0.202666 0.049701 -0.068784
v 0.219232 0.045713 -0.068973
v 0.196862 0.046121 -0.082377
v -0.137313 0.139200 -0.206154
v -0.235427 0.050902 -0.109740
v -0.232902 0.022939 -0.117386
v 0.234519 -0.079366 -0.092815
v 0.225890 -0.083876 -0.096681
v 0.226903 -0.069500 -0.101502
v 0.138926 0.055070 -0.027521
v 0.269851 -0.070536 -0.059761
v 0.264847 -0.074835 -0.064506
v 0.263861 -0.068246 -0.069844
v -0.086933 -0.088599 0.150247
v -0.117848 -0.083858 0.268848
v -0.149479 0.122728 0.276388
v -0.173546 0.113857 0.270630
v -0.171810 0.112874 0.276523
v -0.107963 -0.102370 -0.141032
v -0.104844 -0.104649 -0.139488
v -0.106112 -0.107786 -0.138098
v 0.051521 -0.158768 -0.044416
v 0.038389 -0.157871 -0.035387
v 0.039843 -0.150192 -0.064616
v -0.121184 -0.178584 -0.013886
v -0.148815 -0.174333 -0.056902
v -0.114650 -0.078759 -0.149897
v -0.255077 -0.111896 -0.075702
v -0.268930 -0.111907 -0.054522
v -0.148913 -0.027485 -0.361060
v 0.159313 -0.127735 -0.093604
v 0.182355 -0.124795 -0.088789
v 0.286606 0.008773 0.008780
v -0.149038 -0.116157 0.252012
v -0.125425 -0.181418 0.010461
v -0.218963 -0.026948 -0.128473
v -0.217590 -0.036865 -0.128924
v -0.226926 -0.033715 -0.123046
v -0.148953 -0.178646 0.296908
v -0.167646 -0.170735 0.297871
v 0.090011 -0.090677 0.120864
v 0.121234 -0.084106 0.122603
v 0.120592 -0.090869 0.120749
v 0.121830 -0.148007 -0.081254
v 0.090237 -0.150420 -0.080971
v 0.155316 -0.170183 -0.012809
v -0.111298 -0.037384 -0.153238
v -0.149040 -0.024106 -0.150547
v -0.148905 -0.069282 -0.267226
v -0.050658 0.125981 0.105521
v 0.122204 0.046133 -0.072547
v -0.177821 0.074701 0.261369
v -0.123060 0.137968 -0.289856
v -0.032439 0.067741 0.112185
v -0.276847 -0.008414 -0.060343
v 0.266419 -0.104135 -0.037538
v 0.267639 -0.056406 -0.068839
v 0.269826 -0.016716 -0.074009
v 0.282428 -0.040472 -0.046256
v 0.284901 -0.027952 -0.042459
v -0.009007 -0.107289 0.129991
v -0.201299 -0.103875 0.128214
v -0.208698 -0.081792 0.133076
v -0.220209 -0.088625 0.123694
v -0.258144 -0.106865 0.076888
v -0.210744 -0.139599 0.100324
v -0.226346 -0.117924 0.105252
v -0.237855 -0.139253 0.077093
v -0.004578 0.050468 0.087616
v -0.002434 0.042984 0.091941
v 0.171852 -0.035276 0.134111
v 0.154840 -0.028733 0.134305
v 0.152502 -0.038085 0.133729
v -0.061692 -0.164628 -0.012190
v -0.093804 -0.173044 -0.013212
v -0.149450 0.095894 0.312433
v -0.009131 0.077857 -0.054116
v -0.016892 0.073325 -0.062506
v 0.057182 -0.115983 0.115694
v 0.062905 -0.082525 0.126375
v -0.199594 0.070106 -0.118777
v -0.077971 -0.056348 -0.150841
v -0.091386 -0.070165 -0.149942
v -0.088718 -0.057636 -0.151679
v -0.075864 -0.082114 0.151234
v -0.069369 -0.091122 0.147330
v -0.212808 -0.037013 -0.131674
v -0.210406 -0.025251 -0.133075
v -0.089295 -0.000182 -0.147527
v 0.028259 -0.077348 0.134847
v 0.235285 -0.138843 0.032738
v 0.247151 -0.131002 0.029440
v 0.239971 -0.130335 0.044144
v -0.169628 0.089878 0.235058
v -0.284667 0.036307 0.064098
v -0.213145 -0.154290 -0.078566
v -0.185766 -0.172905 -0.060919
v -0.229911 -0.164120 -0.052247
v -0.187971 -0.172768 -0.059833
v -0.149187 0.081864 -0.237337
v -0.012872 -0.101187 -0.124645
v -0.178472 0.074314 0.261911
v -0.178764 0.074816 0.261690
v -0.078597 0.035784 0.142999
v -0.184222 0.116153 0.220380
v 0.194516 0.052321 0.042747
v 0.209846 0.056955 0.014566
v -0.121637 0.130918 -0.089887
v -0.072993 0.121860 -0.088558
v -0.076618 0.134816 -0.077629
v -0.270436 -0.120721 0.042833
v -0.004941 -0.154733 0.065647
v 0.011893 -0.154762 0.068160
v 0.090824 -0.006443 0.123714
v 0.256962 0.029222 0.046439
v 0.282126 0.004627 0.042262
v -0.182292 0.096687 -0.246774
v -0.264553 0.078305 -0.073275
v -0.056340 -0.137431 -0.095943
v -0.072906 -0.143546 -0.092318
v -0.064713 -0.136987 -0.099353
v 0.010828 -0.072105 -0.133897
v -0.006772 -0.054017 -0.140869
v 0.019455 -0.043640 -0.136692
v 0.010253 -0.035712 -0.138907
v -0.149483 0.137291 0.228872
v -0.027916 -0.081991 -0.136681
v -0.036319 -0.086186 -0.136099
v -0.103854 -0.050686 0.288710
v 0.018080 -0.040707 0.143918
v -0.005329 -0.062231 0.146441
v 0.036640 -0.163402 0.027217
v 0.015871 -0.159603 0.031178
v 0.015934 -0.156207 -0.011159
v -0.101324 0.093918 -0.261966
v -0.112469 0.106478 -0.243344
v -0.180008 -0.100997 -0.135364
v -0.040469 -0.147073 -0.069265
v -0.045184 -0.152580 -0.054496
v -0.053246 -0.151946 -0.062373
v -0.117291 0.173201 -0.175238
v -0.117855 0.180293 -0.203533
v -0.005838 0.046392 -0.096190
v 0.006293 0.046474 -0.090460
v 0.007280 0.040150 -0.100544
v -0.060781 -0.152446 0.092134
v -0.070385 -0.143495 0.107052
v -0.067303 -0.154657 0.090209
v -0.021663 0.082908 -0.065611
v -0.021950 0.083191 -0.065882
v -0.149389 0.185906 -0.174686
v -0.061527 -0.132275 -0.104452
v -0.268842 -0.115445 -0.051740
v -0.270552 -0.111739 -0.051343
v -0.221007 -0.177618 0.025887
v -0.046887 -0.140375 0.106930
v 0.003681 -0.158100 0.019730
v -0.025203 -0.159770 0.036383
v -0.009373 -0.153775 -0.010871
v -0.189782 0.134217 0.075948
v -0.017169 0.137239 -0.027028
v -0.013112 0.133146 -0.027720
v 0.045448 -0.051469 -0.130736
v 0.022137 -0.031850 -0.136118
v 0.034317 -0.031277 -0.133054
v 0.038494 -0.139435 0.098642
v 0.124381 -0.133798 -0.096667
v -0.193380 -0.139752 0.110458
v -0.211039 -0.000791 -0.131691
v -0.183906 -0.023429 -0.273254
v 0.004379 -0.087801 -0.129377
v 0.222710 -0.051303 0.120397
v -0.217270 -0.045682 -0.128544
v -0.024822 0.134726 0.065264
v 0.166715 -0.137350 0.087888
v 0.196769 -0.141297 0.069761
v 0.166459 -0.136599 0.088928
v 0.189231 -0.132045 0.085079
v 0.165007 -0.137148 0.088839
v 0.164772 -0.137477 0.088580
v 0.056119 -0.007728 -0.123597
v -0.176826 -0.017239 0.275103
v -0.126462 0.130710 0.197303
v -0.251785 0.097867 -0.067500
v 0.206526 -0.006134 0.130145
v -0.064431 -0.008255 -0.147429
v 0.203832 -0.120298 0.090635
v 0.200237 -0.138006 0.072280
v 0.212366 -0.134083 0.069276
v -0.204102 -0.050297 0.143774
v 0.121094 -0.123999 -0.105101
v 0.123590 -0.100698 -0.116359
v -0.183963 -0.023584 -0.273448
v -0.195034 -0.019390 -0.304424
v -0.004283 -0.144137 0.092268
v -0.000398 -0.135599 0.103873
v -0.032048 -0.144813 0.096228
v -0.149484 0.132493 0.250979
v -0.149392 0.181805 -0.152421
v -0.277435 -0.097896 0.042311
v -0.220793 0.052218 -0.116600
v -0.257799 -0.154149 0.024961
v 0.126896 -0.150679 0.083344
v -0.149030 -0.128348 0.355403
v -0.078053 -0.066636 -0.149164
v -0.026660 0.103233 -0.073289
v -0.228018 0.000813 -0.122214
v 0.023969 0.062830 -0.048229
v -0.060882 -0.057586 -0.148980
v -0.090287 -0.174146 0.022421
v -0.039217 -0.157432 0.067349
v -0.042601 -0.157883 0.068540
v -0.095770 -0.164307 -0.056478
v -0.084198 -0.158852 -0.064228
v -0.084727 -0.162249 -0.053891
v -0.020335 -0.092002 0.139261
v 0.023563 0.056302 -0.061665
v 0.011011 0.052615 -0.074985
v -0.099511 0.104857 0.281462
v -0.100239 0.109893 0.270284
v -0.179530 0.021566 -0.335661
v -0.179180 0.118329 0.248966
v -0.182595 0.114664 0.245050
v -0.081884 0.166770 -0.028565
v -0.185639 -0.015105 0.336376
v -0.185344 -0.013670 0.337229
v -0.186185 -0.014123 0.335550
v -0.185910 -0.109170 -0.129536
v -0.207785 -0.096725 -0.124001
v -0.041941 0.117583 -0.083107
v -0.055407 0.133236 -0.075660
v -0.148826 -0.104878 -0.315803
v 0.197216 0.050635 -0.068452
v 0.203684 0.057956 -0.028290
v 0.000593 -0.135385 -0.086913
v -0.022697 -0.143300 -0.072027
v -0.050062 0.105339 -0.090997
v 0.223087 0.028085 0.088072
v 0.217653 0.024273 0.098505
v 0.224996 0.020053 0.100554
v -0.270591 -0.126636 0.035192
v -0.098663 0.093785 0.293737
v -0.178042 0.067806 -0.251140
v -0.183844 -0.023352 -0.273168
v -0.215378 0.132370 -0.033066
v 0.231286 -0.128518 0.059532
v 0.222696 -0.140953 0.046541
v 0.052943 -0.165207 -0.012234
v -0.176623 0.139024 -0.187596
v 0.131146 -0.172652 0.023660
v -0.149260 -0.028590 0.358676
v -0.168495 -0.038089 0.352218
v -0.186127 0.063673 -0.313535
v -0.183711 0.077543 -0.311779
v -0.203495 -0.139621 0.105282
v -0.223853 -0.117279 0.107316
v -0.164181 0.138833 -0.192419
v -0.169445 -0.126313 0.343566
v 0.021054 -0.087084 -0.127778
v 0.257203 -0.041102 0.098869
v 0.231805 -0.056346 0.113320
v 0.258934 -0.063024 0.088262
v 0.034600 -0.066690 -0.131331
v 0.043766 -0.085169 -0.126631
v -0.280927 -0.083053 -0.041263
v -0.274562 -0.080278 -0.058005
v -0.270980 -0.108343 -0.052966
v 0.167579 -0.168445 0.017408
v -0.163638 0.113012 0.130014
v -0.192515 -0.121089 0.292394
v -0.177807 -0.091061 0.268916
v -0.181223 -0.087182 0.272473
v -0.183651 -0.023581 -0.273032
v -0.109465 -0.058206 -0.152792
v -0.148945 -0.152296 0.115424
v -0.209743 -0.044149 0.142249
v -0.190441 -0.115480 0.128247
v -0.185889 -0.106551 0.134322
v -0.148835 -0.184669 0.028898
v -0.185160 -0.173329 -0.060292
v -0.184903 -0.173260 -0.060468
v -0.184926 -0.173355 -0.060260
v -0.194461 -0.048852 -0.309069
v -0.282089 -0.015337 -0.043518
v -0.286160 -0.021749 -0.027850
v 0.090157 -0.060802 0.123592
v -0.171964 -0.091902 0.348616
v -0.108511 -0.160018 0.097116
v -0.109508 -0.151409 0.110531
v -0.181589 0.126323 -0.288905
v -0.116089 0.043546 -0.329909
v -0.116633 0.043537 -0.330363
v -0.116361 0.043778 -0.330069
v 0.132384 -0.019969 -0.123053
v -0.239646 -0.017311 -0.113816
v -0.102549 0.112547 0.232758
v -0.117245 0.128023 0.225867
v -0.115021 0.174978 -0.234885
v -0.031041 -0.014990 -0.144831
v 0.200663 0.048488 0.053559
v -0.111921 -0.034558 0.276327
v 0.256088 -0.036515 -0.088474
v 0.258549 -0.005410 -0.088197
v 0.248261 -0.025296 -0.097323
v 0.199066 -0.160429 -0.011624
v 0.229440 -0.148908 -0.010229
v 0.232703 -0.096181 0.092669
v 0.206823 -0.115277 0.093945
v 0.205150 -0.113748 0.096166
v 0.044294 0.061069 -0.036057
v -0.178551 -0.185903 0.023847
v -0.183966 -0.187062 0.011709
v -0.172274 -0.187356 0.008206
v 0.240069 -0.118427 0.063639
v -0.149200 0.001043 -0.146792
v 0.175227 -0.157898 -0.045975
v -0.181424 0.141814 -0.120953
v -0.238117 -0.159226 0.048881
v -0.250950 -0.162519 0.021209
v -0.117130 0.127899 0.225790
v 0.159018 -0.068614 0.127482
v 0.139576 -0.054767 0.130027
v 0.130239 -0.078686 0.124260
v -0.024949 0.133983 0.067627
v -0.022612 0.131996 0.067469
v -0.059802 -0.087613 0.147020
v 0.056335 0.040916 -0.085195
v 0.040191 0.040903 -0.089940
v -0.173179 -0.011592 -0.346365
v -0.175254 -0.000364 -0.343298
v -0.171227 -0.009355 -0.347423
v 0.235272 -0.124362 -0.054842
v 0.221861 -0.119876 -0.072550
v 0.246172 -0.101531 -0.067874
v -0.119549 0.073929 0.323694
v -0.029581 -0.156212 -0.011169
v -0.041053 -0.160981 0.010564
v -0.116987 -0.072223 0.347922
v -0.185080 -0.153913 -0.093568
v -0.184960 -0.172719 -0.061504
v -0.263497 -0.139798 -0.041979
v -0.116058 -0.167200 -0.062694
v -0.108993 -0.162906 -0.069782
v 0.271013 -0.054185 0.076122
v 0.233774 -0.091397 -0.086888
v 0.236231 -0.086153 -0.087905
v 0.139614 -0.075667 -0.121026
v 0.154060 -0.090671 -0.115647
v 0.133529 -0.092005 -0.117879
v -0.116246 0.042346 -0.330333
v -0.005879 -0.148926 -0.050235
v -0.083615 -0.135361 0.122611
v -0.108156 -0.142137 0.120777
v -0.176938 -0.009910 0.275231
v -0.182897 -0.009014 0.280630
v -0.177362 0.030889 0.274747
v -0.182332 0.033612 0.278313
v 0.163264 -0.001048 -0.123108
v 0.167425 -0.001704 -0.123616
v 0.162853 -0.004758 -0.123700
v 0.278886 -0.102390 -0.004614
v -0.262951 -0.149722 0.020125
v -0.068539 -0.157950 -0.055821
v -0.077100 -0.130495 0.125518
v -0.276871 0.047052 0.085292
v 0.203909 -0.114966 0.095709
v 0.203621 -0.113609 0.096918
v -0.006264 -0.062416 0.146584
v -0.005868 -0.062588 0.146517
v -0.006170 -0.061777 0.146674
v -0.202822 -0.116760 -0.117436
v -0.177493 0.120127 0.245824
v -0.028756 0.048155 -0.106550
v -0.023898 0.060328 -0.084909
v 0.052017 0.051359 -0.060568
v 0.124858 -0.164286 -0.048792
v 0.213156 -0.089866 0.107904
v 0.198320 -0.090584 0.113114
v -0.056944 -0.146288 -0.078445
v -0.047415 -0.057722 0.154222
v -0.041371 -0.053700 0.153490
v -0.148863 -0.160549 -0.090544
v -0.116586 -0.147018 -0.104477
v -0.118114 -0.149325 -0.101257
v -0.053301 -0.164539 0.021236
v 0.232418 0.022055 -0.103371
v 0.213633 -0.000158 -0.116705
v -0.253694 0.103161 -0.011329
v 0.003475 -0.156909 0.054014
v 0.159894 0.050869 -0.069256
v 0.139113 0.054662 -0.032080
v -0.002817 0.052402 -0.083429
v -0.022160 0.062729 -0.079413
v -0.180854 0.139531 -0.182456
v -0.021949 0.082634 -0.065929
v 0.090092 -0.115731 0.113682
v -0.184565 0.088200 0.295890
v -0.187917 0.145177 -0.259654
v -0.194622 0.140163 -0.238505
v -0.180919 0.131919 -0.285527
v 0.125235 -0.044583 0.130123
v -0.181059 0.161111 -0.244197
v -0.121860 0.177633 -0.233182
v 0.205250 -0.140905 0.064124
v -0.120637 -0.171157 0.079005
v -0.095470 -0.168337 0.071721
v 0.157234 -0.073785 -0.120005
v 0.042686 -0.095075 0.126102
v 0.050983 -0.165815 0.034702
v 0.025967 -0.159338 0.050177
v -0.089020 0.045067 -0.130157
v 0.184282 -0.050686 0.130776
v -0.220877 -0.090569 -0.118016
v -0.221553 -0.103613 -0.112539
v -0.185357 -0.046656 -0.143200
v 0.247625 -0.100274 -0.067524
v 0.286642 -0.032457 -0.036978
v 0.167455 0.052195 -0.066525
v -0.284051 -0.077103 -0.033093
v -0.284703 -0.053015 -0.036763
v -0.220206 0.101051 0.106010
v -0.218343 0.100856 0.108307
v -0.217652 0.102758 0.105919
v -0.211617 -0.119724 -0.110430
v 0.153822 0.047917 0.051814
v 0.150340 0.046291 0.055921
v -0.029497 -0.015678 -0.144624
v -0.182884 -0.044769 -0.335861
v -0.182526 0.023340 0.334645
v -0.185372 -0.010421 0.336639
v -0.219678 0.103197 0.102319
v 0.182872 0.011332 0.121021
v 0.200985 0.007847 0.121266
v 0.214823 0.019031 0.106807
v -0.229357 -0.088433 0.117153
v -0.224449 -0.110968 0.110283
v 0.268877 -0.000147 0.081395
v -0.177153 0.173339 -0.173969
v -0.175715 0.174896 -0.179704
v -0.177175 0.173614 -0.176887
v -0.259741 -0.103593 0.076684
v -0.206128 -0.124570 -0.110965
v -0.061359 0.126166 -0.083437
v 0.218328 0.041116 0.064530
v -0.238189 0.102260 0.076970
v -0.170343 0.164970 -0.134587
v -0.173744 -0.109557 -0.134160
v -0.184169 0.147729 -0.263850
v -0.175208 0.159505 -0.256131
v 0.228559 -0.120473 0.073464
v -0.048493 0.074656 -0.096234
v -0.042133 0.090529 -0.086611
v 0.236082 0.021883 0.090096
v -0.026704 -0.075574 -0.138777
v 0.177381 -0.166848 0.009442
v 0.285791 -0.031879 -0.039662
v 0.018272 -0.025771 -0.136870
v -0.087992 -0.029957 -0.152034
v -0.084943 -0.013583 -0.149747
v -0.077445 -0.028902 -0.151372
v -0.080184 -0.162769 -0.048051
v 0.209533 -0.006577 -0.118607
v 0.196702 -0.024093 -0.121198
v 0.172002 -0.005629 -0.123503
v 0.171665 0.039204 -0.098724
v 0.186180 0.038738 -0.098934
v -0.119508 0.110397 0.293546
v -0.119232 0.107933 0.296837
v -0.116830 0.120866 0.271630
v -0.186613 -0.015474 0.334757
v -0.185021 -0.026622 0.337557
v -0.127194 -0.032600 0.353188
v 0.291216 -0.068080 -0.000478
v -0.220409 -0.149774 -0.078643
v -0.213906 -0.148107 -0.085749
v 0.056137 -0.117427 0.115095
v -0.284831 -0.051109 -0.036371
v -0.284967 -0.048626 -0.036014
v -0.174999 0.029373 0.336889
v -0.180354 0.035246 0.331968
v -0.036652 0.104355 -0.082683
v -0.103922 0.143121 -0.225280
v -0.098503 0.121873 -0.253517
v 0.276974 -0.080604 0.046618
v 0.285717 -0.074261 0.027763
v 0.287713 -0.065838 0.029396
v 0.142176 0.055255 -0.028808
v 0.141596 0.055346 -0.026939
v 0.214966 -0.025643 0.128428
v 0.232369 -0.004957 0.120857
v -0.115853 -0.154876 -0.091189
v 0.198751 0.041164 0.073158
v -0.124946 -0.013212 0.350659
v -0.112337 -0.012761 0.341432
v 0.254440 0.027014 0.058991
v -0.190118 0.134964 0.073160
v -0.186283 0.092614 0.287513
v -0.180645 0.100329 0.285501
v 0.040018 -0.147693 -0.070874
v -0.179567 0.171920 -0.178046
v -0.186724 0.164161 -0.200402
v -0.256860 -0.042914 0.104426
v 0.133040 -0.102752 -0.114086
v 0.147014 -0.027589 0.133401
v 0.143067 -0.033659 0.133226
v -0.255324 -0.070656 0.097894
v -0.189951 0.139128 0.050543
v -0.193207 0.133461 0.072335
v -0.207758 0.130672 0.049433
v 0.253826 -0.002899 0.104121
v 0.242566 -0.109152 0.071692
v -0.120831 0.154807 -0.128160
v 0.126480 -0.115300 0.111229
v 0.232157 -0.047189 -0.104629
v 0.239169 -0.068980 -0.093344
v 0.246991 -0.041983 -0.095906
v 0.123458 -0.071604 0.125172
v 0.144154 -0.160394 0.061826
v 0.142704 -0.159910 0.063310
v 0.142083 -0.160607 0.061886
v 0.158831 -0.146085 -0.074143
v -0.225785 0.125449 -0.037254
v -0.180634 -0.016864 0.278296
v 0.198101 -0.036274 -0.120157
v 0.188107 -0.155119 -0.043467
v -0.178046 0.068762 -0.321768
v -0.175679 0.094434 -0.312555
v 0.187327 -0.041740 0.132082
v 0.162118 -0.145799 -0.073186
v -0.116169 0.043947 -0.329848
v -0.121149 0.125343 0.263118
v -0.028807 0.033465 0.115302
v -0.128033 0.125750 0.267108
v 0.177630 -0.159967 -0.037680
v 0.119381 0.049328 -0.056317
v -0.004265 -0.146798 -0.058261
v 0.267425 -0.102053 -0.038104
v 0.191093 -0.127809 0.089015
v -0.006205 -0.034202 0.148672
v -0.188184 0.025275 0.324824
v 0.189884 -0.121028 -0.089231
v 0.028928 -0.102332 0.125806
v -0.005561 -0.062765 0.146383
v 0.006634 -0.092005 0.133718
v -0.191412 0.146167 -0.026739
v 0.159089 -0.040025 -0.124339
v 0.251422 -0.095350 -0.067260
v -0.179454 0.140233 -0.208290
v 0.203683 0.057957 -0.028280
v -0.250056 -0.107498 -0.084650
v -0.230873 -0.117624 -0.098157
v 0.236407 -0.029210 0.117781
v -0.096147 -0.152537 0.105504
v -0.109877 0.046819 0.277943
v -0.102489 0.042936 0.287026
v -0.104764 0.173476 -0.008480
v -0.110416 0.095806 0.228230
v -0.041845 0.129720 0.097035
v -0.096221 -0.123776 0.312870
v 0.275796 -0.036265 0.074210
v 0.263531 -0.027528 0.094327
v -0.005982 -0.063651 0.146132
v -0.006229 -0.062761 0.146520
v -0.005767 -0.085238 0.137992
v 0.219822 -0.055235 -0.109301
v -0.117398 0.128074 0.225729
v -0.117286 0.128051 0.225507
v 0.058927 -0.141062 -0.087761
v -0.225317 0.118106 0.058248
v 0.206064 0.008342 -0.117073
v 0.268242 -0.064928 -0.064929
v 0.144856 -0.159326 0.063825
v 0.129441 -0.002908 -0.120307
v 0.202606 -0.111472 0.098837
v 0.176711 -0.109266 0.108066
v 0.202298 -0.113250 0.097695
v 0.176120 -0.110085 0.107696
v 0.202452 -0.114369 0.096846
v 0.176175 -0.110631 0.107317
v -0.023667 0.039212 0.107666
v -0.014788 0.035308 0.105445
v 0.138977 0.040390 -0.090813
v -0.027032 -0.159870 0.037272
v -0.027395 -0.159979 0.036600
v -0.026245 -0.159826 0.036988
v 0.261531 -0.059759 -0.075172
v 0.282394 -0.074084 -0.032986
v 0.271753 -0.024485 0.082398
v -0.238521 -0.104003 0.101449
v -0.185038 -0.173220 -0.060516
v -0.094775 -0.168008 0.072201
v -0.252252 0.104946 -0.034920
v -0.235626 -0.158758 0.053560
v -0.217281 -0.169808 0.051888
v -0.118382 -0.011479 -0.150179
v -0.101184 0.167923 -0.204392
v -0.257699 0.098758 -0.040524
v -0.028167 0.074690 -0.073999
v -0.025975 0.064427 -0.081481
v -0.035754 0.081082 -0.081254
v -0.194173 0.145041 -0.010344
v -0.108605 -0.148561 -0.099153
v -0.102450 -0.138550 -0.111200
v -0.173958 -0.089838 0.265600
v 0.288220 -0.023778 0.041539
v -0.120187 -0.178680 0.047667
v 0.014465 -0.022969 0.143383
v -0.074155 0.063523 -0.115840
v -0.042992 0.051612 -0.110770
v -0.009887 0.130479 -0.022443
v 0.200787 -0.117804 0.094824
v 0.177934 -0.112833 0.105226
v -0.122254 0.122945 0.271064
v -0.124625 0.015699 -0.341590
v -0.169979 -0.011157 -0.348368
v -0.171039 -0.014319 -0.348459
v 0.203749 0.057930 -0.028349
v -0.116009 0.002744 0.344041
v -0.074220 0.063539 -0.115856
v -0.028208 0.053163 0.104707
v 0.266470 -0.100663 -0.041366
v 0.171052 -0.039230 -0.123871
v -0.197105 -0.147435 0.101565
v -0.246828 -0.027236 -0.106835
v -0.253784 -0.057398 -0.095919
v -0.266720 -0.031699 -0.080798
v -0.172300 0.025519 0.154333
v -0.180286 0.027094 0.151958
v 0.210438 -0.083536 -0.104688
v -0.117130 0.127895 0.225631
v 0.165023 -0.136886 0.089101
v 0.174953 -0.111027 0.107275
v 0.245890 -0.098908 -0.070455
v 0.225969 -0.109981 -0.078661
v -0.273806 0.068209 0.052743
v 0.251075 -0.054030 -0.088053
v 0.242898 -0.079635 -0.086111
v -0.113609 0.031701 0.336695
v -0.187107 -0.006608 -0.325973
v -0.176456 0.172074 -0.168083
v -0.105504 -0.002343 -0.148419
v -0.194617 -0.122660 0.303638
v -0.122812 -0.043491 0.269835
v -0.014754 -0.044669 -0.143192
v 0.137083 -0.124661 -0.102008
v 0.286564 -0.038450 -0.037373
v 0.285256 -0.066159 -0.028924
v 0.120643 -0.070549 -0.122725
v 0.226847 -0.053071 0.117782
v 0.251115 -0.027759 0.107496
v -0.029730 -0.151532 -0.045724
v -0.182285 0.066743 -0.317726
v -0.080164 -0.091253 -0.141783
v -0.070629 -0.098722 -0.136666
v -0.068255 -0.092990 -0.139157
v -0.177714 0.116927 0.177140
v -0.100450 0.148317 -0.225826
v 0.179000 0.026038 0.103518
v -0.282433 0.012920 -0.036867
v -0.047577 0.161844 -0.004124
v -0.042698 0.149591 -0.043663
v -0.050852 0.143164 -0.061912
v 0.164978 -0.037029 -0.124183
v -0.118538 0.072868 0.324141
v 0.206587 -0.001423 -0.118880
v -0.175703 -0.153621 0.105877
v -0.259047 -0.156705 0.016724
v 0.167443 -0.164110 0.039005
v 0.177642 -0.166096 0.018455
v 0.185114 -0.159282 0.040601
v 0.127468 -0.147421 0.087064
v 0.124411 -0.144466 0.090805
v -0.084048 -0.171563 0.036707
v -0.074688 -0.166586 0.057650
v -0.093555 -0.168258 0.070538
v -0.057957 -0.075363 -0.143489
v -0.038889 -0.068114 -0.142922
v -0.037413 -0.076872 -0.140190
v -0.059034 -0.101189 -0.132910
v 0.194976 -0.127905 -0.080542
v 0.209018 -0.121929 -0.079068
v -0.176637 0.049005 -0.253462
v -0.062089 0.106277 0.123158
v -0.102176 0.154750 -0.205361
v -0.072911 -0.123603 -0.118282
v -0.077952 -0.132411 -0.110407
v 0.178129 -0.075430 0.124073
v -0.175720 0.153774 -0.030585
v -0.180279 0.148862 -0.044866
v -0.101517 -0.173947 0.051287
v -0.253638 -0.079370 0.096409
v -0.257397 -0.074972 0.093319
v -0.258695 -0.076537 0.090860
v -0.112428 -0.052154 0.276756
v -0.089591 -0.150983 -0.086442
v -0.180655 -0.150157 -0.099787
v 0.059955 -0.150540 -0.072355
v -0.203298 -0.166604 0.072395
v -0.182393 -0.165613 0.086645
v -0.207932 -0.153206 0.088135
v 0.172874 -0.147287 0.072677
v -0.273994 -0.049363 0.073291
v -0.284263 -0.032593 0.046030
v -0.086280 -0.164503 -0.046435
v -0.047245 -0.060539 0.153737
v -0.052400 -0.060201 0.154165
v -0.256252 -0.080225 0.092583
v -0.246615 -0.113334 0.086507
v -0.243957 -0.124845 0.081953
v 0.031812 0.070473 -0.029100
v -0.115468 0.066877 0.266984
v -0.290747 0.013784 0.024546
v -0.236535 -0.097049 -0.103499
v -0.260516 -0.069442 0.091076
v 0.161193 -0.144360 -0.075670
v 0.162492 -0.144217 -0.075265
v 0.214386 -0.154162 0.018367
v 0.125158 -0.122215 0.107643
v -0.180158 0.170267 -0.172403
v -0.113584 0.026998 0.277337
v -0.116994 0.040372 0.273781
v 0.139633 -0.169661 0.036799
v 0.210156 -0.065522 -0.111017
v -0.117205 0.127976 0.225745
v 0.056683 -0.159498 0.067796
v 0.039782 -0.156838 0.068770
v 0.251209 -0.117447 0.048965
v -0.185201 -0.081219 0.143577
v -0.178408 -0.091811 0.142100
v -0.202027 -0.045420 0.145207
v -0.226598 0.114498 0.068058
v -0.036692 -0.050135 -0.146409
v -0.201140 -0.173776 0.056264
v -0.209545 -0.178220 0.036710
v -0.196030 -0.182611 0.032867
v -0.073710 0.144103 -0.067155
v -0.062286 0.105972 0.123359
v -0.111168 -0.123491 -0.128171
v -0.111286 -0.108562 -0.138398
v -0.011526 0.131689 -0.026261
v -0.175283 0.174508 -0.175542
v -0.074199 0.063581 -0.115826
v -0.018408 0.067521 -0.069249
v -0.022553 0.072896 -0.068362
v -0.184187 -0.015604 0.338409
v -0.005799 0.064978 -0.063292
v -0.097504 -0.014159 -0.150426
v 0.209121 0.037930 0.076100
v -0.183362 -0.040943 -0.143989
v -0.085413 0.122337 0.115149
v 0.251920 0.033198 0.043586
v -0.178959 0.172199 -0.205992
v -0.262606 -0.075479 0.085489
v -0.040405 0.076151 -0.088580
v -0.030809 0.066385 -0.085053
v 0.046247 0.064263 -0.019679
v 0.055553 -0.118451 0.114614
v -0.013636 0.134741 -0.021324
v 0.174935 -0.109505 0.108255
v 0.159405 -0.088746 0.120739
v 0.137369 -0.110837 0.112541
v -0.173452 -0.014338 -0.346584
v -0.263067 -0.133617 -0.047978
v 0.265749 -0.103855 -0.039258
v -0.042671 0.065518 -0.098420
v 0.279823 -0.050457 0.061513
v -0.127335 -0.110122 0.348845
v -0.115408 0.057339 0.329754
v -0.049164 -0.047353 -0.148349
v -0.249074 0.083736 0.098750
v -0.257164 0.079444 0.090413
v -0.186377 -0.040280 -0.142969
v -0.187033 -0.035245 -0.142693
v -0.174513 -0.007510 -0.144141
v -0.182616 -0.036575 -0.144043
v -0.024512 -0.149704 0.084883
v -0.192363 -0.047286 -0.320319
v 0.243192 0.035166 0.052634
v 0.176527 -0.107741 0.108958
v -0.051780 -0.156758 0.077290
v -0.065030 -0.155870 0.086183
v -0.067148 -0.159985 0.076413
v 0.056069 0.038118 -0.090944
v 0.060042 0.037590 -0.090584
v 0.164216 -0.042335 -0.123983
v -0.025006 0.132387 0.071674
v -0.247228 0.089940 0.087886
v 0.204564 -0.156154 0.026074
v 0.217313 -0.150793 0.027392
v -0.176827 -0.013185 -0.343450
v -0.249789 -0.091447 -0.092168
v -0.256938 -0.096703 -0.081046
v 0.237663 0.030164 0.071636
v -0.083963 -0.172429 0.021427
v -0.258664 -0.015916 -0.093209
v -0.062995 0.105862 0.123522
v 0.049658 -0.165209 0.006871
v 0.160140 -0.049016 -0.123723
v 0.195918 -0.121936 -0.085706
v 0.241908 -0.138315 0.019039
v -0.093804 0.065877 -0.120878
v -0.178053 0.144315 -0.060645
v 0.001635 -0.122350 0.117185
v 0.018951 -0.127656 0.110544
v 0.010390 -0.140498 0.096728
v -0.216269 0.104719 0.104121
v -0.263558 -0.084703 -0.075981
v -0.266482 -0.104354 -0.062595
v -0.248142 -0.138694 -0.063904
v -0.234392 -0.163245 -0.049479
v -0.183822 0.092783 0.291842
v 0.286263 -0.023896 0.049299
v -0.192057 0.133230 0.075277
v 0.238768 -0.034178 -0.103030
v 0.117753 0.036346 0.071158
v 0.205015 -0.111898 0.097619
v -0.235725 -0.086483 -0.107941
v 0.012278 -0.110451 0.124037
v 0.026419 -0.112212 0.120995
v -0.046720 -0.052481 -0.147507
v 0.244393 -0.004250 -0.100879
v 0.006463 -0.149705 -0.049811
v -0.186428 -0.012828 0.334601
v -0.056116 0.150136 -0.051259
v 0.180515 -0.165888 0.012803
v -0.182340 0.019709 -0.264836
v 0.209175 -0.028050 -0.117655
v 0.124558 -0.040022 -0.123419
v -0.123378 -0.000002 -0.147651
v 0.196038 -0.138117 -0.067874
v 0.214168 -0.125729 -0.071416
v 0.219200 -0.128352 -0.064148
v -0.120739 0.154517 -0.127886
v -0.120741 0.154880 -0.128501
v -0.128099 0.123460 0.273017
v -0.172495 0.155240 -0.005300
v -0.284923 -0.052049 -0.035646
v 0.123414 -0.092562 -0.118707
v -0.124362 0.140927 -0.288198
v -0.121905 0.140577 -0.287423
v -0.123523 -0.056777 0.267413
v -0.187851 -0.148640 -0.098680
v 0.160527 -0.144603 -0.075555
v 0.254697 0.017481 0.075574
v -0.184662 0.140069 -0.272573
v -0.068651 -0.165178 0.057562
v 0.182148 -0.152580 -0.052424
v 0.147382 -0.159864 0.061423
v 0.201877 -0.151892 0.044274
v -0.178411 0.116680 0.181182
v -0.281211 0.054482 0.042113
v -0.094748 -0.168239 0.071490
v 0.175978 -0.167026 0.013373
v -0.205359 -0.184085 0.016047
v 0.284824 -0.064715 0.038768
v -0.118866 -0.144247 -0.108690
v 0.193134 0.037224 -0.100272
v -0.050151 -0.062220 0.153543
v 0.165946 0.049009 0.052165
v -0.186656 0.144735 -0.263116
v -0.034800 0.060298 -0.096454
v -0.283468 -0.049202 -0.041048
v -0.283773 -0.053290 -0.039378
v -0.284543 -0.050918 -0.037332
v 0.150994 0.038842 -0.096421
v -0.075997 0.162540 -0.035737
v 0.016141 0.043847 -0.091157
v -0.060965 -0.154320 0.087876
v -0.062120 0.025954 0.140489
v 0.209800 0.028072 0.094721
v 0.172568 0.029006 0.099394
v -0.185164 0.057252 -0.316906
v 0.117700 -0.054195 -0.123459
v 0.135113 -0.062803 -0.123032
v 0.210573 -0.043183 -0.115261
v -0.170706 0.148811 0.051998
v -0.088117 -0.132731 -0.113619
v -0.086892 -0.128721 -0.117723
v -0.183058 -0.024687 0.279824
v -0.022228 0.083208 -0.066188
v -0.234616 -0.143520 0.075296
v -0.101926 0.027752 0.290679
v -0.174760 0.037416 0.272641
v -0.172782 0.126892 0.213480
v -0.183694 -0.092120 0.277177
v -0.026642 -0.159909 0.036021
v -0.117360 -0.177112 0.053752
v -0.095133 -0.168404 0.071217
v 0.188328 -0.151918 0.056212
v 0.026258 -0.025196 -0.134625
v -0.221135 -0.127433 -0.098897
v 0.013879 -0.146667 0.087158
v 0.174442 0.048390 -0.077652
v -0.069438 -0.166477 0.051099
v -0.255657 -0.076290 -0.089832
v -0.256215 -0.091358 -0.084107
v 0.219545 -0.008171 -0.114653
v -0.273681 -0.056116 0.071920
v -0.043696 -0.158804 0.064952
v -0.032656 -0.076816 -0.139542
v -0.286511 0.039656 0.037327
v -0.186041 0.146106 -0.262394
v -0.116223 0.072534 0.323080
v -0.229893 -0.166517 -0.048142
v -0.063893 0.107156 0.122968
v -0.212072 -0.166178 0.065177
v 0.189343 -0.126312 -0.084586
v -0.181228 -0.078798 0.273108
v 0.022347 0.076417 -0.030936
v -0.215247 -0.161877 0.070055
v -0.189534 0.076804 0.143598
v 0.157660 0.048172 0.052953
v -0.050632 -0.056690 0.154410
v -0.187726 0.142949 -0.263165
v 0.159098 -0.144570 -0.076044
v 0.284251 -0.051092 0.048700
v 0.130465 -0.088796 0.121280
v 0.166615 0.051190 -0.069983
v -0.048460 -0.054950 0.154179
v 0.192102 0.039765 -0.095764
v 0.201345 0.038635 -0.096091
v -0.060701 -0.042012 -0.149871
v 0.160665 -0.143978 -0.076362
v 0.158790 -0.143475 -0.077354
v -0.232986 -0.162219 -0.052204
v -0.125481 0.142696 -0.286866
v -0.033100 0.088914 -0.078062
v -0.194236 -0.183889 0.027654
v -0.131172 -0.126062 -0.129714
v -0.186652 -0.055545 0.282293
v -0.018902 -0.054084 -0.142801
v 0.134177 -0.149014 0.083562
v 0.221775 -0.150949 0.015284
v 0.240313 -0.134597 -0.032222
v 0.287991 -0.038697 0.040337
v 0.286777 -0.029619 0.048201
v -0.182728 0.008894 -0.266556
v 0.123503 -0.171207 0.038308
v -0.120408 0.173083 -0.171209
v -0.060327 -0.092228 -0.137916
v -0.258954 -0.086500 -0.082077
v -0.242808 0.084357 0.105962
v 0.024530 -0.155413 -0.032716
v -0.187485 -0.129382 -0.116475
v -0.183818 0.155897 -0.147414
f 1 2 3
f 4 5 6
f 8 9 10
f 11 12 13
f 16 17 18
f 19 20 21
f 22 23 24
f 26 27 28
f 29 30 31
f 32 33 34
f 36 37 38
f 17 39 40
f 41 42 43
f 45 46 47
f 48 49 50
f 51 52 53
f 58 59 60
f 61 62 63
f 65 66 67
f 69 1 70
f 71 72 73
f 74 75 76
f 78 79 80
f 84 85 86
f 87 88 57
f 92 93 94
f 95 89 90
f 97 98 99
f 50 101 48
f 102 77 103
f 105 106 107
f 108 109 110
f 111 112 113
f 115 76 61
f 76 75 61
f 116 117 118
f 123 124 125
f 126 127 128
f 129 130 131
f 116 118 133
f 134 135 136
f 137 27 138
f 142 143 144
f 145 10 146
f 42 10 145
f 147 148 149
f 151 152 153
f 154 155 156
f 155 157 156
f 158 159 160
f 44 161 162
f 163 164 165
f 166 167 168
f 167 169 168
f 172 173 174
f 175 152 96
f 176 177 178
f 179 180 181
f 180 182 181
f 183 184 185
f 122 190 189
f 191 192 193
f 194 195 196
f 197 198 93
f 201 202 203
f 108 205 109
f 205 206 109
f 207 208 209
f 114 211 210
f 213 83 188
f 214 215 216
f 217 48 218
f 118 219 133
f 220 90 221
f 26 28 222
f 223 219 118
f 224 225 226
f 118 99 223
f 227 228 229
f 232 233 50
f 234 173 235
f 133 237 238
f 101 50 241
f 242 141 86
f 243 244 48
f 196 245 246
f 247 248 249
f 226 250 53
f 26 222 127
f 233 241 50
f 92 94 256
f 223 25 133
f 258 259 260
f 234 261 173
f 262 263 264
f 265 266 267
f 269 271 270
f 101 272 273
f 274 239 156
f 277 131 130
f 50 49 278
f 188 280 281
f 140 117 116
f 285 286 287
f 127 244 243
f 288 179 181
f 92 197 93
f 182 267 181
f 32 34 179
f 142 144 292
f 144 293 292
f 149 294 147
f 295 296 297
f 115 61 298
f 61 299 298
f 301 302 303
f 304 305 306
f 190 307 189
f 308 10 9
f 309 52 51
f 308 146 10
f 310 311 312
f 313 314 315
f 317 318 319
f 44 75 139
f 320 321 322
f 323 324 86
f 325 137 326
f 327 328 329
f 328 330 329
f 104 52 211
f 332 246 245
f 333 334 335
f 339 340 341
f 340 342 341
f 152 343 96
f 346 287 347
f 348 349 350
f 2 69 251
f 330 328 351
f 352 353 354
f 355 356 162
f 357 3 358
f 359 360 361
f 99 362 223
f 120 116 133
f 363 302 301
f 364 365 68
f 151 153 367
f 370 371 159
f 373 374 375
f 378 379 380
f 94 93 284
f 185 367 153
f 381 382 114
f 15 316 383
f 211 52 309
f 224 386 387
f 8 388 9
f 90 220 183
f 180 34 251
f 180 391 392
f 393 381 5
f 69 70 396
f 109 397 398
f 397 399 398
f 400 401 402
f 240 156 403
f 404 207 405
f 301 28 363
f 42 41 10
f 407 67 408
f 53 162 51
f 265 313 266
f 410 76 411
f 412 413 414
f 133 219 223
f 415 416 417
f 416 17 417
f 220 221 418
f 378 419 420
f 421 422 397
f 422 423 397
f 102 395 394
f 34 180 179
f 425 426 424
f 427 428 429
f 282 388 283
f 130 245 195
f 431 432 433
f 432 434 433
f 303 352 435
f 29 92 316
f 436 437 259
f 163 176 438
f 153 152 77
f 419 353 440
f 21 329 19
f 324 101 241
f 231 211 309
f 178 438 176
f 442 443 444
f 445 446 56
f 447 448 449
f 450 148 147
f 69 396 251
f 451 214 452
f 32 288 453
f 256 42 145
f 91 454 455
f 456 457 458
f 459 460 461
f 462 345 344
f 302 363 303
f 463 150 84
f 464 465 466
f 324 323 101
f 468 255 254
f 360 469 470
f 337 330 351
f 471 472 473
f 472 474 473
f 364 446 445
f 475 476 443
f 170 344 477
f 255 478 254
f 182 313 267
f 479 246 332
f 80 79 64
f 180 70 391
f 172 480 481
f 405 207 209
f 53 250 162
f 482 483 484
f 43 269 283
f 169 485 486
f 251 396 180
f 180 396 70
f 251 358 2
f 487 488 306
f 488 489 306
f 358 251 490
f 341 382 339
f 129 245 130
f 492 493 494
f 266 496 267
f 74 257 75
f 497 88 87
f 205 487 306
f 232 498 233
f 499 500 501
f 502 503 494
f 504 505 506
f 507 508 509
f 510 511 284
f 512 394 513
f 514 515 516
f 517 518 519
f 520 44 139
f 195 245 196
f 157 403 156
f 213 188 281
f 467 521 522
f 439 523 524
f 525 526 527
f 142 459 143
f 68 80 64
f 68 78 80
f 139 75 257
f 528 208 207
f 439 524 356
f 256 94 42
f 8 10 41
f 531 532 533
f 532 534 533
f 535 536 414
f 537 523 439
f 538 135 523
f 531 100 494
f 539 540 541
f 53 542 226
f 206 205 543
f 205 544 543
f 29 197 92
f 520 384 385
f 356 524 309
f 496 132 181
f 546 244 200
f 547 156 239
f 432 548 549
f 548 550 549
f 470 513 225
f 551 552 553
f 311 554 555
f 556 558 557
f 18 17 416
f 560 561 12
f 562 563 408
f 455 454 223
f 318 565 566
f 567 568 57
f 569 538 96
f 570 571 572
f 573 574 575
f 576 294 149
f 298 299 577
f 578 293 144
f 579 423 422
f 532 166 534
f 581 582 583
f 584 585 586
f 232 50 587
f 284 93 510
f 213 588 83
f 32 179 288
f 170 279 260
f 260 259 437
f 589 590 591
f 57 88 39
f 554 392 391
f 104 211 114
f 497 87 593
f 43 42 284
f 269 43 284
f 594 595 596
f 175 77 152
f 597 598 599
f 598 600 599
f 601 84 150
f 212 16 602
f 163 603 374
f 82 605 606
f 265 267 313
f 177 163 373
f 163 374 373
f 408 67 562
f 562 67 390
f 510 198 31
f 609 610 611
f 612 408 613
f 428 233 498
f 614 615 616
f 618 619 620
f 151 438 343
f 260 279 258
f 18 621 602
f 95 561 89
f 213 622 588
f 213 281 21
f 623 20 19
f 624 625 626
f 314 392 234
f 627 495 628
f 226 225 394
f 8 41 43
f 630 449 448
f 631 316 15
f 632 633 634
f 635 636 637
f 428 241 233
f 638 455 98
f 29 198 197
f 315 235 530
f 531 494 532
f 640 86 141
f 641 642 430
f 178 245 129
f 510 31 511
f 158 643 644
f 186 451 645
f 646 647 648
f 642 649 650
f 651 652 653
f 138 27 26
f 654 655 594
f 630 448 656
f 448 657 656
f 658 247 659
f 372 308 345
f 406 373 375
f 662 467 663
f 212 17 16
f 468 55 255
f 664 665 666
f 665 667 666
f 42 94 284
f 137 669 668
f 637 636 670
f 481 672 529
f 622 213 20
f 617 674 673
f 675 676 82
f 268 677 678
f 121 300 444
f 679 110 398
f 680 681 342
f 92 682 383
f 415 684 416
f 685 686 632
f 687 688 689
f 690 49 48
f 168 49 690
f 18 416 684
f 18 684 35
f 691 692 693
f 694 387 695
f 258 608 259
f 696 697 698
f 697 264 698
f 630 656 699
f 146 308 372
f 44 162 226
f 162 250 226
f 700 73 701
f 203 202 702
f 703 316 631
f 705 706 704
f 707 708 709
f 710 711 712
f 711 713 712
f 510 93 198
f 717 718 719
f 497 593 578
f 593 293 578
f 28 27 113
f 111 113 720
f 113 27 720
f 721 349 348
f 270 722 259
f 15 383 14
f 67 66 390
f 679 189 307
f 726 727 728
f 168 217 729
f 238 237 366
f 730 399 579
f 731 732 733
f 346 734 287
f 294 201 286
f 201 287 286
f 421 397 543
f 394 225 513
f 226 394 44
f 735 736 171
f 687 733 688
f 383 316 92
f 585 737 425
f 438 178 738
f 178 129 738
f 739 516 740
f 589 709 742
f 547 729 218
f 218 729 217
f 166 743 56
f 56 743 403
f 321 744 322
f 163 165 603
f 745 375 603
f 375 374 603
f 746 747 748
f 747 749 748
f 114 210 381
f 530 235 173
f 687 689 750
f 157 56 403
f 751 289 290
f 668 601 150
f 43 283 388
f 656 752 606
f 752 753 606
f 743 166 729
f 166 168 729
f 754 755 756
f 757 239 240
f 757 403 743
f 757 240 403
f 350 758 759
f 581 583 366
f 760 761 762
f 217 168 690
f 217 690 48
f 757 729 547
f 757 547 239
f 607 763 3
f 764 765 766
f 56 157 155
f 180 314 182
f 314 313 182
f 40 497 417
f 497 767 417
f 628 768 117
f 769 770 771
f 772 773 774
f 775 776 777
f 394 63 44
f 395 63 394
f 778 650 779
f 633 780 634
f 780 772 634
f 377 373 376
f 781 652 782
f 783 464 462
f 371 370 784
f 370 785 784
f 786 501 203
f 708 742 709
f 140 116 787
f 364 68 64
f 749 788 748
f 95 90 183
f 789 790 791
f 555 554 391
f 74 76 410
f 655 263 594
f 628 117 140
f 21 20 213
f 794 796 795
f 17 212 39
f 74 385 384
f 8 43 388
f 386 224 226
f 797 334 798
f 333 799 300
f 800 633 801
f 608 258 802
f 164 803 165
f 24 804 369
f 805 410 411
f 117 768 97
f 118 117 99
f 99 117 97
f 806 631 15
f 646 377 376
f 19 330 337
f 14 383 682
f 172 221 807
f 62 75 44
f 82 676 605
f 706 808 704
f 297 809 291
f 810 811 812
f 811 813 812
f 229 307 777
f 270 259 608
f 459 461 814
f 61 75 62
f 423 579 399
f 11 13 400
f 815 816 817
f 639 192 191
f 597 484 818
f 29 31 198
f 819 820 821
f 315 530 822
f 234 315 314
f 266 313 823
f 313 315 823
f 315 234 235
f 824 825 826
f 25 223 454
f 376 373 406
f 580 575 574
f 63 62 44
f 830 539 831
f 794 833 832
f 834 601 668
f 834 668 128
f 834 128 273
f 273 601 834
f 601 273 272
f 345 462 372
f 56 534 166
f 835 836 837
f 767 578 838
f 578 839 838
f 840 789 841
f 17 40 417
f 618 648 619
f 648 647 619
f 520 139 257
f 200 244 127
f 101 243 48
f 842 141 37
f 843 473 474
f 844 845 846
f 656 606 699
f 151 164 438
f 164 163 438
f 176 163 177
f 563 188 613
f 438 738 343
f 254 847 468
f 683 565 107
f 735 171 170
f 301 222 28
f 849 850 851
f 850 852 851
f 329 330 19
f 511 31 853
f 306 305 205
f 305 854 205
f 855 710 856
f 183 469 857
f 254 478 858
f 392 314 180
f 7 859 860
f 861 380 587
f 862 587 863
f 667 864 666
f 372 462 146
f 840 790 789
f 571 865 866
f 289 867 290
f 409 804 24
f 497 40 88
f 88 40 39
f 868 869 702
f 273 243 101
f 127 243 128
f 128 243 273
f 74 384 257
f 496 401 132
f 870 445 677
f 12 400 560
f 115 298 413
f 872 873 874
f 875 876 877
f 876 878 877
f 880 854 881
f 854 305 881
f 97 882 556
f 474 883 884
f 132 453 181
f 266 402 496
f 402 401 496
f 885 886 887
f 365 268 68
f 29 888 30
f 888 889 30
f 632 634 890
f 502 493 452
f 891 892 893
f 592 895 894
f 650 649 779
f 896 897 898
f 512 183 185
f 4 210 230
f 210 211 231
f 230 210 231
f 6 210 4
f 899 900 901
f 712 692 691
f 902 903 322
f 905 872 874
f 906 907 782
f 430 908 45
f 459 142 460
f 142 909 460
f 910 911 912
f 909 292 899
f 292 900 899
f 130 913 277
f 914 915 275
f 916 917 72
f 917 918 72
f 232 587 498
f 333 335 799
f 919 528 207
f 920 797 730
f 921 568 567
f 533 534 56
f 32 453 33
f 922 463 841
f 445 870 364
f 270 923 722
f 924 854 880
f 517 432 925
f 685 58 686
f 58 926 686
f 406 927 311
f 928 929 930
f 929 931 930
f 930 932 933
f 31 30 853
f 375 745 927
f 426 252 424
f 934 23 701
f 407 65 67
f 667 665 821
f 495 935 319
f 103 936 102
f 102 936 395
f 741 936 103
f 937 629 871
f 693 714 691
f 38 739 939
f 739 740 939
f 940 941 942
f 934 506 23
f 407 408 263
f 191 72 700
f 816 943 340
f 943 342 340
f 944 579 945
f 436 946 947
f 406 375 927
f 948 949 950
f 949 460 950
f 489 872 304
f 872 905 304
f 879 478 951
f 205 854 544
f 368 499 501
f 953 599 600
f 285 287 734
f 668 954 326
f 954 758 326
f 489 304 306
f 664 666 955
f 956 209 442
f 170 462 344
f 170 171 462
f 467 662 521
f 280 188 563
f 793 792 454
f 835 958 836
f 830 322 540
f 903 959 322
f 960 150 922
f 961 541 540
f 121 122 300
f 835 962 958
f 963 828 827
f 964 572 965
f 966 967 968
f 792 25 454
f 206 543 397
f 459 814 143
f 814 969 143
f 970 971 541
f 972 298 973
f 172 660 661
f 974 575 580
f 975 976 255
f 255 976 478
f 704 721 348
f 398 110 109
f 37 54 38
f 505 739 54
f 71 700 72
f 751 290 132
f 924 544 854
f 420 419 977
f 419 194 977
f 978 979 980
f 122 798 334
f 500 203 501
f 981 982 890
f 982 632 890
f 146 464 145
f 983 984 276
f 545 923 271
f 923 545 947
f 246 373 377
f 479 332 178
f 178 177 479
f 177 373 479
f 479 373 246
f 466 974 580
f 253 106 252
f 170 985 279
f 754 986 450
f 986 987 450
f 988 989 488
f 661 418 221
f 661 221 172
f 96 738 277
f 96 343 738
f 129 131 738
f 738 131 277
f 991 992 993
f 594 994 654
f 277 569 96
f 995 298 972
f 973 298 577
f 64 996 364
f 271 923 997
f 111 720 998
f 846 999 844
f 999 1000 844
f 506 898 897
f 816 340 817
f 638 98 97
f 444 476 1001
f 199 336 1002
f 132 401 400
f 146 462 464
f 74 410 385
f 1003 444 300
f 1003 300 799
f 640 84 86
f 323 86 272
f 101 323 272
f 1004 1005 750
f 341 114 382
f 216 895 214
f 79 78 1006
f 78 1007 1006
f 819 1008 820
f 1008 1009 820
f 150 954 668
f 736 783 462
f 1010 547 218
f 354 380 861
f 236 1011 957
f 421 543 1012
f 505 896 898
f 274 156 240
f 320 275 915
f 1013 1014 1015
f 1012 1016 1017
f 1018 1019 1020
f 1021 1003 799
f 96 537 1022
f 627 1024 1025
f 608 1026 270
f 1026 608 283
f 270 1026 269
f 1026 283 269
f 206 397 109
f 69 2 1
f 1027 836 780
f 1027 780 633
f 1010 156 547
f 423 399 397
f 342 1029 341
f 815 1030 1031
f 1012 543 924
f 543 544 924
f 1033 1034 1035
f 1036 437 436
f 422 639 579
f 464 256 145
f 612 1037 1038
f 582 689 688
f 750 689 204
f 581 689 582
f 1040 1011 204
f 1041 1042 441
f 751 1039 289
f 1043 78 68
f 1044 1045 1046
f 443 476 444
f 795 1039 794
f 701 1047 700
f 1048 350 759
f 390 389 848
f 1049 1050 577
f 502 1051 503
f 1052 739 505
f 1053 860 859
f 683 1054 566
f 811 1055 1056
f 1055 1057 1056
f 1058 553 1059
f 1060 591 1061
f 591 1062 1061
f 540 322 744
f 322 959 320
f 65 407 262
f 682 580 14
f 626 536 829
f 409 1063 1
f 1064 1065 1066
f 846 1067 999
f 799 335 1069
f 755 285 734
f 222 1070 127
f 1071 664 1072
f 664 955 1072
f 1049 1073 1050
f 1074 1075 1076
f 1077 1078 927
f 143 1079 144
f 1079 839 144
f 970 1080 971
f 1080 1081 971
f 710 712 856
f 338 133 238
f 238 366 1023
f 793 237 133
f 338 120 133
f 850 1033 852
f 957 91 455
f 236 957 455
f 1059 553 552
f 1082 1083 1084
f 679 307 229
f 1085 1086 1087
f 424 1088 829
f 1017 192 422
f 183 857 95
f 1089 1090 827
f 1091 97 556
f 849 1092 850
f 1092 1093 850
f 47 46 1094
f 966 1095 1096
f 1015 636 1097
f 636 635 1097
f 266 823 402
f 1098 760 1099
f 692 712 713
f 1100 1101 1102
f 482 484 597
f 673 1032 617
f 1103 1044 256
f 488 487 988
f 912 1104 227
f 414 298 995
f 414 413 298
f 593 87 1105
f 87 1106 1105
f 292 1105 900
f 1107 1108 1109
f 1108 1110 1109
f 28 113 112
f 1111 1112 1113
f 558 556 683
f 666 994 955
f 994 1115 955
f 1116 892 827
f 943 680 342
f 1117 593 1105
f 1119 1062 1120
f 132 472 751
f 660 803 661
f 1010 218 48
f 546 48 244
f 1002 1010 48
f 154 156 1002
f 156 1010 1002
f 48 546 1002
f 1121 1122 1123
f 181 267 496
f 981 659 982
f 659 1124 982
f 1125 951 478
f 194 724 195
f 807 480 172
f 246 457 456
f 364 870 365
f 853 446 364
f 44 520 847
f 446 853 56
f 421 1012 422
f 1012 1017 422
f 896 1126 1127
f 471 473 833
f 409 1128 1063
f 629 325 871
f 130 723 663
f 1129 122 334
f 1130 549 1131
f 516 515 740
f 488 891 872
f 891 1132 872
f 1133 1134 12
f 1136 1137 1135
f 301 1070 222
f 1138 827 1090
f 1139 1140 671
f 337 1141 19
f 618 420 977
f 1126 896 505
f 290 453 132
f 65 697 696
f 441 1042 1028
f 827 892 1089
f 865 1142 866
f 1143 804 1144
f 896 1127 1145
f 1127 1146 1145
f 378 380 354
f 1012 875 1016
f 468 847 856
f 1002 546 1147
f 903 902 1148
f 796 794 1149
f 658 659 981
f 1044 1103 1045
f 256 464 1103
f 1044 92 256
f 1150 693 692
f 1151 268 1152
f 68 1153 1043
f 514 516 739
f 739 1052 514
f 289 1154 81
f 645 451 1155
f 1129 300 122
f 214 1156 502
f 1157 1000 942
f 1000 999 942
f 1158 1159 1041
f 159 1101 611
f 1101 1160 611
f 425 737 426
f 473 1161 833
f 520 257 384
f 886 885 1162
f 885 476 1162
f 1162 476 475
f 475 1163 1162
f 1163 886 1162
f 1164 429 37
f 824 826 1165
f 826 1074 1165
f 1166 982 1167
f 686 1168 632
f 71 73 700
f 1087 1169 296
f 500 499 1170
f 184 367 185
f 1171 987 986
f 193 1016 916
f 422 192 639
f 1172 1173 1018
f 102 394 153
f 1174 1175 1176
f 1039 751 471
f 982 1124 1167
f 1124 1177 1167
f 504 1052 505
f 447 1178 1179
f 1180 514 1052
f 158 644 159
f 644 370 159
f 1181 260 437
f 484 483 818
f 655 264 263
f 470 469 513
f 491 1182 1183
f 1184 1174 1176
f 1185 1186 1187
f 1175 134 1176
f 817 1188 1189
f 1191 1192 1193
f 508 1051 509
f 597 719 1194
f 1124 1195 1177
f 33 453 290
f 411 855 805
f 704 348 705
f 554 311 392
f 862 1196 498
f 1164 141 242
f 1016 875 877
f 800 837 1027
f 837 836 1027
f 633 800 1027
f 860 1053 1197
f 730 797 798
f 360 18 35
f 1184 351 1174
f 351 1198 1174
f 604 1199 301
f 1200 331 247
f 1201 1202 493
f 1203 1060 1061
f 566 1054 319
f 1204 498 1205
f 993 1206 991
f 1012 924 875
f 924 880 875
f 880 1207 875
f 1208 799 1058
f 505 898 506
f 1126 505 54
f 440 353 352
f 1209 500 1170
f 712 691 714
f 506 1210 504
f 1164 37 141
f 1211 1212 1213
f 149 148 860
f 828 1214 827
f 334 333 1129
f 127 1070 200
f 26 126 138
f 26 127 126
f 138 126 127
f 1215 1216 1217
f 1218 1219 564
f 967 1116 968
f 972 1220 1221
f 389 1118 848
f 1118 389 5
f 973 1222 972
f 288 181 453
f 970 541 961
f 1223 1224 978
f 605 699 606
f 557 1225 750
f 849 1227 1228
f 300 1129 333
f 1229 404 832
f 263 1231 1230
f 1182 1232 1233
f 57 1028 1106
f 1117 293 593
f 1117 292 293
f 1158 1041 441
f 906 1094 907
f 1094 595 907
f 45 908 1072
f 1071 1072 908
f 1235 166 532
f 596 1094 46
f 518 938 675
f 1236 100 531
f 751 472 471
f 97 1091 638
f 1237 727 1238
f 1238 1239 1237
f 1240 763 1241
f 440 352 303
f 938 1242 1243
f 1096 1095 1244
f 886 911 910
f 868 702 576
f 1197 1053 1245
f 827 1214 1116
f 1225 558 1246
f 558 1247 1246
f 316 703 888
f 715 1043 1153
f 104 1029 681
f 868 1248 869
f 185 394 512
f 130 1249 913
f 714 693 1250
f 55 1251 771
f 725 771 1251
f 725 769 771
f 1250 55 714
f 1250 1251 55
f 399 1252 398
f 1252 679 398
f 1253 1254 336
f 435 352 861
f 1255 382 381
f 945 1102 1256
f 1257 1258 825
f 382 1255 1259
f 1249 1260 1261
f 1260 1262 1261
f 983 1234 990
f 359 469 360
f 777 190 122
f 670 707 1264
f 707 709 1264
f 278 1265 50
f 887 886 910
f 1149 1266 796
f 967 873 1116
f 873 1132 1116
f 762 1267 1268
f 1267 1269 1268
f 636 1015 707
f 1015 708 707
f 1039 1270 1154
f 1271 1272 1273
f 1274 335 334
f 720 1275 998
f 1233 1232 253
f 1067 1203 999
f 1276 1108 1107
f 1216 1215 1277
f 551 553 1278
f 1278 553 1058
f 503 1051 508
f 539 830 540
f 15 1043 715
f 1279 1007 1280
f 1007 78 1280
f 82 753 81
f 270 271 997
f 519 1281 1165
f 1077 927 745
f 887 910 912
f 1029 342 681
f 335 1274 1069
f 1274 1282 1069
f 1046 682 1283
f 923 270 997
f 104 681 680
f 972 1221 995
f 1220 725 1221
f 951 1284 1050
f 1220 769 725
f 1284 1222 577
f 341 1029 114
f 114 1029 104
f 378 354 419
f 354 353 419
f 502 1156 1051
f 560 1285 561
f 1286 951 769
f 976 975 1125
f 1287 799 1069
f 1288 804 409
f 343 152 151
f 227 1104 1289
f 989 988 1289
f 1289 228 227
f 1290 809 297
f 1291 931 941
f 931 929 941
f 13 1123 1292
f 586 1293 584
f 1013 1015 1097
f 370 1294 785
f 1186 1185 938
f 860 148 7
f 1028 1042 1106
f 913 569 277
f 1295 1296 1297
f 719 597 818
f 998 662 1298
f 185 153 394
f 586 1110 731
f 169 486 592
f 786 702 869
f 1299 1047 1113
f 110 228 988
f 228 1289 988
f 228 110 229
f 110 679 229
f 427 429 242
f 429 1164 242
f 517 925 518
f 925 1242 518
f 765 1300 766
f 154 1301 155
f 1301 678 155
f 1153 716 715
f 7 1302 1241
f 653 1303 1304
f 1305 1242 925
f 900 1105 901
f 1105 1306 901
f 420 618 620
f 521 662 998
f 115 413 1307
f 413 1308 1307
f 1014 431 708
f 431 433 708
f 708 1015 1014
f 247 331 248
f 456 1309 196
f 667 821 482
f 821 483 482
f 577 299 1310
f 110 988 108
f 165 803 1311
f 912 227 887
f 988 487 108
f 487 205 108
f 1097 1313 1013
f 1313 1314 1013
f 870 677 365
f 707 670 636
f 1315 1316 814
f 1316 969 814
f 1317 814 1297
f 938 1185 675
f 762 1318 1267
f 1319 1050 1320
f 399 1321 1252
f 1321 189 1252
f 815 817 1189
f 337 1322 467
f 1323 671 1140
f 1246 491 1004
f 812 764 1324
f 1296 843 884
f 843 474 884
f 1123 1122 884
f 884 883 1123
f 883 1292 1123
f 1272 1271 1325
f 1326 701 369
f 469 183 513
f 22 701 23
f 1327 1328 1329
f 1328 1330 1329
f 1331 1329 1332
f 1329 1330 1332
f 847 254 161
f 1252 189 679
f 141 1068 640
f 645 1152 186
f 1333 1285 1334
f 123 871 588
f 414 995 535
f 829 535 725
f 369 804 1335
f 512 513 183
f 1336 1337 1338
f 810 766 1339
f 435 861 301
f 864 482 599
f 482 597 599
f 811 347 813
f 431 925 432
f 893 892 1116
f 1142 886 866
f 886 1163 866
f 557 558 1225
f 1340 1226 1114
f 708 433 742
f 64 1006 119
f 767 497 578
f 750 1225 1004
f 1314 1341 1190
f 22 369 701
f 701 73 934
f 916 72 193
f 191 193 72
f 1342 820 1188
f 820 1189 1188
f 1343 1034 1033
f 1296 1122 1297
f 1122 1317 1297
f 37 36 842
f 1159 1344 1041
f 1344 1306 1041
f 1345 1141 522
f 455 362 1312
f 1114 291 809
f 1253 336 199
f 1071 908 1346
f 908 1347 1346
f 712 714 55
f 856 712 55
f 1068 1348 801
f 309 524 1175
f 585 425 692
f 1285 89 561
f 840 686 926
f 790 840 926
f 791 790 926
f 60 791 58
f 791 926 58
f 865 1338 1142
f 1338 911 1142
f 735 170 1181
f 357 1178 607
f 1171 1240 987
f 4 1118 5
f 1349 895 592
f 872 489 488
f 763 1240 1144
f 1350 623 1345
f 623 1141 1345
f 596 595 1094
f 1351 1352 1353
f 662 1354 1298
f 1355 1136 1356
f 627 1357 1024
f 993 1187 1243
f 336 1254 215
f 336 215 187
f 869 1358 501
f 1032 1359 617
f 628 1357 627
f 944 730 579
f 605 676 1185
f 1185 676 675
f 1360 883 132
f 54 1361 1362
f 325 758 350
f 729 757 743
f 1363 311 555
f 1363 744 321
f 1363 555 744
f 592 486 1349
f 1364 1365 1291
f 1286 1284 951
f 1286 1366 1284
f 1367 464 466
f 1111 559 1112
f 556 557 1091
f 465 1369 1368
f 294 286 147
f 286 1370 147
f 286 285 1370
f 285 755 1370
f 754 450 755
f 450 1370 755
f 147 1370 450
f 7 148 1302
f 491 1246 1371
f 428 1372 429
f 175 96 77
f 807 90 89
f 807 221 90
f 1373 807 89
f 1116 1132 893
f 347 287 201
f 765 764 1374
f 609 1375 610
f 1375 1277 610
f 1008 1376 921
f 381 6 5
f 1377 1378 1379
f 37 429 54
f 360 470 18
f 857 469 359
f 695 1380 1381
f 1275 124 1345
f 124 123 1345
f 589 742 590
f 158 1382 643
f 1382 761 643
f 395 1320 1383
f 994 594 596
f 433 590 742
f 1384 1332 527
f 1332 1385 527
f 1300 1169 1386
f 829 1088 626
f 867 33 290
f 53 52 1381
f 1350 1345 123
f 1243 1242 1305
f 566 565 683
f 1386 1387 1098
f 1118 1388 848
f 667 482 864
f 1389 766 1390
f 107 1391 1371
f 1050 879 951
f 1392 545 974
f 7 1241 607
f 804 1288 1144
f 1288 763 1144
f 1393 1199 952
f 842 1394 141
f 1152 678 186
f 1023 366 1395
f 564 1112 559
f 55 468 856
f 365 677 268
f 268 678 1152
f 1054 1396 495
f 1397 878 876
f 847 161 44
f 520 805 847
f 805 856 847
f 805 520 385
f 1389 1390 1269
f 1390 1268 1269
f 371 784 1398
f 295 1085 296
f 1085 1087 296
f 354 861 352
f 1399 1400 1340
f 1091 750 204
f 850 1093 1343
f 1401 639 191
f 1014 1013 1402
f 1013 1403 1402
f 319 318 566
f 892 1404 1089
f 959 276 275
f 573 1006 1405
f 836 1406 772
f 1407 774 1408
f 774 773 1408
f 1408 773 1406
f 773 772 1406
f 355 1409 77
f 503 1410 494
f 415 417 838
f 605 1185 1411
f 1185 1187 1411
f 730 944 920
f 920 944 1398
f 406 1413 646
f 275 1415 1414
f 187 1301 336
f 336 1301 154
f 187 678 1301
f 186 678 187
f 278 169 592
f 1416 1299 1112
f 1299 1113 1112
f 1098 1390 1386
f 1417 626 1088
f 1083 974 466
f 930 933 928
f 886 1142 911
f 1140 1418 1323
f 471 833 1039
f 138 669 137
f 355 439 356
f 823 1334 402
f 990 1234 1205
f 1028 1419 441
f 820 1009 1189
f 815 1189 1030
f 1189 1009 1030
f 706 1037 808
f 200 1147 546
f 1420 596 46
f 500 813 203
f 1421 1422 1423
f 893 1132 891
f 1404 892 989
f 892 891 989
f 1386 1390 1300
f 1390 766 1300
f 1424 1425 209
f 1426 1427 1428
f 1418 1215 1112
f 1215 1217 1112
f 836 958 1406
f 958 1408 1406
f 958 962 1408
f 962 1429 1408
f 962 1430 1429
f 1429 1430 1408
f 1430 1431 1408
f 305 1432 881
f 305 304 1432
f 1433 644 1434
f 996 1435 853
f 132 883 472
f 1436 418 661
f 486 485 1437
f 304 905 1438
f 905 1439 1438
f 1440 550 548
f 1391 253 491
f 1441 1442 1298
f 873 872 1132
f 989 891 488
f 1404 989 1104
f 989 1289 1104
f 480 1373 481
f 83 704 1412
f 626 1417 624
f 387 694 621
f 776 1001 887
f 746 1426 747
f 1426 1443 747
f 907 595 594
f 956 442 1272
f 1444 1445 1446
f 393 5 389
f 526 1425 1424
f 655 698 264
f 1447 1054 882
f 873 967 1448
f 100 703 631
f 1191 1193 1253
f 1449 249 248
f 1321 1450 189
f 189 1450 122
f 122 1450 798
f 798 1450 1321
f 798 1321 730
f 1321 399 730
f 18 387 621
f 408 563 613
f 1451 1452 1453
f 1452 1376 1453
f 928 933 929
f 933 1454 929
f 917 916 877
f 916 1016 877
f 1455 393 65
f 393 1456 65
f 760 762 1268
f 722 923 946
f 1457 1214 828
f 1458 1133 1459
f 1311 803 660
f 719 1460 1194
f 1460 1446 1194
f 1461 719 1462
f 719 818 1462
f 821 1462 483
f 1462 818 483
f 820 1462 821
f 1461 1462 820
f 580 1279 14
f 794 404 1149
f 1063 961 1463
f 411 76 1464
f 1035 1034 779
f 390 1465 562
f 1067 670 1264
f 1466 1304 1303
f 474 472 883
f 1248 1190 869
f 966 1457 828
f 347 201 203
f 638 1091 204
f 393 1467 1255
f 1467 1259 1255
f 1282 1468 1469
f 6 381 210
f 190 777 307
f 578 144 839
f 767 838 417
f 1125 478 976
f 1059 1470 1058
f 15 78 1043
f 1266 1471 525
f 1253 1472 1191
f 1466 1167 1304
f 123 937 871
f 560 400 1285
f 1412 613 188
f 1473 1474 1308
f 1139 734 346
f 1003 1021 1475
f 1100 1160 1101
f 522 337 467
f 1345 522 1275
f 1141 623 19
f 833 1161 832
f 159 611 160
f 1382 1476 761
f 1476 762 761
f 85 84 601
f 1477 1050 1073
f 1478 208 1479
f 208 528 1479
f 1039 1154 289
f 1203 1264 1060
f 1264 709 1060
f 846 1480 1067
f 1371 683 107
f 1241 763 607
f 815 1031 816
f 1031 1481 816
f 816 1481 943
f 1481 39 212
f 1481 1482 39
f 1031 1482 1481
f 39 1482 1031
f 212 943 1481
f 999 1203 942
f 602 1483 212
f 1315 1122 1316
f 663 1354 662
f 351 1484 1322
f 291 295 297
f 209 208 1478
f 1485 515 1397
f 515 514 1397
f 126 138 127
f 692 1110 586
f 596 1115 994
f 1420 1115 596
f 1114 1290 1340
f 787 120 338
f 1156 509 1051
f 214 509 1156
f 831 1148 830
f 276 1234 983
f 1023 1395 582
f 819 1376 1008
f 594 1018 1020
f 931 1291 930
f 750 1005 687
f 309 51 162
f 673 1486 1487
f 1486 1347 1487
f 908 1487 1347
f 908 1488 1487
f 1488 673 1487
f 380 379 1489
f 835 837 1213
f 837 1211 1213
f 1326 1047 701
f 853 1435 511
f 3 763 1
f 418 1490 220
f 774 1491 1492
f 321 1493 1363
f 338 140 787
f 1494 1191 904
f 1372 428 1495
f 498 1204 1495
f 102 153 77
f 1496 1146 1497
f 504 1210 1052
f 1210 1180 1052
f 282 802 388
f 1498 1005 1004
f 1128 970 1063
f 970 961 1063
f 1376 1452 1419
f 1499 539 541
f 1196 984 983
f 263 1172 594
f 1173 1172 263
f 813 500 1209
f 451 215 214
f 1187 938 1243
f 800 1500 1211
f 1500 1212 1211
f 964 1338 572
f 1338 570 572
f 769 951 975
f 959 1234 276
f 1214 1457 968
f 813 347 203
f 1501 1197 1245
f 1168 1502 633
f 1503 164 151
f 507 895 1349
f 904 895 216
f 507 509 214
f 214 895 507
f 878 917 877
f 650 1066 642
f 1504 1248 868
f 1254 1253 215
f 1253 1505 215
f 598 1506 600
f 655 953 698
f 953 600 698
f 1064 1066 1032
f 13 1292 400
f 1507 1353 1508
f 1463 391 70
f 1463 1509 1063
f 1509 1 1063
f 70 1 1509
f 1229 1510 404
f 1223 978 980
f 1041 1306 1042
f 914 1511 1493
f 1512 1513 1514
f 1515 735 1181
f 906 782 1094
f 782 1516 1094
f 764 1340 1374
f 1340 1290 1374
f 168 169 49
f 1374 1517 1300
f 1517 1169 1300
f 1507 1508 1518
f 1097 1519 1313
f 55 771 770
f 518 1242 938
f 1191 1494 1192
f 1520 236 455
f 1520 204 236
f 947 946 923
f 1039 833 794
f 412 624 1521
f 454 1011 581
f 1522 515 1485
f 1523 1524 4
f 1525 840 1526
f 840 841 1526
f 463 1527 1526
f 1527 1528 1526
f 950 572 1529
f 947 1181 1530
f 1316 1122 1121
f 642 1066 1065
f 1531 1504 149
f 1504 576 149
f 1248 1504 1531
f 1504 868 576
f 337 522 1141
f 702 202 576
f 550 1440 1532
f 1145 971 897
f 897 896 1145
f 1533 1534 1535
f 618 458 648
f 458 457 648
f 993 1243 1263
f 1071 1346 664
f 731 1223 980
f 749 747 1359
f 1135 1449 248
f 1135 1092 1449
f 629 937 125
f 588 622 123
f 720 27 124
f 27 125 124
f 1334 1285 400
f 1080 1536 1081
f 1537 1536 1080
f 1512 1532 1513
f 1532 1440 1513
f 1416 1375 1538
f 1014 1402 431
f 1078 1539 312
f 295 552 1085
f 951 1125 975
f 55 770 975
f 199 1147 200
f 1338 865 570
f 865 571 570
f 328 1524 351
f 1524 1540 351
f 1541 1470 1542
f 1215 1418 1140
f 1302 987 1241
f 987 1240 1241
f 1082 1543 1083
f 125 27 137
f 125 137 629
f 1222 1284 1366
f 972 1222 1220
f 1366 1220 1222
f 577 1222 973
f 1466 1303 1544
f 1303 1545 1544
f 1248 1546 1206
f 470 225 224
f 470 224 18
f 963 1547 1426
f 55 975 255
f 975 770 769
f 1377 1548 350
f 915 1493 320
f 831 1496 1497
f 1490 1436 1549
f 609 1538 1375
f 887 1550 885
f 733 687 1224
f 1551 1538 609
f 14 1279 1280
f 1499 1496 831
f 1101 159 371
f 371 1398 1256
f 1552 1433 1294
f 760 1098 761
f 611 1476 1382
f 1553 1059 291
f 1416 1538 1299
f 433 434 590
f 1223 731 733
f 79 1006 64
f 577 1310 1049
f 950 460 909
f 819 1453 1376
f 901 1306 1344
f 1371 1391 491
f 650 788 1032
f 736 735 783
f 1233 253 252
f 692 425 1150
f 829 1150 425
f 425 424 829
f 1554 242 241
f 1555 112 1442
f 1246 1004 1225
f 332 245 178
f 1556 949 1557
f 949 1558 1557
f 1499 1146 1496
f 646 457 377
f 646 648 457
f 778 788 650
f 1505 1253 1192
f 409 1 763
f 647 646 1413
f 1184 1176 1559
f 1560 1545 1561
f 805 385 410
f 1562 1563 1094
f 1287 1069 1278
f 950 899 572
f 899 1533 572
f 909 899 950
f 1145 1499 971
f 1499 541 971
f 725 1564 829
f 682 1046 1045
f 275 1414 914
f 1333 529 672
f 1107 1109 317
f 692 586 585
f 522 521 1275
f 521 998 1275
f 869 1565 1358
f 100 1236 703
f 1456 66 65
f 381 393 1255
f 638 1520 455
f 204 1520 638
f 750 1091 557
f 1322 1484 1261
f 1484 1566 1261
f 60 1377 791
f 1391 107 106
f 507 1349 508
f 119 575 974
f 1567 1269 1267
f 1458 1316 1133
f 1316 1121 1133
f 490 1568 1179
f 1327 1569 1131
f 1569 1130 1131
f 672 481 1373
f 1216 1277 1375
f 864 599 953
f 59 58 1570
f 548 517 1440
f 517 1165 1440
f 304 1438 1432
f 272 86 85
f 1145 1146 1499
f 477 985 170
f 400 1292 1360
f 594 1020 907
f 843 1295 473
f 1295 1161 473
f 1295 1297 1571
f 1297 814 1571
f 1571 1572 1295
f 1383 1073 1049
f 462 171 736
f 294 202 201
f 161 1409 162
f 1522 1485 1573
f 498 1196 990
f 194 196 1309
f 406 1511 1413
f 214 502 452
f 1564 725 1251
f 669 138 128
f 1574 1139 346
f 1575 227 229
f 621 694 602
f 344 345 308
f 175 77 96
f 879 1320 741
f 704 588 721
f 717 820 718
f 820 1342 718
f 1326 369 559
f 1269 1567 1057
f 319 935 1107
f 451 186 187
f 451 187 215
f 1576 731 980
f 567 57 39
f 436 947 1036
f 619 1414 620
f 1414 1577 620
f 1551 609 1160
f 609 611 1160
f 527 1385 525
f 1573 962 1522
f 347 1056 346
f 1055 1269 1057
f 3 2 358
f 1295 843 1296
f 905 874 1439
f 1470 1578 1058
f 1183 979 491
f 284 1435 1579
f 1415 1577 1414
f 1277 1215 1580
f 370 644 1294
f 1299 1581 1047
f 1568 657 1179
f 657 448 1179
f 34 1568 251
f 34 657 1568
f 1105 1106 1306
f 1106 1042 1306
f 1363 1493 1511
f 141 1394 1582
f 1363 1511 311
f 311 1511 406
f 1210 917 878
f 810 1324 766
f 783 465 464
f 1433 1434 1583
f 1434 1584 1583
f 801 1348 800
f 1585 1584 1086
f 1553 291 845
f 718 1342 1444
f 1040 581 1011
f 1216 1375 1217
f 610 1476 611
f 50 1586 861
f 861 1586 301
f 1586 1265 301
f 301 1265 604
f 50 1265 1586
f 604 1265 952
f 861 587 50
f 952 1587 278
f 952 1265 1587
f 1587 1265 278
f 1352 1351 1497
f 1220 1366 1588
f 1220 1588 769
f 1276 1107 935
f 612 613 1412
f 1093 1034 1343
f 663 1589 1354
f 810 1339 1055
f 1339 1269 1055
f 1163 1479 866
f 1290 297 1374
f 1230 1173 1590
f 1259 339 382
f 1591 945 639
f 562 1465 563
f 1259 1445 1444
f 1592 1593 806
f 1474 411 1464
f 160 611 1382
f 1386 1087 1387
f 1087 1086 1387
f 1594 768 628
f 1391 106 253
f 683 1247 558
f 1371 1247 683
f 1371 1246 1247
f 879 1050 1319
f 720 124 1275
f 875 1207 876
f 1209 1170 1399
f 1098 643 761
f 158 160 1382
f 441 1419 1452
f 282 608 802
f 364 996 853
f 1595 1449 1092
f 1263 1206 993
f 1596 1468 1282
f 115 1464 76
f 1499 831 539
f 439 355 77
f 1381 1380 542
f 400 1360 132
f 1360 1292 883
f 1243 1305 1403
f 1001 122 121
f 122 775 777
f 775 1001 776
f 1001 775 122
f 1384 930 1332
f 930 1365 1332
f 723 195 724
f 1517 1374 297
f 1184 1559 351
f 1559 1484 351
f 590 434 1130
f 434 549 1130
f 1130 1569 590
f 549 434 432
f 1318 762 1476
f 1383 1049 395
f 992 1187 993
f 1248 1206 1597
f 1561 1020 1560
f 1020 1019 1560
f 1249 1566 913
f 1417 1088 424
f 1598 1153 68
f 551 1583 1585
f 1583 1584 1585
f 1427 1599 1535
f 1163 475 1479
f 282 283 608
f 172 174 660
f 1258 82 81
f 274 240 239
f 597 1194 598
f 1500 1394 1212
f 1069 1282 1600
f 572 571 1529
f 1376 1419 921
f 1419 568 921
f 749 1359 1032
f 202 294 576
f 909 142 292
f 362 455 223
f 455 1312 98
f 1271 1601 1325
f 1000 1602 1542
f 161 1603 1409
f 589 591 1060
f 1388 1604 848
f 212 1483 943
f 694 1483 602
f 229 777 1575
f 777 776 1575
f 1472 199 200
f 111 1442 112
f 890 658 981
f 22 24 369
f 1024 338 238
f 1025 1024 238
f 1562 1094 652
f 1094 1516 652
f 1369 783 735
f 1333 89 1285
f 1333 672 1373
f 717 719 820
f 719 1461 820
f 1148 902 830
f 722 946 259
f 259 946 436
f 584 1233 585
f 1233 737 585
f 1605 1428 1534
f 1428 1535 1534
f 1138 1547 827
f 1606 1021 799
f 635 1519 1097
f 949 948 1558
f 675 825 824
f 1291 1365 930
f 580 574 1279
f 1551 1160 1100
f 642 1607 430
f 460 949 461
f 634 1200 890
f 1575 887 227
f 635 1237 1519
f 1237 1608 1519
f 491 979 1498
f 825 1258 826
f 1084 1083 465
f 1032 1066 650
f 248 1609 1136
f 491 1498 1004
f 1229 832 1295
f 832 1161 1295
f 440 194 419
f 174 173 261
f 1065 1607 642
f 1467 1446 1445
f 111 998 1442
f 998 1298 1442
f 123 125 937
f 1610 671 564
f 1611 839 1458
f 839 1079 1458
f 320 959 275
f 1177 1304 1167
f 1078 311 927
f 849 1228 1092
f 1228 1595 1092
f 1195 1595 1228
f 825 675 82
f 7 1612 859
f 1351 1148 1497
f 1502 801 633
f 1168 686 1525
f 686 840 1525
f 400 402 1334
f 1334 823 529
f 1373 480 807
f 1613 1201 1598
f 573 1279 574
f 879 1319 1320
f 739 38 54
f 1034 1135 779
f 1093 1092 1135
f 194 1309 977
f 194 440 724
f 1036 947 1530
f 1576 980 1183
f 1465 280 563
f 1614 1352 1126
f 1352 1127 1126
f 1340 1400 1226
f 1615 1616 1617
f 1618 1218 559
f 1619 1415 1489
f 721 588 349
f 517 548 432
f 960 759 150
f 1537 24 23
f 24 1537 1080
f 971 1081 1620
f 1536 23 506
f 506 1620 1081
f 1233 252 737
f 1182 491 253
f 1143 1144 1171
f 1144 1240 1171
f 1596 1282 1274
f 1534 1533 1621
f 1331 1119 1120
f 320 1493 321
f 810 812 1324
f 1149 404 405
f 207 404 919
f 404 1510 919
f 1368 1369 1082
f 1622 35 12
f 1566 1484 1559
f 253 1232 1182
f 1182 1233 584
f 1411 1623 1624
f 1623 1245 1624
f 992 1501 1623
f 1501 1245 1623
f 573 1625 1006
f 1444 1446 1460
f 1286 1588 1366
f 82 1258 1257
f 1626 191 700
f 1100 1401 1627
f 1401 1626 1627
f 191 1626 1401
f 1258 81 1154
f 1505 1192 216
f 1318 1628 1267
f 1267 1628 1567
f 1628 1580 1567
f 77 175 1022
f 873 1439 874
f 224 387 18
f 1290 1114 809
f 619 647 1414
f 633 632 1168
f 1412 188 83
f 429 1372 1361
f 1226 1239 1238
f 731 1183 1182
f 960 922 789
f 922 841 789
f 791 1377 1048
f 1591 639 1401
f 297 296 1517
f 296 1169 1517
f 980 979 1183
f 1223 733 1224
f 1075 826 1154
f 826 1258 1154
f 82 1257 825
f 1357 338 1024
f 1357 628 140
f 1357 140 338
f 1075 1074 826
f 666 864 994
f 81 753 33
f 418 1436 1490
f 682 1045 580
f 1259 1467 1445
f 1263 1403 1314
f 174 310 312
f 639 945 579
f 1349 486 1437
f 1437 485 167
f 1437 167 508
f 278 49 169
f 1349 1437 508
f 1135 1095 779
f 1135 1034 1093
f 429 1361 54
f 654 994 864
f 1384 527 932
f 95 857 1622
f 857 361 1622
f 760 1268 1390
f 263 1590 1173
f 616 706 1379
f 316 888 29
f 1629 663 1249
f 1007 1405 1006
f 53 1381 542
f 694 695 1381
f 829 1564 1150
f 914 1493 915
f 1081 1536 506
f 966 1096 967
f 1096 1448 967
f 463 1526 841
f 1353 1507 1205
f 702 786 203
f 1530 437 1036
f 1221 725 535
f 765 1374 1300
f 1078 312 311
f 844 1000 1542
f 942 1203 940
f 1203 1061 940
f 1331 1332 1364
f 1332 1365 1364
f 1497 1148 831
f 1386 1169 1087
f 963 746 748
f 963 748 828
f 788 778 748
f 778 828 748
f 1439 1630 1631
f 794 832 404
f 618 977 458
f 1199 1070 301
f 952 1199 604
f 1263 1314 1190
f 1136 1135 248
f 550 1532 1131
f 1532 1328 1131
f 1327 1131 1328
f 1191 952 904
f 199 1472 1253
f 165 1311 603
f 535 995 1221
f 1276 1632 732
f 495 1594 628
f 822 529 823
f 531 533 1236
f 533 889 1236
f 339 1259 1188
f 1259 1444 1188
f 134 136 1559
f 136 1566 1559
f 960 1048 759
f 1011 454 91
f 1299 1538 1551
f 824 1165 1281
f 1333 1373 89
f 351 1322 337
f 1627 1626 1581
f 1554 241 428
f 1633 1148 1351
f 357 358 490
f 1545 1303 781
f 780 836 772
f 1525 1526 1528
f 442 1273 1272
f 665 1346 821
f 1346 1634 821
f 1308 1635 1473
f 242 86 324
f 242 324 241
f 610 1277 1476
f 1277 1628 1476
f 1476 1628 1318
f 1580 1628 1277
f 16 18 602
f 782 652 1516
f 908 1607 1488
f 1607 908 430
f 706 616 1615
f 1281 519 518
f 811 1056 347
f 612 1412 1037
f 1001 1550 887
f 1420 1072 955
f 85 601 272
f 1438 1439 1631
f 731 1110 1108
f 800 1348 1500
f 1348 1394 1500
f 842 1212 1394
f 1007 1279 1405
f 1502 1525 1528
f 1393 952 1191
f 1509 1463 70
f 827 1547 963
f 1205 1507 1204
f 1178 357 1179
f 357 490 1179
f 706 705 1379
f 705 1548 1379
f 1089 1104 912
f 209 1425 405
f 519 1165 517
f 889 853 30
f 1418 564 1323
f 813 1209 812
f 1226 1400 1399
f 1226 1399 368
f 1170 368 1399
f 1170 499 368
f 1331 1364 1119
f 855 1636 710
f 1636 711 710
f 968 1457 966
f 1637 1603 858
f 478 1637 858
f 1340 764 1399
f 764 812 1399
f 764 766 1324
f 1533 899 1621
f 238 1638 1025
f 1389 1269 766
f 1269 1339 766
f 511 1435 284
f 760 1390 1099
f 1098 1099 1390
f 814 1556 1571
f 1090 1639 1138
f 1639 1337 1138
f 1416 1112 1375
f 1112 1217 1375
f 990 1196 983
f 1331 1120 1329
f 1515 1369 735
f 492 100 1593
f 1546 1248 1197
f 1248 1531 1197
f 1578 1422 1208
f 389 1456 393
f 573 1405 1279
f 869 501 786
f 1124 659 1195
f 1640 1159 1158
f 1159 1640 1641
f 1640 747 1641
f 711 1109 1110
f 1637 478 879
f 617 1359 1640
f 747 1640 1359
f 1327 1329 1120
f 1548 705 348
f 1423 1602 1642
f 918 73 72
f 1643 918 917
f 1643 917 1210
f 506 1643 1210
f 506 934 1643
f 934 73 1643
f 73 918 1643
f 1384 932 930
f 1237 635 637
f 718 1444 719
f 1444 1460 719
f 1427 1535 1428
f 1644 1304 1195
f 1304 1177 1195
f 1523 4 230
f 183 1549 184
f 1208 1058 1578
f 1576 1183 731
f 640 1068 84
f 162 1409 355
f 369 1335 559
f 866 1645 571
f 1645 948 571
f 528 919 1645
f 919 1558 1645
f 236 204 1011
f 1502 1528 801
f 1152 645 1151
f 1143 1335 804
f 1218 1646 1219
f 1629 1249 130
f 674 1451 673
f 1451 1486 673
f 514 1180 1397
f 1180 878 1397
f 1180 1210 878
f 1479 475 1478
f 475 443 1478
f 1619 1489 620
f 1489 379 620
f 754 756 986
f 781 1303 652
f 1303 653 652
f 1256 1398 945
f 1398 944 945
f 371 1256 1101
f 1256 1102 1101
f 9 258 344
f 687 1005 1224
f 1005 1498 1224
f 1224 1498 978
f 1498 979 978
f 492 494 100
f 1459 838 1611
f 838 839 1611
f 1647 1427 1426
f 963 1426 746
f 1075 1154 1076
f 1154 1270 1076
f 617 1640 1158
f 614 1648 615
f 1648 1560 615
f 1544 1649 1648
f 1545 781 1561
f 781 782 1561
f 1505 216 215
f 1552 644 1433
f 1557 1572 1556
f 1572 1571 1556
f 461 949 1556
f 1018 594 1172
f 731 1293 586
f 1287 1278 1058
f 1208 1606 799
f 170 260 1181
f 437 1530 1181
f 1140 1650 1215
f 339 1188 340
f 1332 1330 1385
f 932 527 933
f 811 810 1055
f 1253 1193 1192
f 573 575 1625
f 119 1006 1625
f 1651 1506 393
f 1506 1467 393
f 953 655 864
f 655 654 864
f 696 600 1506
f 498 1495 428
f 54 1362 1126
f 620 379 420
f 379 378 420
f 551 1278 1583
f 1278 1600 1583
f 1600 1278 1069
f 1197 149 860
f 252 1521 624
f 414 536 626
f 1417 424 252
f 535 829 536
f 252 624 1417
f 1188 1444 1342
f 888 703 889
f 889 56 853
f 458 977 456
f 977 1309 456
f 246 456 196
f 1025 1638 582
f 1197 991 1546
f 991 1206 1546
f 308 9 344
f 964 965 1338
f 965 1336 1338
f 1652 1337 965
f 1337 1336 965
f 350 1548 348
f 60 59 1377
f 59 1378 1377
f 1379 1548 1377
f 616 1379 614
f 1379 1378 614
f 749 1032 788
f 564 559 1218
f 668 326 137
f 350 349 325
f 137 325 629
f 391 1463 555
f 319 1107 317
f 1330 1512 1385
f 1388 329 21
f 329 1388 327
f 1420 46 45
f 658 1200 247
f 1249 1261 1566
f 431 1402 925
f 1013 1314 1403
f 149 1197 1531
f 1082 1369 1515
f 637 728 1237
f 728 727 1237
f 1239 1226 368
f 1238 1114 1226
f 115 1307 1464
f 1307 1474 1464
f 782 1020 1561
f 350 1048 1377
f 492 1593 1592
f 1190 1248 1597
f 591 590 1062
f 590 1569 1062
f 1653 880 881
f 1465 1654 280
f 1151 645 1201
f 645 1202 1201
f 1558 948 1645
f 571 948 1529
f 1521 252 106
f 1521 106 105
f 1555 28 112
f 303 1442 440
f 1555 363 28
f 1555 1442 303
f 303 363 1555
f 817 340 1188
f 1655 1201 1613
f 582 238 1023
f 582 1638 238
f 1361 1518 1362
f 1378 59 614
f 1490 1549 183
f 624 1656 625
f 1308 413 412
f 96 538 537
f 1214 968 1116
f 938 1187 1186
f 1235 167 166
f 641 1657 1033
f 1657 852 1033
f 367 184 1658
f 184 1549 1658
f 1631 1630 1356
f 64 1435 996
f 1422 1021 1606
f 1320 395 936
f 1320 936 741
f 1320 1050 1477
f 1073 1383 1477
f 1383 1320 1477
f 1503 1658 164
f 830 902 322
f 1347 1659 1346
f 819 821 1453
f 821 1634 1453
f 1166 685 982
f 685 632 982
f 1570 1166 1466
f 1166 1167 1466
f 1570 58 1166
f 685 1166 58
f 542 1380 387
f 1626 700 1581
f 929 1157 942
f 1229 1295 1510
f 1295 1572 1510
f 1524 327 1118
f 1040 204 689
f 1420 45 1072
f 1549 1436 1658
f 622 20 1350
f 20 623 1350
f 36 38 939
f 785 1294 1660
f 1591 1401 1102
f 1401 1100 1102
f 956 1424 209
f 39 1031 567
f 1395 583 582
f 119 1625 575
f 960 789 1048
f 789 791 1048
f 889 533 56
f 1617 1231 1615
f 126 128 138
f 644 643 1434
f 643 1387 1434
f 1614 1518 1352
f 1518 1508 1352
f 955 1115 1420
f 1582 1348 1068
f 141 1582 1068
f 1582 1394 1348
f 1567 1580 1650
f 1580 1215 1650
f 842 36 1212
f 1653 1431 1430
f 1245 1053 449
f 1053 1612 449
f 1074 1513 1440
f 694 52 104
f 1418 1112 564
f 1323 564 671
f 1067 1480 670
f 1369 465 783
f 1190 1597 1206
f 1206 1263 1190
f 605 1411 699
f 1598 1201 716
f 627 1025 1661
f 366 583 1395
f 1523 1174 1198
f 1361 1372 1495
f 1361 1495 1518
f 1495 1204 1518
f 612 1038 408
f 1655 1613 1151
f 1119 1061 1062
f 1579 1435 119
f 580 1045 466
f 1089 1404 1104
f 66 389 390
f 317 1474 1473
f 493 1202 452
f 889 703 1236
f 380 1489 863
f 862 863 1196
f 863 1489 1196
f 1489 984 1196
f 587 380 863
f 495 1396 1594
f 1447 768 1594
f 626 1656 414
f 414 1656 412
f 1251 1250 1564
f 693 1150 1564
f 1250 693 1564
f 1617 1616 1173
f 490 251 1568
f 481 529 530
f 481 530 173
f 481 173 172
f 1287 1058 799
f 698 600 696
f 1455 65 696
f 1446 1467 1506
f 1194 1446 598
f 1446 1506 598
f 1261 1262 1322
f 1322 1262 467
f 1262 1260 663
f 467 1262 663
f 1591 1102 945
f 758 954 150
f 741 1637 879
f 1047 1326 1113
f 1326 1111 1113
f 559 1111 1326
f 1611 1458 1459
f 23 1536 1537
f 33 867 81
f 850 1343 1033
f 1662 540 744
f 862 498 587
f 1230 1590 263
f 1030 1008 567
f 1008 921 567
f 1663 1634 1346
f 1453 1634 1663
f 1663 1451 1453
f 1451 1659 1486
f 1486 1659 1347
f 665 664 1346
f 1663 1659 1451
f 1346 1659 1663
f 1333 1334 529
f 985 477 258
f 1040 689 581
f 164 1658 803
f 1658 1436 803
f 12 1134 13
f 1030 567 1031
f 1664 309 162
f 1664 162 356
f 356 309 1664
f 617 1158 441
f 801 1528 1527
f 1665 1612 7
f 1085 552 1086
f 552 1585 1086
f 1086 1584 1434
f 552 551 1585
f 119 1435 64
f 1614 1126 1518
f 116 120 787
f 1299 1551 1581
f 1551 1627 1581
f 1551 1100 1627
f 700 1047 1581
f 357 607 3
f 663 723 724
f 318 1473 565
f 1473 1635 565
f 1308 412 105
f 1473 318 317
f 1308 1474 1307
f 1474 317 411
f 1117 1105 292
f 430 1657 641
f 1620 897 971
f 1620 506 897
f 1230 1231 1617
f 616 615 1615
f 615 1616 1615
f 706 1615 1037
f 1615 1231 1037
f 1230 1617 1173
f 802 258 388
f 866 1479 1645
f 528 1645 1479
f 622 1350 123
f 14 1280 15
f 1280 78 15
f 1478 443 442
f 209 1478 442
f 1239 1608 1237
f 901 1534 1621
f 1621 899 901
f 1276 732 1108
f 1108 732 731
f 713 1110 692
f 713 711 1110
f 1666 684 1459
f 684 415 1459
f 415 838 1459
f 728 845 291
f 728 637 1480
f 637 670 1480
f 1480 846 728
f 846 845 728
f 291 726 728
f 726 1114 727
f 1114 726 291
f 1131 549 550
f 1056 1057 1574
f 1574 1140 1139
f 1574 346 1056
f 1140 1574 1650
f 1574 1057 1650
f 1567 1650 1057
f 1352 1497 1146
f 1120 1569 1327
f 1569 1120 1062
f 495 319 1054
f 1201 493 716
f 645 1155 1202
f 1667 1613 1598
f 1151 1667 268
f 1151 1613 1667
f 1667 1598 68
f 882 1054 683
f 556 882 683
f 97 768 882
f 1447 882 768
f 105 1635 1308
f 1635 107 565
f 1635 105 107
f 694 1381 52
f 1274 1668 1596
f 1469 1583 1282
f 1583 1600 1282
f 1433 1583 1469
f 334 797 1274
f 797 1668 1274
f 1669 1519 1239
f 1519 1608 1239
f 1341 1565 1190
f 1313 1341 1314
f 985 258 279
f 1441 440 1442
f 1441 724 440
f 582 688 1025
f 1425 526 1471
f 526 525 1471
f 405 1425 1471
f 405 1471 1149
f 1149 1471 1266
f 167 485 169
f 1605 1534 1344
f 1534 901 1344
f 763 1288 409
f 1552 1294 644
f 1433 1660 1294
f 929 942 941
f 216 1192 904
f 904 1192 1494
f 1074 1076 1513
f 1076 1670 1513
f 1648 614 59
f 1053 859 1612
f 1245 449 1624
f 449 630 1624
f 699 1411 1624
f 1501 992 1197
f 992 991 1197
f 630 699 1624
f 81 867 289
f 66 1456 389
f 1592 806 715
f 1243 1403 1263
f 1403 1305 1402
f 1305 925 1402
f 1606 1208 1422
f 1423 1601 1421
f 1601 1271 1421
f 1622 12 95
f 779 1095 778
f 1618 1671 1218
f 1671 1646 1218
f 957 1011 91
f 35 361 360
f 1524 1118 4
f 1570 1544 59
f 1544 1648 59
f 1570 1466 1544
f 615 1560 1019
f 35 684 1666
f 1133 1666 1459
f 969 1316 1458
f 1133 1121 1134
f 1121 1123 1134
f 13 1134 1123
f 143 1458 1079
f 143 969 1458
f 624 412 1656
f 1411 992 1623
f 1411 1187 992
f 95 12 561
f 1672 1666 1133
f 1672 35 1666
f 1672 1133 12
f 1672 12 35
f 1673 1219 756
f 309 1175 231
f 1592 715 716
f 1593 100 631
f 806 15 715
f 806 1593 631
f 1083 466 465
f 1674 671 1610
f 1673 756 1610
f 1646 1171 756
f 1171 986 756
f 1646 756 1219
f 1618 1335 1671
f 1335 1143 1671
f 1610 564 1219
f 1673 1610 1219
f 1674 1610 756
f 1674 1139 671
f 755 734 756
f 734 1674 756
f 1674 734 1139
f 1651 696 1506
f 1522 962 1675
f 134 1175 524
f 1428 1443 1426
f 1641 747 1428
f 747 1443 1428
f 1601 1423 1642
f 1151 1201 1655
f 716 1153 1598
f 894 895 904
f 1000 1157 1602
f 793 454 237
f 454 581 237
f 237 581 366
f 508 1410 503
f 1410 508 167
f 1410 1235 532
f 494 1410 532
f 1136 1609 1356
f 873 1448 1439
f 1448 1630 1439
f 1407 1432 1631
f 1432 1438 1631
f 1609 1491 1356
f 774 1407 1631
f 774 1631 1491
f 1631 1356 1491
f 1433 1469 1660
f 1469 1468 1660
f 785 1660 1676
f 1660 1468 1676
f 1676 784 785
f 784 1676 1398
f 1676 1677 1398
f 1677 920 1398
f 1668 1677 1676
f 797 920 1668
f 920 1677 1668
f 1668 1676 1596
f 1676 1468 1596
f 1639 1338 1337
f 1639 1089 912
f 1639 911 1338
f 1639 912 911
f 1367 466 1045
f 1367 1045 464
f 1045 1103 464
f 716 493 492
f 1604 1388 21
f 1286 769 1588
f 193 192 1016
f 192 1017 1016
f 1563 1657 45
f 1227 1678 652
f 851 852 1657
f 851 1657 1563
f 1296 884 1122
f 1044 1046 1283
f 492 1679 716
f 871 349 588
f 704 83 588
f 1633 1351 1353
f 1234 1680 1205
f 1205 1680 1353
f 903 1148 1633
f 1353 1680 1633
f 903 1633 959
f 1633 1680 959
f 959 1680 1234
f 310 174 261
f 310 234 392
f 680 943 1483
f 680 694 104
f 1064 673 1065
f 673 1681 1065
f 1488 1607 673
f 1607 1681 673
f 1681 1607 1065
f 673 1064 1032
f 1452 1451 674
f 1452 617 441
f 1452 674 617
f 1176 134 1559
f 135 538 569
f 134 524 135
f 524 523 135
f 913 1566 136
f 135 569 136
f 569 913 136
f 1182 584 1293
f 1182 1293 731
f 77 1409 103
f 1603 1637 741
f 1409 1603 741
f 103 1409 741
f 1078 1077 1539
f 262 264 65
f 264 697 65
f 477 344 258
f 494 493 502
f 974 545 119
f 45 1657 430
f 1667 68 268
f 1035 779 649
f 1661 1025 688
f 803 1436 661
f 331 1200 634
f 310 261 234
f 828 1095 966
f 1355 1244 1137
f 1355 1137 1136
f 828 778 1095
f 1135 1244 1095
f 1137 1244 1135
f 1492 331 634
f 1492 772 774
f 1682 248 331
f 248 1682 1609
f 1492 1682 331
f 1492 1491 1682
f 1491 1609 1682
f 1492 634 772
f 642 1033 1035
f 1035 649 642
f 642 641 1033
f 1074 1440 1165
f 1604 21 281
f 857 359 361
f 1352 1146 1127
f 1508 1353 1352
f 1126 1362 1518
f 808 1037 1412
f 1410 167 1235
f 56 678 677
f 1276 935 1632
f 1683 1661 688
f 1143 1171 1671
f 1171 1646 1671
f 174 1539 660
f 1213 740 1675
f 740 515 1675
f 835 1213 962
f 1213 1675 962
f 1522 1675 515
f 752 34 33
f 656 657 752
f 606 753 82
f 752 33 753
f 752 657 34
f 716 1679 1592
f 492 1592 1679
f 568 1419 1028
f 568 1028 57
f 871 325 349
f 1684 1397 876
f 880 1653 1207
f 1207 1653 876
f 1653 1684 876
f 1684 1485 1397
f 1430 1485 1653
f 1485 1684 1653
f 929 1642 1157
f 1642 1602 1157
f 1629 130 663
f 47 1094 1563
f 1578 1470 1422
f 1470 1541 1422
f 1049 1310 395
f 1310 63 395
f 61 1310 299
f 61 63 1310
f 1415 275 276
f 822 530 529
f 315 822 823
f 1685 1325 933
f 151 367 1503
f 183 220 1490
f 1622 361 35
f 724 1589 663
f 1298 1354 1441
f 1354 1589 1441
f 1441 1589 724
f 1018 1173 1019
f 1173 1616 1019
f 950 1529 948
f 1387 643 1098
f 1434 1387 1086
f 1686 1470 1059
f 1553 1686 1059
f 845 844 1553
f 295 1687 552
f 1059 552 1687
f 1687 295 291
f 1687 291 1059
f 844 1542 1553
f 1542 1686 1553
f 1686 1542 1470
f 1533 965 572
f 1535 1599 1533
f 1599 965 1533
f 1030 1009 1008
f 1388 1118 327
f 11 400 12
f 677 445 56
f 1084 1368 1082
f 465 1368 1084
f 1543 1181 947
f 1515 1543 1082
f 1181 1543 1515
f 545 1392 947
f 1543 947 1392
f 1080 409 24
f 1128 1080 970
f 1080 1128 409
f 858 1603 161
f 254 858 161
f 795 1076 1270
f 795 1270 1039
f 1422 1541 1423
f 589 1060 709
f 1067 1264 1203
f 1119 1364 1061
f 940 1061 1364
f 801 1527 1068
f 1068 1527 84
f 84 1527 463
f 377 457 246
f 814 461 1556
f 919 1557 1558
f 1572 1557 1510
f 919 1510 1557
f 98 1312 99
f 435 302 303
f 303 302 301
f 301 302 435
f 1602 1423 1542
f 1423 1541 1542
f 1475 1021 1421
f 1021 1422 1421
f 1475 1421 1271
f 663 1260 1249
f 1651 393 696
f 393 1455 696
f 1447 1594 1054
f 1054 1594 1396
f 252 426 737
f 990 1205 498
f 808 1412 704
f 1037 1231 1038
f 1231 263 408
f 1231 408 1038
f 87 57 1106
f 1002 1147 199
f 607 1178 1665
f 607 1665 7
f 174 312 1539
f 1077 745 1539
f 1539 1311 660
f 1539 745 1311
f 745 603 1311
f 1399 812 1209
f 263 262 407
f 1096 1244 1448
f 1244 1355 1448
f 615 1019 1616
f 1090 1089 1639
f 848 1654 1465
f 1604 1654 848
f 1685 526 1424
f 527 526 933
f 526 1685 933
f 1325 1685 1272
f 1685 956 1272
f 956 1685 1424
f 368 1688 1239
f 1669 1239 1689
f 1239 1688 1689
f 501 1358 368
f 447 1179 448
f 310 392 311
f 1001 476 1550
f 885 1550 476
f 121 444 1001
f 929 1454 1642
f 1662 744 555
f 1454 933 1325
f 284 1579 1690
f 1690 269 284
f 269 1690 271
f 545 271 1690
f 1690 119 545
f 119 1690 1579
f 1518 1204 1507
f 362 99 1312
f 281 1654 1604
f 280 1654 281
f 848 1465 390
f 1554 428 242
f 428 427 242
f 1601 1642 1325
f 1642 1454 1325
f 1238 727 1114
f 1003 1475 1691
f 1430 962 1573
f 1513 1670 1514
f 723 130 195
f 1355 1356 1448
f 1356 1630 1448
f 658 890 1200
f 1380 695 387
f 386 542 387
f 542 386 226
f 1407 1408 1432
f 675 824 518
f 1281 518 824
f 952 1692 904
f 278 1692 952
f 904 1692 894
f 592 894 278
f 894 1692 278
f 733 732 1632
f 669 128 668
f 1661 495 627
f 1632 935 495
f 1632 1683 733
f 733 1683 688
f 495 1683 1632
f 495 1661 1683
f 1689 1688 1358
f 1358 1688 368
f 1358 1565 1689
f 1190 1565 869
f 1689 1565 1313
f 1565 1341 1313
f 1669 1689 1519
f 1689 1313 1519
f 1431 1653 1408
f 1653 1693 1408
f 881 1432 1653
f 1432 1693 1653
f 1693 1432 1408
f 1076 795 1670
f 1514 525 1512
f 525 1385 1512
f 1266 1514 796
f 1514 1670 796
f 1328 1532 1512
f 1328 1512 1330
f 1662 555 1463
f 1662 1463 961
f 1662 961 540
f 150 759 758
f 782 907 1020
f 447 1665 1178
f 447 449 1665
f 1612 1665 449
f 1544 1545 1649
f 1694 1545 1560
f 1694 1560 1648
f 1648 1649 1694
f 1649 1545 1694
f 626 625 1656
f 452 1202 451
f 1155 451 1202
f 1174 1523 1175
f 1523 1695 1175
f 230 1695 1523
f 1540 1524 1523
f 351 1540 1198
f 1540 1523 1198
f 328 327 1524
f 1695 230 231
f 1695 231 1175
f 1618 559 1335
f 1575 1696 887
f 1696 776 887
f 1575 776 1696
f 740 1213 939
f 939 1213 36
f 1213 1212 36
f 1647 1599 1427
f 1652 965 1647
f 965 1599 1647
f 1652 1647 1337
f 1641 1605 1159
f 1337 1647 1138
f 1426 1547 1647
f 1547 1138 1647
f 1605 1344 1159
f 792 793 133
f 25 792 133
f 849 851 1227
f 851 1678 1227
f 47 1563 45
f 1563 1678 851
f 1562 652 1563
f 652 1678 1563
f 92 1283 682
f 1044 1283 92
f 1266 525 1514
f 795 796 1670
f 523 537 538
f 439 1022 537
f 77 1022 439
f 406 646 376
f 1003 1691 444
f 444 1691 442
f 1475 1271 1691
f 1271 1273 1691
f 1691 1273 442
f 258 9 388
f 317 1109 1636
f 711 1636 1109
f 317 1636 411
f 1636 855 411
f 855 856 805
f 1644 1195 1228
f 1697 1595 1195
f 249 1449 1697
f 1449 1595 1697
f 249 1697 247
f 1195 659 1697
f 659 247 1697
f 1227 652 1228
f 652 651 1228
f 1644 651 1304
f 651 653 1304
f 1644 1228 651
f 1415 984 1489
f 1415 276 984
f 1619 620 1415
f 620 1577 1415
f 647 1413 914
f 1413 1511 914
f 647 914 1414
f 1641 1428 1605
f 1658 1503 367
f 1430 1573 1485
f 1070 1199 1698
f 1393 1191 1472
f 1472 200 1698
f 1393 1472 1199
f 1472 1698 1199
f 1284 577 1050
f 96 1022 175
f 154 1002 336
f 412 1521 105
f 1291 941 1364
f 941 940 1364
f 922 150 463
f 1392 974 1543
f 974 1083 1543
f 1168 1525 1502
f 680 1483 694
f 800 1211 837
f 1315 814 1122
f 814 1317 1122
f 325 326 758
f 1070 1698 200
f 56 155 678
