v -0.257580 0.310326 0.261850
v -0.248160 0.332821 0.247726
v -0.270592 0.310326 0.246410
v 0.247549 0.362258 0.054796
v 0.255190 0.355989 0.043581
v 0.224118 0.379813 0.000563
v 0.241216 0.366705 -0.016982
v 0.180927 -0.283717 0.027683
v 0.193017 -0.284747 0.026750
v 0.239547 -0.290287 0.090329
v 0.240303 -0.290236 0.090083
v 0.173205 -0.267024 0.288572
v 0.221952 -0.286565 0.258941
v 0.221040 -0.267024 0.282213
v 0.213316 0.030765 -0.266869
v 0.214198 0.043631 -0.266272
v 0.221526 0.034924 -0.260886
v 0.176768 -0.290881 0.119322
v 0.188226 -0.294920 0.140060
v 0.133297 -0.282212 0.097689
v 0.140939 -0.289887 0.144721
v -0.173205 -0.170799 0.288572
v -0.173205 -0.122687 0.288572
v 0.174183 -0.283842 -0.046085
v 0.171582 -0.283226 -0.043877
v 0.170212 -0.283142 -0.047389
v -0.315967 -0.169399 -0.041422
v -0.310371 -0.216754 -0.008578
v -0.318887 -0.161569 0.011198
v -0.309954 -0.220429 -0.003184
v -0.242697 0.275583 -0.271610
v -0.235091 0.266909 -0.275102
v -0.248899 0.259546 -0.263766
v -0.313998 0.110501 -0.080193
v -0.311695 0.165810 -0.084527
v -0.303844 0.123788 -0.125595
v 0.288675 -0.074574 0.173102
v 0.288675 -0.026462 0.173102
v -0.234263 0.325089 -0.265343
v -0.222067 0.338357 -0.257749
v -0.226939 0.310326 -0.280435
v -0.173205 0.262213 -0.288778
v -0.173205 0.214101 -0.288778
v 0.306760 0.220869 0.095161
v 0.306224 0.215153 0.101963
v 0.308345 0.209240 0.091042
v 0.221040 0.310326 -0.282419
v 0.241063 0.310326 -0.273990
v 0.265316 -0.159961 -0.230388
v 0.256942 -0.127528 -0.234648
v 0.272580 -0.147616 -0.215132
v -0.310426 -0.206996 0.059534
v -0.288675 -0.267024 0.043198
v -0.288675 -0.267024 0.086500
v 0.288675 -0.267024 -0.000103
v -0.079919 -0.286876 0.244164
v -0.060233 -0.288310 0.230898
v -0.043301 -0.267024 0.288572
v 0.240005 0.230052 -0.266389
v 0.243654 0.257840 -0.270431
v 0.261457 0.226646 -0.241826
v -0.123770 -0.289372 -0.157199
v -0.069240 -0.283417 -0.162068
v -0.102465 -0.278428 -0.112651
v -0.090962 -0.276359 -0.110727
v -0.245294 -0.152069 0.255080
v -0.261824 -0.092197 0.225887
v -0.268647 -0.161348 0.226639
v 0.263314 -0.286106 0.213000
v 0.288675 -0.267024 0.173102
v 0.286589 -0.267024 0.202055
v 0.248984 0.360651 0.067477
v 0.253937 0.356553 0.064193
v -0.242747 -0.143627 0.255652
v -0.166205 0.399535 0.111110
v -0.085243 0.417688 0.098053
v -0.147296 0.408621 0.077306
v -0.109470 0.417701 0.064652
v -0.065735 -0.206640 0.310334
v -0.072770 -0.224354 0.306013
v -0.050439 -0.222427 0.308484
v 0.093057 -0.014915 0.313390
v 0.081970 0.001517 0.315602
v 0.073016 -0.012697 0.317191
v 0.308388 -0.081617 -0.114192
v 0.288675 -0.074574 -0.173308
v 0.288675 -0.026462 -0.173308
v 0.286589 0.310326 -0.202261
v 0.280048 0.268261 -0.221355
v 0.280332 0.310326 -0.227042
v 0.059849 0.418806 -0.106272
v 0.077783 0.413849 -0.121638
v 0.059866 0.413034 -0.134556
v -0.188707 -0.298002 -0.210782
v -0.144396 -0.291672 -0.154327
v -0.196325 -0.298786 -0.215293
v -0.196568 -0.295837 -0.147276
v -0.282316 0.310326 -0.221143
v -0.193730 -0.298590 -0.217723
v -0.195947 -0.298443 -0.218477
v -0.194542 -0.298284 -0.220715
v -0.223607 -0.086408 0.262854
v -0.261553 -0.088217 0.225885
v -0.173205 0.117876 -0.288778
v -0.173205 0.165989 -0.288778
v 0.173205 0.069764 0.288572
v 0.288675 -0.122687 0.173102
v 0.251607 -0.131584 0.243912
v 0.265734 -0.085603 0.217551
v -0.160377 -0.286208 -0.270292
v -0.186811 -0.297764 -0.223030
v -0.127700 -0.288330 -0.261029
v -0.129904 -0.267024 -0.288778
v -0.094252 -0.239813 -0.299940
v -0.086602 -0.267024 -0.288778
v 0.255992 0.243134 0.254601
v 0.240180 0.260042 0.271484
v 0.224767 0.204748 0.269561
v 0.173205 0.310326 0.288572
v 0.168011 0.348234 0.257613
v 0.129904 0.310326 0.288572
v -0.125871 0.034675 0.305346
v -0.116356 0.063660 0.307818
v -0.173205 0.069764 0.288572
v 0.304706 0.075546 0.127192
v 0.304441 0.080532 0.127646
v 0.304211 0.075436 0.128811
v 0.118438 0.067369 -0.307226
v 0.173205 0.117876 -0.288778
v 0.173205 0.069764 -0.288778
v 0.173205 -0.074574 -0.288778
v 0.173205 -0.122687 -0.288778
v -0.280332 -0.267024 0.226836
v -0.253087 -0.285948 0.235769
v -0.270592 -0.267024 0.246410
v 0.173205 -0.170799 -0.288778
v 0.173205 0.262213 0.288572
v 0.308996 0.248136 0.013264
v 0.314932 0.206134 -0.019568
v 0.306122 0.262587 0.004973
v 0.314175 0.209244 -0.033190
v -0.069007 0.389313 0.202289
v -0.007453 0.406257 0.165386
v -0.073867 0.391456 0.196804
v -0.014779 0.409146 0.157056
v -0.239079 0.168530 0.255637
v -0.220055 0.170708 0.269160
v -0.230506 0.192739 0.265909
v -0.288675 -0.074574 0.173102
v -0.262131 -0.086182 0.224594
v -0.267702 -0.036338 0.212932
v -0.314940 -0.165158 -0.062033
v -0.313919 -0.132784 -0.080203
v -0.312978 -0.172201 -0.071957
v -0.303902 -0.151663 -0.122964
v -0.314641 0.201412 0.016241
v -0.308367 0.244401 0.029714
v -0.313271 0.216603 -0.010347
v 0.173205 0.117876 0.288572
v 0.213574 0.089125 0.267533
v 0.210731 0.084900 0.269117
v -0.043301 0.310326 0.288572
v 0.277275 -0.242135 0.236771
v 0.280332 -0.267024 0.226836
v -0.309962 -0.220181 -0.001675
v -0.317061 -0.171779 0.031729
v 0.140928 -0.006165 0.300947
v 0.129271 -0.035206 0.304471
v 0.173205 -0.026462 0.288572
v -0.308477 -0.094088 0.111957
v -0.288675 -0.122687 0.173102
v -0.279122 0.205175 -0.203038
v -0.279149 0.256238 -0.221136
v -0.268110 0.217252 -0.230266
v -0.271789 0.253883 -0.235286
v 0.078049 -0.181038 0.311554
v 0.106258 -0.186496 0.305919
v 0.085080 -0.119815 0.313918
v 0.088142 -0.118401 0.313346
v -0.288675 0.117876 0.173102
v -0.288675 0.165989 0.173102
v 0.128665 -0.289301 0.255852
v 0.129904 -0.267024 0.288572
v 0.086602 -0.267024 0.288572
v -0.240234 -0.020424 -0.246543
v -0.225992 0.006876 -0.258441
v -0.231466 -0.047812 -0.254598
v -0.220234 -0.030097 -0.262922
v -0.246513 0.310326 -0.270695
v -0.261952 0.310326 -0.257683
v 0.043301 -0.267024 -0.288778
v -0.308446 -0.065117 0.114011
v 0.314392 -0.039690 -0.088320
v 0.320123 -0.019047 -0.050003
v 0.320381 -0.086556 -0.043310
v 0.320390 -0.086436 -0.043233
v 0.073151 0.160387 -0.313204
v 0.068768 0.194487 -0.311849
v 0.098131 0.136738 -0.310896
v 0.099226 0.170493 -0.308762
v -0.288675 -0.074574 -0.173308
v 0.308571 -0.052003 -0.113732
v 0.087213 -0.115526 0.313625
v 0.107859 -0.059827 0.310004
v 0.068266 -0.060052 0.317748
v 0.074562 -0.267024 0.074455
v 0.104667 -0.282403 0.129711
v -0.173205 -0.218912 -0.288778
v -0.173205 -0.170799 -0.288778
v 0.288675 0.310326 -0.173308
v 0.288675 0.310326 -0.130007
v 0.231339 0.153495 0.259193
v 0.219935 0.188595 0.270284
v 0.228422 0.141063 0.260386
v 0.217863 0.181683 0.270578
v -0.173205 0.117876 0.288572
v -0.208166 0.121530 0.271873
v -0.306943 -0.141044 0.112847
v -0.288675 -0.170799 0.173102
v -0.129904 0.310326 0.288572
v -0.086602 0.310326 0.288572
v -0.120209 0.353091 0.256186
v 0.288675 0.262213 -0.173308
v 0.307857 -0.227834 -0.006861
v 0.307503 -0.221108 0.053856
v 0.288675 -0.267024 0.043198
v -0.313956 -0.175797 -0.061992
v -0.092333 0.412134 -0.124645
v -0.048832 0.418951 -0.108577
v -0.077407 0.408658 -0.146131
v 0.173205 0.214101 0.288572
v 0.173205 0.165989 0.288572
v -0.288675 -0.122687 -0.173308
v -0.288675 -0.170799 -0.173308
v -0.288675 -0.026462 0.173102
v 0.001996 -0.285209 0.236324
v 0.008118 -0.284620 0.248652
v -0.008884 -0.285417 0.245571
v -0.251667 -0.221232 0.261419
v -0.262832 -0.230370 0.253553
v -0.233337 -0.225289 0.275418
v -0.249825 -0.250868 0.268459
v -0.202158 -0.267024 -0.286692
v -0.226939 -0.267024 -0.280435
v 0.245451 -0.019400 -0.240098
v 0.266251 0.001030 -0.213990
v 0.253520 -0.043578 -0.231820
v 0.268300 -0.045789 -0.211969
v 0.097079 -0.198482 0.306429
v 0.288675 0.310326 0.043198
v 0.257219 0.353605 0.055801
v -0.173205 0.310326 0.288572
v -0.173205 0.262213 0.288572
v 0.147189 -0.281969 0.076841
v -0.218612 -0.292790 0.110522
v -0.262604 -0.284991 0.098675
v -0.217156 -0.291823 0.094462
v -0.249236 -0.287471 0.069773
v -0.173205 -0.026462 0.288572
v -0.313472 0.101000 -0.083410
v -0.315168 0.103115 -0.074441
v 0.241063 -0.267024 0.273784
v 0.288675 0.117876 0.173102
v 0.305233 0.138851 0.120370
v 0.288675 0.165989 0.173102
v 0.009341 0.254314 -0.307396
v 0.025911 0.236062 -0.310103
v 0.001420 0.239500 -0.310354
v -0.219841 0.151828 0.267716
v -0.218549 0.128324 0.266363
v -0.018998 0.188862 -0.316217
v 0.035405 0.189090 -0.315387
v -0.320570 -0.039013 0.042401
v -0.320023 -0.027165 0.049174
v -0.321132 -0.029726 0.034919
v -0.286589 0.310326 0.202055
v -0.252164 0.220205 0.253890
v -0.237604 0.232042 0.267738
v 0.078338 0.422416 -0.066160
v 0.059293 0.424510 -0.066077
v 0.062290 0.427124 -0.021114
v 0.306150 -0.211134 -0.088670
v 0.305588 -0.212086 -0.091448
v 0.305506 -0.209694 -0.094597
v -0.051512 0.360029 0.251022
v 0.307119 -0.144677 0.108818
v 0.311315 -0.160699 0.084877
v 0.314142 -0.144797 0.075267
v -0.311031 0.200675 -0.069089
v -0.310254 0.234626 -0.038538
v -0.307104 0.233639 -0.075021
v -0.173205 0.214101 0.288572
v 0.288675 -0.267024 0.086500
v -0.062229 0.008582 0.318626
v -0.050920 0.005344 0.320144
v -0.065983 0.052039 0.317654
v -0.055406 0.053361 0.319026
v -0.216272 0.347344 -0.245849
v -0.206819 0.344261 -0.255177
v 0.298150 0.275516 0.109412
v 0.288675 0.310326 0.129801
v 0.288675 0.262213 0.173102
v 0.043301 -0.267024 0.288572
v 0.000000 -0.267024 0.288572
v 0.225899 -0.034262 -0.258642
v 0.231059 -0.036499 -0.253979
v 0.222065 -0.048609 -0.261754
v 0.313432 0.115155 0.086299
v 0.315728 0.091621 0.076143
v 0.316645 0.112847 0.066511
v 0.173205 0.262213 -0.288778
v -0.042051 0.207770 -0.313316
v -0.027231 0.243832 -0.308981
v -0.314785 0.063752 0.080487
v -0.317839 0.063111 0.059982
v -0.316946 0.053282 0.068147
v -0.313112 -0.087966 -0.091080
v -0.312719 -0.054080 -0.094810
v -0.307031 -0.082985 -0.118050
v -0.305346 -0.043636 -0.125621
v -0.094988 -0.275384 -0.102046
v -0.173205 0.021651 0.288572
v 0.026543 -0.080005 -0.322234
v 0.030016 -0.096469 -0.321774
v 0.021386 -0.087811 -0.322324
v -0.173205 -0.074574 0.288572
v -0.288675 0.214101 -0.173308
v -0.288675 0.165989 -0.173308
v -0.318197 -0.071605 -0.062200
v -0.307241 0.214613 -0.088609
v -0.305146 0.217081 -0.101162
v -0.312601 0.172594 -0.076685
v -0.310498 0.178186 -0.087368
v -0.089289 -0.041522 0.314081
v -0.052566 -0.001812 0.320127
v -0.114659 -0.035557 0.308809
v -0.066276 -0.002512 0.317785
v 0.046532 -0.213550 0.310422
v 0.036791 -0.220610 0.310060
v 0.066208 -0.213529 0.308385
v -0.099085 -0.267024 -0.036166
v -0.091317 -0.267024 -0.052824
v -0.062912 -0.288491 -0.220073
v -0.063822 -0.288547 -0.220500
v -0.019038 -0.282615 -0.257435
v -0.035961 -0.282243 -0.260295
v 0.028401 -0.216032 -0.311377
v 0.000000 -0.267024 -0.288778
v 0.034174 -0.230196 -0.305723
v 0.305531 -0.115905 -0.120782
v 0.308871 -0.098746 -0.109863
v 0.309646 -0.141524 -0.098974
v 0.315398 -0.124947 -0.072213
v -0.288675 0.310326 0.173102
v -0.260147 0.344639 0.166193
v -0.288675 0.310326 0.129801
v -0.173205 -0.122687 -0.288778
v -0.230063 -0.101731 -0.260115
v -0.173205 -0.074574 -0.288778
v 0.173205 0.310326 -0.288778
v -0.086602 -0.267024 0.288572
v -0.109759 -0.293053 0.229618
v -0.120130 -0.292183 0.235759
v 0.000002 -0.267024 0.105341
v -0.258415 0.352034 -0.120057
v -0.263329 0.344163 -0.147775
v -0.288675 0.310326 -0.130007
v -0.013966 0.145497 0.319419
v -0.026356 0.184542 0.316662
v -0.043844 0.133291 0.318111
v -0.043142 0.158420 0.316859
v 0.288675 0.021651 0.173102
v -0.202152 -0.288660 -0.068555
v -0.183993 -0.286772 -0.073718
v -0.148773 -0.276973 -0.019692
v -0.133534 -0.275127 -0.043123
v 0.231452 -0.216207 0.273906
v 0.245169 -0.203844 0.261717
v 0.229266 -0.201864 0.272736
v 0.221040 -0.267024 -0.282419
v -0.129904 -0.267024 0.288572
v -0.124518 -0.206469 0.300157
v -0.173205 -0.218912 0.288572
v -0.108998 0.028237 0.309776
v 0.016241 -0.286803 -0.213854
v 0.000964 -0.277730 -0.153371
v -0.045948 -0.281635 -0.163910
v 0.034278 0.395240 -0.194289
v 0.044751 0.394196 -0.195876
v 0.022453 0.388062 -0.209306
v 0.103016 -0.142500 -0.309760
v 0.121661 -0.146653 -0.305160
v 0.087330 -0.196231 -0.309066
v 0.105322 -0.189084 -0.306185
v 0.067910 -0.210814 -0.309293
v 0.086602 -0.267024 -0.288778
v 0.270592 0.310326 -0.246616
v 0.255398 0.330398 -0.243384
v 0.237332 0.339264 0.245833
v 0.241063 0.310326 0.273784
v 0.257580 0.310326 0.261850
v 0.129904 0.310326 -0.288778
v -0.288675 -0.267024 0.173102
v -0.286589 -0.267024 0.202055
v -0.288675 -0.218912 0.173102
v 0.288675 -0.170799 -0.173308
v -0.063851 -0.288579 -0.219165
v -0.062749 -0.288493 -0.218979
v -0.128437 0.415576 0.043130
v -0.121959 0.416924 0.044256
v -0.117786 0.418371 0.026094
v -0.288675 0.117876 -0.173308
v -0.288675 0.069764 -0.173308
v 0.305689 -0.063031 0.124156
v 0.305662 -0.088444 0.123167
v 0.172256 -0.286769 0.085699
v 0.239296 -0.290314 0.090821
v 0.192748 -0.294288 0.131261
v -0.079170 0.217168 -0.308712
v -0.110137 0.240326 -0.301913
v -0.080428 0.266600 -0.301534
v 0.178336 -0.285762 0.066137
v 0.167133 -0.282288 0.038195
v 0.307947 -0.014050 0.117292
v 0.313926 -0.007615 0.090027
v 0.306518 0.010679 0.122206
v -0.060480 -0.267024 -0.086477
v -0.074560 -0.267024 -0.074663
v 0.080998 -0.287764 -0.248879
v 0.233410 -0.104411 -0.257135
v 0.239064 -0.109014 -0.252917
v 0.235750 -0.113582 -0.256311
v 0.027741 -0.286601 -0.210001
v 0.056006 -0.288237 -0.236352
v 0.099600 -0.291284 -0.196662
v 0.096872 -0.291283 -0.220361
v 0.026850 -0.286926 -0.220732
v 0.016941 -0.287320 -0.226163
v 0.173205 -0.218912 0.288572
v -0.147876 -0.284070 -0.097213
v -0.104163 -0.276820 -0.101051
v -0.138121 -0.280335 -0.082902
v -0.072951 0.396151 -0.183785
v -0.110097 0.405759 -0.146507
v -0.041177 0.399750 -0.182232
v -0.079569 0.376524 -0.226885
v -0.079529 0.378521 -0.222936
v -0.076656 0.377610 -0.225883
v -0.005508 -0.127458 -0.321511
v 0.305006 -0.213451 -0.094392
v 0.288675 -0.267024 -0.130007
v 0.288675 -0.218912 -0.173308
v -0.288675 0.310326 -0.086706
v -0.268359 0.341006 -0.110524
v -0.261456 0.349264 -0.056208
v -0.035007 -0.221958 -0.309744
v -0.043301 -0.267024 -0.288778
v 0.071695 0.084680 0.316277
v 0.075223 0.079508 0.315968
v 0.081806 0.092693 0.314546
v -0.288675 0.310326 -0.173308
v -0.253172 -0.220712 -0.260204
v -0.239178 -0.172558 -0.262175
v -0.249816 -0.227771 -0.264883
v -0.233187 -0.211879 -0.272846
v 0.217273 0.026524 -0.263834
v 0.210418 0.026749 -0.268469
v 0.063706 -0.260627 -0.031970
v 0.059764 -0.260018 -0.032549
v 0.091315 -0.267024 -0.052828
v 0.036484 -0.179266 0.316334
v 0.052549 -0.162075 0.316946
v -0.086602 0.310326 -0.288778
v -0.129904 0.310326 -0.288778
v -0.275543 -0.205104 0.223350
v 0.280332 -0.267024 -0.227042
v 0.237083 -0.285230 -0.255988
v 0.270592 -0.267024 -0.246616
v -0.090903 0.422878 -0.033830
v -0.135350 0.413447 -0.046019
v 0.271365 0.210821 0.223415
v 0.265114 0.202140 0.231137
v 0.268932 0.191812 0.223396
v -0.113990 -0.110303 0.308056
v -0.096676 -0.043630 -0.312688
v -0.059566 -0.015563 -0.318969
v -0.046203 -0.063123 -0.320515
v 0.304802 0.074268 0.126759
v 0.304491 0.073166 0.128085
v 0.316726 0.053332 0.074565
v 0.313091 0.047519 0.093141
v 0.115128 0.405069 0.138770
v 0.084468 0.409972 0.135119
v 0.078501 0.406332 0.155377
v -0.056629 -0.259206 -0.027236
v 0.044565 -0.267024 0.095461
v -0.241063 -0.267024 0.273784
v -0.300133 -0.216110 -0.120163
v -0.288675 -0.267024 -0.130007
v -0.301601 -0.224064 -0.103608
v 0.215659 0.341778 0.254533
v -0.221040 -0.267024 0.282213
v -0.050321 0.185481 -0.314619
v 0.002316 0.130851 -0.320353
v -0.070177 0.144611 -0.314630
v -0.000618 0.127975 -0.320340
v 0.321395 -0.114515 0.013204
v 0.321429 -0.114710 0.012231
v 0.322194 -0.069989 0.014370
v -0.218369 0.026611 0.263333
v -0.225492 0.040995 0.258584
v -0.131190 0.389384 -0.188103
v -0.179200 0.389129 -0.149377
v -0.316479 0.103256 -0.062837
v -0.320702 0.051089 -0.034805
v -0.320732 0.099563 -0.013640
v -0.273887 0.310326 -0.241166
v 0.288675 0.214101 0.173102
v -0.054649 0.122346 0.317548
v -0.062286 0.125342 0.316538
v -0.052144 0.058211 0.319377
v -0.057795 0.061263 0.318641
v 0.000000 0.310326 0.288572
v -0.233783 0.275718 -0.276742
v -0.202158 0.310326 -0.286692
v 0.047631 0.206934 -0.312693
v -0.078126 0.376434 -0.227422
v -0.078463 0.375934 -0.228279
v -0.008788 0.089012 0.321670
v 0.011792 0.058612 0.322271
v 0.007680 0.091506 0.321594
v -0.255490 -0.099734 -0.233105
v -0.230622 -0.114724 -0.261005
v -0.263854 -0.103611 -0.223891
v -0.250784 -0.157651 -0.249626
v 0.230863 -0.178307 -0.269179
v 0.101949 0.202843 0.306717
v 0.101408 0.201578 0.306893
v 0.248773 -0.135805 0.246749
v 0.254717 -0.142733 0.241545
v -0.315361 0.110784 -0.072123
v -0.313135 0.164761 -0.074952
v 0.129689 -0.069043 0.304166
v 0.088826 -0.116343 0.313276
v 0.138385 -0.107404 0.300872
v -0.318292 0.157038 -0.015095
v -0.316400 0.187033 -0.012832
v -0.314311 0.166540 -0.060793
v -0.003325 -0.167862 0.319134
v -0.020354 -0.181868 0.317300
v -0.000607 -0.191690 0.316476
v 0.234371 -0.286780 -0.018675
v 0.246135 -0.287052 -0.044759
v 0.180202 -0.284424 -0.049546
v -0.242015 0.087186 -0.244941
v -0.213501 0.120673 -0.269460
v -0.216321 0.066750 -0.265799
v 0.173205 -0.026462 -0.288778
v -0.125224 0.093175 0.304929
v 0.321413 -0.114840 0.012531
v -0.288675 -0.267024 -0.043404
v -0.288675 -0.267024 -0.000103
v 0.317403 0.155553 -0.044233
v 0.317485 0.130283 -0.054159
v 0.312907 0.135588 -0.084777
v 0.081867 0.008234 -0.315817
v 0.102184 0.034578 -0.311279
v 0.098589 0.006071 -0.312473
v 0.257258 0.353630 0.090210
v 0.225825 0.373671 0.108600
v 0.258083 0.351303 0.116356
v 0.108150 -0.205135 0.303879
v -0.318509 0.122519 -0.037721
v -0.319260 0.138000 -0.016973
v -0.241703 -0.294720 -0.156169
v 0.200441 -0.298530 -0.205169
v 0.245516 -0.293389 -0.157695
v 0.177855 -0.298997 -0.199059
v 0.232492 -0.294661 -0.153648
v -0.091250 -0.291282 0.214944
v -0.110390 -0.289087 0.166191
v -0.115052 -0.291820 0.197997
v 0.271059 -0.097729 -0.211177
v 0.263130 -0.090784 -0.222931
v 0.266938 -0.065490 -0.215734
v -0.173205 -0.026462 -0.288778
v -0.173205 0.021651 -0.288778
v 0.239898 -0.042922 -0.246436
v 0.243016 -0.106367 -0.249204
v 0.238899 -0.105754 -0.252731
v 0.007302 0.131658 -0.320275
v 0.120418 -0.285170 -0.267442
v 0.090284 -0.287771 -0.251271
v 0.308027 0.182302 -0.100956
v 0.306665 0.168405 -0.109002
v 0.288675 0.165989 -0.173308
v 0.288675 -0.267024 -0.086706
v -0.006371 -0.281630 0.256923
v 0.099084 -0.267024 -0.036170
v 0.000000 -0.267024 -0.105547
v 0.102135 0.411990 -0.115454
v 0.123526 0.406822 -0.129595
v 0.288675 -0.267024 -0.173308
v 0.247409 -0.292326 -0.145001
v 0.318659 0.160657 -0.020633
v 0.314668 0.205273 -0.033452
v 0.314706 0.199884 -0.039007
v -0.317127 -0.136818 -0.057373
v -0.319014 -0.157596 -0.001213
v 0.321389 -0.115303 0.011368
v 0.321424 -0.115192 0.012222
v 0.316961 -0.146418 -0.054807
v 0.318328 -0.150418 -0.030307
v 0.232751 -0.197140 -0.271145
v 0.173205 -0.218912 -0.288778
v 0.144174 0.395934 -0.157583
v 0.188266 0.388054 -0.138981
v 0.178160 0.381941 -0.183046
v 0.243029 -0.113328 -0.249408
v 0.320666 -0.089327 -0.037984
v 0.320383 -0.086687 -0.043239
v 0.302927 -0.141057 0.127171
v 0.302865 -0.144525 0.126899
v 0.273333 -0.153608 -0.214148
v 0.277383 -0.226066 -0.229672
v 0.270507 -0.219378 -0.239432
v 0.288675 -0.122687 -0.173308
v 0.247343 -0.291598 -0.217475
v 0.286589 -0.267024 -0.202261
v -0.037961 0.342983 -0.266842
v -0.043301 0.310326 -0.288778
v -0.056717 0.346385 -0.263503
v -0.288675 0.021651 -0.173308
v 0.281430 -0.188528 -0.204056
v -0.224784 0.261608 0.276077
v 0.307779 -0.220254 0.053485
v 0.309719 -0.221588 -0.007168
v -0.070315 -0.278981 -0.138485
v -0.148824 0.364012 -0.237973
v 0.063711 0.415782 0.118052
v 0.024980 0.408688 0.156368
v 0.011321 0.413148 0.141938
v 0.212703 0.162348 -0.272368
v 0.227511 0.157363 -0.262772
v 0.220600 0.143339 -0.266232
v 0.315131 0.204673 0.027376
v -0.317182 -0.034899 -0.069502
v 0.226056 -0.238240 -0.280465
v 0.173205 0.021651 -0.288778
v -0.266053 -0.226433 0.248911
v -0.270809 -0.226237 0.242313
v 0.256547 -0.290200 0.154134
v 0.288675 -0.267024 0.129801
v 0.320391 -0.086582 -0.043229
v 0.320384 -0.086617 -0.043273
v -0.222815 -0.200452 -0.276542
v -0.222579 -0.159564 -0.270867
v 0.306540 -0.206345 -0.089618
v -0.318927 -0.104962 0.050487
v -0.319820 -0.138800 0.025165
v -0.315810 -0.112157 0.073147
v 0.247780 0.332516 -0.248645
v -0.227046 0.025587 0.256953
v -0.253761 0.029289 0.230346
v -0.231758 0.342688 -0.240090
v -0.264152 0.333313 -0.222847
v -0.252773 0.330196 -0.243521
v -0.227507 0.104865 0.258963
v -0.241328 0.139521 0.249901
v -0.256287 0.100922 0.229852
v 0.271208 0.174652 -0.215937
v 0.260567 0.126402 -0.226306
v 0.266353 -0.054448 -0.215942
v -0.288675 0.310326 0.043198
v -0.288675 0.310326 0.086500
v -0.113484 -0.287419 0.150776
v -0.160617 -0.293822 0.154368
v -0.118985 -0.280262 0.104924
v -0.242604 0.365750 0.056579
v -0.194263 0.394390 0.047176
v -0.246158 0.363449 0.038573
v -0.194718 0.394547 0.039268
v 0.096076 -0.008468 -0.313030
v 0.030990 -0.260988 0.066352
v 0.025463 -0.260642 0.066477
v 0.032065 -0.257722 0.037352
v 0.280332 0.310326 0.226836
v 0.286589 0.310326 0.202055
v 0.288675 -0.267024 -0.043404
v -0.018430 0.384808 0.214806
v 0.026362 -0.039076 0.322168
v 0.095566 -0.267024 0.044457
v 0.241654 -0.289092 -0.078275
v 0.258559 -0.284545 -0.072651
v 0.030372 -0.255738 0.015997
v 0.033536 -0.255981 0.015147
v 0.033182 -0.256088 0.018057
v 0.092036 -0.289802 0.195497
v 0.058929 -0.280444 0.156018
v 0.089273 -0.286937 0.173967
v -0.225340 0.213507 -0.271191
v -0.213029 0.186879 -0.274300
v 0.250432 -0.089923 -0.239191
v 0.173205 0.021651 0.288572
v 0.221040 0.310326 0.282213
v 0.272901 0.197826 0.216427
v 0.241464 -0.286328 -0.002645
v 0.196688 -0.284926 0.013138
v -0.243291 0.155843 -0.249729
v -0.250945 0.158647 -0.242418
v -0.248442 0.164244 -0.245813
v 0.086602 0.310326 0.288572
v 0.118836 0.258923 0.298618
v 0.178516 -0.292654 -0.255667
v 0.150078 -0.290332 -0.261975
v 0.173205 -0.267024 -0.288778
v 0.199059 -0.092681 -0.276058
v 0.018345 -0.257070 -0.027430
v -0.013500 -0.060555 -0.322687
v -0.013817 -0.040554 -0.322884
v 0.017881 -0.060406 -0.322494
v 0.271724 -0.137593 -0.215389
v 0.313349 -0.133126 0.082070
v 0.315138 -0.134234 0.073008
v -0.200549 0.374152 0.185559
v -0.196548 0.377850 0.176601
v -0.200258 0.376009 0.178551
v 0.273986 0.232533 -0.225575
v 0.270738 0.215292 -0.225991
v 0.270705 0.222960 -0.228030
v -0.235596 -0.283904 0.258445
v -0.222102 -0.297518 0.207137
v -0.199144 -0.292188 0.248853
v -0.257131 0.242351 0.253600
v -0.266548 0.224890 0.238040
v -0.093994 -0.140531 -0.311829
v -0.104630 -0.186656 -0.306634
v -0.016584 0.423185 -0.093879
v -0.052406 0.424594 -0.067450
v 0.254425 0.179809 0.240107
v 0.239050 0.127487 0.250321
v 0.263620 0.125041 0.221486
v 0.115262 -0.293562 -0.209045
v -0.010478 0.250420 0.308541
v -0.006315 0.261411 0.305743
v -0.021781 0.258759 0.306677
v 0.259874 -0.289621 0.199679
v 0.257252 -0.287533 0.220202
v -0.013028 -0.278680 0.157669
v -0.005213 -0.281516 0.172714
v -0.029870 -0.280727 0.165427
v -0.058549 -0.226685 -0.307027
v -0.249788 0.016401 -0.236568
v 0.233422 -0.294171 -0.140368
v -0.198743 -0.298410 -0.217096
v -0.256614 -0.291872 -0.178427
v 0.132402 -0.138264 0.301865
v 0.173205 -0.170799 0.288572
v 0.173205 -0.122687 0.288572
v 0.034292 -0.278377 -0.151853
v 0.027287 -0.267024 -0.101955
v -0.036064 -0.267024 -0.099188
v -0.253094 -0.293327 0.165081
v -0.288675 -0.267024 0.129801
v -0.302263 0.242587 0.103073
v -0.302934 0.244001 0.095767
v -0.312880 0.186426 0.061261
v -0.307683 0.245629 0.037585
v -0.192987 0.395427 0.034412
v -0.190652 0.396324 0.038700
v 0.000000 0.310326 -0.288778
v 0.014710 0.263518 -0.304450
v -0.172527 0.348732 0.257719
v 0.055896 -0.279028 -0.146376
v 0.302124 -0.154847 -0.127396
v 0.253421 0.334962 -0.237476
v 0.242009 0.194418 0.254186
v 0.056829 -0.277672 0.140720
v -0.234207 -0.207674 0.271730
v -0.231731 -0.215247 0.274150
v -0.225901 -0.215247 0.276326
v -0.255827 -0.192086 0.252422
v 0.097314 0.421911 0.015369
v 0.066006 0.426687 0.012125
v 0.076026 0.424608 0.031696
v 0.105641 0.197116 -0.306053
v 0.083818 0.221861 -0.307237
v -0.121658 0.161735 -0.304116
v -0.113810 0.211935 -0.303542
v 0.044852 -0.227717 0.306607
v 0.244926 0.286629 -0.271839
v -0.315099 0.178013 0.045965
v -0.318282 0.160842 0.001350
v -0.318761 0.124548 0.034860
v 0.315412 0.041798 -0.082237
v 0.319765 0.026978 -0.053348
v 0.312931 -0.003751 -0.096072
v 0.094933 0.000956 0.313109
v -0.235830 -0.291360 -0.109185
v -0.259680 -0.287328 -0.108816
v -0.259429 -0.290135 -0.154141
v -0.270124 -0.282726 0.214706
v 0.103929 0.259219 0.300268
v -0.283709 -0.236612 0.214189
v -0.240451 0.357194 -0.185903
v -0.199597 0.368142 -0.206833
v 0.212174 0.372307 0.171644
v 0.209086 0.373063 0.174828
v 0.211723 0.371585 0.175629
v 0.134612 0.026468 0.302847
v 0.024544 0.112473 0.320297
v -0.003991 0.117729 0.320882
v -0.094908 -0.129868 -0.312046
v -0.085373 -0.126197 -0.313827
v -0.090977 -0.133493 -0.312734
v -0.199673 -0.289302 -0.080088
v -0.201524 0.337621 0.263805
v -0.193809 0.345602 0.257106
v 0.027293 -0.267024 0.101747
v -0.257329 0.352502 0.038933
v -0.288675 0.310326 -0.000103
v 0.313894 0.209573 -0.036741
v 0.313902 0.206832 -0.040918
v 0.304207 0.251067 -0.086442
v 0.304344 0.247748 -0.089901
v -0.024051 -0.127123 -0.321309
v -0.023352 -0.145460 -0.320469
v -0.312490 0.149659 0.080959
v -0.311923 0.121504 0.090331
v -0.308757 0.130908 0.105275
v 0.228714 -0.072308 0.257569
v 0.209554 -0.145300 0.274251
v 0.238386 -0.092851 0.251277
v -0.319024 -0.039097 0.056550
v -0.310055 -0.022738 0.107149
v 0.320390 -0.086612 -0.043225
v -0.288675 0.310326 -0.043404
v -0.228435 0.376639 -0.032343
v -0.251527 0.359053 0.029626
v -0.220627 0.381951 -0.019994
v -0.099838 0.093700 0.311038
v -0.237774 -0.029875 0.247889
v -0.224155 -0.061455 0.261206
v -0.220326 -0.027768 0.262507
v 0.318376 0.057865 -0.061561
v 0.316268 0.065086 -0.073497
v 0.318692 0.072655 -0.057890
v 0.074511 -0.286087 -0.251276
v -0.279754 0.274117 -0.225951
v 0.242346 0.040922 0.242602
v 0.234495 0.044430 0.250109
v 0.227130 0.001367 0.256685
v 0.226945 0.001449 0.256829
v 0.277720 -0.231065 -0.230614
v 0.288675 -0.170799 0.173102
v -0.316666 -0.084917 0.071199
v -0.303445 -0.175710 -0.119720
v -0.288675 -0.218912 -0.173308
v 0.307535 -0.220839 0.054586
v -0.134490 -0.289213 -0.146141
v -0.044561 -0.267024 0.095462
v -0.044478 -0.257934 0.030934
v -0.047562 -0.258298 0.031278
v 0.288675 0.021651 -0.173308
v 0.307240 0.017415 -0.120093
v 0.305294 0.058174 -0.125950
v -0.009459 -0.218224 -0.311450
v -0.011979 -0.163133 -0.319206
v -0.273950 0.117623 -0.204269
v 0.173205 -0.074574 0.288572
v -0.282316 -0.267024 -0.221143
v -0.273887 -0.267024 -0.241166
v 0.230271 -0.069370 0.256223
v 0.231459 -0.068951 0.255284
v 0.110029 0.418535 -0.041381
v 0.214823 0.089324 -0.267186
v 0.259428 0.123585 -0.227532
v 0.228908 0.072088 -0.255647
v 0.259997 0.120516 -0.226580
v -0.128525 -0.291837 -0.172642
v -0.125796 -0.294361 -0.217874
v -0.080247 0.134873 0.313272
v -0.122833 0.120723 0.305118
v 0.304363 -0.217238 -0.090240
v 0.179610 -0.283111 0.019867
v -0.209626 0.143522 -0.272302
v 0.042057 -0.137774 -0.319479
v 0.082140 -0.136334 -0.314132
v 0.073134 -0.184229 -0.312225
v 0.311333 0.167833 -0.085387
v 0.044559 -0.267024 -0.095669
v 0.288675 0.214101 -0.173308
v 0.233601 -0.285161 0.254529
v 0.257580 -0.267024 0.261850
v 0.070645 -0.288380 0.201489
v -0.218118 -0.290314 -0.078279
v -0.258142 -0.284827 -0.064133
v -0.265670 -0.283493 -0.088145
v -0.086374 -0.267024 0.060378
v 0.105444 -0.267024 -0.000106
v 0.174157 -0.282968 -0.030075
v -0.260613 -0.048882 -0.223878
v -0.195378 -0.298661 -0.216898
v -0.196330 -0.298570 -0.217227
v -0.162800 0.406258 -0.054409
v -0.176632 0.398247 -0.090685
v -0.181757 0.399953 -0.045611
v -0.249242 0.275327 0.268742
v -0.317100 0.070237 0.064702
v -0.314992 0.086065 0.077882
v -0.318943 0.118029 0.036202
v -0.317514 0.120704 0.049778
v 0.119995 -0.053025 -0.307284
v 0.079846 -0.064862 -0.315950
v -0.064676 -0.288671 -0.219584
v -0.084632 -0.287493 -0.180717
v -0.018308 -0.267024 0.103739
v 0.288675 0.310326 0.086500
v 0.270592 0.310326 0.246410
v -0.308071 0.243813 0.035371
v 0.004590 0.047286 -0.322249
v -0.054553 0.069653 -0.318622
v 0.005015 0.114770 -0.320769
v -0.004668 0.119157 -0.320297
v 0.136125 -0.293429 0.174842
v 0.140620 -0.294224 0.176668
v 0.137556 -0.294052 0.179229
v 0.242092 -0.222425 0.268588
v -0.306821 0.249840 0.032500
v -0.307249 0.248433 0.035319
v -0.105444 -0.267024 -0.000102
v -0.288675 0.021651 0.173102
v -0.058894 0.270343 -0.302442
v -0.321678 -0.102354 -0.000133
v -0.321965 -0.097114 -0.003421
v -0.321657 -0.103462 -0.006745
v 0.204286 0.385669 0.108029
v 0.207758 0.384458 0.105695
v 0.203081 0.376414 -0.171674
v -0.220938 0.381336 -0.053864
v -0.216170 0.384699 -0.038623
v 0.257580 -0.267024 -0.262055
v 0.235795 -0.281984 -0.262523
v 0.241063 -0.267024 -0.273990
v -0.116371 -0.008878 0.308128
v 0.231305 -0.026748 -0.253521
v 0.236675 -0.031893 -0.249044
v -0.288675 -0.267024 -0.173308
v 0.070408 0.393405 0.191327
v 0.047716 0.387006 0.210258
v 0.083502 0.387421 0.204444
v -0.134905 0.370922 0.229174
v -0.110571 0.371951 0.229835
v -0.089174 0.386854 0.205933
v 0.066257 0.004655 0.317859
v 0.077815 0.010058 0.316338
v 0.026982 -0.285650 -0.233982
v 0.066639 -0.008195 -0.318131
v 0.012857 0.039955 -0.322326
v 0.022947 0.018024 -0.321731
v -0.177506 0.378507 0.193895
v -0.313222 0.001713 0.092200
v -0.257925 -0.000122 -0.225872
v 0.006139 0.127350 -0.320544
v 0.004861 0.128706 -0.320449
v -0.106896 0.412696 -0.110336
v -0.123446 0.408094 -0.121898
v 0.265315 0.341249 0.177298
v 0.261507 0.347743 0.127073
v 0.234091 0.355589 -0.204558
v 0.216758 0.349295 -0.240626
v -0.319562 -0.091878 0.047147
v 0.251288 -0.213473 -0.261003
v 0.247043 -0.191909 -0.259844
v -0.288675 0.262213 0.173102
v 0.103842 -0.267024 0.018204
v 0.010051 -0.012802 0.322952
v -0.004714 -0.041135 0.322983
v 0.056463 -0.260032 -0.035909
v 0.074557 -0.267024 -0.074665
v 0.044908 -0.026237 -0.320743
v 0.031763 -0.017748 -0.321670
v 0.052136 -0.018876 -0.319934
v 0.318331 0.138800 0.043908
v 0.320680 0.103552 0.030061
v 0.320151 0.137200 0.001047
v 0.109078 0.243584 0.301493
v -0.007771 -0.259021 0.059766
v 0.124834 0.249272 0.298642
v 0.248208 -0.180255 -0.256147
v 0.240687 -0.184446 -0.263187
v 0.306213 0.073359 -0.122005
v 0.288675 0.069764 -0.173308
v 0.308043 -0.008145 -0.116789
v -0.074559 -0.267024 0.074458
v 0.241910 0.191920 -0.256500
v 0.258991 0.128499 -0.227909
v 0.256276 0.126971 -0.230737
v -0.063785 0.140650 0.315943
v 0.066632 -0.284706 0.253695
v 0.087013 -0.290159 0.219740
v 0.242462 0.359823 -0.164942
v 0.242294 0.363613 -0.119494
v -0.034708 0.192271 0.315562
v 0.009952 0.364432 -0.246032
v -0.009513 0.375610 -0.230320
v -0.076652 0.425489 -0.013468
v 0.106411 0.245539 -0.301430
v 0.067622 0.243742 -0.306218
v -0.133506 0.379944 0.211038
v -0.173205 0.310326 -0.288778
v -0.288675 0.214101 0.173102
v 0.037439 -0.256440 0.016242
v 0.042174 -0.256931 0.000828
v 0.075384 -0.261442 0.003469
v 0.061842 -0.259985 -0.026134
v 0.319725 0.134598 -0.023626
v 0.320645 0.097556 -0.033053
v 0.116653 0.399466 -0.163407
v 0.123212 0.403562 -0.143392
v -0.174159 0.359233 -0.239392
v -0.157232 0.353622 -0.252121
v 0.086602 0.310326 -0.288778
v 0.102175 0.205331 0.306504
v 0.305622 -0.214430 -0.087116
v -0.301922 0.184023 0.126092
v -0.302110 0.243100 0.103917
v 0.266239 0.342913 -0.012640
v -0.067940 0.408197 0.150306
v 0.288675 0.310326 0.173102
v -0.075484 0.126660 -0.314595
v -0.061921 0.074326 -0.317797
v 0.109702 -0.119837 -0.309201
v 0.032256 -0.165751 -0.318191
v -0.012582 -0.148126 -0.320966
v 0.104434 -0.292137 -0.201996
v -0.010720 0.421209 -0.107402
v -0.029190 0.407562 -0.160398
v -0.190496 -0.294439 0.134353
v -0.206596 -0.292977 0.112508
v -0.200496 -0.292176 0.106168
v -0.224595 0.053630 -0.258572
v -0.250268 0.055373 -0.235539
v -0.288675 0.262213 -0.173308
v 0.309371 -0.221829 -0.014257
v 0.316054 -0.172833 -0.042709
v 0.316902 -0.178431 -0.013279
v 0.322543 -0.042312 0.015376
v 0.304134 0.265996 0.051758
v 0.302036 0.270756 0.070011
v 0.306718 0.234998 0.083481
v -0.302728 0.172471 0.124685
v 0.043301 0.310326 -0.288778
v 0.221263 -0.289417 0.253118
v 0.239996 -0.288546 0.242526
v 0.270592 -0.267024 0.246410
v 0.128280 0.252706 -0.297414
v 0.195684 0.371188 -0.200469
v -0.173205 -0.267024 -0.288778
v -0.283921 0.279246 0.216329
v 0.305099 0.266505 0.010404
v 0.304414 0.268657 0.004209
v 0.288675 0.310326 -0.000103
v -0.320810 0.012206 0.037549
v -0.310204 -0.192832 0.077429
v -0.312631 -0.190987 0.057626
v -0.221040 0.310326 0.282213
v -0.305957 0.180718 0.108026
v -0.113331 0.259247 0.299545
v 0.210940 -0.077063 -0.269472
v -0.306963 -0.001286 0.119552
v -0.308589 0.030764 0.113226
v 0.137996 0.241746 -0.296459
v 0.173205 0.214101 -0.288778
v 0.130904 0.053656 0.303964
v 0.044807 0.355275 -0.255863
v 0.049040 -0.276595 0.139575
v -0.024955 0.359507 -0.251338
v -0.075201 0.376272 -0.227959
v -0.028682 0.392711 -0.199630
v 0.230732 -0.067044 0.255740
v 0.233610 -0.068560 0.253580
v 0.233678 -0.062881 0.253124
v -0.021742 -0.283445 0.188184
v 0.169165 0.403937 -0.048759
v 0.197951 0.391576 -0.050282
v 0.178965 0.398651 -0.076866
v 0.307852 -0.227556 -0.013807
v -0.306485 -0.113998 -0.118064
v -0.288675 -0.267024 -0.086706
v 0.167927 0.343396 -0.264614
v 0.198519 0.339103 -0.263209
v -0.243661 0.165904 -0.250437
v 0.309287 0.113429 -0.106968
v 0.307969 0.128837 -0.110316
v -0.319219 0.111014 0.034760
v -0.265380 0.095959 0.217986
v -0.265527 0.112877 0.218807
v -0.066566 0.281049 -0.299275
v -0.158714 -0.281482 0.057785
v -0.184040 -0.283496 0.021336
v -0.147514 -0.276606 0.016189
v -0.100423 -0.203062 0.304991
v -0.304557 0.256397 -0.062681
v -0.302242 0.241510 -0.107205
v -0.298614 0.265619 -0.109519
v 0.261383 0.336079 0.204838
v -0.094562 -0.286209 0.159216
v -0.094334 -0.279909 0.126140
v -0.003738 0.408919 0.158386
v -0.009178 0.411885 0.147041
v -0.241063 0.310326 0.273784
v 0.029957 -0.261347 0.069012
v -0.122167 0.029733 -0.306507
v -0.080729 0.054839 -0.315081
v -0.099493 0.018762 -0.311985
v 0.220665 -0.025353 -0.261720
v -0.126879 -0.293572 0.229317
v -0.144028 -0.295246 0.197770
v -0.296541 -0.226657 -0.130241
v -0.202140 0.378138 0.165226
v -0.215877 0.379462 0.113548
v -0.248957 0.358463 0.119680
v 0.156848 0.410081 -0.003530
v -0.317553 -0.107749 -0.062393
v -0.258698 -0.233402 -0.258253
v -0.265385 -0.209458 -0.244445
v -0.055098 0.281688 -0.299376
v -0.173205 -0.267024 0.288572
v -0.099084 -0.267024 0.035962
v -0.065541 -0.287376 0.191772
v -0.313076 -0.023850 -0.092430
v -0.315451 0.000158 -0.081580
v -0.307956 -0.016427 -0.115620
v -0.173205 0.165989 0.288572
v 0.012646 0.221877 0.313212
v 0.026140 0.194242 0.315923
v 0.039602 0.232646 0.310705
v 0.307429 0.153536 0.108752
v 0.313936 0.128287 0.081090
v -0.257501 0.353090 -0.034625
v -0.255834 -0.285924 -0.237061
v -0.197657 -0.298222 -0.219420
v -0.256858 -0.286254 -0.234663
v 0.288675 0.117876 -0.173308
v 0.164201 0.376073 -0.206316
v 0.288675 0.310326 -0.043404
v -0.300993 -0.218643 0.113691
v -0.304495 -0.170000 0.116123
v -0.288675 0.069764 0.173102
v 0.322523 -0.042416 0.015710
v -0.092147 -0.134846 -0.312516
v -0.246767 0.351765 0.191390
v -0.254596 0.353624 0.128210
v -0.091603 0.172289 -0.309957
v -0.099447 0.145863 -0.309614
v 0.144194 -0.294793 0.179718
v 0.198308 -0.296275 0.148778
v 0.204708 -0.298778 0.198059
v 0.303369 0.153243 0.125039
v -0.094363 -0.133356 -0.312053
v 0.228975 -0.066734 0.257174
v 0.226840 0.001077 0.256926
v -0.245655 0.334447 0.246554
v -0.238401 0.335692 0.250707
v -0.236293 0.354335 0.205293
v -0.217159 0.352514 0.232575
v -0.308413 0.107018 0.109337
v -0.305642 0.070522 0.122740
v 0.306033 0.197054 0.105964
v 0.029641 -0.256016 0.020569
v 0.251119 -0.284519 -0.022925
v -0.321575 -0.035169 -0.027422
v -0.322087 -0.018253 -0.013647
v -0.320168 -0.011878 -0.044487
v -0.072422 -0.281877 -0.268523
v 0.119566 0.375276 -0.225391
v 0.126311 0.384624 -0.202022
v -0.097202 -0.275178 -0.098789
v -0.120342 -0.274840 -0.067170
v 0.313037 0.064769 -0.092736
v 0.314858 0.088974 -0.080758
v -0.174754 -0.296190 0.237241
v -0.220975 -0.297817 0.205894
v -0.173153 -0.297506 0.191519
v -0.218034 -0.297858 0.202466
v -0.173205 0.069764 -0.288778
v -0.200644 0.385403 -0.131431
v -0.110231 -0.143713 0.308041
v -0.068974 -0.114705 0.317064
v -0.068861 -0.104015 0.317353
v 0.188199 0.355358 -0.242372
v -0.253800 0.356390 -0.051318
v 0.251103 -0.290931 0.212027
v 0.302305 -0.145367 0.129007
v 0.263788 0.345964 0.112692
v 0.239827 -0.115004 -0.252811
v -0.282423 -0.242262 -0.223448
v -0.252906 0.337871 -0.227448
v -0.066889 0.359765 0.250266
v -0.321344 0.072175 0.011422
v -0.216452 0.058427 -0.265480
v -0.218769 0.061465 -0.263781
v 0.305726 0.079576 0.122349
v -0.024534 -0.153811 -0.319774
v -0.020522 -0.150789 -0.320265
v 0.314675 0.151386 -0.067033
v -0.246963 0.283270 0.271466
v -0.252417 0.283171 0.265907
v 0.104204 0.057692 -0.310417
v -0.112199 0.402403 0.153136
v -0.099179 0.411047 0.121235
v -0.125652 0.401324 0.148478
v 0.288675 0.310326 -0.086706
v 0.264028 0.345697 -0.049974
v -0.081230 0.342814 -0.266897
v 0.321363 -0.116026 0.012427
v -0.125949 0.399531 0.156439
v -0.164300 0.388509 0.168137
v -0.257970 0.025957 0.225792
v -0.258164 -0.029369 0.225678
v -0.195698 0.368180 0.210743
v 0.054283 0.427557 0.022444
v 0.060133 0.424765 0.053425
v -0.309832 -0.220990 -0.003060
v 0.310979 0.231583 0.041161
v 0.090796 0.077237 0.313113
v 0.134521 0.092894 0.302231
v 0.121717 0.127904 0.305062
v 0.142215 0.119815 0.298781
v -0.095391 -0.134932 -0.311754
v -0.154465 0.400093 0.125349
v 0.119336 -0.077533 -0.307151
v 0.078170 -0.075236 -0.316253
v 0.119634 -0.022079 -0.307407
v -0.223036 -0.285751 -0.260557
v 0.301105 -0.207575 0.118189
v 0.288675 -0.218912 0.173102
v -0.022020 -0.070751 -0.322377
v 0.080927 0.136046 0.313455
v -0.306851 0.249490 0.037946
v 0.197710 -0.291490 -0.103013
v 0.173479 -0.283772 -0.050978
v -0.255692 0.353039 0.117834
v 0.194704 0.393204 -0.005872
v 0.183335 0.398537 0.003004
v -0.057223 0.427426 0.020368
v -0.074785 0.421748 0.075591
v -0.052961 -0.155497 0.317335
v 0.067650 0.100046 0.316463
v 0.050646 -0.010119 -0.319883
v -0.246513 -0.267024 -0.270695
v 0.009646 0.252486 0.307848
v 0.315831 0.190898 0.037349
v 0.308145 0.218807 0.086622
v -0.125678 0.416022 0.046342
v 0.269752 0.272663 -0.243489
v 0.256002 0.284118 -0.263013
v 0.143122 0.403938 -0.113952
v 0.165181 0.403784 -0.071808
v 0.126917 0.412219 -0.084079
v 0.195530 0.354996 0.238500
v 0.153126 0.368906 0.228469
v -0.314054 0.206939 -0.027352
v 0.226260 0.277166 -0.279172
v -0.082489 -0.003908 -0.315345
v -0.058081 0.001786 -0.319094
v -0.222202 -0.297882 0.204932
v -0.170884 -0.296138 0.166172
v 0.093545 -0.212423 -0.305743
v 0.114094 -0.204053 -0.303226
v 0.095616 0.017310 0.312994
v -0.045437 -0.257770 0.027838
v -0.047396 -0.258131 0.029316
v -0.049246 -0.258131 0.012613
v -0.219073 0.014224 0.262921
v -0.257580 -0.267024 0.261850
v 0.210535 0.082055 0.269152
v 0.104339 0.121156 -0.309676
v 0.229182 0.024316 -0.254580
v 0.261804 0.021899 -0.220287
v 0.024080 0.260876 -0.304873
v 0.034563 0.251976 -0.306725
v 0.019621 0.252840 -0.307131
v -0.261952 -0.267024 -0.257683
v -0.108499 -0.076826 -0.309896
v -0.126614 0.004163 -0.305341
v -0.297799 0.257646 -0.123839
v 0.251395 0.329159 -0.249396
v -0.127206 0.415520 0.049050
v 0.078113 0.040762 -0.315734
v 0.025452 0.055913 -0.321395
v 0.060119 0.256412 0.305079
v -0.288675 -0.026462 -0.173308
v -0.174575 0.396900 0.109991
v -0.273780 -0.189549 -0.226566
v -0.273478 -0.183506 -0.224971
v -0.273821 0.275400 -0.238102
v 0.198704 -0.294815 0.134493
v 0.129904 -0.267024 -0.288778
v -0.250877 0.167332 -0.243962
v -0.255766 0.165163 -0.238916
v -0.255506 0.183301 -0.241336
v 0.240297 -0.290290 0.092185
v 0.213794 -0.295919 0.145511
v 0.239790 -0.290291 0.090878
v 0.305038 0.227653 0.102359
v -0.256135 0.086215 -0.229534
v -0.010164 0.425038 -0.081990
v -0.203866 -0.290411 -0.088474
v -0.222275 -0.291818 -0.101070
v -0.266038 0.086477 0.216145
v 0.168238 -0.281415 0.018762
v 0.317205 0.185805 0.011490
v -0.061455 -0.279609 0.144908
v 0.221982 0.380852 -0.025209
v 0.175436 0.402058 -0.022563
v 0.304523 -0.094441 -0.126049
v 0.258027 0.351645 -0.041780
v 0.265578 0.344058 -0.042560
v -0.036905 -0.004117 0.321585
v 0.102968 0.153961 -0.308927
v 0.173205 0.165989 -0.288778
v -0.121825 -0.290128 0.163776
v 0.043301 0.310326 0.288572
v -0.120964 -0.181937 0.303349
v 0.274693 -0.231628 -0.236510
v -0.306357 0.055926 0.120483
v -0.227845 -0.085222 -0.260248
v -0.218389 -0.049858 -0.264657
v 0.313753 0.167121 0.072300
v 0.032771 -0.149749 0.319620
v 0.139290 -0.176865 -0.298905
v -0.193747 0.385954 -0.142599
v -0.212272 0.376260 -0.151815
v 0.073488 0.363898 0.243973
v 0.023478 0.368502 0.239455
v 0.081257 0.352509 0.257043
v 0.016656 0.351397 0.258650
v 0.104117 -0.279188 -0.112548
v 0.315616 -0.188947 0.019148
v -0.158493 -0.287366 -0.109776
v 0.226716 0.001399 0.257011
v 0.229181 0.335715 0.255239
v 0.248357 0.024167 0.235929
v 0.227425 0.001147 0.256447
v 0.264281 0.010199 0.217205
v 0.259138 -0.012201 0.224252
v 0.265368 -0.048661 0.216567
v 0.015464 0.036949 0.322455
v -0.028574 0.050438 0.321468
v 0.322182 -0.007635 -0.026926
v 0.322543 -0.041873 0.014806
v 0.321748 -0.029388 -0.032042
v -0.050813 -0.258409 -0.025673
v -0.053688 -0.259250 -0.033209
v 0.009421 -0.257748 -0.051397
v 0.006808 -0.258074 -0.053562
v -0.107652 -0.069280 0.310356
v -0.247139 0.175224 -0.248449
v -0.259942 -0.083548 0.227162
v 0.113102 -0.292664 0.209714
v 0.145015 -0.291858 0.252568
v 0.141581 -0.287537 0.260052
v 0.184306 -0.289102 0.258046
v 0.176061 -0.297541 0.222248
v -0.267261 -0.020728 0.213167
v -0.259847 0.029507 0.223434
v -0.321509 0.028292 0.025884
v -0.321074 0.036350 -0.022253
v 0.090655 0.353693 0.256221
v -0.167350 0.399378 -0.107918
v -0.188604 0.389332 -0.135343
v -0.182407 0.399850 0.011095
v -0.187338 -0.286676 -0.268106
v 0.266391 0.083923 0.215085
v 0.255444 0.096942 0.230671
v -0.215696 -0.289172 -0.062952
v -0.249258 0.075678 -0.237327
v -0.246217 0.079418 -0.240458
v -0.217051 0.062761 -0.265190
v 0.046554 0.151979 0.317213
v -0.223274 -0.297561 0.205944
v 0.318108 0.027248 0.066179
v 0.315659 0.065344 0.079052
v -0.274361 0.186731 -0.208432
v 0.235840 0.280718 0.276321
v 0.259710 0.274488 0.258219
v -0.040112 -0.045953 0.321302
v -0.029328 -0.066336 0.321951
v -0.036808 -0.075648 -0.321432
v 0.207758 0.387915 0.046638
v -0.135865 -0.278880 0.073121
v -0.132162 -0.182255 0.300047
v -0.263942 -0.098294 -0.222571
v -0.261701 -0.093805 -0.225116
v -0.095685 0.421425 -0.044576
v -0.310288 0.053461 -0.103520
v -0.319863 0.047599 -0.044250
v -0.022120 0.194103 0.316003
v -0.321021 -0.122728 0.000125
v 0.101071 0.202998 0.306851
v 0.101423 0.203255 0.306774
v 0.041465 0.386695 -0.211574
v 0.126179 0.001609 -0.305500
v 0.271466 -0.182200 0.225517
v 0.273554 -0.170399 0.216745
v 0.236033 0.370151 -0.055226
v 0.303021 0.256531 -0.087432
v 0.303467 0.255819 -0.081409
v 0.247500 -0.291223 -0.125827
v 0.130597 -0.239422 -0.296399
v 0.139711 -0.243363 -0.294692
v -0.298122 -0.236694 0.109680
v -0.301692 -0.227229 0.096557
v 0.086800 -0.117121 0.313656
v 0.314195 -0.058266 0.088208
v 0.311994 -0.087799 0.096237
v -0.319261 0.038832 -0.049499
v -0.308735 0.028354 -0.113120
v 0.228575 0.366869 0.155805
v -0.013543 0.182293 0.317144
v 0.228352 -0.068536 0.257605
v 0.198722 0.373270 0.186783
v -0.222577 -0.221797 -0.279011
v 0.273237 0.157223 0.209394
v 0.318587 0.065528 0.059586
v 0.223900 -0.286245 -0.261604
v 0.306159 0.254787 -0.044036
v 0.130738 -0.277518 -0.070498
v 0.069015 -0.278833 -0.138344
v -0.305844 0.252571 -0.049722
v 0.071917 0.419974 0.091240
v 0.036380 0.422309 0.093870
v 0.081825 0.079161 -0.314335
v 0.064812 0.069441 -0.317487
v 0.062697 0.086603 -0.317357
v 0.148418 -0.294171 -0.169177
v 0.110385 -0.292983 -0.200724
v 0.317693 -0.075456 0.065580
v -0.122157 -0.238366 -0.297038
v 0.148171 0.410627 -0.045855
v -0.209878 0.372554 0.177891
v -0.211586 -0.293750 0.120397
v 0.225533 0.371682 -0.140810
v -0.311770 -0.170143 0.079084
v -0.295993 -0.233388 0.128362
v -0.271736 0.179816 0.216717
v -0.272712 0.160252 0.211417
v -0.302914 0.098937 -0.131197
v -0.259812 0.351230 -0.052561
v -0.128418 -0.193311 0.300448
v -0.091340 0.415593 -0.105550
v -0.084676 0.423205 -0.042592
v -0.223706 0.371729 -0.132373
v -0.320685 0.029431 -0.036230
v 0.288675 0.069764 0.173102
v 0.043255 0.413211 -0.138555
v 0.022924 0.419322 -0.115778
v -0.184675 -0.290679 0.108477
v -0.145183 0.409119 -0.070325
v 0.035898 -0.275892 0.140092
v 0.043375 -0.277379 0.145830
v -0.021685 0.369702 0.237999
v -0.044823 0.364836 0.244444
v 0.007422 0.361346 0.248145
v -0.318290 0.004707 -0.060222
v 0.010465 -0.258045 -0.053348
v -0.120294 -0.027155 -0.307118
v -0.093138 0.394995 0.184388
v -0.011321 -0.254906 -0.008088
v 0.215480 0.369902 0.175717
v -0.039650 0.357934 0.252238
v 0.055073 0.086793 0.318163
v -0.320292 0.042121 -0.040506
v 0.152429 0.373393 0.218301
v 0.012721 0.396353 -0.192504
v -0.027972 0.401329 -0.178599
v 0.271426 0.257780 0.236932
v -0.050539 0.051322 0.319598
v -0.232549 0.079074 0.254039
v -0.253726 0.356516 0.051306
v -0.249841 0.085759 -0.236815
v 0.085694 0.131344 -0.312556
v -0.221612 -0.297782 0.205786
v -0.233283 0.370614 -0.104579
v -0.257243 -0.285384 -0.236038
v -0.305294 0.052239 -0.125226
v -0.305394 -0.044442 0.124074
v -0.262128 -0.288647 0.194035
v -0.246961 0.344285 0.218569
v -0.257228 0.347293 -0.185539
v -0.246817 0.357075 -0.157582
v -0.320964 -0.108915 -0.020855
v 0.022902 0.385734 0.213147
v 0.112725 0.405861 -0.140632
v -0.104997 -0.212605 -0.304168
v 0.252132 0.045838 0.232258
v 0.269710 0.029612 0.208650
v 0.208980 0.383017 -0.105337
v 0.194239 0.389499 -0.112933
v 0.186869 0.394610 -0.096403
v -0.091373 0.266133 0.300287
v 0.145415 -0.202964 -0.296291
v 0.224246 0.039217 0.258761
v 0.211985 0.083211 0.268232
v 0.321388 -0.115341 0.012683
v 0.301467 -0.192328 0.121114
v -0.275466 -0.204076 -0.225630
v 0.227041 0.001103 0.256763
v 0.260540 0.123829 -0.226059
v -0.259084 0.032187 0.224390
v -0.262383 0.087731 0.221558
v 0.315057 -0.151313 0.064786
v 0.256348 -0.246196 -0.263636
v -0.078332 0.417767 0.102401
v 0.033702 0.429271 0.007005
v -0.063512 -0.288544 -0.219726
v 0.250425 -0.285212 0.034755
v 0.099910 0.202111 0.307111
v -0.081569 0.418873 0.092609
v -0.075637 0.073878 -0.315802
v -0.096760 0.113422 -0.311100
v 0.303535 -0.197998 0.109899
v -0.058252 0.272447 0.301429
v -0.085731 -0.170059 0.311295
v -0.075717 -0.136548 0.314869
v -0.124441 -0.057591 -0.305823
v -0.321987 0.008007 0.017063
v 0.211869 0.084487 0.268374
v -0.047968 -0.009748 -0.320193
v -0.309912 -0.220876 -0.003569
v -0.309835 -0.221034 -0.004591
v 0.009327 0.128123 -0.320210
v 0.072792 0.349175 -0.261585
v 0.106768 -0.292342 -0.197126
v 0.100019 0.204267 0.306925
v -0.191985 0.383485 -0.157029
v -0.026311 -0.148795 -0.319914
v 0.023809 0.043576 0.321820
v -0.121908 -0.291018 -0.248448
v 0.257580 0.310326 -0.262055
v -0.280332 0.310326 0.226836
v 0.004176 0.127373 -0.320489
v 0.220679 -0.294356 -0.236927
v 0.149494 0.405527 0.093509
v 0.134431 0.414240 0.039626
v 0.140791 0.404899 0.116634
v 0.108476 0.416433 0.077238
v 0.114151 0.409815 0.115629
v 0.164961 0.405750 0.033508
v 0.030295 -0.285340 0.198418
v 0.153039 0.399633 0.129605
v 0.023458 -0.225431 0.308573
v -0.015447 -0.234191 0.306357
v 0.002203 -0.226603 0.308616
v 0.144419 -0.282089 -0.085306
v 0.063278 0.234609 0.307796
v -0.302087 0.243621 0.103722
v 0.053224 -0.259206 -0.029633
v 0.011160 -0.258005 -0.052438
v 0.064553 -0.052946 -0.318544
v -0.030199 -0.059379 -0.321959
v -0.003736 0.423369 -0.094168
v 0.087679 0.401022 0.168300
v 0.143949 0.400567 0.137109
v 0.121055 0.390702 0.187950
v -0.012797 -0.201415 0.314305
v 0.320859 -0.001088 0.039912
v 0.322512 -0.041891 0.015946
v 0.322556 0.030671 0.009822
v 0.322524 -0.041065 0.015470
v -0.253866 0.217657 -0.249193
v -0.161565 0.406972 -0.044700
v 0.179324 0.395373 -0.107087
v -0.229089 0.010079 0.255368
v 0.078007 0.401268 -0.168494
v 0.045496 0.404157 -0.168806
v -0.170112 0.397620 0.114595
v 0.083465 0.372907 -0.232357
v 0.097651 0.385299 -0.208321
v 0.269390 0.052241 -0.209016
v 0.210096 0.371535 0.178397
v 0.139764 0.375641 0.218156
v 0.141594 0.358080 -0.250188
v -0.161405 0.406572 0.043348
v -0.190924 0.396122 0.042004
v -0.168991 0.398954 0.108821
v -0.302140 0.243302 0.103542
v 0.314856 -0.145444 0.071078
v 0.307460 -0.219881 0.057269
v 0.006278 0.147341 0.319574
v -0.169650 0.376694 -0.203358
v 0.070258 -0.070166 -0.317530
v 0.249537 0.052439 -0.235020
v 0.042786 -0.275679 0.137490
v -0.253142 0.186652 0.245661
v -0.265910 -0.100795 -0.220122
v 0.030626 0.390192 0.203265
v -0.259023 0.173829 -0.234524
v 0.262867 -0.181223 0.238528
v 0.274050 -0.205478 0.229635
v 0.187811 -0.292918 -0.124356
v 0.184551 -0.297248 -0.174460
v -0.201474 -0.285122 0.009767
v -0.214146 -0.285832 -0.001345
v -0.193456 -0.284314 -0.004331
v -0.045623 -0.261872 -0.064786
v -0.258668 0.352313 -0.056861
v 0.320747 0.104932 -0.003205
v -0.045981 0.004155 0.320694
v 0.271850 0.013335 0.204671
v 0.042447 -0.286962 0.227110
v -0.029287 -0.007886 -0.321731
v -0.017242 0.025178 -0.321910
v 0.265981 0.213404 -0.232732
v -0.122551 0.068397 -0.305977
v -0.075901 -0.203986 -0.309620
v -0.270350 -0.184751 -0.230637
v -0.268836 -0.188947 -0.233911
v -0.088812 0.241177 0.304809
v 0.126160 0.233708 -0.299426
v -0.260174 0.032116 0.222956
v 0.136855 -0.232077 -0.296283
v 0.307304 0.252636 -0.029252
v -0.064818 0.379170 0.220888
v -0.074568 0.388919 0.202716
v -0.111718 -0.287371 -0.261501
v 0.214875 0.122420 -0.268671
v -0.121826 0.140141 -0.304570
v -0.008195 0.429937 -0.020187
v -0.023688 0.429376 0.002302
v -0.256950 0.156053 -0.235307
v 0.214358 0.084338 0.266668
v 0.240322 -0.290276 0.090759
v -0.006849 0.424576 0.084050
v 0.262859 -0.283717 0.225080
v -0.271738 -0.193467 -0.230553
v -0.066389 0.425978 -0.028991
v -0.042125 -0.202122 -0.313611
v -0.258355 -0.283079 -0.017983
v -0.245592 -0.285912 0.027231
v -0.063363 0.243279 0.306802
v -0.071547 0.220863 0.309474
v -0.025855 0.244735 0.308963
v 0.057714 0.397637 0.181949
v 0.002015 -0.010450 -0.322659
v 0.003888 0.039802 -0.322343
v -0.252679 0.026243 -0.232551
v -0.256908 0.075254 -0.227862
v -0.274524 0.051425 -0.199283
v 0.039995 0.426774 -0.054368
v -0.030821 -0.141518 0.320025
v 0.012975 -0.108401 0.322466
v 0.244974 0.056463 0.240500
v -0.265871 -0.221886 0.248129
v 0.239744 0.342226 0.231804
v -0.057068 0.039080 -0.318842
v -0.061652 0.064402 -0.318100
v -0.068802 0.019692 -0.317408
v -0.263950 -0.285890 0.134174
v 0.227114 0.342935 0.245259
v -0.080166 0.374636 -0.229774
v -0.130514 0.348290 -0.260010
v -0.138739 0.149133 0.299935
v -0.264980 -0.097815 -0.221006
v 0.092637 0.360196 0.248248
v 0.012146 0.425624 0.074792
v -0.258738 0.159277 0.233139
v 0.319213 -0.006480 0.059663
v 0.318299 -0.037292 0.065859
v 0.239490 -0.295050 0.174862
v 0.252391 0.356653 -0.088641
v -0.302145 0.243598 0.103241
v 0.261826 0.144774 -0.226560
v 0.029117 0.399637 -0.184157
v -0.004724 0.412125 -0.147188
v 0.219215 0.200706 -0.272353
v 0.162855 -0.291768 -0.135785
v 0.303272 0.253453 -0.092556
v 0.078145 0.098632 -0.314824
v 0.112499 -0.281832 -0.121927
v 0.120378 -0.281529 -0.111351
v -0.233986 -0.287346 0.045636
v -0.205606 -0.287136 0.051543
v 0.321462 0.049817 -0.028749
v 0.302936 -0.146375 0.126311
v -0.124662 0.092667 -0.305088
v -0.122755 -0.089916 -0.305915
v 0.153859 0.401368 0.117222
v 0.320675 0.045365 0.039391
v 0.067307 -0.082825 -0.317973
v 0.055581 -0.076962 -0.319557
v -0.164641 -0.292185 0.246850
v 0.102927 -0.277488 -0.104399
v 0.200710 0.388078 0.096612
v 0.204994 0.385876 0.104004
v -0.059570 -0.114163 0.318551
v -0.038924 -0.103285 0.320032
v 0.126491 -0.287374 -0.144913
v -0.062369 -0.095571 0.318477
v 0.307747 -0.220073 0.054260
v 0.003314 -0.085730 0.322842
v -0.301075 0.197828 -0.124236
v -0.078513 0.290913 -0.295385
v -0.072061 0.183171 0.312485
v -0.130486 0.001883 0.304103
v -0.098475 -0.092880 -0.311898
v -0.124114 0.186533 0.302516
v -0.077037 0.375617 -0.228720
v 0.258773 0.344476 -0.185354
v -0.250963 -0.289839 0.122867
v 0.179941 -0.298239 -0.224649
v -0.215105 0.062455 -0.266411
v 0.108941 -0.277457 -0.098198
v -0.089367 -0.137417 -0.312750
v -0.059821 -0.102521 0.318726
v 0.322214 0.053064 0.002145
v -0.271966 -0.188716 -0.229135
v 0.139281 -0.292587 0.166180
v -0.319308 0.117800 0.027043
v -0.307444 0.242634 -0.055936
v -0.103728 -0.236880 0.298967
v 0.321677 0.026516 0.024752
v 0.321106 0.094304 -0.000910
v -0.267837 -0.217046 0.244032
v -0.072873 0.419656 0.094305
v 0.207447 0.384872 0.099267
v -0.299756 -0.242734 -0.077560
v 0.276948 -0.188014 0.213531
v -0.123704 0.196971 0.302233
v -0.114413 0.191456 0.304392
v -0.214438 -0.044001 0.266730
v 0.013534 0.403764 0.170690
v -0.252452 0.078247 -0.233584
v 0.321712 0.061273 0.018713
v -0.273660 0.254316 0.233054
v -0.311202 -0.125889 0.095908
v -0.110417 0.339586 -0.269564
v 0.099101 0.354519 0.254943
v 0.322533 -0.042145 0.015475
v -0.264249 0.233748 -0.240876
v -0.321897 -0.096300 -0.011218
v -0.319273 -0.154185 0.012941
v -0.259151 -0.050999 -0.225586
v -0.261188 -0.050909 -0.223098
v -0.159877 -0.295067 0.168332
v 0.120395 0.044246 -0.306728
v 0.205159 0.145206 -0.275101
v -0.205030 -0.289377 -0.076016
v -0.113744 0.202937 0.303891
v 0.110960 -0.288922 0.166988
v 0.302358 0.273072 -0.028737
v -0.307242 -0.220370 -0.064828
v -0.024838 0.270081 -0.303467
v 0.114910 0.355520 -0.254697
v -0.024881 0.017439 0.322140
v 0.111316 0.087017 -0.308559
v -0.005297 0.428807 0.040728
v -0.303020 -0.232713 0.043327
v -0.037618 0.427429 0.044854
v 0.035769 -0.256364 0.018902
v 0.080878 -0.115877 0.314749
v 0.026035 -0.100736 0.321493
v 0.004963 0.126494 -0.320530
v -0.120764 0.146975 0.304893
v -0.261938 -0.065427 -0.222773
v 0.015393 -0.096747 0.322436
v 0.025197 -0.087339 0.322020
v 0.141327 -0.294799 0.182960
v -0.296761 0.284766 -0.081296
v -0.041978 0.428271 0.002142
v -0.322042 -0.086594 -0.006191
v 0.145151 0.389832 0.177922
v 0.204981 0.374103 0.176031
v -0.266007 -0.096242 -0.219310
v -0.310420 -0.186312 -0.078346
v -0.261461 -0.182279 0.243521
v -0.260865 -0.051917 -0.223537
v -0.004496 0.043195 -0.322045
v -0.254370 -0.283944 0.048702
v -0.123197 0.205587 0.301817
v -0.083832 0.162212 0.311752
v 0.237007 0.245982 -0.271033
f 1 2 3
f 4 5 6
f 5 7 6
f 8 9 10
f 9 11 10
f 12 13 14
f 15 16 17
f 18 19 20
f 19 21 20
f 24 25 26
f 27 28 29
f 28 30 29
f 31 32 33
f 34 35 36
f 39 40 41
f 32 42 43
f 44 45 46
f 49 50 51
f 52 53 54
f 56 57 58
f 59 60 61
f 62 63 64
f 63 65 64
f 66 67 68
f 69 70 71
f 72 73 4
f 23 74 66
f 75 76 77
f 76 78 77
f 79 80 81
f 82 83 84
f 85 86 87
f 88 89 90
f 91 92 93
f 94 95 96
f 95 97 96
f 58 81 80
f 99 100 101
f 74 102 103
f 107 109 108
f 101 110 111
f 110 112 111
f 113 114 115
f 116 117 118
f 119 120 121
f 122 123 124
f 125 126 127
f 128 129 130
f 133 134 135
f 119 121 137
f 138 139 140
f 139 141 140
f 142 143 144
f 143 145 144
f 146 147 148
f 150 151 149
f 152 153 154
f 153 155 154
f 156 157 158
f 159 161 160
f 71 163 164
f 165 52 166
f 167 168 169
f 149 170 171
f 172 173 174
f 173 175 174
f 176 177 178
f 177 179 178
f 182 183 184
f 185 186 187
f 186 188 187
f 189 31 190
f 192 170 149
f 193 194 195
f 194 196 195
f 197 198 199
f 198 200 199
f 85 87 202
f 203 204 205
f 206 20 207
f 212 213 214
f 213 215 214
f 216 217 124
f 171 218 219
f 220 221 222
f 223 89 88
f 224 225 226
f 85 202 193
f 27 152 227
f 228 229 230
f 155 233 234
f 151 235 149
f 236 237 238
f 239 240 241
f 240 242 241
f 23 102 74
f 245 246 247
f 246 248 247
f 176 249 177
f 250 5 251
f 252 253 220
f 206 254 20
f 255 256 257
f 256 258 257
f 34 260 261
f 14 13 262
f 263 264 265
f 266 267 268
f 269 270 217
f 271 268 272
f 268 267 272
f 273 274 275
f 277 148 278
f 279 280 281
f 282 283 284
f 162 285 221
f 286 287 288
f 74 103 66
f 103 67 66
f 289 290 291
f 292 278 148
f 294 295 296
f 295 297 296
f 298 299 40
f 300 301 302
f 305 306 307
f 308 309 310
f 312 313 268
f 313 266 268
f 314 315 316
f 317 318 319
f 318 320 319
f 64 65 321
f 323 324 325
f 326 102 23
f 327 172 328
f 317 329 318
f 330 331 332
f 331 333 332
f 334 335 336
f 335 337 336
f 338 339 340
f 343 344 345
f 344 346 345
f 347 349 348
f 350 351 352
f 351 353 352
f 354 355 356
f 357 358 359
f 47 311 360
f 319 320 201
f 361 363 362
f 219 68 171
f 365 366 367
f 368 369 370
f 369 371 370
f 373 374 375
f 374 376 375
f 377 378 379
f 381 382 383
f 122 384 123
f 385 386 387
f 388 389 390
f 391 392 393
f 392 394 393
f 191 395 396
f 397 398 90
f 399 400 401
f 402 360 311
f 403 404 405
f 407 408 63
f 408 387 63
f 409 410 411
f 37 415 414
f 416 417 418
f 419 420 421
f 422 254 8
f 254 423 8
f 424 425 426
f 321 427 428
f 429 191 396
f 430 431 432
f 433 434 435
f 434 436 435
f 437 385 438
f 12 439 183
f 440 441 442
f 443 444 445
f 444 230 445
f 446 447 448
f 324 449 325
f 450 451 452
f 453 455 454
f 456 348 457
f 458 459 460
f 462 463 464
f 463 465 464
f 15 466 467
f 468 469 470
f 471 339 472
f 339 338 472
f 219 475 68
f 476 477 478
f 411 479 480
f 481 482 483
f 23 484 326
f 485 486 487
f 488 489 490
f 489 491 490
f 492 493 494
f 342 495 341
f 241 242 497
f 498 499 500
f 501 120 119
f 497 502 241
f 503 504 505
f 504 506 505
f 507 508 509
f 124 511 510
f 512 513 444
f 303 339 304
f 514 515 516
f 176 178 472
f 519 520 521
f 520 522 521
f 523 285 162
f 42 524 525
f 526 272 267
f 446 527 528
f 529 530 531
f 532 533 534
f 533 535 534
f 536 132 432
f 232 537 538
f 539 540 108
f 34 541 35
f 541 542 35
f 543 544 545
f 546 547 548
f 549 550 551
f 552 24 553
f 24 554 553
f 555 556 557
f 558 307 131
f 124 123 559
f 508 507 560
f 563 564 565
f 566 567 568
f 269 217 216
f 67 103 171
f 569 570 571
f 572 340 184
f 573 516 574
f 96 97 575
f 576 577 578
f 577 579 578
f 241 502 383
f 580 362 581
f 362 582 581
f 583 584 585
f 586 186 587
f 58 57 238
f 588 589 306
f 589 590 306
f 262 377 14
f 14 377 439
f 272 591 271
f 591 504 271
f 592 593 396
f 594 595 596
f 422 416 254
f 598 304 58
f 600 387 386
f 601 602 91
f 602 92 91
f 603 604 577
f 605 563 606
f 563 607 606
f 608 152 609
f 152 27 609
f 610 611 612
f 611 613 612
f 136 614 615
f 616 617 618
f 619 589 50
f 345 346 457
f 610 612 620
f 612 621 620
f 422 10 416
f 10 417 416
f 622 623 286
f 624 625 49
f 625 626 49
f 406 624 627
f 603 628 629
f 450 597 451
f 503 271 504
f 630 631 632
f 452 625 634
f 635 278 253
f 636 225 637
f 225 224 637
f 427 65 638
f 278 292 253
f 446 639 512
f 494 640 641
f 640 642 641
f 643 644 645
f 646 139 138
f 647 318 329
f 648 615 614
f 649 467 558
f 650 651 135
f 652 653 70
f 195 654 655
f 656 657 209
f 658 282 284
f 659 660 661
f 662 48 47
f 663 511 664
f 665 40 666
f 40 667 666
f 668 669 670
f 596 672 671
f 122 124 322
f 270 668 217
f 247 248 673
f 676 677 678
f 679 680 681
f 680 682 681
f 568 683 566
f 684 685 686
f 687 302 688
f 537 232 231
f 142 690 143
f 205 84 691
f 423 254 692
f 553 693 694
f 695 696 697
f 698 699 700
f 43 702 701
f 585 584 703
f 584 589 703
f 167 169 704
f 705 119 137
f 483 706 481
f 552 707 708
f 709 710 711
f 374 442 376
f 712 713 121
f 121 713 137
f 450 284 283
f 56 58 361
f 714 715 716
f 131 717 132
f 695 718 696
f 719 720 323
f 720 721 323
f 50 722 51
f 176 472 340
f 472 338 340
f 723 288 724
f 547 156 158
f 725 726 727
f 284 452 406
f 728 729 730
f 731 732 733
f 277 734 735
f 277 278 734
f 736 737 209
f 738 229 739
f 740 741 483
f 741 742 483
f 436 593 743
f 593 715 743
f 744 745 746
f 747 69 748
f 749 750 751
f 752 457 115
f 185 753 186
f 604 754 577
f 755 96 756
f 96 575 756
f 224 226 55
f 757 758 759
f 760 761 600
f 703 247 585
f 107 108 540
f 763 403 764
f 692 254 206
f 765 766 767
f 766 768 767
f 769 682 770
f 771 772 266
f 235 192 149
f 57 56 362
f 222 773 220
f 433 435 774
f 627 775 406
f 398 776 88
f 312 268 271
f 461 666 98
f 740 482 777
f 206 207 778
f 66 779 22
f 780 241 781
f 66 782 779
f 782 239 779
f 783 784 785
f 51 624 49
f 786 198 787
f 788 43 789
f 790 340 339
f 790 339 303
f 790 184 340
f 790 303 184
f 48 791 47
f 408 385 387
f 792 793 794
f 795 796 797
f 796 194 797
f 83 82 798
f 799 800 575
f 800 801 575
f 802 134 133
f 803 713 712
f 804 405 404
f 298 805 806
f 807 808 809
f 298 40 665
f 167 704 810
f 531 811 812
f 813 814 815
f 816 440 374
f 440 442 374
f 817 252 818
f 674 820 821
f 822 823 824
f 823 825 824
f 171 68 67
f 826 449 827
f 51 722 627
f 828 829 830
f 831 832 833
f 832 539 833
f 522 297 521
f 834 192 835
f 629 628 476
f 621 655 836
f 838 839 840
f 839 681 840
f 841 522 520
f 842 843 844
f 508 620 509
f 845 846 847
f 848 429 434
f 294 335 295
f 849 98 517
f 380 716 615
f 240 650 135
f 850 851 852
f 851 853 852
f 478 854 476
f 476 854 629
f 629 854 452
f 854 625 452
f 661 170 856
f 170 192 856
f 154 155 857
f 859 225 636
f 860 64 440
f 64 441 440
f 167 798 168
f 798 82 168
f 189 524 31
f 861 863 862
f 864 866 865
f 347 867 868
f 728 89 223
f 869 413 412
f 205 204 84
f 204 82 84
f 873 833 874
f 281 875 279
f 876 877 878
f 877 879 878
f 94 99 880
f 99 881 880
f 520 882 841
f 882 883 841
f 283 884 450
f 8 885 708
f 105 886 702
f 525 524 41
f 887 888 889
f 595 594 890
f 32 524 42
f 728 223 892
f 893 894 262
f 723 415 286
f 415 622 286
f 698 895 699
f 896 897 898
f 900 25 901
f 185 902 753
f 903 904 99
f 547 793 156
f 793 792 156
f 654 620 836
f 905 906 907
f 734 278 908
f 188 186 586
f 41 524 189
f 909 910 911
f 910 912 911
f 580 57 362
f 683 913 914
f 407 63 915
f 63 916 915
f 918 251 569
f 348 867 347
f 920 792 768
f 792 767 768
f 921 922 923
f 922 924 923
f 925 926 927
f 377 928 378
f 781 383 22
f 929 930 821
f 312 271 503
f 312 503 419
f 231 118 117
f 931 375 341
f 35 332 333
f 312 933 313
f 934 935 936
f 437 433 385
f 937 808 938
f 808 807 938
f 618 617 939
f 940 941 907
f 942 943 944
f 337 294 945
f 294 384 945
f 63 387 762
f 306 946 947
f 948 801 499
f 949 950 951
f 952 953 954
f 955 83 956
f 437 438 957
f 566 958 959
f 958 960 959
f 343 345 438
f 725 961 726
f 399 401 919
f 399 919 687
f 399 687 688
f 828 792 912
f 792 794 912
f 834 835 274
f 835 962 274
f 753 963 633
f 64 321 441
f 964 965 591
f 966 228 967
f 705 501 119
f 301 969 968
f 970 776 971
f 776 662 971
f 972 935 659
f 935 934 659
f 169 168 543
f 626 973 974
f 691 977 978
f 469 979 980
f 981 982 983
f 536 614 136
f 984 985 986
f 987 713 803
f 988 364 917
f 137 989 231
f 990 974 991
f 545 544 757
f 544 179 757
f 992 866 993
f 994 865 797
f 343 438 408
f 438 385 408
f 535 657 463
f 713 989 137
f 304 237 303
f 996 997 644
f 997 998 644
f 370 371 999
f 510 322 124
f 182 1000 1001
f 767 792 828
f 1002 1003 211
f 1004 371 369
f 390 1005 1006
f 411 1007 479
f 1008 787 1009
f 1010 961 952
f 1013 1014 1015
f 1014 1016 1015
f 1017 1018 563
f 1018 564 563
f 616 1019 1020
f 314 910 909
f 298 1021 299
f 1021 1022 299
f 231 1024 537
f 282 1025 283
f 558 305 307
f 348 349 191
f 1026 1012 1027
f 5 1028 7
f 1029 144 145
f 1031 506 1032
f 506 924 1032
f 131 132 1033
f 1034 1035 887
f 292 148 147
f 435 436 1036
f 229 1037 230
f 1037 1038 230
f 1039 1040 1041
f 1042 753 1043
f 461 98 1044
f 1045 1046 637
f 1046 1047 637
f 654 1048 620
f 1048 509 620
f 849 1044 98
f 1049 1050 1051
f 1052 180 181
f 452 634 406
f 1054 1055 13
f 894 1055 1056
f 252 773 818
f 1057 1023 402
f 1058 939 970
f 939 1002 970
f 110 1059 113
f 975 1060 276
f 1061 1062 1063
f 1064 962 316
f 1065 1066 52
f 252 817 1067
f 780 781 779
f 39 41 189
f 588 947 247
f 474 420 42
f 420 789 43
f 1049 1061 250
f 767 828 1068
f 755 100 904
f 1033 392 391
f 253 1069 220
f 131 307 1070
f 1071 932 1072
f 1073 311 1074
f 106 1075 704
f 80 361 58
f 738 1037 229
f 421 420 474
f 436 429 593
f 771 1005 1076
f 892 729 728
f 1077 496 206
f 1078 1079 1006
f 448 445 1080
f 1081 1082 1083
f 57 1084 238
f 1085 1086 1087
f 457 752 456
f 1088 55 689
f 1089 155 153
f 415 37 107
f 1091 1092 360
f 414 38 37
f 709 1093 556
f 1093 886 556
f 1094 1095 565
f 42 420 43
f 909 911 315
f 911 1096 315
f 1097 670 1098
f 24 552 901
f 552 708 901
f 631 1099 473
f 1100 1101 1102
f 79 1103 80
f 291 1104 1105
f 1104 1106 1105
f 1034 347 1035
f 347 868 1035
f 1107 399 688
f 993 866 864
f 132 430 432
f 861 1108 676
f 1109 861 676
f 1110 1111 145
f 220 1069 221
f 819 685 1113
f 314 909 315
f 1114 1115 1116
f 1081 873 874
f 975 354 356
f 698 700 927
f 700 925 927
f 1111 1110 642
f 1052 830 180
f 522 841 296
f 841 123 296
f 305 1117 946
f 582 1118 1119
f 858 1120 498
f 1121 1122 1123
f 783 1124 281
f 1124 875 281
f 317 1125 329
f 464 1126 1127
f 933 1099 1128
f 502 731 1129
f 1089 317 319
f 1130 1102 931
f 57 1131 1084
f 1131 751 1084
f 1084 750 238
f 750 236 238
f 1132 1133 320
f 1133 1134 320
f 269 216 1135
f 910 829 912
f 880 915 916
f 62 880 63
f 880 916 63
f 1136 1137 1138
f 264 308 1139
f 308 1140 1139
f 508 560 611
f 312 419 933
f 419 421 933
f 1026 181 1012
f 839 1141 821
f 647 1132 318
f 1132 320 318
f 1142 1143 1144
f 1143 755 1144
f 1095 1094 1145
f 816 374 373
f 305 946 306
f 1146 618 1058
f 1063 1062 1147
f 915 880 881
f 437 434 433
f 219 1149 1148
f 509 1048 1151
f 709 711 1093
f 232 215 213
f 1152 813 815
f 355 1153 1154
f 169 543 870
f 1155 1156 788
f 1157 1158 1159
f 36 328 412
f 264 1160 265
f 833 1082 874
f 1152 1161 813
f 580 581 1131
f 581 1108 1131
f 169 1162 1163
f 1164 1165 1166
f 1165 1167 1166
f 180 1168 1169
f 527 448 1079
f 265 1170 45
f 1171 988 862
f 520 999 882
f 912 794 911
f 1172 707 552
f 419 789 420
f 1173 1174 1175
f 438 345 348
f 457 1176 115
f 1146 1177 618
f 1177 1178 618
f 1179 1180 441
f 1180 442 441
f 691 84 977
f 84 955 977
f 810 704 1075
f 992 1094 1181
f 1094 1182 1181
f 249 340 572
f 1183 1184 1185
f 1184 1186 1185
f 557 104 1187
f 98 666 517
f 940 907 1188
f 907 906 1188
f 348 345 457
f 758 177 572
f 941 840 769
f 840 682 769
f 841 559 123
f 822 607 823
f 143 1110 145
f 38 426 372
f 1189 1190 484
f 1190 1191 484
f 1035 827 449
f 991 614 536
f 1192 971 1091
f 971 1092 1091
f 452 284 450
f 838 941 1193
f 292 1069 253
f 762 387 600
f 748 1055 1194
f 107 1195 622
f 1058 970 971
f 1058 971 1192
f 569 1196 918
f 444 228 230
f 432 1197 536
f 1197 991 536
f 654 836 655
f 210 211 223
f 601 91 279
f 871 1198 872
f 298 665 1199
f 665 666 1199
f 1200 222 221
f 1030 688 302
f 1201 315 1096
f 829 828 912
f 1202 1042 1203
f 546 793 547
f 264 126 308
f 126 1204 308
f 1035 1205 1206
f 563 1207 890
f 825 823 594
f 823 607 594
f 607 890 594
f 1208 253 1067
f 1208 1209 908
f 635 253 1208
f 567 1210 128
f 893 13 1055
f 893 1055 894
f 893 262 13
f 928 377 262
f 928 262 894
f 1211 1212 1213
f 597 450 884
f 1214 1215 1147
f 1216 632 631
f 1217 1047 611
f 1047 613 611
f 1010 1218 961
f 1218 1219 961
f 762 638 63
f 35 333 328
f 53 258 54
f 842 1220 1221
f 381 383 1129
f 141 139 606
f 725 1222 961
f 784 1223 1224
f 439 572 183
f 154 227 152
f 406 634 624
f 731 733 1129
f 533 358 357
f 1225 562 53
f 1051 1226 1049
f 496 684 206
f 1227 1228 460
f 1228 1229 460
f 1230 1229 1228
f 1152 736 1231
f 75 1232 76
f 1232 1212 76
f 885 901 708
f 1233 1234 913
f 1234 914 913
f 683 1235 913
f 1236 1142 244
f 1205 1035 868
f 849 173 1044
f 653 1237 1238
f 449 826 325
f 826 1239 325
f 1229 538 1240
f 1241 766 675
f 693 554 1242
f 554 1243 1242
f 1154 1123 1244
f 331 291 1105
f 1245 1124 6
f 1124 1246 6
f 1097 1098 180
f 1090 499 800
f 410 78 1247
f 78 1248 1247
f 545 757 759
f 15 649 130
f 79 550 1249
f 458 460 1250
f 1081 1162 873
f 982 960 1251
f 228 444 967
f 1091 360 402
f 224 1088 637
f 892 825 594
f 244 1142 1252
f 1136 1138 744
f 1138 1253 744
f 1231 209 357
f 348 456 867
f 437 957 434
f 889 1034 887
f 889 395 1034
f 395 347 1034
f 612 353 621
f 353 655 621
f 46 1254 1255
f 1254 646 1255
f 1256 410 409
f 463 657 465
f 657 656 465
f 648 380 615
f 596 595 1095
f 1118 362 363
f 1257 60 1258
f 1259 602 1260
f 602 1261 1260
f 1262 1263 501
f 1263 120 501
f 1264 547 158
f 47 791 1265
f 485 1266 486
f 1266 1267 486
f 975 1027 1012
f 1268 1186 1184
f 1186 1269 1185
f 446 512 447
f 512 444 447
f 1270 394 1271
f 368 370 812
f 798 167 1272
f 167 810 1272
f 1273 1274 1275
f 427 638 762
f 510 1276 322
f 1277 240 135
f 341 495 931
f 422 8 10
f 336 337 945
f 838 840 941
f 132 717 430
f 1070 307 430
f 231 989 1024
f 477 943 478
f 219 218 1149
f 348 191 438
f 341 376 1180
f 1278 106 704
f 129 128 1279
f 245 1280 1281
f 1282 1283 1284
f 1252 1142 1285
f 485 487 1286
f 1287 1114 1116
f 1105 1106 1288
f 887 1035 324
f 1035 449 324
f 263 127 126
f 1051 1255 1226
f 1255 646 1226
f 801 800 499
f 1241 674 930
f 307 306 430
f 306 590 430
f 430 717 1070
f 1070 717 131
f 398 1289 662
f 1088 1045 637
f 37 109 107
f 613 1047 1046
f 1256 409 1290
f 1291 566 1292
f 566 959 1292
f 923 1292 921
f 712 1293 803
f 1229 1230 159
f 627 722 583
f 555 709 556
f 956 83 1272
f 1121 1295 1122
f 234 1297 1296
f 298 806 1021
f 695 697 1171
f 190 31 1298
f 1299 19 418
f 1270 393 394
f 47 1265 311
f 716 715 1300
f 1301 1302 1303
f 267 1284 1283
f 301 1196 969
f 72 938 569
f 938 570 569
f 626 974 990
f 1304 1305 1306
f 1305 1299 1306
f 518 45 1307
f 869 1308 413
f 296 123 384
f 738 739 1309
f 1310 1311 97
f 1311 575 97
f 1312 1097 1150
f 232 213 231
f 900 1313 976
f 784 1224 785
f 491 489 426
f 1079 448 1006
f 448 1080 1006
f 605 1314 986
f 751 1108 1315
f 478 943 942
f 1086 1085 1316
f 1085 1317 1316
f 499 858 948
f 86 1318 627
f 1287 586 587
f 1319 1320 1215
f 1114 1287 587
f 571 1196 569
f 243 208 1059
f 351 655 353
f 1321 978 977
f 199 1322 1323
f 469 1016 1014
f 65 63 638
f 758 572 439
f 1324 676 581
f 26 900 599
f 23 1326 1189
f 1327 626 625
f 1092 47 360
f 816 896 1310
f 929 821 157
f 932 1328 1072
f 1329 1330 359
f 954 1010 952
f 961 1222 952
f 1222 773 952
f 779 781 22
f 1253 1138 1293
f 1253 1293 1325
f 1276 259 322
f 756 801 948
f 150 149 171
f 1254 1331 984
f 462 464 1127
f 471 472 1332
f 647 1133 1132
f 1118 582 362
f 1084 751 750
f 553 694 689
f 689 694 597
f 136 1333 392
f 1314 139 646
f 303 1000 184
f 1188 1334 1335
f 918 1196 301
f 930 157 768
f 1336 1337 1338
f 1337 1339 1338
f 193 195 85
f 891 1340 980
f 220 773 252
f 1217 1341 1047
f 214 232 159
f 816 1310 440
f 1310 1342 440
f 1058 618 939
f 1343 704 169
f 303 237 1000
f 448 527 446
f 399 501 1344
f 1344 501 705
f 399 1344 400
f 400 1344 705
f 1345 1346 1347
f 1348 1347 1346
f 1349 1348 1082
f 1348 1083 1082
f 1348 38 1347
f 1153 355 354
f 1350 530 1351
f 1352 1353 1354
f 1355 1356 1357
f 1356 1358 1357
f 398 88 90
f 861 1315 1108
f 1359 336 326
f 267 266 1284
f 918 1050 250
f 1360 1093 1301
f 744 1253 745
f 842 1361 843
f 1362 1001 698
f 182 1363 1364
f 1363 1365 12
f 1366 1054 1363
f 1054 1365 1363
f 182 184 1000
f 1365 1054 13
f 1365 13 12
f 543 168 204
f 203 544 204
f 544 543 204
f 1241 930 768
f 1367 1221 1368
f 1221 1220 1368
f 802 133 404
f 1201 515 1369
f 515 1370 1369
f 25 900 26
f 1371 1336 1338
f 1345 850 1346
f 850 852 1346
f 1372 967 1373
f 941 769 907
f 769 1374 907
f 1375 243 1059
f 1376 742 1377
f 373 1378 896
f 82 204 168
f 1379 1380 1203
f 1380 1381 1203
f 361 362 56
f 460 1240 1250
f 1240 1382 1250
f 134 1383 731
f 1383 732 731
f 1152 1231 1161
f 1384 491 425
f 491 426 425
f 755 756 1144
f 1385 309 125
f 309 1204 125
f 553 554 693
f 1143 101 100
f 842 1221 1361
f 702 43 105
f 398 662 776
f 1140 308 310
f 328 1386 1302
f 282 1045 1025
f 1045 1088 1025
f 1228 159 1230
f 1387 117 1388
f 1294 1134 633
f 978 1389 1390
f 826 814 1391
f 71 70 1238
f 682 840 681
f 1392 6 1246
f 1197 432 431
f 158 157 290
f 610 620 611
f 1026 1052 181
f 183 572 184
f 1393 899 678
f 22 1394 1326
f 235 151 1367
f 532 1395 1396
f 500 499 1090
f 314 316 1072
f 316 962 1072
f 1397 480 479
f 810 1075 1272
f 300 302 1307
f 1227 459 1272
f 459 956 1272
f 1227 460 459
f 261 1398 1399
f 1327 625 854
f 1136 744 1400
f 934 936 1401
f 1251 960 958
f 1236 244 243
f 1402 537 1403
f 1076 1005 1404
f 1005 390 1404
f 651 804 133
f 1201 516 515
f 683 568 1235
f 568 1405 1235
f 1296 858 234
f 944 943 380
f 855 1407 1406
f 987 803 1024
f 1024 989 713
f 1086 1316 1408
f 1409 1147 1410
f 212 214 741
f 451 1411 604
f 1301 711 710
f 1300 1412 1413
f 350 775 627
f 358 532 1329
f 222 952 773
f 1414 1415 54
f 347 395 349
f 191 349 395
f 857 155 234
f 591 965 504
f 178 179 1416
f 1417 414 1418
f 414 415 1418
f 859 226 225
f 1133 1419 1420
f 559 216 124
f 984 986 1254
f 986 1314 1254
f 398 397 1289
f 1421 969 571
f 1422 1400 369
f 873 1162 1423
f 1262 1424 1263
f 1229 159 232
f 1425 209 208
f 742 1426 483
f 984 310 985
f 171 170 218
f 309 1427 310
f 1427 985 310
f 38 424 426
f 1428 714 716
f 396 395 1270
f 1429 822 824
f 1154 1244 356
f 828 830 1068
f 830 1052 1068
f 1071 962 835
f 1208 3 1209
f 1208 1 3
f 741 1377 742
f 971 662 1092
f 47 1092 662
f 599 1430 26
f 891 774 1431
f 760 386 433
f 386 385 433
f 483 482 740
f 43 701 32
f 837 1432 821
f 1433 1434 640
f 1435 1436 1437
f 1438 1439 578
f 1417 1418 1440
f 629 452 603
f 1441 114 113
f 875 1124 1442
f 865 866 795
f 866 1181 795
f 1443 1154 1153
f 1360 1301 1303
f 1120 858 499
f 1145 992 993
f 1444 1040 1039
f 939 1445 1002
f 37 1349 109
f 1446 1065 218
f 1065 1149 218
f 798 1272 83
f 497 731 502
f 1322 199 786
f 199 200 786
f 1219 726 961
f 405 1447 764
f 181 1449 1448
f 34 36 260
f 36 1450 260
f 209 1231 736
f 755 1143 100
f 1144 948 871
f 1141 1451 821
f 1452 1394 22
f 229 1453 739
f 1453 1454 739
f 1071 235 932
f 1316 1319 1408
f 1188 1335 1455
f 1174 1456 1175
f 93 1458 1459
f 1276 844 259
f 1411 754 604
f 147 146 269
f 995 678 899
f 678 677 1460
f 677 1039 1460
f 676 678 995
f 1461 967 905
f 967 1372 905
f 396 593 429
f 749 751 917
f 749 917 364
f 1462 749 364
f 1463 750 1462
f 750 749 1462
f 356 1244 675
f 12 14 439
f 609 29 1401
f 1464 1465 1337
f 1465 1466 1337
f 1467 1133 1175
f 332 1264 289
f 1264 290 289
f 139 1314 606
f 1314 605 606
f 1468 891 980
f 1287 1469 586
f 1114 587 1187
f 40 525 41
f 667 517 666
f 667 190 517
f 40 1011 525
f 1011 40 299
f 144 1029 1470
f 1029 1211 1470
f 457 346 1176
f 344 1176 346
f 1471 1357 695
f 1357 718 695
f 1472 968 1421
f 968 969 1421
f 647 329 1175
f 329 1173 1175
f 115 114 752
f 829 1168 830
f 861 862 988
f 576 628 577
f 1269 1119 1185
f 1473 1339 1465
f 1339 1466 1465
f 1420 633 1134
f 1474 459 458
f 888 1033 391
f 1039 1041 1460
f 66 22 23
f 128 130 649
f 783 281 784
f 1399 1419 1475
f 1467 1475 1133
f 1475 1419 1133
f 515 1399 1475
f 514 261 515
f 261 1399 515
f 786 1323 1322
f 807 809 1472
f 1476 1263 1424
f 21 19 926
f 1477 445 1478
f 1136 1400 1137
f 1400 1422 1137
f 245 247 947
f 301 300 918
f 337 335 294
f 94 96 903
f 620 621 836
f 1388 1479 687
f 1319 7 1320
f 7 1028 1320
f 1193 1451 1141
f 1087 1260 1085
f 414 424 38
f 1480 521 297
f 723 286 288
f 130 876 16
f 250 1061 1063
f 124 668 1481
f 679 1482 1123
f 1482 1244 1123
f 272 198 197
f 505 506 1031
f 1075 1228 1227
f 1227 1272 1075
f 1269 1039 677
f 1324 1269 676
f 1269 677 676
f 528 527 1079
f 821 1451 837
f 555 1380 1483
f 653 1238 70
f 1409 1214 1147
f 964 1484 1437
f 1416 544 203
f 1181 866 992
f 1485 732 1383
f 1188 1486 940
f 44 46 1255
f 1144 1487 1142
f 1068 1052 1026
f 920 768 157
f 260 1488 261
f 1488 1398 261
f 413 1488 1450
f 1420 1134 1133
f 1183 733 1184
f 733 732 1184
f 192 1489 835
f 1489 1071 835
f 1277 731 497
f 1356 495 342
f 763 1268 1490
f 1268 1383 1490
f 1452 22 383
f 2 1491 276
f 721 982 323
f 982 981 323
f 805 1492 1493
f 936 1494 1401
f 1495 690 1464
f 690 1465 1464
f 1204 309 308
f 1239 826 1391
f 150 1361 151
f 1361 1221 151
f 1218 1470 1211
f 1218 1010 1470
f 1010 954 1470
f 1496 1020 1019
f 1414 54 764
f 1075 106 1228
f 613 1046 612
f 1444 255 1040
f 217 668 124
f 511 124 1481
f 1154 1443 1123
f 1443 1121 1123
f 191 957 438
f 565 1182 1094
f 73 251 4
f 209 1497 208
f 125 1204 126
f 1345 1347 1498
f 1347 1499 1498
f 538 1229 232
f 1402 538 537
f 507 509 1440
f 509 1151 1440
f 658 612 282
f 612 1046 282
f 1500 1501 1502
f 426 489 372
f 99 904 100
f 221 1069 1503
f 1271 394 1504
f 394 1333 1504
f 1505 851 1278
f 851 1506 1278
f 560 507 1507
f 108 109 833
f 109 1082 833
f 1233 1033 1234
f 1508 855 1237
f 1126 1198 1127
f 1198 1509 1127
f 18 20 254
f 633 963 1294
f 1510 852 853
f 877 672 1511
f 1512 1481 1513
f 274 273 834
f 1217 1514 1341
f 341 1180 342
f 648 944 380
f 1327 854 478
f 478 1515 1327
f 821 930 674
f 1212 1211 1516
f 1211 1029 1516
f 375 376 341
f 1134 1294 320
f 1207 565 890
f 784 281 1517
f 1379 1203 1043
f 1203 1042 1043
f 407 915 1518
f 226 11 1519
f 247 673 585
f 1343 169 1163
f 508 611 620
f 1202 587 186
f 464 244 1252
f 1148 1447 405
f 212 741 740
f 481 518 302
f 987 1024 713
f 538 1520 1240
f 1520 1382 1240
f 1349 38 1348
f 1181 847 846
f 1521 1248 78
f 1032 1522 1031
f 1522 1523 1031
f 1508 1237 1524
f 1218 1211 1213
f 293 11 226
f 1525 221 1503
f 696 718 1014
f 1526 79 1249
f 1526 1249 1189
f 1249 1527 1189
f 485 1286 1469
f 1286 1528 1469
f 1469 1528 586
f 586 1528 359
f 889 888 393
f 888 391 393
f 1457 127 263
f 1064 1529 274
f 1529 275 274
f 1530 160 161
f 988 917 861
f 314 1169 910
f 1169 1168 910
f 1531 486 1267
f 1532 28 1533
f 763 1490 403
f 1490 802 403
f 964 1534 1484
f 1534 199 1484
f 843 102 326
f 1053 1535 1023
f 435 1036 1536
f 166 1066 1446
f 1065 1446 1066
f 52 1066 166
f 1537 1024 1293
f 1024 803 1293
f 1402 1403 1537
f 1293 712 1325
f 1040 255 257
f 627 583 86
f 250 1050 1049
f 1335 1538 805
f 1538 806 805
f 140 1062 1061
f 815 814 827
f 814 826 827
f 1152 815 1539
f 815 827 1539
f 130 16 15
f 956 459 1540
f 756 575 801
f 1541 881 111
f 881 99 111
f 522 296 297
f 788 104 105
f 315 1201 1369
f 586 1330 188
f 1532 30 28
f 1375 1236 243
f 1143 1142 1236
f 101 1375 110
f 1346 852 1510
f 1064 1369 1529
f 1161 1231 813
f 357 813 1231
f 389 1404 390
f 555 557 1380
f 557 1381 1380
f 1289 397 1542
f 1289 1542 48
f 3 2 1543
f 1183 1185 1118
f 1185 1119 1118
f 94 880 95
f 860 440 95
f 440 1342 95
f 978 1321 1389
f 1321 335 1389
f 1389 335 334
f 965 964 1544
f 1273 695 862
f 695 1171 862
f 1291 1292 1436
f 827 1206 1205
f 1063 1028 5
f 219 1148 405
f 955 84 83
f 1545 714 1428
f 1343 1163 853
f 1291 1436 567
f 1436 1210 567
f 246 864 87
f 1285 1487 872
f 1162 169 870
f 86 583 585
f 1057 402 311
f 1546 1547 1548
f 1547 1549 1548
f 1548 1549 1550
f 1549 1433 1550
f 783 785 1547
f 785 1549 1547
f 785 1224 1549
f 1224 1433 1549
f 783 1547 1124
f 1546 1551 1547
f 1551 1124 1547
f 521 529 519
f 236 750 1552
f 526 198 272
f 1038 445 230
f 937 1553 808
f 85 195 351
f 195 655 351
f 955 1350 977
f 876 130 129
f 1554 339 1555
f 339 1556 1555
f 1430 1557 26
f 1557 1243 26
f 1558 1293 1138
f 1558 1537 1293
f 1537 1403 1024
f 537 1024 1403
f 302 687 1479
f 675 1559 356
f 1559 1027 975
f 356 1559 975
f 1560 1357 469
f 1357 1561 469
f 1471 1355 1357
f 1348 1346 1083
f 983 1562 981
f 755 904 96
f 903 96 904
f 720 1239 1563
f 383 502 1129
f 513 1373 444
f 1373 967 444
f 1393 1130 899
f 1564 1037 1309
f 492 1565 1566
f 1565 1567 1566
f 550 1568 551
f 455 453 837
f 1569 1570 1571
f 1570 1572 1571
f 706 265 518
f 265 706 483
f 481 706 518
f 1149 1065 1148
f 54 1415 52
f 1065 52 1148
f 52 1415 1148
f 1360 1303 701
f 1303 1573 701
f 872 1487 871
f 409 411 1574
f 411 480 1574
f 1291 567 566
f 1502 1501 1575
f 663 664 1576
f 1577 389 1578
f 1121 726 1295
f 726 1579 1295
f 924 506 1544
f 1550 1433 492
f 1433 493 492
f 1177 1580 1581
f 544 1416 179
f 1383 134 802
f 763 1444 1268
f 1444 1039 1268
f 1039 1186 1268
f 1186 1039 1269
f 1523 1156 1031
f 1219 1232 726
f 1232 1579 726
f 864 1582 993
f 1424 1583 808
f 1208 1067 1112
f 1476 1584 1263
f 636 637 1341
f 1235 1405 558
f 1047 1341 637
f 1329 359 358
f 1091 402 1585
f 1532 561 562
f 1586 1587 77
f 1587 1588 77
f 751 1131 1108
f 765 1589 766
f 282 1046 1045
f 1590 288 287
f 507 1440 724
f 1418 724 1440
f 611 1507 1217
f 1524 1591 287
f 1590 1507 724
f 1507 507 724
f 822 141 607
f 1294 963 902
f 1188 1373 1334
f 601 279 602
f 279 1261 602
f 679 1122 680
f 1290 1586 77
f 1468 761 891
f 265 45 518
f 1414 1148 1415
f 858 1509 1198
f 260 1450 1488
f 1208 1112 1
f 1145 1094 992
f 1165 1067 817
f 10 1306 417
f 1137 1422 1592
f 1471 1273 1355
f 1273 1275 1355
f 1520 1537 1137
f 1537 1138 1137
f 368 1592 369
f 1592 1422 369
f 1402 1537 1520
f 896 898 800
f 555 1483 709
f 1483 710 709
f 172 1386 328
f 806 1538 1593
f 626 990 49
f 49 990 50
f 990 619 50
f 1197 619 991
f 619 990 991
f 625 624 634
f 1256 78 410
f 392 1333 394
f 1594 914 1234
f 1171 686 988
f 686 685 988
f 1431 1340 891
f 526 1009 198
f 1009 787 198
f 206 684 686
f 647 1175 1133
f 1182 565 847
f 565 564 847
f 1489 192 235
f 235 1071 1489
f 1595 17 878
f 17 16 878
f 1596 1077 1463
f 150 171 103
f 1361 103 843
f 103 102 843
f 1361 150 103
f 277 1597 148
f 476 628 477
f 1435 128 1436
f 128 1210 1436
f 1598 233 201
f 106 161 159
f 1495 950 1599
f 1017 605 986
f 467 466 1117
f 466 946 1117
f 1299 418 1306
f 418 417 1306
f 1350 1540 530
f 326 336 259
f 1349 37 38
f 1303 1302 1600
f 1406 540 1601
f 1601 1602 1406
f 754 1603 1604
f 351 350 1318
f 1605 1606 1607
f 373 375 1607
f 1356 342 428
f 1356 1608 1358
f 1608 428 427
f 1314 646 1254
f 365 454 1609
f 454 455 1609
f 18 254 418
f 254 416 418
f 280 279 91
f 383 781 241
f 780 779 239
f 191 434 957
f 848 191 429
f 848 434 191
f 69 747 70
f 1402 1520 538
f 986 985 1610
f 523 746 745
f 294 296 384
f 1611 335 1321
f 1611 295 335
f 1480 297 1611
f 297 295 1611
f 1600 1302 172
f 1302 1386 172
f 1310 97 1342
f 1077 699 1463
f 18 418 19
f 859 1591 293
f 592 1300 715
f 592 715 593
f 592 396 1300
f 1078 1005 771
f 948 1144 756
f 328 36 35
f 1218 1213 1232
f 1232 1213 1212
f 658 284 352
f 284 775 352
f 1532 1533 561
f 1612 1347 38
f 1612 38 372
f 1198 948 858
f 797 865 795
f 443 445 448
f 117 116 1388
f 1129 733 1183
f 895 1001 1613
f 1001 1000 1613
f 1614 1267 1615
f 160 1530 1506
f 407 1518 408
f 1281 1280 1595
f 1280 17 1595
f 1502 1087 1086
f 1085 1260 1442
f 1260 1261 1442
f 729 1616 61
f 89 728 1257
f 59 61 996
f 61 1616 996
f 729 892 596
f 1393 678 1460
f 1101 1605 1607
f 976 1015 900
f 1187 1617 1114
f 1522 1115 1617
f 1115 1114 1617
f 1352 1354 194
f 752 114 1618
f 114 1497 1618
f 535 463 1619
f 463 1620 1619
f 1621 1503 1069
f 245 1281 246
f 364 685 819
f 1285 1126 1252
f 1560 1014 1357
f 1014 718 1357
f 1057 1622 1008
f 135 731 1277
f 135 134 731
f 1056 163 894
f 1513 1312 1512
f 1312 1623 1512
f 1270 1271 1412
f 1271 1624 1412
f 1271 1504 1624
f 310 984 1140
f 984 1331 1140
f 600 1468 1358
f 1082 1081 874
f 1429 1625 822
f 1625 141 822
f 1203 1381 1202
f 186 753 1202
f 753 1042 1202
f 1005 1078 1006
f 125 127 489
f 32 701 33
f 701 1573 33
f 15 17 466
f 466 1280 946
f 1280 245 946
f 1442 1124 1085
f 845 796 795
f 954 1626 1627
f 72 569 73
f 724 288 1590
f 15 467 649
f 994 202 87
f 1170 46 45
f 1477 1080 445
f 1112 2 1
f 285 953 1200
f 953 952 1200
f 107 1407 855
f 696 1014 1013
f 372 489 1457
f 570 1421 571
f 107 622 415
f 1238 163 71
f 390 1477 388
f 938 807 570
f 807 1421 570
f 807 1472 1421
f 1074 786 1622
f 786 1074 1323
f 1082 109 1349
f 460 1229 1240
f 1300 1413 716
f 412 1450 36
f 1188 906 1373
f 115 1176 1628
f 1125 317 153
f 317 1089 153
f 129 1629 876
f 875 1442 279
f 1442 1261 279
f 788 1156 1630
f 1097 1513 670
f 1517 1631 1632
f 368 812 1592
f 1449 181 180
f 1531 1563 486
f 1563 487 486
f 1633 710 1308
f 710 1483 1308
f 1634 1377 160
f 1377 741 160
f 1061 138 140
f 964 1437 923
f 1437 1292 923
f 293 1635 11
f 636 1341 1514
f 1455 1335 365
f 1335 1493 365
f 8 708 9
f 180 1169 1150
f 829 910 1168
f 180 830 1168
f 595 890 1095
f 890 565 1095
f 16 876 878
f 1622 786 1008
f 786 787 1008
f 1111 642 1636
f 642 1434 1636
f 748 1637 1055
f 1056 1637 164
f 1056 1055 1637
f 164 1637 71
f 71 1637 69
f 69 1637 748
f 352 775 350
f 505 1031 1156
f 126 264 263
f 1467 1175 1475
f 1175 1456 1475
f 1638 1509 1296
f 1238 1237 855
f 293 1237 653
f 293 1591 1237
f 1524 1237 1591
f 799 896 800
f 799 575 896
f 575 1311 896
f 1448 735 1012
f 1448 1012 181
f 896 1311 1310
f 584 722 589
f 722 50 589
f 722 584 583
f 1486 365 1609
f 1076 1053 771
f 1568 550 81
f 550 79 81
f 1554 304 339
f 598 238 237
f 598 237 304
f 873 831 833
f 725 727 1443
f 1460 1041 1393
f 1041 1100 1393
f 1256 1290 78
f 1639 739 1454
f 867 1640 868
f 1640 1205 868
f 1608 427 762
f 849 175 173
f 214 215 232
f 1641 1642 562
f 864 246 1281
f 1643 1644 746
f 1644 1645 746
f 1428 943 477
f 628 1545 477
f 1545 1428 477
f 1428 716 380
f 1518 344 343
f 145 1516 1029
f 1499 1457 1376
f 839 821 820
f 839 820 681
f 788 105 43
f 233 155 1089
f 949 494 950
f 494 1646 950
f 969 1196 571
f 1436 1292 1437
f 373 1607 1378
f 1607 1606 1378
f 1086 1408 1502
f 1408 1500 1502
f 512 1593 513
f 1593 1538 513
f 1095 1145 596
f 193 797 194
f 1647 1614 1648
f 1614 1615 1648
f 1043 1649 1650
f 1649 1651 1650
f 976 423 692
f 281 1652 1517
f 1652 1631 1517
f 960 1648 959
f 1614 720 1531
f 720 1563 1531
f 1653 549 1654
f 1425 656 209
f 403 405 764
f 1510 1081 1346
f 1081 1083 1346
f 744 746 1645
f 1655 1634 851
f 1634 1506 851
f 390 1006 1477
f 1006 1080 1477
f 60 1074 311
f 534 1395 532
f 358 533 532
f 131 913 558
f 650 240 1656
f 1212 1516 76
f 1179 342 1180
f 1107 968 399
f 968 1657 399
f 1658 1267 1659
f 1267 1660 1659
f 764 1661 763
f 1512 664 1481
f 664 511 1481
f 1577 1019 389
f 1019 1581 389
f 1301 710 1302
f 1011 1022 474
f 299 1022 1011
f 1021 806 639
f 806 1593 639
f 406 775 284
f 201 320 1294
f 1089 319 201
f 1089 201 233
f 89 1257 397
f 89 397 90
f 153 152 608
f 1259 1260 1502
f 1521 78 76
f 556 105 104
f 1262 1662 1424
f 1662 1583 1424
f 446 1663 639
f 1663 1664 639
f 87 865 994
f 597 884 1025
f 1367 932 235
f 8 1313 885
f 885 1313 901
f 1329 187 1330
f 455 837 1451
f 1665 1135 216
f 918 300 1050
f 1050 300 1051
f 300 1307 1051
f 558 467 1117
f 1117 305 558
f 484 1359 326
f 1666 1395 1598
f 1538 1335 1334
f 921 959 1648
f 1091 1585 1192
f 1584 951 1667
f 765 1027 1589
f 1450 412 413
f 1332 1654 549
f 633 1420 1488
f 1488 413 633
f 513 1538 1373
f 1224 1223 1434
f 1223 1668 1434
f 720 982 721
f 1513 1481 670
f 1481 668 670
f 1504 136 615
f 797 193 994
f 193 202 994
f 330 332 291
f 332 289 291
f 735 1448 1597
f 1448 1669 1597
f 187 188 1330
f 1468 600 761
f 1277 242 240
f 485 1469 1266
f 1147 1215 1320
f 889 393 395
f 136 1504 1333
f 512 639 1593
f 27 227 28
f 1670 425 1671
f 1672 1159 1305
f 1159 1158 1305
f 725 1166 1222
f 1166 1167 1222
f 8 423 1313
f 1343 1505 704
f 489 127 1457
f 1264 158 290
f 1673 1003 1500
f 1326 382 1103
f 142 1626 690
f 1626 1465 690
f 1561 1468 469
f 1468 979 469
f 383 382 1452
f 1301 1093 711
f 540 1406 1407
f 540 1407 107
f 943 1428 380
f 61 730 729
f 1655 1377 1634
f 635 1208 278
f 1208 908 278
f 1071 1072 962
f 821 1432 290
f 290 157 821
f 330 291 331
f 675 766 1674
f 304 1555 58
f 1493 1335 805
f 367 1492 461
f 298 1199 805
f 805 1199 1492
f 1199 666 1492
f 1492 666 461
f 564 1018 847
f 729 1675 1616
f 473 1216 631
f 932 1150 1169
f 471 1332 551
f 1332 549 551
f 381 363 361
f 1477 1478 1676
f 1478 1677 1676
f 1677 1038 1037
f 1478 445 1677
f 445 1038 1677
f 1262 501 1662
f 640 494 1433
f 494 493 1433
f 25 24 901
f 59 1678 1074
f 1488 1420 1398
f 1420 1419 1398
f 1419 1399 1398
f 1679 1604 1603
f 94 903 99
f 982 720 1647
f 1614 1647 720
f 954 1627 1470
f 379 378 539
f 378 540 539
f 1279 199 129
f 1486 1188 365
f 1188 1455 365
f 370 520 519
f 180 1098 1449
f 104 557 556
f 125 489 488
f 514 516 541
f 516 573 541
f 856 834 972
f 834 273 972
f 1562 914 1594
f 1374 769 770
f 446 528 1663
f 1281 1595 1582
f 884 283 1025
f 1167 1165 818
f 556 886 105
f 1468 1561 1357
f 1413 1624 615
f 12 1364 1363
f 183 1364 12
f 182 1364 183
f 1308 869 1633
f 1379 1483 1380
f 129 199 1323
f 1214 1409 1680
f 1160 1139 1170
f 1278 704 1505
f 455 1451 1609
f 1484 199 1437
f 199 1681 1437
f 198 786 200
f 1393 1100 1130
f 673 248 87
f 870 1423 1162
f 1104 1432 837
f 1172 55 707
f 359 1330 586
f 1021 639 1022
f 1634 160 1506
f 850 1655 851
f 1505 1343 851
f 1343 853 851
f 1242 1243 1603
f 1602 163 1238
f 1682 1683 1340
f 1664 474 1022
f 39 667 40
f 1650 1651 413
f 1278 1506 161
f 1684 1685 257
f 1605 1101 1684
f 1101 1685 1684
f 1571 1352 1686
f 1352 796 1686
f 1130 1100 1102
f 1595 878 879
f 392 132 136
f 1508 1524 1195
f 1524 1687 1195
f 958 566 683
f 1004 369 1400
f 265 483 1426
f 104 1630 1688
f 1107 688 968
f 964 591 1534
f 1286 813 1689
f 679 681 1482
f 315 1369 316
f 1369 1064 316
f 1242 754 693
f 754 1411 693
f 1546 1548 1690
f 379 832 758
f 164 163 1056
f 490 1384 1691
f 887 324 1692
f 324 1693 1692
f 976 1313 423
f 1518 343 408
f 1613 237 1552
f 237 236 1552
f 1183 1118 1694
f 1118 363 1694
f 1694 363 381
f 1183 1694 1129
f 1129 1694 381
f 1195 107 855
f 698 1001 895
f 1340 1695 980
f 1679 1557 1683
f 237 1613 1000
f 272 197 591
f 1342 97 95
f 62 95 880
f 62 860 95
f 399 1662 501
f 765 1068 1027
f 1068 1026 1027
f 765 767 1068
f 968 1030 301
f 172 327 173
f 1193 940 1609
f 940 1486 1609
f 1670 1384 425
f 919 1388 687
f 1554 1555 304
f 1430 599 470
f 1548 1566 1553
f 1025 689 597
f 85 1318 86
f 85 351 1318
f 1154 356 355
f 940 1193 941
f 497 242 1277
f 427 321 65
f 1328 314 1072
f 1696 1546 1697
f 1546 1690 1697
f 327 331 1105
f 983 982 1251
f 1163 1510 853
f 1496 93 602
f 93 92 602
f 1458 1677 1459
f 1677 1037 1459
f 624 51 627
f 1609 1451 1193
f 1653 1654 1698
f 1654 1699 1698
f 1278 161 106
f 216 883 1665
f 1163 1162 1510
f 1162 1081 1510
f 653 652 1304
f 963 753 902
f 1700 1340 1536
f 834 856 192
f 401 1388 919
f 1389 334 1701
f 1514 1217 1590
f 1217 1507 1590
f 1591 1702 287
f 1702 1590 287
f 636 1514 1702
f 1514 1590 1702
f 1303 1600 174
f 1600 172 174
f 39 189 667
f 978 1390 1703
f 784 1517 1223
f 1027 1559 1589
f 1480 1351 521
f 1674 1559 675
f 949 951 494
f 951 1565 494
f 1704 333 331
f 1705 473 1099
f 371 1004 999
f 1004 1706 999
f 166 1446 660
f 1446 661 660
f 660 29 166
f 115 1628 113
f 359 1689 357
f 968 688 1030
f 1326 1452 382
f 86 673 87
f 703 589 247
f 589 588 247
f 1672 747 1159
f 747 1194 1159
f 945 1707 336
f 250 1063 5
f 1621 1643 1503
f 1643 1525 1503
f 352 612 658
f 915 881 1541
f 1628 112 113
f 1541 112 1628
f 1563 1239 1391
f 487 1563 1391
f 813 1286 1708
f 1286 487 1708
f 487 1391 1708
f 813 1708 814
f 1708 1391 814
f 365 1493 366
f 1493 1492 366
f 366 1492 367
f 1358 1608 762
f 410 1247 411
f 1247 1007 411
f 864 865 87
f 60 791 1258
f 905 1372 906
f 1372 1373 906
f 966 1461 1397
f 1461 480 1397
f 1302 710 1633
f 328 869 412
f 328 1302 1633
f 1633 869 328
f 1463 1552 750
f 847 1686 845
f 549 1653 550
f 1653 1249 550
f 1356 1355 495
f 1572 1353 1571
f 1353 1352 1571
f 1709 1135 1665
f 887 1692 888
f 528 1079 1710
f 1274 1273 863
f 1273 862 863
f 1565 492 494
f 958 683 1562
f 683 914 1562
f 1296 1297 1619
f 1649 1043 753
f 1295 1588 680
f 1588 1587 680
f 1586 770 1587
f 1587 682 680
f 770 682 1587
f 409 1586 1290
f 899 863 995
f 528 1710 632
f 1710 630 632
f 354 975 276
f 646 138 1226
f 1320 1028 1063
f 895 1613 1552
f 504 965 1544
f 672 1675 671
f 1675 729 671
f 970 1002 1711
f 1699 1654 1703
f 1591 859 1702
f 636 1702 859
f 597 1411 451
f 277 735 1597
f 1057 1008 1023
f 323 981 1693
f 981 1562 1693
f 1562 983 958
f 1639 1454 1007
f 560 1507 611
f 276 1060 1543
f 1414 764 1447
f 1414 1447 1148
f 256 1661 764
f 256 764 54
f 1444 1712 255
f 1712 256 255
f 763 1661 1712
f 1661 256 1712
f 763 1712 1444
f 1530 161 1506
f 1575 1501 617
f 1087 1502 1260
f 1259 1502 602
f 1502 1575 602
f 980 979 1468
f 743 1713 1439
f 1713 578 1439
f 630 771 631
f 587 1714 1187
f 323 1693 324
f 162 1525 746
f 699 1077 778
f 1077 819 496
f 1715 1695 1340
f 470 1715 1430
f 292 147 1135
f 269 1135 147
f 1373 1538 1334
f 470 469 980
f 1325 745 1253
f 745 1325 523
f 1716 1640 736
f 1640 1618 736
f 224 55 1088
f 771 630 1078
f 81 1555 1568
f 1191 1717 1701
f 311 1265 60
f 344 1518 915
f 1074 1678 1323
f 286 623 1687
f 986 1610 1017
f 1610 1018 1017
f 847 1018 1686
f 1018 1718 1686
f 1182 847 1181
f 1457 1499 372
f 517 1298 849
f 1704 331 327
f 1638 1296 1719
f 1523 1688 1156
f 1688 1630 1156
f 1090 800 898
f 1189 484 23
f 1233 913 131
f 1449 1098 1669
f 370 519 812
f 519 529 812
f 1720 926 925
f 1025 1088 689
f 619 1197 431
f 675 1482 674
f 1288 327 1105
f 548 332 542
f 514 541 261
f 332 35 542
f 1264 332 547
f 332 548 547
f 113 112 110
f 1221 1367 151
f 1367 1368 932
f 194 796 1352
f 1283 1282 1053
f 86 585 673
f 87 248 246
f 1108 581 676
f 516 1721 574
f 270 269 669
f 452 451 603
f 1257 1258 397
f 249 176 340
f 1722 1432 1104
f 1059 208 113
f 968 1472 1657
f 1385 125 490
f 125 488 490
f 64 860 62
f 679 1123 1122
f 1198 871 948
f 737 1497 209
f 616 602 617
f 602 1575 617
f 1696 1551 1546
f 942 1515 478
f 626 1327 973
f 1327 1515 973
f 1169 1328 932
f 1202 1714 587
f 1445 1501 1003
f 1501 1500 1003
f 1002 1445 1003
f 939 617 1445
f 617 1501 1445
f 142 144 1627
f 1427 309 490
f 1385 490 309
f 361 1723 381
f 1048 654 1353
f 654 196 1353
f 1299 1305 1158
f 1642 1641 1606
f 1525 162 221
f 818 1222 1167
f 1035 1206 827
f 434 429 436
f 451 604 603
f 1569 1571 1670
f 1571 1724 1670
f 1725 1018 985
f 1018 1610 985
f 496 1113 684
f 1726 651 1656
f 1111 1727 145
f 1727 1516 145
f 413 1651 633
f 42 1011 474
f 1164 1166 2
f 1166 1491 2
f 991 974 973
f 991 973 614
f 944 1515 942
f 614 973 648
f 973 1515 648
f 648 1515 944
f 1181 845 795
f 1495 1464 1337
f 888 1692 1033
f 1692 1234 1033
f 1693 1562 1594
f 245 947 946
f 588 306 947
f 1474 530 459
f 530 1540 459
f 1387 400 705
f 7 1316 6
f 72 4 938
f 4 1728 938
f 1387 705 137
f 938 1728 1697
f 384 122 945
f 122 1707 945
f 396 1412 1300
f 716 1413 615
f 1270 1412 396
f 500 1090 1729
f 1357 1358 1468
f 1358 762 600
f 428 1608 1356
f 645 998 1629
f 1557 1430 1683
f 1430 1715 1683
f 442 1180 376
f 1727 1248 1521
f 400 1388 401
f 1387 1388 400
f 1303 174 1573
f 1139 1160 264
f 1730 1238 855
f 689 1172 553
f 1479 116 481
f 116 482 481
f 1598 1395 534
f 723 724 415
f 724 1418 415
f 221 285 1200
f 142 1627 1626
f 222 1200 952
f 1626 954 285
f 954 953 285
f 462 1127 463
f 1127 1620 463
f 1485 1268 1184
f 1485 1383 1268
f 1191 1701 1359
f 1701 334 1359
f 612 352 353
f 1715 1340 1683
f 1715 470 980
f 1715 980 1695
f 554 24 1243
f 26 1243 24
f 19 1158 926
f 1158 1157 926
f 269 146 669
f 146 1669 669
f 465 656 1425
f 1425 464 465
f 506 504 1544
f 628 576 1545
f 576 1713 1545
f 1007 1454 479
f 1516 1521 76
f 719 323 1239
f 323 325 1239
f 364 1596 1462
f 1187 1714 557
f 561 1641 562
f 561 897 1641
f 1378 1641 896
f 1641 897 896
f 1125 608 1494
f 372 1499 1612
f 1655 1498 1377
f 1498 1376 1377
f 1499 1376 1498
f 1731 1709 1732
f 117 137 231
f 117 1387 137
f 529 531 812
f 712 1371 1325
f 915 1541 344
f 1541 1628 344
f 99 101 111
f 111 112 1541
f 344 1628 1176
f 1085 1124 1317
f 357 657 533
f 535 533 657
f 209 657 357
f 907 1574 905
f 905 480 1461
f 966 967 1461
f 898 897 561
f 378 1601 540
f 1472 809 1583
f 1720 20 926
f 20 21 926
f 1438 578 1679
f 578 1604 1679
f 577 628 603
f 746 1525 1643
f 725 1443 1166
f 1443 1153 1166
f 660 659 1401
f 659 934 1401
f 456 1640 867
f 259 844 1733
f 719 1239 720
f 1725 1718 1018
f 929 157 930
f 1680 223 211
f 1680 211 1214
f 672 596 1145
f 1452 1326 1394
f 907 1374 1574
f 409 1574 1586
f 1574 1374 1586
f 770 1586 1374
f 871 1487 1144
f 917 751 1315
f 1109 995 861
f 471 551 339
f 1110 1599 1734
f 1599 950 1734
f 1288 1044 327
f 1288 367 1044
f 578 1713 576
f 419 1155 789
f 1155 788 789
f 419 503 1155
f 503 505 1155
f 505 1156 1155
f 7 1319 1316
f 1214 1673 1215
f 1479 1388 116
f 1479 481 302
f 754 1604 579
f 1604 578 579
f 743 715 1713
f 1347 1612 1499
f 996 1616 997
f 1616 1675 997
f 1379 1735 1483
f 1483 1735 1308
f 1379 1043 1735
f 1691 1571 1736
f 791 1542 1258
f 414 1417 424
f 1214 211 1673
f 1693 1234 1692
f 738 1309 1037
f 1652 281 280
f 1564 1309 280
f 1309 1652 280
f 1090 898 561
f 1012 735 1737
f 734 1737 735
f 1012 1060 975
f 1737 908 1060
f 908 1209 1060
f 734 908 1737
f 1060 1209 3
f 1543 1060 3
f 1602 1730 1406
f 1602 1601 378
f 378 928 1602
f 928 163 1602
f 894 163 928
f 654 195 196
f 1638 1619 1127
f 546 548 574
f 1285 1142 1487
f 1443 726 1121
f 1539 827 1205
f 518 1307 302
f 1490 1383 802
f 441 321 1179
f 428 1179 321
f 342 1179 428
f 558 1405 649
f 1061 1049 138
f 1049 1226 138
f 165 166 30
f 166 29 30
f 170 1738 218
f 761 774 891
f 760 433 774
f 933 421 1099
f 212 740 213
f 740 777 213
f 213 118 231
f 482 116 777
f 116 118 777
f 777 118 213
f 1710 1079 630
f 1079 1078 630
f 820 1482 681
f 675 1244 1482
f 1482 820 674
f 1496 602 1020
f 616 1020 602
f 1110 641 642
f 1110 1734 641
f 1664 1022 639
f 1739 473 474
f 474 1664 1739
f 1705 1099 421
f 474 473 421
f 1740 1667 1371
f 1181 846 845
f 1736 985 1691
f 985 1427 1691
f 1741 1353 1572
f 1686 1718 1571
f 175 1742 174
f 1706 1004 1644
f 1304 1306 1635
f 1304 1635 653
f 653 1635 293
f 1543 2 276
f 1696 1697 1728
f 1743 936 935
f 1744 1401 29
f 608 609 1494
f 609 1401 1494
f 329 1743 1173
f 329 1125 1743
f 1125 1494 1743
f 273 935 972
f 244 464 1425
f 1614 1531 1267
f 1116 1267 1266
f 1469 1287 1266
f 1287 1116 1266
f 1408 1673 1500
f 1526 1189 1326
f 1526 1326 79
f 1326 1103 79
f 1326 23 22
f 849 1298 175
f 1128 1099 631
f 1172 689 55
f 521 1351 529
f 1351 530 529
f 170 661 1738
f 1446 1738 661
f 1241 675 674
f 185 187 902
f 187 1745 902
f 741 214 160
f 159 160 214
f 1646 494 641
f 1599 1110 1495
f 1110 143 1495
f 1734 950 641
f 950 1646 641
f 1473 1465 285
f 334 336 1359
f 1551 1696 1392
f 1696 1728 1392
f 1392 1728 4
f 1245 6 1316
f 1392 4 6
f 1551 1392 1124
f 1392 1246 1124
f 1548 1550 492
f 902 1746 1294
f 1145 1511 672
f 1113 685 684
f 1747 1269 581
f 1269 1324 581
f 44 1255 1051
f 627 1318 350
f 1059 110 1375
f 1441 113 208
f 1730 1602 1238
f 1730 855 1406
f 598 58 238
f 1412 1624 1413
f 531 1474 811
f 148 1597 146
f 1597 1669 146
f 1410 824 1409
f 811 1474 1382
f 1474 1250 1382
f 42 525 1011
f 649 1405 1748
f 567 1748 568
f 1748 1405 568
f 649 1748 128
f 567 128 1748
f 597 694 1411
f 694 693 1411
f 831 759 832
f 379 539 832
f 832 759 758
f 1443 727 726
f 838 1193 839
f 1193 1141 839
f 552 553 1172
f 955 956 1350
f 956 1540 1350
f 1353 196 1354
f 1354 196 194
f 175 33 1742
f 173 327 1044
f 619 431 589
f 129 1749 1629
f 917 1315 861
f 468 470 599
f 1750 373 896
f 1750 896 816
f 1732 1706 1751
f 1706 1644 1751
f 924 1544 923
f 700 699 925
f 699 1752 925
f 1366 1159 1054
f 1731 292 1135
f 1298 517 190
f 590 431 430
f 590 589 431
f 1697 937 938
f 950 1495 1337
f 1325 1339 523
f 1520 1137 1382
f 1382 1592 811
f 1592 812 811
f 1137 1592 1382
f 664 1220 1576
f 1220 842 1576
f 1220 664 1368
f 1512 1368 664
f 663 1276 510
f 510 511 663
f 1576 1276 663
f 842 844 1576
f 844 1276 1576
f 1572 1570 1741
f 616 618 1019
f 618 1178 1019
f 1577 1496 1019
f 1076 1404 1580
f 609 27 29
f 900 1016 599
f 1429 824 1753
f 824 1410 1753
f 1704 328 333
f 1704 327 328
f 1064 274 962
f 1109 676 995
f 1747 1119 1269
f 206 778 1077
f 259 1733 326
f 1627 144 1470
f 966 1397 1453
f 1397 1454 1453
f 500 1729 1754
f 1743 1494 936
f 1360 701 1093
f 701 702 1093
f 804 404 133
f 1012 1737 1060
f 1573 1742 33
f 439 377 758
f 379 758 377
f 19 1299 1158
f 714 1545 1713
f 596 671 729
f 997 1675 672
f 1755 631 771
f 771 266 1755
f 1755 1128 631
f 313 933 1755
f 933 1128 1755
f 313 1755 266
f 135 651 133
f 1023 1535 1756
f 60 1265 791
f 389 1581 1404
f 1581 1580 1404
f 141 1625 140
f 1321 977 1757
f 977 1350 1757
f 1480 1611 1351
f 1611 1757 1351
f 1351 1757 1350
f 531 530 1474
f 1441 208 1497
f 1441 1497 114
f 1279 128 199
f 128 1758 199
f 1435 1681 128
f 1681 1758 128
f 1758 1681 199
f 197 199 591
f 199 1534 591
f 1067 253 252
f 336 1707 259
f 468 599 1016
f 1485 1184 732
f 1111 1636 1727
f 1434 642 640
f 1224 1434 1433
f 1434 1668 1636
f 1517 1632 1759
f 562 1225 1532
f 1760 1225 53
f 30 1532 1225
f 165 30 1225
f 52 1760 53
f 165 1225 52
f 1225 1760 52
f 357 1689 813
f 1201 1096 516
f 1096 1721 516
f 793 574 794
f 574 1721 794
f 1241 768 766
f 600 386 760
f 760 774 761
f 1536 1340 1431
f 1536 1431 435
f 1431 774 435
f 1245 1316 1124
f 1316 1317 1124
f 1177 1581 1178
f 1178 1581 1019
f 1146 1585 1177
f 1058 1192 1146
f 1192 1585 1146
f 1752 778 925
f 778 207 925
f 699 778 1752
f 1558 1138 1537
f 1761 1248 1636
f 1248 1727 1636
f 1247 1248 1761
f 1517 1759 1223
f 1759 1668 1223
f 1636 1668 1759
f 1632 1247 1759
f 1247 1761 1759
f 1759 1761 1636
f 1308 1735 1650
f 1381 557 1714
f 1742 1573 174
f 44 1051 1307
f 34 261 541
f 1471 695 1273
f 257 258 1684
f 1102 375 931
f 375 1102 1607
f 1102 1101 1607
f 697 1013 1762
f 605 1017 563
f 1716 1205 1640
f 1152 1539 1716
f 1539 1205 1716
f 1152 1716 736
f 456 752 1640
f 752 1618 1640
f 1763 1764 1654
f 747 748 1194
f 1194 1055 1159
f 1055 1054 1159
f 413 1308 1650
f 1473 523 1339
f 1263 1584 1740
f 1584 1667 1740
f 950 1336 951
f 1336 1667 951
f 950 1337 1336
f 1672 652 747
f 850 1498 1655
f 1376 263 742
f 263 1376 1457
f 1345 1498 850
f 1582 879 993
f 1446 218 1738
f 1511 1145 993
f 1511 993 879
f 1511 879 877
f 1477 1676 388
f 1578 1676 1458
f 1676 1677 1458
f 31 33 1298
f 33 175 1298
f 1744 660 1401
f 1296 1509 858
f 1672 1305 652
f 1305 1304 652
f 615 1624 1504
f 395 393 1270
f 1524 287 1687
f 287 286 1687
f 1426 263 265
f 1023 1009 1053
f 1023 1008 1009
f 1009 1283 1053
f 1578 1458 93
f 1577 1578 1496
f 1578 93 1496
f 1274 863 1130
f 1130 863 899
f 229 228 1453
f 228 966 1453
f 831 873 1423
f 831 1423 870
f 831 870 759
f 692 1015 976
f 1015 1016 900
f 1013 1015 692
f 46 1331 1254
f 1160 1170 265
f 1139 1140 1331
f 1170 1139 46
f 1139 1331 46
f 667 189 190
f 913 1235 558
f 1427 490 1691
f 1003 1673 211
f 845 1686 796
f 1741 1048 1353
f 108 833 539
f 1594 1234 1693
f 491 1384 490
f 1417 1440 1671
f 443 448 444
f 448 447 444
f 178 1763 1332
f 1763 1654 1332
f 1623 1150 932
f 1623 1312 1150
f 843 1733 844
f 1043 1650 1735
f 959 921 1292
f 1032 924 922
f 876 1629 877
f 1629 998 877
f 1533 1754 561
f 28 227 1533
f 227 1754 1533
f 923 1544 1765
f 964 1765 1544
f 964 923 1765
f 132 392 1033
f 1766 1665 883
f 1766 883 882
f 1228 106 159
f 1682 1340 1438
f 1340 1700 1438
f 1700 1536 1438
f 1536 1439 1438
f 579 577 754
f 436 743 1439
f 1036 1439 1536
f 1036 436 1439
f 532 1396 1767
f 187 1329 1745
f 659 661 856
f 659 856 972
f 1106 453 367
f 1722 291 290
f 1722 290 1432
f 454 365 367
f 454 367 453
f 367 1288 1106
f 1669 1098 669
f 1098 670 669
f 1135 1709 1731
f 1621 1751 1644
f 1709 1665 1766
f 1295 680 1122
f 1395 1666 1767
f 1396 1395 1767
f 791 48 1542
f 397 1258 1542
f 988 685 364
f 1171 697 686
f 819 1113 496
f 1053 772 771
f 1053 1282 772
f 1282 1284 772
f 266 772 1284
f 819 1077 1596
f 1596 1463 1462
f 1596 364 819
f 263 1426 742
f 1465 1626 285
f 1495 143 690
f 5 4 251
f 250 251 918
f 73 569 251
f 1093 702 886
f 1553 937 1690
f 937 1697 1690
f 1654 1768 1703
f 1769 1768 1654
f 1769 691 1703
f 691 978 1703
f 1703 1768 1769
f 270 669 668
f 1720 925 20
f 925 207 20
f 1698 1527 1249
f 1698 1191 1190
f 1717 1191 1698
f 1389 1701 1390
f 1701 1717 1390
f 1698 1699 1717
f 1698 1249 1653
f 1189 1527 1190
f 1527 1698 1190
f 1191 1359 484
f 1390 1717 1703
f 1717 1699 1703
f 1362 698 1770
f 698 927 1770
f 1362 1363 1001
f 1363 182 1001
f 927 926 1770
f 926 1157 1770
f 1366 1770 1159
f 1770 1157 1159
f 1366 1363 1770
f 780 239 241
f 1595 879 1582
f 1281 1582 864
f 1397 479 1454
f 1408 1319 1673
f 1319 1215 1673
f 1429 1753 1625
f 1753 1062 1625
f 1062 140 1625
f 1147 1062 1753
f 1153 354 276
f 818 773 1222
f 1187 1688 1617
f 744 1645 1400
f 1645 1004 1400
f 1644 1004 1645
f 1674 766 1589
f 1674 1589 1559
f 995 863 861
f 44 1307 45
f 1448 1449 1669
f 468 1016 469
f 837 1771 1104
f 453 1771 837
f 1106 1104 1771
f 1106 1771 453
f 1309 1631 1652
f 1309 739 1631
f 739 1639 1631
f 1639 1007 1631
f 1007 1772 1631
f 1772 1007 1247
f 1671 1440 1570
f 1440 1151 1570
f 1073 1057 311
f 1622 1057 1073
f 1622 1073 1074
f 1727 1521 1516
f 1682 1438 1683
f 1438 1679 1683
f 859 293 226
f 1535 1580 1756
f 1580 1177 1756
f 1076 1580 1535
f 1076 1535 1053
f 1585 1756 1177
f 715 714 1713
f 301 1030 302
f 359 1528 1689
f 1232 1219 1218
f 1579 75 1295
f 1232 75 1579
f 1588 75 77
f 1295 75 1588
f 1519 707 55
f 226 1519 55
f 1519 11 9
f 9 708 1519
f 708 707 1519
f 1306 11 1635
f 1306 10 11
f 607 141 606
f 565 1207 563
f 935 1773 1743
f 1773 1174 1743
f 1174 1173 1743
f 273 275 935
f 275 1773 935
f 275 1174 1773
f 623 1195 1687
f 1147 1320 1063
f 1739 1664 1663
f 1381 1714 1202
f 1753 1410 1147
f 178 1416 1763
f 205 691 1769
f 1769 1654 1764
f 1332 472 178
f 1763 1769 1764
f 203 1763 1416
f 203 205 1763
f 205 1769 1763
f 259 1707 322
f 322 1707 122
f 651 650 1656
f 622 1195 623
f 1638 1127 1509
f 1619 1620 1127
f 1662 399 1657
f 1548 492 1566
f 951 1584 1567
f 1565 951 1567
f 1566 1567 1774
f 1476 1774 1584
f 1774 1567 1584
f 1476 1424 1774
f 1424 1775 1774
f 1774 1775 1566
f 1548 1553 1690
f 367 461 1044
f 80 1723 361
f 1242 1603 754
f 736 1618 737
f 1618 1497 737
f 1371 1667 1336
f 1338 1339 1325
f 1371 1338 1325
f 121 1371 712
f 121 1740 1371
f 121 120 1740
f 1263 1740 120
f 528 632 1663
f 632 1216 1663
f 1739 1216 473
f 1663 1216 1739
f 1552 1463 895
f 1463 699 895
f 1125 153 608
f 1619 1719 1296
f 1619 1638 1719
f 1297 1598 1619
f 1598 534 1619
f 535 1619 534
f 233 1598 1297
f 1297 234 233
f 515 1475 1370
f 275 1529 1174
f 1475 1456 1370
f 1369 1370 1529
f 1370 1456 1529
f 1456 1174 1529
f 70 747 652
f 1564 1459 1037
f 1564 280 1459
f 280 91 1459
f 1459 91 93
f 1606 1641 1378
f 1032 922 1659
f 1522 1032 1659
f 1115 1522 1659
f 580 1131 57
f 201 1776 1598
f 1666 1598 1776
f 104 1688 1187
f 1522 1617 1688
f 697 696 1013
f 80 1103 1723
f 1103 382 1723
f 1723 382 381
f 1523 1522 1688
f 788 1630 104
f 546 574 793
f 548 542 574
f 542 573 574
f 573 542 541
f 1721 1096 911
f 1721 911 794
f 561 1729 1090
f 561 1754 1729
f 983 1251 958
f 1164 2 1165
f 1067 2 1112
f 276 1491 1153
f 1166 1153 1491
f 1067 1165 2
f 817 818 1165
f 31 524 32
f 458 1250 1474
f 473 1705 421
f 136 132 536
f 1756 1585 402
f 1023 1756 402
f 1560 469 1014
f 206 1762 692
f 1762 1013 692
f 206 686 1762
f 697 1762 686
f 326 1733 843
f 543 545 870
f 1741 1151 1048
f 1151 1741 1570
f 1275 495 1355
f 1274 1130 931
f 1275 1274 931
f 1275 931 495
f 1435 1437 1681
f 1680 825 892
f 1680 892 223
f 1512 1623 1368
f 932 1368 1623
f 1676 1578 388
f 389 388 1578
f 498 234 858
f 234 498 857
f 227 1777 1754
f 1777 500 1754
f 227 154 1777
f 498 500 1777
f 1777 154 498
f 154 857 498
f 498 1120 499
f 960 982 1648
f 982 1647 1648
f 782 66 1656
f 66 1778 1656
f 66 68 1778
f 1726 68 651
f 68 475 651
f 1726 1656 68
f 1656 1778 68
f 239 1656 240
f 239 782 1656
f 1466 1339 1337
f 1321 1757 1611
f 88 210 223
f 1553 1566 808
f 1566 1775 808
f 1424 808 1775
f 1583 809 808
f 370 999 520
f 1751 1731 1732
f 1362 1770 1363
f 61 60 728
f 60 1257 728
f 1711 210 88
f 1711 211 210
f 211 1711 1002
f 970 1711 776
f 88 776 1711
f 1329 532 1745
f 532 1767 1745
f 902 1745 1746
f 1746 1767 201
f 1294 1746 201
f 1666 1776 1767
f 1767 1776 201
f 1745 1767 1779
f 1779 1767 1746
f 1746 1745 1779
f 1033 1233 131
f 404 403 802
f 804 219 405
f 651 475 219
f 804 651 219
f 1409 824 1680
f 825 1680 824
f 757 177 758
f 545 759 870
f 1670 1671 1570
f 1724 1571 1691
f 1143 1236 101
f 1236 1375 101
f 1691 1384 1724
f 1384 1670 1724
f 1621 1644 1643
f 746 523 162
f 559 841 883
f 559 883 216
f 1473 285 523
f 1286 1689 1528
f 633 1649 753
f 633 1651 1649
f 1725 985 1718
f 985 1736 1718
f 1632 1631 1247
f 1631 1772 1247
f 660 1744 29
f 1722 1104 291
f 1660 1267 1116
f 1115 1659 1116
f 1659 1660 1116
f 1780 1648 1615
f 1648 1780 921
f 1659 922 1780
f 922 921 1780
f 1658 1659 1615
f 1659 1780 1615
f 1658 1615 1267
f 901 1313 900
f 1513 1097 1312
f 872 1126 1285
f 872 1198 1126
f 58 1555 81
f 339 551 1556
f 1556 551 1555
f 551 1568 1555
f 1126 464 1252
f 1425 208 243
f 1425 243 244
f 249 572 177
f 54 258 256
f 1101 1100 1685
f 1041 257 1100
f 257 1685 1100
f 1642 1606 1684
f 1606 1605 1684
f 1684 258 1781
f 1781 258 53
f 1040 257 1041
f 562 1642 53
f 1642 1781 53
f 1781 1642 1684
f 1629 1749 645
f 1782 1069 292
f 1731 1782 292
f 1621 1069 1751
f 1069 1782 1751
f 1751 1782 1731
f 644 998 645
f 1557 1679 1603
f 1243 1557 1603
f 1783 1766 999
f 1766 882 999
f 1766 1783 1709
f 1783 1732 1709
f 1732 1783 1706
f 1706 1783 999
f 877 998 672
f 997 672 998
f 643 1323 1678
f 1749 643 645
f 996 644 1678
f 644 643 1678
f 1749 129 1323
f 1323 643 1749
f 1662 1657 1583
f 1657 1472 1583
f 59 1784 60
f 1074 60 1784
f 1074 1784 59
f 892 594 596
f 607 563 890
f 1328 1169 314
f 1747 581 1119
f 581 582 1119
f 996 1678 59
f 920 157 792
f 157 156 792
f 425 424 1671
f 424 1417 1671
f 61 728 730
f 526 267 1009
f 267 1283 1009
f 1736 1571 1718
f 1569 1670 1570
f 1097 180 1150
f 1508 1195 855
f 1750 816 373
f 466 17 1280
f 1290 77 78
f 757 179 177
f 1289 48 662
f 1574 480 905
