v 0.081379 -0.288164 0.334947
v 0.087978 -0.305729 0.331090
v 0.086968 -0.282260 0.333724
v -0.118869 -0.181401 0.261183
v -0.100422 0.082667 -0.138909
v -0.077495 0.034410 -0.116420
v -0.083164 0.056681 -0.096525
v 0.138606 -0.265539 -0.342940
v 0.068657 0.270817 -0.074864
v 0.059545 0.274166 -0.041276
v 0.080297 0.255328 -0.042009
v 0.074956 -0.155198 0.194625
v 0.045812 -0.172343 0.189214
v 0.041897 -0.143044 0.208323
v 0.113584 0.177457 0.325351
v 0.131022 0.153566 0.321073
v 0.137705 0.177071 0.298267
v 0.094182 0.235556 -0.199217
v 0.096675 0.219511 -0.200650
v 0.095400 0.228305 -0.208313
v 0.127325 -0.080283 0.302892
v 0.126446 -0.080984 0.304356
v 0.127179 -0.081788 0.303126
v -0.115868 -0.105426 0.288977
v -0.119425 -0.143543 0.260961
v -0.059330 0.269536 -0.056650
v -0.053387 0.273587 -0.047554
v -0.049836 0.277218 -0.053757
v 0.051217 -0.104993 0.339567
v 0.134417 -0.181403 0.257399
v 0.145420 -0.186058 0.211799
v 0.143785 -0.175482 0.216573
v -0.101147 -0.211942 -0.123697
v -0.055331 -0.224824 -0.116318
v -0.101751 -0.211686 -0.134721
v -0.055864 -0.224755 -0.153124
v 0.052866 -0.256647 0.337763
v 0.074694 -0.305724 0.333405
v 0.003998 0.299314 -0.094839
v 0.003602 0.301362 -0.121338
v -0.033619 -0.302189 0.259925
v 0.097028 0.222560 -0.166155
v 0.099522 0.194376 -0.176790
v -0.101126 0.091815 -0.140883
v -0.100904 0.089770 -0.129950
v -0.101714 0.148522 -0.125578
v -0.072124 -0.218840 -0.054791
v -0.095611 -0.213513 -0.084234
v -0.120685 -0.207053 -0.076904
v 0.136805 0.138096 0.169914
v 0.131832 0.180260 0.172992
v 0.131524 0.169026 0.152789
v 0.035547 -0.028100 -0.151785
v 0.075094 0.006356 -0.136622
v 0.125525 -0.314281 0.159729
v 0.124129 -0.314898 0.154649
v 0.151857 -0.305040 0.139446
v 0.049375 -0.024617 -0.283215
v -0.191236 -0.263613 -0.249963
v -0.180206 -0.208950 -0.262922
v -0.180166 -0.208543 -0.268968
v 0.003251 0.000553 -0.143588
v 0.003423 0.025109 -0.131956
v -0.035287 0.017185 -0.127824
v 0.073743 -0.256652 0.335273
v 0.089713 -0.256663 0.331427
v 0.119389 0.216778 0.186525
v 0.123523 0.216229 0.203635
v 0.127112 0.201627 0.182728
v 0.004217 0.074106 -0.078402
v 0.051572 0.071639 -0.067987
v 0.004552 0.082717 -0.055861
v -0.126486 -0.154683 0.203528
v -0.128388 -0.167132 0.195417
v 0.035508 0.281024 0.004859
v 0.036886 0.280518 0.004721
v 0.045008 0.282901 -0.039762
v 0.051589 0.278570 -0.032820
v 0.007232 -0.211817 0.125901
v 0.062125 -0.203306 0.127763
v 0.058880 -0.200008 0.139789
v 0.004079 -0.302523 -0.086103
v 0.003431 -0.302600 -0.129261
v 0.001486 -0.302828 -0.258732
v 0.049402 -0.311533 -0.268816
v 0.043787 -0.310529 -0.274615
v 0.046039 0.199234 -0.297675
v 0.000945 0.208063 -0.299025
v 0.039961 0.245729 -0.294156
v 0.191207 -0.219852 -0.173296
v 0.189168 -0.218939 -0.143721
v -0.100738 0.088519 -0.151719
v -0.097515 0.062336 -0.151605
v 0.144596 0.176590 0.256253
v 0.144094 0.134786 0.282614
v -0.190406 -0.221074 -0.195005
v -0.192315 -0.222298 -0.222385
v -0.189573 -0.263196 -0.219643
v -0.071337 0.006357 -0.134435
v -0.036258 0.040399 -0.110843
v 0.092896 -0.302466 0.258166
v 0.122199 -0.305669 0.289258
v 0.083742 -0.309616 0.296995
v 0.059054 -0.308990 -0.108305
v 0.119386 -0.256801 0.304052
v 0.110374 -0.256719 0.318772
v 0.115770 0.145462 -0.045248
v 0.120380 0.143911 -0.002059
v 0.101925 0.015925 0.144905
v 0.095841 0.011345 0.148587
v 0.087878 0.019228 0.141602
v 0.088617 -0.309743 0.319592
v 0.085057 -0.310671 0.313735
v 0.009277 0.227693 0.258902
v 0.008875 0.235550 0.231905
v -0.029319 0.228183 0.259516
v 0.146150 -0.187083 0.169843
v 0.129750 -0.173120 0.171154
v 0.134564 -0.173003 0.175106
v 0.095402 0.052208 -0.220093
v 0.090079 0.060309 -0.247721
v 0.100012 0.057052 -0.197648
v 0.095236 0.068833 -0.228386
v 0.099309 0.085290 -0.055264
v -0.111982 -0.204936 0.050148
v -0.135882 -0.203274 -0.008551
v -0.139583 -0.203835 0.030735
v -0.036878 -0.064218 0.207040
v 0.008556 -0.079152 0.213994
v -0.024420 -0.107050 0.216310
v -0.121117 -0.058429 0.260188
v -0.124339 0.037681 0.259618
v -0.136707 -0.201279 0.112253
v -0.134090 -0.198029 0.126612
v -0.108755 -0.198108 0.107935
v -0.108195 -0.195634 0.118919
v 0.056352 -0.025386 -0.241519
v 0.096082 -0.133887 0.331269
v 0.076616 -0.148151 0.336698
v 0.112266 -0.159355 0.318952
v 0.107838 -0.159585 0.321285
v -0.061496 -0.235241 -0.342019
v -0.041146 -0.266871 -0.343465
v -0.082494 -0.266451 -0.342696
v 0.061524 -0.224835 -0.073461
v 0.069072 -0.224385 -0.111750
v 0.052616 -0.226856 -0.080510
v 0.062931 -0.225764 -0.113720
v -0.101805 -0.256800 0.307356
v -0.100367 -0.220250 0.308103
v -0.107052 -0.256881 0.294777
v 0.089091 -0.180489 0.164031
v 0.087648 -0.180714 0.164069
v 0.088673 -0.180131 0.164560
v 0.006057 0.082559 0.045520
v -0.190600 -0.264264 -0.296639
v -0.188556 -0.264503 -0.313384
v -0.123154 -0.084197 0.212370
v -0.121727 -0.105840 0.237622
v 0.159611 -0.202769 -0.143291
v 0.143089 -0.205529 -0.134021
v 0.159365 -0.203387 -0.122856
v 0.068421 -0.310402 0.061181
v 0.070424 -0.310710 0.061525
v 0.068937 -0.310477 0.062251
v 0.087860 0.216564 0.297369
v 0.121179 0.213431 0.285708
v 0.115965 0.219795 0.278203
v -0.088428 0.227847 0.260463
v 0.192298 -0.221077 -0.200721
v -0.066616 -0.194648 0.140780
v -0.092554 -0.197840 0.115956
v -0.114078 -0.185260 0.148890
v -0.060803 -0.284967 0.338264
v -0.086821 -0.284938 0.328535
v -0.068313 -0.305728 0.333424
v 0.061492 -0.235241 -0.343856
v 0.141968 -0.167134 0.191379
v 0.144100 -0.175560 0.214102
v 0.143931 -0.177894 0.181395
v -0.159105 -0.265202 -0.336014
v -0.173813 -0.264924 -0.332379
v 0.104329 0.092338 -0.031814
v -0.070859 0.052310 -0.280139
v -0.084127 0.024691 -0.239188
v -0.087635 0.053937 -0.247487
v 0.083002 0.215744 0.301468
v 0.119203 0.201602 0.302223
v -0.056262 0.246917 0.161739
v -0.037862 0.249166 0.172916
v -0.049735 0.251456 0.143630
v -0.030974 0.251327 0.167472
v -0.118775 0.021366 0.153515
v 0.080563 0.215536 0.302475
v 0.071671 0.215500 0.304869
v 0.079398 0.197637 0.327207
v 0.070870 0.201549 0.324611
v 0.069259 -0.200451 0.132546
v 0.079343 -0.199500 0.129384
v 0.070852 -0.202202 0.125640
v -0.053587 -0.219832 -0.004146
v 0.004844 -0.230019 -0.033822
v -0.067065 -0.219714 -0.049351
v -0.132770 -0.199518 -0.274005
v -0.108810 -0.204416 -0.248045
v -0.089261 -0.209613 -0.258716
v 0.143433 -0.325055 -0.241672
v 0.161045 -0.323010 -0.233901
v 0.134359 -0.324110 -0.216887
v 0.066937 0.290050 -0.276150
v 0.075058 0.279549 -0.276421
v 0.064946 0.275011 -0.283330
v 0.146587 -0.257749 0.195704
v 0.147547 -0.207670 0.204376
v 0.139953 -0.257433 0.226790
v 0.005375 -0.302371 0.000211
v -0.059928 -0.311184 -0.020069
v 0.004727 -0.302447 -0.042946
v -0.070296 -0.312976 -0.007208
v -0.096629 -0.317480 0.018844
v -0.078390 -0.314352 -0.018936
v -0.103335 -0.318419 -0.007162
v -0.155065 -0.217477 0.070992
v -0.163523 -0.218911 0.028455
v 0.084072 -0.226463 0.333311
v -0.051998 -0.309228 -0.149082
v -0.047934 -0.308548 -0.132943
v -0.034077 -0.310544 -0.323201
v -0.045845 -0.312214 -0.325206
v -0.038183 -0.302936 -0.343938
v 0.093886 0.073522 -0.077795
v 0.132932 0.001891 0.166848
v 0.067957 -0.027836 -0.152223
v 0.140656 -0.205505 -0.162390
v 0.114516 -0.212033 -0.145201
v 0.172100 -0.218913 0.023442
v 0.187899 -0.302857 -0.261098
v -0.050162 0.043100 0.117602
v -0.094498 0.033955 0.125236
v -0.049163 0.046080 0.113243
v -0.088620 0.043271 0.112786
v -0.138542 -0.318567 0.009977
v -0.132335 -0.318128 0.044212
v -0.156406 -0.304453 0.034276
v -0.071746 -0.014487 0.332635
v -0.069440 -0.029033 0.333427
v -0.065932 -0.027373 0.334591
v 0.007829 -0.197094 0.165792
v 0.007998 -0.190353 0.177120
v 0.006778 -0.218034 0.095551
v 0.006295 -0.222288 0.063282
v 0.189599 -0.226925 -0.310801
v 0.132431 -0.105428 0.285268
v 0.135516 -0.105687 0.256923
v 0.136636 -0.058431 0.256338
v 0.193388 -0.222301 -0.228146
v 0.051081 -0.302189 0.258661
v -0.116205 -0.305587 0.261425
v -0.116981 -0.281352 0.261526
v -0.076503 -0.302464 0.260696
v -0.066698 0.018382 0.144992
v 0.041048 -0.266872 -0.344692
v 0.000208 -0.251901 -0.343949
v 0.030853 -0.235875 -0.343761
v 0.096276 -0.202658 0.105322
v 0.076171 -0.209556 0.089576
v -0.067158 -0.220171 -0.060981
v -0.066744 -0.221684 -0.100165
v 0.193057 -0.224837 -0.275160
v 0.060449 0.008405 -0.282863
v 0.038731 0.035450 -0.295363
v 0.070265 0.052308 -0.282247
v -0.100819 0.197752 -0.077015
v -0.096017 0.213623 -0.104437
v -0.103793 0.185492 -0.070666
v -0.100847 0.189986 -0.108317
v 0.115624 -0.202126 0.308571
v 0.115526 -0.201962 0.308871
v 0.115626 -0.202425 0.308529
v -0.036049 -0.307086 -0.098110
v -0.051794 -0.309059 -0.097802
v -0.109030 -0.135746 0.302498
v -0.096741 -0.140871 0.318716
v -0.104194 -0.124171 0.313905
v -0.096080 0.063749 -0.212746
v -0.095805 0.061148 -0.214030
v -0.096373 0.062029 -0.210229
v -0.104847 0.093695 0.019796
v -0.112582 0.143912 0.001421
v -0.101334 0.095023 -0.004630
v 0.187498 -0.302615 -0.306221
v 0.165705 -0.259363 0.064214
v 0.164917 -0.217479 0.066213
v 0.161139 -0.258886 0.101432
v -0.089674 0.232356 -0.100059
v -0.092778 0.223581 -0.083227
v -0.086667 0.236624 -0.084797
v -0.092786 0.223696 -0.056897
v -0.097482 0.150029 -0.165962
v 0.148682 -0.207776 0.194393
v -0.064938 -0.311085 0.317172
v -0.059760 -0.311949 0.308703
v -0.054560 -0.305723 0.335335
v -0.179134 -0.268777 -0.330365
v -0.174436 -0.282519 -0.333207
v 0.171783 -0.264927 -0.337540
v 0.176335 -0.289548 -0.336128
v 0.157250 -0.265204 -0.340739
v 0.077439 0.266981 -0.137853
v 0.079989 0.261432 -0.119457
v 0.085173 0.254965 -0.134256
v 0.066999 0.072029 -0.066132
v -0.187910 -0.262780 -0.189324
v -0.119980 -0.105685 0.260739
v -0.095302 0.164791 0.334007
v -0.096764 0.164771 0.333314
v -0.087170 0.132635 0.342271
v 0.009720 0.219337 0.288579
v -0.091729 -0.256717 0.321791
v -0.172212 -0.260821 -0.043393
v 0.044048 0.212186 0.315787
v 0.175251 -0.204744 -0.178857
v 0.061177 0.005229 0.162696
v 0.099896 -0.010250 0.167224
v 0.081893 -0.266452 -0.345151
v 0.058297 -0.309001 -0.119320
v 0.083437 0.004804 -0.226077
v 0.063329 -0.026155 -0.199824
v -0.030767 -0.028100 -0.150794
v -0.177554 -0.217798 -0.318323
v -0.129471 -0.231798 -0.337829
v -0.169780 -0.229063 -0.332179
v -0.117222 -0.185665 0.149367
v -0.139030 -0.201225 0.147376
v 0.133319 -0.257118 0.257876
v 0.132539 -0.281354 0.257799
v -0.128890 0.176591 0.260337
v -0.128510 0.135386 0.259580
v -0.127701 0.134788 0.286673
v -0.064670 -0.027835 -0.150242
v -0.122610 0.209969 0.260792
v -0.115146 0.219357 0.260806
v 0.124656 -0.081715 0.307068
v 0.125804 -0.084260 0.305963
v 0.089496 -0.215989 -0.291786
v 0.089275 -0.216462 -0.295973
v 0.075775 -0.219738 -0.294590
v 0.094922 -0.233520 -0.342768
v 0.102669 -0.213516 -0.296080
v 0.092587 -0.215569 -0.295451
v 0.116347 -0.305702 0.304539
v 0.150282 -0.318199 -0.027635
v 0.173028 -0.304021 -0.049685
v 0.169093 -0.304238 -0.010106
v -0.085869 -0.079241 0.329731
v -0.077937 -0.105042 0.334144
v -0.077043 -0.072609 0.333272
v 0.121705 0.218902 0.274389
v 0.131972 0.219356 0.257115
v 0.121239 0.225026 0.257329
v 0.105531 0.091732 -0.114086
v 0.106569 0.096103 -0.108770
v 0.103530 0.081448 -0.116271
v -0.097218 -0.310392 0.202924
v -0.099352 -0.315556 0.156995
v -0.084736 -0.308760 0.224498
v 0.134966 -0.143545 0.257161
v 0.124172 -0.128960 0.306309
v 0.124480 -0.127153 0.306217
v 0.126368 0.214781 0.277258
v 0.138998 0.209966 0.256884
v 0.001120 -0.025202 -0.286782
v -0.024444 -0.024909 -0.284256
v 0.001003 0.007623 -0.294710
v -0.175623 -0.303598 -0.120868
v -0.158543 -0.317637 -0.121336
v -0.171750 -0.303802 -0.084055
v -0.050901 0.068245 -0.072938
v -0.038570 0.052650 -0.097622
v 0.117062 0.088711 0.040791
v 0.151306 -0.211789 0.171900
v 0.086001 0.228672 0.257830
v 0.128352 -0.231800 -0.341680
v 0.130301 -0.159681 0.185666
v 0.137326 -0.165014 0.185842
v 0.131129 -0.165292 0.180408
v 0.047049 -0.063328 0.339623
v 0.010491 -0.061029 0.340909
v 0.082225 0.226841 -0.277693
v 0.010491 -0.104988 0.340909
v 0.010498 -0.151917 0.341271
v 0.047585 -0.048786 0.339396
v 0.062551 -0.057215 0.337830
v 0.037463 -0.196037 0.159175
v 0.037969 -0.185829 0.175961
v 0.052264 -0.217284 0.062367
v 0.051433 -0.217753 0.058558
v 0.049617 -0.217835 0.059825
v 0.003391 -0.235139 -0.130972
v 0.004118 -0.233884 -0.082374
v -0.139534 -0.203145 -0.009516
v -0.170383 -0.217821 -0.010415
v -0.148065 -0.205585 0.027114
v -0.133394 -0.204244 -0.082841
v -0.131979 -0.204430 -0.068572
v 0.120563 0.080426 0.064659
v -0.111333 -0.265994 -0.340736
v -0.095483 -0.233519 -0.339924
v -0.066614 -0.031844 0.334416
v -0.039121 -0.050470 0.340614
v -0.033000 -0.019442 0.340630
v -0.179414 -0.228362 -0.329305
v -0.184826 -0.246349 -0.325533
v -0.184416 -0.228026 -0.326054
v 0.065706 0.264612 0.008205
v 0.068978 0.261067 0.026406
v 0.077214 0.255649 -0.001798
v -0.132158 -0.203721 -0.010848
v -0.138090 -0.203125 -0.012296
v -0.004389 0.201176 0.337105
v 0.010440 0.201760 0.336938
v 0.010326 0.206792 0.329311
v -0.050008 -0.024617 -0.281731
v -0.055737 -0.025385 -0.239845
v -0.092806 -0.208534 -0.278886
v 0.169960 -0.302532 -0.337470
v 0.170772 -0.313239 -0.322190
v 0.179363 -0.307693 -0.325856
v -0.096995 0.165367 0.332829
v -0.096510 0.169558 0.331108
v -0.098864 0.165175 0.331679
v 0.007643 -0.202853 0.153401
v 0.097702 0.088256 -0.216448
v 0.092788 0.087465 -0.243053
v -0.125317 -0.257432 0.230751
v -0.117758 -0.257117 0.261626
v 0.184952 -0.261814 -0.123020
v 0.176962 -0.303804 -0.089264
v 0.179734 -0.303600 -0.126176
v -0.108478 -0.207182 -0.192498
v -0.112820 -0.206151 -0.188711
v -0.058774 -0.223736 -0.168874
v -0.067121 -0.221595 -0.159173
v 0.104080 0.086749 -0.151720
v 0.104720 0.104664 -0.151559
v 0.106317 0.099753 -0.114874
v 0.131760 -0.305589 0.257722
v 0.139045 -0.305456 0.223889
v -0.073419 -0.218212 -0.046837
v -0.059693 -0.218650 -0.003689
v -0.095302 -0.210361 0.003563
v -0.109639 -0.205423 0.044371
v -0.065726 -0.214976 0.033093
v -0.102142 -0.206443 0.050034
v 0.110250 -0.265995 -0.344046
v -0.130516 0.052380 0.207362
v -0.130374 0.021438 0.205836
v 0.005615 0.285067 0.013450
v 0.006023 0.280625 0.040758
v 0.035199 0.281110 0.005085
v -0.103627 -0.063040 0.313639
v -0.106863 -0.044215 0.306219
v -0.108039 -0.079826 0.310457
v -0.185353 -0.283583 -0.324951
v -0.123474 -0.105995 0.214504
v 0.101637 -0.256685 0.326002
v 0.146583 -0.204534 0.208557
v 0.080012 -0.041861 0.190990
v 0.095582 -0.026252 0.179519
v 0.091380 -0.060426 0.198797
v 0.100050 -0.038879 0.186685
v -0.126187 0.136742 0.216694
v -0.055081 -0.059095 0.338253
v -0.163072 -0.208352 -0.309660
v -0.109926 -0.210907 -0.319573
v 0.164965 -0.204380 -0.077269
v 0.126745 -0.208358 -0.086524
v 0.153474 -0.204279 -0.045238
v 0.043261 0.285024 -0.049994
v 0.046419 0.282595 -0.043114
v 0.068305 0.271188 -0.075430
v 0.068450 0.271056 -0.075320
v 0.091572 -0.215511 -0.293264
v 0.000190 -0.302981 -0.345047
v -0.099321 -0.315574 0.156841
v -0.098398 -0.315508 0.156648
v -0.098768 -0.315503 0.157265
v 0.060132 -0.161098 0.339903
v 0.010505 -0.198846 0.341633
v 0.148131 -0.323243 -0.181496
v 0.142502 -0.323033 -0.171735
v 0.119889 -0.322907 -0.207781
v 0.117264 -0.322132 -0.198919
v 0.000196 -0.285136 -0.344640
v -0.118314 -0.219259 0.261404
v 0.042548 -0.305717 0.334256
v 0.099983 -0.317895 -0.170244
v 0.072448 -0.312218 -0.161553
v 0.079514 -0.314907 -0.195583
v 0.189455 -0.264267 -0.302315
v 0.191486 -0.263616 -0.255679
v 0.006441 0.074622 0.071375
v 0.006815 0.063826 0.096517
v -0.036100 0.070710 0.067897
v 0.039243 -0.306525 -0.151081
v 0.002783 -0.302676 -0.172418
v 0.053251 -0.308298 -0.151001
v 0.102468 0.069728 -0.141082
v 0.101413 0.059783 -0.181817
v 0.100751 0.053529 -0.162121
v 0.105563 0.214638 0.004677
v 0.091567 0.238562 0.028042
v 0.108472 0.209784 0.019656
v 0.094852 0.233935 0.041518
v -0.088321 0.228605 0.152850
v -0.072399 0.239992 0.166280
v -0.072839 0.240466 0.148579
v 0.060179 0.073434 0.341071
v 0.071618 0.065511 0.338758
v 0.067782 0.087252 0.341555
v -0.136024 -0.194819 0.161225
v -0.133211 -0.187081 0.174016
v 0.133868 -0.219260 0.257638
v -0.150237 -0.258884 0.106083
v -0.148669 -0.213654 0.101973
v -0.122850 -0.319631 0.035492
v -0.134069 -0.319538 0.007872
v -0.091841 0.229133 -0.147095
v -0.095395 0.208725 -0.181312
v -0.093268 0.223430 -0.141915
v -0.096759 0.199274 -0.169328
v -0.033613 0.022078 -0.294550
v -0.061066 0.008406 -0.281047
v -0.133629 -0.201582 0.088858
v -0.135822 -0.203311 0.071486
v -0.128143 0.104179 0.205188
v -0.123864 0.138098 0.173808
v -0.128865 0.091839 0.180155
v 0.102288 0.233378 0.219043
v 0.106138 0.227846 0.257558
v -0.090456 -0.106346 0.215106
v -0.123974 -0.124234 0.213323
v -0.049597 0.065996 0.075570
v -0.116569 0.151766 0.321258
v -0.120314 0.162993 0.311744
v -0.123855 0.134226 0.307473
v -0.108870 -0.083752 0.309250
v 0.078052 -0.064886 0.335343
v 0.055748 -0.027284 0.338438
v 0.060520 -0.033345 0.337696
v 0.091520 0.116847 -0.243761
v 0.076295 0.098167 -0.281362
v 0.081787 0.034409 -0.118799
v 0.124623 0.005893 0.299400
v 0.123882 0.014352 0.301884
v 0.122969 0.007248 0.302466
v 0.121158 -0.203710 0.073237
v 0.126034 -0.202119 0.081900
v 0.128183 -0.203296 0.072324
v 0.056083 0.082514 -0.024715
v 0.134446 -0.018756 0.181576
v 0.142631 -0.002268 0.211344
v 0.135662 -0.040223 0.193642
v -0.096272 -0.214775 0.312211
v -0.098353 -0.218967 0.310720
v -0.069823 -0.211708 0.332237
v -0.075442 -0.228745 0.329912
v -0.175512 -0.217357 -0.048898
v 0.000213 -0.236510 -0.343665
v -0.030641 -0.235875 -0.342842
v 0.183481 -0.302496 -0.330399
v 0.183364 -0.283586 -0.330457
v 0.185978 -0.302538 -0.321238
v 0.182442 -0.261330 -0.087046
v 0.144011 0.135384 0.255510
v 0.007502 0.034260 0.142825
v -0.046739 0.042146 0.119594
v -0.045301 0.044307 0.116898
v -0.059289 -0.214325 0.053579
v 0.038267 -0.302936 -0.345079
v 0.124544 -0.208886 -0.092030
v 0.079712 -0.221950 -0.120392
v 0.123713 -0.208988 -0.088577
v 0.072718 -0.223604 -0.113034
v 0.000897 0.128593 -0.302165
v -0.030634 0.074365 0.343410
v -0.028012 0.051294 0.342371
v 0.010504 0.061854 0.341728
v -0.081630 -0.179248 0.164974
v -0.112051 -0.183654 0.152477
v -0.074980 0.255252 -0.072601
v 0.089872 0.243195 -0.074653
v 0.068692 0.270837 -0.075455
v 0.126256 -0.163336 0.181573
v 0.028684 0.295747 -0.101555
v 0.032241 0.293888 -0.086754
v 0.045202 0.291221 -0.122179
v 0.189972 -0.262782 -0.194968
v 0.190729 -0.263199 -0.225324
v 0.001624 -0.025993 -0.252923
v 0.025247 -0.024910 -0.284998
v 0.131369 -0.302701 -0.342821
v -0.100213 -0.199703 0.104745
v -0.099580 -0.198225 0.111991
v -0.037881 0.044968 -0.106210
v -0.051249 -0.219906 -0.001105
v -0.055421 -0.219121 0.001577
v 0.167884 -0.229065 -0.337223
v 0.002134 -0.302752 -0.215575
v 0.144145 0.042587 0.196778
v 0.144292 0.045752 0.200732
v 0.144250 0.041535 0.199567
v 0.098984 0.041971 -0.183356
v 0.095423 0.026819 -0.164275
v 0.096622 0.046991 -0.138531
v -0.034226 -0.193755 0.159489
v -0.092120 -0.070712 0.204065
v 0.186361 -0.237508 -0.326525
v 0.182396 -0.228029 -0.331532
v 0.185250 -0.227804 -0.326495
v -0.031238 0.293281 -0.104349
v -0.036634 0.293158 -0.122797
v -0.043190 0.288126 -0.108644
v 0.010518 0.096819 0.342547
v 0.135102 0.186482 0.292619
v 0.044100 0.034909 -0.118594
v 0.004602 0.294411 -0.054349
v -0.086646 0.153223 -0.250146
v -0.093250 0.151535 -0.206346
v 0.052154 -0.001024 0.170289
v 0.045436 -0.003831 0.173514
v 0.046590 0.002630 0.168293
v -0.033326 0.198202 0.333554
v -0.027277 0.199552 0.333788
v -0.034447 0.205942 0.324782
v -0.100360 -0.217370 0.308026
v 0.052578 -0.226107 -0.067272
v -0.166635 -0.304019 -0.044611
v 0.149298 -0.203938 0.179406
v 0.108937 0.221058 0.140363
v -0.144733 -0.204605 0.038623
v -0.114962 -0.204431 0.052636
v 0.103348 0.193072 -0.130200
v 0.111160 0.147014 -0.088437
v 0.105724 0.148521 -0.128677
v 0.131970 -0.167504 0.178098
v 0.038182 -0.061964 0.207043
v 0.044032 -0.080344 0.211594
v -0.033321 -0.160410 0.198489
v -0.040793 -0.169446 0.189049
v -0.053467 -0.159005 0.194924
v 0.128093 -0.316776 0.106441
v 0.156291 -0.304845 0.102788
v 0.122798 -0.317240 0.117921
v -0.052585 -0.222123 -0.299413
v -0.052261 -0.222036 -0.297000
v -0.050909 -0.222586 -0.298695
v -0.078471 0.126247 -0.278261
v -0.135489 -0.200139 -0.279405
v -0.108666 -0.211053 -0.319896
v -0.108419 -0.210628 -0.318675
v -0.130648 -0.177892 0.185496
v -0.124996 -0.140423 0.209580
v 0.129441 0.112750 0.321677
v 0.130280 0.113486 0.321105
v 0.120374 0.133019 0.333883
v -0.105207 -0.319258 -0.095065
v -0.119670 -0.320888 -0.093755
v -0.111803 -0.320237 -0.103281
v -0.080324 0.272950 -0.253918
v -0.073740 0.279551 -0.274199
v -0.078956 0.265707 -0.274371
v -0.091081 -0.321806 -0.243312
v -0.110248 -0.324584 -0.236411
v -0.098857 -0.323892 -0.252821
v -0.067299 -0.219844 -0.053550
v 0.182505 -0.303397 -0.163087
v 0.185277 -0.303193 -0.199999
v -0.122965 -0.204059 -0.184452
v -0.113954 -0.207442 -0.155981
v 0.181774 -0.217359 -0.054234
v 0.184452 -0.217693 -0.084190
v 0.008617 -0.301989 0.215998
v 0.007968 -0.302066 0.172840
v -0.020009 0.131923 0.344259
v -0.050550 0.132062 0.345151
v 0.037635 0.302175 -0.275616
v -0.087766 -0.318393 -0.196720
v -0.055820 -0.310240 -0.161131
v -0.103114 -0.320080 -0.164413
v -0.071100 -0.313123 -0.150618
v 0.000891 0.100188 -0.302472
v -0.183368 -0.303190 -0.194493
v -0.185591 -0.303022 -0.224990
v 0.081961 -0.312989 -0.028013
v 0.103390 -0.316931 -0.073614
v 0.086445 -0.313724 -0.018768
v 0.103854 -0.316906 -0.060369
v 0.076344 -0.302892 -0.345112
v 0.107357 0.193909 -0.082061
v 0.107937 0.195333 -0.073757
v 0.003913 0.061735 -0.098904
v -0.139081 -0.199095 -0.275286
v -0.037205 -0.190595 0.340540
v 0.093722 0.237781 -0.167252
v 0.095950 0.228564 -0.157996
v 0.007862 0.253673 0.163957
v 0.142987 0.196001 0.256608
v -0.193388 -0.224834 -0.269388
v -0.031754 -0.210775 0.111994
v 0.055221 0.071349 0.062665
v 0.068015 0.062554 0.079238
v 0.160802 -0.324159 -0.260168
v 0.131244 -0.325436 -0.277437
v 0.153765 -0.325201 -0.291214
v 0.098184 0.056485 -0.130128
v 0.088048 0.056680 -0.099082
v -0.110658 0.011350 0.299615
v -0.112560 0.006661 0.294398
v 0.056860 0.060754 0.340809
v 0.010491 0.026889 0.340909
v 0.048037 0.025183 0.339774
v 0.126512 -0.208410 -0.088493
v 0.048610 0.302010 -0.233919
v 0.042905 0.302705 -0.235707
v 0.002049 0.305731 -0.225236
v -0.076859 0.098168 -0.279075
v 0.122492 -0.097081 0.312632
v 0.122929 -0.105195 0.312127
v 0.128626 -0.105297 0.300133
v 0.144272 0.040508 0.198960
v 0.144247 0.041218 0.198951
v 0.082217 -0.307952 0.208191
v 0.061425 -0.304860 0.225648
v -0.050743 -0.192814 0.337961
v -0.041597 -0.200279 0.339583
v 0.008282 -0.027768 0.195466
v 0.008448 -0.052557 0.206693
v 0.007251 0.263937 0.123007
v 0.052697 0.253385 0.148825
v 0.053186 0.256246 0.130801
v -0.110990 -0.204463 0.054746
v 0.058778 -0.049798 0.198928
v 0.035967 -0.040963 0.199048
v 0.126177 -0.078117 0.304542
v -0.104539 -0.302795 -0.340854
v 0.147609 -0.319690 -0.052308
v 0.148978 -0.320601 -0.078385
v -0.030479 0.175820 0.343853
v -0.024653 0.176770 0.344099
v 0.101605 -0.232264 0.325257
v 0.139841 0.037679 0.255672
v -0.099192 -0.210559 -0.013380
v -0.055422 -0.219416 -0.003007
v 0.083272 0.011828 -0.236663
v 0.080374 0.005068 -0.236367
v -0.043214 -0.308128 -0.087620
v 0.050087 0.075138 0.341799
v -0.132161 -0.305246 0.185815
v -0.115929 -0.185474 0.149050
v 0.066863 0.082744 -0.023006
v -0.057438 -0.106698 0.215708
v 0.143283 0.092462 0.214109
v 0.143421 0.084592 0.218098
v 0.143546 0.084459 0.208643
v -0.178708 -0.206950 -0.247074
v 0.151171 -0.201228 0.143042
v -0.130600 -0.199192 0.219952
v -0.134943 -0.208567 0.199942
v 0.010554 0.164240 0.344770
v 0.090468 0.132312 0.342256
v 0.107255 0.101722 0.334466
v 0.106881 0.132634 0.339373
v -0.023200 0.287004 -0.030733
v -0.015695 0.293603 -0.068440
v -0.088111 -0.305726 0.323221
v -0.079267 -0.305730 0.329575
v 0.000203 -0.267292 -0.344233
v 0.046164 0.302606 -0.239776
v 0.056439 0.297664 -0.245353
v 0.050719 0.300556 -0.248127
v 0.141052 -0.020007 0.222890
v -0.095696 0.063196 -0.215221
v -0.095513 0.069224 -0.217631
v -0.089516 0.197835 0.316587
v -0.070948 0.208368 0.311001
v -0.094883 0.201397 0.310291
v -0.117349 0.210018 0.276289
v 0.002628 0.304570 -0.186536
v 0.187462 -0.262298 -0.158994
v -0.059676 0.190741 0.333064
v -0.129365 -0.162630 0.211205
v 0.086838 -0.314433 -0.133900
v 0.091492 -0.315266 -0.132805
v 0.091309 -0.315209 -0.131154
v -0.124497 -0.305454 0.227826
v -0.022845 0.286954 -0.029148
v 0.010491 -0.017070 0.340909
v 0.054413 -0.024144 0.338708
v 0.046456 0.003475 0.339649
v 0.072735 -0.105004 0.337409
v -0.115900 0.142361 0.044728
v -0.099337 -0.315585 0.156753
v -0.073644 -0.024207 0.180650
v -0.091696 -0.031623 0.183422
v -0.093219 -0.027012 0.180661
v 0.007802 0.015791 0.163073
v -0.091335 0.113234 -0.240596
v -0.030321 0.269626 0.067421
v 0.006637 0.272281 0.081882
v 0.004910 0.087717 -0.031739
v 0.101988 -0.128151 0.328925
v 0.097623 -0.105043 0.331522
v -0.097428 0.092340 -0.028800
v -0.180743 -0.261811 -0.117558
v 0.057057 -0.308787 -0.053743
v 0.068261 -0.310640 -0.023211
v -0.064010 -0.311288 -0.121542
v 0.152160 -0.320289 -0.099777
v 0.085915 0.251911 -0.112842
v -0.107019 -0.086952 0.312361
v -0.111336 -0.105295 0.303718
v -0.104907 -0.105193 0.315530
v -0.033329 0.081471 -0.039598
v -0.037769 0.075870 -0.056402
v 0.140518 0.057410 0.160104
v 0.131110 0.021364 0.149783
v 0.101178 0.075079 -0.193654
v 0.100530 0.105942 -0.195894
v -0.067344 0.012824 0.151037
v -0.062415 0.015952 0.148163
v 0.105942 -0.323633 -0.257237
v 0.114794 -0.322821 -0.222493
v -0.117742 0.213235 0.235988
v -0.118717 0.209822 0.229216
v -0.121217 0.206660 0.234179
v -0.116518 0.208101 0.283436
v -0.119533 0.177305 0.304418
v 0.163246 -0.204440 -0.089639
v -0.065787 0.281995 -0.187757
v -0.052335 0.288255 -0.160560
v -0.062772 0.287086 -0.204390
v -0.030413 0.300569 -0.180098
v 0.093495 0.208707 -0.242378
v 0.080896 0.190582 -0.278761
v 0.054309 0.287507 -0.132552
v 0.045175 0.288288 -0.097713
v 0.058289 0.281441 -0.102924
v 0.105202 -0.060793 0.199241
v 0.071169 0.132061 0.343333
v 0.040850 0.131922 0.343349
v -0.155913 -0.259361 0.069018
v 0.003136 -0.028365 -0.151346
v 0.066803 -0.162704 0.338850
v 0.061335 -0.166525 0.339611
v -0.027278 0.262722 0.112174
v -0.030359 0.267231 0.080889
v -0.037096 0.261207 0.104333
v 0.109907 -0.105088 0.325389
v 0.119238 -0.105153 0.317140
v 0.029087 -0.175336 0.191308
v 0.100190 -0.211367 0.019772
v 0.089851 -0.213087 0.025464
v 0.098701 -0.211234 0.028030
v -0.022079 -0.305717 0.335221
v 0.009899 -0.302641 0.301556
v 0.010401 -0.305710 0.335107
v -0.145408 -0.210523 0.117499
v 0.110714 0.202918 0.008789
v 0.107252 0.211347 0.009373
v 0.153863 -0.258317 0.148568
v -0.066451 -0.312152 -0.043956
v 0.178640 -0.260823 -0.048634
v 0.101677 0.201608 -0.137263
v -0.185237 -0.264672 -0.325012
v 0.079570 0.250569 0.037635
v 0.068419 0.260171 0.036840
v 0.070477 0.257561 0.049395
v -0.121111 -0.201666 0.080167
v -0.118726 -0.207211 -0.132894
v -0.113974 -0.208467 -0.129920
v -0.098548 0.211738 0.052380
v -0.096086 0.216404 0.066179
v -0.090709 0.225197 0.052007
v 0.048284 0.195062 0.337237
v 0.042001 0.208665 0.322336
v -0.043385 -0.307112 0.188864
v -0.041685 -0.307851 0.150767
v -0.111606 -0.209051 -0.123055
v -0.141401 -0.200021 -0.280483
v 0.000920 0.052725 -0.300393
v -0.104076 0.199699 0.065033
v 0.103383 0.092694 0.334502
v 0.107963 0.092513 0.331951
v 0.109740 0.097846 0.332311
v -0.106040 0.119425 -0.025155
v -0.109264 0.145464 -0.041887
v -0.126981 0.196001 0.260639
v -0.139246 -0.217588 0.175099
v -0.135435 -0.202489 0.189204
v 0.054710 0.297496 -0.275894
v -0.111327 -0.320060 -0.085505
v 0.182821 -0.246352 -0.331024
v -0.082332 -0.256684 0.328750
v -0.095831 -0.213274 -0.315229
v -0.062830 -0.220607 -0.052324
v 0.081393 0.197631 0.326507
v 0.097330 0.192326 -0.202945
v 0.094852 0.151534 -0.209156
v 0.095099 0.205421 -0.231714
v -0.156396 -0.316196 -0.074398
v -0.146603 -0.224487 0.126077
v -0.141447 -0.221504 0.160663
v -0.063461 0.164025 0.342472
v -0.070248 0.132313 0.344657
v -0.129219 0.041366 0.182677
v 0.001303 0.304639 -0.275076
v -0.035210 0.302177 -0.274528
v -0.141557 -0.258315 0.152980
v 0.140408 0.136740 0.212712
v -0.028818 -0.192134 0.164100
v 0.148579 -0.194821 0.156974
v -0.116999 -0.207683 -0.125014
v -0.111720 -0.209048 -0.128420
v -0.042718 -0.308075 0.144737
v 0.051364 0.058064 -0.091510
v 0.157691 -0.322549 -0.200239
v -0.076427 0.154656 -0.284104
v -0.080083 0.154325 -0.277446
v -0.081075 0.196185 -0.276198
v 0.046963 0.196726 -0.297672
v 0.046040 0.197749 -0.297820
v 0.047190 0.198349 -0.297488
v 0.146009 -0.204902 0.009788
v 0.149592 -0.204817 0.010878
v 0.150526 -0.204514 0.004921
v 0.089767 -0.180703 0.163401
v 0.095831 0.073529 0.054369
v 0.075411 0.071306 0.059352
v 0.091079 0.081182 0.023647
v 0.139434 -0.143896 0.227162
v 0.143719 -0.172371 0.215952
v 0.139001 -0.140425 0.205637
v 0.137948 0.178062 0.295024
v 0.089565 -0.314884 -0.130705
v 0.088539 -0.188789 0.331019
v 0.111631 -0.160899 0.318823
v 0.005207 0.289509 -0.013858
v 0.137756 -0.011174 0.255753
v 0.001136 0.276832 -0.286282
v -0.129633 0.009273 0.208476
v -0.120085 0.001893 0.170627
v -0.121160 -0.018754 0.185394
v 0.099454 -0.076342 0.204259
v 0.073112 -0.106699 0.213758
v -0.044613 -0.308345 -0.162567
v 0.072605 -0.218324 -0.010407
v 0.005569 -0.226153 0.014730
v 0.010436 -0.281177 0.337279
v -0.119218 0.140809 0.088035
v 0.082568 0.164143 0.341201
v 0.060083 0.173226 0.343305
v 0.103933 -0.316597 0.023721
v 0.138695 -0.319128 0.011327
v 0.129658 -0.319219 0.047685
v 0.105370 -0.106348 0.212181
v 0.092130 -0.149324 0.195334
v 0.100507 -0.213349 -0.287252
v 0.093350 -0.215065 -0.291794
v 0.113387 -0.209919 -0.247712
v 0.099856 -0.213488 -0.247796
v 0.141568 -0.204643 -0.256078
v 0.136672 -0.207703 -0.296519
v 0.059822 -0.309165 -0.095950
v 0.059794 -0.309087 -0.065049
v -0.080235 0.065126 0.334679
v -0.095898 0.068585 0.326376
v -0.083657 0.033171 0.329223
v -0.122674 -0.062154 0.206591
v -0.122016 -0.040222 0.197490
v 0.087349 -0.213331 0.332019
v 0.093601 -0.224293 0.329206
v -0.094874 0.042764 -0.168195
v -0.092397 0.037889 -0.156781
v -0.049254 -0.151549 0.200855
v 0.113352 -0.159931 0.317645
v -0.094326 0.167310 0.333554
v -0.096164 0.165689 0.333190
v 0.120025 -0.145131 0.195772
v 0.040855 -0.107051 0.215335
v 0.008587 -0.123772 0.216275
v 0.008598 -0.107402 0.216912
v -0.105525 -0.305667 0.292660
v -0.183054 -0.264730 -0.327744
v 0.002128 -0.026783 -0.219064
v 0.022877 -0.027137 -0.231877
v 0.075631 0.274149 -0.171509
v 0.066011 0.286420 -0.187609
v 0.059534 0.285570 -0.147217
v 0.052090 0.292214 -0.161325
v 0.010546 0.185490 0.344162
v -0.017647 0.186042 0.341888
v 0.024536 0.195723 0.340857
v 0.022912 0.199128 0.339360
v -0.032979 0.156498 -0.300669
v -0.180979 -0.302496 -0.328902
v -0.171864 -0.302530 -0.332364
v 0.130227 -0.321349 -0.127995
v 0.129942 -0.321468 -0.133339
v 0.137249 -0.321537 -0.127227
v 0.141926 0.086531 0.255591
v 0.140885 0.107213 0.290381
v 0.133718 0.085057 0.300066
v 0.112518 -0.159869 0.318356
v 0.114170 -0.186451 0.311732
v -0.161521 -0.304236 -0.005168
v 0.007171 0.050322 0.120486
v -0.077685 0.249794 -0.056926
v -0.056259 0.155721 -0.296555
v 0.010531 0.131784 0.343366
v 0.058830 -0.227265 -0.205187
v 0.049981 -0.229024 -0.218339
v 0.047496 -0.229943 -0.199135
v 0.002665 -0.236393 -0.179571
v -0.119542 -0.207137 -0.128205
v 0.139362 0.197578 0.231014
v 0.168654 -0.203943 -0.132524
v -0.113226 0.069196 0.091357
v -0.042012 -0.307838 -0.152109
v 0.089902 -0.180324 0.163955
v -0.114189 0.120318 0.324684
v -0.117021 0.133707 0.322781
v 0.140964 0.179706 0.223138
v 0.005285 0.089257 -0.006496
v 0.108955 0.095021 -0.007772
v 0.113196 0.093694 0.016539
v 0.041188 -0.229122 -0.298293
v -0.079795 -0.185891 0.326684
v 0.179207 -0.290341 -0.334488
v -0.137054 -0.326462 -0.213516
v -0.108453 -0.322024 -0.190615
v -0.091077 -0.321286 -0.234457
v -0.167265 -0.260314 -0.005111
v 0.070965 -0.311049 -0.059742
v -0.187939 -0.275085 -0.320132
v -0.188760 -0.302612 -0.300601
v -0.054151 0.077007 0.039314
v 0.135801 -0.321338 -0.118446
v 0.114068 -0.210741 -0.048971
v 0.129357 -0.207390 -0.045525
v 0.124749 -0.208785 -0.087013
v 0.009265 -0.301913 0.259155
v 0.116786 0.199701 0.097457
v 0.116050 0.200061 0.088827
v 0.103416 0.223130 0.092890
v 0.103594 0.222521 0.080983
v -0.177160 -0.261327 -0.081675
v -0.161589 -0.259837 0.031954
v 0.010471 -0.256645 0.339451
v -0.121541 0.139453 0.130921
v 0.052275 0.297520 -0.201835
v 0.045643 0.298322 -0.187572
v 0.000826 -0.236481 -0.302642
v -0.049336 -0.222864 -0.295512
v 0.001439 -0.236452 -0.261618
v -0.130886 -0.205092 -0.109013
v 0.058424 0.083086 -0.014737
v 0.069441 -0.309583 0.299918
v -0.036278 0.067875 -0.075706
v 0.081533 0.216401 0.300609
v 0.047639 0.228183 0.258366
v -0.111968 -0.029561 0.293784
v -0.106012 -0.027477 0.305212
v -0.102498 0.028026 0.135880
v -0.095198 0.022932 0.138597
v -0.080381 -0.069271 0.203689
v 0.168678 -0.203571 -0.175701
v 0.128384 -0.207064 -0.200673
v -0.070494 -0.032531 0.332932
v 0.181120 -0.223552 -0.327073
v 0.177381 -0.228364 -0.334635
v -0.058160 -0.163859 0.189240
v -0.084470 -0.173636 0.172458
v -0.081827 -0.170599 0.176410
v -0.053511 -0.315851 -0.290328
v 0.000838 -0.302905 -0.301890
v -0.119662 0.090927 0.302429
v -0.117801 0.104215 0.312790
v -0.046021 -0.308729 0.024200
v -0.059267 -0.311101 -0.009301
v -0.044450 0.281217 -0.062617
v -0.020311 0.294351 -0.081543
v 0.053346 -0.211659 0.100713
v -0.074909 0.020966 0.332244
v -0.039981 0.003274 0.340241
v -0.038196 0.026632 0.341015
v -0.071055 0.155008 -0.289403
v -0.094695 0.106064 -0.223056
v -0.090614 0.102468 -0.244576
v -0.131006 -0.316091 0.093303
v -0.145352 -0.304843 0.107295
v -0.150879 -0.304648 0.070785
v -0.073795 0.243461 0.082829
v -0.080783 0.236809 0.066622
v -0.083691 0.233246 0.095040
v -0.099444 -0.315574 0.156842
v -0.188293 -0.237805 -0.320700
v -0.189189 -0.238841 -0.319047
v -0.187119 -0.227801 -0.320935
v 0.035723 0.190096 0.341757
v 0.137627 -0.105997 0.210605
v 0.138091 -0.124235 0.209408
v -0.107987 0.088712 0.044152
v -0.132522 -0.302699 -0.338880
v -0.172874 -0.309343 -0.324997
v -0.140365 -0.217836 0.165827
v -0.140946 -0.219113 0.162354
v -0.101269 0.133021 0.337194
v 0.187130 -0.218026 -0.114146
v -0.058849 0.282449 -0.152576
v -0.050893 0.286394 -0.136705
v 0.063196 0.239190 0.217999
v 0.054954 0.239620 0.217889
v 0.126268 -0.145750 0.196304
v 0.000902 0.156999 -0.301857
v -0.078577 0.023859 0.330901
v -0.080708 0.023559 0.329831
v 0.138567 -0.317206 -0.325687
v 0.135372 -0.315614 -0.328912
v 0.138306 -0.315473 -0.328559
v -0.090293 -0.144151 0.324046
v -0.091686 -0.154915 0.321479
v 0.083242 0.241879 0.170168
v 0.041834 0.247734 0.185487
v 0.060317 0.241178 0.209606
v 0.046446 -0.229002 -0.244338
v 0.042007 -0.228826 -0.283250
v 0.094850 0.233500 0.095235
v 0.106998 0.222322 0.132157
v -0.103962 0.225029 0.260693
v 0.089398 -0.179922 0.164625
v 0.074929 0.248378 0.127496
v 0.061294 0.257337 0.102417
v 0.047837 0.263455 0.095054
v 0.079818 0.265707 -0.276743
v 0.055028 0.256904 -0.290037
v -0.096564 0.215502 -0.004874
v -0.108012 0.185667 0.014211
v -0.093261 0.221971 0.013673
v -0.108247 0.185565 0.022935
v 0.005670 0.087488 0.019410
v -0.061773 -0.227039 0.335294
v -0.053367 -0.256651 0.337171
v -0.032139 -0.256646 0.339033
v -0.029938 -0.188457 0.169670
v -0.097829 0.164373 0.332684
v 0.134073 -0.202479 0.081183
v -0.123219 0.177018 0.203918
v 0.109190 0.167434 0.332326
v 0.083653 0.193059 0.328345
v 0.003646 0.045453 -0.116908
v -0.175976 -0.251899 -0.331012
v 0.132533 0.218623 0.242333
v 0.124733 0.224009 0.242570
v 0.136752 0.191978 0.212686
v 0.131228 0.217567 0.233682
v -0.100858 -0.105152 0.320427
v -0.102104 -0.094042 0.318733
v -0.129669 -0.177002 0.219612
v 0.126939 -0.185046 0.148716
v 0.101425 -0.210526 0.032000
v 0.128309 -0.203768 0.066067
v 0.145726 -0.204950 0.014167
v 0.041643 -0.142086 0.208612
v 0.040740 -0.142776 0.208569
v 0.113680 0.157130 0.332637
v 0.104734 0.043449 0.323638
v 0.087828 0.018269 0.331695
v 0.109867 0.023202 0.316575
v 0.120443 0.000819 0.304707
v 0.099551 -0.019076 0.324064
v 0.107160 -0.028337 0.318962
v -0.117759 0.080820 0.302705
v -0.126424 0.086533 0.259599
v -0.098933 -0.305700 0.307755
v -0.073820 -0.311828 0.314374
v -0.078508 -0.310394 0.316265
v 0.159449 -0.213656 0.097371
v -0.104672 0.193272 -0.019752
v 0.008472 0.243408 0.204907
v -0.086534 0.022300 0.325765
v -0.110632 0.045118 0.305433
v -0.093110 0.085291 -0.052390
v -0.105946 0.147016 -0.085194
v -0.088679 -0.035792 0.185728
v 0.120030 0.047601 0.312064
v -0.161072 -0.201246 -0.142012
v -0.161129 -0.199899 -0.161413
v -0.170004 -0.204372 -0.151246
v 0.038941 0.247588 0.186845
v 0.039363 0.248108 0.184128
v 0.103857 -0.302797 -0.343967
v -0.182655 -0.218024 -0.108624
v -0.093110 -0.316841 0.078694
v -0.106063 -0.318058 0.080883
v -0.118884 -0.319269 0.054681
v -0.131813 -0.317750 0.060684
v 0.128582 0.153331 0.323216
v -0.022416 0.028651 0.341143
v -0.053837 0.002701 0.162689
v -0.179495 -0.303394 -0.157680
v -0.154353 -0.320746 -0.133879
v -0.152803 -0.322266 -0.164113
v 0.092439 0.239514 -0.148239
v -0.057323 -0.313475 -0.233136
v -0.173222 -0.212162 -0.311978
v 0.063620 -0.309828 -0.109566
v 0.074921 -0.311795 -0.097585
v 0.092729 -0.315331 -0.122161
v -0.092078 0.227847 -0.127491
v -0.083240 0.249364 -0.136664
v -0.076924 0.259683 -0.125863
v 0.140309 -0.154685 0.199544
v -0.109515 0.181775 0.031591
v -0.111899 0.176326 0.066379
v 0.124792 0.196036 0.156421
v 0.127022 0.181137 0.135017
v -0.181443 -0.268856 -0.328996
v -0.035121 0.241490 0.213573
v 0.141100 0.134224 0.303516
v -0.139593 -0.326984 -0.227292
v -0.119015 -0.326840 -0.268429
v -0.030440 -0.104992 0.340786
v -0.114431 0.173401 0.100935
v 0.067273 -0.310229 0.061016
v 0.006672 -0.302218 0.086526
v 0.006024 -0.302294 0.043369
v 0.105232 0.098991 0.334780
v 0.098696 0.101447 0.337127
v 0.068440 0.271083 -0.075499
v 0.041154 0.289278 -0.089395
v -0.128058 -0.161951 0.223955
v -0.052298 -0.105003 0.339276
v 0.075647 0.284522 -0.258882
v 0.124584 -0.001927 0.298287
v 0.123652 0.004181 0.300721
v -0.090841 -0.105087 0.328388
v -0.148360 -0.198607 -0.257485
v -0.128929 0.077879 0.163558
v -0.127116 0.068773 0.159621
v -0.128433 0.053559 0.170941
v -0.126747 0.039280 0.166569
v -0.169226 -0.199970 -0.216752
v -0.161355 -0.198189 -0.218426
v 0.141684 0.067528 0.166341
v 0.035442 0.096396 0.342606
v -0.167279 -0.199464 -0.207449
v -0.136837 -0.201340 -0.200667
v -0.122365 0.191185 0.215272
v 0.086682 -0.313748 -0.004423
v 0.103501 -0.316501 0.002319
v -0.063384 -0.317908 -0.286784
v -0.052226 -0.313148 -0.248774
v -0.087550 -0.321344 -0.247688
v -0.081458 -0.308354 0.225877
v -0.083637 -0.308190 0.226609
v -0.046373 0.080036 -0.041759
v 0.107923 0.062236 0.324834
v 0.089444 0.043988 0.332155
v -0.095813 -0.033931 0.185263
v -0.096845 -0.059740 0.199481
v -0.045486 0.207085 -0.296000
v -0.052855 0.215892 -0.292617
v -0.116672 -0.184536 0.151803
v 0.042155 0.248752 0.179771
v 0.078255 0.244984 0.160427
v -0.176821 -0.288767 -0.331945
v 0.131317 0.151970 0.321312
v 0.135061 0.133705 0.319016
v 0.103001 0.193189 -0.134033
v 0.100288 0.150027 -0.168916
v 0.105514 0.091286 -0.105483
v -0.063115 -0.175393 0.176191
v -0.037013 -0.189690 0.165035
v 0.075798 0.154655 -0.286378
v 0.079567 0.154324 -0.279830
v 0.128973 0.039309 0.130705
v -0.070031 -0.219168 -0.051594
v -0.073954 -0.218316 -0.051864
v 0.085789 0.020255 -0.237926
v 0.085480 0.011159 -0.229931
v 0.097776 0.044435 -0.199857
v -0.082068 0.238045 -0.274950
v 0.065479 0.036522 0.337632
v 0.060132 -0.313909 -0.269967
v 0.078827 -0.317599 -0.253110
v 0.068454 0.264160 -0.005871
v 0.080494 0.110028 0.341795
v 0.067898 0.108692 0.342866
v -0.130169 0.064523 0.190719
v 0.139275 0.066841 0.148888
v 0.126509 0.055371 0.109942
v 0.095801 0.232280 -0.006557
v -0.085768 0.026731 0.326962
v -0.107760 0.060734 0.312674
v -0.113238 0.177049 0.091845
v 0.066311 -0.225741 -0.171145
v 0.059750 -0.227180 -0.167754
v 0.063284 -0.226500 -0.162459
v 0.081959 0.248233 -0.277155
v -0.076543 0.260661 -0.136477
v -0.062524 0.280201 -0.159046
v -0.084570 0.252302 -0.173249
v -0.072284 -0.276045 0.334289
v -0.040111 0.119494 -0.298999
v -0.049860 0.123358 -0.297648
v 0.123760 -0.127532 0.307405
v 0.064442 0.066947 -0.076449
v 0.094834 -0.314152 0.110718
v 0.073429 -0.311064 0.098846
v 0.119219 -0.317221 0.111694
v 0.109130 -0.316720 0.080189
v 0.108119 0.208604 0.004659
v 0.110413 0.199830 -0.013012
v -0.092516 0.034062 -0.166125
v 0.130392 -0.048523 0.286339
v -0.081269 0.010840 -0.237508
v -0.129011 -0.321761 -0.104560
v -0.122253 -0.011172 0.259637
v -0.185469 -0.302494 -0.324890
v 0.136592 -0.062156 0.202718
v -0.031605 0.268772 0.069937
v -0.040403 0.264206 0.076888
v -0.024805 -0.002583 0.340883
v 0.089103 0.050280 0.100993
v 0.088870 0.037233 0.119377
v 0.137243 -0.084198 0.208481
v -0.112567 -0.317523 0.120534
v -0.121432 -0.316770 0.116645
v -0.105998 -0.317550 0.100906
v 0.121118 0.072952 0.316427
v 0.117449 0.061650 0.317791
v 0.068527 0.270987 -0.075371
v 0.068592 0.270949 -0.075659
v 0.097605 -0.211251 0.031386
v 0.092200 -0.212266 0.031415
v -0.067514 0.268942 -0.127257
v -0.064687 0.269367 -0.098537
v -0.099828 0.190809 -0.123951
v -0.109638 0.179699 0.023420
v 0.044844 0.260515 -0.291337
v 0.001024 0.246731 -0.293731
v 0.049809 0.279291 -0.286028
v -0.110774 0.080427 0.068114
v -0.110192 -0.320659 -0.145873
v -0.134614 -0.322486 -0.134464
v -0.026802 0.251874 0.166951
v -0.027382 0.251086 0.170682
v -0.090327 0.235628 -0.177084
v -0.088477 0.240087 -0.155231
v 0.088260 0.013335 0.330918
v 0.091145 -0.019347 0.328740
v -0.094789 0.049810 -0.207770
v 0.098369 -0.305731 0.326922
v 0.106577 -0.305727 0.320313
v -0.038258 -0.008241 0.175460
v 0.086942 0.153222 -0.252739
v -0.028602 0.254804 0.151698
v -0.111386 -0.205723 -0.202645
v 0.133526 -0.039496 0.273631
v 0.105728 0.223624 0.135965
v -0.047772 -0.314375 -0.310517
v -0.140954 -0.221284 0.164404
v 0.178956 -0.302498 -0.334277
v 0.145451 -0.305248 0.181668
v 0.041948 0.214285 0.311265
v 0.112579 0.229299 0.225472
v 0.107193 0.231309 0.212232
v -0.019212 0.200769 0.334370
v -0.061465 -0.026154 -0.197960
v 0.002632 -0.027574 -0.185205
v 0.052384 0.081565 0.024403
v 0.088103 0.082499 0.015569
v 0.056541 0.074404 0.052718
v -0.167580 -0.316276 -0.211656
v -0.147995 -0.326177 -0.219112
v -0.156747 -0.321918 -0.182971
v -0.106350 -0.278135 0.300334
v -0.095539 0.203022 -0.202035
v -0.093366 0.199675 -0.232373
v -0.054607 0.260521 -0.287931
v 0.158317 -0.232541 0.114397
v 0.156653 -0.210525 0.112988
v -0.093143 -0.086020 0.325691
v 0.048760 0.263793 0.089130
v 0.051708 0.262421 0.091624
v 0.060617 0.259631 0.084001
v -0.077367 0.150256 -0.281940
v 0.010162 0.210982 0.318257
v -0.069821 -0.256662 0.333810
v -0.066796 -0.312285 0.113064
v -0.057477 -0.310875 0.109511
v -0.050680 -0.309354 0.137058
v -0.091395 0.223754 0.103615
v -0.100634 0.208880 0.083125
v 0.101680 -0.316689 -0.081937
v -0.117208 0.039311 0.134382
v 0.112861 -0.160030 0.318038
v 0.114223 -0.205512 0.310229
v 0.098417 -0.227074 0.326744
v 0.043454 -0.303303 0.222451
v -0.171144 -0.313634 -0.317986
v 0.106846 0.097642 -0.099689
v -0.102812 0.191705 -0.065743
v 0.086447 0.001962 -0.172012
v 0.120642 -0.319852 -0.106880
v -0.187814 -0.302854 -0.255486
v 0.033953 0.156497 -0.301668
v 0.129599 0.140808 0.084319
v 0.123613 0.185016 0.110921
v 0.133202 0.139452 0.127117
v 0.094083 0.204304 -0.239399
v 0.090797 0.255175 -0.242864
v 0.094305 0.210158 -0.237867
v -0.058214 -0.308736 0.191635
v -0.077051 -0.308696 0.218283
v 0.092742 0.083076 0.018578
v 0.042846 -0.142642 0.208299
v 0.102837 -0.289912 0.326439
v -0.075380 0.261920 -0.133122
v 0.010510 0.194965 0.341701
v 0.086977 0.239737 0.163612
v 0.108298 0.221419 0.135995
v 0.123842 -0.125735 0.307609
v 0.122769 -0.188424 0.140652
v -0.115937 -0.205258 -0.192345
v 0.170271 -0.259839 0.026997
v 0.165159 -0.304455 0.029473
v 0.163014 -0.317841 -0.122026
v -0.028331 0.099977 0.344266
v 0.131649 -0.191438 0.135706
v -0.184327 -0.262296 -0.153441
v 0.175116 -0.204916 -0.171707
v -0.070050 0.136730 -0.287719
v -0.073380 0.144311 -0.286218
v 0.137403 0.171204 0.301296
v 0.101681 0.155545 0.338095
v 0.123709 0.069194 0.087818
v -0.033309 0.270668 0.055485
v -0.107256 -0.173329 0.171322
v -0.121177 -0.175483 0.175695
v -0.080159 0.019333 0.329784
v -0.083674 0.014727 0.327751
v -0.139825 -0.305038 0.143804
v -0.148874 -0.320907 -0.120021
v -0.117392 0.107913 0.067225
v 0.160725 -0.304650 0.066131
v 0.133455 -0.203636 0.069594
v 0.149740 -0.205335 0.015990
v -0.035299 0.304185 -0.238617
v 0.119460 0.194256 0.102412
v 0.109282 0.218393 0.130797
v 0.124120 -0.039906 0.298795
v 0.113387 -0.050977 0.315567
v 0.174837 -0.260316 -0.010221
v 0.010488 -0.227745 0.340542
v -0.090895 0.220421 -0.250393
v -0.090329 0.224874 -0.253097
v -0.089708 0.221357 -0.254426
v -0.085488 -0.206242 0.077741
v 0.093006 0.237167 0.176258
v 0.144251 0.041148 0.200416
v -0.188496 -0.219849 -0.167625
v 0.075715 -0.071109 0.204385
v 0.140337 0.102878 0.170837
v 0.142824 0.091070 0.197694
v 0.140846 0.080646 0.160167
v -0.048322 -0.311727 -0.238373
v -0.084108 -0.320014 -0.238924
v 0.110364 0.115011 -0.077059
v 0.053039 0.246302 -0.291917
v -0.076719 -0.319341 -0.309014
v 0.040259 0.082791 -0.299835
v -0.153845 -0.325474 -0.246266
v -0.162911 -0.322283 -0.266455
v -0.145633 -0.326240 -0.272455
v -0.069666 -0.312866 0.024305
v -0.132877 -0.257747 0.199877
v -0.098987 0.162408 0.332530
v -0.043129 -0.209012 0.110250
v -0.030541 -0.211337 0.110344
v 0.142276 -0.205166 0.004527
v 0.101085 -0.212664 -0.017408
v 0.034559 -0.230389 -0.292092
v 0.136571 -0.105842 0.233764
v 0.085932 0.266704 -0.252760
v -0.058034 -0.210994 0.083561
v -0.112717 0.144463 0.328049
v 0.092469 -0.077296 0.331995
v 0.035250 0.281174 0.004403
v 0.177419 -0.220137 -0.323902
v 0.173645 -0.215364 -0.318125
v 0.105385 -0.285440 0.324969
v -0.187690 -0.302535 -0.315658
v 0.086159 0.017046 0.332108
v -0.041388 -0.069422 0.340602
v 0.128349 0.061614 0.303992
v 0.061834 -0.312346 -0.218456
v 0.070265 -0.313770 -0.212182
v 0.060453 -0.311476 -0.203574
v -0.061693 -0.313332 -0.211406
v -0.071836 0.100628 0.342493
v -0.055926 0.093440 0.343667
v -0.129365 0.084590 0.209754
v -0.093261 -0.002093 0.162119
v -0.043918 -0.014993 0.179340
v -0.049505 -0.011741 0.175747
v 0.075744 0.265322 -0.106204
v -0.085220 0.234352 0.021722
v -0.085691 0.234911 0.000951
v 0.049747 0.195877 -0.296696
v 0.048046 0.197601 -0.297309
v 0.144244 0.039331 0.199973
v -0.069119 -0.312819 0.072928
v -0.057165 -0.310619 0.052196
v -0.088211 -0.316112 0.039105
v 0.043731 0.294334 -0.144068
v -0.093190 0.224245 -0.198852
v 0.111623 -0.088098 0.323233
v 0.067437 -0.223231 -0.063661
v -0.027859 -0.303343 0.228843
v -0.121084 0.105807 0.094888
v -0.141744 -0.203528 -0.074639
v -0.165101 -0.203762 -0.082225
v -0.146924 -0.202916 -0.062257
v -0.164766 -0.204329 -0.073106
v -0.154723 -0.202348 -0.111451
v -0.011035 -0.143230 0.211111
v -0.013808 -0.144714 0.210327
v 0.092788 -0.065355 0.330808
v 0.110727 -0.076242 0.322154
v -0.060240 0.078547 0.031310
v -0.068019 0.079494 0.026787
v -0.055400 0.080848 0.015450
v 0.029165 0.198467 0.339493
v -0.096332 0.067576 -0.211572
v -0.098234 0.107515 -0.190084
v -0.098924 0.075526 -0.182270
v -0.114694 -0.204142 0.057577
v -0.023528 0.286804 -0.029132
v -0.027641 0.285578 -0.033100
v -0.024435 0.286515 -0.028485
v 0.051899 -0.312212 -0.274449
v -0.063589 0.082904 -0.008721
v -0.049501 0.083193 -0.007142
v -0.062171 -0.311319 -0.057986
v -0.116158 0.117217 0.320688
v 0.092613 0.238900 -0.093203
v 0.085801 0.251129 -0.102095
v 0.131825 -0.319031 0.059592
v -0.110116 0.098025 0.321943
v -0.109431 0.099719 0.323168
v -0.110473 0.099776 0.322179
v -0.043816 0.105224 -0.298353
v -0.036066 0.040143 -0.295795
v 0.050432 0.271321 0.027149
v 0.043425 0.271099 0.054403
v 0.065116 0.262609 0.035294
v 0.044426 0.270673 0.053846
v 0.069020 -0.310495 0.060530
v 0.035648 0.280979 0.005321
v 0.031384 -0.193692 0.165636
v 0.117343 0.184223 0.020303
v 0.124989 0.142359 0.041130
v -0.115365 0.055372 0.113555
v -0.098016 -0.028760 0.182994
v 0.116585 -0.318958 -0.078585
v 0.116648 -0.318607 -0.065387
v -0.077297 0.071928 0.056226
v -0.098395 0.224503 0.195838
v -0.109267 0.205749 0.170041
v -0.098302 0.226143 0.202882
v -0.111991 0.207495 0.195537
v 0.081958 0.252390 -0.029534
v -0.096727 -0.242992 0.314326
v -0.062422 0.294883 -0.257954
v -0.052574 0.297497 -0.274292
v 0.055563 -0.308210 0.098554
v 0.065211 -0.309660 0.104826
v 0.043297 0.271091 0.054688
v 0.043504 0.271005 0.054693
v 0.103196 0.195559 -0.130025
v 0.090168 0.252992 -0.250473
v -0.092311 -0.028722 0.320663
v -0.085653 0.072950 0.056919
v -0.079314 0.074672 0.047538
v -0.078012 0.276554 -0.251087
v -0.066952 0.285229 -0.216374
v -0.054332 0.298312 -0.240369
v -0.076556 -0.302892 -0.342828
v -0.082156 0.234358 0.108152
v 0.168240 -0.206971 -0.263328
v 0.157348 -0.204587 -0.241660
v 0.177377 -0.208492 -0.246012
v 0.087460 0.256573 -0.188002
v 0.089192 0.257448 -0.228248
v 0.078317 -0.310874 0.151486
v 0.107270 -0.315840 0.127247
v 0.110404 -0.314619 0.158198
v -0.118113 -0.315731 0.132211
v 0.106907 0.205556 -0.038674
v 0.112134 0.190033 -0.032520
v 0.075099 -0.310781 0.138693
v -0.071597 0.246894 0.064646
v 0.045279 0.124102 -0.300315
v 0.043424 0.109642 -0.300296
v 0.041639 0.123155 -0.301008
v 0.066295 0.261332 0.039581
v 0.000923 0.182531 -0.300441
v 0.025093 0.202076 0.335743
v 0.037017 0.211854 0.317561
v 0.114857 -0.203097 0.309477
v -0.046951 -0.312027 -0.248176
v -0.164667 -0.202004 -0.119356
v -0.170777 -0.204985 -0.126344
v -0.096268 -0.180691 0.312564
v -0.146486 -0.317271 -0.019965
v -0.140291 -0.318352 0.004935
v 0.124082 0.108598 0.057009
v 0.112390 -0.157987 0.318865
v 0.122544 -0.126832 0.309646
v 0.078150 0.257071 -0.036002
v 0.119701 -0.118419 0.314821
v 0.117630 -0.114283 0.318128
v -0.093810 -0.323745 -0.284286
v -0.190996 -0.226922 -0.305117
v -0.141620 -0.203141 -0.016245
v 0.119826 -0.197087 0.114546
v 0.137000 -0.199067 0.108808
v -0.077987 0.059417 0.084578
v 0.128648 -0.206842 -0.218539
v -0.179084 -0.217691 -0.078761
v -0.172702 -0.287555 -0.334211
v 0.008065 -0.004935 0.180773
v 0.143463 -0.318965 0.002497
v 0.143036 -0.318955 0.008987
v 0.090234 -0.216562 -0.235358
v 0.080264 -0.219295 -0.242235
v 0.177797 -0.217823 -0.015615
v -0.037899 0.302411 -0.216635
v 0.002052 -0.236422 -0.220594
v 0.132083 -0.317414 -0.326375
v 0.102231 -0.320266 -0.312246
v 0.084726 0.242487 0.110243
v 0.053902 -0.026317 0.338774
v -0.028472 0.269519 0.069689
v 0.186912 -0.264505 -0.318991
v 0.007320 -0.302142 0.129683
v 0.094611 -0.178426 0.165860
v -0.057819 0.258789 0.050380
v -0.057033 0.257164 0.067960
v 0.085566 0.240476 0.126520
v -0.086871 0.010308 -0.192605
v -0.083962 0.008996 -0.219127
v -0.084997 0.005003 -0.186264
v 0.138324 0.115750 0.303334
v 0.130291 0.113318 0.321059
v -0.080444 0.243875 -0.017746
v 0.105069 -0.027201 0.179687
v 0.170026 -0.317762 -0.292929
v 0.177010 -0.313318 -0.306968
v 0.165321 -0.318623 -0.306876
v -0.110564 -0.006258 0.297741
v 0.105479 0.205391 -0.071379
v 0.110249 0.191829 -0.052175
v 0.074577 0.048081 0.105048
v -0.099208 -0.215756 0.309368
v -0.104113 -0.190228 0.300540
v 0.040956 0.274113 0.039659
v -0.089012 -0.135826 0.326496
v -0.084820 -0.125586 0.330620
v -0.094704 -0.121749 0.324253
v -0.128886 -0.002033 0.216638
v 0.056298 -0.025460 0.338452
v 0.073592 0.269774 -0.123526
v 0.186588 -0.303025 -0.230548
v 0.056244 0.155721 -0.298236
v 0.074597 0.253047 0.070761
v -0.077134 0.268090 -0.193315
v -0.067455 0.282698 -0.204445
v -0.070660 0.279010 -0.203349
v 0.067935 -0.310332 0.058422
v -0.053281 -0.223262 -0.224161
v -0.060556 -0.221738 -0.211025
v -0.067915 0.228673 0.260129
v -0.066974 0.237215 0.223714
v -0.074297 0.235398 0.227432
v -0.140172 -0.265537 -0.338776
v 0.063907 -0.314876 -0.283044
v 0.048779 -0.311649 -0.285966
v -0.067883 -0.139060 0.335574
v 0.070617 -0.310744 0.058921
v -0.032052 -0.211596 0.108099
v 0.133047 -0.317319 0.084179
v 0.173986 -0.204710 -0.221967
v -0.098013 0.211834 -0.037612
v -0.080449 0.243837 -0.023220
v 0.112794 -0.281305 0.316023
v 0.102947 0.211516 -0.086778
v -0.103950 0.188729 -0.057083
v -0.140850 -0.225424 0.165043
v -0.065328 0.248215 0.105961
v -0.071176 0.244282 0.103116
v -0.073929 0.241236 0.123179
v -0.094535 0.061322 -0.221452
v -0.083221 0.013639 -0.232738
v 0.116895 -0.323115 -0.302174
v 0.100991 -0.322927 -0.290178
v -0.087291 0.074881 0.053328
v -0.093201 -0.037799 0.187138
v 0.121040 -0.208635 -0.209292
v 0.121647 -0.208440 -0.204451
v 0.125147 -0.207732 -0.207392
v 0.097389 -0.232947 0.327800
v 0.099521 -0.235688 0.326691
v 0.139292 -0.035910 0.241686
v -0.088362 0.073523 -0.075073
v 0.142436 -0.315462 -0.328117
v 0.008548 -0.138472 0.213762
v 0.086546 -0.310455 0.180600
v 0.096803 -0.310133 0.198924
v 0.120561 -0.314542 0.163594
v 0.177540 -0.211398 -0.274967
v 0.135182 0.164190 0.179286
v 0.046661 0.042798 -0.110579
v -0.061562 -0.311098 -0.068454
v -0.101976 -0.116152 0.318420
v 0.104036 0.193971 -0.120865
v 0.156548 -0.321821 -0.170289
v -0.105612 -0.151581 0.194851
v -0.096164 -0.156099 0.189268
v -0.103073 -0.145140 0.198724
v -0.088022 -0.149392 0.195850
v 0.112306 0.184280 -0.039186
v -0.009771 -0.143798 0.211046
v -0.073438 -0.216537 -0.229838
v -0.065180 0.290050 -0.274177
v -0.068613 0.289083 -0.265874
v -0.090222 0.232827 -0.136081
v -0.123138 0.103375 0.112126
v -0.140035 -0.324352 -0.178784
v -0.098646 0.216417 0.136863
v 0.048017 0.199430 -0.297224
v 0.079908 0.248201 0.080484
v 0.120593 0.189933 0.092392
v 0.092258 0.237005 0.055195
v 0.138614 -0.319093 0.005970
v 0.107654 -0.317264 -0.020616
v 0.135874 -0.319965 -0.035160
v 0.044215 0.127024 -0.300850
v 0.047894 0.125259 -0.299692
v 0.112962 -0.159244 0.318129
v -0.034413 0.274845 0.024117
v -0.043129 0.270740 0.025255
v 0.131483 -0.206521 -0.208752
v 0.174206 -0.204085 -0.186417
v 0.090562 -0.216070 -0.249162
v 0.095608 -0.214797 -0.242631
v -0.063140 -0.167046 0.335607
v -0.078910 -0.148287 0.330068
v -0.051168 0.270739 -0.286949
v -0.085702 0.251255 -0.186867
v -0.165784 -0.320885 -0.279185
v -0.039461 -0.021910 0.184991
v -0.088578 -0.289506 0.326612
v 0.120082 -0.095237 0.315554
v -0.045087 -0.308619 0.053920
v 0.116204 -0.209911 -0.206475
v 0.070951 -0.224554 -0.167344
v -0.077112 0.271414 -0.210942
v -0.083841 0.265974 -0.247676
v -0.089298 0.246947 -0.221230
v -0.090591 0.087579 0.334420
v -0.045923 0.273710 -0.008045
v -0.039034 0.274773 0.015406
v -0.024801 0.285863 -0.024975
v 0.008484 -0.151600 0.209489
v 0.040332 -0.144540 0.207771
v 0.138686 0.178114 0.208080
v -0.100414 0.227885 0.240327
v -0.110683 0.221170 0.243505
v -0.079558 0.245332 -0.020184
v 0.130912 0.133463 0.324989
v 0.101732 0.233870 0.213062
v -0.184436 -0.224236 -0.321925
v -0.180451 -0.221834 -0.321912
v 0.088077 -0.319514 -0.307465
v -0.090617 -0.200237 0.107610
v 0.144206 -0.314570 0.085697
v 0.008395 -0.163253 0.203571
v -0.083149 0.266931 -0.253019
v -0.081643 0.270842 -0.251190
v -0.062720 0.075527 0.341078
v -0.125324 0.093403 0.133178
v -0.127524 0.081348 0.153290
v -0.127613 0.093935 0.156606
v 0.137966 -0.321519 -0.134333
v 0.165255 -0.317683 -0.138034
v 0.090433 0.083309 0.013928
v 0.116800 -0.115466 0.318850
v -0.044379 -0.308478 0.063784
v -0.107515 -0.162461 0.298480
v -0.136405 -0.203108 -0.014943
v -0.048793 0.278213 -0.056605
v -0.050487 0.277310 -0.061555
v -0.090115 -0.240006 0.321198
v -0.104307 0.183795 -0.066057
v -0.012121 -0.167551 0.198147
v 0.008151 -0.182531 0.187270
v -0.018280 -0.176073 0.189239
v -0.096362 0.197256 -0.182974
v -0.112498 0.133465 0.328625
v -0.047415 -0.218194 0.034202
v 0.183246 -0.264675 -0.330515
v 0.181005 -0.264733 -0.333182
v 0.148424 -0.204465 0.104970
v -0.096127 -0.051052 0.320040
v -0.084623 0.087468 0.001607
v 0.057477 -0.308385 0.109093
v 0.146036 -0.317373 0.009152
v 0.142867 -0.318549 0.012692
v 0.042908 0.284103 -0.041391
v 0.130541 -0.211311 -0.308038
v -0.185576 -0.218937 -0.138125
v -0.084367 0.020606 0.327558
v -0.105953 0.008739 0.305009
v -0.112229 -0.319763 -0.027919
v -0.135889 -0.319705 -0.005377
v 0.137310 -0.318505 0.053149
v 0.076983 -0.223007 -0.160142
v 0.120902 -0.209057 -0.194022
v 0.043483 0.270834 0.055860
v -0.036868 0.074263 -0.298888
v -0.055583 -0.224656 -0.105469
v -0.037769 -0.308131 -0.205804
v -0.047843 0.277635 -0.048889
v -0.101366 0.215099 0.158355
v 0.095686 -0.315624 -0.077409
v -0.106558 0.201895 0.129508
v -0.113171 0.189928 0.153589
v -0.107429 0.203511 0.150263
v 0.077995 -0.312188 0.019576
v -0.107908 -0.211303 -0.319767
v 0.172706 -0.316969 -0.236673
v -0.089735 -0.284119 0.326261
v -0.089806 0.219529 0.284388
v -0.042416 0.218312 0.298018
v -0.080246 -0.314719 0.095200
v 0.062552 -0.308753 0.145554
v 0.095702 -0.214604 -0.250624
v -0.087830 -0.073175 0.328323
v 0.061858 -0.155812 0.339695
v -0.110954 0.102155 0.322574
v -0.078990 0.084140 -0.029737
v -0.069486 0.075771 -0.056789
v -0.048538 -0.308809 0.147846
v -0.081329 -0.316720 -0.323123
v -0.053095 -0.308441 0.185043
v 0.077931 0.126246 -0.280596
v -0.088162 0.246622 -0.252784
v 0.145831 -0.208991 -0.302417
v 0.084046 -0.004366 -0.183563
v 0.189403 -0.282267 -0.313116
v -0.082953 0.022971 0.328575
v 0.079121 0.278423 -0.263069
v -0.049993 0.268262 0.011018
v -0.138116 -0.320394 -0.033932
v -0.127109 -0.025246 0.223997
v -0.031288 0.298627 -0.158943
v 0.129629 -0.036558 0.286963
v 0.097292 -0.319032 -0.209237
v -0.124810 -0.133647 0.231346
v -0.036096 0.267797 0.066673
v 0.104774 -0.056304 0.323406
v 0.080379 0.273100 -0.218038
v 0.071958 0.285473 -0.217168
v 0.085976 0.264388 -0.239980
v -0.070005 -0.312689 -0.059307
v -0.086111 -0.315655 -0.071968
v -0.081411 0.008402 -0.232276
v -0.033557 0.260859 0.114780
v 0.091238 0.238519 0.034756
v 0.088553 0.247950 -0.127632
v 0.096917 0.228866 -0.102451
v -0.128206 -0.171193 0.225076
v -0.063956 0.261055 -0.011558
v -0.074149 0.249665 0.000665
v -0.051836 -0.143947 0.339154
v -0.059210 -0.151557 0.337400
v 0.080691 -0.316392 -0.222106
v 0.182489 -0.261272 -0.331842
v 0.088293 0.013985 -0.215816
v 0.091314 0.010165 -0.176119
v -0.029549 -0.211612 0.109448
v -0.034841 0.214170 0.310038
v -0.007078 0.205345 0.331713
v -0.037620 -0.013848 0.179805
v 0.117308 -0.316955 0.117218
v -0.111253 0.184172 0.102069
v -0.091179 0.225845 -0.247979
v -0.093269 0.228487 0.198635
v 0.059705 0.037209 0.125826
v 0.188415 -0.286258 -0.316757
v -0.127744 0.106435 0.217418
v -0.060753 -0.219437 -0.260272
v -0.091607 0.229551 -0.141028
v -0.067395 0.255329 0.008261
v -0.076440 0.245775 0.016437
v -0.043903 0.267785 -0.288224
v -0.047888 0.261420 -0.289294
v -0.118105 -0.322421 -0.172240
v -0.131048 -0.323035 -0.158150
v -0.093995 -0.009741 0.319154
v 0.156107 -0.204231 -0.032926
v -0.128115 0.019959 0.192551
v 0.103229 0.097075 -0.172704
v 0.103905 -0.309609 0.208678
v 0.121959 -0.313196 0.172403
v 0.069967 -0.214128 0.062218
v -0.042101 -0.011420 0.177128
v 0.003206 0.303409 -0.147837
v -0.028013 0.173350 0.343989
v -0.010838 -0.145937 0.210117
v -0.045778 0.279849 -0.056295
v -0.068705 0.251190 0.041343
v -0.078627 0.240515 0.046696
v 0.114396 0.116266 -0.028031
v -0.083515 -0.315131 -0.054606
v -0.160777 -0.204462 -0.045334
v -0.037638 0.216831 0.303222
v 0.111544 0.113784 -0.055965
v -0.154716 -0.317422 -0.080212
v -0.152515 -0.318237 -0.071738
v -0.044070 0.219393 -0.295050
v -0.101030 -0.148847 0.195890
v 0.136547 -0.206275 -0.034248
v 0.099302 0.225500 -0.031810
v -0.093200 0.220623 -0.226827
v -0.114241 0.175876 0.111529
v -0.023336 0.286744 -0.028269
v -0.092060 0.110719 0.338668
v -0.123245 0.174642 0.202252
v -0.122461 0.176112 0.196890
v 0.114651 0.188309 -0.001960
v -0.072362 0.253462 -0.030520
v 0.187717 -0.241030 -0.323292
v -0.049782 -0.223034 -0.300032
v -0.061207 0.243468 0.180559
v -0.069985 0.240227 0.184611
v -0.045772 -0.156220 0.340167
v 0.008283 -0.173531 0.196126
v 0.114505 0.116327 -0.025724
v -0.050880 -0.307949 0.191531
v 0.072584 -0.002651 0.334904
v 0.113467 0.199986 0.042188
v 0.093729 -0.211524 0.038321
v -0.103247 0.205135 0.106347
v -0.089870 0.020308 -0.175968
v -0.103041 -0.318404 -0.018358
v -0.082412 0.246218 -0.101676
v 0.069015 -0.310721 -0.006829
v -0.138849 -0.320673 -0.080189
v 0.107853 0.213354 0.052629
v -0.042823 -0.306518 0.201386
v 0.114679 0.117596 -0.027206
v -0.071823 0.278860 -0.210992
v -0.024724 -0.027791 -0.212962
v -0.099502 -0.318672 -0.133257
v -0.108044 -0.087548 0.310578
v 0.063956 -0.308383 0.163871
v 0.052219 -0.304963 0.202780
v -0.025866 0.261534 0.119584
v 0.077367 0.281564 -0.245926
v 0.104390 -0.009648 0.319640
v -0.074171 0.258736 -0.099236
v -0.118338 -0.326806 -0.279304
v -0.043912 -0.308497 0.072950
v 0.080352 0.272143 -0.198892
v 0.172900 -0.219035 -0.324642
v -0.049081 0.208121 0.318516
v -0.045530 0.214928 0.306460
v -0.057480 0.217929 0.296850
v 0.078137 0.052863 0.096299
v 0.084137 0.083230 0.006321
v 0.065644 0.136731 -0.292283
v -0.135996 -0.215223 0.194366
v -0.066673 0.238492 0.214925
v -0.069259 0.237244 0.221541
v -0.099469 0.225669 0.210453
v 0.133947 0.091856 0.111140
v -0.101288 0.102258 -0.099295
v 0.084787 0.023692 0.332658
v -0.089133 0.028139 -0.158953
v 0.133406 0.096197 0.105845
v 0.134119 0.098588 0.111481
v -0.064175 0.237927 0.221296
v 0.090094 -0.320567 -0.268595
v -0.122646 -0.180517 0.167696
v 0.073348 0.168006 -0.288775
v 0.070500 0.155007 -0.291517
v -0.037518 0.257699 0.126862
v -0.060549 0.248682 0.121689
v 0.049806 0.009753 0.160550
v -0.121766 0.182066 0.200854
v -0.095503 -0.316904 0.088696
v 0.061500 -0.030989 0.188597
v 0.051162 -0.210685 0.339743
v -0.041162 0.082760 -0.023852
v -0.045033 0.060930 0.341816
v 0.098956 0.226056 -0.046803
v 0.089486 -0.048898 0.331023
v 0.048379 -0.218122 0.058394
v 0.041576 0.076822 -0.298651
v 0.041053 0.087321 -0.299705
v -0.061273 -0.312457 -0.193857
v -0.035402 -0.227794 -0.258928
v -0.119868 0.167849 0.166929
v 0.026139 0.300015 -0.140284
v 0.126726 0.076086 0.310076
v 0.121566 0.180910 0.070205
v -0.033821 -0.200189 0.340533
v 0.189843 -0.285638 -0.311174
v -0.126500 -0.321275 -0.315938
v -0.183644 -0.272169 -0.327048
v -0.054091 0.266018 -0.286907
v -0.054622 0.041432 0.339368
v -0.060906 0.055346 0.339287
v 0.045763 -0.305337 0.181371
v 0.062320 -0.216568 0.051519
v -0.124813 0.110240 0.136215
v 0.090471 0.239214 0.044427
v -0.159694 -0.316248 -0.317687
v 0.114646 0.199034 0.059656
v 0.128959 -0.208095 -0.087368
v 0.171115 -0.204576 -0.083299
v 0.067763 -0.223652 -0.077621
v -0.138204 -0.320989 -0.314424
v -0.152879 -0.324007 -0.288883
v 0.097659 0.227024 -0.093468
v 0.071035 -0.219145 0.336572
v 0.062559 -0.201100 0.338407
v 0.048015 -0.201710 0.340235
v -0.088061 0.064045 -0.250316
v 0.135349 0.096017 0.118446
v 0.119955 0.180240 0.046309
v 0.086601 0.053328 0.095250
v -0.147629 -0.320065 -0.066353
v 0.096064 0.228903 -0.135151
v 0.121802 -0.209425 -0.084742
v 0.099235 -0.214313 -0.046259
v 0.067558 -0.224938 -0.119080
v -0.163924 -0.203464 -0.089782
v 0.048589 -0.310841 -0.318618
v 0.032380 -0.306993 -0.322526
v 0.157613 -0.315670 -0.074192
v 0.029932 0.300349 -0.156071
v 0.100695 0.023802 0.136625
v 0.117784 -0.209410 -0.032788
v -0.120749 -0.320722 -0.046315
v 0.095808 0.108082 -0.224758
v 0.057753 -0.225555 -0.257858
v -0.131682 -0.323521 -0.306654
v -0.114372 -0.325487 -0.292320
v -0.029465 0.249700 0.176087
v 0.139039 0.107417 0.157444
v 0.095891 0.070416 0.062492
v -0.053339 0.265061 0.022041
v -0.094832 -0.319250 -0.320111
v 0.052780 0.241254 0.211708
v 0.056191 -0.308497 0.019064
v -0.038100 0.084103 -0.000719
v 0.050488 -0.308279 -0.163836
v 0.130149 0.112677 0.320985
v 0.045219 0.006309 0.164841
v 0.082013 0.266732 -0.182805
v 0.085917 0.257963 -0.169636
v 0.098559 -0.031704 0.325410
v 0.138583 -0.317517 0.060648
v -0.041151 -0.145080 0.340544
v 0.078796 -0.218614 -0.034337
v -0.096441 -0.144952 0.198233
v -0.109274 0.180097 0.019457
v 0.180120 -0.306082 -0.328516
v -0.150354 -0.318723 -0.076722
v 0.046224 0.250652 -0.292564
v 0.131079 0.097968 0.095557
v 0.163207 -0.204798 -0.058480
v 0.138150 -0.314547 -0.329757
v 0.044639 0.265231 0.087995
v -0.064360 0.249795 0.095597
v -0.108073 0.117662 0.330034
v -0.166599 -0.319667 -0.252572
v 0.102641 -0.285941 0.326838
v -0.091477 0.224118 0.114143
v -0.053593 0.078967 0.029667
v -0.172184 -0.202162 -0.211057
v -0.046562 -0.185703 0.339116
v 0.098346 0.226413 -0.067542
v -0.158409 -0.203312 -0.086794
v 0.087977 0.004563 -0.188404
v 0.167914 -0.204094 -0.111864
f 1 2 3
f 5 6 7
f 9 10 11
f 12 13 14
f 15 16 17
f 18 19 20
f 21 22 23
f 26 27 28
f 31 32 30
f 33 34 35
f 34 36 35
f 1 37 38
f 42 43 19
f 44 45 46
f 47 48 49
f 50 52 51
f 55 56 57
f 59 60 61
f 62 63 64
f 65 3 66
f 67 68 69
f 70 71 72
f 75 76 77
f 76 78 77
f 79 81 80
f 84 86 85
f 87 88 89
f 5 92 93
f 96 97 98
f 64 100 99
f 101 102 103
f 83 104 82
f 109 110 111
f 112 38 113
f 114 115 116
f 117 118 119
f 120 121 122
f 121 123 122
f 125 126 127
f 128 129 130
f 133 134 135
f 134 136 135
f 138 139 140
f 139 141 140
f 142 143 144
f 145 146 147
f 146 148 147
f 149 150 151
f 152 153 154
f 131 158 159
f 160 161 162
f 163 164 165
f 166 167 168
f 171 172 173
f 174 175 176
f 178 179 180
f 184 185 186
f 187 188 166
f 188 167 166
f 189 190 191
f 190 192 191
f 194 195 196
f 195 197 196
f 198 199 200
f 201 202 203
f 204 205 206
f 207 208 209
f 210 211 212
f 213 214 215
f 216 217 218
f 219 220 221
f 220 222 221
f 66 225 65
f 83 227 226
f 228 229 230
f 109 232 110
f 234 235 160
f 235 161 160
f 238 239 240
f 239 241 240
f 242 243 244
f 245 246 247
f 253 254 255
f 101 103 257
f 258 259 260
f 261 239 238
f 262 263 264
f 265 266 199
f 266 200 199
f 47 267 48
f 267 268 48
f 270 271 272
f 273 274 275
f 274 276 275
f 277 278 279
f 280 82 281
f 282 283 284
f 285 286 287
f 288 289 290
f 292 293 294
f 295 296 297
f 296 298 297
f 300 180 214
f 301 302 303
f 304 182 305
f 306 307 308
f 309 310 311
f 312 231 124
f 313 96 98
f 314 131 159
f 315 316 317
f 114 116 318
f 195 321 197
f 322 90 170
f 323 110 324
f 83 326 104
f 327 328 137
f 62 64 329
f 330 331 332
f 333 134 334
f 337 338 339
f 99 340 329
f 22 343 344
f 345 346 347
f 348 350 349
f 113 103 351
f 352 353 354
f 355 356 357
f 358 359 360
f 361 362 363
f 364 365 366
f 367 369 368
f 105 351 102
f 359 370 371
f 372 373 374
f 375 376 377
f 7 379 378
f 325 262 177
f 213 381 300
f 384 385 386
f 29 387 388
f 29 390 391
f 392 387 393
f 153 394 395
f 396 397 398
f 148 399 400
f 401 402 403
f 49 404 405
f 331 407 408
f 409 410 247
f 410 411 247
f 412 413 414
f 415 416 417
f 126 418 419
f 420 421 422
f 206 425 204
f 426 428 427
f 408 144 407
f 429 430 431
f 433 123 434
f 435 259 436
f 437 438 439
f 440 441 442
f 441 443 442
f 444 445 361
f 445 446 361
f 449 450 203
f 450 201 203
f 451 452 453
f 452 454 453
f 29 393 387
f 132 456 457
f 458 459 460
f 461 462 463
f 304 305 464
f 214 31 467
f 468 469 470
f 469 471 470
f 337 472 338
f 292 236 293
f 473 410 409
f 474 475 331
f 476 477 478
f 479 480 481
f 480 482 481
f 349 350 483
f 485 486 487
f 153 81 394
f 488 391 489
f 490 491 492
f 491 493 492
f 494 484 230
f 113 38 496
f 497 498 499
f 500 269 501
f 502 503 504
f 505 506 507
f 444 508 509
f 508 510 509
f 511 512 513
f 512 514 513
f 515 516 517
f 518 519 520
f 467 523 214
f 524 525 223
f 243 242 526
f 242 527 526
f 528 529 530
f 529 531 530
f 184 532 533
f 534 535 223
f 536 537 538
f 539 382 540
f 541 542 465
f 543 504 503
f 544 545 546
f 547 131 24
f 393 548 549
f 548 550 549
f 551 434 552
f 554 555 556
f 557 558 559
f 72 71 560
f 561 562 563
f 564 565 566
f 565 567 566
f 569 263 570
f 571 572 573
f 574 438 437
f 576 577 578
f 454 579 453
f 399 36 34
f 580 494 262
f 581 582 583
f 582 584 583
f 374 271 270
f 586 587 588
f 171 173 589
f 173 590 589
f 591 295 297
f 592 593 11
f 593 9 11
f 386 594 384
f 595 596 597
f 170 598 599
f 137 600 601
f 308 426 602
f 172 603 604
f 94 17 95
f 7 6 605
f 606 201 607
f 306 308 608
f 151 150 495
f 610 611 612
f 280 83 82
f 569 264 263
f 613 510 614
f 510 615 614
f 171 589 616
f 617 541 158
f 618 619 620
f 621 622 623
f 151 495 436
f 624 586 588
f 188 17 167
f 17 625 167
f 30 279 523
f 99 329 64
f 626 62 54
f 627 479 596
f 630 631 632
f 633 634 635
f 495 150 636
f 637 147 400
f 639 117 300
f 67 69 640
f 641 642 127
f 642 125 127
f 643 644 645
f 385 180 646
f 647 648 129
f 649 650 651
f 652 653 654
f 655 656 657
f 408 407 331
f 659 204 660
f 204 661 660
f 256 170 599
f 664 665 666
f 667 668 669
f 670 671 672
f 673 674 675
f 400 267 676
f 679 680 441
f 681 574 682
f 300 117 180
f 688 689 690
f 689 691 690
f 451 453 450
f 453 607 450
f 693 313 98
f 98 694 693
f 695 696 697
f 696 698 697
f 700 701 644
f 204 659 703
f 215 214 523
f 704 489 391
f 42 705 706
f 371 370 708
f 308 602 8
f 59 97 709
f 79 710 616
f 423 533 373
f 503 711 712
f 713 714 715
f 553 716 717
f 132 719 718
f 720 721 722
f 581 723 161
f 723 162 161
f 54 614 553
f 724 725 726
f 728 729 730
f 731 610 732
f 257 734 733
f 735 736 704
f 128 737 738
f 740 741 739
f 742 454 125
f 743 647 744
f 745 22 21
f 407 144 746
f 348 325 177
f 495 435 436
f 747 748 353
f 95 575 94
f 749 750 633
f 750 634 633
f 466 106 751
f 753 450 449
f 450 607 754
f 755 756 270
f 757 281 82
f 520 758 518
f 172 604 173
f 604 760 173
f 761 560 312
f 560 71 312
f 128 130 762
f 763 764 765
f 97 766 98
f 81 153 198
f 153 152 198
f 768 769 435
f 188 15 17
f 102 351 103
f 501 269 256
f 771 772 773
f 627 775 774
f 31 214 180
f 100 605 6
f 112 2 38
f 779 780 781
f 562 782 563
f 783 285 784
f 7 605 379
f 785 786 787
f 341 788 342
f 768 435 495
f 708 370 625
f 44 92 5
f 598 790 677
f 791 749 633
f 792 73 74
f 793 794 795
f 774 797 627
f 798 799 800
f 267 47 676
f 262 325 699
f 289 288 802
f 803 486 485
f 804 805 806
f 632 807 576
f 658 808 628
f 809 810 459
f 42 19 705
f 19 18 705
f 425 661 204
f 72 560 811
f 812 813 801
f 627 596 39
f 218 816 817
f 434 121 552
f 235 581 161
f 394 432 248
f 553 626 54
f 818 281 667
f 748 819 438
f 310 820 311
f 733 101 257
f 821 822 823
f 751 106 105
f 180 179 31
f 590 173 760
f 824 825 72
f 826 610 827
f 183 761 124
f 828 433 829
f 830 261 831
f 207 209 832
f 209 833 832
f 834 835 836
f 787 837 838
f 831 576 807
f 314 25 24
f 839 162 723
f 840 841 842
f 841 843 842
f 844 845 389
f 846 847 848
f 849 470 563
f 726 779 687
f 726 725 779
f 852 524 223
f 7 45 5
f 854 488 855
f 856 857 858
f 13 395 861
f 862 863 864
f 865 866 867
f 513 869 870
f 381 213 871
f 872 217 221
f 681 873 574
f 166 168 382
f 42 706 874
f 876 877 878
f 167 625 370
f 603 742 879
f 680 880 881
f 109 827 232
f 882 883 884
f 885 196 886
f 196 197 886
f 887 888 684
f 48 268 889
f 268 33 889
f 49 48 889
f 890 475 474
f 312 124 761
f 374 532 891
f 883 882 892
f 893 894 895
f 896 289 897
f 837 788 898
f 522 899 900
f 588 720 758
f 902 668 667
f 262 699 580
f 608 903 306
f 495 4 768
f 626 63 62
f 142 905 655
f 274 273 296
f 203 906 676
f 187 194 907
f 194 196 907
f 908 909 910
f 377 911 638
f 532 373 533
f 227 83 281
f 868 912 913
f 605 702 379
f 501 237 500
f 686 914 915
f 456 916 457
f 912 868 524
f 726 917 918
f 645 446 445
f 540 168 360
f 523 279 105
f 435 796 259
f 575 920 94
f 616 921 432
f 381 922 117
f 750 685 770
f 100 6 99
f 923 924 881
f 494 580 484
f 59 694 98
f 888 925 684
f 58 137 601
f 926 71 70
f 490 492 927
f 492 209 927
f 928 929 930
f 931 932 933
f 934 935 936
f 937 199 152
f 199 198 152
f 938 939 940
f 941 942 943
f 944 17 94
f 17 944 625
f 944 94 708
f 708 625 944
f 945 104 793
f 104 326 793
f 854 946 141
f 946 947 141
f 680 881 35
f 627 797 948
f 950 917 687
f 951 952 953
f 872 218 217
f 339 545 337
f 954 955 470
f 300 214 213
f 226 689 956
f 128 738 129
f 778 262 494
f 957 958 863
f 39 596 40
f 37 959 496
f 850 961 962
f 963 964 965
f 846 597 847
f 597 596 847
f 966 967 955
f 968 969 970
f 969 971 970
f 968 972 349
f 972 973 349
f 125 452 126
f 452 418 126
f 413 412 332
f 686 749 914
f 974 975 82
f 976 977 978
f 617 979 980
f 981 225 982
f 93 983 984
f 649 651 985
f 432 394 81
f 367 986 30
f 987 988 315
f 966 989 967
f 990 991 992
f 993 259 258
f 328 995 996
f 997 998 999
f 998 1000 999
f 1001 1002 750
f 1003 1004 1001
f 914 315 915
f 1008 1009 1010
f 98 97 59
f 1011 1012 1013
f 1014 947 1015
f 576 578 1017
f 591 297 1018
f 297 298 1018
f 523 467 31
f 1020 770 685
f 265 558 266
f 558 557 266
f 1021 1022 1023
f 143 570 263
f 36 399 1024
f 1025 923 881
f 383 8 455
f 94 1026 708
f 1027 160 162
f 740 739 707
f 952 951 457
f 226 1029 83
f 152 1030 937
f 687 917 726
f 277 30 278
f 546 1031 1032
f 920 1033 94
f 811 560 1034
f 264 1037 177
f 642 742 125
f 564 566 1038
f 203 202 906
f 1039 426 307
f 1040 674 1041
f 674 1042 1041
f 262 264 177
f 320 1016 1043
f 721 720 588
f 385 178 180
f 975 1044 816
f 36 1024 442
f 156 1045 1046
f 504 1047 155
f 1008 1010 1048
f 1049 1050 1051
f 1050 477 1051
f 1053 1054 1055
f 1054 1056 1055
f 1057 815 377
f 263 262 778
f 752 611 1011
f 702 926 70
f 224 1043 1058
f 959 37 1059
f 40 596 595
f 890 659 475
f 659 660 475
f 1061 1062 1000
f 1063 1064 1065
f 1066 404 923
f 425 655 661
f 655 905 661
f 1034 560 1067
f 404 49 923
f 49 889 923
f 547 821 463
f 1068 866 257
f 70 379 702
f 70 1069 379
f 599 501 256
f 641 223 535
f 641 224 223
f 187 1070 194
f 603 135 604
f 382 168 540
f 1072 462 1073
f 1074 1075 193
f 617 1076 762
f 234 1077 1078
f 246 1079 409
f 158 541 465
f 608 1080 1081
f 1082 1083 651
f 1083 1084 651
f 502 504 155
f 84 1085 1086
f 991 130 992
f 174 303 865
f 1087 1088 339
f 188 907 15
f 1089 1090 216
f 621 1091 1092
f 79 1093 250
f 791 785 987
f 785 430 987
f 638 1016 320
f 319 175 904
f 1094 1095 1096
f 1097 928 930
f 1098 1099 784
f 1100 1101 1102
f 142 570 143
f 1103 1104 1105
f 1104 883 1105
f 485 1106 803
f 79 80 1093
f 40 621 39
f 1107 1108 1109
f 1001 770 1110
f 1111 1112 966
f 121 434 123
f 1114 1115 1007
f 521 1117 1116
f 582 581 235
f 154 153 13
f 153 395 13
f 402 1043 224
f 856 739 810
f 317 316 1118
f 198 80 81
f 432 81 79
f 975 816 218
f 437 91 1119
f 1120 1121 841
f 131 979 158
f 383 308 8
f 1122 1071 382
f 1123 115 1071
f 509 122 828
f 10 9 480
f 9 482 480
f 966 1124 989
f 1027 1119 91
f 628 808 629
f 158 465 159
f 1005 1125 585
f 1126 978 1127
f 831 577 576
f 519 518 720
f 1128 1129 1130
f 457 951 132
f 270 137 58
f 1131 283 1132
f 1133 1134 1135
f 1136 1137 1065
f 1138 1139 1055
f 890 703 659
f 1140 788 837
f 1030 152 1141
f 961 850 771
f 1142 1143 741
f 1143 1144 741
f 212 1145 1146
f 390 29 388
f 12 154 13
f 1147 1148 1149
f 1148 1150 1149
f 331 475 660
f 1152 1153 1154
f 1155 248 921
f 429 1156 316
f 432 921 248
f 558 1157 559
f 1158 472 337
f 961 1159 1160
f 174 865 1154
f 605 1161 702
f 1162 413 332
f 695 817 1044
f 817 816 1044
f 891 271 374
f 1163 1164 360
f 152 154 1141
f 1165 68 1026
f 68 1166 1026
f 532 374 373
f 885 962 196
f 442 443 36
f 1167 1168 823
f 808 1098 629
f 6 984 99
f 1169 768 4
f 1170 118 117
f 785 787 430
f 1171 1172 1173
f 1174 14 1175
f 666 1176 773
f 1177 1178 1179
f 1180 1181 1182
f 132 1183 1184
f 1186 1187 1185
f 961 1160 962
f 1160 196 962
f 293 1188 294
f 289 1189 897
f 1191 1192 718
f 764 1011 611
f 1193 897 1194
f 655 425 656
f 425 206 656
f 804 1195 805
f 555 1196 556
f 1196 1179 556
f 1197 1198 1199
f 1200 1134 1201
f 455 1202 325
f 423 424 533
f 1110 1003 1001
f 955 990 648
f 1057 1203 815
f 1204 1205 1206
f 1205 1207 1206
f 1063 1037 264
f 417 416 512
f 416 876 512
f 1159 1176 1208
f 721 587 1209
f 830 1210 806
f 1210 804 806
f 1212 1211 1213
f 706 705 1214
f 574 873 353
f 1042 1215 688
f 100 63 1161
f 12 967 154
f 967 1141 154
f 201 958 202
f 1202 455 602
f 474 1216 61
f 1217 795 1218
f 795 1219 1218
f 491 497 493
f 1220 295 1221
f 295 1222 1221
f 201 754 607
f 447 336 102
f 63 100 64
f 44 299 92
f 962 851 850
f 1224 1225 892
f 282 822 24
f 1226 51 1227
f 51 52 1227
f 917 950 918
f 22 745 343
f 304 1228 182
f 1034 1067 1151
f 1190 1229 115
f 674 1231 675
f 1231 1232 675
f 391 390 1233
f 1060 1234 960
f 1235 1236 1237
f 962 770 851
f 1238 772 1239
f 35 36 443
f 680 35 441
f 35 443 441
f 1240 848 481
f 848 1241 481
f 1242 663 73
f 613 509 510
f 901 780 1244
f 1245 554 1246
f 1247 1168 1167
f 369 253 730
f 703 1248 204
f 588 587 721
f 974 82 104
f 1249 1250 1251
f 1250 1252 1251
f 783 286 285
f 1253 1254 1248
f 826 1255 610
f 1256 851 624
f 1197 1025 1198
f 1025 880 1198
f 1254 1253 1257
f 679 1258 1198
f 1258 1257 1198
f 1259 836 835
f 752 554 949
f 1260 697 963
f 697 1261 963
f 1262 1263 1264
f 1265 1266 366
f 750 770 1001
f 868 133 525
f 534 135 879
f 135 603 879
f 1155 921 616
f 534 133 135
f 282 24 25
f 372 374 601
f 825 1069 70
f 824 1267 825
f 811 824 72
f 1268 519 1269
f 1270 1271 980
f 930 1273 1272
f 721 1096 1095
f 590 333 1274
f 707 1275 740
f 1276 740 1275
f 1007 1006 1277
f 1230 1278 1279
f 10 480 78
f 43 1280 1281
f 363 1282 717
f 1155 1283 650
f 326 507 793
f 1083 1283 1284
f 1283 1155 1284
f 109 1287 827
f 470 471 563
f 1154 736 1152
f 449 1288 1289
f 1002 1001 420
f 1290 120 1291
f 120 1292 1291
f 1294 720 722
f 492 833 209
f 72 825 70
f 41 302 260
f 341 834 898
f 1295 832 85
f 832 1296 85
f 645 445 1281
f 415 417 1297
f 826 827 1287
f 93 984 6
f 1298 850 1299
f 1249 1251 1300
f 1301 1287 1302
f 1097 930 1019
f 117 119 180
f 417 512 1303
f 54 53 233
f 1304 978 1305
f 978 977 1305
f 342 788 1140
f 1258 1254 1257
f 1306 892 1225
f 1307 1308 1309
f 968 970 972
f 129 992 130
f 6 5 93
f 893 519 1268
f 1311 1312 1313
f 1314 175 174
f 949 782 562
f 898 834 836
f 692 1315 585
f 1316 1005 585
f 369 1317 368
f 312 71 1318
f 1319 1320 1321
f 1320 1322 1321
f 226 956 1029
f 511 1323 1324
f 180 119 646
f 1325 984 983
f 255 1326 21
f 424 1327 533
f 522 333 521
f 1191 1304 1192
f 1304 1305 1192
f 1328 669 668
f 719 132 1329
f 127 126 403
f 126 401 403
f 868 525 524
f 913 334 868
f 849 563 1331
f 1332 1333 857
f 1334 798 721
f 1335 1287 1336
f 232 324 110
f 381 767 922
f 381 871 767
f 1338 1339 1340
f 1341 895 1342
f 895 894 1342
f 1240 1343 1344
f 1345 864 863
f 1345 863 1346
f 942 178 1223
f 1347 1222 623
f 1222 1348 623
f 531 1349 530
f 1150 1350 1224
f 950 1351 1352
f 950 687 1353
f 847 596 848
f 596 1241 848
f 669 1328 1355
f 1328 1356 1355
f 1357 1358 707
f 529 528 1359
f 528 1360 1359
f 1181 1361 1362
f 286 1363 287
f 1364 112 1365
f 807 1366 1210
f 927 209 208
f 927 208 678
f 1357 707 1368
f 1254 205 1248
f 205 204 1248
f 1258 1369 1254
f 1369 205 1254
f 1148 1189 289
f 1370 255 949
f 1276 1371 1142
f 80 200 1093
f 200 266 1093
f 198 200 80
f 1152 736 566
f 736 735 566
f 58 601 270
f 313 693 1211
f 1372 1086 1085
f 1116 1373 899
f 261 238 831
f 238 577 831
f 240 578 238
f 535 642 641
f 1039 1374 426
f 645 1280 643
f 448 213 215
f 854 141 139
f 812 859 813
f 1071 1376 195
f 1377 1166 1378
f 1166 68 1378
f 1239 772 771
f 115 1229 116
f 1002 420 1379
f 1381 329 1380
f 1382 1383 1384
f 624 1020 685
f 1170 117 922
f 1270 806 805
f 1385 1386 1387
f 1388 993 1185
f 629 1389 1390
f 672 1391 1293
f 1375 57 871
f 138 812 801
f 1360 1313 1359
f 1025 881 880
f 1392 294 1393
f 119 118 646
f 338 472 1184
f 356 1394 1247
f 512 511 1303
f 1395 1396 1397
f 276 46 1194
f 1349 531 46
f 302 865 303
f 1398 929 928
f 302 866 865
f 15 907 1159
f 907 1160 1159
f 907 196 1160
f 531 299 46
f 749 686 685
f 151 436 259
f 1388 151 259
f 95 1012 1011
f 957 202 958
f 904 175 1400
f 176 175 777
f 337 837 898
f 898 788 341
f 1184 456 132
f 1100 1207 1205
f 1401 1402 1403
f 1105 883 1404
f 883 1405 1404
f 1406 1218 1219
f 1407 1074 193
f 986 1408 1015
f 1409 1410 751
f 278 1015 946
f 1015 947 946
f 30 986 1015
f 1014 1015 1408
f 1015 278 30
f 1411 734 257
f 1115 1114 1412
f 231 1413 124
f 1166 1377 1163
f 143 263 778
f 1089 216 1237
f 857 856 810
f 101 447 102
f 258 796 259
f 781 687 779
f 296 273 298
f 273 1414 298
f 1415 54 233
f 1008 1416 795
f 1416 1219 795
f 1417 59 156
f 796 258 259
f 1419 1420 1421
f 1422 910 909
f 1423 20 1424
f 487 1425 1426
f 940 1383 1427
f 1428 955 967
f 1365 1429 1364
f 1347 1121 1430
f 1121 1120 1430
f 764 611 765
f 823 1168 821
f 420 1431 421
f 1432 1433 1276
f 1433 1371 1276
f 730 729 1434
f 1170 922 767
f 199 937 1435
f 1112 1124 966
f 433 828 123
f 828 122 123
f 122 509 613
f 613 1292 122
f 1174 1175 990
f 679 1436 1258
f 610 612 732
f 354 1437 1438
f 1343 9 593
f 819 1010 1439
f 98 60 59
f 408 142 144
f 1440 586 624
f 1441 1170 767
f 1442 313 1211
f 1443 322 1077
f 1444 1445 1019
f 237 713 715
f 1446 95 17
f 773 1447 771
f 1424 20 910
f 20 19 910
f 459 1449 809
f 590 1274 1450
f 1274 1451 1450
f 449 203 1288
f 203 676 1288
f 1452 1453 245
f 1212 1356 1455
f 802 1456 960
f 1068 257 103
f 78 76 1297
f 519 893 520
f 893 1239 520
f 454 452 125
f 147 637 145
f 1458 293 1459
f 1332 857 809
f 918 1460 726
f 1461 1462 1420
f 420 1001 1431
f 792 74 1169
f 942 179 178
f 1463 1464 745
f 882 1150 892
f 1150 1224 892
f 1467 1468 1469
f 603 1470 742
f 1432 1471 1433
f 1471 640 1433
f 612 611 1472
f 679 1198 680
f 1198 880 680
f 1198 1257 1473
f 451 418 452
f 23 730 253
f 21 23 253
f 21 253 255
f 1188 1393 294
f 1474 470 955
f 421 1004 422
f 1451 662 74
f 1445 1097 1019
f 1126 1127 1452
f 1431 1004 421
f 78 480 77
f 639 381 117
f 1475 1476 1477
f 1478 1215 1479
f 1215 1042 1479
f 1480 1413 644
f 389 1481 1310
f 1372 1262 1482
f 1068 496 866
f 272 1483 552
f 409 247 246
f 1484 1485 1486
f 1090 217 216
f 1487 219 1089
f 219 1090 1089
f 435 1488 796
f 431 1489 1156
f 1490 710 1491
f 51 1226 69
f 12 14 967
f 14 1428 967
f 342 834 341
f 100 1161 605
f 862 1492 1493
f 1494 1063 1065
f 1495 1337 255
f 1311 1313 1221
f 1313 1360 1221
f 1145 1496 1310
f 218 817 216
f 251 579 1497
f 431 544 1489
f 544 1498 1489
f 1499 548 801
f 75 1500 460
f 1106 759 1454
f 252 1501 1502
f 466 1503 106
f 128 1076 1195
f 800 1505 722
f 388 1506 1233
f 1196 555 1507
f 773 772 666
f 1001 1004 1431
f 1100 1102 1207
f 1224 1350 802
f 1508 1509 1510
f 1511 688 1478
f 688 1215 1478
f 686 1512 1513
f 1184 1514 456
f 1515 806 952
f 1516 804 1517
f 848 1240 1518
f 1240 1344 1518
f 1149 1519 1520
f 1521 1522 845
f 562 1523 752
f 562 561 232
f 429 431 1156
f 901 781 780
f 781 901 687
f 1524 1204 1525
f 1204 1526 1525
f 1000 1527 999
f 1528 529 1359
f 859 1529 813
f 145 637 1530
f 673 1479 1042
f 1268 1342 893
f 1342 894 893
f 683 1052 1531
f 1354 1532 1456
f 1334 411 798
f 798 410 388
f 798 411 410
f 1216 474 331
f 1349 276 274
f 46 276 1349
f 1533 1534 1535
f 1534 1536 1535
f 404 1066 1537
f 1538 1539 130
f 1227 52 1421
f 1499 1529 1540
f 1529 1541 1540
f 1542 1543 1544
f 1003 1545 1004
f 1147 1149 1520
f 950 1353 1351
f 456 1300 916
f 1300 1251 916
f 952 806 953
f 1546 287 1547
f 287 1548 1547
f 1549 642 534
f 642 535 534
f 400 676 906
f 400 906 202
f 287 983 1548
f 92 1548 93
f 1548 983 93
f 554 556 1246
f 1388 259 993
f 1550 1551 1552
f 59 97 98
f 85 86 1553
f 1544 1554 1555
f 615 716 553
f 872 1556 218
f 1052 257 866
f 1088 1557 546
f 1558 1559 593
f 1559 1344 593
f 1092 627 39
f 9 1343 482
f 496 1068 113
f 103 113 1068
f 250 1491 79
f 277 279 30
f 1276 1275 1133
f 1275 1134 1133
f 1432 1133 1471
f 1432 1276 1133
f 1560 1322 164
f 1375 871 213
f 1561 1562 1563
f 1564 1315 692
f 1565 891 532
f 1565 532 184
f 774 1551 1550
f 1566 1567 1568
f 1567 1569 1568
f 928 1097 1445
f 1112 1495 367
f 575 95 1011
f 163 1235 1570
f 590 760 333
f 75 1571 76
f 562 232 1523
f 949 562 752
f 394 1572 395
f 1379 634 1002
f 634 750 1002
f 1573 1574 108
f 708 1163 371
f 1575 239 1407
f 890 61 703
f 61 60 703
f 1310 1146 1145
f 806 1576 953
f 385 384 178
f 415 1297 76
f 1577 1578 696
f 1579 504 543
f 1580 1581 1582
f 1581 1583 1582
f 417 1303 1584
f 1585 150 149
f 1372 229 228
f 1421 52 50
f 1312 841 840
f 1464 1541 745
f 1541 343 745
f 1586 918 1587
f 1276 1142 741
f 802 288 1113
f 1235 165 1588
f 165 1589 1588
f 233 53 328
f 1159 961 1447
f 1567 1590 1591
f 1280 1592 643
f 57 56 654
f 1593 1496 1423
f 320 568 1057
f 717 1282 231
f 347 346 177
f 336 447 448
f 1594 246 1453
f 246 245 1453
f 968 349 969
f 1375 213 448
f 716 615 508
f 591 1018 26
f 1579 1595 1596
f 1597 1598 1599
f 1600 144 143
f 1298 771 850
f 1103 1105 1601
f 1514 536 538
f 536 472 537
f 972 1602 973
f 1603 1604 972
f 1604 1602 972
f 1605 18 1606
f 1456 1532 960
f 1607 1608 1609
f 992 129 990
f 1390 1467 930
f 682 574 1119
f 1435 937 1170
f 937 1030 1170
f 1610 1339 1338
f 1144 739 741
f 244 1207 1102
f 330 1216 331
f 1101 524 1102
f 728 730 344
f 1611 1324 1612
f 382 539 1122
f 1607 1613 1608
f 1103 1614 1104
f 1615 1616 1617
f 931 933 1522
f 244 243 1207
f 791 987 914
f 987 315 914
f 1010 819 1048
f 819 748 1048
f 830 831 1210
f 1187 776 1185
f 1568 877 416
f 877 1618 878
f 416 877 876
f 1568 1618 877
f 1619 1418 1125
f 422 1620 1621
f 574 353 438
f 1622 279 278
f 1478 1623 84
f 1478 84 609
f 253 367 254
f 574 437 1119
f 1398 1445 658
f 1197 1199 1624
f 1199 1625 1624
f 933 932 87
f 1038 1132 1626
f 1571 1568 76
f 1568 416 76
f 415 76 416
f 1566 1568 1571
f 1627 1628 1016
f 696 1578 698
f 546 545 339
f 1629 380 1574
f 352 747 353
f 1407 239 1074
f 648 990 129
f 1117 521 334
f 578 577 238
f 611 610 765
f 610 1255 765
f 1011 763 575
f 530 1349 1220
f 1349 274 1220
f 1630 1631 812
f 771 1447 961
f 683 887 684
f 10 1632 11
f 11 1632 1584
f 417 1584 1297
f 1584 1632 1297
f 78 1297 10
f 1297 1632 10
f 1633 729 1634
f 1635 1262 675
f 1262 1264 675
f 539 1377 1378
f 870 511 513
f 32 179 942
f 1506 473 357
f 844 1422 845
f 402 401 1637
f 1224 802 1225
f 1255 826 1477
f 558 1638 1157
f 1638 1639 1157
f 1328 1455 1356
f 1153 174 1154
f 648 1474 955
f 666 1278 1208
f 1640 1028 1595
f 1641 972 970
f 740 1276 741
f 838 837 337
f 337 545 838
f 787 838 430
f 838 431 430
f 838 545 431
f 773 1176 1447
f 1159 1447 1176
f 181 1114 1643
f 1393 767 871
f 686 1440 685
f 893 895 772
f 1618 1568 1569
f 354 1646 1645
f 1647 1648 1021
f 1648 1022 1021
f 360 1164 540
f 481 596 479
f 596 481 1241
f 709 97 59
f 918 1599 1460
f 1460 1599 1650
f 1023 1651 1024
f 1652 1653 1202
f 1444 1316 658
f 1138 1654 1139
f 393 549 392
f 549 1655 392
f 1238 1239 893
f 1317 369 1434
f 810 1656 857
f 909 43 1281
f 684 925 1658
f 1659 594 646
f 386 646 594
f 1659 646 118
f 1030 1659 1170
f 1659 118 1170
f 594 967 384
f 967 989 384
f 178 384 1223
f 1030 1141 1659
f 1659 1141 594
f 1141 967 594
f 1124 1223 384
f 1124 943 1223
f 1386 1484 1231
f 845 1422 1367
f 523 335 215
f 41 260 1265
f 1660 1614 1661
f 1662 1433 1654
f 1433 1139 1654
f 1663 1664 1665
f 1012 1666 1667
f 1666 665 1667
f 193 1252 1407
f 878 1618 1569
f 640 69 1433
f 69 1226 1433
f 447 101 448
f 1381 995 328
f 1585 149 319
f 695 1044 696
f 1147 1520 1668
f 494 143 778
f 143 494 230
f 471 469 1669
f 1152 567 1400
f 1670 715 1671
f 715 1672 1671
f 718 719 1673
f 701 1674 1675
f 325 1202 699
f 348 455 325
f 503 1676 1017
f 387 392 388
f 1090 219 221
f 636 1677 1678
f 1677 1626 1678
f 898 836 337
f 459 1679 1571
f 1566 1571 1567
f 1571 1679 1567
f 1567 1679 459
f 867 959 865
f 1433 1662 1371
f 1662 1142 1371
f 1680 1681 1682
f 951 1683 132
f 1684 1655 549
f 1487 220 219
f 220 527 222
f 1685 310 309
f 1494 1037 1063
f 1444 1019 1316
f 1648 1136 1022
f 1377 539 540
f 1687 931 1522
f 526 527 220
f 473 409 357
f 63 626 1161
f 1277 1643 1007
f 1315 1564 1316
f 1316 727 658
f 727 1316 1564
f 1444 658 1445
f 1316 1019 1005
f 553 614 615
f 1531 41 1265
f 368 986 367
f 369 367 253
f 85 1508 609
f 1072 131 462
f 878 1569 1688
f 1569 1591 1688
f 343 1541 1529
f 1312 840 1313
f 840 1689 1313
f 1363 1664 1663
f 1690 1691 840
f 840 842 1690
f 996 995 600
f 1235 1692 1570
f 8 602 455
f 1178 1294 1505
f 1294 722 1505
f 1651 1693 1694
f 1695 1696 1697
f 703 60 1248
f 60 766 1248
f 212 211 1145
f 1114 1698 407
f 1699 1553 1700
f 1394 821 1168
f 1681 1701 1243
f 1682 1681 1247
f 963 965 1702
f 886 321 1621
f 251 1497 1703
f 1322 1560 1704
f 1603 1705 1604
f 470 849 954
f 1094 245 1095
f 245 247 1095
f 120 122 1292
f 1706 1707 298
f 709 1216 1636
f 1047 504 1596
f 504 1579 1596
f 383 455 348
f 882 1149 1150
f 2 112 1364
f 1385 1387 693
f 1196 1342 1179
f 1342 1177 1179
f 1503 1708 106
f 316 315 988
f 791 914 749
f 1709 701 700
f 1706 298 1710
f 298 1414 1710
f 1711 899 1373
f 1343 593 1344
f 1421 1420 1227
f 953 1683 951
f 1712 1713 1714
f 1600 746 144
f 543 1640 1579
f 1640 1595 1579
f 1069 825 378
f 862 1493 863
f 1493 957 863
f 1183 1561 1087
f 1561 1563 1087
f 1600 143 230
f 1201 707 1200
f 286 1715 1716
f 1715 185 1716
f 1717 1718 1653
f 83 507 326
f 1590 1567 459
f 1354 1719 1595
f 756 327 137
f 1720 805 1195
f 469 324 1669
f 1721 1722 1723
f 1724 66 1725
f 960 1234 1306
f 1717 715 1718
f 715 714 1718
f 832 1718 714
f 207 832 713
f 832 714 713
f 207 713 208
f 1726 782 949
f 7 378 1727
f 1728 602 426
f 1451 522 662
f 1175 1729 991
f 1730 1731 733
f 336 448 215
f 1730 1609 1731
f 1609 1732 1731
f 54 62 53
f 1502 1733 269
f 1734 50 51
f 1735 626 553
f 1735 717 926
f 1735 553 717
f 1735 1161 626
f 1735 926 702
f 1735 702 1161
f 1556 1736 82
f 1167 1737 1247
f 1738 700 644
f 41 1531 1052
f 1686 501 599
f 490 1739 491
f 490 927 1739
f 1739 678 677
f 678 1739 927
f 941 943 1112
f 1740 73 663
f 1740 74 73
f 74 1740 1451
f 1741 1450 1740
f 1450 1451 1740
f 663 1742 1740
f 663 542 1742
f 1743 762 985
f 1743 985 651
f 1084 1741 651
f 1741 1743 651
f 1212 376 375
f 1069 378 379
f 107 1744 1612
f 1681 356 1247
f 552 121 272
f 1075 830 1515
f 830 1075 261
f 1075 239 261
f 1289 47 405
f 47 49 405
f 114 318 1071
f 318 1376 1071
f 1350 289 802
f 1409 1622 1410
f 1622 981 1410
f 501 256 269
f 1070 382 1071
f 1315 1316 585
f 456 1514 1300
f 673 1042 674
f 1729 1745 991
f 440 1694 1369
f 1694 1746 1369
f 266 396 1093
f 55 1375 1732
f 360 168 358
f 358 370 359
f 358 167 370
f 167 358 168
f 685 1440 624
f 1747 1748 1586
f 371 1163 359
f 1749 1220 1221
f 938 380 406
f 312 1318 231
f 1750 960 1532
f 1179 1178 556
f 1751 1387 1040
f 1387 1386 1040
f 1714 1601 515
f 1601 1752 515
f 1377 1164 1163
f 544 431 545
f 1282 363 362
f 1608 1613 1319
f 1613 1589 1319
f 1189 1148 1147
f 87 89 1753
f 89 1481 1753
f 1290 121 120
f 1754 1654 1138
f 1461 1420 1755
f 1756 1754 1138
f 1367 1422 909
f 1757 1758 1645
f 1758 1759 1645
f 1615 1760 1761
f 943 942 1223
f 1654 1142 1662
f 1630 1762 1631
f 1762 1317 1631
f 690 691 1355
f 1424 910 1422
f 1763 1764 1449
f 1765 1078 1766
f 1078 1077 1766
f 629 1547 299
f 971 1767 1768
f 255 254 1495
f 606 958 201
f 901 1353 687
f 210 1353 901
f 212 1353 210
f 1077 160 1443
f 160 1027 1443
f 1144 810 739
f 941 367 942
f 723 1051 477
f 1443 91 90
f 1102 524 852
f 1038 1769 1132
f 1769 1770 1132
f 1587 1771 1747
f 1110 962 1545
f 962 885 1545
f 1006 1115 1504
f 1772 1359 1313
f 230 229 1600
f 1046 1773 1417
f 564 1677 565
f 807 1210 831
f 1774 804 1516
f 737 128 1774
f 128 1195 1774
f 1195 804 1774
f 1462 1053 1139
f 1053 1055 1139
f 1462 1139 1433
f 1253 766 97
f 59 61 709
f 1775 777 175
f 915 1512 686
f 728 1776 860
f 1253 1248 766
f 98 766 60
f 1237 1777 1089
f 1778 1307 1722
f 1307 1779 1722
f 1780 1781 1782
f 977 976 1783
f 346 345 483
f 1784 1785 1552
f 1785 1786 1552
f 1787 1175 1788
f 1033 1789 1165
f 169 1790 1140
f 1140 1790 1791
f 1650 1599 842
f 1599 1598 842
f 1186 260 302
f 1792 1707 1668
f 299 1547 92
f 67 1378 68
f 1378 1794 539
f 1471 1133 1378
f 1133 1794 1378
f 1122 539 1135
f 539 1794 1135
f 1133 1135 1794
f 67 640 1471
f 67 1471 1378
f 935 1459 236
f 1795 1796 412
f 699 1653 1797
f 1306 1225 802
f 1306 802 960
f 603 1798 1470
f 1798 1497 1470
f 1704 1799 652
f 1713 1601 1714
f 990 955 1174
f 1103 1601 1713
f 1092 775 627
f 1787 1788 1800
f 822 1737 823
f 1057 568 1642
f 1545 1003 1110
f 32 31 179
f 1046 1504 1412
f 1801 1781 1802
f 809 857 1656
f 804 1210 1517
f 194 1070 195
f 382 1070 166
f 187 166 1070
f 1184 339 338
f 1321 1322 652
f 1322 1704 652
f 1803 1513 1512
f 1189 1147 1706
f 1177 1269 1178
f 1255 1477 765
f 1477 1476 765
f 1464 1463 1182
f 818 226 281
f 226 227 281
f 543 240 1640
f 1640 240 241
f 240 543 503
f 503 578 240
f 1017 578 503
f 1666 1012 95
f 1804 1805 1806
f 1175 14 1788
f 497 491 1009
f 491 1739 1009
f 1739 1807 1009
f 1009 1807 1010
f 1807 1808 1010
f 1808 1439 1010
f 871 57 294
f 1036 1809 1035
f 1416 1406 1219
f 939 711 1384
f 812 1631 1810
f 1631 1633 1810
f 1507 1341 1342
f 1011 1507 752
f 1347 623 1121
f 1811 1777 1237
f 1369 1258 1436
f 1369 1436 440
f 1132 283 1812
f 283 282 1812
f 1776 1529 859
f 1776 728 344
f 343 1529 344
f 1529 1776 344
f 352 1645 1759
f 1312 1120 841
f 1311 1430 1312
f 1430 1120 1312
f 388 410 1506
f 473 1506 410
f 419 418 1813
f 405 1813 1289
f 449 1289 418
f 1289 1813 418
f 47 1288 676
f 47 1289 1288
f 1533 405 404
f 1392 1393 871
f 1057 1642 1203
f 830 806 1515
f 1018 298 1707
f 1612 1675 1611
f 1814 1091 1815
f 755 1291 756
f 1295 85 1553
f 1130 1728 1128
f 1816 319 904
f 1817 1194 897
f 1194 1817 275
f 1075 1515 193
f 193 1515 952
f 374 270 601
f 948 460 1500
f 981 982 1410
f 982 751 1410
f 33 35 924
f 1818 1819 1820
f 621 623 1091
f 623 1815 1091
f 61 1216 709
f 270 756 137
f 299 1821 629
f 1342 1196 1507
f 69 68 1165
f 1246 1180 1245
f 350 346 483
f 1118 1498 1822
f 1633 1631 1434
f 1823 958 607
f 1243 357 356
f 302 41 866
f 56 1732 1609
f 1608 654 1609
f 654 56 1609
f 1157 1639 1826
f 1702 965 164
f 965 1560 164
f 729 1633 1434
f 916 1251 1252
f 462 461 1827
f 1554 1828 290
f 1829 1588 1589
f 538 1806 1249
f 1118 316 1489
f 590 1450 1083
f 1830 1831 1646
f 1236 1811 1237
f 948 1500 1832
f 1240 481 482
f 1343 1240 482
f 1194 275 276
f 349 973 1833
f 919 913 912
f 1082 650 1083
f 650 1283 1083
f 1518 1344 310
f 163 1570 164
f 1191 718 1835
f 718 1836 1835
f 1837 222 1838
f 222 527 1838
f 1072 1673 1329
f 965 964 1839
f 964 1831 1839
f 1822 1498 1032
f 235 1840 582
f 1007 1115 1006
f 295 1220 274
f 1023 1308 1021
f 1308 1307 1021
f 1642 1536 1534
f 1779 1840 1722
f 1840 1841 1722
f 1758 697 698
f 1590 1842 1591
f 1564 1843 727
f 1619 932 1418
f 694 1484 1386
f 747 1759 1578
f 1282 362 1413
f 931 1418 932
f 1105 1404 1601
f 1291 327 756
f 272 121 1290
f 1710 1817 897
f 1014 1408 1762
f 1844 268 267
f 885 886 1545
f 1233 1506 1243
f 133 534 525
f 810 809 1656
f 506 956 1845
f 678 1686 599
f 27 1846 28
f 1580 1847 1581
f 696 1044 1848
f 1044 975 1848
f 94 1033 1026
f 313 1442 1473
f 639 300 381
f 1849 1850 1851
f 1386 1231 1040
f 963 1702 1852
f 1702 1692 1852
f 1853 142 408
f 1650 843 789
f 851 1299 850
f 1164 1377 540
f 1472 611 752
f 24 822 547
f 713 1854 208
f 396 398 251
f 224 403 402
f 1186 1185 993
f 1186 302 301
f 1185 1775 1855
f 175 1855 1775
f 265 199 1638
f 364 366 759
f 787 1856 837
f 1857 116 1695
f 1204 1524 1858
f 69 1165 51
f 1165 1789 51
f 1026 1033 1165
f 920 1789 1033
f 1446 1278 1230
f 1175 1787 1729
f 1588 1829 1236
f 853 1381 53
f 1607 1859 1613
f 844 1424 1422
f 483 345 1860
f 345 1767 1860
f 355 1861 1394
f 969 349 483
f 801 1862 139
f 328 53 1381
f 1863 1563 1562
f 284 1737 822
f 1864 1865 1267
f 925 1866 1403
f 351 112 113
f 1365 112 351
f 1648 1768 1767
f 846 1685 999
f 1685 309 999
f 846 848 1685
f 848 1518 1685
f 1518 310 1685
f 598 678 599
f 677 678 598
f 1372 1482 229
f 1482 1867 229
f 1866 888 1868
f 888 887 1868
f 1865 378 1267
f 378 825 1267
f 1870 1801 1293
f 1871 973 1733
f 973 1602 1733
f 351 1503 1365
f 1191 1835 1304
f 328 327 1872
f 1151 1067 1382
f 1844 33 268
f 1775 1185 776
f 733 734 1411
f 1036 380 1427
f 1314 1400 175
f 1873 1657 500
f 1388 149 151
f 1855 175 319
f 1855 319 149
f 1855 1388 1185
f 149 1388 1855
f 908 43 909
f 1235 163 165
f 1874 978 1835
f 255 1726 949
f 1875 211 1244
f 939 712 711
f 761 1067 560
f 1874 1127 978
f 1418 931 1687
f 1640 241 1575
f 1187 777 776
f 1487 1089 1525
f 1089 1777 1525
f 1807 1739 1808
f 842 843 1650
f 1734 51 1789
f 920 1734 1789
f 50 1734 920
f 1785 1876 1764
f 1277 464 305
f 548 393 29
f 1838 1628 1877
f 1628 1627 1877
f 1878 1683 953
f 1270 980 953
f 1848 975 1218
f 975 974 1218
f 1780 1782 1689
f 1782 1772 1689
f 390 388 1233
f 1747 1771 671
f 1702 164 1570
f 789 843 1879
f 977 1783 1561
f 1783 1562 1561
f 717 716 363
f 679 441 1436
f 517 1714 515
f 985 1539 649
f 274 296 295
f 1655 388 392
f 650 649 1820
f 649 1818 1820
f 1880 1245 1463
f 1711 1488 899
f 497 499 493
f 499 1881 493
f 1879 841 622
f 841 1121 622
f 1760 585 1418
f 752 1523 1472
f 1785 1764 1763
f 1061 789 1062
f 30 32 942
f 30 942 367
f 1409 105 279
f 1882 542 663
f 1883 1449 1660
f 1449 1764 1660
f 1041 1751 1040
f 688 690 1041
f 1541 1884 1540
f 1885 1423 1886
f 1423 1887 1886
f 1398 658 929
f 867 866 496
f 617 762 541
f 641 403 224
f 1888 1889 1736
f 1716 1327 1890
f 1865 1193 1727
f 1891 856 858
f 1607 1609 1730
f 1354 1456 1113
f 1858 1402 1401
f 1892 512 876
f 671 670 1748
f 1495 1111 1337
f 1708 351 105
f 748 1577 1048
f 1577 1416 1048
f 949 1245 1880
f 1722 1841 1078
f 820 1558 1893
f 1558 1894 1893
f 438 819 1439
f 792 1895 1242
f 1896 1792 1897
f 1792 1668 1897
f 946 981 278
f 981 1622 278
f 1467 1469 930
f 37 496 38
f 1 65 37
f 1 38 2
f 1 3 65
f 1331 1726 255
f 563 782 1726
f 563 1726 1331
f 1733 1502 1871
f 556 1178 1180
f 1178 1361 1180
f 693 694 1385
f 1898 1701 1899
f 1875 1244 1496
f 603 172 1798
f 1470 1497 579
f 1347 1430 1222
f 1311 1221 1430
f 1809 1427 1383
f 1508 1296 1900
f 1296 832 1900
f 304 464 1228
f 1901 1825 903
f 265 1638 558
f 1902 613 1903
f 1703 1904 250
f 813 1499 801
f 1465 354 873
f 303 174 176
f 1400 174 1153
f 695 697 817
f 762 1076 128
f 533 1327 184
f 1125 1005 1619
f 748 747 1577
f 747 1578 1577
f 1099 658 727
f 1399 1905 1906
f 502 711 503
f 1598 1690 842
f 904 1400 567
f 1461 1755 1053
f 407 660 408
f 1907 1366 1644
f 559 1157 1458
f 1321 654 1908
f 919 1711 1373
f 1590 459 810
f 883 892 1405
f 892 1306 1405
f 1306 1909 1405
f 172 1490 1798
f 790 90 91
f 90 790 598
f 90 598 170
f 1489 1498 1118
f 1077 322 1766
f 1457 292 294
f 1752 1849 1851
f 1416 1008 1048
f 1406 1577 696
f 988 987 430
f 429 316 988
f 1468 1910 1870
f 359 1163 360
f 1166 1163 1026
f 708 1026 1163
f 1582 1911 1580
f 563 1669 561
f 127 403 641
f 1462 1461 1053
f 1124 384 989
f 508 615 510
f 952 1252 193
f 644 1413 362
f 963 1261 964
f 1261 1757 964
f 644 643 1738
f 1676 1912 1017
f 1131 1680 283
f 620 1080 252
f 572 1873 1913
f 438 1439 439
f 919 524 1454
f 472 536 1914
f 1514 1914 536
f 1914 1184 472
f 1914 1514 1184
f 986 368 1762
f 368 1317 1762
f 1332 1883 1333
f 206 1915 656
f 1915 1064 656
f 1282 1413 231
f 361 446 362
f 530 1220 1916
f 726 1650 789
f 1460 1650 726
f 557 559 1172
f 1896 1897 1917
f 1897 1918 1917
f 1042 688 1041
f 1213 1387 1751
f 328 996 137
f 801 548 29
f 1540 548 1499
f 1499 813 1529
f 142 1853 905
f 661 905 1853
f 660 661 1853
f 105 1409 751
f 1352 1920 1919
f 636 150 565
f 1041 690 1921
f 690 1355 1921
f 1213 1751 1922
f 422 1621 1399
f 1923 1594 1835
f 1594 1453 1835
f 1452 1835 1453
f 1147 1668 1706
f 1668 1707 1706
f 1020 851 770
f 851 1020 624
f 681 1924 1649
f 728 860 729
f 201 450 754
f 1655 799 798
f 1501 1080 608
f 1925 952 457
f 1658 1829 1859
f 105 335 523
f 444 509 1926
f 509 828 1926
f 1534 1203 1642
f 1575 1028 1640
f 177 346 348
f 348 346 350
f 1927 1928 1375
f 673 1264 1479
f 266 557 396
f 557 1929 396
f 1775 776 777
f 1186 993 260
f 1186 301 303
f 1186 303 176
f 777 1187 1186
f 1210 1930 1517
f 1014 1762 1630
f 986 1762 1408
f 1006 1330 464
f 1380 1890 424
f 1597 670 1802
f 1038 735 1769
f 798 800 721
f 1655 798 388
f 800 722 721
f 1214 311 1893
f 820 1893 311
f 749 1932 750
f 685 750 1932
f 1372 228 1086
f 1331 255 1337
f 1773 1485 1417
f 1538 1745 1933
f 375 1211 1212
f 1926 829 1281
f 444 1926 445
f 933 1753 1522
f 1585 319 1816
f 1731 1732 1927
f 1732 1928 1927
f 285 287 1546
f 613 1902 1292
f 1902 1291 1292
f 995 424 600
f 1085 1262 1372
f 1934 775 1091
f 775 1092 1091
f 1281 445 1926
f 1918 1519 1935
f 1519 1936 1935
f 124 1937 183
f 1915 206 1746
f 1594 1923 1073
f 1073 1673 1072
f 1469 1468 930
f 908 19 43
f 1938 1889 1888
f 1180 1246 556
f 498 497 793
f 497 794 793
f 643 1592 1738
f 652 1799 653
f 402 1939 568
f 116 1857 1940
f 1941 107 1937
f 1942 1943 911
f 413 994 875
f 1808 1739 677
f 101 733 1927
f 955 1428 14
f 1014 140 947
f 1272 1019 930
f 1272 1944 88
f 1745 1729 1787
f 985 762 130
f 985 130 1539
f 1945 1741 1740
f 1768 1648 1647
f 4 1242 1895
f 1218 104 1217
f 104 1218 974
f 1406 1416 1577
f 1406 1848 1218
f 696 1848 1406
f 763 1011 764
f 920 575 763
f 478 1050 1924
f 1050 1946 1924
f 400 147 148
f 600 373 372
f 1538 130 991
f 991 1745 1538
f 1208 1176 666
f 1719 1354 1113
f 259 1266 260
f 1086 86 84
f 511 1947 1303
f 1851 1581 1847
f 24 131 314
f 1528 1782 1389
f 1782 1948 1389
f 1011 1013 1507
f 419 1813 1637
f 1949 1234 1060
f 1756 1138 1056
f 199 1435 1638
f 1901 1824 1825
f 1131 1770 1680
f 1550 1552 1950
f 399 1309 1024
f 1875 1496 1145
f 1783 1512 1951
f 73 792 1242
f 1644 1366 807
f 1810 1634 859
f 1784 1896 1785
f 1896 1876 1785
f 1801 1802 672
f 883 1104 884
f 157 413 875
f 1596 1719 288
f 1719 1113 288
f 422 1004 1620
f 1620 1004 1545
f 586 1440 1513
f 1513 1440 686
f 1952 1953 537
f 210 1244 211
f 1596 1542 1047
f 1542 1596 1543
f 288 1543 1596
f 869 1323 511
f 869 1573 1954
f 1896 27 1792
f 27 1955 1792
f 26 1955 27
f 1707 1955 1018
f 1955 26 1018
f 1784 1846 1896
f 1846 27 1896
f 618 1956 903
f 177 1037 347
f 657 1064 1957
f 1612 1744 1675
f 617 158 979
f 1195 1076 1720
f 1076 617 1720
f 1958 516 1959
f 1960 1898 1899
f 1355 1356 1922
f 1193 814 897
f 1961 1818 1800
f 164 1322 1320
f 1035 1962 108
f 1425 1868 1963
f 1025 1197 1624
f 84 85 609
f 971 1860 1767
f 971 969 1860
f 969 483 1860
f 1687 1760 1418
f 800 799 1505
f 799 1964 1505
f 1846 1551 28
f 948 1950 458
f 826 1301 1477
f 487 486 1868
f 486 1866 1868
f 191 517 189
f 517 516 189
f 629 1098 1547
f 225 1724 982
f 1724 751 982
f 638 320 1057
f 419 1637 401
f 531 529 1821
f 564 1038 1677
f 1038 1626 1677
f 501 1686 237
f 765 1476 763
f 344 23 22
f 1321 1908 1319
f 1631 1317 1434
f 236 1459 293
f 1236 1829 1658
f 1593 844 389
f 1423 1424 1593
f 1424 844 1593
f 1593 389 1310
f 1073 1923 1673
f 1923 1836 1673
f 1446 1230 95
f 1557 1031 546
f 1484 1486 1231
f 1486 1232 1231
f 513 1965 869
f 1965 1573 869
f 1345 1966 1171
f 1967 1405 1909
f 1084 1083 1741
f 812 1810 859
f 1306 1234 1909
f 1113 1456 802
f 1340 1858 1338
f 1858 1401 1338
f 1552 1786 1950
f 99 1968 1665
f 286 1716 1363
f 1716 1664 1363
f 1664 1890 1380
f 1968 983 1363
f 983 287 1363
f 1325 983 1968
f 1384 711 155
f 549 550 1684
f 1684 799 1655
f 1208 16 1159
f 16 15 1159
f 1560 965 1839
f 1495 1112 1111
f 254 367 1495
f 1101 1454 524
f 1967 1404 1405
f 828 829 1926
f 1758 1261 697
f 1480 124 1413
f 1676 1336 1912
f 1336 111 1912
f 305 1643 1277
f 464 1277 1006
f 155 711 502
f 1126 1452 1094
f 1585 1816 150
f 1816 565 150
f 1969 221 222
f 629 1390 628
f 1864 1193 1865
f 354 1645 352
f 469 630 324
f 630 323 324
f 1450 1741 1083
f 294 653 1457
f 1143 1396 1144
f 1844 400 399
f 427 428 291
f 1184 1183 1087
f 1222 295 1970
f 216 817 1971
f 668 1972 1328
f 1892 876 514
f 1816 567 565
f 1144 1396 1395
f 1397 1396 1143
f 1437 1465 236
f 514 1973 513
f 1973 1056 1054
f 514 1756 1973
f 1756 1056 1973
f 234 1078 235
f 1078 1841 235
f 1604 1733 1602
f 1487 1525 1526
f 1318 926 717
f 1087 339 1184
f 1192 1305 1183
f 683 1531 1974
f 1889 902 667
f 108 1962 1975
f 1598 1597 1976
f 1597 1802 1976
f 1299 1256 520
f 1256 758 520
f 588 758 624
f 295 591 1970
f 1525 1811 1524
f 1977 1380 424
f 1355 691 1978
f 1978 667 1355
f 667 669 1355
f 818 1978 226
f 1978 691 226
f 818 667 1978
f 1979 821 547
f 1730 733 1980
f 733 1981 1980
f 1032 1031 1822
f 1200 707 1190
f 856 1982 739
f 794 1009 795
f 1009 1008 795
f 1835 1836 1923
f 646 386 385
f 1903 1415 1872
f 1983 1886 1496
f 1886 1887 1496
f 1180 1984 1181
f 1783 976 1512
f 976 1803 1512
f 1750 1028 1575
f 1785 1763 458
f 459 1763 1449
f 1763 459 458
f 753 451 450
f 1481 1146 1310
f 591 1985 1970
f 1222 1970 1985
f 1658 925 1403
f 1816 904 567
f 182 994 413
f 1024 1308 1023
f 132 1683 1329
f 1470 579 742
f 579 454 742
f 33 924 889
f 35 881 924
f 1986 675 1232
f 1281 829 909
f 290 1828 288
f 1772 1313 1689
f 768 1169 769
f 1245 949 554
f 656 1064 657
f 1811 1987 1524
f 1175 991 990
f 1988 1605 1606
f 1514 538 1300
f 538 1249 1300
f 1847 1580 515
f 148 146 584
f 1339 1610 1454
f 518 758 720
f 1911 516 1580
f 516 515 1580
f 1969 1837 221
f 1502 1989 383
f 1871 1502 383
f 1502 269 252
f 1604 256 501
f 1604 501 1733
f 1531 1265 1974
f 1265 1426 1974
f 1137 347 1037
f 529 1389 1821
f 915 315 317
f 786 1990 1991
f 786 1991 1992
f 1857 1991 1940
f 628 930 929
f 632 631 1644
f 1799 1457 653
f 1948 1910 1390
f 1910 1467 1390
f 1974 887 683
f 1651 1694 1024
f 1927 1375 448
f 712 1993 1676
f 1897 1668 1918
f 959 1059 1154
f 344 730 23
f 1847 515 1752
f 1099 808 658
f 1272 1005 1019
f 1944 1920 1352
f 1944 1352 88
f 1272 88 1619
f 1272 1619 1005
f 1977 995 1381
f 731 1523 232
f 54 1415 1903
f 1387 1213 1211
f 693 1387 1211
f 1035 1994 183
f 1750 1060 960
f 1687 1995 1761
f 1826 1188 1157
f 366 796 759
f 521 899 522
f 1996 1488 435
f 801 139 138
f 1997 1911 1998
f 1911 1582 1998
f 1817 1710 1414
f 587 1096 1209
f 1686 1854 237
f 1728 427 1128
f 427 1672 1128
f 1942 911 377
f 424 1890 1327
f 1959 1911 1997
f 1959 516 1911
f 1790 1999 834
f 1086 1700 86
f 1210 1366 1930
f 1448 2000 1302
f 7 2001 45
f 1488 1711 919
f 529 1528 1389
f 733 1731 1927
f 1928 1732 1375
f 1927 448 101
f 1748 670 1586
f 670 1597 1586
f 1178 1269 2002
f 1269 519 2002
f 366 259 796
f 187 907 188
f 1613 1859 1589
f 1859 1829 1589
f 1862 801 29
f 1591 1569 1567
f 945 793 795
f 984 1968 2003
f 57 654 653
f 846 999 1527
f 1831 1830 1438
f 1921 1751 1041
f 1921 1355 1751
f 1355 1922 1751
f 636 565 1677
f 835 1582 1583
f 1582 835 1999
f 835 834 1999
f 2004 2005 2000
f 1152 566 567
f 1717 1652 715
f 1652 1128 715
f 357 409 1861
f 409 1079 1861
f 1723 1078 1765
f 1199 1198 1473
f 1291 755 1290
f 2006 1997 1998
f 978 1304 1835
f 116 1229 2006
f 422 1906 420
f 1379 420 1906
f 1399 1906 422
f 235 1841 1840
f 25 1812 282
f 721 1209 1096
f 2007 832 1553
f 832 1295 1553
f 1116 1117 1373
f 913 1117 334
f 692 1843 1564
f 901 1244 210
f 803 1401 486
f 1401 1403 486
f 1357 192 1358
f 1681 1243 356
f 1823 251 958
f 1326 1880 1463
f 1425 487 1868
f 330 1796 1636
f 1796 332 412
f 126 419 401
f 2008 333 522
f 1023 1022 1651
f 2009 2010 1687
f 1891 1712 2011
f 1712 2012 2011
f 632 323 630
f 1017 1912 576
f 1521 2009 1687
f 1687 1522 1521
f 1657 572 1824
f 1403 1402 1658
f 1818 1933 1800
f 441 440 1436
f 1420 1462 1227
f 1462 1433 1227
f 1226 1227 1433
f 1620 1545 1621
f 1545 886 1621
f 1457 1839 1438
f 1992 1857 1695
f 845 1753 389
f 111 323 1912
f 323 2013 1912
f 959 1154 865
f 2014 1953 1158
f 853 53 62
f 1486 1986 1232
f 1808 439 1439
f 1774 1516 1907
f 2015 1858 1340
f 1373 1117 913
f 585 1125 1418
f 1465 1437 354
f 1376 1621 321
f 1442 375 815
f 815 1203 1834
f 815 1834 1442
f 1211 375 1442
f 71 926 1318
f 889 924 923
f 1698 331 407
f 996 600 137
f 630 469 2016
f 1452 245 1094
f 789 724 726
f 37 2017 1466
f 1532 1354 1028
f 1555 1554 2018
f 1599 1586 1597
f 815 375 377
f 1977 1381 1380
f 362 446 645
f 644 362 645
f 42 874 43
f 874 1280 43
f 874 1592 1280
f 895 664 772
f 1397 1842 1395
f 733 1411 1981
f 2019 587 586
f 444 361 508
f 361 363 508
f 1645 1646 1757
f 282 284 822
f 823 1737 1167
f 1674 2020 1675
f 2020 1611 1675
f 1516 1930 1907
f 1636 1108 156
f 966 1337 1111
f 1621 1376 318
f 1608 1908 654
f 1607 1730 1980
f 1362 1684 2021
f 1684 550 2021
f 1979 822 821
f 896 290 289
f 997 1988 998
f 1665 1664 1380
f 1665 1968 1663
f 1716 1890 1664
f 212 1146 1353
f 1146 1351 1353
f 1608 1319 1908
f 519 720 2002
f 887 1974 1963
f 1437 236 292
f 141 947 140
f 1014 1630 140
f 1236 1235 1588
f 637 400 202
f 1189 1706 1710
f 1710 897 1189
f 1834 1199 1473
f 559 1458 1172
f 1352 1919 950
f 397 2022 251
f 1748 1747 671
f 164 1320 165
f 1320 1589 165
f 1319 1589 1320
f 757 82 1736
f 555 752 1507
f 1334 1095 411
f 411 1095 247
f 692 1483 891
f 272 271 2023
f 2023 271 891
f 552 1483 2024
f 2024 1483 692
f 891 1483 2023
f 2023 1483 272
f 1717 1653 1652
f 1670 237 715
f 1511 1478 1845
f 1845 956 2025
f 688 2025 689
f 2025 956 689
f 688 1511 2025
f 1511 1845 2025
f 609 1845 1478
f 506 1845 609
f 1969 222 1837
f 156 157 1045
f 683 1411 257
f 1821 1389 629
f 618 620 252
f 1501 608 1989
f 954 966 955
f 1284 1155 616
f 589 1083 616
f 1083 1284 616
f 589 590 1083
f 1633 1634 1810
f 323 111 110
f 1915 2026 1064
f 1064 2026 1065
f 257 1052 683
f 2002 720 1178
f 720 1294 1178
f 1828 1543 288
f 1554 290 814
f 471 1669 563
f 272 1290 270
f 270 1290 755
f 606 607 958
f 1998 1696 2006
f 826 1287 1301
f 920 763 1476
f 1476 50 920
f 107 701 1675
f 205 1369 1746
f 230 484 228
f 908 910 19
f 181 1162 332
f 1528 1359 1782
f 1359 1772 1782
f 114 1071 115
f 1205 1340 1100
f 1340 1339 1100
f 33 1844 34
f 537 2027 1060
f 1578 1759 698
f 1759 1758 698
f 2028 595 1527
f 595 597 1527
f 2029 1507 1013
f 1458 1459 1172
f 1459 1173 1172
f 1487 1526 220
f 526 1206 1207
f 2015 1205 1204
f 1526 1204 1206
f 363 716 508
f 1412 1773 1046
f 1330 1006 1504
f 1057 377 638
f 727 1843 184
f 2015 1204 1858
f 1324 869 1612
f 869 1954 1612
f 1574 1036 108
f 919 1454 759
f 1419 2030 1755
f 1950 1786 458
f 614 1903 613
f 799 1684 1964
f 45 2001 46
f 1822 1031 1118
f 649 1539 1818
f 1539 1933 1818
f 1029 956 506
f 83 1029 506
f 1828 1554 1543
f 1554 1544 1543
f 608 308 383
f 1361 1178 1505
f 718 1673 1836
f 1206 526 1526
f 526 220 1526
f 1466 2031 1154
f 1647 1021 1778
f 184 1327 185
f 631 744 737
f 468 2016 469
f 1610 1338 1106
f 1338 803 1106
f 1101 1339 1454
f 108 1975 107
f 2032 1913 1873
f 1948 1782 1910
f 1808 677 439
f 999 309 997
f 753 418 451
f 1972 668 902
f 2033 1114 746
f 1987 1402 1524
f 1402 1858 1524
f 1236 1402 1987
f 1293 1273 930
f 1749 1221 1916
f 2015 1340 1205
f 712 1676 503
f 1871 1833 973
f 2034 464 875
f 486 1403 1866
f 1989 1502 1501
f 1374 1039 571
f 1977 424 995
f 1658 1402 1236
f 739 1982 1368
f 249 861 395
f 1275 1201 1134
f 541 1742 542
f 1586 1587 1747
f 988 430 429
f 2013 576 1912
f 1697 1696 1998
f 1780 1976 1781
f 1976 1802 1781
f 280 281 83
f 1694 442 1024
f 918 1771 1587
f 380 1036 1574
f 1035 108 1036
f 1997 190 1958
f 1270 1576 806
f 1878 953 980
f 1270 953 1576
f 1878 980 979
f 1670 1671 237
f 1611 1947 1324
f 1947 511 1324
f 1771 2035 672
f 373 424 423
f 1637 1939 402
f 1391 1273 1293
f 1850 1949 1060
f 1850 1849 1949
f 1849 1909 1949
f 1909 1234 1949
f 779 724 780
f 789 1061 724
f 724 779 725
f 1563 1863 1087
f 1863 1088 1087
f 672 1802 670
f 505 83 506
f 1998 1582 1697
f 1582 1999 1697
f 1790 1697 1999
f 1697 1790 169
f 1696 116 2006
f 1696 1695 116
f 1140 1791 342
f 169 1695 1697
f 887 1963 1868
f 912 524 919
f 1663 1968 1363
f 99 1665 340
f 340 1665 1380
f 1561 1183 1305
f 1780 1689 1691
f 241 239 1575
f 1158 1953 1952
f 586 1513 2019
f 1513 1803 2019
f 587 2019 1096
f 2019 2036 1096
f 2036 1094 1096
f 1126 2037 978
f 2037 976 978
f 2037 1803 976
f 2019 1803 2037
f 2037 2036 2019
f 1126 1094 2037
f 1094 2036 2037
f 1345 1171 864
f 653 294 57
f 2038 684 1980
f 2038 1980 1981
f 1558 820 1559
f 820 310 1559
f 397 396 2039
f 195 1376 321
f 1060 1806 537
f 1804 1806 1750
f 1806 2040 1750
f 1750 2040 1060
f 1060 2040 1806
f 867 496 959
f 1830 354 1438
f 835 1583 1259
f 1583 2014 1259
f 2014 1158 1259
f 1222 1985 1348
f 1815 26 28
f 1814 1815 28
f 1348 1815 623
f 591 26 1348
f 26 1815 1348
f 591 1348 1985
f 138 140 812
f 140 1630 812
f 2041 876 1688
f 876 878 1688
f 2042 1412 1114
f 1098 808 1099
f 1755 1420 1419
f 2043 1973 1755
f 1973 1054 1755
f 570 1957 1063
f 655 657 1957
f 1329 1673 719
f 1784 1552 1846
f 1552 1551 1846
f 1516 1517 1930
f 1801 1870 1781
f 1539 1538 1933
f 477 476 2044
f 476 2045 2044
f 1503 1429 1365
f 1994 761 183
f 1384 1383 939
f 1383 940 939
f 1994 1809 1383
f 1236 1987 1811
f 1953 2027 537
f 1826 767 1393
f 662 1169 74
f 1464 1884 1541
f 1400 1153 1152
f 1591 1842 1688
f 1842 1397 1688
f 1299 851 1256
f 1572 248 249
f 249 395 1572
f 1572 394 248
f 747 352 1759
f 146 145 584
f 145 2046 584
f 2043 1755 2030
f 2008 1451 333
f 1451 1274 333
f 2047 2042 1114
f 1773 2048 1485
f 1773 1412 2048
f 1412 2042 2048
f 1081 1080 619
f 1279 665 1230
f 1967 1909 1849
f 252 1080 1501
f 1894 2049 1709
f 306 903 1825
f 1155 650 1820
f 1651 2026 1693
f 206 205 1746
f 2050 981 2051
f 981 946 2051
f 505 507 83
f 609 1510 506
f 797 1950 948
f 2052 2017 488
f 2017 855 488
f 1561 1305 977
f 546 1498 544
f 427 1728 426
f 1818 1961 1819
f 1886 1983 724
f 1983 780 724
f 671 1771 672
f 632 1644 807
f 1261 1758 1757
f 1177 1342 1269
f 1342 1268 1269
f 255 1370 1326
f 273 275 1414
f 275 1817 1414
f 1265 366 1426
f 759 1106 365
f 1324 1323 869
f 2004 1448 406
f 1221 1360 1916
f 1749 1916 1220
f 528 530 1916
f 1213 1922 1212
f 1922 1356 1212
f 1302 2000 1301
f 1715 2053 186
f 186 2053 184
f 184 2053 727
f 1477 1301 2054
f 1301 2000 2054
f 1768 1721 970
f 1721 1641 970
f 1641 1721 1723
f 1722 1721 1778
f 1647 1778 1768
f 1778 1721 1768
f 2003 1968 99
f 1948 1390 1389
f 1573 1965 2055
f 1903 614 54
f 1676 2056 1335
f 1765 1766 1705
f 2032 1873 500
f 396 1929 2039
f 660 1853 408
f 810 1842 1590
f 465 542 159
f 1078 1723 1722
f 1399 1621 318
f 1382 155 1151
f 1382 1384 155
f 1475 50 1476
f 1435 1441 1638
f 1441 1639 1638
f 1639 1441 767
f 1039 307 572
f 1781 1870 1782
f 1870 1910 1782
f 1795 1636 1796
f 638 2057 1877
f 1143 1654 1397
f 1654 1754 1397
f 1143 1142 1654
f 1623 1478 1263
f 1279 1278 1793
f 383 1989 608
f 192 190 1358
f 715 1128 1672
f 458 1786 1785
f 1898 1233 1243
f 805 1720 1270
f 157 156 1108
f 1874 1835 1127
f 950 1771 918
f 480 1832 77
f 2034 875 1228
f 1862 29 391
f 391 488 1862
f 854 139 1862
f 854 1862 488
f 1423 1606 20
f 1606 18 20
f 1309 1779 1307
f 870 869 511
f 236 1649 936
f 706 1214 2058
f 566 735 1038
f 495 636 4
f 1678 1812 4
f 1812 25 4
f 1941 644 107
f 1065 2026 1651
f 1649 236 1465
f 1127 1835 1452
f 1051 2059 1049
f 2059 2060 1049
f 1973 2043 1965
f 513 1973 1965
f 1586 1599 918
f 1629 406 380
f 984 1325 1968
f 582 1840 2061
f 1840 1309 2061
f 1624 1203 2062
f 329 853 62
f 1500 75 1832
f 75 77 1832
f 316 1156 1489
f 1574 2055 2030
f 2004 2000 1448
f 242 1628 527
f 2009 1285 2010
f 723 477 2044
f 84 1263 1262
f 1887 1423 1496
f 1885 1886 1988
f 1314 174 1400
f 1270 1720 1271
f 1720 617 1271
f 1878 979 131
f 1463 745 1326
f 745 21 1326
f 1116 899 521
f 1509 499 1510
f 619 1080 620
f 1485 2048 1486
f 737 1907 1644
f 1774 1907 737
f 1129 1202 602
f 1652 1129 1128
f 1045 875 464
f 305 182 181
f 464 1046 1045
f 632 2013 323
f 372 601 600
f 1770 1769 1899
f 1336 1676 1335
f 1335 1302 1287
f 1202 1129 1652
f 1201 1275 707
f 87 1753 933
f 1879 622 1931
f 841 1879 843
f 1370 1880 1326
f 1370 949 1880
f 398 397 251
f 1865 1727 378
f 1801 672 1293
f 1780 1691 1976
f 1109 1795 414
f 79 1491 710
f 1996 435 769
f 1996 899 1488
f 1671 427 291
f 1672 427 1671
f 1671 291 237
f 1694 1693 1746
f 1981 1411 683
f 474 61 890
f 1557 1863 1031
f 730 1434 369
f 244 1628 242
f 1793 1278 666
f 631 630 744
f 630 2016 744
f 2018 824 811
f 600 424 373
f 1571 75 460
f 1504 1115 1412
f 1859 1980 684
f 1658 1859 684
f 1607 1980 1859
f 1993 2056 1676
f 1386 1385 694
f 1085 84 1262
f 1699 1700 1797
f 1700 2063 1797
f 1797 2063 699
f 699 2063 580
f 484 580 1086
f 580 2064 1086
f 2064 1700 1086
f 580 2063 2064
f 2064 2063 1700
f 531 1821 299
f 784 285 1546
f 129 738 647
f 753 449 418
f 1000 998 1061
f 1061 998 1886
f 998 1988 1886
f 724 1061 1886
f 2065 748 438
f 1425 1963 1426
f 1426 1963 1974
f 1565 1843 891
f 891 1843 692
f 2057 1943 1972
f 1934 1551 775
f 1551 774 775
f 131 1072 1329
f 462 1827 1073
f 1827 1594 1073
f 131 463 462
f 1558 2049 1894
f 1527 1000 2066
f 1000 1062 2066
f 1256 624 758
f 723 2044 839
f 2044 2045 839
f 2043 2030 1965
f 2030 2055 1965
f 1407 1805 1575
f 1242 1882 663
f 1549 534 742
f 534 879 742
f 1212 1455 376
f 840 1691 1689
f 145 1530 2046
f 217 1090 221
f 1727 2001 7
f 46 2001 1194
f 2067 1336 1287
f 1287 109 2067
f 2067 111 1336
f 111 2067 109
f 1573 2055 1574
f 1045 157 875
f 1070 1071 195
f 691 689 226
f 1924 1946 936
f 1924 936 1649
f 1049 2068 1050
f 1942 377 376
f 2054 2000 2005
f 1421 2054 2005
f 638 1943 2057
f 1060 2027 1850
f 1454 1610 1106
f 2069 1877 2057
f 1961 861 1819
f 399 34 1844
f 1366 1907 1930
f 13 861 14
f 861 1788 14
f 1800 1788 861
f 1800 861 1961
f 1797 1653 1718
f 1797 1718 1699
f 383 1833 1871
f 348 349 1833
f 1833 383 348
f 896 814 290
f 169 1856 1695
f 1140 1856 169
f 1140 837 1856
f 551 552 1869
f 1367 551 1869
f 909 551 1367
f 909 829 2070
f 2070 829 434
f 829 433 434
f 434 551 2070
f 2070 551 909
f 2016 468 744
f 468 743 744
f 2061 1309 399
f 777 1186 176
f 41 1052 866
f 638 911 1943
f 1767 2071 1648
f 2071 1136 1648
f 1466 2017 489
f 1050 478 477
f 683 684 1981
f 1992 1695 1856
f 787 786 1856
f 786 1992 1856
f 1838 527 1628
f 1016 1628 244
f 744 738 737
f 498 793 507
f 1986 2072 2073
f 2072 2033 2073
f 2047 2033 2072
f 2072 2048 2047
f 1108 413 157
f 1054 1053 1755
f 407 331 660
f 1040 1231 674
f 682 2045 681
f 1702 1570 1692
f 817 697 1971
f 619 903 1081
f 1992 1991 1857
f 414 1795 412
f 980 1271 617
f 1878 131 1329
f 1878 1329 1683
f 293 1157 1188
f 184 1843 1565
f 1979 547 822
f 789 1879 1931
f 618 903 619
f 251 2022 958
f 1641 1603 972
f 1915 1746 2026
f 1746 1693 2026
f 479 1832 480
f 1229 2074 2006
f 2075 1475 1477
f 2071 1767 345
f 293 1458 1157
f 1819 861 249
f 712 939 2056
f 939 2076 2056
f 2056 2076 1448
f 1993 712 2056
f 939 938 2076
f 1925 1252 952
f 1851 1847 1752
f 1119 2045 682
f 25 1882 1242
f 1242 4 25
f 1550 1950 797
f 1814 28 1551
f 1936 1519 884
f 1104 1614 884
f 1614 1936 884
f 809 1449 1883
f 1660 1935 1614
f 1935 1936 1614
f 1764 2077 1660
f 2077 1935 1660
f 2077 1918 1935
f 1332 809 1883
f 2018 811 1034
f 489 2031 1466
f 584 2046 583
f 1063 264 569
f 767 1826 1639
f 16 1278 17
f 1278 1446 17
f 925 888 1866
f 1600 1867 2078
f 2079 1190 115
f 1123 1122 2079
f 2079 1200 1190
f 2079 1135 1200
f 1135 1134 1200
f 1122 1135 2079
f 25 314 159
f 1260 963 1971
f 963 1852 1971
f 1260 1971 697
f 216 1971 2080
f 2074 1229 1190
f 190 2074 1358
f 845 1367 1286
f 1795 1109 1636
f 2061 399 148
f 1437 292 1438
f 1892 514 512
f 1059 1466 1154
f 666 665 1793
f 1474 648 647
f 468 470 743
f 470 1474 743
f 1474 647 743
f 786 785 1990
f 785 791 1990
f 1138 1055 1056
f 1667 665 664
f 2014 1583 1581
f 1581 1850 2014
f 1850 1953 2014
f 1066 923 1537
f 699 1202 1653
f 1506 357 1243
f 355 1394 356
f 307 306 572
f 514 876 2041
f 1688 1754 2041
f 1754 1756 2041
f 1397 1754 1688
f 514 2041 1756
f 1806 1805 1249
f 1151 2081 1034
f 1544 1555 2081
f 186 185 1715
f 2078 746 1600
f 746 2078 2033
f 1867 1600 229
f 2078 1867 1482
f 2029 1341 1507
f 1574 2030 1419
f 1525 1777 1811
f 886 197 321
f 1881 833 492
f 1959 1997 1958
f 1881 492 493
f 832 833 1900
f 833 1881 1900
f 499 1509 1881
f 1296 1508 85
f 1492 934 936
f 1360 528 1916
f 1050 2068 1946
f 2032 500 237
f 1971 1852 2080
f 1852 1692 2080
f 336 105 102
f 336 335 105
f 281 1736 667
f 1736 1889 667
f 1736 1556 1888
f 1091 1814 1934
f 1814 1551 1934
f 487 1426 365
f 1426 366 365
f 1095 1334 721
f 1757 1646 964
f 1700 1553 86
f 506 2082 507
f 1193 1864 814
f 1267 2018 1864
f 2018 1554 1864
f 824 2018 1267
f 814 1864 1554
f 859 1634 860
f 860 1634 729
f 2083 1341 2029
f 1793 665 1279
f 1341 2083 895
f 2083 664 895
f 2083 2029 1013
f 2083 1013 1667
f 1013 1012 1667
f 1667 664 2083
f 1666 1230 665
f 1118 1951 317
f 1783 1951 1562
f 283 1680 284
f 1680 1682 284
f 1826 1393 1188
f 658 628 929
f 50 2075 1421
f 1477 2054 2075
f 1544 2081 1151
f 1216 330 1636
f 1832 479 627
f 954 1337 966
f 954 1331 1337
f 1331 954 849
f 1032 1498 546
f 631 737 1644
f 576 2084 632
f 2084 2013 632
f 576 2013 2084
f 852 1058 244
f 484 1086 228
f 520 1239 1298
f 1037 1494 1137
f 1900 1509 1508
f 1881 1509 1900
f 622 40 1931
f 1581 1851 1850
f 485 487 365
f 1894 1592 2058
f 1592 874 2058
f 171 710 172
f 710 1490 172
f 1703 1497 1490
f 1497 1798 1490
f 260 1266 1265
f 1708 1503 351
f 332 1796 330
f 190 1997 2074
f 1997 2006 2074
f 739 1368 707
f 1834 1625 1199
f 1114 2033 2047
f 2072 1986 2048
f 1986 1486 2048
f 2048 2042 2047
f 534 223 525
f 1523 731 1472
f 1441 1435 1170
f 1709 1738 1894
f 1738 1592 1894
f 1344 1559 310
f 700 1738 1709
f 1768 970 971
f 1307 1778 1021
f 572 571 1039
f 171 616 710
f 497 1009 794
f 1065 1137 1494
f 622 621 40
f 1805 1804 1575
f 1750 1575 1804
f 873 1649 1465
f 873 354 353
f 873 681 1649
f 731 827 610
f 548 2021 550
f 1913 573 572
f 1707 1792 1955
f 472 1158 1952
f 1259 1158 337
f 1952 537 472
f 1953 1850 2027
f 705 18 1605
f 1885 1988 1423
f 1988 1606 1423
f 391 1960 704
f 561 1669 232
f 1669 324 232
f 1844 267 400
f 234 160 1077
f 91 1443 1027
f 1237 1692 1235
f 2080 1692 1237
f 216 2080 1237
f 1480 1941 124
f 1480 644 1941
f 1684 1362 1964
f 1362 1361 1964
f 1547 1098 1546
f 1098 784 1546
f 2075 50 1475
f 2075 2054 1421
f 231 1318 717
f 1896 1917 1876
f 1917 2077 1876
f 1764 1876 2077
f 1381 853 329
f 44 5 45
f 1877 1627 638
f 1492 936 2068
f 936 1946 2068
f 1492 2068 1493
f 997 2085 1988
f 2085 1605 1988
f 309 311 997
f 311 2086 997
f 1214 705 311
f 705 2086 311
f 1605 2086 705
f 2085 2086 1605
f 997 2086 2085
f 1724 225 66
f 521 333 334
f 2034 1228 464
f 249 1820 1819
f 1800 1933 1787
f 1787 1933 1745
f 249 248 1155
f 1190 1358 2074
f 1263 84 1623
f 1263 1478 1264
f 1478 1479 1264
f 1221 1222 1430
f 1629 1574 1419
f 1901 903 1824
f 92 1547 1548
f 1351 1146 1481
f 1617 1616 692
f 1617 692 585
f 1954 1573 108
f 1790 834 1791
f 1791 834 342
f 1627 1016 638
f 1824 572 1825
f 1825 572 306
f 1616 2024 692
f 1616 552 2024
f 783 1715 286
f 1468 1870 1293
f 1467 1910 1468
f 90 322 1443
f 958 397 2039
f 2035 1920 1391
f 79 616 432
f 684 2038 1981
f 1051 583 2059
f 2046 1530 583
f 1530 2059 583
f 1925 457 1252
f 457 916 1252
f 958 2022 397
f 485 365 1106
f 945 795 104
f 795 1217 104
f 1983 1496 1244
f 780 1983 1244
f 2065 353 748
f 882 884 1149
f 884 1519 1149
f 1520 1519 1668
f 1668 1519 1918
f 1536 1939 1535
f 1888 872 1938
f 872 221 1938
f 221 1837 1938
f 964 1646 1831
f 1854 1686 678
f 1854 713 237
f 1508 1510 609
f 506 1510 2082
f 498 507 2082
f 498 2082 499
f 2082 1510 499
f 1556 82 218
f 281 757 1736
f 1121 623 622
f 1357 1368 192
f 313 1473 96
f 1473 1442 1834
f 40 2028 1931
f 723 581 583
f 723 583 1051
f 1895 1169 4
f 1169 1895 792
f 501 269 1733
f 291 2032 237
f 1100 1339 1101
f 1181 1362 2087
f 1362 2021 2087
f 1464 1182 1884
f 1182 2087 1884
f 1540 1884 2021
f 1884 2087 2021
f 1982 2011 1368
f 856 2011 1982
f 1549 742 642
f 2011 2012 191
f 1920 1771 1919
f 1919 1771 950
f 1182 1181 2087
f 1888 1556 872
f 774 1550 797
f 845 1522 1753
f 440 442 1694
f 1957 1064 1063
f 1063 569 570
f 2073 2078 1635
f 2078 1482 1635
f 2021 548 1540
f 1361 1505 1964
f 181 182 1162
f 258 260 993
f 1799 2088 1457
f 1920 1944 1391
f 1944 1273 1391
f 1873 572 1657
f 2071 1137 1136
f 345 347 2071
f 347 1137 2071
f 1136 1065 1651
f 1966 2039 557
f 2039 1929 557
f 1192 1183 132
f 546 339 1088
f 132 718 1192
f 1088 1863 1557
f 1558 593 592
f 1131 1132 1770
f 391 2089 1960
f 2089 391 1233
f 1898 2089 1233
f 1960 2089 1898
f 1016 244 1058
f 1407 1252 1250
f 1123 2079 115
f 1698 181 331
f 770 962 1110
f 761 1994 1067
f 1035 1809 1994
f 1299 520 1298
f 771 1298 1239
f 1330 1504 464
f 957 2090 202
f 2090 1530 202
f 1616 1761 552
f 552 1761 1869
f 2069 1837 1877
f 1616 1615 1761
f 192 1368 191
f 1368 2011 191
f 938 940 380
f 1383 1382 1994
f 1382 1067 1994
f 856 1891 2011
f 1675 1744 107
f 1571 460 459
f 1743 2091 762
f 762 2091 541
f 1743 1741 2091
f 541 2091 1742
f 1945 1742 2091
f 1945 1740 1742
f 1945 2091 1741
f 2051 2017 2050
f 2052 488 489
f 2050 2017 37
f 2052 489 2017
f 1837 1838 1877
f 2028 1527 2066
f 846 1527 597
f 40 595 2028
f 1931 2066 789
f 1931 2028 2066
f 1350 2092 289
f 1636 1109 1108
f 1109 414 1107
f 1373 913 919
f 919 759 1488
f 1354 1595 1028
f 1703 1491 1904
f 1904 1491 250
f 1823 607 453
f 329 340 1380
f 672 2035 1391
f 1058 852 224
f 1243 1701 1898
f 2073 1635 1986
f 2073 2033 2078
f 1595 1719 1596
f 1535 1939 1637
f 1637 1813 1535
f 1813 405 1535
f 1285 1869 2010
f 1286 1869 1285
f 1367 1869 1286
f 1712 1714 2012
f 2012 1714 191
f 1714 517 191
f 2093 428 426
f 2093 426 1374
f 2093 1374 571
f 981 2050 225
f 1533 1535 405
f 1154 2031 736
f 1328 1972 1455
f 1972 2094 1455
f 1972 1943 2094
f 2094 1943 1942
f 1455 2094 376
f 2094 1942 376
f 44 46 299
f 1956 1657 903
f 500 1956 252
f 389 1753 1481
f 1351 1481 2095
f 1651 1022 1136
f 1624 1625 1203
f 1203 1625 1834
f 1666 95 1230
f 666 772 664
f 364 759 365
f 466 1725 66
f 1806 538 537
f 1124 1112 943
f 250 396 251
f 250 1093 396
f 2039 863 958
f 1346 2039 1966
f 1346 1966 1345
f 1346 863 2039
f 14 1174 955
f 1839 1831 1438
f 1457 2088 1839
f 202 1530 637
f 1530 2060 2059
f 1259 337 836
f 1641 1723 1765
f 1603 1641 1705
f 1641 1765 1705
f 170 1766 322
f 1705 1766 170
f 256 1705 170
f 256 1604 1705
f 1228 994 182
f 181 1698 1114
f 335 336 215
f 1092 39 621
f 1162 182 413
f 803 1338 1401
f 458 460 948
f 355 357 1861
f 1827 1079 1594
f 1079 246 1594
f 1394 1168 1247
f 1827 1861 1079
f 461 1861 1827
f 463 821 1861
f 821 1394 1861
f 461 463 1861
f 1532 1028 1750
f 791 633 1990
f 633 635 1990
f 635 1991 1990
f 1905 1991 635
f 1940 1991 1905
f 1379 1906 635
f 1906 1905 635
f 634 1379 635
f 1905 1399 318
f 1940 318 116
f 1940 1905 318
f 948 1832 627
f 751 1724 1725
f 941 1112 367
f 89 2095 1481
f 91 437 790
f 437 439 790
f 677 790 439
f 1182 1463 1180
f 1463 1245 1180
f 1984 1361 1181
f 1180 1361 1984
f 2068 1049 2060
f 957 1493 2090
f 2090 2060 1530
f 1493 2068 2090
f 2068 2060 2090
f 1920 2035 1771
f 1944 1272 1273
f 923 1025 1537
f 1025 1624 1537
f 1691 1690 1976
f 1598 1976 1690
f 2069 1938 1837
f 930 628 1390
f 2007 1553 1718
f 1553 1699 1718
f 1398 928 1445
f 2004 1419 1421
f 2004 1421 2005
f 2096 406 1419
f 2065 438 353
f 156 59 709
f 1417 694 59
f 156 1046 1417
f 478 2097 476
f 2097 2045 476
f 289 2092 1148
f 1150 1148 2092
f 1081 903 608
f 1035 183 1937
f 55 1732 56
f 1496 1593 1310
f 156 709 1636
f 1107 413 1108
f 701 1709 1674
f 1214 1893 2058
f 1893 1894 2058
f 706 2058 874
f 1812 1678 1626
f 1132 1812 1626
f 500 1657 1956
f 618 252 1956
f 1657 1824 903
f 1016 1058 1043
f 852 244 1102
f 99 984 2003
f 612 1472 731
f 612 731 732
f 827 731 232
f 2069 2057 902
f 2057 1972 902
f 2069 902 1938
f 902 1889 1938
f 1975 1962 1937
f 1941 1937 124
f 1975 1937 107
f 2077 1917 1918
f 936 935 236
f 2066 1062 789
f 1682 1247 1737
f 1682 1737 284
f 1728 1130 2098
f 1728 2098 602
f 602 2098 1129
f 1130 1129 2098
f 1966 557 1171
f 557 1172 1171
f 1643 305 181
f 1007 1643 1114
f 1622 1409 279
f 810 2099 1842
f 1395 1842 2099
f 1144 1395 2099
f 1144 2099 810
f 407 746 1114
f 331 181 332
f 1490 1491 1703
f 935 1173 1459
f 935 934 1173
f 862 1171 1492
f 1171 1173 1492
f 862 864 1171
f 934 1492 1173
f 30 523 31
f 1504 1046 464
f 1854 678 208
f 1321 652 654
f 1103 1713 2100
f 1883 1660 1661
f 1776 859 860
f 134 868 334
f 604 135 136
f 333 760 136
f 760 604 136
f 333 136 134
f 133 868 134
f 1951 1512 915
f 317 1951 915
f 1562 1951 1863
f 1951 2101 1863
f 1118 2101 1951
f 1118 1031 2101
f 1863 2101 1031
f 1617 1760 1615
f 585 1760 1617
f 796 1488 759
f 522 900 662
f 662 900 769
f 900 899 1996
f 769 900 1996
f 662 769 1169
f 1352 89 88
f 190 189 1958
f 516 1958 189
f 655 1957 142
f 142 1957 570
f 681 2045 2097
f 1448 2076 406
f 406 2076 938
f 1302 2056 1448
f 1302 1335 2056
f 224 852 223
f 107 644 701
f 554 752 555
f 2009 1286 1285
f 1521 845 2009
f 2102 1484 694
f 2102 694 1417
f 2102 1417 1485
f 1484 2102 1485
f 1074 239 1075
f 413 1107 414
f 105 106 1708
f 1429 1503 2103
f 2103 3 2
f 2103 1503 66
f 66 1503 466
f 66 3 2103
f 1364 1429 2
f 2 1429 2103
f 636 1678 4
f 426 308 307
f 2093 571 573
f 291 428 573
f 573 1913 2032
f 428 2093 573
f 2032 291 573
f 2104 1752 1601
f 1752 2104 1849
f 2104 1967 1849
f 1601 1404 2104
f 1404 1967 2104
f 1392 871 294
f 406 1629 1419
f 2096 2004 406
f 2096 1419 2004
f 1427 380 940
f 1036 1427 1809
f 1823 579 251
f 1823 453 579
f 1123 1071 1122
f 1035 1937 1962
f 751 1725 466
f 1882 25 159
f 1882 159 542
f 1151 2105 1544
f 2105 1047 1542
f 1542 1544 2105
f 2105 155 1047
f 2105 1151 155
f 1712 2100 1713
f 1333 1883 2100
f 1883 1661 2100
f 1103 2100 1614
f 2100 1661 1614
f 857 1333 858
f 1333 2100 858
f 1891 858 1712
f 858 2100 1712
f 2007 1718 832
f 1875 1145 211
f 1350 1150 2092
f 854 855 2051
f 855 2017 2051
f 854 2051 946
f 225 37 65
f 37 1466 1059
f 97 2106 1253
f 1612 108 107
f 108 1612 1954
f 738 744 647
f 704 736 2031
f 704 2031 489
f 896 897 814
f 1024 1309 1308
f 1779 1309 1840
f 148 584 2061
f 582 2061 584
f 2088 1560 1839
f 1704 1560 1799
f 1560 2088 1799
f 2008 522 1451
f 1701 1681 1770
f 1681 1680 1770
f 1701 1770 1899
f 735 704 2107
f 704 1960 2107
f 1960 1899 2107
f 735 2107 1769
f 2107 1899 1769
f 1761 1995 1869
f 1687 1761 1760
f 1869 1995 2010
f 2010 1995 1687
f 526 1207 243
f 673 675 1264
f 1635 1482 1262
f 1635 675 1986
f 592 11 2020
f 2020 11 1947
f 11 1584 1947
f 1303 1947 1584
f 2049 1558 2108
f 1709 2049 2108
f 1674 1709 2020
f 1709 2108 2020
f 592 2020 1558
f 2020 2108 1558
f 1611 2020 1947
f 1533 404 1534
f 404 2109 1534
f 404 1537 2109
f 1536 1642 568
f 1536 568 1939
f 1534 2062 1203
f 1534 2109 2062
f 2109 1537 2062
f 1537 1624 2062
f 1872 233 328
f 1872 1415 233
f 2110 1291 1903
f 1291 1902 1903
f 1903 1872 2110
f 1872 327 2110
f 327 1291 2110
f 478 1924 2097
f 2097 1924 681
f 162 839 2111
f 839 2045 2111
f 1027 162 2111
f 1027 2111 1119
f 2111 2045 1119
f 1082 651 650
f 55 57 1375
f 1352 1351 89
f 1351 2095 89
f 932 88 87
f 932 1619 88
f 1034 2081 2018
f 1555 2018 2081
f 1194 2001 1193
f 1193 2001 1727
f 783 784 1715
f 784 1099 1715
f 1099 2053 1715
f 1716 185 1327
f 727 2053 1099
f 1932 749 685
f 96 2106 97
f 2106 96 1473
f 2106 1473 1257
f 1253 2106 1257
f 320 402 568
f 320 1043 402
f 269 500 252
f 1407 1250 1249
f 1249 1805 1407
f 251 1703 250
f 225 2050 37
f 2009 845 1286
f 16 1208 1278
f 1238 893 772
f 259 366 1266
f 1830 1646 354
f 547 463 131
f 218 82 975
f 1457 1438 292
f 1280 645 1281
f 1468 1293 930
f 1155 1820 249
f 1228 875 994
f 1190 707 1358
