v -0.05943435226248943 -0.14581022727272727 -0.1047693484848485
v -0.04918490909090905 -0.14581022727272727 -0.11952352915444817
v -0.04918490909090905 -0.15341191302960155 -0.1047693484848485
v -0.04918490909090905 -0.14581022727272727 -0.09000817658196986
v -0.03825492929292924 -0.14581022727272727 -0.11681097704915369
v -0.03825492929292924 -0.148532603397391 -0.1047693484848485
v -0.03825492929292924 -0.14581022727272727 -0.09270496027291379
v -0.02732494949494943 -0.14581022727272727 -0.11743011671440458
v -0.02732494949494943 -0.14610397667870803 -0.1047693484848485
v -0.02732494949494943 -0.14581022727272727 -0.09225042946361225
v -0.016394969696969682 -0.14581022727272727 -0.11517369356753338
v -0.016394969696969682 -0.15015650670157846 -0.1047693484848485
v -0.016394969696969682 -0.14581022727272727 -0.09550133555260955
v -0.012943964616162066 -0.14581022727272727 -0.17973591414141415
v -0.005464989898989875 -0.14581022727272727 -0.19076801924782388
v -0.005464989898989875 -0.14783546153230284 -0.17973591414141415
v -0.014260435519961255 -0.14581022727272727 -0.16474260101010102
v -0.005464989898989875 -0.14854067219037875 -0.16474260101010102
v -0.0116567928565022 -0.14581022727272727 -0.14974928787878786
v -0.005464989898989875 -0.14784355590664258 -0.14974928787878786
v -0.013464835688360316 -0.14581022727272727 -0.13475597474747472
v -0.005464989898989875 -0.14877676137975876 -0.13475597474747472
v -0.010541639885413477 -0.14581022727272727 -0.11976266161616156
v -0.005464989898989875 -0.14766040578657902 -0.11976266161616156
v -0.005464989898989875 -0.1528247340515913 -0.1047693484848485
v -0.012604484275403905 -0.14581022727272727 -0.08977603535353536
v -0.005464989898989875 -0.14786868885537455 -0.08977603535353536
v -0.005464989898989875 -0.14581022727272727 -0.08645540982547997
v 0.0054649898989899345 -0.14581022727272727 -0.19074288048050547
v 0.0054649898989899345 -0.14783077425234373 -0.17973591414141415
v 0.0054649898989899345 -0.14853796767483154 -0.16474260101010102
v 0.0054649898989899345 -0.14783512815475727 -0.14974928787878786
v 0.0054649898989899345 -0.14876965247811597 -0.13475597474747472
v 0.0054649898989899345 -0.1477209474912972 -0.11976266161616156
v 0.0054649898989899345 -0.15365690303437174 -0.1047693484848485
v 0.0054649898989899345 -0.1479090192543522 -0.08977603535353536
v 0.0054649898989899345 -0.14581022727272727 -0.08638951640159162
v 0.012906001984122952 -0.14581022727272727 -0.17973591414141415
v 0.014235634384664032 -0.14581022727272727 -0.16474260101010102
v 0.011624364300291061 -0.14581022727272727 -0.14974928787878786
v 0.01342227075427074 -0.14581022727272727 -0.13475597474747472
v 0.01069902036096183 -0.14581022727272727 -0.11976266161616156
v 0.016394969696969804 -0.14581022727272727 -0.11609004056326533
v 0.016394969696969804 -0.15216281217665448 -0.1047693484848485
v 0.01291049538737031 -0.14581022727272727 -0.08977603535353536
v 0.016394969696969804 -0.14581022727272727 -0.09417604416901644
v 0.02732494949494955 -0.14581022727272727 -0.11700139731865056
v 0.02732494949494955 -0.14611188289570498 -0.1047693484848485
v 0.02732494949494955 -0.14581022727272727 -0.09264383519342533
v 0.0382549292929293 -0.14581022727272727 -0.11737031003938853
v 0.0382549292929293 -0.148668415201142 -0.1047693484848485
v 0.0382549292929293 -0.14581022727272727 -0.09211278343342058
v 0.04918490909090917 -0.14581022727272727 -0.11947926332931551
v 0.04918490909090917 -0.1533773094531697 -0.1047693484848485
v 0.04918490909090917 -0.14581022727272727 -0.09005136378006998
v 0.05943726468143123 -0.14581022727272727 -0.1047693484848485
v -0.2139288855899991 -0.1378344090909091 -0.0148094696969697
v -0.21313460606060605 -0.1378344090909091 -0.0159931622323475
v -0.21313460606060605 -0.13854751403132634 -0.0148094696969697
v -0.21835140215545634 -0.1378344090909091 0.000183843434343447
v -0.21313460606060605 -0.1428770832433714 0.000183843434343447
v -0.21578311906911402 -0.1378344090909091 0.015177156565656593
v -0.21313460606060605 -0.13975621571599456 0.015177156565656593
v -0.21313460606060605 -0.1378344090909091 0.01841052078266918
v -0.21068504722826886 -0.1378344090909091 -0.0148094696969697
v -0.20276281403199622 -0.1378344090909091 0.000183843434343447
v -0.2086384666224655 -0.1378344090909091 0.015177156565656593
v -0.07039905944379792 -0.1378344090909091 -0.17973591414141415
v -0.06011488888888886 -0.1378344090909091 -0.19390046844218806
v -0.06011488888888886 -0.14481450924863248 -0.17973591414141415
v -0.06011488888888886 -0.1378344090909091 -0.16478402727564878
v -0.06722480217229358 -0.1378344090909091 -0.14974928787878786
v -0.06011488888888886 -0.1378344090909091 -0.16424032177913936
v -0.06011488888888886 -0.14073594945538298 -0.14974928787878786
v -0.06011488888888886 -0.1378344090909091 -0.13796558942442422
v -0.06334077187424964 -0.1378344090909091 -0.1047693484848485
v -0.06011488888888886 -0.1378344090909091 -0.11074904986561408
v -0.06011488888888886 -0.1389397763929322 -0.1047693484848485
v -0.06011488888888886 -0.1378344090909091 -0.10045595360387682
v -0.04968731121595652 -0.1378344090909091 -0.20972254040404037
v -0.04918490909090905 -0.1378344090909091 -0.21021494641972324
v -0.04918490909090905 -0.13834097459196854 -0.20972254040404037
v -0.04918490909090905 -0.1378344090909091 -0.20466014124049048
v -0.04935802722385486 -0.1378344090909091 -0.17973591414141415
v -0.05078955837851165 -0.1378344090909091 -0.14974928787878786
v -0.04918490909090905 -0.1378344090909091 -0.11505701982122497
v -0.04918490909090905 -0.1378344090909091 -0.09521670393479684
v -0.0465429732520389 -0.1378344090909091 -0.20972254040404037
v -0.03825492929292924 -0.1378344090909091 -0.11539784057659537
v -0.03825492929292924 -0.1378344090909091 -0.09496262078827296
v -0.02732494949494943 -0.1378344090909091 -0.11804712179451865
v -0.02732494949494943 -0.1378344090909091 -0.09281296581224303
v -0.017768185857132114 -0.1378344090909091 -0.17973591414141415
v -0.016394969696969682 -0.1378344090909091 -0.1846247451803005
v -0.016394969696969682 -0.13846680976812 -0.17973591414141415
v -0.019250638177924523 -0.1378344090909091 -0.16474260101010102
v -0.016394969696969682 -0.13945552325755511 -0.16474260101010102
v -0.016394969696969682 -0.1378344090909091 -0.15042247877418158
v -0.021368853364361826 -0.1378344090909091 -0.11976266161616156
v -0.016394969696969682 -0.1378344090909091 -0.12745151334071972
v -0.016394969696969682 -0.13928979419477122 -0.11976266161616156
v -0.020304880194770746 -0.1378344090909091 -0.08977603535353536
v -0.016394969696969682 -0.13921291375307202 -0.08977603535353536
v -0.016394969696969682 -0.1378344090909091 -0.08746310565896734
v -0.011443357788575203 -0.1378344090909091 -0.25470247979797983
v -0.005464989898989875 -0.1378344090909091 -0.2593092795551163
v -0.005464989898989875 -0.139649914336354 -0.25470247979797983
v -0.013990720177458235 -0.1378344090909091 -0.23970916666666667
v -0.005464989898989875 -0.140531578021752 -0.23970916666666667
v -0.013245762884200643 -0.1378344090909091 -0.2247158535353535
v -0.005464989898989875 -0.14026584539815604 -0.2247158535353535
v -0.01285758588167373 -0.1378344090909091 -0.20972254040404037
v -0.005464989898989875 -0.14025681976297 -0.20972254040404037
v -0.015387832393329595 -0.1378344090909091 -0.1947292272727273
v -0.005464989898989875 -0.14335887599546362 -0.1947292272727273
v -0.01631027579037665 -0.1378344090909091 -0.14974928787878786
v -0.01518907030705056 -0.1378344090909091 -0.13475597474747472
v -0.013450982703662028 -0.1378344090909091 -0.07478272222222221
v -0.005464989898989875 -0.14038203531120003 -0.07478272222222221
v -0.005464989898989875 -0.1378344090909091 -0.06768963495967234
v 0.0054649898989899345 -0.1378344090909091 -0.2595213220504766
v 0.0054649898989899345 -0.1397687181385869 -0.25470247979797983
v 0.0054649898989899345 -0.14051726525111508 -0.23970916666666667
v 0.0054649898989899345 -0.14021558655706343 -0.2247158535353535
v 0.0054649898989899345 -0.1401875432011095 -0.20972254040404037
v 0.0054649898989899345 -0.14334206385313952 -0.1947292272727273
v 0.0054649898989899345 -0.1404631200329294 -0.07478272222222221
v 0.0054649898989899345 -0.1378344090909091 -0.06750476503996565
v 0.011835777246797831 -0.1378344090909091 -0.25470247979797983
v 0.013906268137619662 -0.1378344090909091 -0.23970916666666667
v 0.012981700294611133 -0.1378344090909091 -0.2247158535353535
v 0.012399897468486541 -0.1378344090909091 -0.20972254040404037
v 0.01517061703965231 -0.1378344090909091 -0.1947292272727273
v 0.016394969696969804 -0.1378344090909091 -0.18335937143085065
v 0.016394969696969804 -0.13835125980748234 -0.17973591414141415
v 0.016394969696969804 -0.13936652162391688 -0.16474260101010102
v 0.016278332510642646 -0.1378344090909091 -0.14974928787878786
v 0.016394969696969804 -0.1378344090909091 -0.15071066485771306
v 0.014928771612200683 -0.1378344090909091 -0.13475597474747472
v 0.016394969696969804 -0.1378344090909091 -0.12674472089819563
v 0.016394969696969804 -0.1393393871078149 -0.11976266161616156
v 0.016394969696969804 -0.13955176532981303 -0.08977603535353536
v 0.01358265601023796 -0.1378344090909091 -0.07478272222222221
v 0.016394969696969804 -0.1378344090909091 -0.08707233393289943
v 0.01749501766908687 -0.1378344090909091 -0.17973591414141415
v 0.019063285348271158 -0.1378344090909091 -0.16474260101010102
v 0.020740622662514654 -0.1378344090909091 -0.11976266161616156
v 0.02732494949494955 -0.1378344090909091 -0.11751450183467343
v 0.020922184257047102 -0.1378344090909091 -0.08977603535353536
v 0.02732494949494955 -0.1378344090909091 -0.09276236878720734
v 0.0382549292929293 -0.1378344090909091 -0.11540766708138617
v 0.0382549292929293 -0.1378344090909091 -0.09476995799337024
v 0.04539575597562171 -0.1378344090909091 -0.20972254040404037
v 0.04918490909090917 -0.1378344090909091 -0.21077096343981536
v 0.04918490909090917 -0.13870556935235104 -0.20972254040404037
v 0.04918490909090917 -0.1378344090909091 -0.20367949847090103
v 0.04918490909090917 -0.1378344090909091 -0.11427427571322135
v 0.04918490909090917 -0.1378344090909091 -0.0960327452333285
v 0.0500025120609144 -0.1378344090909091 -0.20972254040404037
v 0.04935709594274273 -0.1378344090909091 -0.17973591414141415
v 0.06011488888888892 -0.1378344090909091 -0.1939560162168798
v 0.06011488888888892 -0.1448647505222363 -0.17973591414141415
v 0.06011488888888892 -0.1378344090909091 -0.16478378269653948
v 0.0507879382682485 -0.1378344090909091 -0.14974928787878786
v 0.06011488888888892 -0.1378344090909091 -0.16419594948822044
v 0.06011488888888892 -0.14065580331286767 -0.14974928787878786
v 0.06011488888888892 -0.1378344090909091 -0.13754645780856373
v 0.06011488888888892 -0.1378344090909091 -0.11161962784367871
v 0.06011488888888892 -0.13928802772024887 -0.1047693484848485
v 0.06011488888888892 -0.1378344090909091 -0.09967063891091892
v 0.07043097776542118 -0.1378344090909091 -0.17973591414141415
v 0.06712095768544242 -0.1378344090909091 -0.14974928787878786
v 0.06230116445432809 -0.1378344090909091 -0.1047693484848485
v 0.20962055363351412 -0.1378344090909091 -0.0148094696969697
v 0.2131346060606061 -0.1378344090909091 -0.016406776191418452
v 0.2131346060606061 -0.13902177969743676 -0.0148094696969697
v 0.20291006196025874 -0.1378344090909091 0.000183843434343447
v 0.2131346060606061 -0.1428801663288602 0.000183843434343447
v 0.20845362818989996 -0.1378344090909091 0.015177156565656593
v 0.2131346060606061 -0.13985491072460451 0.015177156565656593
v 0.2131346060606061 -0.1378344090909091 0.018657326865363033
v 0.21462552069463053 -0.1378344090909091 -0.0148094696969697
v 0.21839115417985117 -0.1378344090909091 0.000183843434343447
v 0.21575664126331978 -0.1378344090909091 0.015177156565656593
v -0.22003916652199085 -0.1298585909090909 -0.0148094696969697
v -0.21313460606060605 -0.1298585909090909 -0.021157941772258368
v -0.22146024409811796 -0.1298585909090909 0.000183843434343447
v -0.22251459778396454 -0.1298585909090909 0.015177156565656593
v -0.21313460606060605 -0.1298585909090909 0.02422110820944232
v -0.20220462626262625 -0.1298585909090909 -0.018093281461425272
v -0.20220462626262625 -0.13485257681902796 -0.0148094696969697
v -0.20220462626262625 -0.13557876693141238 0.000183843434343447
v -0.20220462626262625 -0.13407834070305272 0.015177156565656593
v -0.20220462626262625 -0.1298585909090909 0.017954078691900095
v -0.19428977541479517 -0.1298585909090909 -0.0148094696969697
v -0.19606153554618164 -0.1298585909090909 0.000183843434343447
v -0.19587224266352682 -0.1298585909090909 0.015177156565656593
v -0.07495441270348777 -0.1298585909090909 -0.14974928787878786
v -0.07104486868686867 -0.1298585909090909 -0.15999818543671296
v -0.07104486868686867 -0.1327331512201861 -0.14974928787878786
v -0.07328120888946685 -0.1298585909090909 -0.13475597474747472
v -0.07104486868686867 -0.13099678284125504 -0.13475597474747472
v -0.07104486868686867 -0.1298585909090909 -0.1269859751816708
v -0.07220048716457572 -0.1298585909090909 -0.1047693484848485
v -0.07104486868686867 -0.1298585909090909 -0.11558664591229682
v -0.07104486868686867 -0.13210373026010408 -0.1047693484848485
v -0.07104486868686867 -0.1298585909090909 -0.09720651049520826
v -0.060160100696464734 -0.1298585909090909 -0.20972254040404037
v -0.06011488888888886 -0.1298585909090909 -0.2097968632777285
v -0.06011488888888886 -0.1298735471900597 -0.20972254040404037
v -0.0641051329172104 -0.1298585909090909 -0.1947292272727273
v -0.06011488888888886 -0.13217298313803993 -0.1947292272727273
v -0.06632770180208547 -0.1298585909090909 -0.17973591414141415
v -0.06843353411226112 -0.1298585909090909 -0.16474260101010102
v -0.06011488888888886 -0.1372598250379108 -0.16474260101010102
v -0.06011488888888886 -0.13524270466065774 -0.13475597474747472
v -0.06694703974008352 -0.1298585909090909 -0.11976266161616156
v -0.06011488888888886 -0.13213544011573802 -0.11976266161616156
v -0.06603798713103548 -0.1298585909090909 -0.08977603535353536
v -0.06011488888888886 -0.13229261719617183 -0.08977603535353536
v -0.06011488888888886 -0.1298585909090909 -0.08729120591393945
v -0.05728690127275034 -0.1298585909090909 -0.2247158535353535
v -0.04918490909090905 -0.1298585909090909 -0.23720489715645116
v -0.04918490909090905 -0.1333064856490253 -0.2247158535353535
v -0.04918490909090905 -0.13511090778800466 -0.1947292272727273
v -0.04918490909090905 -0.13303842913701114 -0.17973591414141415
v -0.04918490909090905 -0.13208106788857168 -0.16474260101010102
v -0.04918490909090905 -0.13331413043683835 -0.14974928787878786
v -0.04918490909090905 -0.13062412550190627 -0.13475597474747472
v -0.04918490909090905 -0.13069279148415322 -0.11976266161616156
v -0.04972455168422323 -0.1298585909090909 -0.08977603535353536
v -0.04918490909090905 -0.1298585909090909 -0.09118713179825488
v -0.041639321620914535 -0.1298585909090909 -0.23970916666666667
v -0.03825492929292924 -0.1298585909090909 -0.24439112387841339
v -0.03825492929292924 -0.13138781940417193 -0.23970916666666667
v -0.03825492929292924 -0.13387033054122566 -0.2247158535353535
v -0.03825492929292924 -0.13133327125476926 -0.20972254040404037
v -0.038596141521644006 -0.1298585909090909 -0.1947292272727273
v -0.03825492929292924 -0.1298585909090909 -0.19692213675558948
v -0.0411035461846108 -0.1298585909090909 -0.17973591414141415
v -0.042318998926712065 -0.1298585909090909 -0.16474260101010102
v -0.041205162455021774 -0.1298585909090909 -0.14974928787878786
v -0.045291269573221854 -0.1298585909090909 -0.13475597474747472
v -0.03825492929292924 -0.1298585909090909 -0.12411440784160047
v -0.03825492929292924 -0.13118250734240802 -0.11976266161616156
v -0.03825492929292924 -0.1298585909090909 -0.09137155542115218
v -0.028399716734407 -0.1298585909090909 -0.25470247979797983
v -0.02732494949494943 -0.1298585909090909 -0.25562619575893203
v -0.02732494949494943 -0.13043650072110713 -0.25470247979797983
v -0.03003789648302669 -0.1298585909090909 -0.23970916666666667
v -0.02732494949494943 -0.1298585909090909 -0.2483885533980506
v -0.02783240487893928 -0.1298585909090909 -0.2247158535353535
v -0.031480405043324285 -0.1298585909090909 -0.20972254040404037
v -0.02732494949494943 -0.1298585909090909 -0.12909321843741883
v -0.02732494949494943 -0.13439174774841722 -0.11976266161616156
v -0.0328035813627023 -0.1298585909090909 -0.08977603535353536
v -0.02732494949494943 -0.1315711522403591 -0.08977603535353536
v -0.02732494949494943 -0.1298585909090909 -0.08829770662413568
v -0.016394969696969682 -0.1298585909090909 -0.2580476617854961
v -0.016394969696969682 -0.13239736234963762 -0.25470247979797983
v -0.022899708718411804 -0.1298585909090909 -0.23970916666666667
v -0.016394969696969682 -0.1319973980978394 -0.23970916666666667
v -0.024773809731650782 -0.1298585909090909 -0.2247158535353535
v -0.016394969696969682 -0.13163926977823598 -0.2247158535353535
v -0.02245271778156495 -0.1298585909090909 -0.20972254040404037
v -0.016394969696969682 -0.13174681168984745 -0.20972254040404037
v -0.024360275970450606 -0.1298585909090909 -0.1947292272727273
v -0.016394969696969682 -0.1349794935766095 -0.1947292272727273
v -0.025677361348686787 -0.1298585909090909 -0.17973591414141415
v -0.025944084278808427 -0.1298585909090909 -0.16474260101010102
v -0.024122557097526455 -0.1298585909090909 -0.14974928787878786
v -0.016394969696969682 -0.13757065014293118 -0.14974928787878786
v -0.023607579418270824 -0.1298585909090909 -0.13475597474747472
v -0.016394969696969682 -0.13513480671647474 -0.13475597474747472
v -0.016394969696969682 -0.1298585909090909 -0.0768807077154884
v -0.005464989898989875 -0.1298585909090909 -0.26243025982720136
v -0.015876566561028482 -0.1298585909090909 -0.07478272222222221
v -0.009066813910620478 -0.1298585909090909 -0.05978940909090906
v -0.005464989898989875 -0.13131942831961607 -0.05978940909090906
v -0.005464989898989875 -0.1298585909090909 -0.05802713527339977
v 0.0054649898989899345 -0.1298585909090909 -0.26266224904488694
v 0.0054649898989899345 -0.13131920441185763 -0.05978940909090906
v 0.0054649898989899345 -0.1298585909090909 -0.05804043697933021
v 0.016394969696969804 -0.1298585909090909 -0.2589782423315169
v 0.016394969696969804 -0.1330089003990633 -0.25470247979797983
v 0.016394969696969804 -0.13179543185527526 -0.23970916666666667
v 0.016394969696969804 -0.13132461049040167 -0.2247158535353535
v 0.016394969696969804 -0.13131537901622828 -0.20972254040404037
v 0.016394969696969804 -0.13419820899616489 -0.1947292272727273
v 0.016394969696969804 -0.13744868756990017 -0.14974928787878786
v 0.016394969696969804 -0.13442070420227215 -0.13475597474747472
v 0.015957305758139195 -0.1298585909090909 -0.07478272222222221
v 0.016394969696969804 -0.1298585909090909 -0.07656613367383146
v 0.009070348054316512 -0.1298585909090909 -0.05978940909090906
v 0.02732494949494955 -0.1298585909090909 -0.2564073364567255
v 0.02732494949494955 -0.13091469675524822 -0.25470247979797983
v 0.021927095731688506 -0.1298585909090909 -0.23970916666666667
v 0.02732494949494955 -0.1298585909090909 -0.24696354635141562
v 0.021651440287103987 -0.1298585909090909 -0.2247158535353535
v 0.020671974172856954 -0.1298585909090909 -0.20972254040404037
v 0.02308996748402844 -0.1298585909090909 -0.1947292272727273
v 0.02460163333108544 -0.1298585909090909 -0.17973591414141415
v 0.025428303592317403 -0.1298585909090909 -0.16474260101010102
v 0.023951052877584207 -0.1298585909090909 -0.14974928787878786
v 0.023134623146920982 -0.1298585909090909 -0.13475597474747472
v 0.02732494949494955 -0.1298585909090909 -0.12868728374187952
v 0.02732494949494955 -0.13369187909085878 -0.11976266161616156
v 0.02732494949494955 -0.13150165296033864 -0.08977603535353536
v 0.02732494949494955 -0.1298585909090909 -0.08843981549102975
v 0.029204575447477496 -0.1298585909090909 -0.25470247979797983
v 0.030597756004187 -0.1298585909090909 -0.23970916666666667
v 0.0382549292929293 -0.1298585909090909 -0.2444012243764011
v 0.0382549292929293 -0.13137245530193886 -0.23970916666666667
v 0.029314177278367153 -0.1298585909090909 -0.2247158535353535
v 0.0382549292929293 -0.13282982284367972 -0.2247158535353535
v 0.03633980032468859 -0.1298585909090909 -0.20972254040404037
v 0.0382549292929293 -0.13018285315045797 -0.20972254040404037
v 0.0382549292929293 -0.1298585909090909 -0.20664494656061919
v 0.0382549292929293 -0.1298585909090909 -0.12292215998514638
v 0.0382549292929293 -0.1306794364630651 -0.11976266161616156
v 0.032221221810383505 -0.1298585909090909 -0.08977603535353536
v 0.0382549292929293 -0.1298585909090909 -0.09160966497375249
v 0.04177111005325675 -0.1298585909090909 -0.23970916666666667
v 0.04918490909090917 -0.1298585909090909 -0.23672113042421306
v 0.04918490909090917 -0.13311387616146556 -0.2247158535353535
v 0.04029796396413358 -0.1298585909090909 -0.1947292272727273
v 0.04918490909090917 -0.13365454180781383 -0.1947292272727273
v 0.04293718870207894 -0.1298585909090909 -0.17973591414141415
v 0.04918490909090917 -0.132204062654372 -0.17973591414141415
v 0.04274845277543566 -0.1298585909090909 -0.16474260101010102
v 0.04918490909090917 -0.13199249781046696 -0.16474260101010102
v 0.04080965757697368 -0.1298585909090909 -0.14974928787878786
v 0.04918490909090917 -0.13364040848046302 -0.14974928787878786
v 0.043262320237872944 -0.1298585909090909 -0.13475597474747472
v 0.04918490909090917 -0.13129370867973097 -0.13475597474747472
v 0.04918490909090917 -0.13024690855962592 -0.11976266161616156
v 0.04918490909090917 -0.1298585909090909 -0.09125753893506225
v 0.05664204588644 -0.1298585909090909 -0.2247158535353535
v 0.06011488888888892 -0.1298585909090909 -0.21094426376656755
v 0.06011488888888892 -0.13009569360816933 -0.20972254040404037
v 0.06011488888888892 -0.13112465054946654 -0.1947292272727273
v 0.06011488888888892 -0.13724527457163313 -0.16474260101010102
v 0.06011488888888892 -0.13618937575037376 -0.13475597474747472
v 0.06011488888888892 -0.13134136067591054 -0.11976266161616156
v 0.04973559423348114 -0.1298585909090909 -0.08977603535353536
v 0.06011488888888892 -0.13222912970533168 -0.08977603535353536
v 0.06011488888888892 -0.1298585909090909 -0.08778777632888764
v 0.060865609884002324 -0.1298585909090909 -0.20972254040404037
v 0.06227478222303657 -0.1298585909090909 -0.1947292272727273
v 0.06598576116529119 -0.1298585909090909 -0.17973591414141415
v 0.06843346912954894 -0.1298585909090909 -0.16474260101010102
v 0.07104486868686878 -0.1298585909090909 -0.160602779472881
v 0.07104486868686878 -0.13313495751275653 -0.14974928787878786
v 0.07104486868686878 -0.13181117216847016 -0.13475597474747472
v 0.06428679160730608 -0.1298585909090909 -0.11976266161616156
v 0.07104486868686878 -0.1298585909090909 -0.12532351847105877
v 0.07104486868686878 -0.1298585909090909 -0.1188434605045398
v 0.07104486868686878 -0.13486223388616322 -0.1047693484848485
v 0.06579215550285411 -0.1298585909090909 -0.08977603535353536
v 0.07104486868686878 -0.1298585909090909 -0.09129559721528868
v 0.07553082187264629 -0.1298585909090909 -0.14974928787878786
v 0.07506768197866602 -0.1298585909090909 -0.13475597474747472
v 0.07649911467258887 -0.1298585909090909 -0.1047693484848485
v 0.19448536757381438 -0.1298585909090909 -0.0148094696969697
v 0.20220462626262636 -0.1298585909090909 -0.01830466086982214
v 0.20220462626262636 -0.13502379442503504 -0.0148094696969697
v 0.19672701202544982 -0.1298585909090909 0.000183843434343447
v 0.20220462626262636 -0.13499988374088653 0.000183843434343447
v 0.1958896138313449 -0.1298585909090909 0.015177156565656593
v 0.20220462626262636 -0.1341174976108159 0.015177156565656593
v 0.20220462626262636 -0.1298585909090909 0.017824238801244834
v 0.2131346060606061 -0.1298585909090909 -0.021127829032983637
v 0.2131346060606061 -0.1298585909090909 0.02423917245331684
v 0.22092252599382545 -0.1298585909090909 -0.0148094696969697
v 0.22145372084332215 -0.1298585909090909 0.000183843434343447
v 0.22231313089289748 -0.1298585909090909 0.015177156565656593
v -0.21688759096323218 -0.12188277272727277 -0.0148094696969697
v -0.21313460606060605 -0.12188277272727277 -0.01767799158286753
v -0.2202949150318829 -0.12188277272727277 0.000183843434343447
v -0.2223847781031495 -0.12188277272727277 0.015177156565656593
v -0.21313460606060605 -0.12188277272727277 0.026321817341316105
v -0.20220462626262625 -0.12188277272727277 -0.020817381680824774
v -0.20220462626262625 -0.12188277272727277 0.026542101750226494
v -0.19127464646464645 -0.12188277272727277 -0.01738088340886631
v -0.19127464646464645 -0.1275519502753068 -0.0148094696969697
v -0.19127464646464645 -0.12237279943780477 0.000183843434343447
v -0.19127464646464645 -0.12548552675587402 0.015177156565656593
v -0.19127464646464645 -0.12188277272727277 0.01651273639725817
v -0.1822908666152052 -0.12188277272727277 -0.0148094696969697
v -0.19087593478809511 -0.12188277272727277 0.000183843434343447
v -0.18751674339163718 -0.12188277272727277 0.015177156565656593
v -0.0714297626605216 -0.12188277272727277 -0.14974928787878786
v -0.07104486868686867 -0.12188277272727277 -0.1513010011883464
v -0.07104486868686867 -0.12188277272727277 -0.14250908472538926
v -0.07104486868686867 -0.12281802492521134 -0.13475597474747472
v -0.07656918066957188 -0.12188277272727277 -0.1047693484848485
v -0.07104486868686867 -0.12188277272727277 -0.11965629153879508
v -0.07200496278798922 -0.12188277272727277 -0.08977603535353536
v -0.07104486868686867 -0.12295772274864938 -0.08977603535353536
v -0.07104486868686867 -0.12188277272727277 -0.08784530771048586
v -0.06011488888888886 -0.12968283701259478 -0.20972254040404037
v -0.06077122622112742 -0.12188277272727277 -0.1947292272727273
v -0.06011488888888886 -0.12188277272727277 -0.19758351717825556
v -0.06232963607720629 -0.12188277272727277 -0.17973591414141415
v -0.06608245916753083 -0.12188277272727277 -0.16474260101010102
v -0.07021422160654166 -0.12188277272727277 -0.13475597474747472
v -0.07066867848953243 -0.12188277272727277 -0.11976266161616156
v -0.06927651221327819 -0.12188277272727277 -0.07478272222222221
v -0.06011488888888886 -0.12569772591069944 -0.07478272222222221
v -0.06011488888888886 -0.12188277272727277 -0.061470436267186235
v -0.053800585802277257 -0.12188277272727277 -0.2247158535353535
v -0.04918490909090905 -0.12188277272727277 -0.2359772001475605
v -0.056202143844474244 -0.12188277272727277 -0.20972254040404037
v -0.04918490909090905 -0.128866129417866 -0.08977603535353536
v -0.04918490909090905 -0.12404373580481527 -0.07478272222222221
v -0.04918490909090905 -0.12188277272727277 -0.06738473939608265
v -0.03960467337009682 -0.12188277272727277 -0.25470247979797983
v -0.03825492929292924 -0.12188277272727277 -0.2579878121941493
v -0.03825492929292924 -0.12333459084093397 -0.25470247979797983
v -0.04552154690196468 -0.12188277272727277 -0.23970916666666667
v -0.03825492929292924 -0.12920306860185335 -0.1947292272727273
v -0.03825492929292924 -0.12657768806066874 -0.17973591414141415
v -0.03825492929292924 -0.1263273724962629 -0.16474260101010102
v -0.03825492929292924 -0.12628107434373356 -0.14974928787878786
v -0.03825492929292924 -0.12606377931286095 -0.13475597474747472
v -0.03825492929292924 -0.1282039244069628 -0.08977603535353536
v -0.041096266036701065 -0.12188277272727277 -0.07478272222222221
v -0.03825492929292924 -0.12188277272727277 -0.08075256396931683
v -0.02732494949494943 -0.12188277272727277 -0.2649869206706375
v -0.02732494949494943 -0.1277430742145921 -0.23970916666666667
v -0.02732494949494943 -0.12907380738072805 -0.2247158535353535
v -0.02732494949494943 -0.12776682172485418 -0.20972254040404037
v -0.02732494949494943 -0.12719687033914737 -0.1947292272727273
v -0.02732494949494943 -0.12787071293478336 -0.17973591414141415
v -0.02732494949494943 -0.1279829902334722 -0.16474260101010102
v -0.02732494949494943 -0.12662988299787742 -0.14974928787878786
v -0.02732494949494943 -0.12718824131326972 -0.13475597474747472
v -0.02732494949494943 -0.12188277272727277 -0.07824432280294409
v -0.016394969696969682 -0.12188277272727277 -0.26422724205922804
v -0.024886806593206877 -0.12188277272727277 -0.07478272222222221
v -0.016394969696969682 -0.12834335052861004 -0.07478272222222221
v -0.016394969696969682 -0.12188277272727277 -0.061536836899868115
v -0.026157531884909678 -0.12188277272727277 -0.04479609595959591
v -0.016394969696969682 -0.12188277272727277 -0.059443827859409014
v -0.016394969696969682 -0.12389032435338748 -0.04479609595959591
v -0.016394969696969682 -0.12188277272727277 -0.030149574446878182
v -0.005464989898989875 -0.12188277272727277 -0.262936395010357
v -0.015765077942414205 -0.12188277272727277 -0.05978940909090906
v -0.005464989898989875 -0.12533872637999527 -0.04479609595959591
v -0.016160816548993723 -0.12188277272727277 -0.02980278282828276
v -0.005464989898989875 -0.12430791314145954 -0.02980278282828276
v -0.005464989898989875 -0.12188277272727277 -0.024542561646720064
v 0.0054649898989899345 -0.12188277272727277 -0.26314710873065456
v 0.0054649898989899345 -0.1253360410985743 -0.04479609595959591
v 0.0054649898989899345 -0.12429232873500837 -0.02980278282828276
v 0.0054649898989899345 -0.12188277272727277 -0.024589897407163983
v 0.016394969696969804 -0.12188277272727277 -0.2644835712545032
v 0.016394969696969804 -0.12853485151288133 -0.07478272222222221
v 0.01554410953988161 -0.12188277272727277 -0.05978940909090906
v 0.016394969696969804 -0.12188277272727277 -0.062143738013272616
v 0.016394969696969804 -0.12188277272727277 -0.05925187554838324
v 0.016394969696969804 -0.1237414297066912 -0.04479609595959591
v 0.015941955054387218 -0.12188277272727277 -0.02980278282828276
v 0.016394969696969804 -0.12188277272727277 -0.030548781653417612
v 0.02732494949494955 -0.12188277272727277 -0.2635100288170262
v 0.02732494949494955 -0.12694039731715728 -0.23970916666666667
v 0.02732494949494955 -0.12746279788784345 -0.2247158535353535
v 0.02732494949494955 -0.12642898226126753 -0.20972254040404037
v 0.02732494949494955 -0.12611980678193663 -0.1947292272727273
v 0.02732494949494955 -0.12653646868160418 -0.17973591414141415
v 0.02732494949494955 -0.12720810645898203 -0.16474260101010102
v 0.02732494949494955 -0.1265908508566609 -0.14974928787878786
v 0.02732494949494955 -0.1271079708987965 -0.13475597474747472
v 0.024832350071496312 -0.12188277272727277 -0.07478272222222221
v 0.02732494949494955 -0.12188277272727277 -0.07824413947327374
v 0.025458285909341533 -0.12188277272727277 -0.04479609595959591
v 0.0382549292929293 -0.12188277272727277 -0.2569210744054087
v 0.0382549292929293 -0.12274129399546325 -0.25470247979797983
v 0.0382549292929293 -0.1269295417960465 -0.1947292272727273
v 0.0382549292929293 -0.12503912233955458 -0.17973591414141415
v 0.0382549292929293 -0.12570068422617123 -0.16474260101010102
v 0.0382549292929293 -0.12643082871785186 -0.14974928787878786
v 0.0382549292929293 -0.12621595091314594 -0.13475597474747472
v 0.0382549292929293 -0.1281385017944405 -0.08977603535353536
v 0.0382549292929293 -0.12188277272727277 -0.080114488701549
v 0.039029978688927644 -0.12188277272727277 -0.25470247979797983
v 0.04453415550164176 -0.12188277272727277 -0.23970916666666667
v 0.04918490909090917 -0.12188277272727277 -0.23397372311100073
v 0.04918490909090917 -0.12904114547263051 -0.08977603535353536
v 0.04028522078926942 -0.12188277272727277 -0.07478272222222221
v 0.04918490909090917 -0.12453450715805954 -0.07478272222222221
v 0.04918490909090917 -0.12188277272727277 -0.06680850397763557
v 0.05248295319059927 -0.12188277272727277 -0.2247158535353535
v 0.05521640839156496 -0.12188277272727277 -0.20972254040404037
v 0.06011488888888892 -0.1277891929800755 -0.20972254040404037
v 0.05813374035146098 -0.12188277272727277 -0.1947292272727273
v 0.06011488888888892 -0.12331775057890412 -0.1947292272727273
v 0.06011488888888892 -0.12188277272727277 -0.1884981204141331
v 0.06011488888888892 -0.12579078669736574 -0.07478272222222221
v 0.06011488888888892 -0.12188277272727277 -0.06112100059028309
v 0.06124631087831594 -0.12188277272727277 -0.17973591414141415
v 0.0658602464605323 -0.12188277272727277 -0.16474260101010102
v 0.07104486868686878 -0.12188277272727277 -0.1529912126576501
v 0.06941754214810629 -0.12188277272727277 -0.11976266161616156
v 0.07104486868686878 -0.12188277272727277 -0.12621884283998516
v 0.07104486868686878 -0.12188277272727277 -0.11936532218623577
v 0.07104486868686878 -0.12315727995526378 -0.08977603535353536
v 0.06962324431275715 -0.12188277272727277 -0.07478272222222221
v 0.07104486868686878 -0.12188277272727277 -0.0874109142343538
v 0.07196352134053297 -0.12188277272727277 -0.14974928787878786
v 0.07182144978756885 -0.12188277272727277 -0.13475597474747472
v 0.07675997731832161 -0.12188277272727277 -0.1047693484848485
v 0.07214351134356002 -0.12188277272727277 -0.08977603535353536
v 0.18396015148505035 -0.12188277272727277 -0.0148094696969697
v 0.1912746464646465 -0.12188277272727277 -0.01699056335663784
v 0.1912746464646465 -0.1267525011278785 -0.0148094696969697
v 0.1912746464646465 -0.12188277272727277 -0.0008459491809323361
v 0.18736376592100973 -0.12188277272727277 0.015177156565656593
v 0.1912746464646465 -0.12188277272727277 0.0013714779513293324
v 0.1912746464646465 -0.12552095265459493 0.015177156565656593
v 0.1912746464646465 -0.12188277272727277 0.01646006194280987
v 0.20220462626262636 -0.12188277272727277 -0.020530515952722744
v 0.1924481196837021 -0.12188277272727277 0.000183843434343447
v 0.20220462626262636 -0.12188277272727277 0.026359072523177884
v 0.2131346060606061 -0.12188277272727277 -0.018675310870772392
v 0.2131346060606061 -0.12188277272727277 0.025758158173102425
v 0.2181924104120553 -0.12188277272727277 -0.0148094696969697
v 0.21999122668856108 -0.12188277272727277 0.000183843434343447
v 0.2221466931181319 -0.12188277272727277 0.015177156565656593
v -0.21313460606060605 -0.11686917360995688 -0.0148094696969697
v -0.21537977031852162 -0.11390695454545458 0.000183843434343447
v -0.21313460606060605 -0.11390695454545458 -0.005163538445581802
v -0.21865020220649328 -0.11390695454545458 0.015177156565656593
v -0.21313460606060605 -0.11390695454545458 0.022997949401725212
v -0.20979015786114655 -0.11390695454545458 -0.0148094696969697
v -0.20220462626262625 -0.11390695454545458 -0.018497906546227
v -0.20575891733463322 -0.11390695454545458 0.030170469696969824
v -0.20220462626262625 -0.11545153547071559 0.030170469696969824
v -0.20220462626262625 -0.11390695454545458 0.03205149139997216
v -0.19127464646464645 -0.11390695454545458 -0.019641232802665602
v -0.19127464646464645 -0.11472630278458239 0.030170469696969824
v -0.19127464646464645 -0.11390695454545458 0.03570749983724314
v -0.18034466666666663 -0.11390695454545458 -0.016995658331138298
v -0.18034466666666663 -0.12075006497846054 -0.0148094696969697
v -0.18733109477062598 -0.11390695454545458 0.000183843434343447
v -0.18034466666666663 -0.11390695454545458 -0.0026774223588457557
v -0.1835603912027308 -0.11390695454545458 0.015177156565656593
v -0.18034466666666663 -0.11390695454545458 0.015863242473278742
v -0.18034466666666663 -0.11906979570915809 0.030170469696969824
v -0.18034466666666663 -0.11390695454545458 0.04287120234729111
v -0.16941468686868683 -0.11390695454545458 -0.014867993667417643
v -0.16941468686868683 -0.11409561674169291 -0.0148094696969697
v -0.16941468686868683 -0.11390695454545458 -0.014488248409701265
v -0.17195757181156204 -0.11390695454545458 0.030170469696969824
v -0.16916639534523914 -0.11390695454545458 -0.0148094696969697
v -0.08850836035923225 -0.11390695454545458 -0.1047693484848485
v -0.08197484848484847 -0.11390695454545458 -0.11673005427452482
v -0.08197484848484847 -0.11922145229236983 -0.1047693484848485
v -0.08197484848484847 -0.11390695454545458 -0.09265815418576566
v -0.07104486868686867 -0.1207113195760151 -0.14974928787878786
v -0.07142115359314744 -0.11390695454545458 -0.11976266161616156
v -0.07104486868686867 -0.11390695454545458 -0.12195291103067629
v -0.07104486868686867 -0.11958576119080855 -0.11976266161616156
v -0.07262844075998709 -0.11390695454545458 -0.08977603535353536
v -0.07104486868686867 -0.11390695454545458 -0.08600248620891807
v -0.06057531892308876 -0.11390695454545458 -0.1947292272727273
v -0.06011488888888886 -0.11390695454545458 -0.19999856889534426
v -0.061596531697316215 -0.11390695454545458 -0.17973591414141415
v -0.06426822475780897 -0.11390695454545458 -0.16474260101010102
v -0.06679029821092929 -0.11390695454545458 -0.14974928787878786
v -0.06645621609564001 -0.11390695454545458 -0.13475597474747472
v -0.06644845106743308 -0.11390695454545458 -0.07478272222222221
v -0.06343119945138549 -0.11390695454545458 -0.05978940909090906
v -0.06011488888888886 -0.1178935930790671 -0.05978940909090906
v -0.06011488888888886 -0.11390695454545458 -0.0548212601684952
v -0.049438194289696424 -0.11390695454545458 -0.23970916666666667
v -0.04918490909090905 -0.11390695454545458 -0.24046832651146724
v -0.04918490909090905 -0.11531602127497564 -0.23970916666666667
v -0.05273154494188409 -0.11390695454545458 -0.2247158535353535
v -0.05840247069098647 -0.11390695454545458 -0.20972254040404037
v -0.04918490909090905 -0.11944811340448572 -0.05978940909090906
v -0.056657817116699864 -0.11390695454545458 -0.04479609595959591
v -0.04918490909090905 -0.11588566185260893 -0.04479609595959591
v -0.0534240820767122 -0.11390695454545458 -0.02980278282828276
v -0.04918490909090905 -0.11618923741323785 -0.02980278282828276
v -0.04918490909090905 -0.11390695454545458 -0.02271407681328753
v -0.04258671492907153 -0.11390695454545458 -0.25470247979797983
v -0.03825492929292924 -0.11390695454545458 -0.26074917595711655
v -0.03825492929292924 -0.11935171436236686 -0.07478272222222221
v -0.03825492929292924 -0.11760964106230663 -0.05978940909090906
v -0.03825492929292924 -0.11898319086416854 -0.04479609595959591
v -0.03825492929292924 -0.11892381186120222 -0.02980278282828276
v -0.03825492929292924 -0.11390695454545458 -0.018926056407189598
v -0.03649461206197138 -0.11390695454545458 -0.26969579292929297
v -0.02732494949494943 -0.11390695454545458 -0.2808449970678733
v -0.02732494949494943 -0.12137130253645931 -0.26969579292929297
v -0.02732494949494943 -0.12028543219472951 -0.07478272222222221
v -0.02732494949494943 -0.11838861793607011 -0.05978940909090906
v -0.02732494949494943 -0.12136467616985816 -0.04479609595959591
v -0.02732494949494943 -0.11957727236539348 -0.02980278282828276
v -0.02732494949494943 -0.11390695454545458 -0.017305761067069696
v -0.016394969696969682 -0.11390695454545458 -0.271234329983438
v -0.016394969696969682 -0.11653003952266552 -0.26969579292929297
v -0.016394969696969682 -0.12148621275602753 -0.05978940909090906
v -0.016394969696969682 -0.12167182582508816 -0.02980278282828276
v -0.022795555124891117 -0.11390695454545458 -0.0148094696969697
v -0.016394969696969682 -0.11530835019330979 -0.0148094696969697
v -0.016394969696969682 -0.11390695454545458 -0.011713850360749217
v -0.005464989898989875 -0.11390695454545458 -0.2702729721995304
v -0.005464989898989875 -0.11482762304150526 -0.26969579292929297
v -0.005464989898989875 -0.1181777885628829 -0.0148094696969697
v -0.005464989898989875 -0.11390695454545458 -0.007061116185631703
v 0.0054649898989899345 -0.11390695454545458 -0.27033672799156894
v 0.0054649898989899345 -0.11493212324347568 -0.26969579292929297
v 0.0054649898989899345 -0.11816707047263594 -0.0148094696969697
v 0.0054649898989899345 -0.11390695454545458 -0.007067189310785762
v 0.016394969696969804 -0.11390695454545458 -0.2701398316470859
v 0.016394969696969804 -0.11482889008946824 -0.26969579292929297
v 0.016394969696969804 -0.12131882397254713 -0.05978940909090906
v 0.016394969696969804 -0.12147050242197883 -0.02980278282828276
v 0.016394969696969804 -0.11521649691692706 -0.0148094696969697
v 0.016394969696969804 -0.11390695454545458 -0.011876008687389649
v 0.02732494949494955 -0.11390695454545458 -0.2802621341841188
v 0.02732494949494955 -0.1210562738348071 -0.26969579292929297
v 0.02732494949494955 -0.12026127841021245 -0.07478272222222221
v 0.02732494949494955 -0.11798776173317713 -0.05978940909090906
v 0.02732494949494955 -0.12108624784801371 -0.04479609595959591
v 0.02732494949494955 -0.11918561149852308 -0.02980278282828276
v 0.022044554313242915 -0.11390695454545458 -0.0148094696969697
v 0.02732494949494955 -0.11390695454545458 -0.01804077208762822
v 0.036390123165993236 -0.11390695454545458 -0.26969579292929297
v 0.0382549292929293 -0.11390695454545458 -0.2608241080197575
v 0.0382549292929293 -0.11960725434502942 -0.07478272222222221
v 0.0382549292929293 -0.11702927667580931 -0.05978940909090906
v 0.0382549292929293 -0.11839772352960355 -0.04479609595959591
v 0.0382549292929293 -0.11824637771337058 -0.02980278282828276
v 0.0382549292929293 -0.11390695454545458 -0.02014433014042009
v 0.042580863207409204 -0.11390695454545458 -0.25470247979797983
v 0.04761000070432673 -0.11390695454545458 -0.23970916666666667
v 0.04918490909090917 -0.11390695454545458 -0.237117938102775
v 0.04918490909090917 -0.1186904780950114 -0.05978940909090906
v 0.04918490909090917 -0.11608746481340386 -0.04479609595959591
v 0.04918490909090917 -0.1153211049326281 -0.02980278282828276
v 0.04918490909090917 -0.11390695454545458 -0.025312931716876222
v 0.05176634250693837 -0.11390695454545458 -0.2247158535353535
v 0.05689565777486818 -0.11390695454545458 -0.20972254040404037
v 0.05913145963349592 -0.11390695454545458 -0.1947292272727273
v 0.06011488888888892 -0.11390695454545458 -0.1888305540486649
v 0.06011488888888892 -0.11747198321429238 -0.05978940909090906
v 0.056317944213977934 -0.11390695454545458 -0.04479609595959591
v 0.06011488888888892 -0.11390695454545458 -0.05587327488797924
v 0.05174027934497606 -0.11390695454545458 -0.02980278282828276
v 0.0606898669843968 -0.11390695454545458 -0.17973591414141415
v 0.06372953660960406 -0.11390695454545458 -0.16474260101010102
v 0.06716523291525203 -0.11390695454545458 -0.14974928787878786
v 0.07104486868686878 -0.11935009205877785 -0.14974928787878786
v 0.0671257729631998 -0.11390695454545458 -0.13475597474747472
v 0.07104486868686878 -0.1195007819928295 -0.13475597474747472
v 0.07104486868686878 -0.11390695454545458 -0.1201344160263277
v 0.07104486868686878 -0.11449058845661603 -0.11976266161616156
v 0.06726110286257683 -0.11390695454545458 -0.07478272222222221
v 0.07104486868686878 -0.11390695454545458 -0.08545368652209209
v 0.06283979084633934 -0.11390695454545458 -0.05978940909090906
v 0.07109348288323422 -0.11390695454545458 -0.11976266161616156
v 0.08197484848484854 -0.11390695454545458 -0.11660729185684211
v 0.08197484848484854 -0.11920451486759681 -0.1047693484848485
v 0.07268067990218116 -0.11390695454545458 -0.08977603535353536
v 0.08197484848484854 -0.11390695454545458 -0.09276216790801259
v 0.08840577849402881 -0.11390695454545458 -0.1047693484848485
v 0.17076852827574063 -0.11390695454545458 -0.0148094696969697
v 0.18034466666666676 -0.11390695454545458 -0.016681233901021934
v 0.18034466666666676 -0.11962235747640253 -0.0148094696969697
v 0.18034466666666676 -0.11390695454545458 -0.004598163222870317
v 0.17145259780265812 -0.11390695454545458 0.030170469696969824
v 0.18034466666666676 -0.11390695454545458 0.0159087540262627
v 0.18034466666666676 -0.119373502101765 0.030170469696969824
v 0.18034466666666676 -0.11390695454545458 0.04312031748747988
v 0.1912746464646465 -0.11390695454545458 -0.018629204489293418
v 0.1900150580648479 -0.11390695454545458 0.000183843434343447
v 0.1912746464646465 -0.11796096901213227 0.000183843434343447
v 0.18428732280497667 -0.11390695454545458 0.015177156565656593
v 0.1912746464646465 -0.11461442314430231 0.030170469696969824
v 0.1912746464646465 -0.11390695454545458 0.035176774448539665
v 0.20220462626262636 -0.11390695454545458 -0.01769903234400017
v 0.20220462626262636 -0.11520068435630242 0.030170469696969824
v 0.20220462626262636 -0.11390695454545458 0.031809890346580334
v 0.20887675770211386 -0.11390695454545458 -0.0148094696969697
v 0.2131346060606061 -0.11620742934739475 -0.0148094696969697
v 0.2131346060606061 -0.11390695454545458 -0.0036467803413285853
v 0.20531323942214538 -0.11390695454545458 0.030170469696969824
v 0.2131346060606061 -0.11390695454545458 0.022382364681872373
v 0.21469297090923053 -0.11390695454545458 0.000183843434343447
v 0.21828199051748648 -0.11390695454545458 0.015177156565656593
v -0.21313460606060605 -0.11106605512230942 0.000183843434343447
v -0.21313460606060605 -0.10723114519581708 0.015177156565656593
v -0.20220462626262625 -0.10792327954875708 -0.0148094696969697
v -0.20460324375975633 -0.10593113636363638 0.000183843434343447
v -0.20220462626262625 -0.10593113636363638 -0.003890003277899628
v -0.21126038895879526 -0.10593113636363638 0.015177156565656593
v -0.20220462626262625 -0.10593113636363638 0.02814177833386563
v -0.20220462626262625 -0.1079242421670496 0.030170469696969824
v -0.19892147046593578 -0.10593113636363638 -0.0148094696969697
v -0.19127464646464645 -0.10593113636363638 -0.01811578223920117
v -0.20115781794658094 -0.10593113636363638 0.030170469696969824
v -0.19127464646464645 -0.10593113636363638 0.0357274858303443
v -0.18034466666666663 -0.10593113636363638 -0.02039318872186703
v -0.18583450084929484 -0.10593113636363638 0.000183843434343447
v -0.18034466666666663 -0.10593113636363638 -0.0011659761624515856
v -0.18034466666666663 -0.10593113636363638 0.0017698990534452674
v -0.18034466666666663 -0.1115668378224134 0.015177156565656593
v -0.18034466666666663 -0.10593113636363638 0.03990907400259132
v -0.16941468686868683 -0.10593113636363638 -0.01694096934103004
v -0.16941468686868683 -0.10593113636363638 -0.007372201492024772
v -0.16941468686868683 -0.10593113636363638 0.010342224066376894
v -0.16941468686868683 -0.10694957079658016 0.015177156565656593
v -0.17044410329326456 -0.10593113636363638 0.030170469696969824
v -0.16941468686868683 -0.10593113636363638 0.026096374048925716
v -0.1618731561563946 -0.10593113636363638 -0.0148094696969697
v -0.16734833073833613 -0.10593113636363638 0.015177156565656593
v -0.14907042240308055 -0.10593113636363638 0.015177156565656593
v -0.14755472727272725 -0.10593113636363638 0.011637151466746137
v -0.14755472727272725 -0.10785295826078911 0.015177156565656593
v -0.14755472727272725 -0.10593113636363638 0.017845995576158742
v -0.13662474747474745 -0.10593113636363638 0.011607267528444157
v -0.13662474747474745 -0.10767367276602004 0.015177156565656593
v -0.13662474747474745 -0.10593113636363638 0.017804142592887602
v -0.1315246288968765 -0.10593113636363638 0.015177156565656593
v -0.08197484848484847 -0.11187887339383269 -0.1047693484848485
v -0.07195895807926718 -0.10593113636363638 -0.11976266161616156
v -0.07104486868686867 -0.10593113636363638 -0.12622217917308118
v -0.07224685979207139 -0.10593113636363638 -0.1047693484848485
v -0.0721559845259266 -0.10593113636363638 -0.08977603535353536
v -0.07104486868686867 -0.10593113636363638 -0.08699708274208709
v -0.06493567280659183 -0.10593113636363638 -0.2247158535353535
v -0.06011488888888886 -0.10593113636363638 -0.23335088171352955
v -0.06011488888888886 -0.11219406166340722 -0.2247158535353535
v -0.06295894831800991 -0.10593113636363638 -0.20972254040404037
v -0.06011488888888886 -0.11347994743089833 -0.20972254040404037
v -0.06355715844815787 -0.10593113636363638 -0.1947292272727273
v -0.064674293213175 -0.10593113636363638 -0.17973591414141415
v -0.06848441091332623 -0.10593113636363638 -0.16474260101010102
v -0.07016997491268012 -0.10593113636363638 -0.14974928787878786
v -0.06789545756936141 -0.10593113636363638 -0.13475597474747472
v -0.0636299677708872 -0.10593113636363638 -0.07478272222222221
v -0.06215441647186999 -0.10593113636363638 -0.05978940909090906
v -0.064245062582184 -0.10593113636363638 -0.04479609595959591
v -0.06011488888888886 -0.11208413099298344 -0.04479609595959591
v -0.06318474417569633 -0.10593113636363638 -0.02980278282828276
v -0.06011488888888886 -0.10974562486585385 -0.02980278282828276
v -0.06011488888888886 -0.10593113636363638 -0.020398665741154044
v -0.0576018375237074 -0.10593113636363638 -0.25470247979797983
v -0.04918490909090905 -0.10593113636363638 -0.265072841366657
v -0.04918490909090905 -0.11322807818502945 -0.25470247979797983
v -0.05322563724051453 -0.10593113636363638 -0.23970916666666667
v -0.04918490909090905 -0.10593113636363638 -0.015209927243127738
v -0.03825492929292924 -0.10593113636363638 -0.26105171083746004
v -0.047556056825127396 -0.10593113636363638 -0.0148094696969697
v -0.03825492929292924 -0.10871921041149875 -0.0148094696969697
v -0.03825492929292924 -0.10593113636363638 -0.009043118110812445
v -0.033965146809749464 -0.10593113636363638 -0.26969579292929297
v -0.02732494949494943 -0.10593113636363638 -0.2788795412991864
v -0.02732494949494943 -0.11169422184562956 -0.0148094696969697
v -0.02732494949494943 -0.10593113636363638 -0.0014284561044630125
v -0.016394969696969682 -0.10593113636363638 -0.277133940801948
v -0.026567654519724697 -0.10593113636363638 0.000183843434343447
v -0.016394969696969682 -0.10941650338322687 0.000183843434343447
v -0.016394969696969682 -0.10593113636363638 0.008734638100738818
v -0.005464989898989875 -0.10593113636363638 -0.27179203784196987
v -0.005464989898989875 -0.11090827984371186 0.000183843434343447
v -0.01326113640726687 -0.10593113636363638 0.015177156565656593
v -0.005464989898989875 -0.10719463384461227 0.015177156565656593
v -0.005464989898989875 -0.10593113636363638 0.01724537712155681
v 0.0054649898989899345 -0.10593113636363638 -0.27099906925942535
v 0.0054649898989899345 -0.11090219945466691 0.000183843434343447
v 0.0054649898989899345 -0.1071919632607091 0.015177156565656593
v 0.0054649898989899345 -0.10593113636363638 0.017241148485837215
v 0.016394969696969804 -0.10593113636363638 -0.27088957996572216
v 0.016394969696969804 -0.10935512730165704 0.000183843434343447
v 0.013200938038261494 -0.10593113636363638 0.015177156565656593
v 0.016394969696969804 -0.10593113636363638 0.008567452279390353
v 0.02732494949494955 -0.10593113636363638 -0.27840700248719896
v 0.02732494949494955 -0.11114614419378924 -0.0148094696969697
v 0.02603147774244231 -0.10593113636363638 0.000183843434343447
v 0.02732494949494955 -0.10593113636363638 -0.0026702502389199098
v 0.03372410339190498 -0.10593113636363638 -0.26969579292929297
v 0.0382549292929293 -0.10593113636363638 -0.26066124723768946
v 0.0382549292929293 -0.10757420398922743 -0.0148094696969697
v 0.0382549292929293 -0.10593113636363638 -0.011424241074214622
v 0.04918490909090917 -0.10593113636363638 -0.2634712773638139
v 0.04918490909090917 -0.11289409954824658 -0.25470247979797983
v 0.04918490909090917 -0.11350061369039463 -0.23970916666666667
v 0.042476390424903684 -0.10593113636363638 -0.0148094696969697
v 0.04918490909090917 -0.10593113636363638 -0.016948657256593017
v 0.056670619923789 -0.10593113636363638 -0.25470247979797983
v 0.05271910272174552 -0.10593113636363638 -0.23970916666666667
v 0.06011488888888892 -0.10593113636363638 -0.23276089971063235
v 0.06011488888888892 -0.11187021140681477 -0.2247158535353535
v 0.06011488888888892 -0.1131489492427716 -0.20972254040404037
v 0.06011488888888892 -0.11345028310471113 -0.1947292272727273
v 0.06011488888888892 -0.11175966676429451 -0.04479609595959591
v 0.06011488888888892 -0.1087186326235089 -0.02980278282828276
v 0.06011488888888892 -0.10593113636363638 -0.022688768736001175
v 0.06460366356719618 -0.10593113636363638 -0.2247158535353535
v 0.06282244743918759 -0.10593113636363638 -0.20972254040404037
v 0.06310211802683256 -0.10593113636363638 -0.1947292272727273
v 0.06408219413423755 -0.10593113636363638 -0.17973591414141415
v 0.06752030927214321 -0.10593113636363638 -0.16474260101010102
v 0.06949851445699176 -0.10593113636363638 -0.14974928787878786
v 0.06763589959205042 -0.10593113636363638 -0.13475597474747472
v 0.07104486868686878 -0.10593113636363638 -0.1222591226201302
v 0.06401813739081536 -0.10593113636363638 -0.07478272222222221
v 0.07104486868686878 -0.10593113636363638 -0.08740041056204863
v 0.061550268251252954 -0.10593113636363638 -0.05978940909090906
v 0.06375275006790156 -0.10593113636363638 -0.04479609595959591
v 0.06241452260187283 -0.10593113636363638 -0.02980278282828276
v 0.07132732472100292 -0.10593113636363638 -0.11976266161616156
v 0.07218548196515287 -0.10593113636363638 -0.1047693484848485
v 0.08197484848484854 -0.11191371491682285 -0.1047693484848485
v 0.07187680221505781 -0.10593113636363638 -0.08977603535353536
v 0.16393807029207896 -0.10593113636363638 -0.0148094696969697
v 0.16941468686868688 -0.10593113636363638 -0.01653719265976133
v 0.16941468686868688 -0.11263266258236532 -0.0148094696969697
v 0.16941468686868688 -0.10593113636363638 -0.009513666838892789
v 0.18034466666666676 -0.10593113636363638 -0.01958129487197598
v 0.18034466666666676 -0.10593113636363638 -0.003761094259512013
v 0.17550568904044986 -0.10593113636363638 0.015177156565656593
v 0.18034466666666676 -0.10593113636363638 0.006704572421428188
v 0.18034466666666676 -0.10949428872757067 0.015177156565656593
v 0.17205639876581202 -0.10593113636363638 0.030170469696969824
v 0.18034466666666676 -0.10593113636363638 0.03873263740103882
v 0.1912746464646465 -0.10593113636363638 -0.016972777342305997
v 0.1912746464646465 -0.10593113636363638 -0.0014019572621085297
v 0.1912746464646465 -0.10831987854203086 0.000183843434343447
v 0.1912746464646465 -0.10593113636363638 0.0009529190165231457
v 0.1912746464646465 -0.10593113636363638 0.034309221478494564
v 0.19652881751284632 -0.10593113636363638 -0.0148094696969697
v 0.20220462626262636 -0.10918000030394381 -0.0148094696969697
v 0.20220462626262636 -0.10643970817524014 0.000183843434343447
v 0.20220462626262636 -0.10593113636363638 0.0010861057423743256
v 0.19952213158245424 -0.10593113636363638 0.030170469696969824
v 0.20220462626262636 -0.10593113636363638 0.0257301238084838
v 0.20220462626262636 -0.1094911100655802 0.030170469696969824
v 0.2131346060606061 -0.11205344655399967 0.000183843434343447
v 0.20998166004225116 -0.10593113636363638 0.015177156565656593
v 0.2131346060606061 -0.10792675771862728 0.015177156565656593
v -0.20220462626262625 -0.1042050202413254 0.000183843434343447
v -0.20220462626262625 -0.09873286712345455 0.015177156565656593
v -0.19127464646464645 -0.10036328888959287 -0.0148094696969697
v -0.19127464646464645 -0.10096648046350402 0.000183843434343447
v -0.20084136878001863 -0.09795531818181819 0.015177156565656593
v -0.19127464646464645 -0.09795531818181819 0.003246821931750703
v -0.19410863782460702 -0.09795531818181819 0.030170469696969824
v -0.19127464646464645 -0.09795531818181819 0.03191645967616505
v -0.18715711586819053 -0.09795531818181819 -0.0148094696969697
v -0.18034466666666663 -0.09795531818181819 -0.01775608049137212
v -0.18034466666666663 -0.09795531818181819 -0.0035508896517764334
v -0.18034466666666663 -0.09795531818181819 0.0016896678658460309
v -0.18034466666666663 -0.09795531818181819 0.036726269452660734
v -0.16941468686868683 -0.09795531818181819 -0.019718218164921752
v -0.16941468686868683 -0.09795531818181819 -0.008114088351759422
v -0.16941468686868683 -0.09795531818181819 0.0035669377414606837
v -0.16941468686868683 -0.10299857924970231 0.030170469696969824
v -0.16941468686868683 -0.09795531818181819 0.03400844531054063
v -0.1626690935384064 -0.09795531818181819 -0.0148094696969697
v -0.15848470707070703 -0.09795531818181819 0.007098848367372436
v -0.15848470707070703 -0.102333462532401 0.015177156565656593
v -0.15848470707070703 -0.09827664497389857 0.030170469696969824
v -0.15848470707070703 -0.09795531818181819 0.030715498053936356
v -0.14755472727272725 -0.09795531818181819 0.005144668484167517
v -0.14755472727272725 -0.10079336647250721 0.030170469696969824
v -0.14755472727272725 -0.09795531818181819 0.03352390633611885
v -0.13662474747474745 -0.09795531818181819 0.0033532701530996807
v -0.13923447965306487 -0.09795531818181819 0.030170469696969824
v -0.13662474747474745 -0.09795531818181819 0.028212921298216582
v -0.12569476767676765 -0.09795531818181819 0.008600233762157287
v -0.12569476767676765 -0.10298347941799185 0.015177156565656593
v -0.12569476767676765 -0.09795531818181819 0.02175562294303644
v -0.11476478787878784 -0.09795531818181819 0.01234887783259404
v -0.11476478787878784 -0.09994712753775306 0.015177156565656593
v -0.11476478787878784 -0.09795531818181819 0.019845201744072085
v -0.10383480808080803 -0.09795531818181819 0.012036543732822997
v -0.10383480808080803 -0.09998063675884004 0.015177156565656593
v -0.1061279573737421 -0.09795531818181819 0.030170469696969824
v -0.10383480808080803 -0.09908241398679596 0.030170469696969824
v -0.10383480808080803 -0.09795531818181819 0.031763349440136146
v -0.09290482828282823 -0.09795531818181819 0.012742842879006597
v -0.09290482828282823 -0.09936466360675433 0.015177156565656593
v -0.09290482828282823 -0.10015622623898814 0.030170469696969824
v -0.09290482828282823 -0.09795531818181819 0.03481424254748416
v -0.08523486505839013 -0.09795531818181819 0.015177156565656593
v -0.08336779841101617 -0.09795531818181819 0.030170469696969824
v -0.07927782078261658 -0.09795531818181819 -0.17973591414141415
v -0.07104486868686867 -0.09795531818181819 -0.19457556389965308
v -0.07104486868686867 -0.10556634175070262 -0.17973591414141415
v -0.0747245813113622 -0.09795531818181819 -0.16474260101010102
v -0.07104486868686867 -0.10538602806705856 -0.16474260101010102
v -0.07387365710432911 -0.09795531818181819 -0.14974928787878786
v -0.07104486868686867 -0.10569183958256897 -0.14974928787878786
v -0.07272538692553329 -0.09795531818181819 -0.13475597474747472
v -0.07104486868686867 -0.10422975266399974 -0.13475597474747472
v -0.07284089701281356 -0.09795531818181819 -0.11976266161616156
v -0.0739327887633949 -0.09795531818181819 -0.1047693484848485
v -0.07211896899385073 -0.09795531818181819 -0.08977603535353536
v -0.07104486868686867 -0.09795531818181819 -0.0864079298670565
v -0.06642483692320514 -0.09795531818181819 -0.2247158535353535
v -0.06011488888888886 -0.09795531818181819 -0.23724327436628556
v -0.06799907911331654 -0.09795531818181819 -0.20972254040404037
v -0.06978133553619056 -0.09795531818181819 -0.1947292272727273
v -0.06338535627305109 -0.09795531818181819 -0.07478272222222221
v -0.06315787172051612 -0.09795531818181819 -0.05978940909090906
v -0.06421033786758709 -0.09795531818181819 -0.04479609595959591
v -0.06743757165145746 -0.09795531818181819 -0.02980278282828276
v -0.06011488888888886 -0.09795531818181819 -0.014915230030037523
v -0.05158482410921105 -0.09795531818181819 -0.25470247979797983
v -0.04918490909090905 -0.09795531818181819 -0.25578473734597573
v -0.05622367496503845 -0.09795531818181819 -0.23970916666666667
v -0.059762691103847264 -0.09795531818181819 -0.0148094696969697
v -0.04918490909090905 -0.10524530042386246 -0.0148094696969697
v -0.04918490909090905 -0.09795531818181819 -0.0021886116702947403
v -0.03825492929292924 -0.09795531818181819 -0.2587972193460166
v -0.04549603844374421 -0.09795531818181819 0.000183843434343447
v -0.03825492929292924 -0.10035073448438356 0.000183843434343447
v -0.03825492929292924 -0.09795531818181819 0.005666209169031447
v -0.031249310674470836 -0.09795531818181819 -0.26969579292929297
v -0.02732494949494943 -0.09795531818181819 -0.2783959076020924
v -0.02732494949494943 -0.10516971228065337 0.000183843434343447
v -0.030319740604768768 -0.09795531818181819 0.015177156565656593
v -0.02732494949494943 -0.09884660317727392 0.015177156565656593
v -0.02732494949494943 -0.09795531818181819 0.01708299183741467
v -0.016394969696969682 -0.09795531818181819 -0.2779157825549728
v -0.016394969696969682 -0.10332651623570217 0.015177156565656593
v -0.016394969696969682 -0.09795531818181819 0.028874920139713458
v -0.005464989898989875 -0.09795531818181819 -0.27299021815720864
v -0.01616904445058092 -0.09795531818181819 0.030170469696969824
v -0.005464989898989875 -0.10092872002922744 0.030170469696969824
v -0.005464989898989875 -0.09795531818181819 0.03702035106668342
v 0.0054649898989899345 -0.09795531818181819 -0.27165168552341723
v 0.0054649898989899345 -0.10092495756624939 0.030170469696969824
v 0.0054649898989899345 -0.09795531818181819 0.0370119589731956
v 0.016394969696969804 -0.09795531818181819 -0.27304042128010475
v 0.016394969696969804 -0.10324471011413255 0.015177156565656593
v 0.016134677398672206 -0.09795531818181819 0.030170469696969824
v 0.016394969696969804 -0.09795531818181819 0.028666282073473475
v 0.02732494949494955 -0.09795531818181819 -0.27720605626648315
v 0.02732494949494955 -0.1045796633033098 0.000183843434343447
v 0.02732494949494955 -0.09836948455198265 0.015177156565656593
v 0.02732494949494955 -0.09795531818181819 0.016075229821400333
v 0.03125350924223608 -0.09795531818181819 -0.26969579292929297
v 0.0382549292929293 -0.09795531818181819 -0.2592891566648289
v 0.0382549292929293 -0.0987978647535877 0.000183843434343447
v 0.028586070381669496 -0.09795531818181819 0.015177156565656593
v 0.0382549292929293 -0.09795531818181819 0.002149514772284887
v 0.04918490909090917 -0.09795531818181819 -0.25510664944849154
v 0.04918490909090917 -0.10231064954419099 -0.0148094696969697
v 0.04042883064779247 -0.09795531818181819 0.000183843434343447
v 0.04918490909090917 -0.09795531818181819 -0.0067196446754979175
v 0.050545279852915036 -0.09795531818181819 -0.25470247979797983
v 0.05498536030385075 -0.09795531818181819 -0.23970916666666667
v 0.06011488888888892 -0.09795531818181819 -0.23643123700616794
v 0.05530035344945957 -0.09795531818181819 -0.0148094696969697
v 0.06011488888888892 -0.09795531818181819 -0.01643415154657489
v 0.06596590535031206 -0.09795531818181819 -0.2247158535353535
v 0.0675927119692989 -0.09795531818181819 -0.20972254040404037
v 0.06905732918630443 -0.09795531818181819 -0.1947292272727273
v 0.07104486868686878 -0.09795531818181819 -0.19450431366068613
v 0.07104486868686878 -0.1055526392557878 -0.17973591414141415
v 0.07104486868686878 -0.10511535038226393 -0.16474260101010102
v 0.07104486868686878 -0.10550639276586524 -0.14974928787878786
v 0.07104486868686878 -0.10399965591269619 -0.13475597474747472
v 0.0633055296435174 -0.09795531818181819 -0.07478272222222221
v 0.07104486868686878 -0.09795531818181819 -0.08654899874322512
v 0.06277269869005493 -0.09795531818181819 -0.05978940909090906
v 0.0651275508241557 -0.09795531818181819 -0.04479609595959591
v 0.06662648562164634 -0.09795531818181819 -0.02980278282828276
v 0.07929689482379193 -0.09795531818181819 -0.17973591414141415
v 0.07454108065497653 -0.09795531818181819 -0.16474260101010102
v 0.07376167563580394 -0.09795531818181819 -0.14974928787878786
v 0.07264550303332325 -0.09795531818181819 -0.13475597474747472
v 0.07240906758538561 -0.09795531818181819 -0.11976266161616156
v 0.07371114755421593 -0.09795531818181819 -0.1047693484848485
v 0.07193062926597184 -0.09795531818181819 -0.08977603535353536
v 0.12670809672928218 -0.09795531818181819 0.015177156565656593
v 0.1366247474747475 -0.09795531818181819 0.007011581716916685
v 0.1366247474747475 -0.10414570941313969 0.015177156565656593
v 0.1366247474747475 -0.09795531818181819 0.02451331914535719
v 0.1475547272727274 -0.09795531818181819 0.005864690051214514
v 0.1475547272727274 -0.10551840025274163 0.015177156565656593
v 0.14161467377229953 -0.09795531818181819 0.030170469696969824
v 0.1475547272727274 -0.10019782655522398 0.030170469696969824
v 0.1475547272727274 -0.09795531818181819 0.032798291923381545
v 0.15848470707070714 -0.09795531818181819 0.0072899328078808445
v 0.15848470707070714 -0.10283148780733242 0.015177156565656593
v 0.1548643246432661 -0.09795531818181819 0.030170469696969824
v 0.15848470707070714 -0.09795531818181819 0.028474800356163888
v 0.16645646021093138 -0.09795531818181819 -0.0148094696969697
v 0.16941468686868688 -0.09795531818181819 -0.017039551993208578
v 0.16941468686868688 -0.09795531818181819 -0.012046466487110375
v 0.16941468686868688 -0.09795531818181819 0.007983434568213228
v 0.16941468686868688 -0.10271136247477211 0.015177156565656593
v 0.16941468686868688 -0.09795531818181819 0.029117005109562055
v 0.18034466666666676 -0.09795531818181819 -0.015474118297192325
v 0.18034466666666676 -0.09795531818181819 -0.012649495520207717
v 0.18034466666666676 -0.09795531818181819 0.007699862705130352
v 0.17167651107880838 -0.09795531818181819 0.030170469696969824
v 0.18034466666666676 -0.09795531818181819 0.033367185720404154
v 0.18198814485085232 -0.09795531818181819 -0.0148094696969697
v 0.1912746464646465 -0.1024706450167038 -0.0148094696969697
v 0.1912746464646465 -0.09795531818181819 0.010941663881999377
v 0.1891622584528354 -0.09795531818181819 0.030170469696969824
v 0.1912746464646465 -0.09795531818181819 0.024131098774354803
v 0.1912746464646465 -0.09896721596354306 0.030170469696969824
v 0.1955266781653911 -0.09795531818181819 0.015177156565656593
v 0.20220462626262636 -0.10038351415737022 0.015177156565656593
v -0.19127464646464645 -0.09172674353629777 0.015177156565656593
v -0.19127464646464645 -0.09551219095474561 0.030170469696969824
v -0.18034466666666663 -0.09478196096853556 -0.0148094696969697
v -0.1886457842859548 -0.08997949999999999 0.015177156565656593
v -0.18034466666666663 -0.08997949999999999 0.007437348800830223
v -0.18254018205705996 -0.08997949999999999 0.030170469696969824
v -0.18034466666666663 -0.08997949999999999 0.03133664928217762
v -0.16941468686868683 -0.09310444463756931 -0.0148094696969697
v -0.16941468686868683 -0.08997949999999999 0.005431622319948011
v -0.16941468686868683 -0.08997949999999999 0.034857861322087534
v -0.15848470707070703 -0.08997949999999999 0.007354972928417969
v -0.15848470707070703 -0.08997949999999999 0.04127603893574282
v -0.15528683631791323 -0.08997949999999999 -0.02980278282828276
v -0.14755472727272725 -0.08997949999999999 -0.03724295874224109
v -0.14755472727272725 -0.09347379698715898 -0.02980278282828276
v -0.14755472727272725 -0.08997949999999999 -0.018561458142521112
v -0.14755472727272725 -0.08997949999999999 0.009425361369002898
v -0.14755472727272725 -0.08997949999999999 0.04091422629803003
v -0.1391841937758199 -0.08997949999999999 -0.02980278282828276
v -0.13662474747474745 -0.08997949999999999 0.0062290434650579835
v -0.13662474747474745 -0.09648558597660097 0.030170469696969824
v -0.13662474747474745 -0.08997949999999999 0.033989335473852404
v -0.12569476767676765 -0.08997949999999999 0.006577618604554948
v -0.12569476767676765 -0.09058438525672106 0.030170469696969824
v -0.12569476767676765 -0.08997949999999999 0.03032400352684645
v -0.11476478787878784 -0.08997949999999999 0.004412326198004973
v -0.11476478787878784 -0.09355944415684798 0.030170469696969824
v -0.11476478787878784 -0.08997949999999999 0.031666219961565344
v -0.10383480808080803 -0.08997949999999999 0.0026317325158974267
v -0.10383480808080803 -0.08997949999999999 0.04365139332490656
v -0.09290482828282823 -0.08997949999999999 0.002355259839460746
v -0.10064722998190992 -0.08997949999999999 0.045163782828282886
v -0.09290482828282823 -0.09363432166088256 0.045163782828282886
v -0.09290482828282823 -0.08997949999999999 0.049559409519156744
v -0.08197484848484847 -0.08997949999999999 0.001995024735998524
v -0.08197484848484847 -0.09735240771090573 0.015177156565656593
v -0.08197484848484847 -0.09762959631905245 0.030170469696969824
v -0.08197484848484847 -0.0906440770349144 0.045163782828282886
v -0.08197484848484847 -0.08997949999999999 0.04591325323362924
v -0.07664001722736954 -0.08997949999999999 -0.17973591414141415
v -0.07104486868686867 -0.08997949999999999 -0.19409616135293772
v -0.07747335474272857 -0.08997949999999999 -0.16474260101010102
v -0.07825798171490231 -0.08997949999999999 -0.14974928787878786
v -0.07371949842744599 -0.08997949999999999 -0.13475597474747472
v -0.07211010688350958 -0.08997949999999999 -0.11976266161616156
v -0.07481584642610792 -0.08997949999999999 -0.1047693484848485
v -0.072875286418511 -0.08997949999999999 -0.08977603535353536
v -0.07140865537876258 -0.08997949999999999 -0.07478272222222221
v -0.07104486868686867 -0.09155052445722622 -0.07478272222222221
v -0.07104486868686867 -0.08997949999999999 -0.07223034493073918
v -0.07332014863686591 -0.08997949999999999 -0.04479609595959591
v -0.07104486868686867 -0.08997949999999999 -0.05404186581501322
v -0.07104486868686867 -0.09110968048447202 -0.04479609595959591
v -0.07104486868686867 -0.08997949999999999 -0.03004413572154249
v -0.07104486868686867 -0.08997949999999999 0.0005143411458320112
v -0.07104486868686867 -0.09418549628095776 0.015177156565656593
v -0.07104486868686867 -0.09236578806404075 0.030170469696969824
v -0.0808412361996585 -0.08997949999999999 0.045163782828282886
v -0.07104486868686867 -0.08997949999999999 0.03392462573027261
v -0.06324660973182405 -0.08997949999999999 -0.2247158535353535
v -0.06011488888888886 -0.08997949999999999 -0.23106713815463803
v -0.06832886690662397 -0.08997949999999999 -0.20972254040404037
v -0.0700623812439579 -0.08997949999999999 -0.1947292272727273
v -0.06493059262851125 -0.08997949999999999 -0.05978940909090906
v -0.07089554950970832 -0.08997949999999999 -0.02980278282828276
v -0.0653368245539373 -0.08997949999999999 -0.0148094696969697
v -0.06011488888888886 -0.0976449220256345 -0.0148094696969697
v -0.07053588581679332 -0.08997949999999999 0.000183843434343447
v -0.06011488888888886 -0.0925635833758822 0.000183843434343447
v -0.06011488888888886 -0.09083484299662592 0.015177156565656593
v -0.06698546953394588 -0.08997949999999999 0.030170469696969824
v -0.06011488888888886 -0.08997949999999999 0.017377960407197985
v -0.04918490909090905 -0.09293990853640581 -0.25470247979797983
v -0.05288527716276592 -0.08997949999999999 -0.23970916666666667
v -0.04918490909090905 -0.08997949999999999 -0.24732353872117369
v -0.04918490909090905 -0.09630890390763136 0.000183843434343447
v -0.04918490909090905 -0.09029214022017513 0.015177156565656593
v -0.04918490909090905 -0.08997949999999999 0.015721380629825324
v -0.04657976177070143 -0.08997949999999999 -0.25470247979797983
v -0.03825492929292924 -0.08997949999999999 -0.2586993945525067
v -0.03825492929292924 -0.09321191733529972 0.015177156565656593
v -0.03825492929292924 -0.08997949999999999 0.020613802324651737
v -0.03116254198409063 -0.08997949999999999 -0.26969579292929297
v -0.02732494949494943 -0.08997949999999999 -0.2779126486429024
v -0.029630448258707434 -0.08997949999999999 0.030170469696969824
v -0.02732494949494943 -0.09085659263758573 0.030170469696969824
v -0.02732494949494943 -0.08997949999999999 0.031723542006751475
v -0.016394969696969682 -0.08997949999999999 -0.27740828360259884
v -0.016394969696969682 -0.09734175466819403 0.030170469696969824
v -0.016394969696969682 -0.08997949999999999 0.04426123805862807
v -0.005464989898989875 -0.08997949999999999 -0.2791237645568273
v -0.016128548990571808 -0.08997949999999999 0.045163782828282886
v -0.005464989898989875 -0.09279681469622368 0.045163782828282886
v -0.005464989898989875 -0.08997949999999999 0.05240729892744267
v 0.0054649898989899345 -0.08997949999999999 -0.28008956367112015
v 0.0054649898989899345 -0.0927880772780615 0.045163782828282886
v 0.0054649898989899345 -0.08997949999999999 0.05239626589240052
v 0.016394969696969804 -0.08997949999999999 -0.2783967599816125
v 0.016394969696969804 -0.09724034338096998 0.030170469696969824
v 0.016095344628651663 -0.08997949999999999 0.045163782828282886
v 0.016394969696969804 -0.08997949999999999 0.044134870110498534
v 0.02732494949494955 -0.08997949999999999 -0.27684136232471834
v 0.02732494949494955 -0.09055708243841813 0.030170469696969824
v 0.02732494949494955 -0.08997949999999999 0.031197183901095597
v 0.030770396825448958 -0.08997949999999999 -0.26969579292929297
v 0.0382549292929293 -0.08997949999999999 -0.25828076087614477
v 0.0382549292929293 -0.09146697743913948 0.015177156565656593
v 0.028706729459033974 -0.08997949999999999 0.030170469696969824
v 0.0382549292929293 -0.08997949999999999 0.017754571080270155
v 0.045112706994691935 -0.08997949999999999 -0.25470247979797983
v 0.04918490909090917 -0.09504875635490623 -0.25470247979797983
v 0.04918490909090917 -0.08997949999999999 -0.24227550999268516
v 0.04918490909090917 -0.09324821833658331 0.000183843434343447
v 0.043163477303298114 -0.08997949999999999 0.015177156565656593
v 0.04918490909090917 -0.08997949999999999 0.009181358043453918
v 0.05038388950124872 -0.08997949999999999 -0.23970916666666667
v 0.06011488888888892 -0.08997949999999999 -0.22833492679981027
v 0.06011488888888892 -0.09348245400701075 -0.0148094696969697
v 0.057722811531011296 -0.08997949999999999 0.000183843434343447
v 0.06011488888888892 -0.08997949999999999 -0.0029970051642724672
v 0.061936489514839724 -0.08997949999999999 -0.2247158535353535
v 0.0673232755891431 -0.08997949999999999 -0.20972254040404037
v 0.0688007770217161 -0.08997949999999999 -0.1947292272727273
v 0.07104486868686878 -0.08997949999999999 -0.1933754215854589
v 0.07090058571088118 -0.08997949999999999 -0.07478272222222221
v 0.07104486868686878 -0.08997949999999999 -0.07488788095426249
v 0.06451467549104127 -0.08997949999999999 -0.05978940909090906
v 0.07104486868686878 -0.08997949999999999 -0.052491099911916875
v 0.07104486868686878 -0.09115762140395532 -0.04479609595959591
v 0.06986138813093354 -0.08997949999999999 -0.02980278282828276
v 0.07104486868686878 -0.08997949999999999 -0.03211579823761371
v 0.06240615225825589 -0.08997949999999999 -0.0148094696969697
v 0.06215575441817431 -0.08997949999999999 0.015177156565656593
v 0.07104486868686878 -0.08997949999999999 0.006604838435233341
v 0.07104486868686878 -0.09307637884111052 0.015177156565656593
v 0.06710842903361265 -0.08997949999999999 0.030170469696969824
v 0.07104486868686878 -0.0922152465032063 0.030170469696969824
v 0.07104486868686878 -0.08997949999999999 0.034368090854808686
v 0.07649694806087808 -0.08997949999999999 -0.17973591414141415
v 0.07703809901740238 -0.08997949999999999 -0.16474260101010102
v 0.07805911049840386 -0.08997949999999999 -0.14974928787878786
v 0.07364235203407168 -0.08997949999999999 -0.13475597474747472
v 0.07200049358755167 -0.08997949999999999 -0.11976266161616156
v 0.07383875261282004 -0.08997949999999999 -0.1047693484848485
v 0.07305206461235741 -0.08997949999999999 -0.08977603535353536
v 0.07276009634908016 -0.08997949999999999 -0.04479609595959591
v 0.08197484848484854 -0.08997949999999999 0.004926318279737744
v 0.08197484848484854 -0.09596659536434861 0.015177156565656593
v 0.08197484848484854 -0.09675969625891571 0.030170469696969824
v 0.08069473702311182 -0.08997949999999999 0.045163782828282886
v 0.08197484848484854 -0.09059207448843137 0.045163782828282886
v 0.08197484848484854 -0.08997949999999999 0.0459466770598854
v 0.09290482828282828 -0.08997949999999999 0.005860663136910901
v 0.09290482828282828 -0.0966962365158876 0.015177156565656593
v 0.09290482828282828 -0.09765224751242044 0.030170469696969824
v 0.09290482828282828 -0.09197514554072166 0.045163782828282886
v 0.09290482828282828 -0.08997949999999999 0.04785832234015652
v 0.10383480808080815 -0.08997949999999999 0.008958351685599537
v 0.10383480808080815 -0.09540597709537357 0.015177156565656593
v 0.10383480808080815 -0.09530884696583967 0.030170469696969824
v 0.09534340406237936 -0.08997949999999999 0.045163782828282886
v 0.10383480808080815 -0.08997949999999999 0.037716836530601046
v 0.1147647878787879 -0.08997949999999999 0.011764301278868558
v 0.1147647878787879 -0.09341322650205233 0.015177156565656593
v 0.11015421024520783 -0.08997949999999999 0.030170469696969824
v 0.1147647878787879 -0.08997949999999999 0.020883335635737
v 0.12569476767676777 -0.08997949999999999 0.011601122990079041
v 0.12569476767676777 -0.09583184021818551 0.015177156565656593
v 0.12569476767676777 -0.08997949999999999 0.02157446768798324
v 0.1366247474747475 -0.08997949999999999 0.007328631315077459
v 0.1284300941267222 -0.08997949999999999 0.030170469696969824
v 0.1366247474747475 -0.09517719131776167 0.030170469696969824
v 0.1366247474747475 -0.08997949999999999 0.0329893057399832
v 0.1400601493791026 -0.08997949999999999 -0.02980278282828276
v 0.1475547272727274 -0.08997949999999999 -0.0371634089850656
v 0.1475547272727274 -0.0933683622090188 -0.02980278282828276
v 0.1475547272727274 -0.08997949999999999 -0.01884588979426493
v 0.1475547272727274 -0.08997949999999999 0.008399215144546213
v 0.1475547272727274 -0.08997949999999999 0.04017545134193605
v 0.15499800353348167 -0.08997949999999999 -0.02980278282828276
v 0.15848470707070714 -0.08997949999999999 0.004925391439668242
v 0.15848470707070714 -0.09639317623476573 0.030170469696969824
v 0.15848470707070714 -0.08997949999999999 0.040225668859597344
v 0.16941468686868688 -0.09539191439331823 -0.0148094696969697
v 0.16941468686868688 -0.08997949999999999 0.007404240792611972
v 0.16941468686868688 -0.09429084857962286 0.030170469696969824
v 0.16941468686868688 -0.08997949999999999 0.03140115105333626
v 0.18034466666666676 -0.09720980956537766 -0.0148094696969697
v 0.18000620366320427 -0.08997949999999999 0.015177156565656593
v 0.18034466666666676 -0.09035634405505792 0.015177156565656593
v 0.17278261719014396 -0.08997949999999999 0.030170469696969824
v 0.18034466666666676 -0.0932339537551083 0.030170469696969824
v 0.1912746464646465 -0.09580145998591566 0.015177156565656593
v -0.18034466666666663 -0.08474029031345057 0.015177156565656593
v -0.18034466666666663 -0.0884139035558678 0.030170469696969824
v -0.1742159299075153 -0.08200368181818181 0.015177156565656593
v -0.16941468686868683 -0.08200368181818181 0.01284000299775138
v -0.1721339950941945 -0.08200368181818181 0.030170469696969824
v -0.16941468686868683 -0.08200368181818181 0.03191601075068945
v -0.15848470707070703 -0.08200368181818181 0.01264723991130414
v -0.15848470707070703 -0.08200368181818181 0.040916594002100924
v -0.14755472727272725 -0.08389376638797053 -0.02980278282828276
v -0.14755472727272725 -0.08200368181818181 0.013868454442384348
v -0.14755472727272725 -0.08200368181818181 0.044321525581084154
v -0.14060069366544942 -0.08200368181818181 -0.02980278282828276
v -0.13662474747474745 -0.08200368181818181 -0.03206561397104103
v -0.13662474747474745 -0.08493386579838295 -0.02980278282828276
v -0.13662474747474745 -0.08200368181818181 -0.024944362480645296
v -0.13662474747474745 -0.08200368181818181 0.012077840752062521
v -0.13662474747474745 -0.08200368181818181 0.040619358089404346
v -0.12895438653607005 -0.08200368181818181 -0.02980278282828276
v -0.12569476767676765 -0.08200368181818181 0.008969746413463146
v -0.12569476767676765 -0.08200368181818181 0.03117474320939483
v -0.11476478787878784 -0.08200368181818181 0.003800942030455664
v -0.11476478787878784 -0.08200368181818181 0.03277072640846575
v -0.10383480808080803 -0.08200368181818181 0.0003809722449661587
v -0.1070350293365962 -0.08200368181818181 0.045163782828282886
v -0.10383480808080803 -0.08948848997305368 0.045163782828282886
v -0.10383480808080803 -0.08200368181818181 0.054756745299647136
v -0.10211335701082588 -0.08200368181818181 0.000183843434343447
v -0.09290482828282823 -0.08200368181818181 -0.002140940283333617
v -0.09290482828282823 -0.0864209947111944 0.000183843434343447
v -0.09290482828282823 -0.08200368181818181 0.0564770248902637
v -0.08197484848484847 -0.08200368181818181 -0.004373784600135578
v -0.08197484848484847 -0.08829420596697944 0.000183843434343447
v -0.08197484848484847 -0.08200368181818181 0.05284860346381472
v -0.07275462157627305 -0.08200368181818181 -0.17973591414141415
v -0.07104486868686867 -0.08200368181818181 -0.18582361495750782
v -0.07591183972652796 -0.08200368181818181 -0.16474260101010102
v -0.07822113322107083 -0.08200368181818181 -0.14974928787878786
v -0.07802722145260138 -0.08200368181818181 -0.13475597474747472
v -0.07495372418695996 -0.08200368181818181 -0.11976266161616156
v -0.07507266267424995 -0.08200368181818181 -0.1047693484848485
v -0.07517035890500319 -0.08200368181818181 -0.08977603535353536
v -0.07208669962658519 -0.08200368181818181 -0.07478272222222221
v -0.07137846035645162 -0.08200368181818181 -0.05978940909090906
v -0.07104486868686867 -0.08321301980171539 -0.05978940909090906
v -0.0743583128661313 -0.08200368181818181 -0.04479609595959591
v -0.0726377763460587 -0.08200368181818181 -0.02980278282828276
v -0.07104486868686867 -0.08953949397743112 -0.02980278282828276
v -0.07104486868686867 -0.08200368181818181 -0.016460563678178584
v -0.07104486868686867 -0.08200368181818181 -0.012868120821701533
v -0.07104486868686867 -0.0898604572531497 0.000183843434343447
v -0.07236274311797798 -0.08200368181818181 0.045163782828282886
v -0.07104486868686867 -0.08200368181818181 0.04324568172321314
v -0.06011488888888886 -0.08349705975879199 -0.2247158535353535
v -0.06422965462963788 -0.08200368181818181 -0.20972254040404037
v -0.06011488888888886 -0.08200368181818181 -0.2211827084484731
v -0.06664198847635633 -0.08200368181818181 -0.1947292272727273
v -0.07005090120165759 -0.08200368181818181 -0.0148094696969697
v -0.06011488888888886 -0.08325867235605686 0.030170469696969824
v -0.06011488888888886 -0.08200368181818181 0.0313131292031747
v -0.04918490909090905 -0.0830883596807293 -0.23970916666666667
v -0.057708526635399715 -0.08200368181818181 -0.2247158535353535
v -0.04918490909090905 -0.08200368181818181 -0.23793352780486957
v -0.05749375946610478 -0.08200368181818181 0.030170469696969824
v -0.04918490909090905 -0.08200368181818181 0.025534963498059175
v -0.043846168910026045 -0.08200368181818181 -0.25470247979797983
v -0.03825492929292924 -0.08200368181818181 -0.25611055071358335
v -0.04798531200819668 -0.08200368181818181 -0.23970916666666667
v -0.03843705739502799 -0.08200368181818181 0.030170469696969824
v -0.03825492929292924 -0.08206555337223466 0.030170469696969824
v -0.03825492929292924 -0.08200368181818181 0.030232341272848094
v -0.029543325101240622 -0.08200368181818181 -0.26969579292929297
v -0.02732494949494943 -0.08200368181818181 -0.2789125314507638
v -0.02732494949494943 -0.08200368181818181 0.04178537588500713
v -0.016394969696969682 -0.08200368181818181 -0.27835678814179177
v -0.025698045952795488 -0.08200368181818181 0.045163782828282886
v -0.016394969696969682 -0.08918877317341033 0.045163782828282886
v -0.016394969696969682 -0.08200368181818181 0.05723394264896877
v -0.007629203434199094 -0.08200368181818181 -0.2846891060606061
v -0.005464989898989875 -0.08200368181818181 -0.2857405444214906
v -0.005464989898989875 -0.08336491080069289 -0.2846891060606061
v -0.015910606263783635 -0.08200368181818181 0.06015709595959595
v -0.005464989898989875 -0.08619632748007798 0.06015709595959595
v -0.005464989898989875 -0.08200368181818181 0.07188336463019848
v 0.0054649898989899345 -0.08200368181818181 -0.2866862758594146
v 0.0054649898989899345 -0.08423542630436404 -0.2846891060606061
v 0.0054649898989899345 -0.08619677453099872 0.06015709595959595
v 0.0054649898989899345 -0.08200368181818181 0.07203602605931925
v 0.009829664849978775 -0.08200368181818181 -0.2846891060606061
v 0.016394969696969804 -0.08200368181818181 -0.2797308740986552
v 0.016394969696969804 -0.08908198911320209 0.045163782828282886
v 0.015915479896516344 -0.08200368181818181 0.06015709595959595
v 0.016394969696969804 -0.08200368181818181 0.057201652418932145
v 0.02732494949494955 -0.08200368181818181 -0.2776453181808707
v 0.02531574738257686 -0.08200368181818181 0.045163782828282886
v 0.02732494949494955 -0.08200368181818181 0.04081668392837102
v 0.02935483442446381 -0.08200368181818181 -0.26969579292929297
v 0.0382549292929293 -0.08200368181818181 -0.255841079482
v 0.036573699691655304 -0.08200368181818181 0.030170469696969824
v 0.0382549292929293 -0.08200368181818181 0.027276475415174965
v 0.04212868077235735 -0.08200368181818181 -0.25470247979797983
v 0.04320502140943047 -0.08200368181818181 -0.23970916666666667
v 0.04918490909090917 -0.08781725974432987 -0.23970916666666667
v 0.04918490909090917 -0.08200368181818181 -0.23033812537619566
v 0.04918490909090917 -0.08709610520301575 0.015177156565656593
v 0.04918490909090917 -0.08200368181818181 0.02187646981873671
v 0.052724126023563106 -0.08200368181818181 -0.2247158535353535
v 0.06011488888888892 -0.08651843958304122 -0.2247158535353535
v 0.06011488888888892 -0.08200368181818181 -0.21442918513861017
v 0.06011488888888892 -0.08887232334712408 0.000183843434343447
v 0.06011488888888892 -0.08889118084255444 0.015177156565656593
v 0.05839462576974158 -0.08200368181818181 0.030170469696969824
v 0.06011488888888892 -0.08299852791761514 0.030170469696969824
v 0.06011488888888892 -0.08200368181818181 0.031194060718963072
v 0.06200096403363687 -0.08200368181818181 -0.20972254040404037
v 0.06453239498738454 -0.08200368181818181 -0.1947292272727273
v 0.07104486868686878 -0.08200368181818181 -0.1821753474613788
v 0.07104486868686878 -0.08995532560960395 -0.07478272222222221
v 0.07104486868686878 -0.08229882233640386 -0.05978940909090906
v 0.07104486868686878 -0.08589697586867322 -0.02980278282828276
v 0.06621697649091526 -0.08200368181818181 -0.0148094696969697
v 0.07104486868686878 -0.08200368181818181 -0.02390450370616725
v 0.07104486868686878 -0.08200368181818181 -0.006264190219126451
v 0.07104486868686878 -0.08667889826980982 0.000183843434343447
v 0.07080384240946908 -0.08200368181818181 0.045163782828282886
v 0.07104486868686878 -0.08223820739721469 0.045163782828282886
v 0.07104486868686878 -0.08200368181818181 0.04536226890587159
v 0.07174978285472895 -0.08200368181818181 -0.17973591414141415
v 0.07481335192273117 -0.08200368181818181 -0.16474260101010102
v 0.07750669893712794 -0.08200368181818181 -0.14974928787878786
v 0.07745311510317218 -0.08200368181818181 -0.13475597474747472
v 0.07444498521977369 -0.08200368181818181 -0.11976266161616156
v 0.07661143490209599 -0.08200368181818181 -0.1047693484848485
v 0.07749426124358046 -0.08200368181818181 -0.08977603535353536
v 0.07205819517562201 -0.08200368181818181 -0.07478272222222221
v 0.07112352738356885 -0.08200368181818181 -0.05978940909090906
v 0.07573762708200009 -0.08200368181818181 -0.04479609595959591
v 0.07177051121119041 -0.08200368181818181 -0.02980278282828276
v 0.08197484848484854 -0.08200368181818181 -0.002159775273045406
v 0.08197484848484854 -0.0853049049874719 0.000183843434343447
v 0.08197484848484854 -0.08200368181818181 0.05405665891488178
v 0.08771503900789979 -0.08200368181818181 0.000183843434343447
v 0.09290482828282828 -0.08200368181818181 0.0012358000689532724
v 0.09290482828282828 -0.08200368181818181 0.05667477199990946
v 0.10383480808080815 -0.08200368181818181 0.004505317862822326
v 0.10383480808080815 -0.08736913558850799 0.045163782828282886
v 0.10383480808080815 -0.08200368181818181 0.052961013940652474
v 0.1147647878787879 -0.08200368181818181 0.007630366664319537
v 0.1147647878787879 -0.08272157161393083 0.030170469696969824
v 0.10549148368927981 -0.08200368181818181 0.045163782828282886
v 0.1147647878787879 -0.08200368181818181 0.030265164855531844
v 0.12569476767676777 -0.08200368181818181 0.011207257692725814
v 0.12569476767676777 -0.0860855206715806 0.030170469696969824
v 0.12569476767676777 -0.08200368181818181 0.03071054862859926
v 0.1366247474747475 -0.08200368181818181 0.012264667705929986
v 0.1366247474747475 -0.08200368181818181 0.04026159313532382
v 0.1475547272727274 -0.08424288586677536 -0.02980278282828276
v 0.1475547272727274 -0.08200368181818181 0.011802093821508436
v 0.1475547272727274 -0.08200368181818181 0.043811526332772736
v 0.15848470707070714 -0.08200368181818181 0.009540018522183244
v 0.15848470707070714 -0.08200368181818181 0.03990384579578579
v 0.16941468686868688 -0.08200368181818181 0.013605471996962177
v 0.1686059954732272 -0.08200368181818181 0.030170469696969824
v 0.16941468686868688 -0.08200368181818181 0.02276509532187957
v 0.16941468686868688 -0.08555834080936517 0.030170469696969824
v 0.1714747286771031 -0.08200368181818181 0.015177156565656593
v -0.16941468686868683 -0.07993647115171892 0.015177156565656593
v -0.16941468686868683 -0.07999019136196084 0.030170469696969824
v -0.15848470707070703 -0.07829311929626837 0.015177156565656593
v -0.1614946473731777 -0.07402786363636361 0.030170469696969824
v -0.15848470707070703 -0.07402786363636361 0.026753789182680284
v -0.15848470707070703 -0.07402786363636361 0.03271630672991744
v -0.14755472727272725 -0.07891553966399095 0.015177156565656593
v -0.14755472727272725 -0.07402786363636361 0.022366273781134052
v -0.14755472727272725 -0.07402786363636361 0.0394079507016357
v -0.13662474747474745 -0.0793228579026593 -0.02980278282828276
v -0.13662474747474745 -0.07731965729116086 0.015177156565656593
v -0.13662474747474745 -0.07402786363636361 0.02181069495753766
v -0.13662474747474745 -0.07402786363636361 0.04023141230541599
v -0.1296846204351779 -0.07402786363636361 -0.02980278282828276
v -0.12569476767676765 -0.07402786363636361 -0.032251427296379837
v -0.12569476767676765 -0.07983161505347994 -0.02980278282828276
v -0.12569476767676765 -0.07402786363636361 -0.024816607455735128
v -0.1258161378779434 -0.07402786363636361 0.015177156565656593
v -0.12569476767676765 -0.07402786363636361 0.015151841860608764
v -0.1303618366871188 -0.07402786363636361 0.045163782828282886
v -0.12569476767676765 -0.07422888563075979 0.045163782828282886
v -0.12569476767676765 -0.07402786363636361 0.04636731933801287
v -0.11476478787878784 -0.07402786363636361 -0.033344712784219396
v -0.11476478787878784 -0.0774592551224046 -0.02980278282828276
v -0.11476478787878784 -0.07402786363636361 -0.021888613896488406
v -0.11476478787878784 -0.07402786363636361 0.008334115898133317
v -0.12020874516880257 -0.07402786363636361 0.030170469696969824
v -0.11476478787878784 -0.07402786363636361 0.02927440403031476
v -0.11476478787878784 -0.07570614687852709 0.030170469696969824
v -0.12563983406333107 -0.07402786363636361 0.045163782828282886
v -0.10883732296229731 -0.07402786363636361 -0.02980278282828276
v -0.10383480808080803 -0.07402786363636361 0.0032039441492230872
v -0.11445990607425846 -0.07402786363636361 0.030170469696969824
v -0.10511138347983855 -0.07402786363636361 0.045163782828282886
v -0.10383480808080803 -0.07402786363636361 0.05883489899630159
v -0.09524314716374101 -0.07402786363636361 0.000183843434343447
v -0.09290482828282823 -0.07402786363636361 -0.0034154023685824117
v -0.09290482828282823 -0.07402786363636361 0.05932369773276191
v -0.08197484848484847 -0.07402786363636361 -0.008470563393731603
v -0.08197484848484847 -0.07402786363636361 0.056085331588534924
v -0.07104486868686867 -0.07773733489087944 -0.17973591414141415
v -0.07260781378329796 -0.07402786363636361 -0.16474260101010102
v -0.07104486868686867 -0.07402786363636361 -0.1716479085620136
v -0.07449275101140627 -0.07402786363636361 -0.14974928787878786
v -0.07467445641492745 -0.07402786363636361 -0.13475597474747472
v -0.07264191203852051 -0.07402786363636361 -0.11976266161616156
v -0.077952636223636 -0.07402786363636361 -0.1047693484848485
v -0.07284455929979144 -0.07402786363636361 -0.08977603535353536
v -0.07529948133094562 -0.07402786363636361 -0.07478272222222221
v -0.07104486868686867 -0.07402786363636361 -0.0605650177878923
v -0.07104486868686867 -0.07616712610934895 -0.05978940909090906
v -0.07516306355952213 -0.07402786363636361 -0.04479609595959591
v -0.07104486868686867 -0.07402786363636361 -0.05952136651021023
v -0.07292847498945101 -0.07402786363636361 -0.02980278282828276
v -0.07287593400841565 -0.07402786363636361 -0.0148094696969697
v -0.07104486868686867 -0.07921910652725 -0.0148094696969697
v -0.07104486868686867 -0.078222314301517 0.045163782828282886
v -0.07104486868686867 -0.07402786363636361 0.046786276535596916
v -0.061984617060907216 -0.07402786363636361 -0.20972254040404037
v -0.06011488888888886 -0.07402786363636361 -0.2148521377286812
v -0.06468835486154449 -0.07402786363636361 -0.1947292272727273
v -0.06816998197925625 -0.07402786363636361 -0.17973591414141415
v -0.0700922687272285 -0.07402786363636361 -0.05978940909090906
v -0.06915465702660294 -0.07402786363636361 0.045163782828282886
v -0.06011488888888886 -0.07402786363636361 0.0340493293377599
v -0.05464500400403891 -0.07402786363636361 -0.2247158535353535
v -0.04918490909090905 -0.07402786363636361 -0.23306330246395612
v -0.052512001387725084 -0.07402786363636361 0.030170469696969824
v -0.04918490909090905 -0.07402786363636361 0.02830343872635477
v -0.0420311598344089 -0.07402786363636361 -0.25470247979797983
v -0.03825492929292924 -0.07402786363636361 -0.256760937423439
v -0.04437110868549392 -0.07402786363636361 -0.23970916666666667
v -0.045644532846283926 -0.07402786363636361 0.030170469696969824
v -0.03825492929292924 -0.07402786363636361 0.0342674976427976
v -0.03178940952807936 -0.07402786363636361 -0.26969579292929297
v -0.02732494949494943 -0.07402786363636361 -0.27920443155930413
v -0.030374766137151198 -0.07402786363636361 0.045163782828282886
v -0.02732494949494943 -0.07814711943500983 0.045163782828282886
v -0.02732494949494943 -0.07402786363636361 0.048597938384434235
v -0.016394969696969682 -0.07402786363636361 -0.278465809448182
v -0.021324826543002377 -0.07402786363636361 0.06015709595959595
v -0.016394969696969682 -0.07945795536740398 0.06015709595959595
v -0.016394969696969682 -0.07402786363636361 0.06677335786158371
v -0.013102317937864226 -0.07402786363636361 -0.2846891060606061
v -0.005464989898989875 -0.07402786363636361 -0.28945201853635405
v -0.006715110676804427 -0.07402786363636361 -0.13475597474747472
v -0.005464989898989875 -0.07402786363636361 -0.14652854091662362
v -0.005464989898989875 -0.07467789774292832 -0.13475597474747472
v -0.0069608161041938895 -0.07402786363636361 -0.11976266161616156
v -0.005464989898989875 -0.07471578447703887 -0.11976266161616156
v -0.005464989898989875 -0.07402786363636361 -0.11599853009224388
v -0.013402094269641633 -0.07402786363636361 0.07515040909090918
v -0.005464989898989875 -0.07836513869308281 0.07515040909090918
v -0.005464989898989875 -0.07402786363636361 0.0818126126120005
v 0.0054649898989899345 -0.07402786363636361 -0.28977695619425275
v 0.0038600586045928016 -0.07402786363636361 -0.14974928787878786
v 0.0054649898989899345 -0.07402786363636361 -0.15020367930441536
v 0.0054649898989899345 -0.07405999183221622 -0.14974928787878786
v 0.0054649898989899345 -0.074539720832601 -0.13475597474747472
v 0.0054649898989899345 -0.07409652365819872 -0.11976266161616156
v 0.0054649898989899345 -0.07402786363636361 -0.11937025396059557
v 0.0054649898989899345 -0.07852936800201266 0.07515040909090918
v 0.0054649898989899345 -0.07402786363636361 0.08376811326397643
v 0.013295479405259634 -0.07402786363636361 -0.2846891060606061
v 0.016394969696969804 -0.07402786363636361 -0.2782243621409842
v 0.005527387257687564 -0.07402786363636361 -0.14974928787878786
v 0.006413681526154098 -0.07402786363636361 -0.13475597474747472
v 0.005592717682143171 -0.07402786363636361 -0.11976266161616156
v 0.016394969696969804 -0.07939954677819626 0.06015709595959595
v 0.0138087620141684 -0.07402786363636361 0.07515040909090918
v 0.016394969696969804 -0.07402786363636361 0.06725456818020385
v 0.02732494949494955 -0.07402786363636361 -0.27727021229103466
v 0.02732494949494955 -0.07651199903435119 0.045163782828282886
v 0.021042259128895537 -0.07402786363636361 0.06015709595959595
v 0.02732494949494955 -0.07402786363636361 0.047105899056971656
v 0.030892158271899957 -0.07402786363636361 -0.26969579292929297
v 0.0382549292929293 -0.07402786363636361 -0.25598035127032825
v 0.0382549292929293 -0.07610350041913305 0.030170469696969824
v 0.028913894805702566 -0.07402786363636361 0.045163782828282886
v 0.0382549292929293 -0.07402786363636361 0.031004371666989886
v 0.040367740253929446 -0.07402786363636361 -0.25470247979797983
v 0.03987990041399411 -0.07402786363636361 -0.23970916666666667
v 0.04918490909090917 -0.07402786363636361 -0.22564062699586798
v 0.03975314617593186 -0.07402786363636361 0.030170469696969824
v 0.04918490909090917 -0.07402786363636361 0.024297127606682137
v 0.04971812669805725 -0.07402786363636361 -0.2247158535353535
v 0.05736229309031261 -0.07402786363636361 -0.20972254040404037
v 0.06011488888888892 -0.07745102333929951 -0.20972254040404037
v 0.06011488888888892 -0.07402786363636361 -0.20269862945479078
v 0.05483504388059095 -0.07402786363636361 0.030170469696969824
v 0.06011488888888892 -0.07402786363636361 0.03428392949108737
v 0.061973348054582225 -0.07402786363636361 -0.1947292272727273
v 0.06506888045038561 -0.07402786363636361 -0.17973591414141415
v 0.07104486868686878 -0.08047994924466452 -0.17973591414141415
v 0.06972223606333032 -0.07402786363636361 -0.16474260101010102
v 0.07104486868686878 -0.07503159324943509 -0.16474260101010102
v 0.07104486868686878 -0.07402786363636361 -0.1601578890628718
v 0.0681914686717326 -0.07402786363636361 -0.05978940909090906
v 0.07104486868686878 -0.07402786363636361 -0.0635887264797765
v 0.07104486868686878 -0.08097527265775967 -0.05978940909090906
v 0.07104486868686878 -0.07402786363636361 -0.05863406820258747
v 0.06757270201194235 -0.07402786363636361 -0.0148094696969697
v 0.07104486868686878 -0.07402786363636361 -0.022055596261025753
v 0.07104486868686878 -0.07402786363636361 -0.010317158501199006
v 0.0667899463490795 -0.07402786363636361 0.045163782828282886
v 0.07104486868686878 -0.07402786363636361 0.04939689324697352
v 0.07263867397820734 -0.07402786363636361 -0.14974928787878786
v 0.0733483618845435 -0.07402786363636361 -0.13475597474747472
v 0.07209235716965186 -0.07402786363636361 -0.11976266161616156
v 0.07795026559088603 -0.07402786363636361 -0.1047693484848485
v 0.07454475677937837 -0.07402786363636361 -0.08977603535353536
v 0.07415527753140047 -0.07402786363636361 -0.07478272222222221
v 0.07503907833523689 -0.07402786363636361 -0.04479609595959591
v 0.07201346609977843 -0.07402786363636361 -0.02980278282828276
v 0.08197484848484854 -0.07402786363636361 -0.005217337544737434
v 0.08197484848484854 -0.07402786363636361 0.05794803999058622
v 0.09052369463852923 -0.07402786363636361 0.000183843434343447
v 0.09290482828282828 -0.07402786363636361 0.0006569562835026001
v 0.0920009971574609 -0.07402786363636361 0.06015709595959595
v 0.09290482828282828 -0.0743642434019785 0.06015709595959595
v 0.09290482828282828 -0.07402786363636361 0.06043304403856079
v 0.10383480808080815 -0.07402786363636361 0.006315271791061339
v 0.0933249688932575 -0.07402786363636361 0.06015709595959595
v 0.10383480808080815 -0.07402786363636361 0.05924666133989654
v 0.10894011029955988 -0.07402786363636361 -0.02980278282828276
v 0.1147647878787879 -0.07402786363636361 -0.03346552944802584
v 0.1147647878787879 -0.07750450521142069 -0.02980278282828276
v 0.1147647878787879 -0.07402786363636361 -0.02207671868197645
v 0.1147647878787879 -0.07402786363636361 0.010439094125977513
v 0.11317566570291679 -0.07402786363636361 0.030170469696969824
v 0.1147647878787879 -0.07402786363636361 0.02410647536999857
v 0.1147647878787879 -0.08176921600839458 0.030170469696969824
v 0.10467871771277756 -0.07402786363636361 0.045163782828282886
v 0.12569476767676777 -0.07402786363636361 -0.03163310457612676
v 0.12569476767676777 -0.07850996188135599 -0.02980278282828276
v 0.12569476767676777 -0.07402786363636361 -0.02600449223454914
v 0.12442670035346019 -0.07402786363636361 0.015177156565656593
v 0.12569476767676777 -0.07624595606699766 0.015177156565656593
v 0.12524321090431703 -0.07402786363636361 0.030170469696969824
v 0.12569476767676777 -0.07402786363636361 0.027436751216040754
v 0.1255220621889304 -0.07402786363636361 0.045163782828282886
v 0.12569476767676777 -0.07473845592693323 0.045163782828282886
v 0.12569476767676777 -0.07402786363636361 0.04959846973084625
v 0.12865413236625511 -0.07402786363636361 -0.02980278282828276
v 0.1366247474747475 -0.07769762556458584 0.015177156565656593
v 0.1366247474747475 -0.07402786363636361 0.020863511155104604
v 0.13509126644316102 -0.07402786363636361 0.045163782828282886
v 0.1366247474747475 -0.07402786363636361 0.04216890124949638
v 0.1475547272727274 -0.07624665260557263 0.015177156565656593
v 0.1475547272727274 -0.07402786363636361 0.01947275884087155
v 0.1475547272727274 -0.07402786363636361 0.04013702987921114
v 0.15848470707070714 -0.07559751686835853 0.015177156565656593
v 0.15848470707070714 -0.07402786363636361 0.02263589801360415
v 0.15848470707070714 -0.07402786363636361 0.033393448710605816
v 0.16941468686868688 -0.08058748171590145 0.015177156565656593
v 0.16190913553676856 -0.07402786363636361 0.030170469696969824
v -0.15848470707070703 -0.07231612546628358 0.030170469696969824
v -0.14755472727272725 -0.06858678086202558 0.030170469696969824
v -0.13662474747474745 -0.0685459990331288 0.030170469696969824
v -0.12569476767676765 -0.07072410714978622 -0.02980278282828276
v -0.12569476767676765 -0.07399545865825163 0.015177156565656593
v -0.12569476767676765 -0.07228417501919339 0.030170469696969824
v -0.12569476767676765 -0.07288638225660729 0.045163782828282886
v -0.11952739413874938 -0.06605204545454547 -0.02980278282828276
v -0.11476478787878784 -0.06605204545454547 -0.032426599009909414
v -0.11476478787878784 -0.06605204545454547 -0.024670976707001163
v -0.11476478787878784 -0.06804730393346183 0.015177156565656593
v -0.12095971915050067 -0.06605204545454547 0.045163782828282886
v -0.11476478787878784 -0.06605204545454547 0.040411900156182075
v -0.11476478787878784 -0.06635562248358635 0.045163782828282886
v -0.11476478787878784 -0.06605204545454547 0.052998082547285136
v -0.10383480808080803 -0.06605204545454547 -0.034081033378830436
v -0.10383480808080803 -0.07103081087980027 -0.02980278282828276
v -0.10383480808080803 -0.06605204545454547 -0.020397807535160607
v -0.10383480808080803 -0.06626478244747451 0.015177156565656593
v -0.11286947556269192 -0.06605204545454547 0.030170469696969824
v -0.10383480808080803 -0.06605204545454547 0.015249761470614716
v -0.10383480808080803 -0.06605204545454547 0.05919691437873976
v -0.09456707619666804 -0.06605204545454547 -0.02980278282828276
v -0.09290482828282823 -0.07008274599268287 0.000183843434343447
v -0.10361053490196866 -0.06605204545454547 0.015177156565656593
v -0.09290482828282823 -0.06605204545454547 0.0009468450238438036
v -0.09290482828282823 -0.06605204545454547 0.05996950287451731
v -0.08975044159780865 -0.06605204545454547 0.000183843434343447
v -0.08197484848484847 -0.06605204545454547 -0.010206599907558477
v -0.08197484848484847 -0.06605204545454547 0.05676825389789911
v -0.07128519824114703 -0.06605204545454547 -0.16474260101010102
v -0.07104486868686867 -0.06605204545454547 -0.16573601863912196
v -0.07359448472617502 -0.06605204545454547 -0.14974928787878786
v -0.07358105185206014 -0.06605204545454547 -0.13475597474747472
v -0.07244938292476506 -0.06605204545454547 -0.11976266161616156
v -0.08073681508304181 -0.06605204545454547 -0.1047693484848485
v -0.07104486868686867 -0.06605204545454547 -0.08989522018349452
v -0.07104486868686867 -0.06958191049459965 -0.08977603535353536
v -0.07104486868686867 -0.06772515630131379 -0.07478272222222221
v -0.07104486868686867 -0.06720764935900733 -0.04479609595959591
v -0.07104486868686867 -0.0667421278079708 -0.02980278282828276
v -0.07462498427043351 -0.06605204545454547 -0.0148094696969697
v -0.07104486868686867 -0.06605204545454547 -0.02707373531632897
v -0.07104486868686867 -0.06605204545454547 0.04652537887719203
v -0.06288080340462593 -0.06605204545454547 -0.20972254040404037
v -0.06011488888888886 -0.06605204545454547 -0.21763522870579813
v -0.06539380410946938 -0.06605204545454547 -0.1947292272727273
v -0.06675031730249563 -0.06605204545454547 -0.17973591414141415
v -0.0675258544913692 -0.06605204545454547 -0.08977603535353536
v -0.06641435255679401 -0.06605204545454547 -0.07478272222222221
v -0.06458459048648157 -0.06605204545454547 -0.05978940909090906
v -0.06631668539320867 -0.06605204545454547 -0.04479609595959591
v -0.0705876287917452 -0.06605204545454547 -0.02980278282828276
v -0.060359551614641856 -0.06605204545454547 0.030170469696969824
v -0.06011488888888886 -0.06605204545454547 0.029845292243981036
v -0.06011488888888886 -0.06705488428408271 0.030170469696969824
v -0.06981749763053813 -0.06605204545454547 0.045163782828282886
v -0.05633684713275587 -0.06605204545454547 -0.2247158535353535
v -0.04918490909090905 -0.06605204545454547 -0.23540532432437927
v -0.04918490909090905 -0.06605204545454547 0.025091621429596048
v -0.03935127620744849 -0.06605204545454547 -0.25470247979797983
v -0.03825492929292924 -0.06605204545454547 -0.25530540054061374
v -0.04417913841113628 -0.06605204545454547 -0.23970916666666667
v -0.04194064775506506 -0.06605204545454547 0.030170469696969824
v -0.03825492929292924 -0.06605204545454547 0.03447985329967798
v -0.032254572724635576 -0.06605204545454547 -0.26969579292929297
v -0.02732494949494943 -0.06605204545454547 -0.2787223680388708
v -0.032223124084680484 -0.06605204545454547 0.045163782828282886
v -0.02732494949494943 -0.06605204545454547 0.05292219492153341
v -0.016394969696969682 -0.06605204545454547 -0.27569554200399415
v -0.016492793244927084 -0.06605204545454547 -0.17973591414141415
v -0.016394969696969682 -0.06605204545454547 -0.18025794914848153
v -0.016394969696969682 -0.06615697769695085 -0.17973591414141415
v -0.018163241863145108 -0.06605204545454547 -0.16474260101010102
v -0.016394969696969682 -0.06790420540853985 -0.16474260101010102
v -0.019288201276117536 -0.06605204545454547 -0.14974928787878786
v -0.016394969696969682 -0.0688846653578396 -0.14974928787878786
v -0.020851974822948854 -0.06605204545454547 -0.13475597474747472
v -0.016394969696969682 -0.0700667364128158 -0.13475597474747472
v -0.02135074035534457 -0.06605204545454547 -0.11976266161616156
v -0.016394969696969682 -0.07052807264438449 -0.11976266161616156
v -0.02176415845389157 -0.06605204545454547 -0.1047693484848485
v -0.016394969696969682 -0.06961457818560904 -0.1047693484848485
v -0.016394969696969682 -0.06605204545454547 -0.09053467215239934
v -0.0239654143886652 -0.06605204545454547 0.06015709595959595
v -0.019076395947605077 -0.06605204545454547 0.07515040909090918
v -0.016394969696969682 -0.06885491010497627 0.07515040909090918
v -0.019989576541024835 -0.06605204545454547 0.09014372222222225
v -0.016394969696969682 -0.06917802222990153 0.09014372222222225
v -0.016394969696969682 -0.06605204545454547 0.10398207621776315
v -0.011144030762366957 -0.06605204545454547 -0.2846891060606061
v -0.005464989898989875 -0.06605204545454547 -0.28815983629363956
v -0.006079606307915514 -0.06605204545454547 -0.20972254040404037
v -0.005464989898989875 -0.06605204545454547 -0.2112441745000461
v -0.005464989898989875 -0.0663587252507006 -0.20972254040404037
v -0.011270105474787191 -0.06605204545454547 -0.1947292272727273
v -0.005464989898989875 -0.0690772455540392 -0.1947292272727273
v -0.005464989898989875 -0.0711169784931632 -0.17973591414141415
v -0.005464989898989875 -0.07278930095862224 -0.16474260101010102
v -0.005464989898989875 -0.07389877224960735 -0.14974928787878786
v -0.005464989898989875 -0.07244470846852402 -0.1047693484848485
v -0.015281532252918208 -0.06605204545454547 -0.08977603535353536
v -0.005464989898989875 -0.06787375502150167 -0.08977603535353536
v -0.005464989898989875 -0.06605204545454547 -0.08640053985973979
v -0.005464989898989875 -0.07145908901265535 0.09014372222222225
v -0.014931904135435539 -0.06605204545454547 0.10513703535353548
v -0.005464989898989875 -0.0688436586081075 0.10513703535353548
v -0.005464989898989875 -0.06605204545454547 0.1092657714240178
v 0.0054649898989899345 -0.06605204545454547 -0.28854930601856776
v 0.0054649898989899345 -0.06605204545454547 -0.21573063088060257
v 0.0054649898989899345 -0.06725198990016097 -0.20972254040404037
v 0.0054649898989899345 -0.06978548464451048 -0.1947292272727273
v 0.0054649898989899345 -0.07175831857591133 -0.17973591414141415
v 0.0054649898989899345 -0.07328589760929015 -0.16474260101010102
v 0.0054649898989899345 -0.07209278423093848 -0.1047693484848485
v 0.0054649898989899345 -0.06722184199761763 -0.08977603535353536
v 0.0054649898989899345 -0.06605204545454547 -0.08769274904332838
v 0.0054649898989899345 -0.07157933383242486 0.09014372222222225
v 0.0054649898989899345 -0.06869369609671923 0.10513703535353548
v 0.0054649898989899345 -0.06605204545454547 0.10884588249852277
v 0.009638006471457244 -0.06605204545454547 -0.2846891060606061
v 0.016394969696969804 -0.06605204545454547 -0.27282693643346945
v 0.008593638327222194 -0.06605204545454547 -0.20972254040404037
v 0.014212327923927185 -0.06605204545454547 -0.1947292272727273
v 0.016394969696969804 -0.06605204545454547 -0.18872192766230872
v 0.016394969696969804 -0.06757336569618137 -0.17973591414141415
v 0.016394969696969804 -0.06921166893362561 -0.16474260101010102
v 0.016394969696969804 -0.06966292941761548 -0.14974928787878786
v 0.016394969696969804 -0.06996386978809822 -0.13475597474747472
v 0.016394969696969804 -0.06951003513606482 -0.11976266161616156
v 0.016394969696969804 -0.06810184692627805 -0.1047693484848485
v 0.00904868706986577 -0.06605204545454547 -0.08977603535353536
v 0.016394969696969804 -0.06605204545454547 -0.09782020564972058
v 0.016394969696969804 -0.06936977172362109 0.07515040909090918
v 0.016394969696969804 -0.0692940878987804 0.09014372222222225
v 0.01424789271355398 -0.06605204545454547 0.10513703535353548
v 0.016394969696969804 -0.06605204545454547 0.10305239287852341
v 0.02732494949494955 -0.06605204545454547 -0.27319491730749756
v 0.01796293384144268 -0.06605204545454547 -0.17973591414141415
v 0.019566169783616222 -0.06605204545454547 -0.16474260101010102
v 0.02028085936769516 -0.06605204545454547 -0.14974928787878786
v 0.020362627241474075 -0.06605204545454547 -0.13475597474747472
v 0.019772389469497116 -0.06605204545454547 -0.11976266161616156
v 0.018866388058798533 -0.06605204545454547 -0.1047693484848485
v 0.02343660424745446 -0.06605204545454547 0.06015709595959595
v 0.02732494949494955 -0.06605204545454547 0.0506432024808567
v 0.019233529631727492 -0.06605204545454547 0.07515040909090918
v 0.019689799951714798 -0.06605204545454547 0.09014372222222225
v 0.029089765867197033 -0.06605204545454547 -0.26969579292929297
v 0.03711341454193268 -0.06605204545454547 -0.25470247979797983
v 0.0382549292929293 -0.0676415561466761 -0.25470247979797983
v 0.0382549292929293 -0.06605204545454547 -0.24388085707668064
v 0.03791472128308737 -0.06605204545454547 0.030170469696969824
v 0.0382549292929293 -0.06605204545454547 0.02958664299920878
v 0.0382549292929293 -0.06939765502185782 0.030170469696969824
v 0.030435705363252154 -0.06605204545454547 0.045163782828282886
v 0.03887906714468463 -0.06605204545454547 -0.23970916666666667
v 0.04918490909090917 -0.06605204545454547 -0.2284847585897482
v 0.04918490909090917 -0.06605204545454547 0.019628398525345807
v 0.05136224193794761 -0.06605204545454547 -0.2247158535353535
v 0.05893994830070663 -0.06605204545454547 -0.20972254040404037
v 0.06011488888888892 -0.06605204545454547 -0.20663927420385472
v 0.06011488888888892 -0.06605204545454547 0.02958099021229017
v 0.06011488888888892 -0.067018630475396 0.030170469696969824
v 0.06275277695718447 -0.06605204545454547 -0.1947292272727273
v 0.06378212515368953 -0.06605204545454547 -0.17973591414141415
v 0.06705072508341327 -0.06605204545454547 -0.16474260101010102
v 0.070348081722309 -0.06605204545454547 -0.14974928787878786
v 0.07104486868686878 -0.06837815164016679 -0.14974928787878786
v 0.07104486868686878 -0.06605204545454547 -0.14544685767341503
v 0.0703686209607788 -0.06605204545454547 -0.08977603535353536
v 0.07104486868686878 -0.06605204545454547 -0.08979847700592054
v 0.07104486868686878 -0.06668544521240295 -0.08977603535353536
v 0.06703911985347406 -0.06605204545454547 -0.07478272222222221
v 0.07104486868686878 -0.06838481925731309 -0.07478272222222221
v 0.06461513028146781 -0.06605204545454547 -0.05978940909090906
v 0.07104486868686878 -0.06605204545454547 -0.056752470710521606
v 0.06692531959050403 -0.06605204545454547 -0.0148094696969697
v 0.07104486868686878 -0.06605204545454547 -0.02561682484962287
v 0.07104486868686878 -0.06605204545454547 -0.010016699476210006
v 0.06029178161687058 -0.06605204545454547 0.030170469696969824
v 0.06723800603164051 -0.06605204545454547 0.045163782828282886
v 0.07104486868686878 -0.06605204545454547 0.049929001767309626
v 0.0722906231244938 -0.06605204545454547 -0.13475597474747472
v 0.07159791077252087 -0.06605204545454547 -0.11976266161616156
v 0.08088930733995314 -0.06605204545454547 -0.1047693484848485
v 0.07475159552568221 -0.06605204545454547 -0.04479609595959591
v 0.07161064205694459 -0.06605204545454547 -0.02980278282828276
v 0.08197484848484854 -0.06605204545454547 -0.005285971239653681
v 0.08197484848484854 -0.06605204545454547 0.05923272238167017
v 0.08518911785941297 -0.06605204545454547 0.000183843434343447
v 0.09290482828282828 -0.06605204545454547 0.0022404797434385157
v 0.08484546284922447 -0.06605204545454547 0.06015709595959595
v 0.09290482828282828 -0.06605204545454547 0.0636271554394442
v 0.09702384909936695 -0.06605204545454547 -0.02980278282828276
v 0.10383480808080815 -0.06605204545454547 -0.0334713546929674
v 0.10383480808080815 -0.07042132783063507 -0.02980278282828276
v 0.10383480808080815 -0.06605204545454547 -0.022084465667756372
v 0.10225271675207115 -0.06605204545454547 0.015177156565656593
v 0.10383480808080815 -0.06862451784717176 0.015177156565656593
v 0.10383480808080815 -0.06605204545454547 0.015590608121222174
v 0.10383480808080815 -0.06734556840071712 0.06015709595959595
v 0.10383480808080815 -0.06605204545454547 0.06137732828157213
v 0.1147647878787879 -0.06605204545454547 -0.03286895196166108
v 0.1147647878787879 -0.06605204545454547 -0.024268897128265
v 0.1147647878787879 -0.07011632562844639 0.015177156565656593
v 0.11343650699580948 -0.06605204545454547 0.030170469696969824
v 0.1147647878787879 -0.06605204545454547 0.038470661683282135
v 0.1147647878787879 -0.06646628276536092 0.045163782828282886
v 0.10447456687938358 -0.06605204545454547 0.06015709595959595
v 0.1147647878787879 -0.06605204545454547 0.05663152469441951
v 0.11997349299721154 -0.06605204545454547 -0.02980278282828276
v 0.12569476767676777 -0.07147496515905188 -0.02980278282828276
v 0.12569476767676777 -0.07357236238269681 0.030170469696969824
v 0.12354333740873569 -0.06605204545454547 0.045163782828282886
v 0.12569476767676777 -0.06968433252573489 0.045163782828282886
v 0.1366247474747475 -0.067911781989693 0.030170469696969824
v 0.1475547272727274 -0.06781495009707951 0.030170469696969824
v 0.15848470707070714 -0.07163407261141833 0.030170469696969824
v -0.11476478787878784 -0.06227155326091624 -0.02980278282828276
v -0.11476478787878784 -0.059163141991230156 0.045163782828282886
v -0.10751113485835774 -0.05807622727272728 -0.02980278282828276
v -0.10383480808080803 -0.05807622727272728 -0.031509092203759054
v -0.10383480808080803 -0.05807622727272728 -0.025955966292557392
v -0.10383480808080803 -0.05889039797242579 0.030170469696969824
v -0.11250228663748475 -0.05807622727272728 0.045163782828282886
v -0.10383480808080803 -0.05807622727272728 0.040050663290023304
v -0.10383480808080803 -0.05807622727272728 0.05715342994971424
v -0.09290482828282823 -0.05807622727272728 -0.03333839434413713
v -0.09290482828282823 -0.06455587660888773 -0.02980278282828276
v -0.09290482828282823 -0.05807622727272728 -0.01918861615876899
v -0.09783789675235999 -0.05807622727272728 0.015177156565656593
v -0.09290482828282823 -0.05807622727272728 0.007154639745423708
v -0.09860470871188007 -0.05807622727272728 0.030170469696969824
v -0.09290482828282823 -0.05807622727272728 0.05902433038878941
v -0.08237637401074763 -0.05807622727272728 -0.02980278282828276
v -0.08276149288764142 -0.05807622727272728 0.000183843434343447
v -0.08197484848484847 -0.05807622727272728 -0.005245070272777476
v -0.08197484848484847 -0.05807622727272728 0.05553246385878499
v -0.07104486868686867 -0.06481315575906049 -0.16474260101010102
v -0.07354487563152456 -0.05807622727272728 -0.14974928787878786
v -0.07104486868686867 -0.05807622727272728 -0.16119519995839987
v -0.07391240525086168 -0.05807622727272728 -0.13475597474747472
v -0.07408652925600948 -0.05807622727272728 -0.11976266161616156
v -0.07104486868686867 -0.05807622727272728 -0.11066658634691189
v -0.07104486868686867 -0.0582052793165327 -0.1047693484848485
v -0.07104486868686867 -0.058113793275773255 -0.0148094696969697
v -0.07104486868686867 -0.05807622727272728 -0.014798628466922047
v -0.07225801228257935 -0.05807622727272728 0.045163782828282886
v -0.07104486868686867 -0.05807622727272728 0.043379751641146415
v -0.07104486868686867 -0.06261121352902471 0.045163782828282886
v -0.06480522762609581 -0.05807622727272728 -0.20972254040404037
v -0.06011488888888886 -0.05807622727272728 -0.2229493063629963
v -0.06690742526743709 -0.05807622727272728 -0.1947292272727273
v -0.06680319620667262 -0.05807622727272728 -0.17973591414141415
v -0.07027062748304552 -0.05807622727272728 -0.16474260101010102
v -0.0681905941250279 -0.05807622727272728 -0.1047693484848485
v -0.06485542812667552 -0.05807622727272728 -0.08977603535353536
v -0.06363007499616144 -0.05807622727272728 -0.07478272222222221
v -0.0654990258215096 -0.05807622727272728 -0.05978940909090906
v -0.06198740811375973 -0.05807622727272728 -0.04479609595959591
v -0.0683777770012658 -0.05807622727272728 -0.02980278282828276
v -0.0710354953212817 -0.05807622727272728 -0.0148094696969697
v -0.06475710451138152 -0.05807622727272728 0.030170469696969824
v -0.06011488888888886 -0.05807622727272728 0.024716147841090365
v -0.051000667276870304 -0.05807622727272728 -0.23970916666666667
v -0.04918490909090905 -0.05807622727272728 -0.2417828278298368
v -0.04918490909090905 -0.06228241238340259 -0.23970916666666667
v -0.059217743515928886 -0.05807622727272728 -0.2247158535353535
v -0.04918490909090905 -0.05807622727272728 0.019691569775895857
v -0.03825492929292924 -0.06317966813986324 -0.25470247979797983
v -0.03825492929292924 -0.05807622727272728 -0.24837439150338583
v -0.039525656202574894 -0.05807622727272728 0.030170469696969824
v -0.03825492929292924 -0.05807622727272728 0.03328073778238322
v -0.02732494949494943 -0.06065417621796863 -0.26969579292929297
v -0.034949660382676905 -0.05807622727272728 -0.25470247979797983
v -0.02732494949494943 -0.05807622727272728 -0.25926682498805087
v -0.02820264685289178 -0.05807622727272728 -0.14974928787878786
v -0.02732494949494943 -0.05807622727272728 -0.16194529497177867
v -0.02732494949494943 -0.05976385052640322 -0.14974928787878786
v -0.02915452709705828 -0.05807622727272728 -0.13475597474747472
v -0.02732494949494943 -0.06127643259888185 -0.13475597474747472
v -0.030430954152755416 -0.05807622727272728 -0.11976266161616156
v -0.02732494949494943 -0.0622583259414381 -0.11976266161616156
v -0.03361448513144287 -0.05807622727272728 -0.1047693484848485
v -0.02732494949494943 -0.06346089700535543 -0.1047693484848485
v -0.03565743885038637 -0.05807622727272728 -0.08977603535353536
v -0.02732494949494943 -0.06209787503196401 -0.08977603535353536
v -0.02732494949494943 -0.05807622727272728 -0.07765766914399104
v -0.032924176816536865 -0.05807622727272728 0.045163782828282886
v -0.02732494949494943 -0.05807622727272728 0.05811709741168321
v -0.031527152673243776 -0.05807622727272728 0.09014372222222225
v -0.02732494949494943 -0.05807622727272728 0.07635449716060085
v -0.02732494949494943 -0.06084532274321004 0.09014372222222225
v -0.02732494949494943 -0.05807622727272728 0.10427166496255637
v -0.018550453118984157 -0.05807622727272728 -0.26969579292929297
v -0.016394969696969682 -0.05807622727272728 -0.2714914467890134
v -0.019160653454398324 -0.05807622727272728 -0.23970916666666667
v -0.016394969696969682 -0.05807622727272728 -0.24573127753270207
v -0.016394969696969682 -0.059625094088154876 -0.23970916666666667
v -0.018897091925288954 -0.05807622727272728 -0.2247158535353535
v -0.016394969696969682 -0.060386313156963176 -0.2247158535353535
v -0.019305286636048052 -0.05807622727272728 -0.20972254040404037
v -0.016394969696969682 -0.0615448651351495 -0.20972254040404037
v -0.021738419789600245 -0.05807622727272728 -0.1947292272727273
v -0.016394969696969682 -0.06382031012480348 -0.1947292272727273
v -0.02521086457846825 -0.05807622727272728 -0.17973591414141415
v -0.02693917943078738 -0.05807622727272728 -0.16474260101010102
v -0.016394969696969682 -0.06589213363033597 -0.08977603535353536
v -0.022338640384765494 -0.05807622727272728 -0.07478272222222221
v -0.016394969696969682 -0.05938713732494541 -0.07478272222222221
v -0.016394969696969682 -0.05807622727272728 -0.07289333479699714
v -0.026468735182030276 -0.05807622727272728 0.06015709595959595
v -0.025396193024734934 -0.05807622727272728 0.07515040909090918
v -0.02641599387142319 -0.05807622727272728 0.10513703535353548
v -0.016394969696969682 -0.06523662346562727 0.10513703535353548
v -0.016394969696969682 -0.05807622727272728 0.1174075818073645
v -0.0066509031498249455 -0.05807622727272728 -0.2846891060606061
v -0.005464989898989875 -0.05807622727272728 -0.28571989758613164
v -0.012551868933966466 -0.05807622727272728 -0.25470247979797983
v -0.005464989898989875 -0.05807622727272728 -0.2695819355947449
v -0.005464989898989875 -0.06077082323539563 -0.25470247979797983
v -0.005464989898989875 -0.06284841388946161 -0.23970916666666667
v -0.005464989898989875 -0.0641972587703607 -0.2247158535353535
v -0.005464989898989875 -0.06034333604321736 -0.07478272222222221
v -0.005464989898989875 -0.05807622727272728 -0.07163049245346025
v -0.014834916739670715 -0.05807622727272728 0.12013034848484853
v -0.005464989898989875 -0.0613251246086356 0.12013034848484853
v -0.005464989898989875 -0.05807622727272728 0.12818926972538622
v 0.0054649898989899345 -0.05807622727272728 -0.28980244147989187
v 0.0054649898989899345 -0.05807622727272728 -0.26578228251587666
v 0.0054649898989899345 -0.061322111211560316 -0.25470247979797983
v 0.0054649898989899345 -0.06349451188659683 -0.23970916666666667
v 0.0054649898989899345 -0.0649076475300866 -0.2247158535353535
v 0.0054649898989899345 -0.059590714849683375 -0.07478272222222221
v 0.0054649898989899345 -0.05807622727272728 -0.07268640062704018
v 0.0054649898989899345 -0.06128082202721104 0.12013034848484853
v 0.0054649898989899345 -0.05807622727272728 0.12806009377337962
v 0.009686991835056606 -0.05807622727272728 -0.2846891060606061
v 0.016394969696969804 -0.05807622727272728 -0.2704321527409776
v 0.016245802568183983 -0.05807622727272728 -0.25470247979797983
v 0.016394969696969804 -0.05807622727272728 -0.2543719290949061
v 0.016394969696969804 -0.06157527894085947 -0.23970916666666667
v 0.016394969696969804 -0.06268166887864778 -0.2247158535353535
v 0.016394969696969804 -0.06353776707634218 -0.20972254040404037
v 0.016394969696969804 -0.0652538353910796 -0.1947292272727273
v 0.016394969696969804 -0.06415228604646783 -0.08977603535353536
v 0.01173646181910947 -0.05807622727272728 -0.07478272222222221
v 0.016394969696969804 -0.05807622727272728 -0.07690144031583286
v 0.016394969696969804 -0.06470025206843873 0.10513703535353548
v 0.01443439805611042 -0.05807622727272728 0.12013034848484853
v 0.016394969696969804 -0.05807622727272728 0.11605800502550284
v 0.017747712144190998 -0.05807622727272728 -0.26969579292929297
v 0.02732494949494955 -0.06337561447687683 -0.26969579292929297
v 0.02732494949494955 -0.05807622727272728 -0.2600261116336893
v 0.02369100456173031 -0.05807622727272728 -0.23970916666666667
v 0.02191602337563791 -0.05807622727272728 -0.2247158535353535
v 0.02152249042286679 -0.05807622727272728 -0.20972254040404037
v 0.02317600843915352 -0.05807622727272728 -0.1947292272727273
v 0.025969547971939892 -0.05807622727272728 -0.17973591414141415
v 0.02732494949494955 -0.05807622727272728 -0.17021949025315786
v 0.02732494949494955 -0.05898423023613026 -0.16474260101010102
v 0.02732494949494955 -0.06000545330484265 -0.14974928787878786
v 0.02732494949494955 -0.06026480062088819 -0.13475597474747472
v 0.02732494949494955 -0.06027146401077041 -0.11976266161616156
v 0.02732494949494955 -0.060868420033797686 -0.1047693484848485
v 0.02732494949494955 -0.05853085134658862 -0.08977603535353536
v 0.02732494949494955 -0.05807622727272728 -0.08844877651761447
v 0.025054213479268936 -0.05807622727272728 0.06015709595959595
v 0.02732494949494955 -0.05807622727272728 0.05425793310478844
v 0.02420194745718076 -0.05807622727272728 0.07515040909090918
v 0.02732494949494955 -0.05807622727272728 0.07725933658428866
v 0.02732494949494955 -0.06095518498157256 0.09014372222222225
v 0.025464589497415785 -0.05807622727272728 0.10513703535353548
v 0.02732494949494955 -0.05807622727272728 0.10348286415268318
v 0.03419737181000974 -0.05807622727272728 -0.25470247979797983
v 0.0382549292929293 -0.05807622727272728 -0.2442956745620173
v 0.027819620269194656 -0.05807622727272728 -0.16474260101010102
v 0.02825041170135733 -0.05807622727272728 -0.14974928787878786
v 0.028422869443102194 -0.05807622727272728 -0.13475597474747472
v 0.028701881815177348 -0.05807622727272728 -0.11976266161616156
v 0.029712558057371503 -0.05807622727272728 -0.1047693484848485
v 0.02787631124290208 -0.05807622727272728 -0.08977603535353536
v 0.036888299264868626 -0.05807622727272728 0.030170469696969824
v 0.0382549292929293 -0.05807622727272728 0.027728734837242624
v 0.030929059992321123 -0.05807622727272728 0.045163782828282886
v 0.031269787233180676 -0.05807622727272728 0.09014372222222225
v 0.04403072439593116 -0.05807622727272728 -0.23970916666666667
v 0.04918490909090917 -0.05807622727272728 -0.237336148816872
v 0.045390954954882184 -0.05807622727272728 0.015177156565656593
v 0.04918490909090917 -0.05807622727272728 0.011456947716754628
v 0.04918490909090917 -0.06304244538923094 0.015177156565656593
v 0.055099814432296945 -0.05807622727272728 -0.2247158535353535
v 0.06011488888888892 -0.05807622727272728 -0.2144006665589296
v 0.06011488888888892 -0.06471071367453601 -0.20972254040404037
v 0.05668902854033672 -0.05807622727272728 0.015177156565656593
v 0.06011488888888892 -0.05807622727272728 0.01727047127547477
v 0.06206207220055007 -0.05807622727272728 -0.20972254040404037
v 0.0650871926665501 -0.05807622727272728 -0.1947292272727273
v 0.06470621256397552 -0.05807622727272728 -0.17973591414141415
v 0.06686215526141734 -0.05807622727272728 -0.16474260101010102
v 0.07016882351296101 -0.05807622727272728 -0.14974928787878786
v 0.07104486868686878 -0.05807622727272728 -0.14340981640347977
v 0.06758285678028784 -0.05807622727272728 -0.1047693484848485
v 0.07104486868686878 -0.05807622727272728 -0.11463123734939347
v 0.07104486868686878 -0.058251053258329605 -0.1047693484848485
v 0.06814308189470786 -0.05807622727272728 -0.08977603535353536
v 0.0661302455399388 -0.05807622727272728 -0.07478272222222221
v 0.06400641613200417 -0.05807622727272728 -0.05978940909090906
v 0.06935503804035086 -0.05807622727272728 -0.04479609595959591
v 0.07104486868686878 -0.059002337297503454 -0.04479609595959591
v 0.06814446423856906 -0.05807622727272728 -0.02980278282828276
v 0.07104486868686878 -0.06461413700656135 -0.02980278282828276
v 0.06448194648585168 -0.05807622727272728 -0.0148094696969697
v 0.07104486868686878 -0.05807622727272728 -0.006181688911810759
v 0.06466509195396743 -0.05807622727272728 0.030170469696969824
v 0.06971724978398908 -0.05807622727272728 0.045163782828282886
v 0.07104486868686878 -0.05807622727272728 0.04744561815288005
v 0.072374062541766 -0.05807622727272728 -0.13475597474747472
v 0.07264551709969855 -0.05807622727272728 -0.11976266161616156
v 0.07392045898990977 -0.05807622727272728 0.000183843434343447
v 0.08197484848484854 -0.0637347586298103 0.000183843434343447
v 0.08197484848484854 -0.05807622727272728 0.002574288760694326
v 0.08197484848484854 -0.05807622727272728 0.05903584053525824
v 0.08979932253510034 -0.05807622727272728 -0.02980278282828276
v 0.09290482828282828 -0.05807622727272728 -0.03103224105887836
v 0.09290482828282828 -0.06058118850728002 -0.02980278282828276
v 0.09290482828282828 -0.05807622727272728 -0.025862350067217113
v 0.09290482828282828 -0.05807622727272728 0.006419927196349158
v 0.08531392699261164 -0.05807622727272728 0.06015709595959595
v 0.09290482828282828 -0.05807622727272728 0.06345996917951785
v 0.10267272348383644 -0.05807622727272728 -0.02980278282828276
v 0.10383480808080815 -0.05833059783808274 -0.02980278282828276
v 0.09959607228333597 -0.05807622727272728 0.015177156565656593
v 0.10181677326363693 -0.05807622727272728 0.030170469696969824
v 0.10383480808080815 -0.05826708761021004 0.030170469696969824
v 0.10383480808080815 -0.05807622727272728 0.03485943307697336
v 0.10383480808080815 -0.05807622727272728 0.06176124047118235
v 0.1147647878787879 -0.062112504799407366 -0.02980278282828276
v 0.1147647878787879 -0.05807622727272728 0.043238541810669086
v 0.1052865228577389 -0.05807622727272728 0.06015709595959595
v 0.1147647878787879 -0.05807622727272728 0.05184772360017095
v 0.11916287138163023 -0.05807622727272728 0.045163782828282886
v -0.10383480808080803 -0.055020009227336256 -0.02980278282828276
v -0.10569064320046055 -0.0501004090909091 0.045163782828282886
v -0.10383480808080803 -0.0501004090909091 0.04322000660780352
v -0.10383480808080803 -0.0501004090909091 0.04869153405727687
v -0.09459174472785248 -0.0501004090909091 -0.02980278282828276
v -0.09290482828282823 -0.0501004090909091 -0.03041735658241326
v -0.09290482828282823 -0.0501004090909091 -0.027340889751635178
v -0.09290482828282823 -0.050425225873713383 0.015177156565656593
v -0.09816419767233348 -0.0501004090909091 0.030170469696969824
v -0.09290482828282823 -0.0501004090909091 0.017156122621757072
v -0.09290482828282823 -0.0501004090909091 0.05580144574813859
v -0.08197484848484847 -0.0501004090909091 -0.03089549661153137
v -0.08197484848484847 -0.05691429101869433 -0.02980278282828276
v -0.08197484848484847 -0.0501004090909091 -0.023784023584767344
v -0.08197484848484847 -0.05697561201100445 0.000183843434343447
v -0.09206604841899599 -0.0501004090909091 0.015177156565656593
v -0.08197484848484847 -0.0501004090909091 0.006957798606044013
v -0.08197484848484847 -0.0501004090909091 0.05328455460627248
v -0.07104486868686867 -0.05553954090297202 -0.14974928787878786
v -0.07104486868686867 -0.052583768074976174 -0.13475597474747472
v -0.0751285539747481 -0.0501004090909091 -0.11976266161616156
v -0.07104486868686867 -0.0501004090909091 -0.13285520257005795
v -0.07104486868686867 -0.0501004090909091 -0.11256249573490217
v -0.07883581770102556 -0.0501004090909091 -0.02980278282828276
v -0.07491398339828176 -0.0501004090909091 0.000183843434343447
v -0.07104486868686867 -0.0501004090909091 -0.006776079840748292
v -0.07454810332925384 -0.0501004090909091 0.045163782828282886
v -0.07104486868686867 -0.0501004090909091 0.040311468627807004
v -0.06614565059087363 -0.0501004090909091 -0.20972254040404037
v -0.06011488888888886 -0.0501004090909091 -0.22101823812151222
v -0.068216377800354 -0.0501004090909091 -0.1947292272727273
v -0.06648174094295421 -0.0501004090909091 -0.17973591414141415
v -0.06906887285383356 -0.0501004090909091 -0.16474260101010102
v -0.07009661420740833 -0.0501004090909091 -0.14974928787878786
v -0.0705148466618387 -0.0501004090909091 -0.13475597474747472
v -0.06512217123137072 -0.0501004090909091 -0.1047693484848485
v -0.06561577246176373 -0.0501004090909091 -0.08977603535353536
v -0.06333974761509685 -0.0501004090909091 -0.07478272222222221
v -0.07011548755199473 -0.0501004090909091 -0.05978940909090906
v -0.06177663934993256 -0.0501004090909091 -0.04479609595959591
v -0.067713121914312 -0.0501004090909091 -0.02980278282828276
v -0.06583995854301762 -0.0501004090909091 -0.0148094696969697
v -0.06903828806307796 -0.0501004090909091 0.030170469696969824
v -0.06011488888888886 -0.0501004090909091 0.01885140598503516
v -0.05559159358323112 -0.0501004090909091 -0.23970916666666667
v -0.04918490909090905 -0.0501004090909091 -0.24959796047254015
v -0.058359875079601886 -0.0501004090909091 -0.2247158535353535
v -0.050376174637567 -0.0501004090909091 -0.08977603535353536
v -0.04918490909090905 -0.0501004090909091 -0.09222124087075027
v -0.04918490909090905 -0.05176374645581693 -0.08977603535353536
v -0.04918490909090905 -0.0501004090909091 -0.07542881652128716
v -0.05333509596192268 -0.0501004090909091 0.015177156565656593
v -0.04918490909090905 -0.0501004090909091 0.012577193333281722
v -0.04918490909090905 -0.05441027574274462 0.015177156565656593
v -0.04107163979813513 -0.0501004090909091 -0.25470247979797983
v -0.03825492929292924 -0.0501004090909091 -0.25674290978490827
v -0.03825492929292924 -0.05518149430309098 -0.25470247979797983
v -0.03879834355308805 -0.0501004090909091 -0.11976266161616156
v -0.03825492929292924 -0.0501004090909091 -0.12613817425558896
v -0.03825492929292924 -0.05119689549875089 -0.11976266161616156
v -0.0425177370489244 -0.0501004090909091 -0.1047693484848485
v -0.03825492929292924 -0.05522395471100108 -0.1047693484848485
v -0.03825492929292924 -0.057224446425824194 -0.08977603535353536
v -0.04894067293016659 -0.0501004090909091 -0.07478272222222221
v -0.03825492929292924 -0.054475455025324734 -0.07478272222222221
v -0.03825492929292924 -0.0501004090909091 -0.06822450826774999
v -0.046383796461387385 -0.0501004090909091 0.015177156565656593
v -0.039628889879113165 -0.0501004090909091 0.030170469696969824
v -0.03825492929292924 -0.0501004090909091 0.03819676308384326
v -0.02732494949494943 -0.0501004090909091 -0.2547546648227588
v -0.029712798639877518 -0.0501004090909091 -0.23970916666666667
v -0.02732494949494943 -0.0501004090909091 -0.2541877484579926
v -0.02732494949494943 -0.05379804266262741 -0.23970916666666667
v -0.027605299704041908 -0.0501004090909091 -0.2247158535353535
v -0.02732494949494943 -0.050819804188551455 -0.2247158535353535
v -0.02758856993673838 -0.0501004090909091 -0.20972254040404037
v -0.02732494949494943 -0.050664394780977125 -0.20972254040404037
v -0.029015457811111714 -0.0501004090909091 -0.1947292272727273
v -0.02732494949494943 -0.053204413208089316 -0.1947292272727273
v -0.031794946739814645 -0.0501004090909091 -0.17973591414141415
v -0.02732494949494943 -0.056428421213552585 -0.17973591414141415
v -0.03322265915252466 -0.0501004090909091 -0.16474260101010102
v -0.02732494949494943 -0.057811119339526276 -0.16474260101010102
v -0.03407165232812771 -0.0501004090909091 -0.14974928787878786
v -0.036806297500231934 -0.0501004090909091 -0.13475597474747472
v -0.02732494949494943 -0.05722694411958149 -0.07478272222222221
v -0.02732494949494943 -0.0501004090909091 -0.0641325309253721
v -0.035127791765942745 -0.0501004090909091 0.045163782828282886
v -0.02857131330205309 -0.0501004090909091 0.06015709595959595
v -0.02732494949494943 -0.05637455990483148 0.06015709595959595
v -0.028954660389316884 -0.0501004090909091 0.07515040909090918
v -0.02732494949494943 -0.055192138252884805 0.07515040909090918
v -0.03435726435021914 -0.0501004090909091 0.09014372222222225
v -0.03243388893693416 -0.0501004090909091 0.10513703535353548
v -0.02732494949494943 -0.057304432858942454 0.10513703535353548
v -0.02732494949494943 -0.0501004090909091 0.11402215257309152
v -0.016394969696969682 -0.05563766022695645 -0.26969579292929297
v -0.02723056513730557 -0.0501004090909091 -0.25470247979797983
v -0.016394969696969682 -0.057078019999032316 -0.25470247979797983
v -0.016394969696969682 -0.0501004090909091 -0.06128859267073464
v -0.01820264455324809 -0.0501004090909091 0.12013034848484853
v -0.016394969696969682 -0.05282823342497606 0.12013034848484853
v -0.016394969696969682 -0.0501004090909091 0.12269927195998244
v -0.005464989898989875 -0.05635378509840102 -0.2846891060606061
v -0.005464989898989875 -0.058066807192407865 -0.26969579292929297
v -0.005464989898989875 -0.0501004090909091 -0.06053272153579517
v -0.012159921251768631 -0.0501004090909091 0.1351236616161616
v -0.005464989898989875 -0.05356747802812104 0.1351236616161616
v -0.005464989898989875 -0.0501004090909091 0.1435212055621493
v 0.0054649898989899345 -0.05261659205512322 -0.2846891060606061
v 0.0054649898989899345 -0.05756588825254861 -0.26969579292929297
v 0.0054649898989899345 -0.0501004090909091 -0.06127295303980792
v 0.0054649898989899345 -0.053474013180198995 0.1351236616161616
v 0.0054649898989899345 -0.0501004090909091 0.1432592497628884
v 0.016394969696969804 -0.056678820805899706 -0.26969579292929297
v 0.016394969696969804 -0.05804236792539085 -0.25470247979797983
v 0.016394969696969804 -0.057138830867027514 -0.07478272222222221
v 0.016394969696969804 -0.0501004090909091 -0.06438753632610061
v 0.016394969696969804 -0.05068827624060944 0.12013034848484853
v 0.011724467632133827 -0.0501004090909091 0.1351236616161616
v 0.016394969696969804 -0.0501004090909091 0.12064714610374166
v 0.025187447650577954 -0.0501004090909091 -0.25470247979797983
v 0.02732494949494955 -0.0501004090909091 -0.2559701573509729
v 0.02732494949494955 -0.0501004090909091 -0.24825304983859267
v 0.02732494949494955 -0.056271367248100716 -0.23970916666666667
v 0.02732494949494955 -0.05373853550389949 -0.2247158535353535
v 0.02732494949494955 -0.0528037859286856 -0.20972254040404037
v 0.02732494949494955 -0.054228529776365254 -0.1947292272727273
v 0.02732494949494955 -0.056955647663075495 -0.17973591414141415
v 0.02732494949494955 -0.0540511431278304 -0.07478272222222221
v 0.02732494949494955 -0.0501004090909091 -0.06866509930640818
v 0.02732494949494955 -0.05209300617277092 0.06015709595959595
v 0.02732494949494955 -0.05244296342916636 0.07515040909090918
v 0.02732494949494955 -0.05654614486533536 0.10513703535353548
v 0.01673962481209974 -0.0501004090909091 0.12013034848484853
v 0.02732494949494955 -0.0501004090909091 0.11243443324100755
v 0.0382549292929293 -0.0501004090909091 -0.2555900378013829
v 0.0382549292929293 -0.0526062212513898 -0.25470247979797983
v 0.030571053693261328 -0.0501004090909091 -0.23970916666666667
v 0.028627974604967864 -0.0501004090909091 -0.2247158535353535
v 0.02847926211414649 -0.0501004090909091 -0.20972254040404037
v 0.029239565877282325 -0.0501004090909091 -0.1947292272727273
v 0.03190334665023185 -0.0501004090909091 -0.17973591414141415
v 0.0339017751048864 -0.0501004090909091 -0.16474260101010102
v 0.033762648479971846 -0.0501004090909091 -0.14974928787878786
v 0.03453558178972023 -0.0501004090909091 -0.13475597474747472
v 0.03540688577797967 -0.0501004090909091 -0.11976266161616156
v 0.0382549292929293 -0.0501004090909091 -0.10787935850757174
v 0.0382549292929293 -0.05103509862210189 -0.1047693484848485
v 0.0382549292929293 -0.05200177896736946 -0.08977603535353536
v 0.03586239121608935 -0.0501004090909091 -0.07478272222222221
v 0.0382549292929293 -0.0501004090909091 -0.07965009154450887
v 0.0382549292929293 -0.05301780835025249 0.030170469696969824
v 0.03325555027199659 -0.0501004090909091 0.045163782828282886
v 0.0382549292929293 -0.0501004090909091 0.03162014934893134
v 0.027648553040551145 -0.0501004090909091 0.06015709595959595
v 0.02790421728909996 -0.0501004090909091 0.07515040909090918
v 0.034069548085980096 -0.0501004090909091 0.09014372222222225
v 0.03190552401549338 -0.0501004090909091 0.10513703535353548
v 0.03930018389868433 -0.0501004090909091 -0.25470247979797983
v 0.04918490909090917 -0.0501004090909091 -0.24805137394980534
v 0.04918490909090917 -0.057537896940027346 -0.23970916666666667
v 0.03889674275060192 -0.0501004090909091 -0.1047693484848485
v 0.03989722473578474 -0.0501004090909091 -0.08977603535353536
v 0.042281063341142996 -0.0501004090909091 0.015177156565656593
v 0.04918490909090917 -0.0501004090909091 0.007376364476218908
v 0.038464607930593295 -0.0501004090909091 0.030170469696969824
v 0.054256619812042 -0.0501004090909091 -0.23970916666666667
v 0.05640779938958056 -0.0501004090909091 -0.2247158535353535
v 0.06011488888888892 -0.0501004090909091 -0.21531136335491868
v 0.06011488888888892 -0.0501004090909091 0.008183731376733536
v 0.06011488888888892 -0.05744617176116149 0.015177156565656593
v 0.06346091602021137 -0.0501004090909091 -0.20972254040404037
v 0.06732835880244051 -0.0501004090909091 -0.1947292272727273
v 0.0655359005748884 -0.0501004090909091 -0.17973591414141415
v 0.06782531000153191 -0.0501004090909091 -0.16474260101010102
v 0.06878956550195645 -0.0501004090909091 -0.14974928787878786
v 0.06924887563388844 -0.0501004090909091 -0.13475597474747472
v 0.07104486868686878 -0.05666710036521404 -0.13475597474747472
v 0.07104486868686878 -0.0501004090909091 -0.12276519884161362
v 0.06387049387454176 -0.0501004090909091 -0.1047693484848485
v 0.07104486868686878 -0.0501004090909091 -0.11840940970863463
v 0.06927696887571086 -0.0501004090909091 -0.08977603535353536
v 0.0680757766557827 -0.0501004090909091 -0.07478272222222221
v 0.06564349940253017 -0.0501004090909091 -0.05978940909090906
v 0.0628325786994528 -0.0501004090909091 -0.04479609595959591
v 0.06569818046614077 -0.0501004090909091 -0.02980278282828276
v 0.06134929622068275 -0.0501004090909091 -0.0148094696969697
v 0.06824414497728973 -0.0501004090909091 0.000183843434343447
v 0.07104486868686878 -0.05442526251243489 0.000183843434343447
v 0.06337351946216795 -0.0501004090909091 0.015177156565656593
v 0.07104486868686878 -0.0501004090909091 0.0023339088205000386
v 0.06870977309327948 -0.0501004090909091 0.030170469696969824
v 0.07095900237463515 -0.0501004090909091 0.045163782828282886
v 0.07104486868686878 -0.0501004090909091 0.04542074104962697
v 0.07197282096365185 -0.0501004090909091 -0.11976266161616156
v 0.08197484848484854 -0.0501004090909091 0.007652560183741528
v 0.08197484848484854 -0.0501004090909091 0.05815282168169672
v 0.09290482828282828 -0.05485161629063457 -0.02980278282828276
v 0.09290482828282828 -0.0501004090909091 0.012888912774363083
v 0.08899538720944662 -0.0501004090909091 0.06015709595959595
v 0.09290482828282828 -0.0501004090909091 0.06153506010091827
v 0.09553642660688295 -0.0501004090909091 0.015177156565656593
v 0.10241367507560238 -0.0501004090909091 0.030170469696969824
v 0.10383480808080815 -0.0501004090909091 0.03413244541013113
v 0.09839713312428258 -0.0501004090909091 0.06015709595959595
v 0.10383480808080815 -0.0501004090909091 0.058874025961661865
v 0.10383480808080815 -0.05329426220847071 0.06015709595959595
v 0.11254090683565567 -0.0501004090909091 0.045163782828282886
v 0.1147647878787879 -0.05215558222409466 0.045163782828282886
v -0.10383480808080803 -0.04673975657235936 0.045163782828282886
v -0.09290482828282823 -0.04885550819200689 -0.02980278282828276
v -0.09687869916130674 -0.0421245909090909 0.030170469696969824
v -0.09290482828282823 -0.0421245909090909 0.023555825421524724
v -0.09864698206462859 -0.0421245909090909 0.045163782828282886
v -0.09290482828282823 -0.0421245909090909 0.05134380179025312
v -0.08197484848484847 -0.04627480887817893 -0.02980278282828276
v -0.08471711404051227 -0.0421245909090909 0.015177156565656593
v -0.08197484848484847 -0.0421245909090909 0.014260216479751262
v -0.08197484848484847 -0.0421245909090909 0.05293051590793035
v -0.07104486868686867 -0.04928581193329699 -0.11976266161616156
v -0.07104486868686867 -0.04937841179061359 0.000183843434343447
v -0.07104486868686867 -0.0421245909090909 0.01269976579173443
v -0.07104486868686867 -0.044373840486146406 0.045163782828282886
v -0.07104486868686867 -0.0421245909090909 0.047034519030069756
v -0.06011488888888886 -0.048403587533094 -0.20972254040404037
v -0.06011488888888886 -0.047644412049478904 -0.1947292272727273
v -0.06011488888888886 -0.046547149357559915 -0.17973591414141415
v -0.06011488888888886 -0.045855559144295434 -0.16474260101010102
v -0.06011488888888886 -0.043856521627194216 -0.14974928787878786
v -0.06011488888888886 -0.04321331445599889 -0.13475597474747472
v -0.060440432701473853 -0.0421245909090909 -0.11976266161616156
v -0.06011488888888886 -0.0421245909090909 -0.12538102364267772
v -0.0607062030240521 -0.0421245909090909 -0.1047693484848485
v -0.06011488888888886 -0.0421245909090909 -0.0971054434154626
v -0.06011488888888886 -0.04598765688228637 -0.08977603535353536
v -0.06011488888888886 -0.04722581285007246 -0.07478272222222221
v -0.06094381286649626 -0.0421245909090909 -0.05978940909090906
v -0.06011488888888886 -0.0421245909090909 -0.06681232298221554
v -0.06304754150392203 -0.0421245909090909 -0.04479609595959591
v -0.06844743625845437 -0.0421245909090909 -0.02980278282828276
v -0.06781809829321125 -0.0421245909090909 -0.0148094696969697
v -0.06011488888888886 -0.0421245909090909 -0.010470944560247098
v -0.06011488888888886 -0.04803991032734936 0.000183843434343447
v -0.06028001745442731 -0.0421245909090909 0.015177156565656593
v -0.06011488888888886 -0.042400040802771 0.015177156565656593
v -0.06867777354109822 -0.0421245909090909 0.030170469696969824
v -0.07039113123573583 -0.0421245909090909 0.045163782828282886
v -0.04918490909090905 -0.048378451130727015 -0.23970916666666667
v -0.04918490909090905 -0.04385408448152642 -0.2247158535353535
v -0.0493729472916086 -0.0421245909090909 -0.20972254040404037
v -0.04918490909090905 -0.0421245909090909 -0.21152572211911014
v -0.04949179479353939 -0.0421245909090909 -0.1947292272727273
v -0.049767542442819855 -0.0421245909090909 -0.17973591414141415
v -0.04937522894318156 -0.0421245909090909 -0.16474260101010102
v -0.05003870681208954 -0.0421245909090909 -0.14974928787878786
v -0.04918490909090905 -0.0421245909090909 -0.14059015680871192
v -0.04918490909090905 -0.04319327402781193 -0.13475597474747472
v -0.05208671879260582 -0.0421245909090909 -0.11976266161616156
v -0.04918490909090905 -0.0434124595462511 -0.11976266161616156
v -0.05374193348200696 -0.0421245909090909 -0.1047693484848485
v -0.04918490909090905 -0.04633609532043726 -0.1047693484848485
v -0.04918490909090905 -0.050047879367194764 -0.07478272222222221
v -0.04918490909090905 -0.0421245909090909 -0.06135015125024126
v -0.05157197651164211 -0.0421245909090909 0.000183843434343447
v -0.05995092887922663 -0.0421245909090909 0.015177156565656593
v -0.04918490909090905 -0.048451506765244186 0.015177156565656593
v -0.04918490909090905 -0.0421245909090909 0.019172972035472274
v -0.038357959500994736 -0.0421245909090909 -0.25470247979797983
v -0.03825492929292924 -0.0421245909090909 -0.2548549447391391
v -0.03825492929292924 -0.0421245909090909 -0.25311601992020605
v -0.03825492929292924 -0.04514780895135007 -0.23970916666666667
v -0.03826373211244705 -0.0421245909090909 -0.2247158535353535
v -0.03825492929292924 -0.0421245909090909 -0.22477012179621433
v -0.04367817677108797 -0.0421245909090909 -0.17973591414141415
v -0.03825492929292924 -0.0421245909090909 -0.19381546229804886
v -0.03825492929292924 -0.04500012106217267 -0.17973591414141415
v -0.04615083126449652 -0.0421245909090909 -0.16474260101010102
v -0.03825492929292924 -0.04646018205459972 -0.16474260101010102
v -0.04489195967854329 -0.0421245909090909 -0.14974928787878786
v -0.03825492929292924 -0.0472371643397482 -0.14974928787878786
v -0.03825492929292924 -0.049271161633190924 -0.13475597474747472
v -0.04441642967753334 -0.0421245909090909 -0.05978940909090906
v -0.03825492929292924 -0.04441322673434608 -0.05978940909090906
v -0.03825492929292924 -0.0421245909090909 -0.05793476692600666
v -0.04127393032542864 -0.0421245909090909 0.030170469696969824
v -0.04024287661110679 -0.0421245909090909 0.045163782828282886
v -0.03825492929292924 -0.04797703609637002 0.045163782828282886
v -0.03825492929292924 -0.0421245909090909 0.050032122138299134
v -0.040146041434936816 -0.0421245909090909 0.09014372222222225
v -0.03825492929292924 -0.0421245909090909 0.08817292448909195
v -0.03825492929292924 -0.04337937537927422 0.09014372222222225
v -0.03825492929292924 -0.0421245909090909 0.09431780405768389
v -0.02984289253959552 -0.0421245909090909 -0.29968241919191924
v -0.02732494949494943 -0.0421245909090909 -0.30672368103012093
v -0.02732494949494943 -0.04862730967107786 -0.29968241919191924
v -0.02732494949494943 -0.0421245909090909 -0.29186205219117817
v -0.037889933290002516 -0.0421245909090909 -0.25470247979797983
v -0.02732494949494943 -0.05006267864051909 -0.25470247979797983
v -0.038226733719403896 -0.0421245909090909 -0.2247158535353535
v -0.036916347897180506 -0.0421245909090909 -0.20972254040404037
v -0.03800641759031053 -0.0421245909090909 -0.1947292272727273
v -0.02732494949494943 -0.0470369594824277 -0.05978940909090906
v -0.02732494949494943 -0.0421245909090909 -0.055014087689415625
v -0.03146947922156951 -0.0421245909090909 0.06015709595959595
v -0.03041758738879445 -0.0421245909090909 0.07515040909090918
v -0.033866514747315626 -0.0421245909090909 0.10513703535353548
v -0.02732494949494943 -0.0421245909090909 0.11428493265169626
v -0.022859251510324738 -0.0421245909090909 -0.32966904545454545
v -0.016394969696969682 -0.0421245909090909 -0.3416359863519959
v -0.016394969696969682 -0.04774820446495631 -0.32966904545454545
v -0.016394969696969682 -0.0421245909090909 -0.318071021304874
v -0.022772948540709492 -0.0421245909090909 -0.29968241919191924
v -0.016394969696969682 -0.04902254055509539 -0.05978940909090906
v -0.016394969696969682 -0.0421245909090909 -0.052433295672849725
v -0.019234234982079674 -0.0421245909090909 0.12013034848484853
v -0.016394969696969682 -0.0421245909090909 0.12541700597535865
v -0.005585455175236445 -0.0421245909090909 -0.3446623585858586
v -0.005464989898989875 -0.0421245909090909 -0.34536003024225465
v -0.005464989898989875 -0.042167387569226035 -0.3446623585858586
v -0.010450439774712961 -0.0421245909090909 -0.32966904545454545
v -0.005464989898989875 -0.0421245909090909 -0.34461214183031436
v -0.005464989898989875 -0.04955873765913682 -0.05978940909090906
v -0.005464989898989875 -0.0421245909090909 -0.05111485905596267
v -0.009754868675772379 -0.0421245909090909 0.1351236616161616
v -0.005464989898989875 -0.0421245909090909 0.14509548084243012
v 0.0054649898989899345 -0.0421245909090909 -0.3460250598664215
v 0.0054649898989899345 -0.04239806348170198 -0.3446623585858586
v 0.0054649898989899345 -0.0421245909090909 -0.34433279299509867
v 0.0054649898989899345 -0.049045058742536424 -0.05978940909090906
v 0.0054649898989899345 -0.0421245909090909 -0.05153083077342599
v 0.0054649898989899345 -0.0421245909090909 0.1439782580471194
v 0.005971077612719268 -0.0421245909090909 -0.3446623585858586
v 0.013351702591905958 -0.0421245909090909 -0.32966904545454545
v 0.016394969696969804 -0.0421245909090909 -0.3364852517355613
v 0.016394969696969804 -0.04503609856363198 -0.32966904545454545
v 0.016394969696969804 -0.0421245909090909 -0.32210292759231873
v 0.016394969696969804 -0.047084806144944875 -0.05978940909090906
v 0.016394969696969804 -0.0421245909090909 -0.05377571305216003
v 0.008914439357933835 -0.0421245909090909 0.1351236616161616
v 0.016394969696969804 -0.0421245909090909 0.12292323020127667
v 0.01963771011054706 -0.0421245909090909 -0.32966904545454545
v 0.02732494949494955 -0.049094504591796935 -0.25470247979797983
v 0.02732494949494955 -0.044505302418328105 -0.05978940909090906
v 0.02732494949494955 -0.0421245909090909 -0.05735738718485085
v 0.017746235121981636 -0.0421245909090909 0.12013034848484853
v 0.02732494949494955 -0.0421245909090909 0.11255225052747411
v 0.0382549292929293 -0.04227220059151443 -0.25470247979797983
v 0.0382549292929293 -0.04525678975764145 -0.23970916666666667
v 0.0382549292929293 -0.04271936926022583 -0.2247158535353535
v 0.03727709402757188 -0.0421245909090909 -0.20972254040404037
v 0.0382549292929293 -0.0421245909090909 -0.21620453563537528
v 0.036666241211879266 -0.0421245909090909 -0.1947292272727273
v 0.0382549292929293 -0.0421245909090909 -0.18841496650354625
v 0.0382549292929293 -0.0442659120353584 -0.17973591414141415
v 0.0382549292929293 -0.04654298121546601 -0.16474260101010102
v 0.0382549292929293 -0.0465868146083562 -0.14974928787878786
v 0.0382549292929293 -0.04746499100082578 -0.13475597474747472
v 0.0382549292929293 -0.04824966616838045 -0.11976266161616156
v 0.0382549292929293 -0.04936350217864007 -0.07478272222222221
v 0.03473316576281783 -0.0421245909090909 -0.05978940909090906
v 0.0382549292929293 -0.0421245909090909 -0.06123377789863371
v 0.0382549292929293 -0.0463225265413654 0.045163782828282886
v 0.030586864557166943 -0.0421245909090909 0.06015709595959595
v 0.0382549292929293 -0.0421245909090909 0.04857253196160585
v 0.029480510520356443 -0.0421245909090909 0.07515040909090918
v 0.0382549292929293 -0.0421245909090909 0.08948595900747205
v 0.0382549292929293 -0.042659609040931974 0.09014372222222225
v 0.034375357398940286 -0.0421245909090909 0.10513703535353548
v 0.0382549292929293 -0.0421245909090909 0.09286869349031755
v 0.04918490909090917 -0.04865697308356629 -0.23970916666666667
v 0.04918490909090917 -0.04317585717163779 -0.2247158535353535
v 0.04918490909090917 -0.0421245909090909 -0.2160922841788085
v 0.04053413404211354 -0.0421245909090909 -0.17973591414141415
v 0.04419423410447128 -0.0421245909090909 -0.16474260101010102
v 0.04244570931386181 -0.0421245909090909 -0.14974928787878786
v 0.04399295298805129 -0.0421245909090909 -0.13475597474747472
v 0.04476530506149648 -0.0421245909090909 -0.11976266161616156
v 0.04918490909090917 -0.0421245909090909 -0.10804329283307813
v 0.04918490909090917 -0.043162552442643776 -0.1047693484848485
v 0.04918490909090917 -0.04511978626332572 -0.08977603535353536
v 0.04918490909090917 -0.04498711393153411 -0.07478272222222221
v 0.04918490909090917 -0.0421245909090909 -0.06672496458754482
v 0.04918490909090917 -0.044859826192371444 0.015177156565656593
v 0.040620970976462945 -0.0421245909090909 0.030170469696969824
v 0.04918490909090917 -0.0421245909090909 0.017030506477243055
v 0.03961542906610214 -0.0421245909090909 0.045163782828282886
v 0.039020167516379094 -0.0421245909090909 0.09014372222222225
v 0.04963991068383713 -0.0421245909090909 -0.20972254040404037
v 0.06011488888888892 -0.049257678881497784 -0.20972254040404037
v 0.04985658489839713 -0.0421245909090909 -0.1947292272727273
v 0.06011488888888892 -0.04791950328280806 -0.1947292272727273
v 0.05061203031967342 -0.0421245909090909 -0.17973591414141415
v 0.06011488888888892 -0.04664969132570406 -0.17973591414141415
v 0.04976561193629887 -0.0421245909090909 -0.16474260101010102
v 0.06011488888888892 -0.04549141068033836 -0.16474260101010102
v 0.05360798273659292 -0.0421245909090909 -0.14974928787878786
v 0.06011488888888892 -0.04278983638960376 -0.14974928787878786
v 0.06011488888888892 -0.0421245909090909 -0.14273140672959245
v 0.0500003193901358 -0.0421245909090909 -0.1047693484848485
v 0.05257284918171262 -0.0421245909090909 -0.08977603535353536
v 0.05299831204429097 -0.0421245909090909 -0.07478272222222221
v 0.052469201376413754 -0.0421245909090909 0.000183843434343447
v 0.06011488888888892 -0.0421245909090909 -0.008253998803777928
v 0.06011488888888892 -0.04819888524234216 0.000183843434343447
v 0.05176921899826285 -0.0421245909090909 0.015177156565656593
v 0.060844319223902585 -0.0421245909090909 -0.13475597474747472
v 0.0612936994513663 -0.0421245909090909 -0.11976266161616156
v 0.07104486868686878 -0.04995437512057398 -0.11976266161616156
v 0.06116919669698589 -0.0421245909090909 -0.1047693484848485
v 0.060598999234862394 -0.0421245909090909 -0.08977603535353536
v 0.06064751569386144 -0.0421245909090909 -0.07478272222222221
v 0.061058378182781 -0.0421245909090909 -0.05978940909090906
v 0.06288938064473372 -0.0421245909090909 -0.04479609595959591
v 0.06771086136265442 -0.0421245909090909 -0.02980278282828276
v 0.06793651417708305 -0.0421245909090909 -0.0148094696969697
v 0.0665977307788034 -0.0421245909090909 0.015177156565656593
v 0.07104486868686878 -0.0421245909090909 0.011686328703487198
v 0.06844562630411243 -0.0421245909090909 0.030170469696969824
v 0.06911585538054915 -0.0421245909090909 0.045163782828282886
v 0.07104486868686878 -0.0421245909090909 0.051165170955833686
v 0.08197484848484854 -0.0421245909090909 0.011585266034483111
v 0.08197484848484854 -0.0421245909090909 0.05847112228510644
v 0.09064702313352141 -0.0421245909090909 0.015177156565656593
v 0.09290482828282828 -0.043865722858636984 0.015177156565656593
v 0.09290482828282828 -0.0421245909090909 0.01790514884908228
v 0.09290482828282828 -0.0421245909090909 0.05955717106147589
v 0.09290482828282828 -0.044248346418199365 0.06015709595959595
v 0.1023521719322131 -0.0421245909090909 0.030170469696969824
v 0.10383480808080815 -0.0421245909090909 0.035882925986529104
v 0.10383480808080815 -0.0421245909090909 0.05296406506926318
v 0.10805530355507993 -0.0421245909090909 0.045163782828282886
v -0.09362372319003921 -0.03414877272727271 -0.0148094696969697
v -0.09290482828282823 -0.03414877272727271 -0.015349807963718341
v -0.09290482828282823 -0.034557890256695936 -0.0148094696969697
v -0.09290482828282823 -0.03414877272727271 -0.013649522151545825
v -0.09716637407576253 -0.03414877272727271 0.030170469696969824
v -0.09290482828282823 -0.03414877272727271 0.02156078533414588
v -0.09669459252306174 -0.03414877272727271 0.045163782828282886
v -0.09290482828282823 -0.03414877272727271 0.04984146649991071
v -0.08197484848484847 -0.03414877272727271 -0.02477489490798632
v -0.08197484848484847 -0.03602973648210424 -0.0148094696969697
v -0.08197484848484847 -0.03414877272727271 -0.012167388549770869
v -0.08622544174937753 -0.03414877272727271 0.015177156565656593
v -0.08197484848484847 -0.03414877272727271 0.013624644520408433
v -0.08197484848484847 -0.03414877272727271 0.05643356324085179
v -0.07207844260130164 -0.03414877272727271 -0.1047693484848485
v -0.07104486868686867 -0.03414877272727271 -0.10605226104322099
v -0.07104486868686867 -0.034626684577287334 -0.1047693484848485
v -0.07104486868686867 -0.03414877272727271 -0.10213919652428415
v -0.07367615207949431 -0.03414877272727271 -0.04479609595959591
v -0.07104486868686867 -0.03414877272727271 -0.04893812862428536
v -0.07104486868686867 -0.03634196918867894 -0.04479609595959591
v -0.08106461173465622 -0.03414877272727271 -0.02980278282828276
v -0.07104486868686867 -0.03688765209115636 -0.02980278282828276
v -0.07104486868686867 -0.034425571765317714 -0.0148094696969697
v -0.07104486868686867 -0.03414877272727271 -0.01458187909036376
v -0.07104486868686867 -0.03414877272727271 0.013590343778526394
v -0.07312809907863742 -0.03414877272727271 0.06015709595959595
v -0.07104486868686867 -0.03460218900520688 0.06015709595959595
v -0.07104486868686867 -0.03414877272727271 0.06085328259545154
v -0.06011488888888886 -0.04107385112416496 -0.11976266161616156
v -0.06812692807641635 -0.03414877272727271 -0.1047693484848485
v -0.06011488888888886 -0.040160100974750944 -0.1047693484848485
v -0.06011488888888886 -0.04004239217483361 -0.05978940909090906
v -0.06011488888888886 -0.03414877272727271 -0.04898295883810177
v -0.06343831528783762 -0.03414877272727271 0.000183843434343447
v -0.06011488888888886 -0.03532988694706232 0.000183843434343447
v -0.06011488888888886 -0.042098315948554565 0.015177156565656593
v -0.06011488888888886 -0.039376664203988436 0.030170469696969824
v -0.06011488888888886 -0.03874271092942481 0.045163782828282886
v -0.06011488888888886 -0.035595726440706646 0.06015709595959595
v -0.06011488888888886 -0.03414877272727271 0.06502843034532238
v -0.04918490909090905 -0.04100315070050744 -0.20972254040404037
v -0.04918490909090905 -0.03942443664950002 -0.1947292272727273
v -0.04918490909090905 -0.04048631797643519 -0.17973591414141415
v -0.04918490909090905 -0.041359576543363495 -0.16474260101010102
v -0.04918490909090905 -0.04086905358259943 -0.14974928787878786
v -0.04918490909090905 -0.04136275725170031 -0.05978940909090906
v -0.04918490909090905 -0.03414877272727271 -0.05221664302119474
v -0.04918490909090905 -0.03981224509523277 0.030170469696969824
v -0.04918490909090905 -0.03903547285325385 0.045163782828282886
v -0.04918490909090905 -0.04002203934031073 0.06015709595959595
v -0.04918490909090905 -0.03414877272727271 0.07462366886799562
v -0.03825492929292924 -0.041972904444777255 -0.25470247979797983
v -0.03825492929292924 -0.04211452835866542 -0.2247158535353535
v -0.03825492929292924 -0.041446295212496195 -0.20972254040404037
v -0.03825492929292924 -0.04196561256642931 -0.1947292272727273
v -0.03825492929292924 -0.03414877272727271 -0.05117004145846617
v -0.03825492929292924 -0.03990243345351728 0.06015709595959595
v -0.0453300486921147 -0.03414877272727271 0.07515040909090918
v -0.03825492929292924 -0.03770698982497675 0.07515040909090918
v -0.04508275840379179 -0.03414877272727271 0.09014372222222225
v -0.03825492929292924 -0.03414877272727271 0.09585314476895844
v -0.02732494949494943 -0.04013773590913172 -0.29968241919191924
v -0.02732494949494943 -0.03414877272727271 -0.048061139710992
v -0.03164519230274757 -0.03414877272727271 0.10513703535353548
v -0.02732494949494943 -0.03414877272727271 0.11553097560621044
v -0.02527126008014478 -0.03414877272727271 -0.3596556717171718
v -0.016394969696969682 -0.03414877272727271 -0.37218228582290525
v -0.016394969696969682 -0.041611854380154106 -0.3596556717171718
v -0.016394969696969682 -0.03414877272727271 -0.3468497016155885
v -0.016394969696969682 -0.03876222226139961 -0.32966904545454545
v -0.016394969696969682 -0.03414877272727271 -0.04498536195847653
v -0.02020170184886637 -0.03414877272727271 0.12013034848484853
v -0.016394969696969682 -0.03414877272727271 0.12886422118115748
v -0.0055781827783432 -0.03414877272727271 -0.3596556717171718
v -0.01066985078176131 -0.03414877272727271 -0.3446623585858586
v -0.005464989898989875 -0.03414877272727271 -0.35870907167918387
v -0.005464989898989875 -0.03414877272727271 -0.3379172490245898
v -0.015406790607520758 -0.03414877272727271 -0.04479609595959591
v -0.005464989898989875 -0.03633873472769015 -0.04479609595959591
v -0.005464989898989875 -0.03414877272727271 -0.042430036490888584
v -0.007515184687473102 -0.03414877272727271 0.1351236616161616
v -0.005464989898989875 -0.03414877272727271 0.1397847437417251
v 0.0054649898989899345 -0.03414877272727271 -0.35720788742635756
v 0.0054649898989899345 -0.03414877272727271 -0.33641304576125436
v 0.0054649898989899345 -0.03614013139579333 -0.04479609595959591
v 0.0054649898989899345 -0.03414877272727271 -0.0425745079777897
v 0.0054649898989899345 -0.03414877272727271 0.1381973059947858
v -0.004268274462111617 -0.03414877272727271 0.1651102878787879
v 0.0054649898989899345 -0.03414877272727271 0.15645966715692894
v 0.0054649898989899345 -0.03777800716276121 0.1651102878787879
v 0.0054649898989899345 -0.03414877272727271 0.1678620942344408
v 0.006034043353906549 -0.03414877272727271 -0.3596556717171718
v 0.016394969696969804 -0.03414877272727271 -0.3719085111782203
v 0.016394969696969804 -0.04137866148979888 -0.3596556717171718
v 0.011245841442435088 -0.03414877272727271 -0.3446623585858586
v 0.016394969696969804 -0.03414877272727271 -0.3476680546480719
v 0.016394969696969804 -0.04015085895415965 -0.32966904545454545
v 0.012844945121413263 -0.03414877272727271 -0.04479609595959591
v 0.016394969696969804 -0.03414877272727271 -0.04569332514212233
v 0.0065283308243339775 -0.03414877272727271 0.1351236616161616
v 0.016394969696969804 -0.03414877272727271 0.12650102820159392
v 0.016394969696969804 -0.03414877272727271 0.1649683792735429
v 0.016394969696969804 -0.034207352913673286 0.1651102878787879
v 0.016394969696969804 -0.03414877272727271 0.16515020120535562
v 0.02489868073194592 -0.03414877272727271 -0.3596556717171718
v 0.02732494949494955 -0.03414877272727271 -0.04941119740960969
v 0.01895632598617332 -0.03414877272727271 0.12013034848484853
v 0.02732494949494955 -0.03414877272727271 0.11401031155534043
v 0.016432412539366923 -0.03414877272727271 0.1651102878787879
v 0.0382549292929293 -0.04163238269722581 -0.20972254040404037
v 0.0382549292929293 -0.04100218713271886 -0.1947292272727273
v 0.0382549292929293 -0.04126769510329218 -0.05978940909090906
v 0.0382549292929293 -0.03414877272727271 -0.05325437055139699
v 0.0382549292929293 -0.03960828689629345 0.06015709595959595
v 0.0382549292929293 -0.03733123933467795 0.07515040909090918
v 0.03513377277701578 -0.03414877272727271 0.10513703535353548
v 0.0382549292929293 -0.03414877272727271 0.10326181984191772
v 0.04918490909090917 -0.03992232398722778 -0.20972254040404037
v 0.04918490909090917 -0.03729822191329353 -0.1947292272727273
v 0.04918490909090917 -0.0383129241525102 -0.17973591414141415
v 0.04918490909090917 -0.04044047795210814 -0.16474260101010102
v 0.04918490909090917 -0.039522893487232424 -0.14974928787878786
v 0.04918490909090917 -0.04022060792269526 -0.13475597474747472
v 0.04918490909090917 -0.040417300718043586 -0.11976266161616156
v 0.04918490909090917 -0.039729855323667226 -0.05978940909090906
v 0.04918490909090917 -0.03414877272727271 -0.054248700446335105
v 0.04918490909090917 -0.03957993583049637 0.030170469696969824
v 0.04918490909090917 -0.03887672240248807 0.045163782828282886
v 0.04918490909090917 -0.040003383032441345 0.06015709595959595
v 0.04544571308025991 -0.03414877272727271 0.07515040909090918
v 0.04918490909090917 -0.03414877272727271 0.07461041845800052
v 0.0464902543516046 -0.03414877272727271 0.09014372222222225
v 0.06011488888888892 -0.040493922698960995 -0.13475597474747472
v 0.06011488888888892 -0.03858990971471281 -0.11976266161616156
v 0.06011488888888892 -0.03847664048315412 -0.1047693484848485
v 0.06011488888888892 -0.040265697058150904 -0.08977603535353536
v 0.06011488888888892 -0.0407616948502499 -0.07478272222222221
v 0.06011488888888892 -0.039557570996646085 -0.05978940909090906
v 0.06011488888888892 -0.03414877272727271 -0.05085411789453762
v 0.06011488888888892 -0.03688784715091434 0.000183843434343447
v 0.06011488888888892 -0.04032652158662995 0.015177156565656593
v 0.06011488888888892 -0.03927450729793169 0.030170469696969824
v 0.06011488888888892 -0.03897027612504927 0.045163782828282886
v 0.06011488888888892 -0.036047042681587545 0.06015709595959595
v 0.06011488888888892 -0.03414877272727271 0.06652322386676124
v 0.07104486868686878 -0.03414877272727271 -0.048691725248800354
v 0.07104486868686878 -0.0356320272475452 -0.04479609595959591
v 0.07104486868686878 -0.035581016023992766 -0.02980278282828276
v 0.07104486868686878 -0.03589786823545116 -0.0148094696969697
v 0.06762688642424075 -0.03414877272727271 0.000183843434343447
v 0.07104486868686878 -0.03414877272727271 -0.010804931549569824
v 0.07104486868686878 -0.03414877272727271 0.006549164274707154
v 0.07104486868686878 -0.03680365870061825 0.06015709595959595
v 0.07104486868686878 -0.03414877272727271 0.06428017332538574
v 0.07282168935880702 -0.03414877272727271 -0.04479609595959591
v 0.07660983018692002 -0.03414877272727271 -0.02980278282828276
v 0.08197484848484854 -0.03414877272727271 -0.017521290977231825
v 0.08197484848484854 -0.035074927056869064 -0.0148094696969697
v 0.08197484848484854 -0.03414877272727271 -0.011534179372615937
v 0.08197484848484854 -0.03414877272727271 0.006286517990474123
v 0.08197484848484854 -0.03860158410822074 0.06015709595959595
v 0.08197484848484854 -0.03414877272727271 0.06286397484949713
v 0.08668402335630851 -0.03414877272727271 -0.0148094696969697
v 0.09290482828282828 -0.03414877272727271 0.013917598522589548
v 0.09290482828282828 -0.03572046182243721 0.015177156565656593
v 0.0900545341718051 -0.03414877272727271 0.06015709595959595
v 0.09290482828282828 -0.03414877272727271 0.05896799614146763
v 0.0938716189290359 -0.03414877272727271 0.015177156565656593
v 0.10296593486915503 -0.03414877272727271 0.030170469696969824
v 0.10383480808080815 -0.03414877272727271 0.03732377191332459
v 0.10383480808080815 -0.03414877272727271 0.047836725221644026
v 0.10529150053007952 -0.03414877272727271 0.045163782828282886
v -0.11046515582384868 -0.026172954545454527 -0.0148094696969697
v -0.10383480808080803 -0.026172954545454527 -0.020111285098143993
v -0.10383480808080803 -0.02954523870199771 -0.0148094696969697
v -0.10453300610031191 -0.026172954545454527 0.000183843434343447
v -0.10383480808080803 -0.02644538383074851 0.000183843434343447
v -0.10383480808080803 -0.026172954545454527 0.002328368624822776
v -0.09675575368862899 -0.026172954545454527 -0.02980278282828276
v -0.09290482828282823 -0.026172954545454527 -0.030532394913826776
v -0.09290482828282823 -0.02839759822690713 -0.02980278282828276
v -0.09290482828282823 -0.03037416222688694 0.000183843434343447
v -0.10016633823554 -0.026172954545454527 0.015177156565656593
v -0.09290482828282823 -0.031110389293859907 0.015177156565656593
v -0.10131031257542274 -0.026172954545454527 0.030170469696969824
v -0.09816865791095428 -0.026172954545454527 0.045163782828282886
v -0.09290482828282823 -0.026172954545454527 0.05202693537712948
v -0.082392879355948 -0.026172954545454527 -0.1047693484848485
v -0.08197484848484847 -0.026172954545454527 -0.1054598494673989
v -0.08197484848484847 -0.026416542793030094 -0.1047693484848485
v -0.08197484848484847 -0.026172954545454527 -0.10371780615797493
v -0.08197484848484847 -0.026172954545454527 -0.0331021845151815
v -0.08197484848484847 -0.03371541766541838 -0.02980278282828276
v -0.08197484848484847 -0.029617706237797907 0.000183843434343447
v -0.08431411473432998 -0.026172954545454527 0.06015709595959595
v -0.08197484848484847 -0.028348196791326205 0.06015709595959595
v -0.08197484848484847 -0.026172954545454527 0.06169007783742704
v -0.07296387478419025 -0.026172954545454527 -0.17973591414141415
v -0.07104486868686867 -0.026172954545454527 -0.1940249263946366
v -0.07104486868686867 -0.029912049486359803 -0.17973591414141415
v -0.07104486868686867 -0.026172954545454527 -0.17173804533429401
v -0.08099080007050873 -0.026172954545454527 -0.1047693484848485
v -0.07104486868686867 -0.03217880882509493 -0.1047693484848485
v -0.07226810607601009 -0.026172954545454527 -0.04479609595959591
v -0.07104486868686867 -0.026172954545454527 -0.04808574774095809
v -0.07104486868686867 -0.027609205586284786 0.000183843434343447
v -0.07104486868686867 -0.026172954545454527 0.07020822093802209
v -0.065179172040567 -0.026172954545454527 -0.23970916666666667
v -0.06011488888888886 -0.026172954545454527 -0.2528735931327671
v -0.06011488888888886 -0.031771193056259674 -0.23970916666666667
v -0.060512734693419765 -0.026172954545454527 -0.2247158535353535
v -0.06011488888888886 -0.026956707978960392 -0.2247158535353535
v -0.06271749847559512 -0.026172954545454527 -0.20972254040404037
v -0.06011488888888886 -0.028540726361214967 -0.20972254040404037
v -0.06837443567712036 -0.026172954545454527 -0.1947292272727273
v -0.06011488888888886 -0.027101606983916053 -0.1947292272727273
v -0.06011488888888886 -0.027543235679550998 -0.17973591414141415
v -0.06011488888888886 -0.026172954545454527 -0.17709496122283594
v -0.06011488888888886 -0.026172954545454527 -0.046740240595665596
v -0.06699667350251799 -0.026172954545454527 0.07515040909090918
v -0.06011488888888886 -0.02900796949841533 0.07515040909090918
v -0.06011488888888886 -0.026172954545454527 0.07940279941376217
v -0.050166840323627136 -0.026172954545454527 -0.23970916666666667
v -0.058049374699661704 -0.026172954545454527 -0.2247158535353535
v -0.05234900269522013 -0.026172954545454527 -0.20972254040404037
v -0.0549301949222629 -0.026172954545454527 -0.1947292272727273
v -0.05570400482596596 -0.026172954545454527 -0.17973591414141415
v -0.04918490909090905 -0.026172954545454527 -0.04665436227247353
v -0.04918490909090905 -0.03231745268999223 0.07515040909090918
v -0.04918490909090905 -0.026172954545454527 0.0857594889524374
v -0.03825492929292924 -0.026172954545454527 -0.045313892533915746
v -0.04615592399659023 -0.026172954545454527 0.09014372222222225
v -0.04629618743385354 -0.026172954545454527 0.10513703535353548
v -0.03825492929292924 -0.030249416068692577 0.10513703535353548
v -0.04675412226667193 -0.026172954545454527 0.12013034848484853
v -0.03825492929292924 -0.029680628375564372 0.12013034848484853
v -0.03825492929292924 -0.026172954545454527 0.13196079355372167
v -0.036075157101269524 -0.026172954545454527 -0.04479609595959591
v -0.02732494949494943 -0.030030519799757842 -0.04479609595959591
v -0.02732494949494943 -0.026172954545454527 -0.041968471514805455
v -0.02732494949494943 -0.03168417081462871 0.12013034848484853
v -0.03423754764908175 -0.026172954545454527 0.1351236616161616
v -0.02732494949494943 -0.0289956086789779 0.1351236616161616
v -0.02732494949494943 -0.026172954545454527 0.14111027094537185
v -0.016394969696969682 -0.02664477292462576 -0.3596556717171718
v -0.016394969696969682 -0.0339439689414503 -0.04479609595959591
v -0.016394969696969682 -0.026172954545454527 -0.03765384542505344
v -0.016394969696969682 -0.02635187095916881 0.1351236616161616
v -0.016394969696969682 -0.026172954545454527 0.1361702305150439
v -0.017542018691692703 -0.026172954545454527 0.1651102878787879
v -0.016394969696969682 -0.026172954545454527 0.15230087979097023
v -0.016394969696969682 -0.03238377777525764 0.1651102878787879
v -0.016394969696969682 -0.026172954545454527 0.16911556874747247
v -0.005464989898989875 -0.02757618707500996 -0.3446623585858586
v -0.005464989898989875 -0.026172954545454527 -0.03306533851858365
v -0.014314529662384052 -0.026172954545454527 0.1351236616161616
v -0.005464989898989875 -0.026172954545454527 0.13419130389394407
v -0.005464989898989875 -0.02854292229613847 0.1351236616161616
v -0.005464989898989875 -0.026172954545454527 0.1553725706335723
v -0.005464989898989875 -0.032059005480410074 0.1651102878787879
v -0.005464989898989875 -0.026172954545454527 0.16632067702481512
v 0.0054649898989899345 -0.026956094309142975 -0.3446623585858586
v 0.0054649898989899345 -0.026172954545454527 -0.033009533368712506
v 0.0054649898989899345 -0.026172954545454527 0.13407106188488455
v 0.0054649898989899345 -0.02952383182017284 0.1351236616161616
v 0.0054649898989899345 -0.026172954545454527 0.15331553403984488
v 0.0054649898989899345 -0.026172954545454527 0.16749724847555783
v 0.016394969696969804 -0.026812218864239547 -0.3596556717171718
v 0.016394969696969804 -0.03323750031462559 -0.04479609595959591
v 0.016394969696969804 -0.026172954545454527 -0.03776904438242583
v 0.01421205207131395 -0.026172954545454527 0.1351236616161616
v 0.016394969696969804 -0.026325403548663237 0.1351236616161616
v 0.016394969696969804 -0.026172954545454527 0.13616530558471757
v 0.016394969696969804 -0.026172954545454527 0.15274335627686333
v 0.016394969696969804 -0.026172954545454527 0.16885264227388397
v 0.02732494949494955 -0.028938852982389365 -0.04479609595959591
v 0.02732494949494955 -0.026172954545454527 -0.042592910672870916
v 0.02732494949494955 -0.031220540990210204 0.12013034848484853
v 0.02732494949494955 -0.028948142715318197 0.1351236616161616
v 0.02732494949494955 -0.026172954545454527 0.1406522975794089
v 0.016947817334851765 -0.026172954545454527 0.1651102878787879
v 0.03715744512459779 -0.026172954545454527 -0.32966904545454545
v 0.0382549292929293 -0.026172954545454527 -0.3322273058623328
v 0.0382549292929293 -0.028092255769724905 -0.32966904545454545
v 0.0382549292929293 -0.026172954545454527 -0.3284498238306091
v 0.03319785040589922 -0.026172954545454527 -0.04479609595959591
v 0.0382549292929293 -0.026172954545454527 -0.04617466609080818
v 0.0382549292929293 -0.03206177137718219 0.10513703535353548
v 0.0382549292929293 -0.029565535234546615 0.12013034848484853
v 0.03482407470094668 -0.026172954545454527 0.1351236616161616
v 0.0382549292929293 -0.026172954545454527 0.13233159293423793
v 0.03881183632707239 -0.026172954545454527 -0.32966904545454545
v 0.04918490909090917 -0.026172954545454527 -0.04792206483467056
v 0.04918490909090917 -0.032583965260083926 0.07515040909090918
v 0.046444920492737095 -0.026172954545454527 0.09014372222222225
v 0.04918490909090917 -0.026172954545454527 0.08668006669761288
v 0.04541435211055598 -0.026172954545454527 0.10513703535353548
v 0.04701610835526983 -0.026172954545454527 0.12013034848484853
v 0.058988393486022916 -0.026172954545454527 -0.20972254040404037
v 0.06011488888888892 -0.026172954545454527 -0.21172369559079962
v 0.06011488888888892 -0.02639861178466594 -0.20972254040404037
v 0.05454368133462702 -0.026172954545454527 -0.1947292272727273
v 0.06011488888888892 -0.027194458356591674 -0.1947292272727273
v 0.05392008094759301 -0.026172954545454527 -0.17973591414141415
v 0.06011488888888892 -0.02821672440350334 -0.17973591414141415
v 0.06011488888888892 -0.026172954545454527 -0.17548908772945218
v 0.06011488888888892 -0.026172954545454527 -0.04791639922541062
v 0.06011488888888892 -0.03015816452022308 0.07515040909090918
v 0.06011488888888892 -0.026172954545454527 0.08171526762413227
v 0.06040909705370733 -0.026172954545454527 -0.20972254040404037
v 0.0708063938521483 -0.026172954545454527 -0.1947292272727273
v 0.07104486868686878 -0.026172954545454527 -0.19467557200406435
v 0.07104486868686878 -0.03000430489902775 -0.17973591414141415
v 0.07104486868686878 -0.026172954545454527 -0.17127136265155532
v 0.07104486868686878 -0.026172954545454527 -0.048629679586233175
v 0.07104486868686878 -0.030987154173144717 0.000183843434343447
v 0.06995039424986606 -0.026172954545454527 0.07515040909090918
v 0.07104486868686878 -0.026172954545454527 0.07366048659065501
v 0.07304027377980413 -0.026172954545454527 -0.17973591414141415
v 0.07898594785804186 -0.026172954545454527 -0.1047693484848485
v 0.08197484848484854 -0.026172954545454527 -0.10719448723503941
v 0.08197484848484854 -0.027129044188286402 -0.1047693484848485
v 0.08197484848484854 -0.026172954545454527 -0.1013561496735274
v 0.07206654134186387 -0.026172954545454527 -0.04479609595959591
v 0.08197484848484854 -0.026172954545454527 -0.032330314848069634
v 0.08197484848484854 -0.03174087683325233 -0.02980278282828276
v 0.08197484848484854 -0.031828049803628626 0.000183843434343447
v 0.08197484848484854 -0.026172954545454527 0.06762742450076235
v 0.0833318211445206 -0.026172954545454527 -0.1047693484848485
v 0.09290482828282828 -0.026172954545454527 -0.03009941121533034
v 0.09290482828282828 -0.02690443438509304 -0.02980278282828276
v 0.09290482828282828 -0.033031383005310194 -0.0148094696969697
v 0.09290482828282828 -0.030000497746439925 0.000183843434343447
v 0.09290482828282828 -0.027602075880545845 0.06015709595959595
v 0.09290482828282828 -0.026172954545454527 0.06043401258675493
v 0.09457539085176214 -0.026172954545454527 -0.02980278282828276
v 0.10383480808080815 -0.026172954545454527 -0.01849461817925714
v 0.10383480808080815 -0.028125794277658277 -0.0148094696969697
v 0.10320791606038208 -0.026172954545454527 0.000183843434343447
v 0.10383480808080815 -0.026172954545454527 -0.001670062069104639
v 0.10296741818071209 -0.026172954545454527 0.015177156565656593
v 0.10383480808080815 -0.026172954545454527 0.019729099535921567
v 0.10383480808080815 -0.03135974870907097 0.030170469696969824
v 0.0932823937131933 -0.026172954545454527 0.06015709595959595
v 0.10383480808080815 -0.026172954545454527 0.0470486206191969
v 0.1081687626679344 -0.026172954545454527 -0.0148094696969697
v 0.10638245610281373 -0.026172954545454527 0.030170469696969824
v 0.10491757806234316 -0.026172954545454527 0.045163782828282886
v -0.12803760461458122 -0.01819713636363638 -0.0148094696969697
v -0.12569476767676765 -0.01819713636363638 -0.01726724157544492
v -0.12569476767676765 -0.01931356632438195 -0.0148094696969697
v -0.12569476767676765 -0.01819713636363638 -0.009498957229154805
v -0.11723021209854265 -0.01819713636363638 -0.02980278282828276
v -0.11476478787878784 -0.01819713636363638 -0.03016740417463307
v -0.11476478787878784 -0.019114312292133714 -0.02980278282828276
v -0.11476478787878784 -0.023970387133042982 -0.0148094696969697
v -0.11943030381096098 -0.01819713636363638 0.000183843434343447
v -0.11476478787878784 -0.020448762466288132 0.000183843434343447
v -0.11476478787878784 -0.01819713636363638 0.008826518780473493
v -0.10383480808080803 -0.01819713636363638 -0.032250208532087925
v -0.10383480808080803 -0.023403205675739253 -0.02980278282828276
v -0.11137181440542156 -0.01819713636363638 0.015177156565656593
v -0.10383480808080803 -0.023070010641853853 0.015177156565656593
v -0.10619486921554708 -0.01819713636363638 0.030170469696969824
v -0.10383480808080803 -0.021314047537629745 0.030170469696969824
v -0.10383480808080803 -0.01819713636363638 0.03593483958281908
v -0.09290482828282823 -0.01819713636363638 -0.03281431301528606
v -0.10048023931276368 -0.01819713636363638 0.045163782828282886
v -0.09290482828282823 -0.01819713636363638 0.055210363341202426
v -0.09265245170234766 -0.01819713636363638 -0.14974928787878786
v -0.08197484848484847 -0.01819713636363638 -0.16440969405431224
v -0.08197484848484847 -0.02604680706766754 -0.14974928787878786
v -0.08197484848484847 -0.01819713636363638 -0.13485584455419614
v -0.08291607249236725 -0.01819713636363638 -0.11976266161616156
v -0.08197484848484847 -0.01819713636363638 -0.12509002489763868
v -0.08197484848484847 -0.01999997347659306 -0.11976266161616156
v -0.08197484848484847 -0.01819713636363638 -0.1123533648140103
v -0.08197484848484847 -0.025063991795501697 -0.1047693484848485
v -0.082980866005056 -0.01819713636363638 -0.04479609595959591
v -0.08197484848484847 -0.01819713636363638 -0.051689235060467006
v -0.08197484848484847 -0.019849987642902786 -0.04479609595959591
v -0.08884203795319708 -0.01819713636363638 0.06015709595959595
v -0.08197484848484847 -0.01819713636363638 0.06560681070190612
v -0.07515834007332134 -0.01819713636363638 -0.20972254040404037
v -0.07104486868686867 -0.01819713636363638 -0.21723443872502304
v -0.07104486868686867 -0.02195838375609928 -0.20972254040404037
v -0.07475559314447827 -0.01819713636363638 -0.1947292272727273
v -0.07104486868686867 -0.02601127319456866 -0.1947292272727273
v -0.07532292618760579 -0.01819713636363638 -0.17973591414141415
v -0.07105729237743141 -0.01819713636363638 -0.16474260101010102
v -0.07104486868686867 -0.018227431380295898 -0.16474260101010102
v -0.07104970765768762 -0.01819713636363638 -0.14974928787878786
v -0.07104486868686867 -0.01819713636363638 -0.16391609128542844
v -0.07892802905238001 -0.01819713636363638 -0.11976266161616156
v -0.07104486868686867 -0.01819713636363638 -0.04735979996687353
v -0.07104486868686867 -0.01819713636363638 0.07361877592308544
v -0.06383932212624492 -0.01819713636363638 -0.23970916666666667
v -0.06011488888888886 -0.01819713636363638 -0.25270826188625145
v -0.06555045414511562 -0.01819713636363638 -0.2247158535353535
v -0.07094757974727893 -0.01819713636363638 -0.16474260101010102
v -0.06011488888888886 -0.01819713636363638 -0.16996477601333598
v -0.0622767458491345 -0.01819713636363638 -0.04479609595959591
v -0.06011488888888886 -0.020406582230931853 -0.04479609595959591
v -0.06011488888888886 -0.01819713636363638 -0.043657164932752866
v -0.06954483130641988 -0.01819713636363638 0.07515040909090918
v -0.06011488888888886 -0.01819713636363638 0.07984139259911699
v -0.05779700212952689 -0.01819713636363638 -0.25470247979797983
v -0.04918490909090905 -0.01819713636363638 -0.2578008643500493
v -0.04918490909090905 -0.02293419589060451 -0.25470247979797983
v -0.04927483364047291 -0.01819713636363638 -0.23970916666666667
v -0.04918490909090905 -0.01819713636363638 -0.2399242433839833
v -0.05390037302199703 -0.01819713636363638 -0.2247158535353535
v -0.04918490909090905 -0.01819713636363638 -0.2100898079319597
v -0.04918490909090905 -0.019124486779686388 -0.20972254040404037
v -0.04918490909090905 -0.018470588506639782 -0.1947292272727273
v -0.0510520815066573 -0.01819713636363638 -0.17973591414141415
v -0.04918490909090905 -0.01819713636363638 -0.19412629234883183
v -0.04918490909090905 -0.022678792486675297 -0.04479609595959591
v -0.04918490909090905 -0.01819713636363638 -0.04218317077865811
v -0.04918490909090905 -0.01819713636363638 0.08131225439292517
v -0.03825492929292924 -0.01819713636363638 -0.25620958374488756
v -0.03825492929292924 -0.02137989410423087 -0.25470247979797983
v -0.04438578174406835 -0.01819713636363638 -0.23970916666666667
v -0.03825492929292924 -0.01842941296087771 -0.23970916666666667
v -0.03825492929292924 -0.01819713636363638 -0.23951173019551855
v -0.04862474382912024 -0.01819713636363638 -0.20972254040404037
v -0.04901917628468095 -0.01819713636363638 -0.1947292272727273
v -0.03825492929292924 -0.025362153150367484 -0.04479609595959591
v -0.03825492929292924 -0.01819713636363638 -0.0404800441413438
v -0.03825492929292924 -0.01819713636363638 0.08036376368829552
v -0.03825492929292924 -0.022121426437497475 0.09014372222222225
v -0.03825492929292924 -0.01942109257375569 0.10513703535353548
v -0.04550495819505876 -0.01819713636363638 0.12013034848484853
v -0.03825492929292924 -0.01819713636363638 0.11051191787875922
v -0.043187264539218624 -0.01819713636363638 0.1351236616161616
v -0.03825492929292924 -0.021550894877978476 0.1351236616161616
v -0.03825492929292924 -0.01819713636363638 0.14569752668554295
v -0.03278679862673366 -0.01819713636363638 -0.25470247979797983
v -0.037502356288446385 -0.01819713636363638 -0.23970916666666667
v -0.02732494949494943 -0.01819713636363638 -0.036924173536948025
v -0.035181389321962284 -0.01819713636363638 0.09014372222222225
v -0.03666133438379363 -0.01819713636363638 0.10513703535353548
v -0.03724330911587945 -0.01819713636363638 0.15011697474747485
v -0.02732494949494943 -0.022460858529291958 0.15011697474747485
v -0.03588111983097012 -0.01819713636363638 0.1651102878787879
v -0.02732494949494943 -0.020968308750608126 0.1651102878787879
v -0.02732494949494943 -0.01819713636363638 0.17110188864414136
v -0.01678774566260377 -0.01819713636363638 -0.02980278282828276
v -0.016394969696969682 -0.018553196550703553 -0.02980278282828276
v -0.016394969696969682 -0.01819713636363638 -0.029326946240297046
v -0.016394969696969682 -0.02476665348491249 0.15011697474747485
v -0.016394969696969682 -0.01819713636363638 0.17350666695458192
v -0.005598584620785021 -0.01819713636363638 -0.3446623585858586
v -0.005464989898989875 -0.01819713636363638 -0.34479099305814737
v -0.005464989898989875 -0.018383748926628973 -0.3446623585858586
v -0.013980617775493889 -0.01819713636363638 -0.32966904545454545
v -0.005464989898989875 -0.022387813641281784 -0.32966904545454545
v -0.007978624220340591 -0.01819713636363638 -0.3146757323232323
v -0.005464989898989875 -0.01899275936270288 -0.3146757323232323
v -0.005464989898989875 -0.01819713636363638 -0.3132650415227809
v -0.005464989898989875 -0.024111582608535763 -0.02980278282828276
v -0.005464989898989875 -0.01819713636363638 -0.017462974246377598
v -0.012647160804100908 -0.01819713636363638 0.1351236616161616
v -0.005464989898989875 -0.01819713636363638 0.12349019114306968
v -0.005562001303504163 -0.01819713636363638 0.15011697474747485
v -0.005464989898989875 -0.01819713636363638 0.1503666202398471
v -0.005464989898989875 -0.01819713636363638 0.16777168477183318
v 0.0054649898989899345 -0.01819713636363638 -0.3451907045477711
v 0.0054649898989899345 -0.019135514019317526 -0.3446623585858586
v 0.0054649898989899345 -0.02249473716210066 -0.32966904545454545
v 0.0054649898989899345 -0.019031172599626396 -0.3146757323232323
v 0.0054649898989899345 -0.01819713636363638 -0.31320016072762313
v 0.0054649898989899345 -0.02419579189842326 -0.02980278282828276
v 0.0054649898989899345 -0.01819713636363638 -0.017020434511923907
v 0.0054649898989899345 -0.01819713636363638 0.12388900754479175
v -0.003397724879406638 -0.01819713636363638 0.15011697474747485
v 0.0054649898989899345 -0.01819713636363638 0.14904197082097392
v 0.0054649898989899345 -0.020331430369417862 0.15011697474747485
v 0.0054649898989899345 -0.01819713636363638 0.167769171866092
v 0.0059938323276759855 -0.01819713636363638 -0.3446623585858586
v 0.01426870199423626 -0.01819713636363638 -0.32966904545454545
v 0.008160329579203266 -0.01819713636363638 -0.3146757323232323
v 0.016394969696969804 -0.01896184534093132 -0.02980278282828276
v 0.016394969696969804 -0.01819713636363638 -0.02872091129935373
v 0.011217760637992655 -0.01819713636363638 0.1351236616161616
v 0.016394969696969804 -0.02488862184820849 0.15011697474747485
v 0.016394969696969804 -0.01819713636363638 0.17395377873714193
v 0.017213927015290537 -0.01819713636363638 -0.02980278282828276
v 0.02732494949494955 -0.01819713636363638 -0.03722297240493651
v 0.02732494949494955 -0.022585925019129406 0.15011697474747485
v 0.02732494949494955 -0.020233234174376516 0.1651102878787879
v 0.02732494949494955 -0.01819713636363638 0.1739522239256553
v 0.0382549292929293 -0.0253326447578739 -0.32966904545454545
v 0.03394735611944961 -0.01819713636363638 -0.25470247979797983
v 0.0382549292929293 -0.01819713636363638 -0.25584129993651356
v 0.0382549292929293 -0.020733164902206586 -0.25470247979797983
v 0.0382549292929293 -0.01819713636363638 -0.2422764160555354
v 0.0382549292929293 -0.024112541735809602 -0.04479609595959591
v 0.0382549292929293 -0.01819713636363638 -0.04103016746114388
v 0.03502892455229685 -0.01819713636363638 0.09014372222222225
v 0.0382549292929293 -0.01819713636363638 0.08138582820853371
v 0.0382549292929293 -0.02185748649641799 0.09014372222222225
v 0.03645903454827358 -0.01819713636363638 0.10513703535353548
v 0.0382549292929293 -0.02006496905722751 0.10513703535353548
v 0.0382549292929293 -0.01819713636363638 0.10970217842523121
v 0.0382549292929293 -0.022520796998380055 0.1351236616161616
v 0.0381716892833252 -0.01819713636363638 0.15011697474747485
v 0.0382549292929293 -0.01819713636363638 0.14968482651139495
v 0.03661265308327915 -0.01819713636363638 0.1651102878787879
v 0.04918490909090917 -0.01819713636363638 -0.2571324902377775
v 0.04918490909090917 -0.02217534298555522 -0.25470247979797983
v 0.04918490909090917 -0.01819713636363638 -0.24599816396924223
v 0.04918490909090917 -0.021261188853941206 -0.04479609595959591
v 0.04918490909090917 -0.01819713636363638 -0.04273098563814259
v 0.04918490909090917 -0.01819713636363638 0.08309320342146287
v 0.046656600705844195 -0.01819713636363638 0.12013034848484853
v 0.044774573019936384 -0.01819713636363638 0.1351236616161616
v 0.057308836712142104 -0.01819713636363638 -0.25470247979797983
v 0.059586771697327096 -0.01819713636363638 -0.23970916666666667
v 0.06011488888888892 -0.01819713636363638 -0.24114862498080916
v 0.06011488888888892 -0.0184940087002283 -0.23970916666666667
v 0.0525166496275409 -0.01819713636363638 -0.2247158535353535
v 0.06011488888888892 -0.02541353589608519 -0.2247158535353535
v 0.05051244465955264 -0.01819713636363638 -0.20972254040404037
v 0.04920315738879839 -0.01819713636363638 -0.1947292272727273
v 0.05061016873013418 -0.01819713636363638 -0.17973591414141415
v 0.06011488888888892 -0.01819713636363638 -0.1690940418762744
v 0.06011488888888892 -0.018990242208515418 -0.04479609595959591
v 0.06011488888888892 -0.01819713636363638 -0.04429767113750445
v 0.06011488888888892 -0.01819713636363638 0.08264136545186344
v 0.060216334119722874 -0.01819713636363638 -0.23970916666666667
v 0.07104486868686878 -0.01819713636363638 -0.233625098374034
v 0.07104486868686878 -0.022057538127075543 -0.2247158535353535
v 0.07104486868686878 -0.02259244477777634 -0.20972254040404037
v 0.07104486868686878 -0.026161148657397562 -0.1947292272727273
v 0.07104486868686878 -0.01819713636363638 -0.16488788451556605
v 0.07040549171386994 -0.01819713636363638 -0.14974928787878786
v 0.07104486868686878 -0.01819713636363638 -0.15679378601452207
v 0.07104486868686878 -0.018532886446350885 -0.14974928787878786
v 0.07104486868686878 -0.01819713636363638 -0.14901156042822838
v 0.06078628773517705 -0.01819713636363638 -0.04479609595959591
v 0.07104486868686878 -0.01819713636363638 -0.04859172589701061
v 0.07104486868686878 -0.023082332950523067 0.07515040909090918
v 0.07104486868686878 -0.01819713636363638 0.07758626114540867
v 0.07820140415924684 -0.01819713636363638 -0.2247158535353535
v 0.07626395191005408 -0.01819713636363638 -0.20972254040404037
v 0.07489192987389838 -0.01819713636363638 -0.1947292272727273
v 0.07536319126430957 -0.01819713636363638 -0.17973591414141415
v 0.08197484848484854 -0.01819713636363638 -0.16448389294817511
v 0.08197484848484854 -0.026063132712919275 -0.14974928787878786
v 0.08197484848484854 -0.01819713636363638 -0.13479449702095125
v 0.07783184993414814 -0.01819713636363638 -0.11976266161616156
v 0.08197484848484854 -0.01819713636363638 -0.12928078460171566
v 0.08197484848484854 -0.02054107017744496 -0.11976266161616156
v 0.08197484848484854 -0.01819713636363638 -0.10786952537208766
v 0.08197484848484854 -0.021067562598317602 -0.1047693484848485
v 0.08197484848484854 -0.01819713636363638 -0.052038418940556025
v 0.08197484848484854 -0.019567165056667727 -0.04479609595959591
v 0.07590465197072893 -0.01819713636363638 0.07515040909090918
v 0.08197484848484854 -0.01819713636363638 0.07077261178003676
v 0.09267414498104354 -0.01819713636363638 -0.14974928787878786
v 0.0832215600456769 -0.01819713636363638 -0.11976266161616156
v 0.08301215599295919 -0.01819713636363638 -0.04479609595959591
v 0.09290482828282828 -0.01819713636363638 -0.03273926748329116
v 0.09290482828282828 -0.01819713636363638 0.06265212444576482
v 0.10383480808080815 -0.01819713636363638 -0.032254991440806006
v 0.10383480808080815 -0.023199090415501413 -0.02980278282828276
v 0.10383480808080815 -0.025753844058449618 0.000183843434343447
v 0.10383480808080815 -0.02520262970791353 0.015177156565656593
v 0.09575266561236294 -0.01819713636363638 0.06015709595959595
v 0.10383480808080815 -0.01819713636363638 0.04868775694822715
v 0.1147647878787879 -0.01819713636363638 -0.030093270788791298
v 0.1147647878787879 -0.018882681958093204 -0.02980278282828276
v 0.1147647878787879 -0.02265492069125458 -0.0148094696969697
v 0.1147647878787879 -0.01916848195830237 0.000183843434343447
v 0.11228861751411415 -0.01819713636363638 0.015177156565656593
v 0.1147647878787879 -0.01819713636363638 0.005994789824552408
v 0.11042895185552756 -0.01819713636363638 0.030170469696969824
v 0.10602191956974817 -0.01819713636363638 0.045163782828282886
v 0.11648829486659443 -0.01819713636363638 -0.02980278282828276
v 0.1239807720093062 -0.01819713636363638 -0.0148094696969697
v 0.116661705759451 -0.01819713636363638 0.000183843434343447
v -0.13908550569723419 -0.010221318181818186 -0.02980278282828276
v -0.13662474747474745 -0.010221318181818186 -0.03050768330807847
v -0.13662474747474745 -0.011448485303262985 -0.02980278282828276
v -0.1421386897303614 -0.010221318181818186 -0.0148094696969697
v -0.13662474747474745 -0.013803399609530705 -0.0148094696969697
v -0.13662474747474745 -0.010221318181818186 -0.004088876648952424
v -0.12569476767676765 -0.010221318181818186 -0.03250503833704655
v -0.12569476767676765 -0.01637237034539823 -0.02980278282828276
v -0.13288850009188985 -0.010221318181818186 0.000183843434343447
v -0.12569476767676765 -0.014664285321770009 0.000183843434343447
v -0.12569476767676765 -0.010221318181818186 0.009217384020573743
v -0.11476478787878784 -0.010221318181818186 -0.03250029242205717
v -0.12004472876784475 -0.010221318181818186 0.015177156565656593
v -0.11476478787878784 -0.014896996017006312 0.015177156565656593
v -0.11476478787878784 -0.010221318181818186 0.023859565447882848
v -0.10383480808080803 -0.010221318181818186 -0.03347631039731157
v -0.11114745037287142 -0.010221318181818186 0.030170469696969824
v -0.10383480808080803 -0.010221318181818186 0.042809971970182124
v -0.10059505876108636 -0.010221318181818186 -0.08977603535353536
v -0.09290482828282823 -0.010221318181818186 -0.0960403437823573
v -0.09290482828282823 -0.01343400894044437 -0.08977603535353536
v -0.09604499033588781 -0.010221318181818186 -0.07478272222222221
v -0.09290482828282823 -0.015093393461071811 -0.07478272222222221
v -0.09566894975721969 -0.010221318181818186 -0.05978940909090906
v -0.09290482828282823 -0.01600518765505781 -0.05978940909090906
v -0.09431525910209877 -0.010221318181818186 -0.04479609595959591
v -0.09290482828282823 -0.011000440034670912 -0.04479609595959591
v -0.10265926137293666 -0.010221318181818186 0.045163782828282886
v -0.09290482828282823 -0.010221318181818186 0.05753217802585041
v -0.08197484848484847 -0.010263428855338963 -0.14974928787878786
v -0.08197484848484847 -0.01156011489890096 -0.11976266161616156
v -0.08425790351048969 -0.010221318181818186 -0.08977603535353536
v -0.08513770500285013 -0.010221318181818186 -0.07478272222222221
v -0.08471998645065126 -0.010221318181818186 -0.05978940909090906
v -0.08197484848484847 -0.010221318181818186 -0.05058007817955602
v -0.09086362943170351 -0.010221318181818186 0.06015709595959595
v -0.08197484848484847 -0.010221318181818186 0.068121493286306
v -0.07104486868686867 -0.010941412114625997 -0.20972254040404037
v -0.072940741372375 -0.010221318181818186 -0.1947292272727273
v -0.07104486868686867 -0.010221318181818186 -0.20561248796237994
v -0.07467212470119391 -0.010221318181818186 -0.17973591414141415
v -0.07104486868686867 -0.010221318181818186 -0.16723877719556376
v -0.07104486868686867 -0.01805398809984372 -0.16474260101010102
v -0.0718754214728579 -0.010221318181818186 -0.04479609595959591
v -0.07104486868686867 -0.011467056616720256 -0.04479609595959591
v -0.07104486868686867 -0.010221318181818186 -0.04356653614823923
v -0.07104486868686867 -0.010221318181818186 0.0737911509315565
v -0.06133042006863301 -0.010221318181818186 -0.23970916666666667
v -0.06011488888888886 -0.010221318181818186 -0.24396638590423209
v -0.07044093586350846 -0.010221318181818186 -0.2247158535353535
v -0.0690893350378127 -0.010221318181818186 -0.20972254040404037
v -0.06011488888888886 -0.010221318181818186 -0.17163172715731806
v -0.06011488888888886 -0.010221318181818186 -0.03973273334892106
v -0.06858008628372012 -0.010221318181818186 0.07515040909090918
v -0.06011488888888886 -0.010221318181818186 0.07770442920282666
v -0.05808946489291811 -0.010221318181818186 -0.25470247979797983
v -0.04918490909090905 -0.010221318181818186 -0.2610019916566319
v -0.04918490909090905 -0.0178864202809299 -0.23970916666666667
v -0.05175542797257885 -0.010221318181818186 -0.2247158535353535
v -0.04918490909090905 -0.010221318181818186 -0.23742605722488305
v -0.04918490909090905 -0.010221318181818186 -0.21243652737538785
v -0.052132425714483094 -0.010221318181818186 -0.17973591414141415
v -0.04918490909090905 -0.010221318181818186 -0.1894633268918118
v -0.04918490909090905 -0.010221318181818186 -0.038912551133743915
v -0.04918490909090905 -0.010221318181818186 0.07807150831605347
v -0.03825492929292924 -0.010221318181818186 -0.2625462542803607
v -0.03825492929292924 -0.010221318181818186 -0.235813685950725
v -0.04667099479321978 -0.010221318181818186 -0.20972254040404037
v -0.04726895844733332 -0.010221318181818186 -0.1947292272727273
v -0.03825492929292924 -0.010221318181818186 -0.03775810040553086
v -0.03825492929292924 -0.010221318181818186 0.07677201514308402
v -0.03825492929292924 -0.011244491555707739 0.12013034848484853
v -0.03825492929292924 -0.010884355051691642 0.1351236616161616
v -0.02732494949494943 -0.010221318181818186 -0.2595764180266128
v -0.02732494949494943 -0.01686194953507701 -0.25470247979797983
v -0.02732494949494943 -0.015434615013607796 -0.23970916666666667
v -0.02732494949494943 -0.010221318181818186 -0.2358678035261784
v -0.02732494949494943 -0.010221318181818186 -0.03355757359749041
v -0.02732494949494943 -0.010221318181818186 0.07861995532235022
v -0.02732494949494943 -0.012224077257329734 0.09014372222222225
v -0.02732494949494943 -0.01063015142517807 0.10513703535353548
v -0.03328984860130894 -0.010221318181818186 0.12013034848484853
v -0.02732494949494943 -0.010221318181818186 0.11263552967207746
v -0.03629217937079324 -0.010221318181818186 0.1351236616161616
v -0.03430772777145682 -0.010221318181818186 0.15011697474747485
v -0.03291958158904051 -0.010221318181818186 0.1651102878787879
v -0.02732494949494943 -0.010221318181818186 0.16925260653830068
v -0.016394969696969682 -0.010221318181818186 -0.255357892641843
v -0.016394969696969682 -0.011147988148713865 -0.25470247979797983
v -0.022210507246926147 -0.010221318181818186 -0.23970916666666667
v -0.016394969696969682 -0.010221318181818186 -0.24975754832349203
v -0.02340261929245463 -0.010221318181818186 -0.02980278282828276
v -0.016394969696969682 -0.010221318181818186 -0.017895993333897547
v -0.022411225178960742 -0.010221318181818186 0.09014372222222225
v -0.025938496057949602 -0.010221318181818186 0.10513703535353548
v -0.020368985300184383 -0.010221318181818186 0.12013034848484853
v -0.016394969696969682 -0.010221318181818186 0.11898181964118718
v -0.016394969696969682 -0.011532920380059035 0.12013034848484853
v -0.020930354484170136 -0.010221318181818186 0.1351236616161616
v -0.016394969696969682 -0.014489465501368409 0.1351236616161616
v -0.016394969696969682 -0.010221318181818186 0.14066862002057373
v -0.016394969696969682 -0.010221318181818186 0.1711775573370819
v -0.005464989898989875 -0.01793488147236552 -0.3446623585858586
v -0.012202307254360096 -0.010221318181818186 -0.32966904545454545
v -0.005464989898989875 -0.010221318181818186 -0.3406342918874712
v -0.01159343802347128 -0.010221318181818186 -0.3146757323232323
v -0.012406541960968439 -0.010221318181818186 -0.29968241919191924
v -0.005464989898989875 -0.013103092183065757 -0.29968241919191924
v -0.005464989898989875 -0.010221318181818186 -0.28507150731248326
v -0.01528226217682707 -0.010221318181818186 -0.25470247979797983
v -0.014522252584057586 -0.010221318181818186 -0.0148094696969697
v -0.005464989898989875 -0.017209634388160578 -0.0148094696969697
v -0.012501054454649514 -0.010221318181818186 0.000183843434343447
v -0.005464989898989875 -0.015106882667217134 0.000183843434343447
v -0.009515076224266734 -0.010221318181818186 0.015177156565656593
v -0.005464989898989875 -0.013215358187668572 0.015177156565656593
v -0.009290721446367056 -0.010221318181818186 0.030170469696969824
v -0.005464989898989875 -0.013473932569302731 0.030170469696969824
v -0.008394884580937529 -0.010221318181818186 0.045163782828282886
v -0.005464989898989875 -0.0144674244835794 0.045163782828282886
v -0.00595171330854981 -0.010221318181818186 0.06015709595959595
v -0.005464989898989875 -0.011140672741576431 0.06015709595959595
v -0.005464989898989875 -0.010221318181818186 0.06252734328164138
v -0.005464989898989875 -0.010221318181818186 0.11111849014635393
v -0.005464989898989875 -0.01760501287081165 0.12013034848484853
v -0.01112728976307548 -0.010221318181818186 0.15011697474747485
v -0.005464989898989875 -0.010221318181818186 0.15496105307202618
v -0.005464989898989875 -0.010221318181818186 0.16855366849453032
v 0.0054649898989899345 -0.01716757942588226 -0.3446623585858586
v 0.0054649898989899345 -0.010221318181818186 -0.34093162115863673
v 0.0054649898989899345 -0.013111200894550902 -0.29968241919191924
v 0.0054649898989899345 -0.010221318181818186 -0.2855442372964021
v 0.0054649898989899345 -0.017414187167417557 -0.0148094696969697
v 0.0054649898989899345 -0.01526766883134087 0.000183843434343447
v 0.0054649898989899345 -0.01358546556076827 0.015177156565656593
v 0.0054649898989899345 -0.013657213296936699 0.030170469696969824
v 0.0054649898989899345 -0.014813056208343327 0.045163782828282886
v 0.003581072420200427 -0.010221318181818186 0.06015709595959595
v 0.0054649898989899345 -0.010221318181818186 0.05963430687070481
v 0.0054649898989899345 -0.010221318181818186 0.11289547186970625
v 0.0054649898989899345 -0.017551943367553502 0.12013034848484853
v 0.0054649898989899345 -0.01766165921424294 0.15011697474747485
v 0.0054649898989899345 -0.010221318181818186 0.1548807781904407
v 0.0054649898989899345 -0.010221318181818186 0.16839192564144131
v 0.012605692923801308 -0.010221318181818186 -0.32966904545454545
v 0.011777413071095595 -0.010221318181818186 -0.3146757323232323
v 0.01248689851217093 -0.010221318181818186 -0.29968241919191924
v 0.012256492466755907 -0.010221318181818186 -0.25470247979797983
v 0.016394969696969804 -0.010221318181818186 -0.2567273679013584
v 0.016394969696969804 -0.01307978170415066 -0.25470247979797983
v 0.016394969696969804 -0.010221318181818186 -0.243888372287984
v 0.015081532612143296 -0.010221318181818186 -0.0148094696969697
v 0.016394969696969804 -0.010221318181818186 -0.01714965799872423
v 0.01268315781992197 -0.010221318181818186 0.000183843434343447
v 0.010302439241076199 -0.010221318181818186 0.015177156565656593
v 0.00972492794571168 -0.010221318181818186 0.030170469696969824
v 0.009240225860741795 -0.010221318181818186 0.045163782828282886
v 0.016394969696969804 -0.010221318181818186 0.11949423087121723
v 0.016394969696969804 -0.010964864675660095 0.12013034848484853
v 0.016394969696969804 -0.011935366266958508 0.1351236616161616
v 0.009775779296253943 -0.010221318181818186 0.15011697474747485
v 0.016394969696969804 -0.010221318181818186 0.13707356119546982
v 0.016394969696969804 -0.010221318181818186 0.17094719233371145
v 0.02732494949494955 -0.010221318181818186 -0.2595716176916545
v 0.02732494949494955 -0.016788656284071588 -0.25470247979797983
v 0.02201980274539959 -0.010221318181818186 -0.23970916666666667
v 0.02732494949494955 -0.01464262277631456 -0.23970916666666667
v 0.02732494949494955 -0.010221318181818186 -0.23636619297181266
v 0.023654672157193836 -0.010221318181818186 -0.02980278282828276
v 0.02732494949494955 -0.010221318181818186 -0.033269322114795795
v 0.02447935839572405 -0.010221318181818186 0.09014372222222225
v 0.02732494949494955 -0.010221318181818186 0.0818761111246411
v 0.02732494949494955 -0.011497114067341923 0.09014372222222225
v 0.027130582331739074 -0.010221318181818186 0.10513703535353548
v 0.02732494949494955 -0.010284306418278164 0.10513703535353548
v 0.018065524714995156 -0.010221318181818186 0.12013034848484853
v 0.02732494949494955 -0.010221318181818186 0.10616649718156221
v 0.017766993992200723 -0.010221318181818186 0.1351236616161616
v 0.02732494949494955 -0.010221318181818186 0.17014193494765803
v 0.0382549292929293 -0.010221318181818186 -0.2624235775176454
v 0.0382549292929293 -0.016621383677634254 -0.23970916666666667
v 0.0382549292929293 -0.010221318181818186 -0.23619312042745083
v 0.0382549292929293 -0.010221318181818186 -0.038272606721780476
v 0.0382549292929293 -0.010221318181818186 0.07792778663208737
v 0.0382549292929293 -0.010221318181818186 0.11963564644427115
v 0.037619651324343265 -0.010221318181818186 0.15011697474747485
v 0.0382549292929293 -0.010221318181818186 0.14663695587534498
v 0.0338269066610381 -0.010221318181818186 0.1651102878787879
v 0.04918490909090917 -0.010221318181818186 -0.26003296679426535
v 0.04918490909090917 -0.012887635884807661 -0.23970916666666667
v 0.04918490909090917 -0.010221318181818186 -0.23755945745462695
v 0.0474391678752543 -0.010221318181818186 -0.20972254040404037
v 0.04918490909090917 -0.010221318181818186 -0.21226520565861734
v 0.04918490909090917 -0.015030330416030914 -0.20972254040404037
v 0.04748541704554139 -0.010221318181818186 -0.1947292272727273
v 0.04918490909090917 -0.01805086260159494 -0.1947292272727273
v 0.04918490909090917 -0.010221318181818186 -0.18943784448031448
v 0.04918490909090917 -0.010221318181818186 -0.039073500744485935
v 0.04918490909090917 -0.010221318181818186 0.08028517152691839
v 0.03948562299046148 -0.010221318181818186 0.12013034848484853
v 0.04091814785247539 -0.010221318181818186 0.1351236616161616
v 0.05707637538960622 -0.010221318181818186 -0.25470247979797983
v 0.06011488888888892 -0.010221318181818186 -0.24553321348905544
v 0.051123161666662385 -0.010221318181818186 -0.2247158535353535
v 0.05174701932602013 -0.010221318181818186 -0.17973591414141415
v 0.06011488888888892 -0.010221318181818186 -0.17096894598038967
v 0.06011488888888892 -0.010221318181818186 -0.03901308893112641
v 0.06011488888888892 -0.010221318181818186 0.08097510039807193
v 0.0635673360369455 -0.010221318181818186 -0.23970916666666667
v 0.07104486868686878 -0.010221318181818186 -0.23483128530827274
v 0.07104486868686878 -0.010221318181818186 -0.16742464297431953
v 0.07104486868686878 -0.016867509631267905 -0.14974928787878786
v 0.07104486868686878 -0.011317722948548232 -0.04479609595959591
v 0.07104486868686878 -0.010221318181818186 -0.04092695704526787
v 0.07104486868686878 -0.010221318181818186 0.07816965124508216
v 0.07688569800612252 -0.010221318181818186 -0.2247158535353535
v 0.07155173572331042 -0.010221318181818186 -0.20972254040404037
v 0.07332588378121647 -0.010221318181818186 -0.1947292272727273
v 0.07482679974980713 -0.010221318181818186 -0.17973591414141415
v 0.08197484848484854 -0.010253479057610043 -0.14974928787878786
v 0.081196515456634 -0.010221318181818186 -0.11976266161616156
v 0.08197484848484854 -0.010221318181818186 -0.12208372714275274
v 0.08197484848484854 -0.010221318181818186 -0.11715009135884717
v 0.07204008719114727 -0.010221318181818186 -0.04479609595959591
v 0.08197484848484854 -0.010221318181818186 -0.05104853875374532
v 0.0776392942447898 -0.010221318181818186 0.07515040909090918
v 0.08197484848484854 -0.010221318181818186 0.07231165162117474
v 0.08234158021628646 -0.010221318181818186 -0.11976266161616156
v 0.08199423788607915 -0.010221318181818186 -0.08977603535353536
v 0.09290482828282828 -0.010221318181818186 -0.09695849968069334
v 0.09290482828282828 -0.014375061324476782 -0.08977603535353536
v 0.08537969810922423 -0.010221318181818186 -0.07478272222222221
v 0.09290482828282828 -0.014819785196902545 -0.07478272222222221
v 0.08479658841734909 -0.010221318181818186 -0.05978940909090906
v 0.09290482828282828 -0.01584414427970005 -0.05978940909090906
v 0.09290482828282828 -0.011121649413899782 -0.04479609595959591
v 0.09290482828282828 -0.010221318181818186 0.06412825105322512
v 0.10383480808080815 -0.010221318181818186 -0.08989219532361249
v 0.10383480808080815 -0.01033351794822047 -0.08977603535353536
v 0.09596441582347208 -0.010221318181818186 -0.07478272222222221
v 0.10383480808080815 -0.010221318181818186 -0.08964974096633882
v 0.09564559158394172 -0.010221318181818186 -0.05978940909090906
v 0.09405967128545453 -0.010221318181818186 -0.04479609595959591
v 0.10383480808080815 -0.010221318181818186 -0.032774095984289334
v 0.09721541895661802 -0.010221318181818186 0.06015709595959595
v 0.10383480808080815 -0.010221318181818186 0.050919250268166155
v 0.1040539105617656 -0.010221318181818186 -0.08977603535353536
v 0.1147647878787879 -0.010221318181818186 -0.03230378793385406
v 0.1147647878787879 -0.014837578666319844 0.015177156565656593
v 0.11365137037694352 -0.010221318181818186 0.030170469696969824
v 0.1147647878787879 -0.010221318181818186 0.026809049254018225
v 0.10767154454700249 -0.010221318181818186 0.045163782828282886
v 0.12569476767676777 -0.010221318181818186 -0.03240083358603439
v 0.12569476767676777 -0.01537597743980217 -0.02980278282828276
v 0.12569476767676777 -0.017219486041193974 -0.0148094696969697
v 0.12569476767676777 -0.012050948928889 0.000183843434343447
v 0.11919730558732447 -0.010221318181818186 0.015177156565656593
v 0.12569476767676777 -0.010221318181818186 0.0048039197969837275
v 0.1359440788789271 -0.010221318181818186 -0.02980278282828276
v 0.1366247474747475 -0.010221318181818186 -0.019326577141385935
v 0.1366247474747475 -0.010670458758240176 -0.0148094696969697
v 0.1283824794251181 -0.010221318181818186 0.000183843434343447
v 0.1366247474747475 -0.010221318181818186 -0.013261237252729388
v 0.1373143132656408 -0.010221318181818186 -0.0148094696969697
v -0.15335675369234764 -0.0022454999999999975 -0.02980278282828276
v -0.14755472727272725 -0.0022454999999999975 -0.032956304746586985
v -0.14755472727272725 -0.006157116269666173 -0.02980278282828276
v -0.15150654030303218 -0.0022454999999999975 -0.0148094696969697
v -0.14755472727272725 -0.005832951275955758 -0.0148094696969697
v -0.14755472727272725 -0.0022454999999999975 -0.00696476016988157
v -0.13662474747474745 -0.0022454999999999975 -0.03489788467896059
v -0.14143027618357928 -0.0022454999999999975 0.000183843434343447
v -0.13662474747474745 -0.006953307615429234 0.000183843434343447
v -0.13662474747474745 -0.0022454999999999975 0.0065392969301279625
v -0.12569476767676765 -0.0022454999999999975 -0.03155239574561403
v -0.1271197400022109 -0.0022454999999999975 0.015177156565656593
v -0.12569476767676765 -0.0037425909208716173 0.015177156565656593
v -0.12569476767676765 -0.0022454999999999975 0.0170231348710897
v -0.12001057764011304 -0.0022454999999999975 -0.08977603535353536
v -0.11476478787878784 -0.0022454999999999975 -0.09768686728037915
v -0.11476478787878784 -0.007586047279997726 -0.08977603535353536
v -0.11476478787878784 -0.0022454999999999975 -0.08002871082063576
v -0.11476478787878784 -0.0022454999999999975 -0.03329356646780578
v -0.1150619725115099 -0.0022454999999999975 0.030170469696969824
v -0.11476478787878784 -0.0027513680323399082 0.030170469696969824
v -0.11476478787878784 -0.0022454999999999975 0.030598648456565403
v -0.10501827100121951 -0.0022454999999999975 -0.08977603535353536
v -0.10383480808080803 -0.0022454999999999975 -0.039680093664554786
v -0.10434935825192493 -0.0022454999999999975 0.045163782828282886
v -0.10383480808080803 -0.004096890623726203 0.045163782828282886
v -0.10383480808080803 -0.0022454999999999975 0.04577915052847682
v -0.09290482828282823 -0.005100945420519883 -0.08977603535353536
v -0.09290482828282823 -0.004582241277719041 -0.07478272222222221
v -0.09290482828282823 -0.004444757235196066 -0.05978940909090906
v -0.09290482828282823 -0.008987503668400391 -0.04479609595959591
v -0.09290482828282823 -0.0022454999999999975 -0.03154426327060065
v -0.09290482828282823 -0.0022454999999999975 0.05983067501365851
v -0.08761695496561736 -0.0022454999999999975 -0.1047693484848485
v -0.08197484848484847 -0.0022454999999999975 -0.11085250363967267
v -0.08197484848484847 -0.0063129806816405384 -0.1047693484848485
v -0.08197484848484847 -0.0022454999999999975 -0.09208317078506477
v -0.08197484848484847 -0.002561166641656485 -0.04479609595959591
v -0.08748047168189593 -0.0022454999999999975 -0.02980278282828276
v -0.08197484848484847 -0.006191531843387143 -0.02980278282828276
v -0.08197484848484847 -0.0022454999999999975 -0.015342610111357312
v -0.09262793027612387 -0.0022454999999999975 0.06015709595959595
v -0.08197484848484847 -0.0022454999999999975 0.06846960863937228
v -0.07104486868686867 -0.004955635817284915 -0.1947292272727273
v -0.07104486868686867 -0.003549246050386202 -0.17973591414141415
v -0.07934429749758674 -0.0022454999999999975 -0.1047693484848485
v -0.07344448564089912 -0.0022454999999999975 -0.02980278282828276
v -0.07104486868686867 -0.0022454999999999975 -0.03745643186982201
v -0.08189372321993683 -0.0022454999999999975 -0.0148094696969697
v -0.07104486868686867 -0.0022454999999999975 -0.028993539030116297
v -0.07104486868686867 -0.00513311761994267 -0.0148094696969697
v -0.07104486868686867 -0.0022454999999999975 -0.0021180767360906715
v -0.07104486868686867 -0.0022454999999999975 0.0730467912284226
v -0.062009775532771455 -0.0022454999999999975 -0.23970916666666667
v -0.06011488888888886 -0.0022454999999999975 -0.24477853312542816
v -0.06951103976251116 -0.0022454999999999975 -0.2247158535353535
v -0.06728387074019379 -0.0022454999999999975 -0.20972254040404037
v -0.06525045508401676 -0.0022454999999999975 -0.1947292272727273
v -0.06011488888888886 -0.0022454999999999975 -0.1805903010297985
v -0.06011488888888886 -0.0024567319580423817 -0.17973591414141415
v -0.06011488888888886 -0.0022454999999999975 -0.0393139528780648
v -0.06011488888888886 -0.0022454999999999975 -0.02370390064076318
v -0.06011488888888886 -0.007065183320086262 -0.0148094696969697
v -0.06486249423136431 -0.0022454999999999975 0.000183843434343447
v -0.06011488888888886 -0.0034953296073659927 0.000183843434343447
v -0.06011488888888886 -0.0022454999999999975 0.0053677700711632186
v -0.0624922270175647 -0.0022454999999999975 0.07515040909090918
v -0.06011488888888886 -0.0022454999999999975 0.07554252753266158
v -0.05818850506269034 -0.0022454999999999975 -0.25470247979797983
v -0.04918490909090905 -0.0022454999999999975 -0.263137486921854
v -0.04918490909090905 -0.008301940195342679 -0.2247158535353535
v -0.04918490909090905 -0.0022454999999999975 -0.18786186993923162
v -0.04918490909090905 -0.0022454999999999975 -0.0395437979034206
v -0.05241081927466355 -0.0022454999999999975 -0.0148094696969697
v -0.04918490909090905 -0.0022454999999999975 -0.009440161542829336
v -0.04918490909090905 -0.004899343784167404 0.000183843434343447
v -0.05773559436604104 -0.0022454999999999975 0.015177156565656593
v -0.04918490909090905 -0.004492405981014928 0.015177156565656593
v -0.04918490909090905 -0.0022454999999999975 0.02598380746209906
v -0.04918490909090905 -0.0022454999999999975 0.07519688620828245
v -0.03825492929292924 -0.0022454999999999975 -0.26634129128342643
v -0.04053116810500025 -0.0022454999999999975 -0.2247158535353535
v -0.03825492929292924 -0.0022454999999999975 -0.23389299379471945
v -0.04500140295745104 -0.0022454999999999975 -0.20972254040404037
v -0.04340151091318578 -0.0022454999999999975 -0.1947292272727273
v -0.03825492929292924 -0.0022454999999999975 -0.03859943428826995
v -0.03825492929292924 -0.0022454999999999975 -0.001752533297937881
v -0.03825492929292924 -0.0029374851462069746 0.000183843434343447
v -0.03825492929292924 -0.007041407185844974 0.015177156565656593
v -0.0429296198382111 -0.0022454999999999975 0.030170469696969824
v -0.03825492929292924 -0.0034262024884391777 0.030170469696969824
v -0.03825492929292924 -0.0022454999999999975 0.03683389669062878
v -0.04890153737602742 -0.0022454999999999975 0.07515040909090918
v -0.03825492929292924 -0.0022454999999999975 0.073028889395594
v -0.03825492929292924 -0.004100279319230994 0.07515040909090918
v -0.02732494949494943 -0.0022454999999999975 -0.2640386466830755
v -0.02732494949494943 -0.0022454999999999975 -0.2336210454993615
v -0.02732494949494943 -0.0022454999999999975 -0.03280512524830776
v -0.035579275306573135 -0.0022454999999999975 0.000183843434343447
v -0.02732494949494943 -0.0022454999999999975 0.006692922541906671
v -0.02732494949494943 -0.004343182078452084 0.015177156565656593
v -0.02732494949494943 -0.004707824414266118 0.030170469696969824
v -0.027465530161522606 -0.0022454999999999975 0.045163782828282886
v -0.02732494949494943 -0.0022801239742003057 0.045163782828282886
v -0.02732494949494943 -0.0022454999999999975 0.04546164020935934
v -0.02732494949494943 -0.0022454999999999975 0.07170173225865663
v -0.02732494949494943 -0.004146115852863268 0.07515040909090918
v -0.02732494949494943 -0.008404412639161888 0.12013034848484853
v -0.02732494949494943 -0.006961266950689451 0.1351236616161616
v -0.02732494949494943 -0.004209793949103726 0.15011697474747485
v -0.02732494949494943 -0.004472950417324099 0.1651102878787879
v -0.016394969696969682 -0.0022454999999999975 -0.2620836254673422
v -0.016394969696969682 -0.003536227865038666 -0.23970916666666667
v -0.016394969696969682 -0.0022454999999999975 -0.2386684398911541
v -0.02504152421945424 -0.0022454999999999975 -0.02980278282828276
v -0.018484018251503358 -0.0022454999999999975 -0.0148094696969697
v -0.016394969696969682 -0.006967473928467273 -0.0148094696969697
v -0.01905216609366621 -0.0022454999999999975 0.000183843434343447
v -0.016394969696969682 -0.004902518886028114 0.000183843434343447
v -0.016394969696969682 -0.0034825884153932302 0.015177156565656593
v -0.016394969696969682 -0.004812483138601531 0.030170469696969824
v -0.016394969696969682 -0.007054845616087276 0.045163782828282886
v -0.022953179381235707 -0.0022454999999999975 0.06015709595959595
v -0.016394969696969682 -0.00498472536858075 0.06015709595959595
v -0.016394969696969682 -0.002937762219391811 0.07515040909090918
v -0.016394969696969682 -0.004966520830989858 0.09014372222222225
v -0.016394969696969682 -0.005741712293571769 0.10513703535353548
v -0.016394969696969682 -0.0026436116329060103 0.15011697474747485
v -0.0245399201880038 -0.0022454999999999975 0.1651102878787879
v -0.016394969696969682 -0.0022454999999999975 0.15040137779224683
v -0.016394969696969682 -0.0022454999999999975 0.16745482405204443
v -0.005464989898989875 -0.0028268925097805183 -0.32966904545454545
v -0.008206911452279975 -0.0022454999999999975 -0.3146757323232323
v -0.005464989898989875 -0.0022454999999999975 -0.3260563314294456
v -0.011075543000443323 -0.0022454999999999975 -0.29968241919191924
v -0.009187546480063993 -0.0022454999999999975 -0.2846891060606061
v -0.005464989898989875 -0.00965440578754959 -0.2846891060606061
v -0.005464989898989875 -0.0022454999999999975 -0.27878092371492247
v -0.005464989898989875 -0.0022454999999999975 -0.2649872885147656
v -0.005464989898989875 -0.00669218033758714 -0.25470247979797983
v -0.015850586733922752 -0.0022454999999999975 -0.23970916666666667
v -0.005464989898989875 -0.0022454999999999975 -0.24574219112476317
v -0.005464989898989875 -0.008868800929323854 0.07515040909090918
v -0.005464989898989875 -0.004526942481423472 0.09014372222222225
v -0.005464989898989875 -0.007838480714432735 0.10513703535353548
v -0.005464989898989875 -0.0022454999999999975 0.1550183958408533
v -0.005464989898989875 -0.0022454999999999975 0.1693648000867708
v 0.0054649898989899345 -0.002507312188822091 -0.32966904545454545
v 0.0054649898989899345 -0.0022454999999999975 -0.32783928208347834
v 0.0054649898989899345 -0.008944396195541266 -0.2846891060606061
v 0.0054649898989899345 -0.0022454999999999975 -0.2801552301642572
v 0.0054649898989899345 -0.0022454999999999975 -0.2649144763277483
v 0.0054649898989899345 -0.007716793695280941 -0.25470247979797983
v 0.0054649898989899345 -0.0022454999999999975 -0.24450435270799908
v 0.0054649898989899345 -0.010160918573290807 0.06015709595959595
v 0.0054649898989899345 -0.00903085054795626 0.07515040909090918
v 0.0028061086695822203 -0.0022454999999999975 0.09014372222222225
v 0.0054649898989899345 -0.0022454999999999975 0.08903131292637916
v 0.0054649898989899345 -0.0022454999999999975 0.09236832423664451
v 0.0054649898989899345 -0.006955250596921118 0.10513703535353548
v 0.0054649898989899345 -0.0022454999999999975 0.15485847526408597
v 0.0054649898989899345 -0.0022454999999999975 0.16933308249202947
v 0.00836921886281207 -0.0022454999999999975 -0.3146757323232323
v 0.011135727028456829 -0.0022454999999999975 -0.29968241919191924
v 0.008918650293980854 -0.0022454999999999975 -0.2846891060606061
v 0.016394969696969804 -0.0022454999999999975 -0.26330544172117853
v 0.015099239780230658 -0.0022454999999999975 -0.23970916666666667
v 0.016394969696969804 -0.005194444427182873 -0.23970916666666667
v 0.016394969696969804 -0.0022454999999999975 -0.2374245388240072
v 0.016394969696969804 -0.007990851124184937 -0.0148094696969697
v 0.016394969696969804 -0.004479797032931284 0.000183843434343447
v 0.016394969696969804 -0.00336147910580413 0.015177156565656593
v 0.016394969696969804 -0.00329287667189029 0.030170469696969824
v 0.016394969696969804 -0.007475432402438075 0.045163782828282886
v 0.016394969696969804 -0.0022513389259181463 0.06015709595959595
v 0.016394969696969804 -0.0028003689078749576 0.07515040909090918
v 0.006191806096831761 -0.0022454999999999975 0.09014372222222225
v 0.016394969696969804 -0.006148883890655582 0.09014372222222225
v 0.016394969696969804 -0.006044623819463721 0.10513703535353548
v 0.015543128847294896 -0.0022454999999999975 0.15011697474747485
v 0.016394969696969804 -0.0022454999999999975 0.1478576769996655
v 0.016394969696969804 -0.0022454999999999975 0.16722363507412466
v 0.02732494949494955 -0.0022454999999999975 -0.2640696675134238
v 0.02732494949494955 -0.0022454999999999975 -0.23412852890659644
v 0.024771641353702738 -0.0022454999999999975 -0.02980278282828276
v 0.02732494949494955 -0.0022454999999999975 -0.033277533117545076
v 0.018791677113273723 -0.0022454999999999975 -0.0148094696969697
v 0.018199651434171866 -0.0022454999999999975 0.000183843434343447
v 0.02732494949494955 -0.0022454999999999975 0.007984538211130926
v 0.02732494949494955 -0.004334055771308487 0.015177156565656593
v 0.02732494949494955 -0.0041785439639714355 0.030170469696969824
v 0.02531217768187853 -0.0022454999999999975 0.045163782828282886
v 0.02732494949494955 -0.0022454999999999975 0.03792501246405946
v 0.016420294428665286 -0.0022454999999999975 0.06015709595959595
v 0.02732494949494955 -0.0022454999999999975 0.0747781407265214
v 0.02732494949494955 -0.0024713926200183468 0.07515040909090918
v 0.02732494949494955 -0.007147745560691846 0.12013034848484853
v 0.02732494949494955 -0.00474764758487505 0.1351236616161616
v 0.02732494949494955 -0.0022454999999999975 0.1496437050476376
v 0.024225829694615834 -0.0022454999999999975 0.1651102878787879
v 0.02732494949494955 -0.0022454999999999975 0.15063514420778895
v 0.02732494949494955 -0.003859816936985766 0.1651102878787879
v 0.0382549292929293 -0.0022454999999999975 -0.26613298700552196
v 0.0382549292929293 -0.0022454999999999975 -0.23407734628135848
v 0.0382549292929293 -0.0022454999999999975 -0.038973832218598514
v 0.0382549292929293 -0.0022454999999999975 0.000660576441172317
v 0.0382549292929293 -0.007186740376446758 0.015177156565656593
v 0.0382549292929293 -0.002939956962025943 0.030170469696969824
v 0.0382549292929293 -0.0022454999999999975 0.034977526293143595
v 0.02954580166602356 -0.0022454999999999975 0.07515040909090918
v 0.0382549292929293 -0.0022454999999999975 0.07595665170822402
v 0.0382549292929293 -0.009378542626808553 0.12013034848484853
v 0.0382549292929293 -0.007529486024942123 0.1351236616161616
v 0.027530889759509833 -0.0022454999999999975 0.15011697474747485
v 0.04918490909090917 -0.0022454999999999975 -0.26224616084226127
v 0.04085782068098268 -0.0022454999999999975 -0.2247158535353535
v 0.04918490909090917 -0.008325680974158846 -0.2247158535353535
v 0.04540553240501735 -0.0022454999999999975 -0.20972254040404037
v 0.04361867381266659 -0.0022454999999999975 -0.1947292272727273
v 0.04918490909090917 -0.0022454999999999975 -0.18766032641224992
v 0.04918490909090917 -0.0022454999999999975 -0.039610403754358245
v 0.04340089116220677 -0.0022454999999999975 0.000183843434343447
v 0.04918490909090917 -0.0022454999999999975 -0.0038764152565839184
v 0.04918490909090917 -0.0031052075862065464 0.000183843434343447
v 0.04918490909090917 -0.0036744745692779838 0.015177156565656593
v 0.04136232141937706 -0.0022454999999999975 0.030170469696969824
v 0.04918490909090917 -0.0022454999999999975 0.022118669621692708
v 0.04918490909090917 -0.0022454999999999975 0.07797129146086167
v 0.057489654959161036 -0.0022454999999999975 -0.25470247979797983
v 0.06011488888888892 -0.0022454999999999975 -0.2466337331661535
v 0.0594153234856081 -0.0022454999999999975 -0.17973591414141415
v 0.06011488888888892 -0.0022454999999999975 -0.1793404247380647
v 0.06011488888888892 -0.0022454999999999975 -0.03852508105525567
v 0.05257205236199862 -0.0022454999999999975 -0.0148094696969697
v 0.06011488888888892 -0.0022454999999999975 -0.02454688202771845
v 0.06011488888888892 -0.008019928177401268 -0.0148094696969697
v 0.06011488888888892 -0.002328086001739919 0.000183843434343447
v 0.05487635634171745 -0.0022454999999999975 0.015177156565656593
v 0.06011488888888892 -0.0022454999999999975 0.0004941652689237283
v 0.06011488888888892 -0.0022454999999999975 0.07917571378784412
v 0.0649819427790421 -0.0022454999999999975 -0.23970916666666667
v 0.07104486868686878 -0.0022454999999999975 -0.23184974217935037
v 0.06973770031326923 -0.0022454999999999975 -0.20972254040404037
v 0.07104486868686878 -0.0022454999999999975 -0.21326986415116905
v 0.07104486868686878 -0.006596574109886895 -0.20972254040404037
v 0.0668874581623815 -0.0022454999999999975 -0.1947292272727273
v 0.07104486868686878 -0.0039812167404520305 -0.1947292272727273
v 0.06095150276134684 -0.0022454999999999975 -0.17973591414141415
v 0.07104486868686878 -0.003277430293255829 -0.17973591414141415
v 0.06787979879631391 -0.0022454999999999975 -0.02980278282828276
v 0.07104486868686878 -0.0063652506575950256 -0.02980278282828276
v 0.07104486868686878 -0.005679964079802605 -0.0148094696969697
v 0.06038805903129839 -0.0022454999999999975 0.000183843434343447
v 0.07104486868686878 -0.0022454999999999975 -0.0030453752950650816
v 0.07104486868686878 -0.0022454999999999975 0.07762683647826474
v 0.07418126676512345 -0.0022454999999999975 -0.2247158535353535
v 0.08197484848484854 -0.009646718206071792 -0.11976266161616156
v 0.08066185145224632 -0.0022454999999999975 -0.1047693484848485
v 0.08197484848484854 -0.0022454999999999975 -0.10868248609597513
v 0.08197484848484854 -0.0061518677363916205 -0.1047693484848485
v 0.08197484848484854 -0.0022454999999999975 -0.09179261913343084
v 0.08197484848484854 -0.0023008531196482707 -0.04479609595959591
v 0.08197484848484854 -0.00832561419178234 -0.02980278282828276
v 0.08132675652362485 -0.0022454999999999975 -0.0148094696969697
v 0.08197484848484854 -0.0022454999999999975 -0.018188460141542205
v 0.07710462493119424 -0.0022454999999999975 0.07515040909090918
v 0.08197484848484854 -0.0022454999999999975 0.07260158713482501
v 0.08544157557658746 -0.0022454999999999975 -0.1047693484848485
v 0.09290482828282828 -0.0038157529743320087 -0.08977603535353536
v 0.09290482828282828 -0.004637842067888662 -0.07478272222222221
v 0.09290482828282828 -0.0041158634903054854 -0.05978940909090906
v 0.09290482828282828 -0.0077458765162052474 -0.04479609595959591
v 0.08702866533996505 -0.0022454999999999975 -0.02980278282828276
v 0.09290482828282828 -0.0022454999999999975 -0.03418740023592979
v 0.09290482828282828 -0.0022454999999999975 0.06481932129738109
v 0.10187165578207097 -0.0022454999999999975 -0.08977603535353536
v 0.10383480808080815 -0.0022454999999999975 -0.09027631629773204
v 0.10383480808080815 -0.0022454999999999975 -0.08890680807119455
v 0.10383480808080815 -0.0022454999999999975 -0.0397551717750456
v 0.0979811359994736 -0.0022454999999999975 0.06015709595959595
v 0.10383480808080815 -0.0022454999999999975 0.0522089709355343
v 0.1147647878787879 -0.0022454999999999975 -0.09840651070177846
v 0.1147647878787879 -0.00826692704283336 -0.08977603535353536
v 0.1147647878787879 -0.0022454999999999975 -0.07845120070503517
v 0.1147647878787879 -0.0022454999999999975 -0.03280056961206467
v 0.1147647878787879 -0.006786751605756768 0.030170469696969824
v 0.10872247297520955 -0.0022454999999999975 0.045163782828282886
v 0.1147647878787879 -0.0022454999999999975 0.033764769598145006
v 0.12153581032685142 -0.0022454999999999975 -0.08977603535353536
v 0.12569476767676777 -0.0022454999999999975 -0.03200947046988208
v 0.1248753434967545 -0.0022454999999999975 0.015177156565656593
v 0.12569476767676777 -0.0022454999999999975 0.014218691211467974
v 0.1166514654199631 -0.0022454999999999975 0.030170469696969824
v 0.1366247474747475 -0.0022454999999999975 -0.035789238334442364
v 0.1366247474747475 -0.009783785645897264 -0.02980278282828276
v 0.1362196103194491 -0.0022454999999999975 0.000183843434343447
v 0.1366247474747475 -0.0022454999999999975 -0.00018234979723713
v 0.1475547272727274 -0.0022454999999999975 -0.03337392786666386
v 0.1475547272727274 -0.005120496837709882 -0.02980278282828276
v 0.14728912774524366 -0.0022454999999999975 -0.0148094696969697
v 0.1475547272727274 -0.0022454999999999975 -0.015356872606082692
v 0.1516441415200566 -0.0022454999999999975 -0.02980278282828276
v -0.16242996289601086 0.005730318181818191 -0.02980278282828276
v -0.15848470707070703 0.005730318181818191 -0.031836998235962435
v -0.15848470707070703 0.0012549142398829453 -0.02980278282828276
v -0.15848470707070703 0.005730318181818191 -0.016084722057293218
v -0.14755472727272725 0.005730318181818191 -0.0377697952172826
v -0.15759698417718926 0.005730318181818191 -0.0148094696969697
v -0.14755472727272725 0.005730318181818191 -0.0005277745864375295
v -0.13753872521862445 0.005730318181818191 -0.07478272222222221
v -0.13662474747474745 0.005730318181818191 -0.07587136596369977
v -0.13662474747474745 0.004596036420110383 -0.07478272222222221
v -0.13662474747474745 0.005730318181818191 -0.07258513681810277
v -0.13662474747474745 0.005730318181818191 -0.03461191463631659
v -0.14660457783473904 0.005730318181818191 0.000183843434343447
v -0.13662474747474745 0.005730318181818191 0.011727326746424332
v -0.13404718018858208 0.005730318181818191 -0.07478272222222221
v -0.12569476767676765 0.005730318181818191 -0.04047670043821372
v -0.13208427236855746 0.005730318181818191 0.015177156565656593
v -0.12569476767676765 0.005730318181818191 0.022429687216178943
v -0.11476478787878784 0.0033263669196690656 -0.08977603535353536
v -0.11608271184449034 0.005730318181818191 -0.04479609595959591
v -0.11476478787878784 0.005730318181818191 -0.04591671215344892
v -0.11476478787878784 0.0056064015401221 -0.04479609595959591
v -0.11811300939354594 0.005730318181818191 0.030170469696969824
v -0.11476478787878784 0.005730318181818191 0.03441497819831518
v -0.10383480808080803 0.005730318181818191 -0.04827352412388998
v -0.10383480808080803 0.0032301126364848703 -0.04479609595959591
v -0.10622749746619185 0.005730318181818191 0.045163782828282886
v -0.10383480808080803 0.005730318181818191 0.047923406490934226
v -0.09290482828282823 0.005730318181818191 -0.054747622767752045
v -0.09290482828282823 0.0024697462641013156 -0.04479609595959591
v -0.09290482828282823 0.005730318181818191 0.059861013272644564
v -0.08395973096646764 0.005730318181818191 -0.1047693484848485
v -0.08197484848484847 0.005730318181818191 -0.106433059083771
v -0.08197484848484847 0.005730318181818191 -0.09746653482879952
v -0.08197484848484847 0.005730318181818191 -0.05025090248539612
v -0.08197484848484847 -0.002161443690344161 -0.04479609595959591
v -0.08197484848484847 0.0010417713250080846 -0.02980278282828276
v -0.09262897438343336 0.005730318181818191 0.06015709595959595
v -0.08197484848484847 0.005730318181818191 0.0680565608307705
v -0.07104486868686867 0.005730318181818191 -0.11029166819692707
v -0.07104486868686867 0.0033682206873202223 -0.1047693484848485
v -0.07104486868686867 0.005730318181818191 -0.08998998560098034
v -0.07104486868686867 0.005730318181818191 -0.04661139852545943
v -0.07104486868686867 -0.0004511215535339132 -0.04479609595959591
v -0.07418189754616938 0.005730318181818191 -0.0148094696969697
v -0.07104486868686867 0.005730318181818191 -0.016901127739796053
v -0.07104486868686867 0.005730318181818191 -0.00924311103500777
v -0.07104486868686867 0.005730318181818191 0.0719127107496189
v -0.06011488888888886 0.005527917860303702 -0.23970916666666667
v -0.0665098846752872 0.005730318181818191 -0.2247158535353535
v -0.06011488888888886 0.005730318181818191 -0.23959364217397844
v -0.06559815138551213 0.005730318181818191 -0.20972254040404037
v -0.060586665159117536 0.005730318181818191 -0.1947292272727273
v -0.06011488888888886 0.005730318181818191 -0.1937347224017103
v -0.06892495424830034 0.005730318181818191 -0.1047693484848485
v -0.06011488888888886 0.005730318181818191 -0.0456553109107032
v -0.06011488888888886 0.0016711363419364524 -0.04479609595959591
v -0.06338315158000689 0.005730318181818191 -0.0148094696969697
v -0.06011488888888886 0.0050369598757272795 -0.0148094696969697
v -0.06457479312226591 0.005730318181818191 0.000183843434343447
v -0.06011488888888886 0.005730318181818191 -0.01079701100346592
v -0.06011488888888886 0.005730318181818191 0.008026575530504574
v -0.06011488888888886 0.005730318181818191 0.07337120562015781
v -0.06011488888888886 -0.0002858628636024942 0.07515040909090918
v -0.056419910388900596 0.005730318181818191 -0.25470247979797983
v -0.04918490909090905 0.005730318181818191 -0.26211923212819294
v -0.06002118946767166 0.005730318181818191 -0.23970916666666667
v -0.04918490909090905 0.005730318181818191 -0.18520888999917698
v -0.04918490909090905 0.005730318181818191 -0.04522995343375263
v -0.04918490909090905 0.003683778791949874 -0.04479609595959591
v -0.04918490909090905 0.005730318181818191 -0.006387646346294887
v -0.05885991671932045 0.005730318181818191 0.015177156565656593
v -0.04918490909090905 0.005730318181818191 0.027905163356384224
v -0.04918490909090905 0.005730318181818191 0.07181471799998666
v -0.04918490909090905 -0.002029275712070013 0.07515040909090918
v -0.03825492929292924 0.005730318181818191 -0.2672441109920473
v -0.03825492929292924 0.005561370077587091 -0.2247158535353535
v -0.03825492929292924 -2.3457267273347716e-05 -0.20972254040404037
v -0.03825492929292924 -0.000740396415953272 -0.1947292272727273
v -0.03825492929292924 0.005730318181818191 -0.18280874236202513
v -0.04141607815799174 0.005730318181818191 -0.04479609595959591
v -0.03825492929292924 0.005730318181818191 -0.043951540086913404
v -0.03825492929292924 0.005730318181818191 -0.0017950589873091433
v -0.046382823262664144 0.005730318181818191 0.030170469696969824
v -0.03825492929292924 0.005730318181818191 0.04051835834587206
v -0.03825492929292924 0.005730318181818191 0.06759203703725457
v -0.02732494949494943 0.005730318181818191 -0.2663907265351805
v -0.03765820028219978 0.005730318181818191 -0.2247158535353535
v -0.02732494949494943 0.005730318181818191 -0.23130068112230803
v -0.030532261350736695 0.005730318181818191 -0.20972254040404037
v -0.03377880152759348 0.005730318181818191 -0.1947292272727273
v -0.02732494949494943 0.005730318181818191 -0.03742926032695657
v -0.035350556403575685 0.005730318181818191 0.000183843434343447
v -0.02732494949494943 0.005730318181818191 0.0067645286963468245
v -0.03540340512073134 0.005730318181818191 0.045163782828282886
v -0.031016789042021348 0.005730318181818191 0.06015709595959595
v -0.02732494949494943 0.004206194915855628 0.06015709595959595
v -0.016394969696969682 0.005730318181818191 -0.2664689913858048
v -0.016394969696969682 0.005730318181818191 -0.23212320727330102
v -0.023154716240318448 0.005730318181818191 -0.02980278282828276
v -0.016789404738394846 0.005730318181818191 -0.0148094696969697
v -0.016394969696969682 0.005730318181818191 -0.012375027106499816
v -0.016394969696969682 0.0013002837231506654 0.000183843434343447
v -0.02016842165059327 0.005730318181818191 0.015177156565656593
v -0.016394969696969682 -0.0003269637719267417 0.015177156565656593
v -0.016467841935330397 0.005730318181818191 0.030170469696969824
v -0.016394969696969682 0.005539295728375737 0.030170469696969824
v -0.016394969696969682 0.005730318181818191 0.030234833718367285
v -0.016394969696969682 0.004955568565608782 0.1651102878787879
v -0.005464989898989875 0.0010855319302718767 -0.3146757323232323
v -0.005464989898989875 0.005282963508083611 -0.29968241919191924
v -0.005464989898989875 0.005669839708409091 -0.2846891060606061
v -0.0107909636662495 0.005730318181818191 -0.26969579292929297
v -0.005464989898989875 0.005730318181818191 -0.28444879166989356
v -0.005464989898989875 0.0038660582973928078 -0.26969579292929297
v -0.005464989898989875 0.0004969936409743858 -0.23970916666666667
v -0.005464989898989875 0.005730318181818191 -0.22599538710990563
v -0.016000718184109686 0.005730318181818191 0.000183843434343447
v -0.015503669086558928 0.005730318181818191 0.015177156565656593
v -0.005464989898989875 0.005730318181818191 0.02523014949001281
v -0.005464989898989875 0.0016893796733612899 0.030170469696969824
v -0.006307146086911526 0.005730318181818191 0.045163782828282886
v -0.005464989898989875 0.005385708725261714 0.045163782828282886
v -0.005464989898989875 0.005730318181818191 0.04633973389307376
v -0.013804246762566945 0.005730318181818191 0.15011697474747485
v -0.005464989898989875 0.005730318181818191 0.13588346225104078
v -0.005464989898989875 0.0017733181816030038 0.15011697474747485
v -0.01592344066382011 0.005730318181818191 0.1651102878787879
v -0.005464989898989875 0.005730318181818191 0.16849763658939537
v 0.0054649898989899345 0.0012028576281565497 -0.3146757323232323
v 0.0054649898989899345 0.005299757314004531 -0.29968241919191924
v 0.0054649898989899345 0.005456060342329874 -0.2846891060606061
v 0.0054649898989899345 0.005730318181818191 -0.28378001560543564
v 0.0054649898989899345 0.004191032043382669 -0.26969579292929297
v 0.0054649898989899345 0.00036873314130783305 -0.23970916666666667
v 0.0054649898989899345 0.005730318181818191 -0.22590053912668426
v 0.0054649898989899345 0.005730318181818191 0.025082775166170326
v 0.0054649898989899345 0.001577596541674861 0.030170469696969824
v 0.0054649898989899345 0.005400062985670762 0.045163782828282886
v 0.0054649898989899345 0.005730318181818191 0.04608091129329776
v 0.0054649898989899345 -0.001994808270011668 0.09014372222222225
v 0.0054649898989899345 0.005730318181818191 0.13566837480017147
v 0.0054649898989899345 0.0016662385147962937 0.15011697474747485
v 0.0054649898989899345 0.005730318181818191 0.16850069208763543
v 0.011797399980628578 0.005730318181818191 -0.26969579292929297
v 0.016394969696969804 0.005730318181818191 -0.2677919397376906
v 0.016394969696969804 0.005730318181818191 -0.23147468035024463
v 0.01639038915849545 0.005730318181818191 -0.0148094696969697
v 0.016394969696969804 0.005730318181818191 -0.014825491254180121
v 0.016394969696969804 0.005689859178222907 -0.0148094696969697
v 0.015802166374693494 0.005730318181818191 0.000183843434343447
v 0.016394969696969804 -1.0837681624454882e-05 0.000183843434343447
v 0.015190590122944695 0.005730318181818191 0.015177156565656593
v 0.016394969696969804 -0.0010923169233012864 0.015177156565656593
v 0.016394969696969804 -0.0004675121629978609 0.030170469696969824
v 0.00648329782132997 0.005730318181818191 0.045163782828282886
v 0.016394969696969804 0.005730318181818191 0.03283439354434774
v 0.014360163372338768 0.005730318181818191 0.15011697474747485
v 0.016394969696969804 -0.0001530926272408934 0.15011697474747485
v 0.01605444233115616 0.005730318181818191 0.1651102878787879
v 0.016394969696969804 0.004829959602062942 0.1651102878787879
v 0.02732494949494955 0.005730318181818191 -0.26667430963015126
v 0.02732494949494955 0.005730318181818191 -0.23183320744983457
v 0.02279466251422768 0.005730318181818191 -0.02980278282828276
v 0.02732494949494955 0.005730318181818191 -0.03808832483698062
v 0.022628355327362203 0.005730318181818191 0.015177156565656593
v 0.02732494949494955 0.005730318181818191 0.010030799034443958
v 0.01996425091445246 0.005730318181818191 0.030170469696969824
v 0.02732494949494955 0.0023965685021026927 0.045163782828282886
v 0.02732494949494955 0.005717798516570777 0.06015709595959595
v 0.02732494949494955 -0.0021215925654359926 0.15011697474747485
v 0.0382549292929293 0.005730318181818191 -0.26685507236988915
v 0.037687860123028494 0.005730318181818191 -0.2247158535353535
v 0.0382549292929293 0.005531189275685392 -0.2247158535353535
v 0.030223944792417932 0.005730318181818191 -0.20972254040404037
v 0.0382549292929293 -2.5750466836831944e-05 -0.20972254040404037
v 0.03399156777389854 0.005730318181818191 -0.1947292272727273
v 0.0382549292929293 -0.0004334573670917207 -0.1947292272727273
v 0.0382549292929293 0.005730318181818191 -0.18385867075975404
v 0.0382549292929293 0.005730318181818191 -0.044545031712854496
v 0.0382549292929293 0.005730318181818191 0.0019384659086150273
v 0.031168228783841186 0.005730318181818191 0.045163782828282886
v 0.0382549292929293 0.005730318181818191 0.03724682927621711
v 0.027356293564427737 0.005730318181818191 0.06015709595959595
v 0.0382549292929293 0.005730318181818191 0.0719775388665445
v 0.0382549292929293 0.0009840851957681248 0.07515040909090918
v 0.04918490909090917 0.005730318181818191 -0.26121060065765594
v 0.04918490909090917 0.005730318181818191 -0.18551482596286145
v 0.039262280901435416 0.005730318181818191 -0.04479609595959591
v 0.04918490909090917 0.005730318181818191 -0.04532015771237557
v 0.04918490909090917 0.0033585581442216045 -0.04479609595959591
v 0.04918490909090917 0.004936598163359042 0.000183843434343447
v 0.04918490909090917 0.005730318181818191 0.0005351151601036726
v 0.04353740269781023 0.005730318181818191 0.030170469696969824
v 0.04918490909090917 0.005730318181818191 0.022722715838520716
v 0.04653924095059816 0.005730318181818191 0.07515040909090918
v 0.04918490909090917 0.005730318181818191 0.07616538711299951
v 0.055821784797872795 0.005730318181818191 -0.25470247979797983
v 0.06011488888888892 0.005730318181818191 -0.2427637623723101
v 0.06011488888888892 0.005730318181818191 -0.19185257993906776
v 0.06011488888888892 -0.0017935615632000924 -0.17973591414141415
v 0.06011488888888892 0.005730318181818191 -0.04567295588863526
v 0.06011488888888892 0.0016490142231415325 -0.04479609595959591
v 0.06011488888888892 0.004635111740508962 -0.0148094696969697
v 0.06011488888888892 -0.0010871509958160586 0.000183843434343447
v 0.054756837027559783 0.005730318181818191 0.015177156565656593
v 0.06011488888888892 0.005730318181818191 0.07795247629302232
v 0.061990291069060684 0.005730318181818191 -0.23970916666666667
v 0.06995400036237454 0.005730318181818191 -0.2247158535353535
v 0.07104486868686878 0.004308937927739355 -0.2247158535353535
v 0.06753054052179511 0.005730318181818191 -0.20972254040404037
v 0.061690988755856636 0.005730318181818191 -0.1947292272727273
v 0.06739970587251497 0.005730318181818191 -0.1047693484848485
v 0.07104486868686878 0.005730318181818191 -0.1116041177006257
v 0.07104486868686878 0.0029888404472808074 -0.1047693484848485
v 0.07104486868686878 0.005730318181818191 -0.09023658333158342
v 0.07104486868686878 0.005730318181818191 -0.046544902016379654
v 0.07104486868686878 -0.00025085076994788317 -0.04479609595959591
v 0.07104486868686878 -0.000949837227588622 -0.02980278282828276
v 0.06434831644411795 0.005730318181818191 -0.0148094696969697
v 0.07104486868686878 0.005730318181818191 -0.017532936683585597
v 0.07104486868686878 0.005730318181818191 -0.010810310883577035
v 0.07104486868686878 0.005730318181818191 0.07654810504593186
v 0.08197484848484854 0.005730318181818191 -0.10782278396692327
v 0.08197484848484854 0.005730318181818191 -0.09319567954170581
v 0.08197484848484854 0.005730318181818191 -0.05012389004713097
v 0.08197484848484854 -0.0022281834428127018 -0.04479609595959591
v 0.08197484848484854 0.0017637316624459854 -0.02980278282828276
v 0.07441068593407478 0.005730318181818191 -0.0148094696969697
v 0.07580447379873535 0.005730318181818191 0.07515040909090918
v 0.08197484848484854 0.005730318181818191 0.07283593860159135
v 0.08528583633670078 0.005730318181818191 -0.1047693484848485
v 0.09290482828282828 0.005730318181818191 -0.05369440648182187
v 0.09290482828282828 0.001870884324008005 -0.04479609595959591
v 0.09290482828282828 0.005730318181818191 0.06480455598633841
v 0.10383480808080815 -0.0014649081831898864 -0.08977603535353536
v 0.10383480808080815 0.005730318181818191 -0.04848734448499687
v 0.10383480808080815 0.003527077084460762 -0.04479609595959591
v 0.09795047099880169 0.005730318181818191 0.06015709595959595
v 0.10383480808080815 0.005730318181818191 0.05272240697645932
v 0.1147647878787879 0.003906259123149267 -0.08977603535353536
v 0.1147647878787879 0.005730318181818191 -0.046455335298919646
v 0.1147647878787879 0.005609073003353938 -0.04479609595959591
v 0.10944599656610603 0.005730318181818191 0.045163782828282886
v 0.1147647878787879 0.005730318181818191 0.03652813209359575
v 0.11797841485829329 0.005730318181818191 -0.04479609595959591
v 0.12569476767676777 0.005730318181818191 -0.041981481358697594
v 0.12569476767676777 -0.00041542612809361383 0.015177156565656593
v 0.11866156102012378 0.005730318181818191 0.030170469696969824
v 0.12569476767676777 0.005730318181818191 0.019894542673139646
v 0.1283030739371868 0.005730318181818191 -0.07478272222222221
v 0.1366247474747475 0.005730318181818191 -0.07874089180901686
v 0.1366247474747475 0.001505856463927804 -0.07478272222222221
v 0.13156222997681385 0.005730318181818191 -0.05978940909090906
v 0.1366247474747475 0.0016297176680277535 -0.05978940909090906
v 0.1366247474747475 0.005730318181818191 -0.054935709688437626
v 0.1366247474747475 0.005730318181818191 -0.03574640607044463
v 0.1366247474747475 -0.0016204348310499264 0.000183843434343447
v 0.12878831434221363 0.005730318181818191 0.015177156565656593
v 0.1366247474747475 0.005730318181818191 0.006750225051448386
v 0.13916405524263847 0.005730318181818191 -0.07478272222222221
v 0.1447909592980518 0.005730318181818191 -0.05978940909090906
v 0.14596770498490735 0.005730318181818191 -0.04479609595959591
v 0.1475547272727274 0.005730318181818191 -0.05247022345131989
v 0.1475547272727274 0.0029493356369665862 -0.04479609595959591
v 0.1475547272727274 -0.001973895876760797 -0.0148094696969697
v 0.14142632144229447 0.005730318181818191 0.000183843434343447
v 0.1475547272727274 0.005730318181818191 -0.005022137617635999
v 0.1489658817745747 0.005730318181818191 -0.04479609595959591
v 0.15848470707070714 0.005730318181818191 -0.031391484387978806
v 0.15848470707070714 0.00214081972891041 -0.02980278282828276
v 0.15417966020623552 0.005730318181818191 -0.0148094696969697
v 0.15848470707070714 0.005730318181818191 -0.019875104505593363
v 0.1614485772259402 0.005730318181818191 -0.02980278282828276
v -0.1659694632386004 0.013706136363636379 -0.02980278282828276
v -0.15848470707070703 0.013706136363636379 -0.030736886256704305
v -0.1605991317783837 0.013706136363636379 -0.0148094696969697
v -0.15848470707070703 0.00800396614245636 -0.0148094696969697
v -0.15848470707070703 0.013706136363636379 -0.010216165814526817
v -0.150262380919821 0.013706136363636379 -0.04479609595959591
v -0.14755472727272725 0.013706136363636379 -0.05537479995779408
v -0.14755472727272725 0.007168830884061073 -0.04479609595959591
v -0.14920721116527833 0.013706136363636379 0.000183843434343447
v -0.14755472727272725 0.008584568475845553 0.000183843434343447
v -0.14755472727272725 0.013706136363636379 0.0026669419196046727
v -0.13662474747474745 0.008807268682048777 -0.07478272222222221
v -0.13662474747474745 0.013706136363636379 -0.053599316734065997
v -0.13662474747474745 0.012020182583936851 -0.04479609595959591
v -0.13662474747474745 0.013706136363636379 0.01382291344957377
v -0.12569476767676765 0.013706136363636379 -0.0501257753539543
v -0.12569476767676765 0.010993148724502055 -0.04479609595959591
v -0.1347377270900687 0.013706136363636379 0.015177156565656593
v -0.12569476767676765 0.013706136363636379 0.024842074793699587
v -0.11476478787878784 0.013706136363636379 -0.04992514756790956
v -0.11990357268115664 0.013706136363636379 0.030170469696969824
v -0.11476478787878784 0.013706136363636379 0.036371139315254306
v -0.10383480808080803 0.013706136363636379 -0.05138791002395466
v -0.10713420836733997 0.013706136363636379 0.045163782828282886
v -0.10383480808080803 0.013706136363636379 0.048669486239956275
v -0.09290482828282823 0.013706136363636379 -0.05413868256346158
v -0.09290482828282823 0.013706136363636379 0.05951053733075205
v -0.08197484848484847 0.009066683928759124 -0.1047693484848485
v -0.08197484848484847 0.013706136363636379 -0.054420896074875755
v -0.09221581430916354 0.013706136363636379 0.06015709595959595
v -0.08197484848484847 0.013706136363636379 0.0673288714063692
v -0.07892378998615544 0.013706136363636379 -0.1047693484848485
v -0.07104486868686867 0.013706136363636379 -0.10891538124536028
v -0.07104486868686867 0.013706136363636379 -0.09097422549131445
v -0.07104486868686867 0.013706136363636379 -0.04977309546253762
v -0.07104486868686867 0.0070644359944518394 -0.0148094696969697
v -0.07104486868686867 0.013706136363636379 0.0718396075171086
v -0.06184447376927453 0.013706136363636379 -0.2247158535353535
v -0.06011488888888886 0.013706136363636379 -0.22971933615209258
v -0.06254871483572733 0.013706136363636379 -0.20972254040404037
v -0.06011488888888886 0.013706136363636379 -0.2019407358627571
v -0.06011488888888886 0.0070654755004072875 -0.1947292272727273
v -0.06011488888888886 0.013706136363636379 -0.10979997100634083
v -0.06011488888888886 0.012232410015818282 -0.1047693484848485
v -0.06011488888888886 0.013706136363636379 -0.09015873798097417
v -0.06011488888888886 0.013706136363636379 -0.0478717521466462
v -0.06011488888888886 0.008766908324837987 0.000183843434343447
v -0.06011488888888886 0.013706136363636379 0.07288729006309362
v -0.05139736600502703 0.013706136363636379 -0.25470247979797983
v -0.04918490909090905 0.013706136363636379 -0.2569737647928581
v -0.055082548599888696 0.013706136363636379 -0.23970916666666667
v -0.057735270121707975 0.013706136363636379 -0.1947292272727273
v -0.04918490909090905 0.013706136363636379 -0.1836452917703906
v -0.05816201597315563 0.013706136363636379 -0.1047693484848485
v -0.05599479034481858 0.013706136363636379 -0.08977603535353536
v -0.04918490909090905 0.013706136363636379 -0.08991592614657681
v -0.04918490909090905 0.013185252209928281 -0.08977603535353536
v -0.04918490909090905 0.013706136363636379 -0.08944725007780611
v -0.04918490909090905 0.013706136363636379 -0.04791848452833668
v -0.04918490909090905 0.010970374963441387 0.000183843434343447
v -0.05394845919900997 0.013706136363636379 0.015177156565656593
v -0.04918490909090905 0.013706136363636379 0.00767022915170718
v -0.04918490909090905 0.013706136363636379 0.022540518301459443
v -0.04918490909090905 0.013706136363636379 0.0710487089249806
v -0.03825492929292924 0.013706136363636379 -0.26431591570607493
v -0.04549519714026044 0.013706136363636379 -0.17973591414141415
v -0.03825492929292924 0.009222536620911957 -0.17973591414141415
v -0.03825492929292924 0.013706136363636379 -0.17564977799644255
v -0.04125985278248023 0.013706136363636379 -0.08977603535353536
v -0.03825492929292924 0.013706136363636379 -0.048209047660852246
v -0.03825492929292924 0.006206396282821626 -0.04479609595959591
v -0.03825492929292924 0.007469257213870629 0.000183843434343447
v -0.03825492929292924 0.013706136363636379 0.008329466709214198
v -0.04172686530700537 0.013706136363636379 0.030170469696969824
v -0.03825492929292924 0.013706136363636379 0.03418382903436413
v -0.03825492929292924 0.013706136363636379 0.06669609371823193
v -0.02732494949494943 0.013706136363636379 -0.2660449674308042
v -0.029842814524513404 0.013706136363636379 -0.2247158535353535
v -0.02732494949494943 0.013706136363636379 -0.2271093938353714
v -0.02732494949494943 0.013706136363636379 -0.21070773055542064
v -0.02732494949494943 0.013682146438056002 -0.20972254040404037
v -0.02732494949494943 0.006402536662553715 -0.1947292272727273
v -0.02732494949494943 0.009669096040350995 -0.17973591414141415
v -0.02732494949494943 0.013706136363636379 -0.172518254141259
v -0.02732494949494943 0.013706136363636379 -0.046183270946889676
v -0.02732494949494943 0.01121221132773554 -0.04479609595959591
v -0.032205507393688645 0.013706136363636379 0.015177156565656593
v -0.02732494949494943 0.010453626790337027 0.015177156565656593
v -0.02732494949494943 0.013706136363636379 0.029998738239873608
v -0.02732494949494943 0.013706136363636379 0.03573470925492612
v -0.02732494949494943 0.013670520247412827 0.045163782828282886
v -0.028165646577343315 0.013706136363636379 0.06015709595959595
v -0.02732494949494943 0.013706136363636379 0.0478254294858233
v -0.016394969696969682 0.013706136363636379 -0.2685842644513975
v -0.016394969696969682 0.013706136363636379 -0.22564047782754562
v -0.027263941749656222 0.013706136363636379 -0.20972254040404037
v -0.01900014148016177 0.013706136363636379 -0.1947292272727273
v -0.025359946484876668 0.013706136363636379 -0.17973591414141415
v -0.02559508255629901 0.013706136363636379 -0.04479609595959591
v -0.018376703686873087 0.013706136363636379 -0.02980278282828276
v -0.016394969696969682 0.013706136363636379 -0.026635484854527745
v -0.016394969696969682 0.005953120432048802 -0.0148094696969697
v -0.02728544791779563 0.013706136363636379 0.030170469696969824
v -0.016394969696969682 0.012217625627852328 0.045163782828282886
v -0.016394969696969682 0.013706136363636379 0.05186158124868376
v -0.014280998640280138 0.013706136363636379 -0.26969579292929297
v -0.005464989898989875 0.013706136363636379 -0.2770049159045052
v -0.01582426280227632 0.013706136363636379 -0.2247158535353535
v -0.005464989898989875 0.00790567139461875 -0.2247158535353535
v -0.009151201443332424 0.013706136363636379 -0.20972254040404037
v -0.005464989898989875 0.01252962513714629 -0.20972254040404037
v -0.005464989898989875 0.013706136363636379 -0.20637419625046438
v -0.01025830789674903 0.013706136363636379 -0.0148094696969697
v -0.005464989898989875 0.013706136363636379 -0.011978432196033933
v -0.005464989898989875 0.010048579640865132 0.000183843434343447
v -0.005464989898989875 0.00835334927642029 0.015177156565656593
v -0.005464989898989875 0.013706136363636379 0.056956855522467036
v -0.005464989898989875 0.011704490954121785 0.15011697474747485
v -0.013397015898888899 0.013706136363636379 0.1651102878787879
v -0.005464989898989875 0.013706136363636379 0.15345646134072688
v -0.005464989898989875 0.013706136363636379 0.1740772836956771
v 0.0054649898989899345 0.013706136363636379 -0.27755000570297855
v 0.0054649898989899345 0.007774777710948156 -0.2247158535353535
v 0.0054649898989899345 0.012470005799092791 -0.20972254040404037
v 0.0054649898989899345 0.013706136363636379 -0.20612704681398586
v 0.0054649898989899345 0.013706136363636379 -0.012049613403470365
v 0.0054649898989899345 0.01001766271138808 0.000183843434343447
v 0.0054649898989899345 0.008326911226796786 0.015177156565656593
v 0.0054649898989899345 0.013706136363636379 0.05664081639292373
v 0.0054649898989899345 0.011831357115085797 0.15011697474747485
v 0.0054649898989899345 0.013706136363636379 0.15324552532327548
v 0.0054649898989899345 0.013706136363636379 0.17435552917089514
v 0.016394969696969804 0.013706136363636379 -0.26987787200949487
v 0.016394969696969804 0.013488699003813462 -0.26969579292929297
v 0.016108156298757136 0.013706136363636379 -0.2247158535353535
v 0.016394969696969804 0.013706136363636379 -0.2251436746583062
v 0.009459452830356867 0.013706136363636379 -0.20972254040404037
v 0.010059906643896239 0.013706136363636379 -0.0148094696969697
v 0.016394969696969804 0.013706136363636379 -0.027083575341916116
v 0.016394969696969804 0.011338612522002557 0.045163782828282886
v 0.016394969696969804 0.013706136363636379 0.0532002798859153
v 0.013899376649897797 0.013706136363636379 0.1651102878787879
v 0.016783932245269848 0.013706136363636379 -0.26969579292929297
v 0.02732494949494955 0.013706136363636379 -0.26663527474786236
v 0.02732494949494955 0.013706136363636379 -0.22674482550147815
v 0.019149558233057754 0.013706136363636379 -0.1947292272727273
v 0.02732494949494955 0.013706136363636379 -0.20972067325102053
v 0.02732494949494955 0.006502849626646426 -0.1947292272727273
v 0.025591736657020383 0.013706136363636379 -0.17973591414141415
v 0.02732494949494955 0.010011000723092266 -0.17973591414141415
v 0.02732494949494955 0.013706136363636379 -0.17313546273656755
v 0.02529102224942378 0.013706136363636379 -0.04479609595959591
v 0.02732494949494955 0.013706136363636379 -0.04641980774453091
v 0.02732494949494955 0.0107750208051654 -0.04479609595959591
v 0.018123703777942767 0.013706136363636379 -0.02980278282828276
v 0.02732494949494955 0.008249648649760065 0.015177156565656593
v 0.02732494949494955 0.01066692191209118 0.030170469696969824
v 0.02732494949494955 0.010260415542792632 0.045163782828282886
v 0.02491541765599213 0.013706136363636379 0.06015709595959595
v 0.02732494949494955 0.005859493613328981 0.06015709595959595
v 0.02732494949494955 0.013706136363636379 0.062042490855363785
v 0.0382549292929293 0.013706136363636379 -0.2639962102734864
v 0.029423699646810967 0.013706136363636379 -0.2247158535353535
v 0.02733689489092888 0.013706136363636379 -0.20972254040404037
v 0.0382549292929293 0.01070117852074109 -0.17973591414141415
v 0.0382549292929293 0.013706136363636379 -0.17708066974588313
v 0.03607631724666095 0.013706136363636379 -0.08977603535353536
v 0.0382549292929293 0.013706136363636379 -0.09008341369631691
v 0.0382549292929293 0.012634027499386927 -0.08977603535353536
v 0.0382549292929293 0.013706136363636379 -0.08840754502775292
v 0.0382549292929293 0.013706136363636379 -0.048378738217571396
v 0.0382549292929293 0.005868839306702468 -0.04479609595959591
v 0.0382549292929293 0.0134884490748795 0.015177156565656593
v 0.0382549292929293 0.01182542144317976 0.030170469696969824
v 0.0382549292929293 0.013706136363636379 0.07105504607581206
v 0.04918490909090917 0.013706136363636379 -0.2563604897966904
v 0.04361313126649967 0.013706136363636379 -0.17973591414141415
v 0.04918490909090917 0.013706136363636379 -0.18439798887182005
v 0.04918490909090917 0.013706136363636379 -0.09018314630199571
v 0.04918490909090917 0.011887343176072408 -0.08977603535353536
v 0.04918490909090917 0.013706136363636379 -0.08850275277833734
v 0.04918490909090917 0.013706136363636379 -0.04810748804966544
v 0.04918490909090917 0.011948724028291075 0.015177156565656593
v 0.04741981393974651 0.013706136363636379 0.07515040909090918
v 0.04918490909090917 0.013706136363636379 0.07600257038113875
v 0.05085940671369138 0.013706136363636379 -0.25470247979797983
v 0.05650148182275232 0.013706136363636379 -0.23970916666666667
v 0.06011488888888892 0.009313981990493544 -0.23970916666666667
v 0.06011488888888892 0.013706136363636379 -0.23447570471022725
v 0.05843720431265043 0.013706136363636379 -0.1947292272727273
v 0.06011488888888892 0.013706136363636379 -0.1986858821575833
v 0.06011488888888892 0.009646978492799078 -0.1947292272727273
v 0.05997890659488286 0.013706136363636379 -0.1047693484848485
v 0.06011488888888892 0.013706136363636379 -0.10534918064265965
v 0.06011488888888892 0.013496284838416616 -0.1047693484848485
v 0.05849159723107866 0.013706136363636379 -0.08977603535353536
v 0.06011488888888892 0.013706136363636379 -0.09395502471874892
v 0.06011488888888892 0.013706136363636379 -0.047954875600437506
v 0.06011488888888892 0.013706136363636379 0.07781466207260329
v 0.06445048893789349 0.013706136363636379 -0.2247158535353535
v 0.06430671126363582 0.013706136363636379 -0.20972254040404037
v 0.07104486868686878 0.013706136363636379 -0.10680772461701475
v 0.07104486868686878 0.013706136363636379 -0.09526264445399875
v 0.07104486868686878 0.013706136363636379 -0.04957634539905947
v 0.07104486868686878 0.007212702032041414 -0.0148094696969697
v 0.07104486868686878 0.013706136363636379 0.07654714557110431
v 0.07693871484861496 0.013706136363636379 -0.1047693484848485
v 0.08197484848484854 0.010720995271660174 -0.1047693484848485
v 0.08197484848484854 0.013706136363636379 -0.054256310586520924
v 0.07479323820157101 0.013706136363636379 0.07515040909090918
v 0.08197484848484854 0.013706136363636379 0.0718534615217329
v 0.09290482828282828 0.013706136363636379 -0.05410734834975452
v 0.09290482828282828 0.013706136363636379 0.06396669788431111
v 0.10383480808080815 0.013706136363636379 -0.052121692980230644
v 0.09709182178869287 0.013706136363636379 0.06015709595959595
v 0.10383480808080815 0.013706136363636379 0.0523791080321862
v 0.1147647878787879 0.013706136363636379 -0.0512372033112035
v 0.10960682659478607 0.013706136363636379 0.045163782828282886
v 0.1147647878787879 0.013706136363636379 0.03760657696256958
v 0.12569476767676777 0.013706136363636379 -0.0550627623213916
v 0.12569476767676777 0.009059974450818164 -0.04479609595959591
v 0.11963057821246581 0.013706136363636379 0.030170469696969824
v 0.12569476767676777 0.013706136363636379 0.022307989837486962
v 0.13231789880574638 0.013706136363636379 -0.07478272222222221
v 0.1366247474747475 0.013706136363636379 -0.0766843168165176
v 0.12750535618546968 0.013706136363636379 -0.05978940909090906
v 0.1366247474747475 0.010573454928076053 -0.04479609595959591
v 0.13077732845654974 0.013706136363636379 0.015177156565656593
v 0.1366247474747475 0.013706136363636379 0.009368996445571157
v 0.13717967030785413 0.013706136363636379 -0.07478272222222221
v 0.14314857970123915 0.013706136363636379 -0.05978940909090906
v 0.1475547272727274 0.013706136363636379 -0.057371302752507014
v 0.14389966498268894 0.013706136363636379 0.000183843434343447
v 0.1475547272727274 0.013706136363636379 -0.002272746261938667
v 0.15030362803351532 0.013706136363636379 -0.04479609595959591
v 0.15848470707070714 0.013706136363636379 -0.030601475067228077
v 0.1576307488655437 0.013706136363636379 -0.0148094696969697
v 0.15848470707070714 0.013706136363636379 -0.015230053973523252
v 0.1651909286895423 0.013706136363636379 -0.02980278282828276
v -0.16579314748162577 0.02168195454545457 -0.02980278282828276
v -0.15848470707070703 0.02168195454545457 -0.03267002590210084
v -0.16054488813452872 0.02168195454545457 -0.0148094696969697
v -0.15848470707070703 0.02168195454545457 -0.010305244136757302
v -0.15241911468326216 0.02168195454545457 -0.04479609595959591
v -0.14755472727272725 0.02168195454545457 -0.05347902318093416
v -0.14933803408545732 0.02168195454545457 0.000183843434343447
v -0.14755472727272725 0.02168195454545457 0.0028851102367176817
v -0.13662474747474745 0.02168195454545457 -0.05230529952338732
v -0.13662474747474745 0.02168195454545457 0.014225966819011894
v -0.12569476767676765 0.02168195454545457 -0.05090439681817994
v -0.13537380705013252 0.02168195454545457 0.015177156565656593
v -0.12569476767676765 0.02168195454545457 0.0254827070435282
v -0.11476478787878784 0.02168195454545457 -0.05146044444382287
v -0.12069273069222623 0.02168195454545457 0.030170469696969824
v -0.11476478787878784 0.02168195454545457 0.03717928215232968
v -0.10383480808080803 0.02168195454545457 -0.05413632747066262
v -0.10718111217974068 0.02168195454545457 0.045163782828282886
v -0.10383480808080803 0.02168195454545457 0.04865620399395878
v -0.09290482828282823 0.02168195454545457 -0.056915871050396374
v -0.09290482828282823 0.02168195454545457 0.05922574221762485
v -0.08197484848484847 0.02168195454545457 -0.05644027124591555
v -0.09187484828266752 0.02168195454545457 0.06015709595959595
v -0.08197484848484847 0.02168195454545457 0.06723746435204875
v -0.07104486868686867 0.020947831374510936 -0.1047693484848485
v -0.07104486868686867 0.02168195454545457 -0.052771945953983365
v -0.07104486868686867 0.02168195454545457 0.0722194010943141
v -0.06011488888888886 0.016586930508915375 -0.2247158535353535
v -0.06011488888888886 0.018249577466102698 -0.20972254040404037
v -0.06979747901060096 0.02168195454545457 -0.1047693484848485
v -0.06011488888888886 0.02168195454545457 -0.108276801368829
v -0.060948387137349555 0.02168195454545457 -0.08977603535353536
v -0.06011488888888886 0.017943437082423186 -0.08977603535353536
v -0.06011488888888886 0.02168195454545457 -0.08966316313220879
v -0.06011488888888886 0.02168195454545457 -0.04701475235650867
v -0.06011488888888886 0.02168195454545457 0.07410771387500112
v -0.04918490909090905 0.016403266365120295 -0.25470247979797983
v -0.04918490909090905 0.020232514363273186 -0.23970916666666667
v -0.0533692959097004 0.02168195454545457 -0.2247158535353535
v -0.04918490909090905 0.02168195454545457 -0.23488998226541635
v -0.05745157144394543 0.02168195454545457 -0.20972254040404037
v -0.055183532618645725 0.02168195454545457 -0.1947292272727273
v -0.04918490909090905 0.02168195454545457 -0.18481392465504048
v -0.04918490909090905 0.02168195454545457 -0.10949560107006091
v -0.04918490909090905 0.02029553114743625 -0.1047693484848485
v -0.04918490909090905 0.02168195454545457 -0.08632725679687564
v -0.04918490909090905 0.02168195454545457 -0.05001352683447655
v -0.04918490909090905 0.016731929650609444 0.015177156565656593
v -0.052835525861220034 0.02168195454545457 0.07515040909090918
v -0.04918490909090905 0.021054453042131008 0.07515040909090918
v -0.04918490909090905 0.02168195454545457 0.07551513329855014
v -0.04131471135563128 0.02168195454545457 -0.25470247979797983
v -0.03825492929292924 0.02168195454545457 -0.257102546267698
v -0.04651069616632478 0.02168195454545457 -0.23970916666666667
v -0.04642611275754499 0.02168195454545457 -0.17973591414141415
v -0.03825492929292924 0.02168195454545457 -0.1721630563494614
v -0.04908292889595663 0.02168195454545457 -0.1047693484848485
v -0.03825492929292924 0.02168195454545457 -0.08993064545064731
v -0.03825492929292924 0.013826648864761985 -0.08977603535353536
v -0.03825492929292924 0.02168195454545457 -0.08224380277359114
v -0.03825492929292924 0.02168195454545457 -0.05148782041947938
v -0.03825492929292924 0.01703488201689143 0.015177156565656593
v -0.03825492929292924 0.01547253976092673 0.030170469696969824
v -0.04618888497673286 0.02168195454545457 0.07515040909090918
v -0.03825492929292924 0.02168195454545457 0.07412693812517424
v -0.02732494949494943 0.02168195454545457 -0.2617491639911576
v -0.02732494949494943 0.018947723798308336 -0.2247158535353535
v -0.03132294438598401 0.02168195454545457 -0.16474260101010102
v -0.02732494949494943 0.02044859239826185 -0.16474260101010102
v -0.02732494949494943 0.02168195454545457 -0.1580984725375008
v -0.02732494949494943 0.02168195454545457 -0.09050080605688435
v -0.02732494949494943 0.019321351755389484 -0.08977603535353536
v -0.02732494949494943 0.02168195454545457 -0.08643659724402744
v -0.02732494949494943 0.02168195454545457 -0.051110433610038274
v -0.02732494949494943 0.013742910884933639 0.030170469696969824
v -0.02732494949494943 0.01399829209816915 0.06015709595959595
v -0.02732494949494943 0.02168195454545457 0.0716210094788109
v -0.016394969696969682 0.02168195454545457 -0.26614228073656987
v -0.016394969696969682 0.01574893848898695 -0.2247158535353535
v -0.021653233473609697 0.02168195454545457 -0.20972254040404037
v -0.016394969696969682 0.02168195454545457 -0.21982060990245542
v -0.017707736889121646 0.02168195454545457 -0.1947292272727273
v -0.016394969696969682 0.02168195454545457 -0.18799452287462026
v -0.016394969696969682 0.021154975376311207 -0.17973591414141415
v -0.016394969696969682 0.016490136827275126 -0.16474260101010102
v -0.016394969696969682 0.02168195454545457 -0.15166470207325725
v -0.021719447117410424 0.02168195454545457 -0.13475597474747472
v -0.016394969696969682 0.02168195454545457 -0.13858186445462328
v -0.016394969696969682 0.020689014040424503 -0.13475597474747472
v -0.016394969696969682 0.02168195454545457 -0.13178381860788577
v -0.02387591195656854 0.02168195454545457 -0.08977603535353536
v -0.017290496837906077 0.02168195454545457 -0.04479609595959591
v -0.016394969696969682 0.02168195454545457 -0.04362637537046816
v -0.016394969696969682 0.01486394113895988 -0.02980278282828276
v -0.016394969696969682 0.015793795251222816 0.06015709595959595
v -0.016394969696969682 0.02168195454545457 0.06861907373127633
v -0.008414807702414118 0.02168195454545457 -0.26969579292929297
v -0.005464989898989875 0.02168195454545457 -0.271213424052177
v -0.010335599831852652 0.02168195454545457 -0.20972254040404037
v -0.005464989898989875 0.02168195454545457 -0.205705034807865
v -0.014160411585817576 0.02168195454545457 -0.17973591414141415
v -0.007359094573977598 0.02168195454545457 -0.16474260101010102
v -0.01572071861575379 0.02168195454545457 -0.13475597474747472
v -0.010721245953263184 0.02168195454545457 -0.02980278282828276
v -0.005464989898989875 0.02168195454545457 -0.027295343862784288
v -0.005464989898989875 0.014479388912516981 -0.0148094696969697
v -0.005464989898989875 0.014884408188174145 0.06015709595959595
v -0.005464989898989875 0.02168195454545457 0.06485572612630379
v -0.005614152907644991 0.02168195454545457 0.1651102878787879
v -0.005464989898989875 0.02168195454545457 0.16498700848313877
v -0.009183968691363432 0.02168195454545457 0.18010360101010112
v -0.005464989898989875 0.017928238331507956 0.18010360101010112
v -0.005464989898989875 0.02168195454545457 0.18184688090321352
v 0.0054649898989899345 0.02168195454545457 -0.2718392660990392
v 0.0054649898989899345 0.02168195454545457 -0.2053678225870018
v 0.0054649898989899345 0.02168195454545457 -0.02732527815911064
v 0.0054649898989899345 0.014463271596172842 -0.0148094696969697
v 0.0054649898989899345 0.015024282407228227 0.06015709595959595
v 0.0054649898989899345 0.02168195454545457 0.06483833286446807
v 0.0054649898989899345 0.02168195454545457 0.16452005255642485
v 0.0054649898989899345 0.01768112235588098 0.18010360101010112
v 0.0054649898989899345 0.02168195454545457 0.18197653908082997
v 0.010383735138038867 0.02168195454545457 -0.26969579292929297
v 0.016394969696969804 0.014406806442874457 -0.26969579292929297
v 0.016394969696969804 0.02168195454545457 -0.2674846780476673
v 0.016394969696969804 0.014734498979347567 -0.2247158535353535
v 0.010852681109594635 0.02168195454545457 -0.20972254040404037
v 0.016394969696969804 0.02168195454545457 -0.21886220089905944
v 0.01491408891507678 0.02168195454545457 -0.17973591414141415
v 0.016394969696969804 0.02168195454545457 -0.18613018000930542
v 0.016394969696969804 0.021355450467272434 -0.17973591414141415
v 0.007252966911143886 0.02168195454545457 -0.16474260101010102
v 0.016394969696969804 0.01641458724499126 -0.16474260101010102
v 0.016394969696969804 0.02168195454545457 -0.15183094493476998
v 0.016038797363515288 0.02168195454545457 -0.13475597474747472
v 0.016394969696969804 0.02168195454545457 -0.13646143511912454
v 0.016394969696969804 0.021208664908550275 -0.13475597474747472
v 0.016394969696969804 0.02168195454545457 -0.13330374673830672
v 0.010620405225831474 0.02168195454545457 -0.02980278282828276
v 0.016394969696969804 0.02168195454545457 -0.04405275275167063
v 0.016394969696969804 0.014713054897690762 -0.02980278282828276
v 0.016394969696969804 0.01577866595205376 0.06015709595959595
v 0.016394969696969804 0.02168195454545457 0.06862022673250369
v 0.006241736072108979 0.02168195454545457 0.1651102878787879
v 0.00969560354972944 0.02168195454545457 0.18010360101010112
v 0.02732494949494955 0.02168195454545457 -0.2626695390797695
v 0.02732494949494955 0.01758664305645124 -0.2247158535353535
v 0.021586113417412282 0.02168195454545457 -0.20972254040404037
v 0.02732494949494955 0.013751983895124295 -0.20972254040404037
v 0.01795911855293408 0.02168195454545457 -0.1947292272727273
v 0.02732494949494955 0.020681864644637612 -0.16474260101010102
v 0.02732494949494955 0.02168195454545457 -0.16040549129621132
v 0.019115776894821482 0.02168195454545457 -0.13475597474747472
v 0.023645981853737896 0.02168195454545457 -0.08977603535353536
v 0.02732494949494955 0.02168195454545457 -0.09063435774645469
v 0.02732494949494955 0.01890992779600223 -0.08977603535353536
v 0.02732494949494955 0.02168195454545457 -0.08605639794082544
v 0.016948583016563653 0.02168195454545457 -0.04479609595959591
v 0.02732494949494955 0.02168195454545457 -0.05123427106425122
v 0.02732494949494955 0.02168195454545457 0.07258783366683491
v 0.0382549292929293 0.02168195454545457 -0.25721947494429864
v 0.030480230492366027 0.02168195454545457 -0.16474260101010102
v 0.0382549292929293 0.02168195454545457 -0.1738459635539851
v 0.0382549292929293 0.02168195454545457 -0.08994408951732404
v 0.0382549292929293 0.02168195454545457 -0.08149729881316105
v 0.0382549292929293 0.02168195454545457 -0.051200957612485845
v 0.03429780755474035 0.02168195454545457 0.07515040909090918
v 0.0382549292929293 0.01923090971312858 0.07515040909090918
v 0.0382549292929293 0.02168195454545457 0.07685226855733701
v 0.04154778353749446 0.02168195454545457 -0.25470247979797983
v 0.04918490909090917 0.015929445942433812 -0.25470247979797983
v 0.04864897198257091 0.02168195454545457 -0.23970916666666667
v 0.04918490909090917 0.021391452657913465 -0.23970916666666667
v 0.04918490909090917 0.02168195454545457 -0.23900044162089637
v 0.0450974208586002 0.02168195454545457 -0.17973591414141415
v 0.04918490909090917 0.02168195454545457 -0.18599617163694818
v 0.04903564833269143 0.02168195454545457 -0.1047693484848485
v 0.04918490909090917 0.02168195454545457 -0.11086629548393068
v 0.04918490909090917 0.020064498539673792 -0.1047693484848485
v 0.04918490909090917 0.02168195454545457 -0.0852996339485801
v 0.04918490909090917 0.02168195454545457 -0.049943251830557686
v 0.04918490909090917 0.02168195454545457 0.07926145455662433
v 0.05647887570000214 0.02168195454545457 -0.2247158535353535
v 0.06011488888888892 0.019353296887796675 -0.2247158535353535
v 0.05913013924485213 0.02168195454545457 -0.20972254040404037
v 0.06011488888888892 0.020562701448358246 -0.20972254040404037
v 0.05535407943223981 0.02168195454545457 -0.1947292272727273
v 0.06011488888888892 0.02168195454545457 -0.10885657278721225
v 0.06011488888888892 0.015644988368718776 -0.08977603535353536
v 0.06011488888888892 0.02168195454545457 -0.08930987167863076
v 0.06011488888888892 0.02168195454545457 -0.04720174055430999
v 0.06011488888888892 0.02168195454545457 0.07971709996166751
v 0.06836436474293828 0.02168195454545457 -0.1047693484848485
v 0.07104486868686878 0.018091719417781475 -0.1047693484848485
v 0.06277811632347942 0.02168195454545457 -0.08977603535353536
v 0.07104486868686878 0.02168195454545457 -0.052376168302856636
v 0.07104486868686878 0.02168195454545457 0.07687944443927153
v 0.08197484848484854 0.02168195454545457 -0.05659435914904873
v 0.07537530012071243 0.02168195454545457 0.07515040909090918
v 0.08197484848484854 0.02168195454545457 0.07171679150954835
v 0.09290482828282828 0.02168195454545457 -0.05736371356200685
v 0.09290482828282828 0.02168195454545457 0.06302004696336184
v 0.10383480808080815 0.02168195454545457 -0.05537775597791901
v 0.09597632531558226 0.02168195454545457 0.06015709595959595
v 0.10383480808080815 0.02168195454545457 0.051363889886527
v 0.1147647878787879 0.02168195454545457 -0.05365475303485387
v 0.10894299652314507 0.02168195454545457 0.045163782828282886
v 0.1147647878787879 0.02168195454545457 0.03742082401534452
v 0.12569476767676777 0.02168195454545457 -0.055959752461624594
v 0.11975067011442792 0.02168195454545457 0.030170469696969824
v 0.12569476767676777 0.02168195454545457 0.02259186927518361
v 0.1366247474747475 0.015510127688536657 -0.07478272222222221
v 0.13497235570331684 0.02168195454545457 -0.05978940909090906
v 0.1366247474747475 0.02168195454545457 -0.060234406350429655
v 0.13107814156065986 0.02168195454545457 0.015177156565656593
v 0.1366247474747475 0.02168195454545457 0.009467729892549652
v 0.13678591380154448 0.02168195454545457 -0.05978940909090906
v 0.1475547272727274 0.02168195454545457 -0.05339625063311675
v 0.1439034852511784 0.02168195454545457 0.000183843434343447
v 0.1475547272727274 0.02168195454545457 -0.0023612590782851293
v 0.15228908455086226 0.02168195454545457 -0.04479609595959591
v 0.15848470707070714 0.02168195454545457 -0.032191184308864224
v 0.15738154451151037 0.02168195454545457 -0.0148094696969697
v 0.15848470707070714 0.02168195454545457 -0.015419769580416168
v 0.16477895677658905 0.02168195454545457 -0.02980278282828276
v -0.16213756921046413 0.029657772727272713 -0.02980278282828276
v -0.15848470707070703 0.029657772727272713 -0.03275541072656948
v -0.15848470707070703 0.029657772727272713 -0.016161306557050267
v -0.15848470707070703 0.027711807133423586 -0.0148094696969697
v -0.15005183009446754 0.029657772727272713 -0.04479609595959591
v -0.14755472727272725 0.029657772727272713 -0.04727813760472806
v -0.15761380158313523 0.029657772727272713 -0.0148094696969697
v -0.14755472727272725 0.029657772727272713 -4.5499227311933524e-05
v -0.14755472727272725 0.02875565484638993 0.000183843434343447
v -0.13662474747474745 0.029657772727272713 -0.049249148110281776
v -0.14728332174939526 0.029657772727272713 0.000183843434343447
v -0.13662474747474745 0.029657772727272713 0.013185895987296043
v -0.12569476767676765 0.029657772727272713 -0.05019226376228039
v -0.13441689113598368 0.029657772727272713 0.015177156565656593
v -0.12569476767676765 0.029657772727272713 0.024985815694015957
v -0.11476478787878784 0.029657772727272713 -0.05253105295663662
v -0.12033889174546283 0.029657772727272713 0.030170469696969824
v -0.11476478787878784 0.029657772727272713 0.03677418348235976
v -0.10383480808080803 0.029657772727272713 -0.05690715803642033
v -0.10682074079998546 0.029657772727272713 0.045163782828282886
v -0.10383480808080803 0.029657772727272713 0.04834228776663242
v -0.09658740608096468 0.029657772727272713 -0.05978940909090906
v -0.09290482828282823 0.029657772727272713 -0.06126406517094568
v -0.09290482828282823 0.02821298648917257 -0.05978940909090906
v -0.09290482828282823 0.029657772727272713 0.05920047981102987
v -0.08197484848484847 0.029657772727272713 -0.06300705552538703
v -0.08197484848484847 0.027797173577058073 -0.05978940909090906
v -0.09189729711350286 0.029657772727272713 0.06015709595959595
v -0.08197484848484847 0.029657772727272713 0.06807946931308356
v -0.07104486868686867 0.029657772727272713 -0.06150595114496242
v -0.07104486868686867 0.029337882100912902 -0.05978940909090906
v -0.07104486868686867 0.029657772727272713 0.07467760255031702
v -0.06286095238450495 0.029657772727272713 -0.1047693484848485
v -0.06011488888888886 0.029657772727272713 -0.10617615606488376
v -0.06011488888888886 0.029657772727272713 -0.09762346767655473
v -0.06011488888888886 0.023199534392147073 -0.08977603535353536
v -0.07059366996160646 0.029657772727272713 -0.05978940909090906
v -0.06011488888888886 0.029657772727272713 -0.05489312255118021
v -0.07027045874063315 0.029657772727272713 0.07515040909090918
v -0.06011488888888886 0.023261661421203787 0.07515040909090918
v -0.06011488888888886 0.029657772727272713 0.07966568672927962
v -0.04918490909090905 0.02537098137431816 -0.2247158535353535
v -0.05022625233059578 0.029657772727272713 -0.20972254040404037
v -0.04918490909090905 0.029657772727272713 -0.21280614717671095
v -0.05041145880025291 0.029657772727272713 -0.1947292272727273
v -0.04918490909090905 0.029657772727272713 -0.1920915761055907
v -0.04918490909090905 0.029657772727272713 -0.11111658697365706
v -0.058493142652175735 0.029657772727272713 -0.08977603535353536
v -0.04918490909090905 0.029657772727272713 -0.0860326627170142
v -0.04918490909090905 0.029657772727272713 -0.055307472942276774
v -0.04918490909090905 0.029657772727272713 0.08235656115617365
v -0.03825492929292924 0.024085077738573366 -0.25470247979797983
v -0.03825492929292924 0.02708607634209734 -0.23970916666666667
v -0.038359130765885235 0.029657772727272713 -0.2247158535353535
v -0.03825492929292924 0.029657772727272713 -0.22495303215992557
v -0.04399543881998235 0.029657772727272713 -0.17973591414141415
v -0.03825492929292924 0.029657772727272713 -0.17140630736950085
v -0.03825492929292924 0.029657772727272713 -0.11413872101479886
v -0.03825492929292924 0.029465960456198568 -0.1047693484848485
v -0.03825492929292924 0.029657772727272713 -0.08141588375652045
v -0.03825492929292924 0.029657772727272713 -0.05475846674450612
v -0.03825492929292924 0.02228932921364177 0.07515040909090918
v -0.03825492929292924 0.029657772727272713 0.08480489441414638
v -0.02732494949494943 0.028621977695198357 -0.25470247979797983
v -0.031828023080825545 0.029657772727272713 -0.23970916666666667
v -0.02732494949494943 0.029657772727272713 -0.2480491176165424
v -0.03533509067926124 0.029657772727272713 -0.16474260101010102
v -0.035338521522624566 0.029657772727272713 -0.14974928787878786
v -0.02732494949494943 0.02342474478405981 -0.14974928787878786
v -0.031527540835289386 0.029657772727272713 -0.13475597474747472
v -0.02732494949494943 0.02578887656226326 -0.13475597474747472
v -0.02732494949494943 0.029657772727272713 -0.13135887902951604
v -0.02732494949494943 0.029657772727272713 -0.11602195408685585
v -0.02732494949494943 0.02572272703333519 -0.1047693484848485
v -0.02732494949494943 0.029657772727272713 -0.08266827846708569
v -0.02732494949494943 0.029657772727272713 -0.05156355035645798
v -0.02732494949494943 0.02309769278495448 0.07515040909090918
v -0.02732494949494943 0.029657772727272713 0.08644648567112923
v -0.024095838515167656 0.029657772727272713 -0.25470247979797983
v -0.016394969696969682 0.029657772727272713 -0.25868127294285687
v -0.01796269167406256 0.029657772727272713 -0.20972254040404037
v -0.016394969696969682 0.029657772727272713 -0.21372808428079973
v -0.016394969696969682 0.029657772727272713 -0.2056976665180831
v -0.016394969696969682 0.028133163097860465 -0.1947292272727273
v -0.016394969696969682 0.024386942701649168 -0.14974928787878786
v -0.016394969696969682 0.029657772727272713 -0.12248186742489045
v -0.016394969696969682 0.029657772727272713 -0.10781002326732259
v -0.016394969696969682 0.028796509059160973 -0.1047693484848485
v -0.016780327859289353 0.029657772727272713 -0.08977603535353536
v -0.016394969696969682 0.029657772727272713 -0.09122808550072685
v -0.016394969696969682 0.029657772727272713 -0.054326265296995094
v -0.016394969696969682 0.022186292268151313 -0.04479609595959591
v -0.016394969696969682 0.02362504209302268 0.07515040909090918
v -0.016394969696969682 0.029657772727272713 0.08645168456993287
v -0.005464989898989875 0.023580711377675805 -0.26969579292929297
v -0.005464989898989875 0.029657772727272713 -0.2633944835005651
v -0.009494060133310006 0.029657772727272713 -0.20972254040404037
v -0.01411065759419411 0.029657772727272713 -0.1947292272727273
v -0.005464989898989875 0.029657772727272713 -0.20891929663557407
v -0.013993657519153362 0.029657772727272713 -0.17973591414141415
v -0.011188952867357644 0.029657772727272713 -0.16474260101010102
v -0.010074203471110283 0.029657772727272713 -0.14974928787878786
v -0.005464989898989875 0.029657772727272713 -0.13611939936200568
v -0.005464989898989875 0.029445998444109313 -0.13475597474747472
v -0.005464989898989875 0.029657772727272713 -0.13194867851300318
v -0.014012442872406473 0.029657772727272713 -0.1047693484848485
v -0.005464989898989875 0.029657772727272713 -0.04587974806433949
v -0.005464989898989875 0.029453666316536918 -0.04479609595959591
v -0.005464989898989875 0.02263623721584474 -0.02980278282828276
v -0.005464989898989875 0.02377711148458571 0.07515040909090918
v -0.005464989898989875 0.029657772727272713 0.084692999948954
v -0.005464989898989875 0.02178231260120652 0.1651102878787879
v -0.010042512029473484 0.029657772727272713 0.18010360101010112
v -0.005464989898989875 0.029657772727272713 0.17267712772136543
v -0.005464989898989875 0.029657772727272713 0.18209816155966013
v 0.0054649898989899345 0.02431308475705761 -0.26969579292929297
v 0.0054649898989899345 0.029657772727272713 -0.26399781835435104
v 0.0054649898989899345 0.029657772727272713 -0.20884553404350192
v -0.0035965304249098327 0.029657772727272713 -0.13475597474747472
v 0.0054649898989899345 0.029657772727272713 -0.046157719695773994
v 0.0054649898989899345 0.029364985518988092 -0.04479609595959591
v 0.0054649898989899345 0.022624623985248202 -0.02980278282828276
v 0.0054649898989899345 0.02378270267355296 0.07515040909090918
v 0.0054649898989899345 0.029657772727272713 0.084683705027883
v 0.0054649898989899345 0.022178131516901758 0.1651102878787879
v 0.0054649898989899345 0.029657772727272713 0.17205376606510725
v 0.0054649898989899345 0.029657772727272713 0.18228815427058437
v 0.016394969696969804 0.029657772727272713 -0.2601339068063511
v 0.00989243655797575 0.029657772727272713 -0.20972254040404037
v 0.016394969696969804 0.029657772727272713 -0.21303071290575745
v 0.01555675790299958 0.029657772727272713 -0.1947292272727273
v 0.016394969696969804 0.029657772727272713 -0.20187379415085618
v 0.016394969696969804 0.029099909708780902 -0.1947292272727273
v 0.015136342588626842 0.029657772727272713 -0.17973591414141415
v 0.01118374867375728 0.029657772727272713 -0.16474260101010102
v 0.010523334612866999 0.029657772727272713 -0.14974928787878786
v 0.016394969696969804 0.024988458924050196 -0.14974928787878786
v 0.007563840236011058 0.029657772727272713 -0.13475597474747472
v 0.016394969696969804 0.029657772727272713 -0.12293779164164446
v 0.016394969696969804 0.029657772727272713 -0.05436415812591686
v 0.016394969696969804 0.021989362093929942 -0.04479609595959591
v 0.016394969696969804 0.023662304176206635 0.07515040909090918
v 0.016394969696969804 0.029657772727272713 0.08631181036817524
v 0.010791390561296457 0.029657772727272713 0.18010360101010112
v 0.02661212021295976 0.029657772727272713 -0.25470247979797983
v 0.02732494949494955 0.029420392608155967 -0.25470247979797983
v 0.02732494949494955 0.029657772727272713 -0.2531397371636995
v 0.018054075369192776 0.029657772727272713 -0.20972254040404037
v 0.02732494949494955 0.024553247801080893 -0.14974928787878786
v 0.02732494949494955 0.02713452938809387 -0.13475597474747472
v 0.02732494949494955 0.029657772727272713 -0.13254069888227646
v 0.016598715755762793 0.029657772727272713 -0.1047693484848485
v 0.02732494949494955 0.029657772727272713 -0.11567305328792989
v 0.02732494949494955 0.025812038645582368 -0.1047693484848485
v 0.01761333691895708 0.029657772727272713 -0.08977603535353536
v 0.02732494949494955 0.029657772727272713 -0.08275598299221242
v 0.02732494949494955 0.029657772727272713 -0.05167201281325482
v 0.02732494949494955 0.022770591554006948 0.07515040909090918
v 0.02732494949494955 0.029657772727272713 0.0866549554127347
v 0.0382549292929293 0.024298556634740547 -0.25470247979797983
v 0.034469353240121556 0.029657772727272713 -0.23970916666666667
v 0.0382549292929293 0.028065326059801738 -0.23970916666666667
v 0.0382549292929293 0.029657772727272713 -0.23093952937251688
v 0.034334295179851204 0.029657772727272713 -0.16474260101010102
v 0.0382549292929293 0.029657772727272713 -0.1740464060747316
v 0.03420959917130849 0.029657772727272713 -0.14974928787878786
v 0.030180147140548827 0.029657772727272713 -0.13475597474747472
v 0.0382549292929293 0.029657772727272713 -0.11421183546984236
v 0.0382549292929293 0.029463559318335348 -0.1047693484848485
v 0.0382549292929293 0.029657772727272713 -0.08094740612797335
v 0.0382549292929293 0.029657772727272713 -0.054009237634330444
v 0.0382549292929293 0.029657772727272713 0.08654552993466216
v 0.04157442789885306 0.029657772727272713 -0.2247158535353535
v 0.04918490909090917 0.027417595352486036 -0.2247158535353535
v 0.04918490909090917 0.029657772727272713 -0.21670701097249478
v 0.04248432720572596 0.029657772727272713 -0.17973591414141415
v 0.04918490909090917 0.029657772727272713 -0.19323003071806388
v 0.04918490909090917 0.029657772727272713 -0.11181265663097183
v 0.04918490909090917 0.029657772727272713 -0.08492081299735627
v 0.04918490909090917 0.029657772727272713 -0.054798479363497854
v 0.04918490909090917 0.029657772727272713 0.08548257481158407
v 0.05140670403786604 0.029657772727272713 -0.20972254040404037
v 0.050051616241022195 0.029657772727272713 -0.1947292272727273
v 0.06011488888888892 0.029657772727272713 -0.10700065219251759
v 0.05980039341638052 0.029657772727272713 -0.08977603535353536
v 0.06011488888888892 0.029657772727272713 -0.09173400259741019
v 0.06011488888888892 0.028074089980865764 -0.08977603535353536
v 0.06011488888888892 0.029657772727272713 -0.05513451890243345
v 0.06011488888888892 0.029657772727272713 0.08333132994110323
v 0.0641300716205593 0.029657772727272713 -0.1047693484848485
v 0.07046071512976237 0.029657772727272713 -0.05978940909090906
v 0.07104486868686878 0.029657772727272713 -0.061816327964940784
v 0.07104486868686878 0.029346002329064626 -0.05978940909090906
v 0.07104486868686878 0.029657772727272713 0.07858008725888879
v 0.08197484848484854 0.029657772727272713 -0.06357967718849085
v 0.08197484848484854 0.02752008045044612 -0.05978940909090906
v 0.07720828435056858 0.029657772727272713 0.07515040909090918
v 0.08197484848484854 0.029657772727272713 0.07177576010887855
v 0.09290482828282828 0.029657772727272713 -0.062328276822538144
v 0.09290482828282828 0.02705187304812852 -0.05978940909090906
v 0.09290482828282828 0.029657772727272713 0.062113384687519
v 0.10042659999069718 0.029657772727272713 -0.05978940909090906
v 0.10383480808080815 0.029657772727272713 -0.058486590785437796
v 0.09490464884834361 0.029657772727272713 0.06015709595959595
v 0.10383480808080815 0.029657772727272713 0.05005011751531108
v 0.1147647878787879 0.029657772727272713 -0.05469284129817431
v 0.10781275224478214 0.029657772727272713 0.045163782828282886
v 0.1147647878787879 0.029657772727272713 0.03603784803575543
v 0.12569476767676777 0.029657772727272713 -0.05277466898503788
v 0.11886341238957211 0.029657772727272713 0.030170469696969824
v 0.12569476767676777 0.029657772727272713 0.02141014039950659
v 0.1366247474747475 0.022142519733388544 -0.05978940909090906
v 0.1366247474747475 0.029657772727272713 -0.050751544035622057
v 0.13007810931810285 0.029657772727272713 0.015177156565656593
v 0.1366247474747475 0.029657772727272713 0.007485921483016129
v 0.1475547272727274 0.029657772727272713 -0.04683841310503857
v 0.1416810503915521 0.029657772727272713 0.000183843434343447
v 0.1475547272727274 0.029657772727272713 -0.00542641498927958
v 0.14951503964997045 0.029657772727272713 -0.04479609595959591
v 0.15848470707070714 0.029657772727272713 -0.03113837870279056
v 0.1535883401276496 0.029657772727272713 -0.0148094696969697
v 0.15848470707070714 0.029657772727272713 -0.022681970041187688
v 0.16021153304711985 0.029657772727272713 -0.02980278282828276
v -0.15848470707070703 0.03456484685597226 -0.02980278282828276
v -0.14755472727272725 0.03386628641026843 -0.04479609595959591
v -0.1539123891536329 0.03763359090909091 -0.02980278282828276
v -0.14755472727272725 0.03763359090909091 -0.036486975722163695
v -0.15194844524749465 0.03763359090909091 -0.0148094696969697
v -0.14755472727272725 0.03763359090909091 -0.005689634215255046
v -0.13662474747474745 0.03759741162471705 -0.04479609595959591
v -0.13662474747474745 0.03763359090909091 -0.04473549694201553
v -0.14332681215452886 0.03763359090909091 0.000183843434343447
v -0.13662474747474745 0.03763359090909091 0.00990008791482038
v -0.13649895467128742 0.03763359090909091 -0.04479609595959591
v -0.12569476767676765 0.03763359090909091 -0.04813506879321692
v -0.13189728236238232 0.03763359090909091 0.015177156565656593
v -0.12569476767676765 0.03763359090909091 0.02290385458053363
v -0.11476478787878784 0.03763359090909091 -0.05291806833756356
v -0.11895986230740448 0.03763359090909091 0.030170469696969824
v -0.11476478787878784 0.03763359090909091 0.035426411462612786
v -0.10383480808080803 0.03763359090909091 -0.059174593245593876
v -0.10603942719198588 0.03763359090909091 0.045163782828282886
v -0.10383480808080803 0.03763359090909091 0.04764335976619702
v -0.10297544866842566 0.03763359090909091 -0.05978940909090906
v -0.09290482828282823 0.03763359090909091 -0.06548746148898968
v -0.09290482828282823 0.03763359090909091 0.0593401902177828
v -0.08197484848484847 0.03763359090909091 -0.06860983749272573
v -0.09213598048930574 0.03763359090909091 0.06015709595959595
v -0.08197484848484847 0.03763359090909091 0.06987898825478786
v -0.07104486868686867 0.03763359090909091 -0.06972639204731586
v -0.07607855982522185 0.03763359090909091 0.07515040909090918
v -0.07104486868686867 0.030633430904857907 0.07515040909090918
v -0.07104486868686867 0.03763359090909091 0.07906050158564042
v -0.06011488888888886 0.03396860500480714 -0.1047693484848485
v -0.06011488888888886 0.03763359090909091 -0.07055305922666198
v -0.06011488888888886 0.03487361821418232 -0.05978940909090906
v -0.06011488888888886 0.03763359090909091 0.08718689576490934
v -0.04918490909090905 0.030779676921069515 -0.20972254040404037
v -0.04918490909090905 0.03136280113811709 -0.1947292272727273
v -0.05774358132933363 0.03763359090909091 -0.1047693484848485
v -0.04918490909090905 0.03763359090909091 -0.1094733829885845
v -0.056193902734728955 0.03763359090909091 -0.08977603535353536
v -0.04918490909090905 0.03763359090909091 -0.08592895791856978
v -0.04918490909090905 0.03763359090909091 -0.0700483382434462
v -0.04918490909090905 0.03414842204954439 -0.05978940909090906
v -0.05600356670042561 0.03763359090909091 0.09014372222222225
v -0.04918490909090905 0.03532639302509921 0.09014372222222225
v -0.04918490909090905 0.03763359090909091 0.0940022219525933
v -0.03825492929292924 0.029714985806450583 -0.2247158535353535
v -0.03825492929292924 0.03701289234820621 -0.20972254040404037
v -0.04222315923985606 0.03763359090909091 -0.1947292272727273
v -0.03825492929292924 0.03763359090909091 -0.20706221938142436
v -0.03841667110711845 0.03763359090909091 -0.17973591414141415
v -0.03825492929292924 0.03763359090909091 -0.17924158461429215
v -0.03825492929292924 0.03763359090909091 -0.11173893908649471
v -0.03825492929292924 0.03763359090909091 -0.08059851384124042
v -0.03825492929292924 0.03763359090909091 -0.07097509289254202
v -0.03825492929292924 0.033316849568392336 -0.05978940909090906
v -0.03825492929292924 0.0327785335908246 0.09014372222222225
v -0.03825492929292924 0.03763359090909091 0.09937916989190428
v -0.02732494949494943 0.03182625915177907 -0.23970916666666667
v -0.02732494949494943 0.03077020392913822 -0.2247158535353535
v -0.029884721124366673 0.03763359090909091 -0.20972254040404037
v -0.02732494949494943 0.03763359090909091 -0.21063645920897417
v -0.03485083064268922 0.03763359090909091 -0.16474260101010102
v -0.03640648523027833 0.03763359090909091 -0.14974928787878786
v -0.03277686636314586 0.03763359090909091 -0.13475597474747472
v -0.02732494949494943 0.03763359090909091 -0.12886387800541593
v -0.02732494949494943 0.03763359090909091 -0.11113510966739476
v -0.02732494949494943 0.03763359090909091 -0.08085890281452994
v -0.02732494949494943 0.03763359090909091 -0.07330612239903234
v -0.02732494949494943 0.03191886724841653 -0.05978940909090906
v -0.02732494949494943 0.03164635794621925 0.09014372222222225
v -0.02732494949494943 0.03763359090909091 0.1021890183353963
v -0.016394969696969682 0.03270802084384939 -0.25470247979797983
v -0.016394969696969682 0.036493911344667014 -0.23970916666666667
v -0.016394969696969682 0.03482354952495032 -0.2247158535353535
v -0.02617586730723128 0.03763359090909091 -0.20972254040404037
v -0.016394969696969682 0.03763359090909091 -0.19522006161904185
v -0.016394969696969682 0.03763359090909091 -0.12184983119473702
v -0.016394969696969682 0.03763359090909091 -0.11041471612797667
v -0.016394969696969682 0.030288653300517828 -0.08977603535353536
v -0.016394969696969682 0.03763359090909091 -0.08014068084872207
v -0.016394969696969682 0.03763359090909091 -0.07282024182765101
v -0.016394969696969682 0.03176894399553328 -0.05978940909090906
v -0.016394969696969682 0.03182834204003714 0.09014372222222225
v -0.016394969696969682 0.03763359090909091 0.10299300766937801
v -0.005464989898989875 0.035686918451509314 -0.25470247979797983
v -0.012343825368562485 0.03763359090909091 -0.23970916666666667
v -0.005464989898989875 0.03763359090909091 -0.2462798533168194
v -0.009192297040313414 0.03763359090909091 -0.2247158535353535
v -0.005464989898989875 0.03763359090909091 -0.22107067375380465
v -0.005464989898989875 0.031216310756988955 -0.20972254040404037
v -0.016279454033372723 0.03763359090909091 -0.1947292272727273
v -0.015202082570190836 0.03763359090909091 -0.17973591414141415
v -0.011317724610910318 0.03763359090909091 -0.16474260101010102
v -0.005464989898989875 0.03763359090909091 -0.15426276598167807
v -0.005464989898989875 0.03726384879947761 -0.14974928787878786
v -0.005464989898989875 0.03763359090909091 -0.120731017103331
v -0.005464989898989875 0.03763359090909091 -0.11864158090103652
v -0.005464989898989875 0.03459683000258036 -0.1047693484848485
v -0.005464989898989875 0.033812575502290394 -0.08977603535353536
v -0.005464989898989875 0.03763359090909091 -0.07542296891929631
v -0.005464989898989875 0.03763359090909091 -0.0729212551656402
v -0.005464989898989875 0.035069587540403936 -0.05978940909090906
v -0.005464989898989875 0.033652939754431434 0.09014372222222225
v -0.005464989898989875 0.03763359090909091 0.10287985874879568
v -0.005464989898989875 0.036053982299876865 0.18010360101010112
v 0.0054649898989899345 0.036014172773702384 -0.25470247979797983
v 0.0054649898989899345 0.03763359090909091 -0.2478108754201019
v 0.0054649898989899345 0.03763359090909091 -0.22114476702751584
v 0.0054649898989899345 0.031442360090556704 -0.20972254040404037
v 0.0054649898989899345 0.03763359090909091 -0.1509621584518922
v 0.0054649898989899345 0.0375460345193899 -0.14974928787878786
v 0.0054649898989899345 0.03494482462775197 -0.13475597474747472
v 0.0054649898989899345 0.03763359090909091 -0.12175197616822685
v 0.0054649898989899345 0.03763359090909091 -0.1178975766894581
v 0.0054649898989899345 0.03475135328691054 -0.1047693484848485
v 0.0054649898989899345 0.03395718313107386 -0.08977603535353536
v 0.0054649898989899345 0.03763359090909091 -0.07690116439602504
v 0.0054649898989899345 0.03763359090909091 -0.07164098719263533
v 0.0054649898989899345 0.03411343143062089 -0.05978940909090906
v 0.0054649898989899345 0.03365841910576257 0.09014372222222225
v 0.0054649898989899345 0.03763359090909091 0.10287269063308851
v 0.0054649898989899345 0.036840210460290325 0.18010360101010112
v 0.016394969696969804 0.03385895066262076 -0.25470247979797983
v 0.01512454683230357 0.03763359090909091 -0.23970916666666667
v 0.016394969696969804 0.03732361629311203 -0.23970916666666667
v 0.009550744261705043 0.03763359090909091 -0.2247158535353535
v 0.016394969696969804 0.03556473586982438 -0.2247158535353535
v 0.016394969696969804 0.032625238400225874 -0.1947292272727273
v 0.016394969696969804 0.03630247168432896 -0.17973591414141415
v 0.012356764038360843 0.03763359090909091 -0.16474260101010102
v 0.016394969696969804 0.03763359090909091 -0.17865832020960543
v 0.016394969696969804 0.03763359090909091 -0.12270730789860608
v 0.016394969696969804 0.03763359090909091 -0.1070587840387868
v 0.016394969696969804 0.03428355391565123 -0.1047693484848485
v 0.016394969696969804 0.03178332716415641 -0.08977603535353536
v 0.016394969696969804 0.03763359090909091 -0.08184627277798624
v 0.016394969696969804 0.03763359090909091 -0.07240030369024922
v 0.016394969696969804 0.031752460764595265 -0.05978940909090906
v 0.016394969696969804 0.03190877013737201 0.09014372222222225
v 0.016394969696969804 0.03763359090909091 0.10295128861995853
v 0.02732494949494955 0.03308168947258225 -0.23970916666666667
v 0.02732494949494955 0.03244930627909116 -0.2247158535353535
v 0.02732494949494955 0.03721037738542976 -0.20972254040404037
v 0.01908847959035685 0.03763359090909091 -0.1947292272727273
v 0.02732494949494955 0.03763359090909091 -0.2087856740728706
v 0.017727670176066943 0.03763359090909091 -0.17973591414141415
v 0.02732494949494955 0.03763359090909091 -0.13038317271249858
v 0.02732494949494955 0.03763359090909091 -0.11046677567900699
v 0.02732494949494955 0.03763359090909091 -0.08096448732382507
v 0.02732494949494955 0.03763359090909091 -0.07331392132371625
v 0.02732494949494955 0.03191730045245793 -0.05978940909090906
v 0.02732494949494955 0.03158877519254006 0.09014372222222225
v 0.02732494949494955 0.03763359090909091 0.10236300230935753
v 0.0382549292929293 0.03112674907036372 -0.2247158535353535
v 0.0382549292929293 0.036860087770370586 -0.20972254040404037
v 0.0382549292929293 0.03763359090909091 -0.2052405863899987
v 0.03543233175118418 0.03763359090909091 -0.17973591414141415
v 0.0382549292929293 0.03763359090909091 -0.18622431521888114
v 0.0382549292929293 0.035823030973188015 -0.17973591414141415
v 0.033174440396792786 0.03763359090909091 -0.16474260101010102
v 0.035250165881025274 0.03763359090909091 -0.14974928787878786
v 0.03141611003797184 0.03763359090909091 -0.13475597474747472
v 0.0382549292929293 0.03763359090909091 -0.1118687277490251
v 0.0382549292929293 0.03763359090909091 -0.08020720016105666
v 0.0382549292929293 0.03763359090909091 -0.07119025071598223
v 0.0382549292929293 0.033632495619453015 -0.05978940909090906
v 0.0382549292929293 0.031926397627466276 0.09014372222222225
v 0.0382549292929293 0.03763359090909091 0.10042269428327469
v 0.04918490909090917 0.03178616194783823 -0.20972254040404037
v 0.04101087497566494 0.03763359090909091 -0.1947292272727273
v 0.04918490909090917 0.030723130562772955 -0.1947292272727273
v 0.04918490909090917 0.03763359090909091 -0.11030688068427492
v 0.04918490909090917 0.03763359090909091 -0.08438472492619221
v 0.04918490909090917 0.03763359090909091 -0.07052062555558078
v 0.04918490909090917 0.03428129634954178 -0.05978940909090906
v 0.04918490909090917 0.03354981375010963 0.09014372222222225
v 0.04918490909090917 0.03763359090909091 0.09619995402716461
v 0.059587462530570824 0.03763359090909091 -0.1047693484848485
v 0.06011488888888892 0.03676285607138933 -0.1047693484848485
v 0.058678543836987694 0.03763359090909091 -0.08977603535353536
v 0.06011488888888892 0.03763359090909091 -0.07068012730469182
v 0.06011488888888892 0.03474668410547167 -0.05978940909090906
v 0.05967155311491289 0.03763359090909091 0.09014372222222225
v 0.06011488888888892 0.03763359090909091 0.089830032944884
v 0.07104486868686878 0.03763359090909091 -0.06995580258789476
v 0.07104486868686878 0.03763359090909091 0.0815722938913958
v 0.08197484848484854 0.03763359090909091 -0.06904770380610982
v 0.07916767553591332 0.03763359090909091 0.07515040909090918
v 0.08197484848484854 0.03763359090909091 0.07239388588824168
v 0.09290482828282828 0.03763359090909091 -0.06629769436645998
v 0.09290482828282828 0.03763359090909091 0.06119443018982493
v 0.10383480808080815 0.03763359090909091 -0.060684626981108936
v 0.10383480808080815 0.03499722095634146 -0.05978940909090906
v 0.0938727407840876 0.03763359090909091 0.06015709595959595
v 0.10383480808080815 0.03763359090909091 0.04825106345802651
v 0.10552452378552107 0.03763359090909091 -0.05978940909090906
v 0.1147647878787879 0.03763359090909091 -0.05427716220684504
v 0.10624812317344301 0.03763359090909091 0.045163782828282886
v 0.1147647878787879 0.03763359090909091 0.033618946542193134
v 0.12569476767676777 0.03763359090909091 -0.04876031915749083
v 0.11709791958069504 0.03763359090909091 0.030170469696969824
v 0.12569476767676777 0.03763359090909091 0.018296549272007787
v 0.13495565114519015 0.03763359090909091 -0.04479609595959591
v 0.1366247474747475 0.03716163982579402 -0.04479609595959591
v 0.1366247474747475 0.03763359090909091 -0.04362057006660297
v 0.127720652367821 0.03763359090909091 0.015177156565656593
v 0.1366247474747475 0.03763359090909091 0.002440642728819411
v 0.1475547272727274 0.033109700693650344 -0.04479609595959591
v 0.1475547272727274 0.03763359090909091 -0.03355069206965833
v 0.14727611920072545 0.03763359090909091 -0.0148094696969697
v 0.1475547272727274 0.03763359090909091 -0.015402101605267357
v 0.1475547272727274 0.03740514358951625 -0.0148094696969697
v 0.13793569294309507 0.03763359090909091 0.000183843434343447
v 0.15087564677569204 0.03763359090909091 -0.02980278282828276
v 0.15848470707070714 0.03212202826359282 -0.02980278282828276
v -0.14755472727272725 0.04342192290441096 -0.02980278282828276
v -0.14755472727272725 0.04274485633402768 -0.0148094696969697
v -0.14297891732582999 0.045609409090909096 -0.02980278282828276
v -0.13662474747474745 0.045609409090909096 -0.035535879228784636
v -0.14410151681395494 0.045609409090909096 -0.0148094696969697
v -0.1382051208190093 0.045609409090909096 0.000183843434343447
v -0.13662474747474745 0.045609409090909096 0.00308151068858239
v -0.12601381711168202 0.045609409090909096 -0.04479609595959591
v -0.12569476767676765 0.045609409090909096 -0.04498410363490902
v -0.1284953754215337 0.045609409090909096 0.015177156565656593
v -0.12569476767676765 0.045609409090909096 0.01910636940314175
v -0.11476478787878784 0.045609409090909096 -0.052295045255160634
v -0.11722514456648983 0.045609409090909096 0.030170469696969824
v -0.11476478787878784 0.045609409090909096 0.033529426331075106
v -0.10521714827996578 0.045609409090909096 -0.05978940909090906
v -0.10383480808080803 0.045609409090909096 -0.06074425797398277
v -0.10383480808080803 0.04133115107222267 -0.05978940909090906
v -0.10481289841824874 0.045609409090909096 0.045163782828282886
v -0.10383480808080803 0.045609409090909096 0.04635417570781618
v -0.09290482828282823 0.045609409090909096 -0.06792194748176048
v -0.09290482828282823 0.045609409090909096 0.05951986273334004
v -0.08197484848484847 0.045609409090909096 -0.07181662325699716
v -0.09240868961125547 0.045609409090909096 0.06015709595959595
v -0.08197484848484847 0.045609409090909096 0.0721731524218283
v -0.07104486868686867 0.045609409090909096 -0.07311527138029739
v -0.07987662878889075 0.045609409090909096 0.07515040909090918
v -0.07104486868686867 0.045609409090909096 0.08562516296703628
v -0.06011488888888886 0.045609409090909096 -0.07357404665044286
v -0.06695404611680347 0.045609409090909096 0.09014372222222225
v -0.06011488888888886 0.04045188671778596 0.09014372222222225
v -0.06011488888888886 0.045609409090909096 0.096177039225673
v -0.050907020318958204 0.045609409090909096 -0.1047693484848485
v -0.04918490909090905 0.045609409090909096 -0.10585065717749974
v -0.05463471051142805 0.045609409090909096 -0.08977603535353536
v -0.04918490909090905 0.045609409090909096 -0.07853305374550383
v -0.04918490909090905 0.045609409090909096 -0.07437804466617162
v -0.050158276236385246 0.045609409090909096 0.10513703535353548
v -0.04918490909090905 0.0451899386251096 0.10513703535353548
v -0.04918490909090905 0.045609409090909096 0.10577292384723944
v -0.03825492929292924 0.040891458087695516 -0.1947292272727273
v -0.03825492929292924 0.03785409835626785 -0.17973591414141415
v -0.03825492929292924 0.045609409090909096 -0.11051595891138569
v -0.04555931003973721 0.045609409090909096 -0.07478272222222221
v -0.03825492929292924 0.044334026025477875 -0.07478272222222221
v -0.03825492929292924 0.04115430898624972 0.10513703535353548
v -0.03825492929292924 0.045609409090909096 0.11224538769290679
v -0.02732494949494943 0.03796282663448509 -0.20972254040404037
v -0.02732494949494943 0.04364614143852055 -0.1947292272727273
v -0.02732494949494943 0.04466934753635402 -0.17973591414141415
v -0.030737817834663016 0.045609409090909096 -0.16474260101010102
v -0.02732494949494943 0.045609409090909096 -0.17613780486823552
v -0.034819808883204795 0.045609409090909096 -0.14974928787878786
v -0.03181482067185996 0.045609409090909096 -0.13475597474747472
v -0.02732494949494943 0.045609409090909096 -0.1274719463002134
v -0.02732494949494943 0.045609409090909096 -0.11269729713007132
v -0.02732494949494943 0.04359942425681204 -0.07478272222222221
v -0.02732494949494943 0.03943142498732853 0.10513703535353548
v -0.02732494949494943 0.045609409090909096 0.11477788711363701
v -0.016394969696969682 0.03776736610171585 -0.1947292272727273
v -0.016394969696969682 0.040481219215381774 -0.17973591414141415
v -0.016394969696969682 0.045609409090909096 -0.17454843514390805
v -0.016902489331136868 0.045609409090909096 -0.11976266161616156
v -0.016394969696969682 0.045341312744796136 -0.11976266161616156
v -0.016394969696969682 0.04090299876630258 -0.07478272222222221
v -0.016394969696969682 0.03908033567516997 0.10513703535353548
v -0.016394969696969682 0.045609409090909096 0.11410877926751567
v -0.005464989898989875 0.03974971058099984 -0.23970916666666667
v -0.005464989898989875 0.03887574315598473 -0.2247158535353535
v -0.009503034563729298 0.045609409090909096 -0.16474260101010102
v -0.005464989898989875 0.045609409090909096 -0.16235245100725443
v -0.005464989898989875 0.039815590121055684 -0.11976266161616156
v -0.005464989898989875 0.03841565108394079 -0.07478272222222221
v -0.005464989898989875 0.03956608974613236 0.10513703535353548
v -0.005464989898989875 0.045609409090909096 0.110456323094517
v 0.0054649898989899345 0.040188465201139244 -0.23970916666666667
v 0.0054649898989899345 0.038693207262426414 -0.2247158535353535
v 0.0054649898989899345 0.045609409090909096 -0.16111794845517924
v 0.0054649898989899345 0.0410549227886083 -0.11976266161616156
v 0.0054649898989899345 0.03998972883932375 -0.07478272222222221
v 0.0054649898989899345 0.03957102728292415 0.10513703535353548
v 0.0054649898989899345 0.045609409090909096 0.11045704444542537
v 0.012308627072095546 0.045609409090909096 -0.16474260101010102
v 0.016394969696969804 0.045609409090909096 -0.1700150667147657
v 0.013234391974188523 0.045609409090909096 -0.11976266161616156
v 0.016394969696969804 0.045609409090909096 -0.12094863702427838
v 0.016394969696969804 0.045609409090909096 -0.11694705923706168
v 0.016394969696969804 0.0416525955779234 -0.07478272222222221
v 0.016394969696969804 0.03910289815476059 0.10513703535353548
v 0.016394969696969804 0.045609409090909096 0.11415519840254572
v 0.02732494949494955 0.04212895262961117 -0.1947292272727273
v 0.02732494949494955 0.04274144667307607 -0.17973591414141415
v 0.02732494949494955 0.045609409090909096 -0.16591457393950743
v 0.02732494949494955 0.045609409090909096 -0.13019528375618783
v 0.02732494949494955 0.045609409090909096 -0.11184169969447576
v 0.02732494949494955 0.04363236323129684 -0.07478272222222221
v 0.02732494949494955 0.03933104565707346 0.10513703535353548
v 0.02732494949494955 0.045609409090909096 0.11505461568521057
v 0.0382549292929293 0.03973305142666317 -0.1947292272727273
v 0.027599793528091745 0.045609409090909096 -0.16474260101010102
v 0.033281403575740366 0.045609409090909096 -0.14974928787878786
v 0.030046812120183744 0.045609409090909096 -0.13475597474747472
v 0.0382549292929293 0.045609409090909096 -0.1108106047765048
v 0.0382549292929293 0.04414824097511723 -0.07478272222222221
v 0.0382549292929293 0.040651437914396994 0.10513703535353548
v 0.0382549292929293 0.045609409090909096 0.11298571050810277
v 0.04918490909090917 0.045609409090909096 -0.10732554481106359
v 0.04918490909090917 0.04557154812944712 -0.07478272222222221
v 0.04918490909090917 0.04434720116706891 0.10513703535353548
v 0.04918490909090917 0.045609409090909096 0.10688182584188669
v 0.05347704751004768 0.045609409090909096 -0.1047693484848485
v 0.05748569045259373 0.045609409090909096 -0.08977603535353536
v 0.04958692564891286 0.045609409090909096 -0.07478272222222221
v 0.06011488888888892 0.045609409090909096 -0.07392861285030441
v 0.06011488888888892 0.038017553584245765 0.09014372222222225
v 0.051629956756671 0.045609409090909096 0.10513703535353548
v 0.06011488888888892 0.045609409090909096 0.09711155030183768
v 0.07104486868686878 0.045609409090909096 -0.07348032624086036
v 0.06710959603959019 0.045609409090909096 0.09014372222222225
v 0.07104486868686878 0.045609409090909096 0.0853544985122289
v 0.08197484848484854 0.045609409090909096 -0.07224157099986445
v 0.08040599770354295 0.045609409090909096 0.07515040909090918
v 0.08197484848484854 0.045609409090909096 0.07310789540881711
v 0.09290482828282828 0.045609409090909096 -0.06856301972512156
v 0.09290482828282828 0.045609409090909096 0.06021169487224218
v 0.10383480808080815 0.045609409090909096 -0.06158508100561494
v 0.09295169982855556 0.045609409090909096 0.06015709595959595
v 0.10383480808080815 0.045609409090909096 0.045736619512372796
v 0.10644205557199106 0.045609409090909096 -0.05978940909090906
v 0.1147647878787879 0.045609409090909096 -0.052709685170275335
v 0.11463847072326512 0.045609409090909096 0.030170469696969824
v 0.1147647878787879 0.045609409090909096 0.029994889722111753
v 0.1147647878787879 0.045199123161884965 0.030170469696969824
v 0.10425507855459187 0.045609409090909096 0.045163782828282886
v 0.12491867499224425 0.045609409090909096 -0.04479609595959591
v 0.12569476767676777 0.044762410475251896 -0.04479609595959591
v 0.12569476767676777 0.045609409090909096 -0.04371707647606332
v 0.12451944825486583 0.045609409090909096 0.015177156565656593
v 0.12569476767676777 0.045609409090909096 0.013298370359549509
v 0.12569476767676777 0.0427148046256737 0.015177156565656593
v 0.1366247474747475 0.045609409090909096 -0.03158007740103591
v 0.1330431118471084 0.045609409090909096 0.000183843434343447
v 0.1366247474747475 0.045609409090909096 -0.008259173263103874
v 0.1366247474747475 0.03991978111147807 0.000183843434343447
v 0.1382597704251929 0.045609409090909096 -0.02980278282828276
v 0.1475547272727274 0.040811731085746664 -0.02980278282828276
v 0.13900018577154927 0.045609409090909096 -0.0148094696969697
v -0.13662474747474745 0.05098378054260549 -0.02980278282828276
v -0.13662474747474745 0.05319806753444846 -0.0148094696969697
v -0.13662474747474745 0.047842493795076 0.000183843434343447
v -0.12569476767676765 0.046076753501181886 -0.04479609595959591
v -0.1331843334474658 0.053585227272727326 -0.02980278282828276
v -0.12569476767676765 0.053585227272727326 -0.03841721492458881
v -0.13619628852036358 0.053585227272727326 -0.0148094696969697
v -0.13222856153446105 0.053585227272727326 0.000183843434343447
v -0.12569476767676765 0.053585227272727326 0.012358590691286735
v -0.12569476767676765 0.05054704293734751 0.015177156565656593
v -0.12121204154155107 0.053585227272727326 -0.04479609595959591
v -0.11476478787878784 0.053585227272727326 -0.05041747448422669
v -0.12397188412442676 0.053585227272727326 0.015177156565656593
v -0.11476478787878784 0.053585227272727326 0.029662517075171795
v -0.11476478787878784 0.05259982338244285 0.030170469696969824
v -0.1052384539414819 0.053585227272727326 -0.05978940909090906
v -0.10383480808080803 0.053585227272727326 -0.060906740649889164
v -0.11439271786319523 0.053585227272727326 0.030170469696969824
v -0.10383480808080803 0.053585227272727326 0.044341287290250976
v -0.10383480808080803 0.05035124161306022 0.045163782828282886
v -0.09290482828282823 0.053585227272727326 -0.0690124442768784
v -0.10319438816088294 0.053585227272727326 0.045163782828282886
v -0.09290482828282823 0.053585227272727326 0.05906048800164119
v -0.08197484848484847 0.053585227272727326 -0.07406820575848845
v -0.09216280178976495 0.053585227272727326 0.06015709595959595
v -0.08197484848484847 0.053585227272727326 0.07449163285377533
v -0.07921751317692767 0.053585227272727326 -0.07478272222222221
v -0.07104486868686867 0.053585227272727326 -0.07894482956564292
v -0.07104486868686867 0.05089423206993025 -0.07478272222222221
v -0.08161580962390863 0.053585227272727326 0.07515040909090918
v -0.07207116536382475 0.053585227272727326 0.09014372222222225
v -0.07104486868686867 0.0520019238623284 0.09014372222222225
v -0.07104486868686867 0.053585227272727326 0.09136433287046382
v -0.06011488888888886 0.053585227272727326 -0.08543661421124327
v -0.06011488888888886 0.04935491069721564 -0.07478272222222221
v -0.06021549490248472 0.053585227272727326 0.10513703535353548
v -0.06011488888888886 0.05350268645679512 0.10513703535353548
v -0.06011488888888886 0.053585227272727326 0.10523168235610063
v -0.04918490909090905 0.04859288311103784 -0.1047693484848485
v -0.055197856468609155 0.053585227272727326 -0.08977603535353536
v -0.04918490909090905 0.053585227272727326 -0.0985536923525163
v -0.04918490909090905 0.046752732541271484 -0.07478272222222221
v -0.04918490909090905 0.053585227272727326 0.11614059057065614
v -0.04403010196953022 0.053585227272727326 -0.1047693484848485
v -0.03825492929292924 0.053585227272727326 -0.10850454477304133
v -0.04480798594247292 0.053585227272727326 0.12013034848484853
v -0.03825492929292924 0.05109798603108196 0.12013034848484853
v -0.03825492929292924 0.053585227272727326 0.12363660585298719
v -0.02732494949494943 0.04977263490378143 -0.16474260101010102
v -0.030142561638908136 0.053585227272727326 -0.14974928787878786
v -0.02732494949494943 0.053585227272727326 -0.15763463598227576
v -0.028958069464691837 0.053585227272727326 -0.13475597474747472
v -0.02732494949494943 0.053585227272727326 -0.12934179838300003
v -0.02732494949494943 0.053585227272727326 -0.1148297511989064
v -0.02732494949494943 0.04898909726849719 0.12013034848484853
v -0.02732494949494943 0.053585227272727326 0.12714270610725692
v -0.016394969696969682 0.05294661319197 -0.16474260101010102
v -0.016394969696969682 0.053585227272727326 -0.16419437886889748
v -0.021716746183752245 0.053585227272727326 -0.11976266161616156
v -0.016394969696969682 0.04871407651481589 0.12013034848484853
v -0.016394969696969682 0.053585227272727326 0.1283437514901457
v -0.005464989898989875 0.053585227272727326 -0.1617390961495802
v -0.005464989898989875 0.04929614289347076 0.12013034848484853
v -0.005464989898989875 0.053585227272727326 0.12963023593712392
v 0.0054649898989899345 0.053585227272727326 -0.1607387257893846
v 0.0054649898989899345 0.04929468648684891 0.12013034848484853
v 0.0054649898989899345 0.053585227272727326 0.12964764993343697
v 0.016394969696969804 0.04999757355586988 -0.16474260101010102
v 0.016394969696969804 0.053585227272727326 -0.16186125231844922
v 0.016394969696969804 0.04981504821536387 -0.11976266161616156
v 0.016394969696969804 0.04867777318093557 0.12013034848484853
v 0.016394969696969804 0.053585227272727326 0.12855424859359785
v 0.02732494949494955 0.04598857691680152 -0.16474260101010102
v 0.02732494949494955 0.053585227272727326 -0.1519998375338695
v 0.026526899319486284 0.053585227272727326 -0.13475597474747472
v 0.02732494949494955 0.053585227272727326 -0.14185542220238156
v 0.02732494949494955 0.052707908534708386 -0.13475597474747472
v 0.019665116497967716 0.053585227272727326 -0.11976266161616156
v 0.02732494949494955 0.053585227272727326 -0.11387100237753099
v 0.02732494949494955 0.04878516331003459 0.12013034848484853
v 0.02732494949494955 0.053585227272727326 0.12783731362484435
v 0.02807124252948861 0.053585227272727326 -0.14974928787878786
v 0.0382549292929293 0.053585227272727326 -0.10909451332172025
v 0.0382549292929293 0.05066406184418776 0.12013034848484853
v 0.0382549292929293 0.053585227272727326 0.12447690571663568
v 0.04649482289475516 0.053585227272727326 -0.1047693484848485
v 0.04918490909090917 0.05181632581895625 -0.1047693484848485
v 0.04918490909090917 0.053585227272727326 -0.1021612644844547
v 0.04513023695833511 0.053585227272727326 0.12013034848484853
v 0.04918490909090917 0.053585227272727326 0.11607196559143917
v 0.057930152066636584 0.053585227272727326 -0.08977603535353536
v 0.06011488888888892 0.053585227272727326 -0.087719284626185
v 0.06011488888888892 0.04826861049236645 -0.07478272222222221
v 0.059093376293183064 0.053585227272727326 0.10513703535353548
v 0.06011488888888892 0.053585227272727326 0.1035478139689327
v 0.07104486868686878 0.053585227272727326 -0.08044170915430394
v 0.07104486868686878 0.04983448404449664 -0.07478272222222221
v 0.070311397219046 0.053585227272727326 0.09014372222222225
v 0.07104486868686878 0.053585227272727326 0.08887090656277011
v 0.08082465403043351 0.053585227272727326 -0.07478272222222221
v 0.08197484848484854 0.053585227272727326 -0.07444763209657927
v 0.08085932898711087 0.053585227272727326 0.07515040909090918
v 0.08197484848484854 0.053585227272727326 0.07332691377302293
v 0.09290482828282828 0.053585227272727326 -0.06945194270685576
v 0.09175160544411104 0.053585227272727326 0.06015709595959595
v 0.09290482828282828 0.053585227272727326 0.05845664360569651
v 0.09290482828282828 0.04590470043812302 0.06015709595959595
v 0.10383480808080815 0.053585227272727326 -0.061170980842697974
v 0.1018965856133645 0.053585227272727326 0.045163782828282886
v 0.10383480808080815 0.053585227272727326 0.04231974775348426
v 0.10383480808080815 0.046996073066714245 0.045163782828282886
v 0.10550773641237206 0.053585227272727326 -0.05978940909090906
v 0.1147647878787879 0.053585227272727326 -0.04977902530245828
v 0.11185196683944967 0.053585227272727326 0.030170469696969824
v 0.1147647878787879 0.053585227272727326 0.025538357309143188
v 0.11978944559111203 0.053585227272727326 -0.04479609595959591
v 0.12569476767676777 0.053585227272727326 -0.034747037573464735
v 0.12057948368727868 0.053585227272727326 0.015177156565656593
v 0.12569476767676777 0.053585227272727326 0.004894759894034725
v 0.12923725696189017 0.053585227272727326 -0.02980278282828276
v 0.1366247474747475 0.04718294668817627 -0.02980278282828276
v 0.13149892579969297 0.053585227272727326 -0.0148094696969697
v 0.1366247474747475 0.048233554359905194 -0.0148094696969697
v 0.12782530162106176 0.053585227272727326 0.000183843434343447
v -0.12582837240324368 0.06156104545454547 -0.02980278282828276
v -0.12569476767676765 0.06156104545454547 -0.0299897401195365
v -0.1290678505569346 0.06156104545454547 -0.0148094696969697
v -0.12646629002099566 0.06156104545454547 0.000183843434343447
v -0.12569476767676765 0.06156104545454547 0.002110619664259286
v -0.11688089260922706 0.06156104545454547 -0.04479609595959591
v -0.11476478787878784 0.06156104545454547 -0.04699853144444157
v -0.11970450128763663 0.06156104545454547 0.015177156565656593
v -0.11476478787878784 0.06156104545454547 0.024045003368248385
v -0.10383480808080803 0.05978905840801385 -0.05978940909090906
v -0.10383480808080803 0.06156104545454547 -0.05933330080812219
v -0.11100695296665605 0.06156104545454547 0.030170469696969824
v -0.10383480808080803 0.06156104545454547 0.04107053836716042
v -0.10346002704252115 0.06156104545454547 -0.05978940909090906
v -0.09290482828282823 0.06156104545454547 -0.06872220703336301
v -0.10107882106647774 0.06156104545454547 0.045163782828282886
v -0.09290482828282823 0.06156104545454547 0.058322766013373564
v -0.08278594407162032 0.06156104545454547 -0.07478272222222221
v -0.08197484848484847 0.06156104545454547 -0.07535327656785579
v -0.08197484848484847 0.05945597478906558 -0.07478272222222221
v -0.0918404241678843 0.06156104545454547 0.06015709595959595
v -0.08259328804707458 0.06156104545454547 0.07515040909090918
v -0.08197484848484847 0.057081250967519245 0.07515040909090918
v -0.08197484848484847 0.06156104545454547 0.07618375062314366
v -0.07104486868686867 0.06156104545454547 -0.081881839371172
v -0.07521268080821317 0.06156104545454547 0.09014372222222225
v -0.07104486868686867 0.06156104545454547 0.09645170408914053
v -0.06011488888888886 0.06156104545454547 -0.08767173803599747
v -0.06624019574257133 0.06156104545454547 0.10513703535353548
v -0.06011488888888886 0.06156104545454547 0.11282749503309378
v -0.05628120358912009 0.06156104545454547 -0.08977603535353536
v -0.04918490909090905 0.06156104545454547 -0.09637006852672167
v -0.05484075263159892 0.06156104545454547 0.12013034848484853
v -0.04918490909090905 0.0570456969322644 0.12013034848484853
v -0.04918490909090905 0.06156104545454547 0.1252901487570067
v -0.038764429496437394 0.06156104545454547 -0.1047693484848485
v -0.03825492929292924 0.06156104545454547 -0.10518721093192522
v -0.03825492929292924 0.06156104545454547 0.1333559141067239
v -0.02732494949494943 0.057220293248454165 -0.14974928787878786
v -0.02732494949494943 0.05652756915325284 -0.13475597474747472
v -0.02732494949494943 0.06156104545454547 -0.11446877997519221
v -0.035205999222084 0.06156104545454547 0.1351236616161616
v -0.02732494949494943 0.05987413395153403 0.1351236616161616
v -0.02732494949494943 0.06156104545454547 0.1379625807009608
v -0.018833973411387105 0.06156104545454547 -0.14974928787878786
v -0.016394969696969682 0.06156104545454547 -0.15251788204239822
v -0.02081785452121062 0.06156104545454547 -0.13475597474747472
v -0.02133952910886546 0.06156104545454547 -0.11976266161616156
v -0.016394969696969682 0.05914544299692539 0.1351236616161616
v -0.016394969696969682 0.06156104545454547 0.14026151140347623
v -0.005464989898989875 0.06156104545454547 -0.15381926484521583
v -0.005464989898989875 0.058851831444416115 0.1351236616161616
v -0.005464989898989875 0.06156104545454547 0.14214461951865243
v 0.0054649898989899345 0.06156104545454547 -0.1517631905873524
v 0.0054649898989899345 0.05882819086884787 0.1351236616161616
v 0.0054649898989899345 0.06156104545454547 0.14230519745367237
v 0.011622791162472036 0.06156104545454547 -0.14974928787878786
v 0.016394969696969804 0.061006041937765085 -0.14974928787878786
v 0.016394969696969804 0.06156104545454547 -0.14517802232627547
v 0.016394969696969804 0.05887449103953232 0.1351236616161616
v 0.016394969696969804 0.06156104545454547 0.14153078985126397
v 0.02732494949494955 0.054626333056902454 -0.14974928787878786
v 0.01894621714856428 0.06156104545454547 -0.13475597474747472
v 0.01959015810797024 0.06156104545454547 -0.11976266161616156
v 0.02732494949494955 0.06156104545454547 -0.11359187426021672
v 0.02732494949494955 0.059046445452632 0.1351236616161616
v 0.02732494949494955 0.06156104545454547 0.14041023907080358
v 0.0382549292929293 0.06156104545454547 -0.10642295333536947
v 0.03761624231892223 0.06156104545454547 0.1351236616161616
v 0.0382549292929293 0.06156104545454547 0.13465308836881212
v 0.040604810939768816 0.06156104545454547 -0.1047693484848485
v 0.04918490909090917 0.06156104545454547 -0.09848815007623092
v 0.04918490909090917 0.0575885817573463 0.12013034848484853
v 0.04918490909090917 0.06156104545454547 0.12454794163017992
v 0.059319269707408834 0.06156104545454547 -0.08977603535353536
v 0.06011488888888892 0.06156104545454547 -0.08933742023054649
v 0.06011488888888892 0.056003389502393086 0.10513703535353548
v 0.052992019845454263 0.06156104545454547 0.12013034848484853
v 0.06011488888888892 0.06156104545454547 0.10897364112644098
v 0.07104486868686878 0.06156104545454547 -0.0829696970652973
v 0.07104486868686878 0.058237727212478226 0.09014372222222225
v 0.06290824591697453 0.06156104545454547 0.10513703535353548
v 0.07104486868686878 0.06156104545454547 0.0910553173142071
v 0.08197484848484854 0.06156104545454547 -0.07581716571282428
v 0.08197484848484854 0.05689977836154369 -0.07478272222222221
v 0.08044699862905443 0.06156104545454547 0.07515040909090918
v 0.08197484848484854 0.06156104545454547 0.07222874585926105
v 0.0716827441928273 0.06156104545454547 0.09014372222222225
v 0.08341689201165532 0.06156104545454547 -0.07478272222222221
v 0.09290482828282828 0.06156104545454547 -0.06887855916545042
v 0.09002881307796932 0.06156104545454547 0.06015709595959595
v 0.09290482828282828 0.06156104545454547 0.055397559754040746
v 0.10321420295984386 0.06156104545454547 -0.05978940909090906
v 0.10383480808080815 0.05928454405415525 -0.05978940909090906
v 0.10383480808080815 0.06156104545454547 -0.05898270533451295
v 0.09911828543308383 0.06156104545454547 0.045163782828282886
v 0.10383480808080815 0.06156104545454547 0.03739322038407366
v 0.1147647878787879 0.06156104545454547 -0.045371020282933765
v 0.10809647222947094 0.06156104545454547 0.030170469696969824
v 0.1147647878787879 0.06156104545454547 0.017730087465671885
v 0.11525514621452587 0.06156104545454547 -0.04479609595959591
v 0.12288383013829501 0.06156104545454547 -0.02980278282828276
v 0.12569476767676777 0.057887154783355196 -0.02980278282828276
v 0.12518686167655171 0.06156104545454547 -0.0148094696969697
v 0.12569476767676777 0.06091041980631666 -0.0148094696969697
v 0.12244625578404174 0.06156104545454547 0.000183843434343447
v 0.12569476767676777 0.0567415436892785 0.000183843434343447
v 0.11604330922874134 0.06156104545454547 0.015177156565656593
v -0.12569476767676765 0.061741081860084944 -0.02980278282828276
v -0.12569476767676765 0.06579596440027603 -0.0148094696969697
v -0.12569476767676765 0.06264210988320494 0.000183843434343447
v -0.11476478787878784 0.06536146627035126 -0.04479609595959591
v -0.1200659652629888 0.06953686363636362 -0.02980278282828276
v -0.11476478787878784 0.06953686363636362 -0.0397173208849942
v -0.12270934966298479 0.06953686363636362 -0.0148094696969697
v -0.12067710893319886 0.06953686363636362 0.000183843434343447
v -0.11554566914896464 0.06953686363636362 0.015177156565656593
v -0.11476478787878784 0.06953686363636362 0.016678597304115545
v -0.11253568042755874 0.06953686363636362 -0.04479609595959591
v -0.10383480808080803 0.06953686363636362 -0.05564220027746346
v -0.10711593184131858 0.06953686363636362 0.030170469696969824
v -0.10383480808080803 0.06953686363636362 0.035875200780963325
v -0.1006026159444672 0.06953686363636362 -0.05978940909090906
v -0.09290482828282823 0.06953686363636362 -0.0668053677701884
v -0.09844073232481337 0.06953686363636362 0.045163782828282886
v -0.09290482828282823 0.06953686363636362 0.05545697886121761
v -0.08197484848484847 0.06860256407865026 -0.07478272222222221
v -0.08197484848484847 0.06953686363636362 -0.07471326650221802
v -0.09059699957051078 0.06953686363636362 0.06015709595959595
v -0.08287050320562218 0.06953686363636362 0.07515040909090918
v -0.08197484848484847 0.06953686363636362 0.07700279084400927
v -0.08185412764750642 0.06953686363636362 -0.07478272222222221
v -0.07104486868686867 0.06953686363636362 -0.0819534072184898
v -0.07681712510270301 0.06953686363636362 0.09014372222222225
v -0.07104486868686867 0.06953686363636362 0.10073891663154212
v -0.06011488888888886 0.06953686363636362 -0.08775353776382974
v -0.06916064394539281 0.06953686363636362 0.10513703535353548
v -0.06011488888888886 0.06953686363636362 0.11978392282301593
v -0.05599709024913343 0.06953686363636362 -0.08977603535353536
v -0.04918490909090905 0.06953686363636362 -0.0948387285396567
v -0.05993968679522921 0.06953686363636362 0.12013034848484853
v -0.04918490909090905 0.06953686363636362 0.13374730459676523
v -0.03825492929292924 0.06278506244387272 -0.1047693484848485
v -0.03825492929292924 0.06953686363636362 -0.10233599543277234
v -0.04813598006264023 0.06953686363636362 0.1351236616161616
v -0.03825492929292924 0.06318300743213784 0.1351236616161616
v -0.03825492929292924 0.06953686363636362 0.14295693513783786
v -0.03452647557020232 0.06953686363636362 -0.1047693484848485
v -0.02732494949494943 0.06953686363636362 -0.11121059537630823
v -0.02732494949494943 0.06953686363636362 0.14799970042836127
v -0.016394969696969682 0.0628910471875541 -0.14974928787878786
v -0.016394969696969682 0.06535559042535997 -0.13475597474747472
v -0.016394969696969682 0.0692046843187732 -0.11976266161616156
v -0.016394969696969682 0.06953686363636362 -0.11951335686074212
v -0.016394969696969682 0.06953686363636362 0.15006674085411983
v -0.005464989898989875 0.06402453677552726 -0.14974928787878786
v -0.005464989898989875 0.06807550056848721 -0.13475597474747472
v -0.015814432384152144 0.06953686363636362 -0.11976266161616156
v -0.005464989898989875 0.06953686363636362 -0.129310973581651
v -0.016160115723326762 0.06953686363636362 0.15011697474747485
v -0.005464989898989875 0.06908481518078935 0.15011697474747485
v -0.005464989898989875 0.06953686363636362 0.1509720269396379
v 0.0054649898989899345 0.06283501920265615 -0.14974928787878786
v 0.0054649898989899345 0.06785495421333525 -0.13475597474747472
v 0.0054649898989899345 0.06953686363636362 -0.12892778465477941
v 0.0054649898989899345 0.0688667131297134 0.15011697474747485
v 0.0054649898989899345 0.06953686363636362 0.15261337447303913
v 0.016394969696969804 0.06409374122191006 -0.13475597474747472
v 0.013842574401097504 0.06953686363636362 -0.11976266161616156
v 0.016394969696969804 0.06748794079162262 -0.11976266161616156
v 0.016394969696969804 0.06953686363636362 -0.11853942335243105
v 0.016394969696969804 0.06786120925277613 0.15011697474747485
v 0.016394969696969804 0.06953686363636362 0.15424461817155477
v 0.02732494949494955 0.06953686363636362 -0.11092288586923559
v 0.02732494949494955 0.06777728115043197 0.15011697474747485
v 0.02732494949494955 0.06953686363636362 0.15759942726787246
v 0.036241196868216134 0.06953686363636362 -0.1047693484848485
v 0.0382549292929293 0.06671121208911851 -0.1047693484848485
v 0.0382549292929293 0.06953686363636362 -0.10371238749389115
v 0.0382549292929293 0.06201130235734453 0.1351236616161616
v 0.034853845463508046 0.06953686363636362 0.15011697474747485
v 0.0382549292929293 0.06953686363636362 0.1473496811037181
v 0.04918490909090917 0.06953686363636362 -0.09630607593118629
v 0.046886471682100056 0.06953686363636362 0.1351236616161616
v 0.04918490909090917 0.06953686363636362 0.13119336933605588
v 0.05859172309109331 0.06953686363636362 -0.08977603535353536
v 0.06011488888888892 0.06953686363636362 -0.0890375617559617
v 0.05623530716131208 0.06953686363636362 0.12013034848484853
v 0.06011488888888892 0.06953686363636362 0.11203361515787974
v 0.07104486868686878 0.06953686363636362 -0.08259948566023109
v 0.0642827191966566 0.06953686363636362 0.10513703535353548
v 0.07104486868686878 0.06953686363636362 0.09108283752327014
v 0.08197484848484854 0.06953686363636362 -0.07494925020809474
v 0.07921184929100296 0.06953686363636362 0.07515040909090918
v 0.08197484848484854 0.06953686363636362 0.06932825113222875
v 0.07161695983834482 0.06953686363636362 0.09014372222222225
v 0.0821862480858729 0.06953686363636362 -0.07478272222222221
v 0.09290482828282828 0.06953686363636362 -0.0665651179232026
v 0.08710930413297617 0.06953686363636362 0.06015709595959595
v 0.09290482828282828 0.06953686363636362 0.04979025408133296
v 0.0999630084410568 0.06953686363636362 -0.05978940909090906
v 0.10383480808080815 0.06953686363636362 -0.05444045816078402
v 0.10379420626601359 0.06953686363636362 0.030170469696969824
v 0.10383480808080815 0.06953686363636362 0.03009454065949362
v 0.10383480808080815 0.06946148874989039 0.030170469696969824
v 0.09576659412616868 0.06953686363636362 0.045163782828282886
v 0.11093362392768422 0.06953686363636362 -0.04479609595959591
v 0.1147647878787879 0.06244995595543235 -0.04479609595959591
v 0.1147647878787879 0.06953686363636362 -0.035311431020384434
v 0.1114542271648512 0.06953686363636362 0.015177156565656593
v 0.1147647878787879 0.06953686363636362 0.006505235613105216
v 0.1147647878787879 0.06381647071616492 0.015177156565656593
v 0.11737696691963141 0.06953686363636362 -0.02980278282828276
v 0.11936768880850786 0.06953686363636362 -0.0148094696969697
v 0.11693946451754322 0.06953686363636362 0.000183843434343447
v -0.11476478787878784 0.07658940869708547 -0.02980278282828276
v -0.11641402920234181 0.07751268181818186 -0.0148094696969697
v -0.11476478787878784 0.07751268181818186 -0.024657400737917595
v -0.11476478787878784 0.07751268181818186 -0.0004884557371713219
v -0.11476478787878784 0.07740470781314664 0.000183843434343447
v -0.11476478787878784 0.07070853742395901 0.015177156565656593
v -0.10753479283182982 0.07751268181818186 -0.04479609595959591
v -0.10383480808080803 0.07751268181818186 -0.04969508599984427
v -0.1140581489918492 0.07751268181818186 -0.02980278282828276
v -0.11468245373842027 0.07751268181818186 0.000183843434343447
v -0.11009845374640677 0.07751268181818186 0.015177156565656593
v -0.10383480808080803 0.07751268181818186 0.02798317526651675
v -0.10383480808080803 0.07546508120513234 0.030170469696969824
v -0.09635951525111494 0.07751268181818186 -0.05978940909090906
v -0.09290482828282823 0.07751268181818186 -0.0631699481486557
v -0.10269829950742178 0.07751268181818186 0.030170469696969824
v -0.09520586183336832 0.07751268181818186 0.045163782828282886
v -0.09290482828282823 0.07751268181818186 0.05004353049603305
v -0.08197484848484847 0.07751268181818186 -0.07235871657724989
v -0.08863233928116993 0.07751268181818186 0.06015709595959595
v -0.08284590927372275 0.07751268181818186 0.07515040909090918
v -0.08197484848484847 0.07751268181818186 0.07712548114191882
v -0.07838958709111073 0.07751268181818186 -0.07478272222222221
v -0.07104486868686867 0.07751268181818186 -0.07999723106055935
v -0.07702555186996077 0.07751268181818186 0.09014372222222225
v -0.07104486868686867 0.07751268181818186 0.10366541660366739
v -0.06011488888888886 0.07751268181818186 -0.08628962324019607
v -0.07053930831763448 0.07751268181818186 0.10513703535353548
v -0.06336067313360301 0.07751268181818186 0.12013034848484853
v -0.06011488888888886 0.07006290699197154 0.12013034848484853
v -0.06011488888888886 0.07751268181818186 0.1253138816319199
v -0.05321404430348447 0.07751268181818186 -0.08977603535353536
v -0.04918490909090905 0.07751268181818186 -0.09255269106707992
v -0.05474179150564859 0.07751268181818186 0.1351236616161616
v -0.04918490909090905 0.0709956770851743 0.1351236616161616
v -0.04918490909090905 0.07751268181818186 0.14170578375516993
v -0.03825492929292924 0.07751268181818186 -0.09936685233696604
v -0.041973546579442925 0.07751268181818186 0.15011697474747485
v -0.03825492929292924 0.07548062378168206 0.15011697474747485
v -0.03825492929292924 0.07751268181818186 0.15302174502631538
v -0.02870293555159875 0.07751268181818186 -0.1047693484848485
v -0.02732494949494943 0.07751268181818186 -0.10585610765629472
v -0.02732494949494943 0.07129150051335709 0.15011697474747485
v -0.02732494949494943 0.07751268181818186 0.16217487910470704
v -0.016394969696969682 0.07751268181818186 -0.11271348811176247
v -0.016394969696969682 0.06957961957366797 0.15011697474747485
v -0.025855820383152282 0.07751268181818186 0.1651102878787879
v -0.016394969696969682 0.07578266874659714 0.1651102878787879
v -0.016394969696969682 0.07751268181818186 0.1737184161245403
v -0.005464989898989875 0.07428733639058464 -0.11976266161616156
v -0.005464989898989875 0.07751268181818186 -0.11653229946191791
v -0.005464989898989875 0.07379203874051889 0.1651102878787879
v -0.01127577894855524 0.07751268181818186 0.18010360101010112
v -0.005464989898989875 0.07547963969658474 0.18010360101010112
v -0.005464989898989875 0.07751268181818186 0.18500124075240637
v 0.0054649898989899345 0.07398970981627619 -0.11976266161616156
v 0.0054649898989899345 0.07751268181818186 -0.11633349288774504
v 0.0054649898989899345 0.07377043628074953 0.1651102878787879
v 0.0054649898989899345 0.07490944918698941 0.18010360101010112
v 0.0054649898989899345 0.07751268181818186 0.18590343906263054
v 0.016394969696969804 0.07751268181818186 -0.11254748572337626
v 0.016394969696969804 0.07298693197360927 0.1651102878787879
v 0.016394969696969804 0.07469794461167642 0.18010360101010112
v 0.016394969696969804 0.07751268181818186 0.1877973820901372
v 0.02732494949494955 0.07751268181818186 -0.10643156240644189
v 0.02732494949494955 0.07104630184226128 0.1651102878787879
v 0.02732494949494955 0.07166253158749214 0.18010360101010112
v 0.024796936855189706 0.07751268181818186 0.1950969141414142
v 0.02732494949494955 0.07565760022505215 0.1950969141414142
v 0.02732494949494955 0.07751268181818186 0.19891500176973217
v 0.02971266843903619 0.07751268181818186 -0.1047693484848485
v 0.0382549292929293 0.07751268181818186 -0.1002677365592833
v 0.0382549292929293 0.07145089102319212 0.15011697474747485
v 0.0382549292929293 0.07296902823814844 0.1651102878787879
v 0.0382549292929293 0.07197804685970763 0.18010360101010112
v 0.0382549292929293 0.07407109724656204 0.1950969141414142
v 0.0382549292929293 0.07751268181818186 0.20278505473949943
v 0.04918490909090917 0.07751268181818186 -0.0939549698366862
v 0.04918490909090917 0.07738986578282141 0.1351236616161616
v 0.044194578099222906 0.07751268181818186 0.15011697474747485
v 0.04918490909090917 0.07751268181818186 0.13522662362973698
v 0.044481119839470416 0.07751268181818186 0.1651102878787879
v 0.047924744949155884 0.07751268181818186 0.18010360101010112
v 0.046986118383783276 0.07751268181818186 0.1950969141414142
v 0.05528186288548292 0.07751268181818186 -0.08977603535353536
v 0.06011488888888892 0.07751268181818186 -0.08715672048037318
v 0.05685191961309094 0.07751268181818186 0.12013034848484853
v 0.06011488888888892 0.07751268181818186 0.11207436669921339
v 0.04922651274401928 0.07751268181818186 0.1351236616161616
v 0.07104486868686878 0.07751268181818186 -0.08022843473685332
v 0.07032653436493545 0.07751268181818186 0.09014372222222225
v 0.07104486868686878 0.07751268181818186 0.08810449775283453
v 0.07104486868686878 0.07258692350979118 0.09014372222222225
v 0.06383245067042466 0.07751268181818186 0.10513703535353548
v 0.07834882754562547 0.07751268181818186 -0.07478272222222221
v 0.08197484848484854 0.07005752083816265 -0.07478272222222221
v 0.08197484848484854 0.07751268181818186 -0.07219093309058218
v 0.07719924097051428 0.07751268181818186 0.07515040909090918
v 0.08197484848484854 0.07751268181818186 0.06401519949046282
v 0.09290482828282828 0.07751268181818186 -0.06238632263336968
v 0.09180657128404969 0.07751268181818186 0.045163782828282886
v 0.09290482828282828 0.07751268181818186 0.04279838140373463
v 0.09290482828282828 0.07523553032219085 0.045163782828282886
v 0.0838749953735301 0.07751268181818186 0.06015709595959595
v 0.09540650403545993 0.07751268181818186 -0.05978940909090906
v 0.10383480808080815 0.07751268181818186 -0.047449783355435024
v 0.09910047715862147 0.07751268181818186 0.030170469696969824
v 0.10383480808080815 0.07751268181818186 0.0200074149450822
v 0.10566640839466396 0.07751268181818186 -0.04479609595959591
v 0.11168379298185864 0.07751268181818186 -0.02980278282828276
v 0.1147647878787879 0.07326561986640939 -0.02980278282828276
v 0.11328605724266498 0.07751268181818186 -0.0148094696969697
v 0.1147647878787879 0.07561440171484593 -0.0148094696969697
v 0.11115228095668339 0.07751268181818186 0.000183843434343447
v 0.1147647878787879 0.07258550644880013 0.000183843434343447
v 0.10599228912678837 0.07751268181818186 0.015177156565656593
v -0.11476478787878784 0.07958863260547026 -0.0148094696969697
v -0.10383480808080803 0.0826645350197076 -0.04479609595959591
v -0.10771062324169459 0.0854885 -0.02980278282828276
v -0.10383480808080803 0.0854885 -0.0389554381314549
v -0.10989543427791579 0.0854885 -0.0148094696969697
v -0.10857325954549173 0.0854885 0.000183843434343447
v -0.1041047308521649 0.0854885 0.015177156565656593
v -0.10383480808080803 0.0854885 0.01587342087619298
v -0.09290482828282823 0.08260914872515787 -0.05978940909090906
v -0.10159014879592992 0.0854885 -0.04479609595959591
v -0.09290482828282823 0.0854885 -0.056755765751792774
v -0.09804771113836488 0.0854885 0.030170469696969824
v -0.09290482828282823 0.0854885 0.04161586029672801
v -0.09290482828282823 0.08225330420726021 0.045163782828282886
v -0.0905531279104719 0.0854885 -0.05978940909090906
v -0.08197484848484847 0.0854885 -0.06777223550891667
v -0.09138050831943496 0.0854885 0.045163782828282886
v -0.08599250519550712 0.0854885 0.06015709595959595
v -0.08197484848484847 0.0854885 0.07194793771095552
v -0.08197484848484847 0.08127727805508562 0.07515040909090918
v -0.07279129941270293 0.0854885 -0.07478272222222221
v -0.07104486868686867 0.0854885 -0.07609709754079087
v -0.08108572564924753 0.0854885 0.07515040909090918
v -0.07611108539952967 0.0854885 0.09014372222222225
v -0.07104486868686867 0.0854885 0.103608654527104
v -0.06011488888888886 0.0854885 -0.0831165220175464
v -0.07057523656005521 0.0854885 0.10513703535353548
v -0.06517111155558335 0.0854885 0.12013034848484853
v -0.06011488888888886 0.0854885 0.1309096185086623
v -0.04918490909090905 0.0836459390776206 -0.08977603535353536
v -0.04918490909090905 0.0854885 -0.0890122426614266
v -0.05848847950401625 0.0854885 0.1351236616161616
v -0.050217300750844324 0.0854885 0.15011697474747485
v -0.04918490909090905 0.08453217649723603 0.15011697474747485
v -0.04918490909090905 0.0854885 0.15130197025228975
v -0.0475371926804684 0.0854885 -0.08977603535353536
v -0.03825492929292924 0.0854885 -0.09526890923816138
v -0.03968030997144493 0.0854885 0.1651102878787879
v -0.03825492929292924 0.08469201450748276 0.1651102878787879
v -0.03825492929292924 0.0854885 0.16593026230049113
v -0.02732494949494943 0.07905222626241233 -0.1047693484848485
v -0.02732494949494943 0.0854885 -0.10095217324001673
v -0.02732494949494943 0.07879206482434063 0.1651102878787879
v -0.02732494949494943 0.0854885 0.17640122714692996
v -0.018357550875285275 0.0854885 -0.1047693484848485
v -0.016394969696969682 0.0854885 -0.10587368693860551
v -0.0261703451811949 0.0854885 0.18010360101010112
v -0.016394969696969682 0.07948591950376803 0.18010360101010112
v -0.016394969696969682 0.0854885 0.18381823757067056
v -0.005464989898989875 0.0854885 -0.10839216458763963
v -0.005464989898989875 0.0854885 0.1869346390787004
v 0.0054649898989899345 0.0854885 -0.10840274492558535
v 0.0054649898989899345 0.0854885 0.1900929720565357
v 0.016394969696969804 0.0854885 -0.10548854827935378
v 0.016394969696969804 0.0854885 0.19259516581566244
v 0.01792846506564487 0.0854885 -0.1047693484848485
v 0.02732494949494955 0.07994239397882252 -0.1047693484848485
v 0.02732494949494955 0.0854885 -0.10142847401979702
v 0.01954098525827647 0.0854885 0.1950969141414142
v 0.024010532132888913 0.0854885 0.21009022727272741
v 0.02732494949494955 0.08287318887802023 0.21009022727272741
v 0.02732494949494955 0.0854885 0.21320642981023785
v 0.0382549292929293 0.0854885 -0.09597021540840159
v 0.0382549292929293 0.08045417139256077 0.21009022727272741
v 0.0382549292929293 0.0854885 0.21675490668527242
v 0.04913854517840478 0.0854885 -0.08977603535353536
v 0.04918490909090917 0.08544685786513145 -0.08977603535353536
v 0.04918490909090917 0.0854885 -0.08975439474987361
v 0.04890208681049031 0.0854885 0.1351236616161616
v 0.04918490909090917 0.0854885 0.1342437532872546
v 0.04918490909090917 0.07821565917773013 0.1351236616161616
v 0.0458011602901776 0.0854885 0.15011697474747485
v 0.04809355516440694 0.0854885 0.1651102878787879
v 0.04918490909090917 0.0854885 0.1680154868971265
v 0.04918490909090917 0.07884274921963866 0.18010360101010112
v 0.04918490909090917 0.07860042289966195 0.1950969141414142
v 0.04918490909090917 0.08455017717324707 0.21009022727272741
v 0.04918490909090917 0.0854885 0.21126663850185987
v 0.06011488888888892 0.0854885 -0.08340057637573678
v 0.055488295399689795 0.0854885 0.12013034848484853
v 0.06011488888888892 0.0854885 0.1081976563471591
v 0.05345395343854429 0.0854885 0.18010360101010112
v 0.05552988887905979 0.0854885 0.1950969141414142
v 0.05036081922970651 0.0854885 0.21009022727272741
v 0.07104486868686878 0.0854885 -0.07588749683261636
v 0.0679907215857758 0.0854885 0.09014372222222225
v 0.07104486868686878 0.0854885 0.08165104807135934
v 0.061698435681552304 0.0854885 0.10513703535353548
v 0.07245023074029586 0.0854885 -0.07478272222222221
v 0.08197484848484854 0.0854885 -0.06701809844627821
v 0.08001069055875706 0.0854885 0.06015709595959595
v 0.08197484848484854 0.0854885 0.05573623156493919
v 0.08197484848484854 0.08133592617923525 0.06015709595959595
v 0.07406972100871012 0.0854885 0.07515040909090918
v 0.08932183809089576 0.0854885 -0.05978940909090906
v 0.09290482828282828 0.08116079080734563 -0.05978940909090906
v 0.09290482828282828 0.0854885 -0.05491723902515469
v 0.08736141197867832 0.0854885 0.045163782828282886
v 0.09290482828282828 0.0854885 0.031900940507015724
v 0.0996704765021671 0.0854885 -0.04479609595959591
v 0.10383480808080815 0.08009091888243974 -0.04479609595959591
v 0.10383480808080815 0.0854885 -0.03335416660988448
v 0.09990765652598999 0.0854885 0.015177156565656593
v 0.10383480808080815 0.0854885 0.003158200622588026
v 0.10383480808080815 0.08041512702189402 0.015177156565656593
v 0.09366990335793263 0.0854885 0.030170469696969824
v 0.10526865264624953 0.0854885 -0.02980278282828276
v 0.10674587132360373 0.0854885 -0.0148094696969697
v 0.10474285580273429 0.0854885 0.000183843434343447
v -0.10383480808080803 0.08995315515371112 -0.02980278282828276
v -0.10383480808080803 0.09221204222371 -0.0148094696969697
v -0.10383480808080803 0.0908280997874912 0.000183843434343447
v -0.10383480808080803 0.08583194047200356 0.015177156565656593
v -0.09423328758979536 0.09346431818181823 -0.04479609595959591
v -0.09290482828282823 0.09346431818181823 -0.04665503449782784
v -0.10036155082082752 0.09346431818181823 -0.02980278282828276
v -0.10254715557823042 0.09346431818181823 -0.0148094696969697
v -0.1013025167871595 0.09346431818181823 0.000183843434343447
v -0.09750178051020018 0.09346431818181823 0.015177156565656593
v -0.09290482828282823 0.09346431818181823 0.02844863105470759
v -0.09290482828282823 0.09264369530492413 0.030170469696969824
v -0.08305224436462828 0.09346431818181823 -0.05978940909090906
v -0.08197484848484847 0.09346431818181823 -0.06084802062832907
v -0.09229587070524455 0.09346431818181823 0.030170469696969824
v -0.08717429347752531 0.09346431818181823 0.045163782828282886
v -0.08241228375076479 0.09346431818181823 0.06015709595959595
v -0.08197484848484847 0.09346431818181823 0.06148287407359278
v -0.07104486868686867 0.08755327328902869 -0.07478272222222221
v -0.07104486868686867 0.09346431818181823 -0.07023546594773514
v -0.07819908215864425 0.09346431818181823 0.07515040909090918
v -0.07421147944726328 0.09346431818181823 0.09014372222222225
v -0.07104486868686867 0.09346431818181823 0.10114846405494123
v -0.06454736397942125 0.09346431818181823 -0.07478272222222221
v -0.06011488888888886 0.09346431818181823 -0.07783641781072197
v -0.07009627043649193 0.09346431818181823 0.10513703535353548
v -0.06567323596591026 0.09346431818181823 0.12013034848484853
v -0.06080331920055278 0.09346431818181823 0.1351236616161616
v -0.06011488888888886 0.0914611135672953 0.1351236616161616
v -0.06011488888888886 0.09346431818181823 0.13699669197567113
v -0.04918490909090905 0.09346431818181823 -0.08432209105224966
v -0.05625437683694335 0.09346431818181823 0.15011697474747485
v -0.04942689719758471 0.09346431818181823 0.1651102878787879
v -0.04918490909090905 0.09329087270895581 0.1651102878787879
v -0.04918490909090905 0.09346431818181823 0.16527845971592184
v -0.03825492929292924 0.09334171472887402 -0.08977603535353536
v -0.03825492929292924 0.09346431818181823 -0.08969179784757204
v -0.03825492929292924 0.09346431818181823 0.17481666469020712
v -0.03804552647640063 0.09346431818181823 -0.08977603535353536
v -0.02732494949494943 0.09346431818181823 -0.09493172956804086
v -0.03576020591228594 0.09346431818181823 0.18010360101010112
v -0.02732494949494943 0.08714900650474397 0.18010360101010112
v -0.02732494949494943 0.09346431818181823 0.1834591002269152
v -0.016394969696969682 0.0866402231514588 -0.1047693484848485
v -0.016394969696969682 0.09346431818181823 -0.09900196308116875
v -0.016394969696969682 0.09346431818181823 0.1861230265401713
v -0.005464989898989875 0.08941205283010062 -0.1047693484848485
v -0.005464989898989875 0.09346431818181823 -0.10146640533807143
v -0.005464989898989875 0.09346431818181823 0.1888510205892077
v 0.0054649898989899345 0.08902601703252337 -0.1047693484848485
v 0.0054649898989899345 0.09346431818181823 -0.10090463203732795
v 0.0054649898989899345 0.09346431818181823 0.19420527859456654
v 0.016394969696969804 0.08628027974857301 -0.1047693484848485
v 0.016394969696969804 0.09346431818181823 -0.0989379167244994
v 0.016394969696969804 0.09346431818181823 0.19474216936265984
v 0.02732494949494955 0.09346431818181823 -0.09518425519574765
v 0.016817516127629606 0.09346431818181823 0.1950969141414142
v 0.01740300133873371 0.09346431818181823 0.21009022727272741
v 0.02732494949494955 0.09346431818181823 0.22164929590707977
v 0.0382549292929293 0.09346431818181823 -0.0900317958745979
v 0.0382549292929293 0.09346431818181823 0.22384674758758275
v 0.03869506504075295 0.09346431818181823 -0.08977603535353536
v 0.04918490909090917 0.09346431818181823 -0.08435972575168037
v 0.046323979387922314 0.09346431818181823 0.1351236616161616
v 0.04918490909090917 0.09346431818181823 0.1264169285724353
v 0.04374633491078608 0.09346431818181823 0.15011697474747485
v 0.047375045130413636 0.09346431818181823 0.1651102878787879
v 0.04918490909090917 0.09346431818181823 0.16875875797766537
v 0.04918490909090917 0.09346431818181823 0.21925588035811217
v 0.06011488888888892 0.09346431818181823 -0.07754229445965462
v 0.05830906764923802 0.09346431818181823 0.10513703535353548
v 0.06011488888888892 0.09346431818181823 0.09961228054639758
v 0.06011488888888892 0.08887404773536987 0.10513703535353548
v 0.05214151125977257 0.09346431818181823 0.12013034848484853
v 0.0542551546532322 0.09346431818181823 0.18010360101010112
v 0.05782974961017324 0.09346431818181823 0.1950969141414142
v 0.056864665982600954 0.09346431818181823 0.21009022727272741
v 0.06397318872131813 0.09346431818181823 -0.07478272222222221
v 0.07104486868686878 0.08712621699195332 -0.07478272222222221
v 0.07104486868686878 0.09346431818181823 -0.06960536270184044
v 0.069749677348624 0.09346431818181823 0.07515040909090918
v 0.07104486868686878 0.09346431818181823 0.07093136985667316
v 0.07104486868686878 0.0909182306113742 0.07515040909090918
v 0.06425291997668249 0.09346431818181823 0.09014372222222225
v 0.08156619386821574 0.09346431818181823 -0.05978940909090906
v 0.08197484848484854 0.09311963422557419 -0.05978940909090906
v 0.08197484848484854 0.09346431818181823 -0.059262360029088676
v 0.07522639807356193 0.09346431818181823 0.06015709595959595
v 0.08197484848484854 0.09346431818181823 0.045204980051989044
v 0.09218683220213367 0.09346431818181823 -0.04479609595959591
v 0.09290482828282828 0.09283243769294211 -0.04479609595959591
v 0.09290482828282828 0.09346431818181823 -0.04283623187246514
v 0.08754324710611126 0.09346431818181823 0.030170469696969824
v 0.09290482828282828 0.09346431818181823 0.015502712254143115
v 0.09290482828282828 0.08650859855120087 0.030170469696969824
v 0.08199572445245813 0.09346431818181823 0.045163782828282886
v 0.09775181829582316 0.09346431818181823 -0.02980278282828276
v 0.10383480808080815 0.08716451191307624 -0.02980278282828276
v 0.09925733195020126 0.09346431818181823 -0.0148094696969697
v 0.10383480808080815 0.08879832171299493 -0.0148094696969697
v 0.09746277944839007 0.09346431818181823 0.000183843434343447
v 0.10383480808080815 0.0865507959007285 0.000183843434343447
v 0.09302335351553898 0.09346431818181823 0.015177156565656593
v -0.09290482828282823 0.09483308860294236 -0.04479609595959591
v -0.09290482828282823 0.10042499172988596 -0.02980278282828276
v -0.09403391909210268 0.10144013636363639 -0.0148094696969697
v -0.09290482828282823 0.10144013636363639 -0.02167056753639479
v -0.09320537236734115 0.10144013636363639 0.000183843434343447
v -0.09290482828282823 0.10144013636363639 0.0016818062030566246
v -0.09290482828282823 0.0985275997151665 0.015177156565656593
v -0.08197484848484847 0.09455115444498809 -0.05978940909090906
v -0.08520286745590414 0.10144013636363639 -0.04479609595959591
v -0.08197484848484847 0.10144013636363639 -0.04917915222878007
v -0.09161103988844835 0.10144013636363639 -0.02980278282828276
v -0.09003987913355115 0.10144013636363639 0.015177156565656593
v -0.08580072513248403 0.10144013636363639 0.030170469696969824
v -0.08197484848484847 0.10144013636363639 0.04474656299669
v -0.08197484848484847 0.1012941838698149 0.045163782828282886
v -0.08197484848484847 0.09429243974121622 0.06015709595959595
v -0.07333261285490457 0.10144013636363639 -0.05978940909090906
v -0.07104486868686867 0.10144013636363639 -0.06187851244475323
v -0.08187304242986461 0.10144013636363639 0.045163782828282886
v -0.07830013447332522 0.10144013636363639 0.06015709595959595
v -0.0744851946572352 0.10144013636363639 0.07515040909090918
v -0.07129641345486881 0.10144013636363639 0.09014372222222225
v -0.07104486868686867 0.10144013636363639 0.09120912864629313
v -0.06011488888888886 0.09711547548799465 -0.07478272222222221
v -0.06011488888888886 0.10144013636363639 -0.07031774374290164
v -0.06832406118112724 0.10144013636363639 0.10513703535353548
v -0.06512820807951175 0.10144013636363639 0.12013034848484853
v -0.06219004872450593 0.10144013636363639 0.1351236616161616
v -0.060147343513349896 0.10144013636363639 0.15011697474747485
v -0.06011488888888886 0.10138178270826712 0.15011697474747485
v -0.06011488888888886 0.10144013636363639 0.15035250358857505
v -0.05309422166701161 0.10144013636363639 -0.07478272222222221
v -0.04918490909090905 0.10144013636363639 -0.0772062907091191
v -0.05865249296535081 0.10144013636363639 0.1651102878787879
v -0.050429027080887194 0.10144013636363639 0.18010360101010112
v -0.04918490909090905 0.10100048504280783 0.18010360101010112
v -0.04918490909090905 0.10144013636363639 0.18031292030938997
v -0.03825492929292924 0.10144013636363639 -0.08307849698416532
v -0.03825492929292924 0.09624719648445149 0.18010360101010112
v -0.03825492929292924 0.10144013636363639 0.18222998084815734
v -0.02732494949494943 0.09909091614900936 -0.08977603535353536
v -0.02732494949494943 0.10144013636363639 -0.08756299759145567
v -0.02732494949494943 0.10144013636363639 0.1869660182182536
v -0.01996684053582063 0.10144013636363639 -0.08977603535353536
v -0.016394969696969682 0.10144013636363639 -0.090984988483269
v -0.016394969696969682 0.10144013636363639 0.18863368910724565
v -0.018462255701547754 0.10144013636363639 0.2250835404040405
v -0.016394969696969682 0.10144013636363639 0.22157397895114683
v -0.016394969696969682 0.1002578357834405 0.2250835404040405
v -0.022625981359033754 0.10144013636363639 0.24007685353535355
v -0.016394969696969682 0.09831445014899265 0.24007685353535355
v -0.019653896913530818 0.10144013636363639 0.2550701666666668
v -0.016394969696969682 0.10004098139482442 0.2550701666666668
v -0.016394969696969682 0.10144013636363639 0.2675144995852838
v -0.016801269103313872 0.10144013636363639 0.2850567929292931
v -0.016394969696969682 0.10144013636363639 0.2812074289380191
v -0.016394969696969682 0.10129041254561878 0.2850567929292931
v -0.016394969696969682 0.10144013636363639 0.28617284248418146
v -0.005464989898989875 0.10144013636363639 -0.09299855412601199
v -0.006397058500018657 0.10144013636363639 0.1950969141414142
v -0.005464989898989875 0.10069909695434776 0.1950969141414142
v -0.005464989898989875 0.10144013636363639 0.19818381205625296
v -0.011682221632701446 0.10144013636363639 0.2250835404040405
v -0.007518602445743386 0.10144013636363639 0.24007685353535355
v -0.008415806524795094 0.10144013636363639 0.2550701666666668
v -0.005464989898989875 0.10144013636363639 0.2723620441054143
v -0.005464989898989875 0.09921152010047754 0.2850567929292931
v -0.013719902364480596 0.10144013636363639 0.3000501060606061
v -0.005464989898989875 0.09750706586329559 0.3000501060606061
v -0.01230772005351067 0.10144013636363639 0.31504341919191936
v -0.005464989898989875 0.09924715538251291 0.31504341919191936
v -0.005464989898989875 0.10144013636363639 0.3283585230055416
v 0.0054649898989899345 0.10144013636363639 -0.09304870549522622
v 0.0054649898989899345 0.0941789123613085 0.1950969141414142
v 0.0027152212861004084 0.10144013636363639 0.21009022727272741
v 0.0054649898989899345 0.09836167577178148 0.21009022727272741
v 0.0054649898989899345 0.10144013636363639 0.21966322256750828
v 0.0054649898989899345 0.10144013636363639 0.27547177519845023
v 0.0054649898989899345 0.09923107453792374 0.2850567929292931
v 0.0054649898989899345 0.09994198900569974 0.3000501060606061
v 0.0054649898989899345 0.09886905468414586 0.31504341919191936
v 0.0054649898989899345 0.10144013636363639 0.32884724108373903
v 0.016394969696969804 0.10144013636363639 -0.09114736989216284
v 0.016394969696969804 0.0937122729984629 0.1950969141414142
v 0.016394969696969804 0.09393653961657691 0.21009022727272741
v 0.005991718315349662 0.10144013636363639 0.2250835404040405
v 0.016394969696969804 0.09704579271502271 0.2250835404040405
v 0.0067104803163311605 0.10144013636363639 0.24007685353535355
v 0.016394969696969804 0.09747243694026883 0.24007685353535355
v 0.010459261930227596 0.10144013636363639 0.2550701666666668
v 0.016394969696969804 0.10042526059145675 0.2550701666666668
v 0.016394969696969804 0.10144013636363639 0.2620792566929779
v 0.016394969696969804 0.10144013636363639 0.2838638271615288
v 0.016394969696969804 0.1013407601506357 0.2850567929292931
v 0.008798988282116591 0.10144013636363639 0.3000501060606061
v 0.016394969696969804 0.10144013636363639 0.2857168051187323
v 0.013218207650394168 0.10144013636363639 0.31504341919191936
v 0.019930505782649606 0.10144013636363639 -0.08977603535353536
v 0.02732494949494955 0.09897311850374584 -0.08977603535353536
v 0.02732494949494955 0.10144013636363639 -0.08724139953858254
v 0.02732494949494955 0.09645708991843972 0.2250835404040405
v 0.025227599463012368 0.10144013636363639 0.24007685353535355
v 0.02732494949494955 0.10144013636363639 0.2318689494255054
v 0.018803960520816163 0.10144013636363639 0.2550701666666668
v 0.01665710502361913 0.10144013636363639 0.2850567929292931
v 0.0382549292929293 0.09375167155311716 -0.08977603535353536
v 0.0382549292929293 0.10144013636363639 -0.08262772253618121
v 0.03776002909798062 0.10144013636363639 0.15011697474747485
v 0.0382549292929293 0.10144013636363639 0.14632081354600934
v 0.0382549292929293 0.10056969165934626 0.15011697474747485
v 0.0382549292929293 0.10144013636363639 0.15123545403940028
v 0.0382549292929293 0.09605015736502844 0.2250835404040405
v 0.0382549292929293 0.10144013636363639 0.22796215779805323
v 0.04918490909090917 0.10144013636363639 -0.07696136076117746
v 0.04698053780093578 0.10144013636363639 0.12013034848484853
v 0.04918490909090917 0.10144013636363639 0.11393110628585794
v 0.04918490909090917 0.09776575099613402 0.12013034848484853
v 0.04089882338539274 0.10144013636363639 0.1351236616161616
v 0.042710219098913635 0.10144013636363639 0.1651102878787879
v 0.04918490909090917 0.10144013636363639 0.17762989297323067
v 0.04371928568201831 0.10144013636363639 0.2250835404040405
v 0.04918490909090917 0.10144013636363639 0.22195560127033814
v 0.05251194358977621 0.10144013636363639 -0.07478272222222221
v 0.06011488888888892 0.09663736795224007 -0.07478272222222221
v 0.06011488888888892 0.10144013636363639 -0.06958600179974425
v 0.05902888340498337 0.10144013636363639 0.09014372222222225
v 0.06011488888888892 0.10144013636363639 0.08654750410457909
v 0.06011488888888892 0.09971163468654687 0.09014372222222225
v 0.053442188923229314 0.10144013636363639 0.10513703535353548
v 0.05036301495564359 0.10144013636363639 0.18010360101010112
v 0.057048689262265244 0.10144013636363639 0.1950969141414142
v 0.05857945432816455 0.10144013636363639 0.21009022727272741
v 0.07104486868686878 0.10144013636363639 -0.060670729839136295
v 0.0692698532953492 0.10144013636363639 0.06015709595959595
v 0.07104486868686878 0.10144013636363639 0.05437320486886955
v 0.07104486868686878 0.09906176969560915 0.06015709595959595
v 0.06448685718961257 0.10144013636363639 0.07515040909090918
v 0.07193194189419438 0.10144013636363639 -0.05978940909090906
v 0.08197484848484854 0.10144013636363639 -0.046362008283333166
v 0.08043384280449749 0.10144013636363639 0.030170469696969824
v 0.08197484848484854 0.10144013636363639 0.025245397175156108
v 0.08197484848484854 0.099784185124956 0.030170469696969824
v 0.07480900780573743 0.10144013636363639 0.045163782828282886
v 0.08197484848484854 0.0934917598440006 0.045163782828282886
v 0.08305580306126006 0.10144013636363639 -0.04479609595959591
v 0.08886625219476221 0.10144013636363639 -0.02980278282828276
v 0.09290482828282828 0.09813976930112044 -0.02980278282828276
v 0.09059432256375943 0.10144013636363639 -0.0148094696969697
v 0.09290482828282828 0.09953275696556363 -0.0148094696969697
v 0.08910422871666276 0.10144013636363639 0.000183843434343447
v 0.09290482828282828 0.09803661436806474 0.000183843434343447
v 0.08518199174415031 0.10144013636363639 0.015177156565656593
v 0.09290482828282828 0.0935943122858357 0.015177156565656593
v -0.09290482828282823 0.10246862648899277 -0.0148094696969697
v -0.09290482828282823 0.10172775266190934 0.000183843434343447
v -0.10111169697964228 0.10941595454545452 0.3450300454545455
v -0.09290482828282823 0.10941595454545452 0.3313199669468157
v -0.09290482828282823 0.10650977196631148 0.3450300454545455
v -0.0992613808904601 0.10941595454545452 0.3600233585858587
v -0.09290482828282823 0.1083629501437557 0.3600233585858587
v -0.09290482828282823 0.10941595454545452 0.3629033982605641
v -0.08197484848484847 0.10411399224450349 -0.04479609595959591
v -0.08197484848484847 0.10889298966066766 -0.02980278282828276
v -0.08405649867384403 0.10941595454545452 -0.0148094696969697
v -0.08197484848484847 0.10941595454545452 -0.0255975683684171
v -0.08386164308262307 0.10941595454545452 0.000183843434343447
v -0.08197484848484847 0.10941595454545452 0.01233875726622074
v -0.08197484848484847 0.10902637995167028 0.015177156565656593
v -0.08197484848484847 0.10563124685152661 0.030170469696969824
v -0.09221177619433764 0.10941595454545452 0.33003673232323244
v -0.08197484848484847 0.10941595454545452 0.3235445365281601
v -0.08197484848484847 0.10636435894378271 0.33003673232323244
v -0.08197484848484847 0.10625026163940199 0.3450300454545455
v -0.0846401802657306 0.10941595454545452 0.3600233585858587
v -0.08197484848484847 0.10941595454545452 0.3588617882442083
v -0.07104486868686867 0.1031871443872001 -0.05978940909090906
v -0.07390670970070232 0.10941595454545452 -0.04479609595959591
v -0.07104486868686867 0.10941595454545452 -0.04832526225406492
v -0.08113381257067369 0.10941595454545452 -0.02980278282828276
v -0.08151243707456937 0.10941595454545452 0.015177156565656593
v -0.07825629137730178 0.10941595454545452 0.030170469696969824
v -0.07559697968650682 0.10941595454545452 0.045163782828282886
v -0.07306197237984774 0.10941595454545452 0.06015709595959595
v -0.07104486868686867 0.10941595454545452 0.06833058081420905
v -0.07104486868686867 0.107049057765013 0.07515040909090918
v -0.07104486868686867 0.10195895888859138 0.09014372222222225
v -0.07104486868686867 0.10941595454545452 0.3187519396637126
v -0.07104486868686867 0.1068334212761685 0.33003673232323244
v -0.07104486868686867 0.10889606460205072 0.3450300454545455
v -0.07104486868686867 0.10941595454545452 0.3469303237918612
v -0.060583202049599924 0.10941595454545452 -0.05978940909090906
v -0.06011488888888886 0.10941595454545452 -0.06018518397679823
v -0.06956699750524693 0.10941595454545452 0.07515040909090918
v -0.06740729305206192 0.10941595454545452 0.09014372222222225
v -0.0652458460650244 0.10941595454545452 0.10513703535353548
v -0.06337283281290106 0.10941595454545452 0.12013034848484853
v -0.06240293672701693 0.10941595454545452 0.1351236616161616
v -0.06313233779691371 0.10941595454545452 0.15011697474747485
v -0.06529693021678627 0.10941595454545452 0.1651102878787879
v -0.06011488888888886 0.1031089809503702 0.1651102878787879
v -0.06686126111354578 0.10941595454545452 0.18010360101010112
v -0.06011488888888886 0.10471986034595634 0.18010360101010112
v -0.06011488888888886 0.10941595454545452 0.19185357694329216
v -0.06531965645331146 0.10941595454545452 0.33003673232323244
v -0.07025221971353358 0.10941595454545452 0.3450300454545455
v -0.04918490909090905 0.10381433137897486 -0.07478272222222221
v -0.04918490909090905 0.10941595454545452 -0.06765712411910574
v -0.04918490909090905 0.10941595454545452 0.19171750454707082
v -0.03825492929292924 0.10860523962973627 -0.07478272222222221
v -0.03825492929292924 0.10941595454545452 -0.07361321295062409
v -0.03825492929292924 0.10941595454545452 0.18802212388217926
v -0.03580758070715297 0.10941595454545452 -0.07478272222222221
v -0.02732494949494943 0.10941595454545452 -0.07870502236481174
v -0.0330024085805091 0.10941595454545452 0.1950969141414142
v -0.02732494949494943 0.10605132317219541 0.1950969141414142
v -0.02732494949494943 0.10941595454545452 0.1976228663578001
v -0.016394969696969682 0.10255259221809626 -0.08977603535353536
v -0.016394969696969682 0.10941595454545452 -0.08184287704738072
v -0.016394969696969682 0.10711759170754448 0.1950969141414142
v -0.016394969696969682 0.10941595454545452 0.20041255614948578
v -0.016394969696969682 0.10411960123592391 0.2250835404040405
v -0.016394969696969682 0.10775142849692405 0.24007685353535355
v -0.016394969696969682 0.10682956924596172 0.2550701666666668
v -0.016394969696969682 0.10672032102489964 0.2850567929292931
v -0.005464989898989875 0.10425092616996853 -0.08977603535353536
v -0.005464989898989875 0.10941595454545452 -0.08346415876971441
v -0.005464989898989875 0.10941595454545452 0.20465354600709454
v -0.014681837914973041 0.10941595454545452 0.2850567929292931
v -0.005464989898989875 0.10941595454545452 0.2763083214666812
v -0.01379686044887758 0.10941595454545452 0.3000501060606061
v -0.016128852449007944 0.10941595454545452 0.31504341919191936
v -0.014200232436220735 0.10941595454545452 0.33003673232323244
v -0.005464989898989875 0.1024693333952496 0.33003673232323244
v -0.007569471807480254 0.10941595454545452 0.3450300454545455
v -0.005464989898989875 0.10824099986758416 0.3450300454545455
v -0.005464989898989875 0.10941595454545452 0.34745218993313226
v 0.0054649898989899345 0.10434459889827488 -0.08977603535353536
v 0.0054649898989899345 0.10941595454545452 -0.0833212678600829
v -0.0006610375113918678 0.10941595454545452 0.21009022727272741
v 0.0054649898989899345 0.10941595454545452 0.22348390064990706
v 0.0054649898989899345 0.10941595454545452 0.28129687990721036
v 0.0054649898989899345 0.10251625854814257 0.33003673232323244
v 0.0054649898989899345 0.10814056471655578 0.3450300454545455
v 0.0054649898989899345 0.10941595454545452 0.34773623831894407
v 0.016394969696969804 0.10259176546118817 -0.08977603535353536
v 0.016394969696969804 0.10941595454545452 -0.08126112325827259
v 0.006356587988962055 0.10941595454545452 0.2250835404040405
v 0.013896546457696227 0.10941595454545452 0.24007685353535355
v 0.016394969696969804 0.10941595454545452 0.24460807601426765
v 0.016394969696969804 0.10592134335507204 0.2550701666666668
v 0.009996694265594911 0.10941595454545452 0.2850567929292931
v 0.016394969696969804 0.10343640181520608 0.2850567929292931
v 0.010845883676636126 0.10941595454545452 0.3000501060606061
v 0.016048421504437388 0.10941595454545452 0.31504341919191936
v 0.014166400788419943 0.10941595454545452 0.33003673232323244
v 0.007981156244839312 0.10941595454545452 0.3450300454545455
v 0.02732494949494955 0.10941595454545452 -0.07802839630989783
v 0.017802876889849335 0.10941595454545452 0.24007685353535355
v 0.02732494949494955 0.10941595454545452 0.23445453069247973
v 0.03499241485459147 0.10941595454545452 -0.07478272222222221
v 0.0382549292929293 0.10839754603803835 -0.07478272222222221
v 0.0382549292929293 0.10941595454545452 -0.07331554683758859
v 0.03317833482040369 0.10941595454545452 0.1351236616161616
v 0.0382549292929293 0.10941595454545452 0.12275766236152126
v 0.0382549292929293 0.10398465936377005 0.1351236616161616
v 0.02909457474807757 0.10941595454545452 0.15011697474747485
v 0.03236365732435636 0.10941595454545452 0.1651102878787879
v 0.0382549292929293 0.10394890559766501 0.1651102878787879
v 0.0382549292929293 0.10941595454545452 0.17049320627435985
v 0.0382549292929293 0.10941595454545452 0.2280300213160872
v 0.04918490909090917 0.10353574470184028 -0.07478272222222221
v 0.04918490909090917 0.10941595454545452 -0.06665444815134065
v 0.04668357014880544 0.10941595454545452 0.10513703535353548
v 0.04918490909090917 0.10941595454545452 0.098001524961865
v 0.04918490909090917 0.10646439195515134 0.10513703535353548
v 0.03985330799247423 0.10941595454545452 0.12013034848484853
v 0.04379109924845058 0.10941595454545452 0.18010360101010112
v 0.04918490909090917 0.10200178108065373 0.18010360101010112
v 0.04918490909090917 0.10941595454545452 0.19227144396278664
v 0.04195241516934048 0.10941595454545452 0.2250835404040405
v 0.04918490909090917 0.10941595454545452 0.21896259437687715
v 0.05826508042241858 0.10941595454545452 -0.05978940909090906
v 0.06011488888888892 0.10861218247360628 -0.05978940909090906
v 0.06011488888888892 0.10941595454545452 -0.05806202994688961
v 0.05768371352631763 0.10941595454545452 0.07515040909090918
v 0.06011488888888892 0.10941595454545452 0.06618967092591425
v 0.06011488888888892 0.10664549562171925 0.07515040909090918
v 0.05274333371055758 0.10941595454545452 0.09014372222222225
v 0.051407836601874736 0.10941595454545452 0.1950969141414142
v 0.057695128760759225 0.10941595454545452 0.21009022727272741
v 0.05976686334860219 0.10941595454545452 0.2250835404040405
v 0.06011488888888892 0.10941595454545452 0.22397551995356055
v 0.06011488888888892 0.10888828450800685 0.2250835404040405
v 0.06011488888888892 0.10941595454545452 0.22556840108306972
v 0.07104486868686878 0.10214158414836315 -0.05978940909090906
v 0.07104486868686878 0.10941595454545452 -0.0454811233616077
v 0.06656360230497574 0.10941595454545452 0.045163782828282886
v 0.07104486868686878 0.10941595454545452 0.03303133519587042
v 0.07104486868686878 0.10494658405895015 0.045163782828282886
v 0.06207891378892195 0.10941595454545452 0.06015709595959595
v 0.07104486868686878 0.10941595454545452 0.22463996242599274
v 0.07104486868686878 0.1089985301086566 0.2250835404040405
v 0.07104486868686878 0.10941595454545452 0.22629000285784176
v 0.06446223658467531 0.10941595454545452 0.33003673232323244
v 0.07104486868686878 0.10941595454545452 0.3165547731363182
v 0.07104486868686878 0.10626564576833934 0.33003673232323244
v 0.06909836640300099 0.10941595454545452 0.3450300454545455
v 0.07104486868686878 0.1082034877530677 0.3450300454545455
v 0.07104486868686878 0.10941595454545452 0.3494871429895469
v 0.07155510947495174 0.10941595454545452 -0.04479609595959591
v 0.08197484848484854 0.10235907419887617 -0.04479609595959591
v 0.07805190127814857 0.10941595454545452 -0.02980278282828276
v 0.08197484848484854 0.1069223501333062 -0.02980278282828276
v 0.08036583065111225 0.10941595454545452 -0.0148094696969697
v 0.08197484848484854 0.10834568605965346 -0.0148094696969697
v 0.07936936817348542 0.10941595454545452 0.000183843434343447
v 0.08197484848484854 0.10750410206210902 0.000183843434343447
v 0.07605981887264017 0.10941595454545452 0.015177156565656593
v 0.08197484848484854 0.10444117231716328 0.015177156565656593
v 0.07217435382760226 0.10941595454545452 0.030170469696969824
v 0.07193112433737632 0.10941595454545452 0.2250835404040405
v 0.08197484848484854 0.10941595454545452 0.32278459825614103
v 0.08197484848484854 0.10590694701063727 0.33003673232323244
v 0.08197484848484854 0.10528518388432774 0.3450300454545455
v 0.07948085455160893 0.10941595454545452 0.3600233585858587
v 0.08197484848484854 0.10834598297994864 0.3600233585858587
v 0.08197484848484854 0.10941595454545452 0.36272415056149737
v 0.09290482828282828 0.10941595454545452 0.3297924265016257
v 0.09290482828282828 0.10922751319840046 0.33003673232323244
v 0.09290482828282828 0.10590704369819334 0.3450300454545455
v 0.09290482828282828 0.10744535965123507 0.3600233585858587
v 0.09290482828282828 0.10941595454545452 0.36560267491124143
v 0.09320719971489588 0.10941595454545452 0.33003673232323244
v 0.10229702907937693 0.10941595454545452 0.3450300454545455
v 0.10383480808080815 0.10941595454545452 0.3583461335399368
v 0.10383480808080815 0.10931888206595841 0.3600233585858587
v 0.10383480808080815 0.10941595454545452 0.36037634751324343
v 0.10410486240434896 0.10941595454545452 0.3600233585858587
v -0.12126132880694693 0.11739177272727276 0.3600233585858587
v -0.11476478787878784 0.11739177272727276 0.34853979876005875
v -0.11476478787878784 0.11395911538123524 0.3600233585858587
v -0.11476478787878784 0.11739177272727276 0.37438821268603606
v -0.11368395872903013 0.11739177272727276 0.3450300454545455
v -0.10383480808080803 0.11739177272727276 0.3315831467482823
v -0.10383480808080803 0.11032928455707537 0.3450300454545455
v -0.10383480808080803 0.1100583485420013 0.3600233585858587
v -0.11408813774644565 0.11739177272727276 0.3750166717171718
v -0.10383480808080803 0.11484244608477727 0.3750166717171718
v -0.10383480808080803 0.11739177272727276 0.37905257438483686
v -0.09445644891916877 0.11739177272727276 0.2250835404040405
v -0.09290482828282823 0.11739177272727276 0.22368465092948792
v -0.09290482828282823 0.11588995218639817 0.2250835404040405
v -0.10203915099563592 0.11739177272727276 0.24007685353535355
v -0.09290482828282823 0.11143270355699461 0.24007685353535355
v -0.09290482828282823 0.11739177272727276 0.2504076799510548
v -0.10306173496610148 0.11739177272727276 0.33003673232323244
v -0.09290482828282823 0.11739177272727276 0.31938418566738425
v -0.09290482828282823 0.1096039805634574 0.33003673232323244
v -0.09290482828282823 0.11451331455776353 0.3750166717171718
v -0.09290482828282823 0.11739177272727276 0.3794821106964173
v -0.08197484848484847 0.11101792623522125 -0.0148094696969697
v -0.08197484848484847 0.1109558586744452 0.000183843434343447
v -0.08197484848484847 0.11739177272727276 0.21656140039361338
v -0.08197484848484847 0.11062623931838252 0.2250835404040405
v -0.08197484848484847 0.11030372674431918 0.24007685353535355
v -0.08197484848484847 0.11739177272727276 0.251429693362482
v -0.08957850943370027 0.11739177272727276 0.31504341919191936
v -0.08197484848484847 0.11739177272727276 0.31176267696000953
v -0.08197484848484847 0.11207925558239971 0.31504341919191936
v -0.08197484848484847 0.10967737206365628 0.3600233585858587
v -0.08197484848484847 0.11688539161953931 0.3750166717171718
v -0.08197484848484847 0.11739177272727276 0.3758178010767901
v -0.07104486868686867 0.1112974862563698 -0.04479609595959591
v -0.07104486868686867 0.11586050921139439 -0.02980278282828276
v -0.07204418406669039 0.11739177272727276 -0.0148094696969697
v -0.07104486868686867 0.11739177272727276 -0.018781225675278637
v -0.07281042510587984 0.11739177272727276 0.000183843434343447
v -0.07147172268171749 0.11739177272727276 0.015177156565656593
v -0.07104486868686867 0.11739177272727276 0.018247594864377378
v -0.07104486868686867 0.11604526470953444 0.030170469696969824
v -0.07104486868686867 0.11431013935508554 0.045163782828282886
v -0.07104486868686867 0.11199058308717581 0.06015709595959595
v -0.07139348723487798 0.11739177272727276 0.18010360101010112
v -0.07104486868686867 0.11739177272727276 0.17793863599314788
v -0.07104486868686867 0.11679245942262288 0.18010360101010112
v -0.07104486868686867 0.11739177272727276 0.18221519253803448
v -0.07104486868686867 0.11739177272727276 0.21020386174644892
v -0.07104486868686867 0.11034907053105221 0.2250835404040405
v -0.07104486868686867 0.11321705693634036 0.24007685353535355
v -0.07104486868686867 0.11739177272727276 0.24638642682291212
v -0.07104486868686867 0.11739177272727276 0.30891564601329236
v -0.07104486868686867 0.10981514335613582 0.31504341919191936
v -0.07104486868686867 0.11355182284949848 0.3600233585858587
v -0.08083779473522876 0.11739177272727276 0.3750166717171718
v -0.07104486868686867 0.11739177272727276 0.36831951727408074
v -0.06011488888888886 0.10970194896233353 -0.05978940909090906
v -0.06011488888888886 0.11689967406973753 -0.04479609595959591
v -0.06798978992857166 0.11739177272727276 -0.02980278282828276
v -0.06011488888888886 0.11739177272727276 -0.04303420781210919
v -0.06947043484995528 0.11739177272727276 0.030170469696969824
v -0.06791662178767173 0.11739177272727276 0.045163782828282886
v -0.06565413547178874 0.11739177272727276 0.06015709595959595
v -0.06324129323618566 0.11739177272727276 0.07515040909090918
v -0.061852970203072434 0.11739177272727276 0.09014372222222225
v -0.060582725732899655 0.11739177272727276 0.10513703535353548
v -0.06011488888888886 0.11739177272727276 0.11823234014221196
v -0.06011488888888886 0.11726092783835816 0.12013034848484853
v -0.06114245073227404 0.11739177272727276 0.1351236616161616
v -0.06011488888888886 0.11739177272727276 0.12083821496927115
v -0.06417474561913497 0.11739177272727276 0.15011697474747485
v -0.06850269366267388 0.11739177272727276 0.1651102878787879
v -0.07048879455188937 0.11739177272727276 0.1950969141414142
v -0.06011488888888886 0.10978226890353579 0.1950969141414142
v -0.07097709240332092 0.11739177272727276 0.21009022727272741
v -0.06011488888888886 0.11373139313545369 0.21009022727272741
v -0.06011488888888886 0.11282905883418594 0.2250835404040405
v -0.06537947207325216 0.11739177272727276 0.24007685353535355
v -0.06011488888888886 0.11739177272727276 0.2369486868883867
v -0.06011488888888886 0.11739177272727276 0.3073842575047438
v -0.06011488888888886 0.11039748746220725 0.31504341919191936
v -0.06011488888888886 0.1110822966028413 0.33003673232323244
v -0.06011488888888886 0.1147276250795628 0.3450300454545455
v -0.0653786530972226 0.11739177272727276 0.3600233585858587
v -0.06011488888888886 0.11739177272727276 0.35281297377870185
v -0.04918490909090905 0.11472105182914545 -0.05978940909090906
v -0.05886998423103236 0.11739177272727276 -0.04479609595959591
v -0.04918490909090905 0.11739177272727276 -0.053838920038395646
v -0.06005877077311253 0.11739177272727276 0.12013034848484853
v -0.04918490909090905 0.10966341863057204 0.1950969141414142
v -0.05955138576632804 0.11739177272727276 0.21009022727272741
v -0.04918490909090905 0.11739177272727276 0.198199675605127
v -0.057466906933676266 0.11739177272727276 0.2250835404040405
v -0.04918490909090905 0.11739177272727276 0.30632262222418805
v -0.04918490909090905 0.1143854941685774 0.31504341919191936
v -0.053660515576250956 0.11739177272727276 0.33003673232323244
v -0.04918490909090905 0.11739177272727276 0.32231622473135035
v -0.05711264258737576 0.11739177272727276 0.3450300454545455
v -0.04048335730281968 0.11739177272727276 -0.05978940909090906
v -0.03825492929292924 0.11739177272727276 -0.06107202931464254
v -0.03825492929292924 0.11075083655177007 0.1950969141414142
v -0.03825492929292924 0.11739177272727276 0.19694957482225903
v -0.04682298422570221 0.11739177272727276 0.3000501060606061
v -0.03825492929292924 0.11739177272727276 0.2971365838122144
v -0.03825492929292924 0.1136445528846235 0.3000501060606061
v -0.047778955557126086 0.11739177272727276 0.31504341919191936
v -0.03825492929292924 0.11739177272727276 0.30421924891528757
v -0.02732494949494943 0.11213339021929529 -0.07478272222222221
v -0.02732494949494943 0.11739177272727276 -0.06553061231737488
v -0.02732494949494943 0.11739177272727276 0.19615202449878932
v -0.02732494949494943 0.11739177272727276 0.29229148241241015
v -0.02732494949494943 0.11418152954156911 0.3000501060606061
v -0.02939957678405816 0.11739177272727276 0.31504341919191936
v -0.02732494949494943 0.11377020476774433 0.31504341919191936
v -0.02732494949494943 0.11739177272727276 0.32231692477845797
v -0.016394969696969682 0.1144094370763943 -0.07478272222222221
v -0.016394969696969682 0.11739177272727276 -0.06927134198953896
v -0.016394969696969682 0.11739177272727276 0.19993576520833514
v -0.016394969696969682 0.11739177272727276 0.2913506544421256
v -0.016394969696969682 0.11276789197690774 0.3000501060606061
v -0.016394969696969682 0.10964988596885183 0.31504341919191936
v -0.02306917713986951 0.11739177272727276 0.33003673232323244
v -0.016394969696969682 0.11108306878536513 0.33003673232323244
v -0.01761475101043046 0.11739177272727276 0.3450300454545455
v -0.016394969696969682 0.11577240880260034 0.3450300454545455
v -0.016394969696969682 0.11739177272727276 0.34610371336818047
v -0.005464989898989875 0.11537983508085278 -0.07478272222222221
v -0.005464989898989875 0.11739177272727276 -0.07094958876871214
v -0.005464989898989875 0.11739177272727276 0.20119422934446277
v -0.005464989898989875 0.11167393553218424 0.2850567929292931
v -0.011406665569774162 0.11739177272727276 0.3000501060606061
v -0.005464989898989875 0.11468968451077081 0.3000501060606061
v -0.005464989898989875 0.11739177272727276 0.30416942893328686
v -0.007688253072016196 0.11739177272727276 0.3600233585858587
v -0.005464989898989875 0.11415933325762553 0.3600233585858587
v -0.005464989898989875 0.11739177272727276 0.36180077642567204
v 0.0054649898989899345 0.11533458966032253 -0.07478272222222221
v 0.0054649898989899345 0.11739177272727276 -0.0712198757183684
v 0.001343624519375499 0.11739177272727276 0.21009022727272741
v 0.0054649898989899345 0.11739177272727276 0.2155043834221527
v 0.0054649898989899345 0.11059912130377553 0.2850567929292931
v 0.0054649898989899345 0.11316954801314956 0.3000501060606061
v 0.0054649898989899345 0.11739177272727276 0.30451493318888345
v 0.0054649898989899345 0.11399802640125926 0.3600233585858587
v 0.0054649898989899345 0.11739177272727276 0.3618603496048082
v 0.016394969696969804 0.11423417077386387 -0.07478272222222221
v 0.016394969696969804 0.11739177272727276 -0.06931122813369596
v 0.01558296218475419 0.11739177272727276 0.2250835404040405
v 0.016394969696969804 0.11739177272727276 0.2268742654860269
v 0.016394969696969804 0.11081791894955678 0.24007685353535355
v 0.012340140680022602 0.11739177272727276 0.3000501060606061
v 0.016394969696969804 0.11739177272727276 0.29226246957277857
v 0.016394969696969804 0.11426947526109946 0.3000501060606061
v 0.016394969696969804 0.10974325147856404 0.31504341919191936
v 0.016394969696969804 0.11110806657159517 0.33003673232323244
v 0.016394969696969804 0.11551437465256742 0.3450300454545455
v 0.008109505432588853 0.11739177272727276 0.3600233585858587
v 0.016394969696969804 0.11739177272727276 0.34636456609165706
v 0.02732494949494955 0.11193914527322271 -0.07478272222222221
v 0.02732494949494955 0.11739177272727276 -0.06562988524742798
v 0.02331069828613337 0.11739177272727276 0.1351236616161616
v 0.02732494949494955 0.11739177272727276 0.12555504914785356
v 0.02732494949494955 0.11418203726565547 0.1351236616161616
v 0.018487673714994796 0.11739177272727276 0.15011697474747485
v 0.02732494949494955 0.11055386960542075 0.15011697474747485
v 0.017654062451408183 0.11739177272727276 0.1651102878787879
v 0.02732494949494955 0.11151308984851999 0.1651102878787879
v 0.02451725587372617 0.11739177272727276 0.18010360101010112
v 0.02732494949494955 0.11518244589148582 0.18010360101010112
v 0.02732494949494955 0.11739177272727276 0.1810725443384542
v 0.02732494949494955 0.11739177272727276 0.23006610921175646
v 0.02732494949494955 0.11739177272727276 0.29150175253764005
v 0.02732494949494955 0.11463922995430006 0.3000501060606061
v 0.02732494949494955 0.1143395575235717 0.31504341919191936
v 0.022503079495766576 0.11739177272727276 0.33003673232323244
v 0.02732494949494955 0.11739177272727276 0.3213721501360856
v 0.017799474873349028 0.11739177272727276 0.3450300454545455
v 0.0382549292929293 0.11739177272727276 -0.06011126884233148
v 0.03822431366988288 0.11739177272727276 0.10513703535353548
v 0.0382549292929293 0.11739177272727276 0.10504503212419668
v 0.0382549292929293 0.11736703620020489 0.10513703535353548
v 0.030752117155971433 0.11739177272727276 0.12013034848484853
v 0.0382549292929293 0.11085666757286067 0.12013034848484853
v 0.0382549292929293 0.11057342726634568 0.18010360101010112
v 0.0382549292929293 0.11739177272727276 0.19210155466335488
v 0.0382549292929293 0.11739177272727276 0.23362401222338688
v 0.0382549292929293 0.11739177272727276 0.2987518786331861
v 0.0382549292929293 0.11496459576884048 0.3000501060606061
v 0.028360303169617903 0.11739177272727276 0.31504341919191936
v 0.0382549292929293 0.11739177272727276 0.3012440824269951
v 0.03874645322784995 0.11739177272727276 -0.05978940909090906
v 0.04918490909090917 0.11378389326724321 -0.05978940909090906
v 0.04918490909090917 0.11739177272727276 -0.05166547472137399
v 0.049146887848040506 0.11739177272727276 0.07515040909090918
v 0.04918490909090917 0.11739177272727276 0.07499216379449772
v 0.04918490909090917 0.1173605445410265 0.07515040909090918
v 0.044244266039909705 0.11739177272727276 0.09014372222222225
v 0.04918490909090917 0.11292661689004399 0.09014372222222225
v 0.0422437338438272 0.11739177272727276 0.1950969141414142
v 0.04918490909090917 0.11006376644648169 0.1950969141414142
v 0.04886725972077979 0.11739177272727276 0.21009022727272741
v 0.04918490909090917 0.11544362274747819 0.21009022727272741
v 0.04300621858229496 0.11739177272727276 0.2250835404040405
v 0.04568258078587389 0.11739177272727276 0.3000501060606061
v 0.048786509931010094 0.11739177272727276 0.31504341919191936
v 0.04918490909090917 0.11739177272727276 0.3078298749503957
v 0.04918490909090917 0.11575146361177419 0.31504341919191936
v 0.04918490909090917 0.11739177272727276 0.3194373732113588
v 0.05610393368687976 0.11739177272727276 -0.04479609595959591
v 0.06011488888888892 0.11575205632460808 -0.04479609595959591
v 0.06011488888888892 0.11739177272727276 -0.03827022548305699
v 0.05710352468846798 0.11739177272727276 0.045163782828282886
v 0.06011488888888892 0.11739177272727276 0.03628289726987532
v 0.06011488888888892 0.1150565228089866 0.045163782828282886
v 0.05330126904383745 0.11739177272727276 0.06015709595959595
v 0.06011488888888892 0.11132988691906355 0.06015709595959595
v 0.055028929876741635 0.11739177272727276 0.2250835404040405
v 0.06011488888888892 0.11739177272727276 0.214909299125581
v 0.06011488888888892 0.11739177272727276 0.2376759542520546
v 0.06011488888888892 0.11739177272727276 0.3071590004866642
v 0.06011488888888892 0.11030417777119633 0.31504341919191936
v 0.054049386491658136 0.11739177272727276 0.33003673232323244
v 0.06011488888888892 0.11085352194363275 0.33003673232323244
v 0.055997574841611136 0.11739177272727276 0.3450300454545455
v 0.06011488888888892 0.11383204504985178 0.3450300454545455
v 0.06011488888888892 0.11739177272727276 0.3558840100573201
v 0.07104486868686878 0.10976384299910596 -0.04479609595959591
v 0.06446570361129544 0.11739177272727276 -0.02980278282828276
v 0.07104486868686878 0.11401128694682797 -0.02980278282828276
v 0.0678125679246597 0.11739177272727276 -0.0148094696969697
v 0.07104486868686878 0.11564842580319885 -0.0148094696969697
v 0.06749665915157553 0.11739177272727276 0.000183843434343447
v 0.07104486868686878 0.11525851896094666 0.000183843434343447
v 0.0652140294269975 0.11739177272727276 0.015177156565656593
v 0.07104486868686878 0.1133851200004703 0.015177156565656593
v 0.06230024768979355 0.11739177272727276 0.030170469696969824
v 0.07104486868686878 0.11041814297768054 0.030170469696969824
v 0.07104486868686878 0.11739177272727276 0.21850548343904533
v 0.06470760819379147 0.11739177272727276 0.24007685353535355
v 0.07104486868686878 0.11265833780508613 0.24007685353535355
v 0.07104486868686878 0.11739177272727276 0.2454897869411384
v 0.07104486868686878 0.11739177272727276 0.30888966429874826
v 0.07104486868686878 0.10957628345110508 0.31504341919191936
v 0.06311971471218031 0.11739177272727276 0.3600233585858587
v 0.07104486868686878 0.11250382331907476 0.3600233585858587
v 0.07104486868686878 0.11739177272727276 0.37072364785602346
v 0.08197484848484854 0.11739177272727276 0.22245685080995756
v 0.08197484848484854 0.11324762126403708 0.2250835404040405
v 0.08197484848484854 0.11097396623202713 0.24007685353535355
v 0.08197484848484854 0.11739177272727276 0.24908206869163677
v 0.08197484848484854 0.11739177272727276 0.3118458557130214
v 0.08197484848484854 0.11198508036466098 0.31504341919191936
v 0.07761887264588578 0.11739177272727276 0.3750166717171718
v 0.08197484848484854 0.11549166294404352 0.3750166717171718
v 0.08197484848484854 0.11739177272727276 0.3779604909264942
v 0.08715494338872251 0.11739177272727276 0.2250835404040405
v 0.09290482828282828 0.11739177272727276 0.23330088412118355
v 0.09290482828282828 0.1139792127437059 0.24007685353535355
v 0.09290482828282828 0.11739177272727276 0.24564402748183728
v 0.08951885581371048 0.11739177272727276 0.31504341919191936
v 0.09290482828282828 0.11739177272727276 0.31945345483239734
v 0.09290482828282828 0.11334854695646984 0.3750166717171718
v 0.09290482828282828 0.11739177272727276 0.3811963905070613
v 0.09756507094449793 0.11739177272727276 0.24007685353535355
v 0.10280244976788795 0.11739177272727276 0.33003673232323244
v 0.10383480808080815 0.11739177272727276 0.33203584672108527
v 0.10383480808080815 0.10998308958259631 0.3450300454545455
v 0.10383480808080815 0.11385428937121896 0.3750166717171718
v 0.10383480808080815 0.11739177272727276 0.3807769389627451
v 0.11380179722494689 0.11739177272727276 0.3450300454545455
v 0.1147647878787879 0.11739177272727276 0.3478233077175633
v 0.1147647878787879 0.11319815249722139 0.3600233585858587
v 0.1147647878787879 0.11676281470540195 0.3750166717171718
v 0.1147647878787879 0.11739177272727276 0.3761813636475561
v 0.12206140017888398 0.11739177272727276 0.3600233585858587
v 0.11636333205062749 0.11739177272727276 0.3750166717171718
v -0.1352228762936591 0.1253675909090909 0.3600233585858587
v -0.12569476767676765 0.1253675909090909 0.3526774901551548
v -0.12569476767676765 0.12004802613566683 0.3600233585858587
v -0.13609625377482762 0.1253675909090909 0.3750166717171718
v -0.12569476767676765 0.12146963908072819 0.3750166717171718
v -0.12569476767676765 0.1253675909090909 0.38231987803450646
v -0.12077543242452216 0.1253675909090909 0.3450300454545455
v -0.11476478787878784 0.1253675909090909 0.3406387386321244
v -0.11476478787878784 0.11858434486243853 0.3450300454545455
v -0.11476478787878784 0.1175600448025362 0.3750166717171718
v -0.11476478787878784 0.1253675909090909 0.3867765652859436
v -0.10870740682037287 0.1253675909090909 0.24007685353535355
v -0.10383480808080803 0.1253675909090909 0.23383387157176166
v -0.10383480808080803 0.11923539153404017 0.24007685353535355
v -0.10383480808080803 0.1253675909090909 0.2513357982391966
v -0.10715388008669252 0.1253675909090909 0.33003673232323244
v -0.10383480808080803 0.1253675909090909 0.32658159473738496
v -0.10383480808080803 0.11857961407600984 0.33003673232323244
v -0.10383480808080803 0.1253675909090909 0.3885503763421683
v -0.09831450605301435 0.1253675909090909 0.2250835404040405
v -0.09290482828282823 0.1253675909090909 0.22049398989815322
v -0.09959254499071289 0.1253675909090909 0.2550701666666668
v -0.09290482828282823 0.1219298133537332 0.2550701666666668
v -0.09290482828282823 0.1253675909090909 0.2573047136806238
v -0.09578112320584063 0.1253675909090909 0.31504341919191936
v -0.09290482828282823 0.1253675909090909 0.3133402772229382
v -0.09290482828282823 0.12090066542020224 0.31504341919191936
v -0.09290482828282823 0.1253675909090909 0.38821090365612043
v -0.08197484848484847 0.1253675909090909 0.21527759381511047
v -0.08197484848484847 0.12234217358124502 0.2550701666666668
v -0.08197484848484847 0.1253675909090909 0.2568600433438237
v -0.08197484848484847 0.1253675909090909 0.3093422752899987
v -0.08197484848484847 0.1253675909090909 0.3855517261334722
v -0.07104486868686867 0.11803590565683053 -0.0148094696969697
v -0.07104486868686867 0.11860448357702943 0.000183843434343447
v -0.07104486868686867 0.11771706099917019 0.015177156565656593
v -0.07255388157363878 0.1253675909090909 0.18010360101010112
v -0.07104486868686867 0.1253675909090909 0.17236288404496872
v -0.07104486868686867 0.1253675909090909 0.18540801851133698
v -0.07104486868686867 0.1253675909090909 0.2138625668125273
v -0.07718008488406308 0.1253675909090909 0.2550701666666668
v -0.07104486868686867 0.1253675909090909 0.2532342536479606
v -0.07104486868686867 0.1253675909090909 0.307715733630179
v -0.07104486868686867 0.12167665538331528 0.3750166717171718
v -0.07104486868686867 0.1253675909090909 0.38021397338206275
v -0.06011488888888886 0.12153379497938184 -0.02980278282828276
v -0.06011488888888886 0.12387786276445459 -0.0148094696969697
v -0.06011488888888886 0.12489666337502141 0.000183843434343447
v -0.06011488888888886 0.12491399854785772 0.015177156565656593
v -0.06011488888888886 0.1246130399552445 0.030170469696969824
v -0.06011488888888886 0.12404244141254475 0.045163782828282886
v -0.06011488888888886 0.12326101149660593 0.06015709595959595
v -0.06011488888888886 0.12059979113288839 0.07515040909090918
v -0.06011488888888886 0.11941226714709056 0.09014372222222225
v -0.06011488888888886 0.11802966423393346 0.10513703535353548
v -0.06011488888888886 0.12027047112842695 0.1351236616161616
v -0.06337369918567781 0.1253675909090909 0.15011697474747485
v -0.06011488888888886 0.1253675909090909 0.1396882414569838
v -0.06914288534634006 0.1253675909090909 0.1651102878787879
v -0.07043338073960911 0.1253675909090909 0.1950969141414142
v -0.06011488888888886 0.1253675909090909 0.200555688977161
v -0.06011488888888886 0.11959377620474905 0.21009022727272741
v -0.06011488888888886 0.1253675909090909 0.2163600535554522
v -0.06011488888888886 0.12144146268693565 0.24007685353535355
v -0.06011488888888886 0.1253675909090909 0.24638555301877255
v -0.06011488888888886 0.1253675909090909 0.30300981991870285
v -0.06011488888888886 0.12033273842780455 0.3600233585858587
v -0.06490730791562557 0.1253675909090909 0.3750166717171718
v -0.06011488888888886 0.1253675909090909 0.3712006802539144
v -0.04918490909090905 0.1216057482823322 -0.04479609595959591
v -0.05063364731828892 0.1253675909090909 -0.02980278282828276
v -0.04918490909090905 0.1253675909090909 -0.03179157102882511
v -0.05659027772231307 0.1253675909090909 -0.0148094696969697
v -0.05911230267178315 0.1253675909090909 0.000183843434343447
v -0.05928300812019091 0.1253675909090909 0.015177156565656593
v -0.05889735459225823 0.1253675909090909 0.030170469696969824
v -0.058292483507838416 0.1253675909090909 0.045163782828282886
v -0.0574133784636151 0.1253675909090909 0.06015709595959595
v -0.05468430922317089 0.1253675909090909 0.07515040909090918
v -0.054203210390458986 0.1253675909090909 0.09014372222222225
v -0.054062996284414494 0.1253675909090909 0.10513703535353548
v -0.055062943709233335 0.1253675909090909 0.12013034848484853
v -0.058126707374416726 0.1253675909090909 0.1351236616161616
v -0.04918490909090905 0.1253675909090909 0.2058330318371436
v -0.04918490909090905 0.1253675909090909 0.22073078978603686
v -0.04918490909090905 0.12328763701552509 0.2250835404040405
v -0.04918490909090905 0.1251671539087336 0.24007685353535355
v -0.053227359718071715 0.1253675909090909 0.2550701666666668
v -0.04918490909090905 0.12460293731536468 0.2550701666666668
v -0.04918490909090905 0.1253675909090909 0.266679925231863
v -0.059477948534284085 0.1253675909090909 0.3000501060606061
v -0.04918490909090905 0.1253675909090909 0.28725056506858193
v -0.04918490909090905 0.11756592351464469 0.3000501060606061
v -0.04918490909090905 0.11969070227478237 0.33003673232323244
v -0.04918490909090905 0.12158274595459949 0.3450300454545455
v -0.05225448005979007 0.1253675909090909 0.3600233585858587
v -0.04918490909090905 0.1253675909090909 0.35693212589541257
v -0.03825492929292924 0.11818642974986532 -0.05978940909090906
v -0.03825492929292924 0.1251021709702875 -0.04479609595959591
v -0.03825492929292924 0.1253675909090909 -0.04390098551620432
v -0.04394419914416397 0.1253675909090909 0.21009022727272741
v -0.03825492929292924 0.12445895725592739 0.21009022727272741
v -0.03825492929292924 0.1250358533365018 0.2250835404040405
v -0.03825492929292924 0.12256820418854979 0.24007685353535355
v -0.03825492929292924 0.12092753153561019 0.2550701666666668
v -0.048940371734757425 0.1253675909090909 0.27006347979797984
v -0.03825492929292924 0.12016205026892084 0.27006347979797984
v -0.04376603773180847 0.1253675909090909 0.2850567929292931
v -0.03825492929292924 0.12264179584943692 0.2850567929292931
v -0.03825492929292924 0.12092195583608803 0.31504341919191936
v -0.03825492929292924 0.12290667173420906 0.33003673232323244
v -0.03825492929292924 0.12383730043886233 0.3450300454545455
v -0.03825492929292924 0.1253675909090909 0.3501482914404461
v -0.02732494949494943 0.12089002624704709 -0.05978940909090906
v -0.03684674723673154 0.1253675909090909 -0.04479609595959591
v -0.02732494949494943 0.1253675909090909 -0.049212832061175375
v -0.02732494949494943 0.12377373574870984 0.21009022727272741
v -0.03605595653781166 0.1253675909090909 0.2250835404040405
v -0.02732494949494943 0.1253675909090909 0.21896726137036074
v -0.029445023437156506 0.1253675909090909 0.24007685353535355
v -0.02836475496598133 0.1253675909090909 0.2550701666666668
v -0.02732494949494943 0.1253675909090909 0.2590977827176117
v -0.02732494949494943 0.12126616770945815 0.27006347979797984
v -0.02732494949494943 0.12047702615248726 0.2850567929292931
v -0.02732494949494943 0.11824620779184494 0.33003673232323244
v -0.02732494949494943 0.12122265049956325 0.3450300454545455
v -0.02732494949494943 0.1253675909090909 0.3548541969066921
v -0.016394969696969682 0.12257850289092449 -0.05978940909090906
v -0.016394969696969682 0.1253675909090909 -0.053094450675576915
v -0.01989480012038611 0.1253675909090909 0.21009022727272741
v -0.016394969696969682 0.1253675909090909 0.20623064699210955
v -0.019258449440735355 0.1253675909090909 0.27006347979797984
v -0.016394969696969682 0.1253675909090909 0.27928124084760114
v -0.016394969696969682 0.12171649560221927 0.2850567929292931
v -0.025347519104547665 0.1253675909090909 0.3600233585858587
v -0.016394969696969682 0.12048003080743856 0.3600233585858587
v -0.0171093661846725 0.1253675909090909 0.3750166717171718
v -0.016394969696969682 0.12522761465878499 0.3750166717171718
v -0.016394969696969682 0.1253675909090909 0.3756331299170066
v -0.005464989898989875 0.12333803831290097 -0.05978940909090906
v -0.005464989898989875 0.1253675909090909 -0.0548655323673988
v -0.008994143822190787 0.1253675909090909 0.1950969141414142
v -0.005464989898989875 0.1253675909090909 0.19098484068466665
v -0.005464989898989875 0.12056779308232765 0.1950969141414142
v -0.015442552091217473 0.1253675909090909 0.2850567929292931
v -0.012710022067064718 0.1253675909090909 0.3000501060606061
v -0.005464989898989875 0.1253675909090909 0.31471433240766145
v -0.005464989898989875 0.12235766602832328 0.3750166717171718
v -0.005464989898989875 0.1253675909090909 0.38621131476512505
v 0.0054649898989899345 0.12334056153526782 -0.05978940909090906
v 0.0054649898989899345 0.1253675909090909 -0.05458673909574646
v 0.0054649898989899345 0.1253675909090909 0.19082111658074802
v 0.0054649898989899345 0.1235288241669639 0.1950969141414142
v 0.0054649898989899345 0.12155120984385011 0.21009022727272741
v 0.0054649898989899345 0.1253675909090909 0.3143505437184274
v 0.0054649898989899345 0.12234421091594803 0.3750166717171718
v 0.0054649898989899345 0.1253675909090909 0.38623371294133985
v 0.016394969696969804 0.12233398336103778 -0.05978940909090906
v 0.016394969696969804 0.1253675909090909 -0.05206616585019491
v 0.012524636045037011 0.1253675909090909 0.1351236616161616
v 0.016394969696969804 0.1253675909090909 0.1256710863536447
v 0.016394969696969804 0.12282632933986694 0.1351236616161616
v 0.008371443582186139 0.1253675909090909 0.15011697474747485
v 0.016394969696969804 0.1190913250829748 0.15011697474747485
v 0.006186752164387387 0.1253675909090909 0.1651102878787879
v 0.016394969696969804 0.11829986849482367 0.1651102878787879
v 0.009685504439708708 0.1253675909090909 0.18010360101010112
v 0.016394969696969804 0.12380683285464207 0.18010360101010112
v 0.007238750792476215 0.1253675909090909 0.1950969141414142
v 0.016394969696969804 0.1253675909090909 0.18663534633441534
v 0.008159750612725348 0.1253675909090909 0.21009022727272741
v 0.016394969696969804 0.1253675909090909 0.2139309863950068
v 0.016394969696969804 0.11752848274755771 0.2250835404040405
v 0.014995323889811856 0.1253675909090909 0.2850567929292931
v 0.016394969696969804 0.1253675909090909 0.2739059519263727
v 0.016394969696969804 0.12098967474745256 0.2850567929292931
v 0.012540730933435466 0.1253675909090909 0.3000501060606061
v 0.016394969696969804 0.12036986135053204 0.3600233585858587
v 0.016394969696969804 0.12493719079346137 0.3750166717171718
v 0.016394969696969804 0.1253675909090909 0.3767574164882202
v 0.02732494949494955 0.12061037706126505 -0.05978940909090906
v 0.02732494949494955 0.1253675909090909 -0.0477066879004353
v 0.0271616084254106 0.1253675909090909 0.10513703535353548
v 0.02732494949494955 0.1253675909090909 0.10467657830395632
v 0.02732494949494955 0.12527424089994948 0.10513703535353548
v 0.01969217304948634 0.1253675909090909 0.12013034848484853
v 0.02732494949494955 0.12011559297356157 0.12013034848484853
v 0.019270229332045127 0.1253675909090909 0.1950969141414142
v 0.02732494949494955 0.12417121560837747 0.1950969141414142
v 0.02600479312250215 0.1253675909090909 0.21009022727272741
v 0.02732494949494955 0.12525001773683891 0.21009022727272741
v 0.022979332449937395 0.1253675909090909 0.2250835404040405
v 0.02732494949494955 0.1253675909090909 0.2110931012212773
v 0.020184090944049753 0.1253675909090909 0.24007685353535355
v 0.02732494949494955 0.12282871101395568 0.24007685353535355
v 0.022992250070831794 0.1253675909090909 0.2550701666666668
v 0.02732494949494955 0.12311752792631632 0.2550701666666668
v 0.01720927713008027 0.1253675909090909 0.27006347979797984
v 0.02732494949494955 0.11952815662985286 0.27006347979797984
v 0.02732494949494955 0.11922316770956336 0.2850567929292931
v 0.02732494949494955 0.11834880769308585 0.33003673232323244
v 0.02732494949494955 0.1211521413030766 0.3450300454545455
v 0.025566632975941493 0.1253675909090909 0.3600233585858587
v 0.02732494949494955 0.1253675909090909 0.3554921548414207
v 0.01865735943550069 0.1253675909090909 0.3750166717171718
v 0.0382549292929293 0.11757599584486722 -0.05978940909090906
v 0.03189142589367486 0.1253675909090909 -0.04479609595959591
v 0.0382549292929293 0.12391536238702842 -0.04479609595959591
v 0.0382549292929293 0.1253675909090909 -0.03916461100768509
v 0.033274218030883214 0.1253675909090909 0.09014372222222225
v 0.0382549292929293 0.1253675909090909 0.07520464907682291
v 0.0382549292929293 0.12211727115130781 0.09014372222222225
v 0.0382549292929293 0.11804128301843392 0.1950969141414142
v 0.0382549292929293 0.12229414044893037 0.21009022727272741
v 0.0382549292929293 0.1253675909090909 0.22073731714102104
v 0.0382549292929293 0.11881820469511457 0.24007685353535355
v 0.0382549292929293 0.12002462825410755 0.2550701666666668
v 0.0382549292929293 0.1198932412873288 0.27006347979797984
v 0.0382549292929293 0.1222073734587113 0.2850567929292931
v 0.0382549292929293 0.12176312036964142 0.31504341919191936
v 0.0382549292929293 0.12297610909112698 0.33003673232323244
v 0.0382549292929293 0.12347806891281816 0.3450300454545455
v 0.0382549292929293 0.1253675909090909 0.3521179114980657
v 0.04918490909090917 0.1204099778659366 -0.04479609595959591
v 0.04594365808884235 0.1253675909090909 -0.02980278282828276
v 0.04918490909090917 0.12433160978314331 -0.02980278282828276
v 0.04918490909090917 0.1253675909090909 -0.02212279408211564
v 0.045466581716241725 0.1253675909090909 0.045163782828282886
v 0.04918490909090917 0.1253675909090909 0.03515977151603666
v 0.04918490909090917 0.12310524647803636 0.045163782828282886
v 0.042075973225024155 0.1253675909090909 0.06015709595959595
v 0.04918490909090917 0.12063731838819954 0.06015709595959595
v 0.03827566255445397 0.1253675909090909 0.07515040909090918
v 0.04918490909090917 0.1253675909090909 0.22000025229274592
v 0.04918490909090917 0.12128624431126721 0.2250835404040405
v 0.04918490909090917 0.12321458954585075 0.24007685353535355
v 0.04918490909090917 0.12437502575745965 0.2550701666666668
v 0.04918490909090917 0.12532400611909075 0.27006347979797984
v 0.0451647496507027 0.1253675909090909 0.2850567929292931
v 0.04918490909090917 0.1253675909090909 0.27028474880650627
v 0.04918490909090917 0.1253675909090909 0.2873614467878572
v 0.04918490909090917 0.11755783679710151 0.3000501060606061
v 0.04918490909090917 0.12002532905600426 0.33003673232323244
v 0.04918490909090917 0.12089846999296841 0.3450300454545455
v 0.04907987846056094 0.1253675909090909 0.3600233585858587
v 0.04918490909090917 0.1253008630470488 0.3600233585858587
v 0.04918490909090917 0.1253675909090909 0.3602995359626635
v 0.06011488888888892 0.11973994139273975 -0.02980278282828276
v 0.05162537075553642 0.1253675909090909 -0.0148094696969697
v 0.06011488888888892 0.12166551972429575 -0.0148094696969697
v 0.052836584172290195 0.1253675909090909 0.000183843434343447
v 0.06011488888888892 0.1218221397467212 0.000183843434343447
v 0.051751078005225944 0.1253675909090909 0.015177156565656593
v 0.06011488888888892 0.12076338873457089 0.015177156565656593
v 0.05094084062861918 0.1253675909090909 0.030170469696969824
v 0.06011488888888892 0.11900568873493494 0.030170469696969824
v 0.06011488888888892 0.1253675909090909 0.21843738305152294
v 0.06011488888888892 0.12091663882642505 0.24007685353535355
v 0.05320522400589218 0.1253675909090909 0.2550701666666668
v 0.06011488888888892 0.1253675909090909 0.24572696420297585
v 0.04937212691839875 0.1253675909090909 0.27006347979797984
v 0.05930190579295494 0.1253675909090909 0.3000501060606061
v 0.06011488888888892 0.1253675909090909 0.3030590236412206
v 0.06011488888888892 0.11904014889206342 0.3600233585858587
v 0.06011488888888892 0.1253675909090909 0.37345764647948804
v 0.07104486868686878 0.1253675909090909 0.21822347611672774
v 0.07104486868686878 0.1253675909090909 0.2515329886149251
v 0.07104486868686878 0.1253675909090909 0.3078705451762182
v 0.06215920028998141 0.1253675909090909 0.3750166717171718
v 0.07104486868686878 0.12021030916397517 0.3750166717171718
v 0.07104486868686878 0.1253675909090909 0.3819930847173733
v 0.08197484848484854 0.1253675909090909 0.21963018155858793
v 0.08197484848484854 0.1253675909090909 0.2545487288042801
v 0.08197484848484854 0.1253675909090909 0.30948196254620014
v 0.08197484848484854 0.1253675909090909 0.3868130262057454
v 0.09255714417279921 0.1253675909090909 0.2250835404040405
v 0.09290482828282828 0.1253675909090909 0.22547591929191274
v 0.09290482828282828 0.1253675909090909 0.2542074641555607
v 0.09290482828282828 0.1253675909090909 0.3137436406197848
v 0.09290482828282828 0.1214854466944259 0.31504341919191936
v 0.09290482828282828 0.1253675909090909 0.38902564056936884
v 0.10383480808080815 0.1253675909090909 0.23946318311417397
v 0.10383480808080815 0.12455180525675408 0.24007685353535355
v 0.10383480808080815 0.1253675909090909 0.24140113021389076
v 0.0951116563101867 0.1253675909090909 0.31504341919191936
v 0.10383480808080815 0.1253675909090909 0.3272696267705658
v 0.10383480808080815 0.11920884653686459 0.33003673232323244
v 0.10383480808080815 0.1253675909090909 0.3893061027449776
v 0.10439637488232197 0.1253675909090909 0.24007685353535355
v 0.10652315474875568 0.1253675909090909 0.33003673232323244
v 0.1147647878787879 0.1253675909090909 0.3409224522236074
v 0.1147647878787879 0.11849291685140616 0.3450300454545455
v 0.1147647878787879 0.1253675909090909 0.3875835216315046
v 0.12056759789050009 0.1253675909090909 0.3450300454545455
v 0.12569476767676777 0.1253675909090909 0.3525784267908438
v 0.12569476767676777 0.11966954290134467 0.3600233585858587
v 0.12569476767676777 0.12106987977347085 0.3750166717171718
v 0.12569476767676777 0.1253675909090909 0.3826836205020674
v 0.13457985861974606 0.1253675909090909 0.3600233585858587
v 0.13507055378460542 0.1253675909090909 0.3750166717171718
v -0.1608524610379345 0.13334340909090914 0.3750166717171718
v -0.15848470707070703 0.13334340909090914 0.3689216172522587
v -0.15848470707070703 0.1322533191789914 0.3750166717171718
v -0.15848470707070703 0.13334340909090914 0.37799809895638176
v -0.15524379486656056 0.13334340909090914 0.3600233585858587
v -0.14755472727272725 0.13334340909090914 0.35603670893363887
v -0.14755472727272725 0.13014318232593705 0.3600233585858587
v -0.14755472727272725 0.12907637054472962 0.3750166717171718
v -0.14755472727272725 0.13334340909090914 0.3860865306636084
v -0.13662474747474745 0.13334340909090914 0.3516104605250396
v -0.13662474747474745 0.1260675880352804 0.3600233585858587
v -0.13662474747474745 0.12554870479427852 0.3750166717171718
v -0.13662474747474745 0.13334340909090914 0.3892296706341768
v -0.12569476767676765 0.13334340909090914 0.34706469996894385
v -0.13372149935964373 0.13334340909090914 0.39000998484848504
v -0.12569476767676765 0.13143184355831752 0.39000998484848504
v -0.12569476767676765 0.13334340909090914 0.3919062473271105
v -0.12406858588211857 0.13334340909090914 0.3450300454545455
v -0.11476478787878784 0.13334340909090914 0.339998947561437
v -0.11476478787878784 0.12912088117838746 0.39000998484848504
v -0.11476478787878784 0.13334340909090914 0.3935638123641616
v -0.11172116497327689 0.13334340909090914 0.24007685353535355
v -0.10383480808080803 0.13334340909090914 0.23299165139233408
v -0.11060353191636849 0.13334340909090914 0.2550701666666668
v -0.10383480808080803 0.12772118315276074 0.2550701666666668
v -0.10383480808080803 0.13334340909090914 0.2586236583545858
v -0.10657535962445829 0.13334340909090914 0.33003673232323244
v -0.10383480808080803 0.13334340909090914 0.32687381619309985
v -0.10383480808080803 0.12756335459188445 0.39000998484848504
v -0.10383480808080803 0.13334340909090914 0.39438175799923625
v -0.09290482828282823 0.13021272259333605 0.2250835404040405
v -0.09290482828282823 0.13334340909090914 0.22614120118503608
v -0.09290482828282823 0.13334340909090914 0.26028234926899496
v -0.09843265102260979 0.13334340909090914 0.31504341919191936
v -0.09290482828282823 0.13334340909090914 0.31121345558385544
v -0.09290482828282823 0.12834077807516733 0.39000998484848504
v -0.09290482828282823 0.13334340909090914 0.393741989962664
v -0.09146195081176435 0.13334340909090914 0.2250835404040405
v -0.08197484848484847 0.13334340909090914 0.21779157384422732
v -0.08197484848484847 0.13334340909090914 0.25912486834551934
v -0.08197484848484847 0.13334340909090914 0.3096435308957831
v -0.08197484848484847 0.1320155187692709 0.39000998484848504
v -0.08197484848484847 0.13334340909090914 0.3911223712937305
v -0.07104486868686867 0.13117321307808355 0.18010360101010112
v -0.07104486868686867 0.13334340909090914 0.2177316807459321
v -0.07104486868686867 0.13267372074921963 0.2550701666666668
v -0.07104486868686867 0.13334340909090914 0.2552836706215311
v -0.07104486868686867 0.13334340909090914 0.31046506531057794
v -0.07922021618778537 0.13334340909090914 0.39000998484848504
v -0.07104486868686867 0.13334340909090914 0.3874793527062646
v -0.060633131818925504 0.13334340909090914 0.15011697474747485
v -0.06011488888888886 0.13334340909090914 0.14865825458743206
v -0.06764573515426826 0.13334340909090914 0.1651102878787879
v -0.07070293474288533 0.13334340909090914 0.18010360101010112
v -0.06823286019868703 0.13334340909090914 0.1950969141414142
v -0.06011488888888886 0.13334340909090914 0.19751539963541137
v -0.06011488888888886 0.13334340909090914 0.222734612172425
v -0.06999389158331824 0.13334340909090914 0.2550701666666668
v -0.06011488888888886 0.13334340909090914 0.25152975542187533
v -0.06028943808489093 0.13334340909090914 0.3000501060606061
v -0.06011488888888886 0.13334340909090914 0.29871372978777433
v -0.06011488888888886 0.13108051691702785 0.3000501060606061
v -0.06011488888888886 0.1280463212319236 0.3750166717171718
v -0.06011488888888886 0.13334340909090914 0.3827204097222073
v -0.04918490909090905 0.1259864881426244 -0.02980278282828276
v -0.04918490909090905 0.12864329557514237 -0.0148094696969697
v -0.04918490909090905 0.1301194486589023 0.000183843434343447
v -0.04918490909090905 0.13061494435825766 0.015177156565656593
v -0.04918490909090905 0.13099074873898534 0.030170469696969824
v -0.04918490909090905 0.1312989972749864 0.045163782828282886
v -0.04918490909090905 0.1295761744940567 0.06015709595959595
v -0.04918490909090905 0.12944199172652046 0.07515040909090918
v -0.04918490909090905 0.1294262564792217 0.09014372222222225
v -0.04918490909090905 0.1297896488219078 0.10513703535353548
v -0.04918490909090905 0.13161452730332254 0.12013034848484853
v -0.05278617413583896 0.13334340909090914 0.1351236616161616
v -0.04918490909090905 0.13334340909090914 0.12467534788654769
v -0.05145866416582037 0.13334340909090914 0.21009022727272741
v -0.04918490909090905 0.13096110368511577 0.21009022727272741
v -0.056373172144096796 0.13334340909090914 0.2550701666666668
v -0.0500989297135185 0.13334340909090914 0.27006347979797984
v -0.04918490909090905 0.12939357679447092 0.27006347979797984
v -0.04918490909090905 0.13334340909090914 0.27156423485949915
v -0.04918490909090905 0.13334340909090914 0.2905640961351751
v -0.04918490909090905 0.1267321773927104 0.3600233585858587
v -0.04918490909090905 0.13221692912420185 0.3750166717171718
v -0.04918490909090905 0.13334340909090914 0.3776993323264302
v -0.03825492929292924 0.12964178533805548 -0.02980278282828276
v -0.03825492929292924 0.13232506949439554 -0.0148094696969697
v -0.040305515976443655 0.13334340909090914 0.000183843434343447
v -0.03825492929292924 0.13334340909090914 -0.005810086009792558
v -0.042290037164976854 0.13334340909090914 0.015177156565656593
v -0.0438800458623909 0.13334340909090914 0.030170469696969824
v -0.04512012072682945 0.13334340909090914 0.045163782828282886
v -0.041729717789374295 0.13334340909090914 0.06015709595959595
v -0.04211519679696065 0.13334340909090914 0.07515040909090918
v -0.042551243183795516 0.13334340909090914 0.09014372222222225
v -0.04380208839405606 0.13334340909090914 0.10513703535353548
v -0.04691528292622972 0.13334340909090914 0.12013034848484853
v -0.043140152664512446 0.13334340909090914 0.2850567929292931
v -0.03825492929292924 0.1292472705087038 0.3600233585858587
v -0.03825492929292924 0.1323102308017824 0.3750166717171718
v -0.03825492929292924 0.13334340909090914 0.3786017659891199
v -0.02732494949494943 0.12739382911682037 -0.04479609595959591
v -0.02732494949494943 0.13217725626510374 -0.02980278282828276
v -0.03409992145968222 0.13334340909090914 -0.0148094696969697
v -0.02732494949494943 0.13334340909090914 -0.023775591522795
v -0.02732494949494943 0.13105845924613108 0.2250835404040405
v -0.02732494949494943 0.12862427566707818 0.24007685353535355
v -0.02732494949494943 0.12852579819666748 0.2550701666666668
v -0.02732494949494943 0.12867049729486219 0.3600233585858587
v -0.02732494949494943 0.1298598904135892 0.3750166717171718
v -0.02732494949494943 0.13334340909090914 0.3857441202421353
v -0.016394969696969682 0.12883688962698475 -0.04479609595959591
v -0.016394969696969682 0.1331312617695275 -0.02980278282828276
v -0.016394969696969682 0.13334340909090914 -0.02890017445069781
v -0.016394969696969682 0.12931442597050619 0.21009022727272741
v -0.016394969696969682 0.13332433252910536 0.2250835404040405
v -0.02079984430113242 0.13334340909090914 0.24007685353535355
v -0.016394969696969682 0.13334340909090914 0.22544734122906204
v -0.01911853633083483 0.13334340909090914 0.2550701666666668
v -0.016394969696969682 0.13334340909090914 0.25897811438561086
v -0.016394969696969682 0.12857605676069514 0.27006347979797984
v -0.018777080902456562 0.13334340909090914 0.39000998484848504
v -0.016394969696969682 0.13294419797092105 0.39000998484848504
v -0.016394969696969682 0.13334340909090914 0.3913694632360031
v -0.005464989898989875 0.12953914944713035 -0.04479609595959591
v -0.01271480343671394 0.13334340909090914 -0.02980278282828276
v -0.005464989898989875 0.13334340909090914 -0.03134225310983401
v -0.005464989898989875 0.12922162094776168 0.1950969141414142
v -0.005464989898989875 0.1290008756221662 0.21009022727272741
v -0.01618679969246889 0.13334340909090914 0.2250835404040405
v -0.005464989898989875 0.13334340909090914 0.22203979073510838
v -0.014188067286757042 0.13334340909090914 0.27006347979797984
v -0.005464989898989875 0.13334340909090914 0.28473666737216496
v -0.005464989898989875 0.13319069596130592 0.2850567929292931
v -0.005464989898989875 0.13076095560612075 0.3000501060606061
v -0.005464989898989875 0.13147296862113508 0.39000998484848504
v -0.005464989898989875 0.13334340909090914 0.39803813786547043
v 0.0054649898989899345 0.12939813954043133 -0.04479609595959591
v 0.0054649898989899345 0.13334340909090914 -0.030675879065528263
v 0.0010800306109504032 0.13334340909090914 0.1351236616161616
v 0.0054649898989899345 0.13334340909090914 0.12145925415616879
v 0.0054649898989899345 0.13092515525841558 0.1351236616161616
v -0.000774150333287039 0.13334340909090914 0.15011697474747485
v 0.0054649898989899345 0.1286359238403929 0.15011697474747485
v -0.000270829209445783 0.13334340909090914 0.1651102878787879
v 0.0054649898989899345 0.12699529951237812 0.1651102878787879
v 0.0054649898989899345 0.13334340909090914 0.17918090992175842
v 0.0054649898989899345 0.1305454127210852 0.1950969141414142
v 0.0054649898989899345 0.12718712135498472 0.21009022727272741
v 0.0054649898989899345 0.13334340909090914 0.2216592380556513
v 0.0054649898989899345 0.13334340909090914 0.28445757980260566
v 0.0054649898989899345 0.13306464069578072 0.2850567929292931
v 0.0054649898989899345 0.1306947846709343 0.3000501060606061
v 0.0054649898989899345 0.13145372951929232 0.39000998484848504
v 0.0054649898989899345 0.13334340909090914 0.39808222612135613
v 0.016394969696969804 0.1284137108871715 -0.04479609595959591
v 0.008046024962981742 0.13334340909090914 -0.02980278282828276
v 0.016394969696969804 0.13259062399926316 -0.02980278282828276
v 0.016394969696969804 0.13334340909090914 -0.025415932720922265
v 0.012061603662924008 0.13334340909090914 0.10513703535353548
v 0.016394969696969804 0.13334340909090914 0.09454636884726526
v 0.016394969696969804 0.1315998301648199 0.10513703535353548
v 0.0060211702725221986 0.13334340909090914 0.12013034848484853
v 0.016394969696969804 0.1276752892354911 0.12013034848484853
v 0.005542511285362812 0.13334340909090914 0.18010360101010112
v 0.007615680111871985 0.13334340909090914 0.1950969141414142
v 0.016394969696969804 0.13095553076595176 0.1950969141414142
v 0.016394969696969804 0.13334340909090914 0.20856156945236348
v 0.009320564107733622 0.13334340909090914 0.2250835404040405
v 0.016394969696969804 0.1319751582259811 0.2250835404040405
v 0.01556588477503113 0.13334340909090914 0.24007685353535355
v 0.016394969696969804 0.13289733203344628 0.24007685353535355
v 0.01567135240442589 0.13334340909090914 0.2550701666666668
v 0.016394969696969804 0.13202939807835165 0.2550701666666668
v 0.013475661850924112 0.13334340909090914 0.27006347979797984
v 0.016394969696969804 0.12646543415580025 0.27006347979797984
v 0.016394969696969804 0.13282457482014556 0.39000998484848504
v 0.016394969696969804 0.13334340909090914 0.3917372183258136
v 0.02732494949494955 0.12654404574896816 -0.04479609595959591
v 0.02732494949494955 0.1307697678574431 -0.02980278282828276
v 0.02670916986892932 0.13334340909090914 -0.0148094696969697
v 0.02732494949494955 0.1332340124029573 -0.0148094696969697
v 0.02732494949494955 0.13334340909090914 -0.013548210147015738
v 0.026607495137670144 0.13334340909090914 0.06015709595959595
v 0.02732494949494955 0.13334340909090914 0.0563468871770021
v 0.02732494949494955 0.13309072859606197 0.06015709595959595
v 0.022870699149395515 0.13334340909090914 0.07515040909090918
v 0.02732494949494955 0.1315471196157258 0.07515040909090918
v 0.01832265127027791 0.13334340909090914 0.09014372222222225
v 0.02732494949494955 0.12910455735042534 0.09014372222222225
v 0.017062605950874228 0.13334340909090914 0.21009022727272741
v 0.02732494949494955 0.13334340909090914 0.22074800306942674
v 0.02732494949494955 0.1283326485491494 0.3600233585858587
v 0.02732494949494955 0.12928454549504953 0.3750166717171718
v 0.01956324933206284 0.13334340909090914 0.39000998484848504
v 0.02732494949494955 0.13334340909090914 0.38631642039299635
v 0.0382549292929293 0.12802671023892223 -0.02980278282828276
v 0.0382549292929293 0.13039534484162868 -0.0148094696969697
v 0.03168404811250988 0.13334340909090914 0.000183843434343447
v 0.0382549292929293 0.13145296978557136 0.000183843434343447
v 0.03284052229113188 0.13334340909090914 0.015177156565656593
v 0.0382549292929293 0.1315579973699873 0.015177156565656593
v 0.03569512376750315 0.13334340909090914 0.030170469696969824
v 0.0382549292929293 0.13229408492513842 0.030170469696969824
v 0.02931082818561835 0.13334340909090914 0.045163782828282886
v 0.0382549292929293 0.12947766559143742 0.045163782828282886
v 0.0382549292929293 0.12775935786190135 0.06015709595959595
v 0.0382549292929293 0.12538170820925704 0.07515040909090918
v 0.0382549292929293 0.13334340909090914 0.22327517820746332
v 0.0382549292929293 0.12842966658626465 0.3600233585858587
v 0.0382549292929293 0.13158627815552515 0.3750166717171718
v 0.0382549292929293 0.13334340909090914 0.38022424836108104
v 0.04918490909090917 0.1264789457404886 -0.0148094696969697
v 0.04918490909090917 0.12717632305990906 0.000183843434343447
v 0.04918490909090917 0.1267586157140814 0.015177156565656593
v 0.04918490909090917 0.12655652593599728 0.030170469696969824
v 0.048885294949959364 0.13334340909090914 0.2250835404040405
v 0.04918490909090917 0.13324707329439558 0.2250835404040405
v 0.04918490909090917 0.13334340909090914 0.22547675118271798
v 0.04417663535861461 0.13334340909090914 0.2850567929292931
v 0.04918490909090917 0.13334340909090914 0.2717032050840908
v 0.04918490909090917 0.13334340909090914 0.29032320898829045
v 0.04918490909090917 0.1309989666659548 0.3750166717171718
v 0.04918490909090917 0.13334340909090914 0.3799489080784769
v 0.06011488888888892 0.13322449670300238 0.2250835404040405
v 0.06011488888888892 0.13334340909090914 0.22774584457928823
v 0.05482245278439445 0.13334340909090914 0.2550701666666668
v 0.06011488888888892 0.13334340909090914 0.247101526993244
v 0.050064144246339065 0.13334340909090914 0.27006347979797984
v 0.06011488888888892 0.13334340909090914 0.29872752109473694
v 0.06011488888888892 0.13108929333986813 0.3000501060606061
v 0.06011488888888892 0.1265662148907156 0.3750166717171718
v 0.06011488888888892 0.13334340909090914 0.38402155202500504
v 0.06046972339354784 0.13334340909090914 0.2250835404040405
v 0.07104486868686878 0.13334340909090914 0.2208624482343694
v 0.07104486868686878 0.13334340909090914 0.2530817218965837
v 0.0602895464527987 0.13334340909090914 0.3000501060606061
v 0.07104486868686878 0.13334340909090914 0.3106459538549926
v 0.07104486868686878 0.13334340909090914 0.38834686173005206
v 0.08197484848484854 0.13334340909090914 0.22099766935415854
v 0.07847084495773853 0.13334340909090914 0.2550701666666668
v 0.08197484848484854 0.12860029983254384 0.2550701666666668
v 0.08197484848484854 0.13334340909090914 0.25614205296317016
v 0.08197484848484854 0.13334340909090914 0.30970631207919863
v 0.07674455125819402 0.13334340909090914 0.39000998484848504
v 0.08197484848484854 0.13066647912844886 0.39000998484848504
v 0.08197484848484854 0.13334340909090914 0.39202341891900155
v 0.08854264685767076 0.13334340909090914 0.2250835404040405
v 0.09290482828282828 0.13334340909090914 0.2278577324059323
v 0.09290482828282828 0.12768865750180822 0.2550701666666668
v 0.09290482828282828 0.13334340909090914 0.2571145616420205
v 0.09290482828282828 0.13334340909090914 0.3117710888235984
v 0.09290482828282828 0.12708942040174925 0.39000998484848504
v 0.09290482828282828 0.13334340909090914 0.39455479860633574
v 0.10383480808080815 0.13334340909090914 0.23622021241776958
v 0.10061042159797308 0.13334340909090914 0.2550701666666668
v 0.10383480808080815 0.13334340909090914 0.25279389298227756
v 0.09767840208260326 0.13334340909090914 0.31504341919191936
v 0.10383480808080815 0.13334340909090914 0.3278627007835582
v 0.10383480808080815 0.12648415941446056 0.39000998484848504
v 0.10383480808080815 0.13334340909090914 0.3951358621278969
v 0.10843266419918292 0.13334340909090914 0.24007685353535355
v 0.10571887278506442 0.13334340909090914 0.33003673232323244
v 0.1147647878787879 0.13334340909090914 0.3403463467592292
v 0.1147647878787879 0.12839574240419016 0.39000998484848504
v 0.1147647878787879 0.13334340909090914 0.39404197257875534
v 0.12400543995785007 0.13334340909090914 0.3450300454545455
v 0.12569476767676777 0.13334340909090914 0.3470038814823359
v 0.12569476767676777 0.13173069115747935 0.39000998484848504
v 0.12569476767676777 0.13334340909090914 0.3915632134811005
v 0.1366247474747475 0.13334340909090914 0.3530145293544014
v 0.1366247474747475 0.1266393373192 0.3600233585858587
v 0.1366247474747475 0.12605723164827667 0.3750166717171718
v 0.13100698272100636 0.13334340909090914 0.39000998484848504
v 0.1366247474747475 0.13334340909090914 0.3880970909561792
v 0.1475547272727274 0.13334340909090914 0.3588768169570794
v 0.1475547272727274 0.13230256723184664 0.3600233585858587
v 0.1475547272727274 0.13061704827427206 0.3750166717171718
v 0.1475547272727274 0.13334340909090914 0.3813344413501092
v 0.14981382541372423 0.13334340909090914 0.3600233585858587
v 0.1539950849703405 0.13334340909090914 0.3750166717171718
v -0.17320723496402007 0.14131922727272728 0.3600233585858587
v -0.16941468686868683 0.14131922727272728 0.3574255591401877
v -0.16941468686868683 0.13912249967662868 0.3600233585858587
v -0.17809800080715285 0.14131922727272728 0.3750166717171718
v -0.16941468686868683 0.1370296690524419 0.3750166717171718
v -0.16941468686868683 0.14131922727272728 0.3865158690106817
v -0.15848470707070703 0.14131922727272728 0.35099821888558186
v -0.15848470707070703 0.1344396835408853 0.3600233585858587
v -0.16471563998179986 0.14131922727272728 0.39000998484848504
v -0.15848470707070703 0.13895691623259385 0.39000998484848504
v -0.15848470707070703 0.14131922727272728 0.3928697624345252
v -0.14755472727272725 0.14131922727272728 0.3463775641951753
v -0.14755472727272725 0.13576947172440032 0.39000998484848504
v -0.14755472727272725 0.14131922727272728 0.395315522105062
v -0.1385692722236378 0.14131922727272728 0.3450300454545455
v -0.13662474747474745 0.14131922727272728 0.3448767156080109
v -0.13662474747474745 0.14093388123213796 0.3450300454545455
v -0.13662474747474745 0.13401665011328226 0.39000998484848504
v -0.13662474747474745 0.14131922727272728 0.3968610674185613
v -0.1347927143193364 0.14131922727272728 0.3450300454545455
v -0.12569476767676765 0.14131922727272728 0.34585196649491157
v -0.12569476767676765 0.14131922727272728 0.3975105432809319
v -0.12057699476032901 0.14131922727272728 0.2550701666666668
v -0.11476478787878784 0.14131922727272728 0.2477184068456093
v -0.11476478787878784 0.13571274511487483 0.2550701666666668
v -0.11476478787878784 0.14131922727272728 0.2602554168045357
v -0.12437250466650997 0.14131922727272728 0.3450300454545455
v -0.11476478787878784 0.14131922727272728 0.3426030245060802
v -0.11476478787878784 0.14131922727272728 0.39774738038347107
v -0.11279236743895159 0.14131922727272728 0.24007685353535355
v -0.10383480808080803 0.14131922727272728 0.23315216350134374
v -0.10383480808080803 0.14131922727272728 0.26199115863995465
v -0.10383480808080803 0.13510976745544848 0.33003673232323244
v -0.10383480808080803 0.14131922727272728 0.3335545298050228
v -0.10383480808080803 0.14131922727272728 0.39776165857353996
v -0.09290482828282823 0.14131922727272728 0.23335111235316605
v -0.09290482828282823 0.14131922727272728 0.2603895915879783
v -0.0993866777111036 0.14131922727272728 0.31504341919191936
v -0.09290482828282823 0.14131922727272728 0.30940697377309667
v -0.10221268083083106 0.14131922727272728 0.33003673232323244
v -0.09290482828282823 0.14131922727272728 0.3970188351639416
v -0.08197484848484847 0.13412106780672903 0.2250835404040405
v -0.08197484848484847 0.14131922727272728 0.23630528158754324
v -0.08197484848484847 0.14131922727272728 0.25790027967580925
v -0.08197484848484847 0.14131922727272728 0.30932156506957115
v -0.08197484848484847 0.14131922727272728 0.39507118582469936
v -0.07104486868686867 0.13660477426448106 0.2250835404040405
v -0.07104486868686867 0.14131922727272728 0.2369561163007262
v -0.07388257819704679 0.14131922727272728 0.2550701666666668
v -0.07104486868686867 0.14131922727272728 0.2537105058807402
v -0.07104486868686867 0.13463113762725545 0.2550701666666668
v -0.07104486868686867 0.14131922727272728 0.3084623755434699
v -0.07104486868686867 0.13869622553348365 0.39000998484848504
v -0.07104486868686867 0.14131922727272728 0.39167960175206834
v -0.06011488888888886 0.13420638961184 0.15011697474747485
v -0.06382145512188639 0.14131922727272728 0.1651102878787879
v -0.06011488888888886 0.14131922727272728 0.15652114079132431
v -0.06758601786341732 0.14131922727272728 0.18010360101010112
v -0.06416589593223611 0.14131922727272728 0.1950969141414142
v -0.06011488888888886 0.14131922727272728 0.19776671954379385
v -0.06011488888888886 0.138040169647576 0.2250835404040405
v -0.06011488888888886 0.14131922727272728 0.23817515482988716
v -0.06011488888888886 0.14131922727272728 0.24597308359222073
v -0.06073707033614563 0.14131922727272728 0.3000501060606061
v -0.06011488888888886 0.14131922727272728 0.2965951715065596
v -0.06543605622467207 0.14131922727272728 0.39000998484848504
v -0.06011488888888886 0.14131922727272728 0.38880536845529184
v -0.04918490909090905 0.13693541193750694 0.1351236616161616
v -0.05475668041668263 0.14131922727272728 0.15011697474747485
v -0.04918490909090905 0.14131922727272728 0.14102589145101374
v -0.05255460481385699 0.14131922727272728 0.21009022727272741
v -0.05085899982239138 0.14131922727272728 0.2250835404040405
v -0.05228242163785034 0.14131922727272728 0.2550701666666668
v -0.04918490909090905 0.14131922727272728 0.260179994990165
v -0.04918490909090905 0.1363568196243148 0.27006347979797984
v -0.04918490909090905 0.14131922727272728 0.28980624709588915
v -0.04918490909090905 0.14131922727272728 0.38760322098770483
v -0.03825492929292924 0.13408797525076738 0.000183843434343447
v -0.03825492929292924 0.13492780897141168 0.015177156565656593
v -0.03825492929292924 0.13574535270163618 0.030170469696969824
v -0.03825492929292924 0.1365641827845262 0.045163782828282886
v -0.03825492929292924 0.13497807703602657 0.06015709595959595
v -0.03825492929292924 0.13527624605529548 0.07515040909090918
v -0.03825492929292924 0.13557369947372377 0.09014372222222225
v -0.03825492929292924 0.13641233565820504 0.10513703535353548
v -0.03825492929292924 0.1384522804340683 0.12013034848484853
v -0.04200591513087831 0.14131922727272728 0.1351236616161616
v -0.03825492929292924 0.14131922727272728 0.1290305955934027
v -0.04615128863086511 0.14131922727272728 0.27006347979797984
v -0.043465252797539114 0.14131922727272728 0.2850567929292931
v -0.03825492929292924 0.14131922727272728 0.3896460212827151
v -0.02732494949494943 0.1350671120573095 -0.0148094696969697
v -0.02732494949494943 0.13667908716544386 0.000183843434343447
v -0.02732494949494943 0.1380472989724886 0.015177156565656593
v -0.02732494949494943 0.13904970230078972 0.030170469696969824
v -0.02732494949494943 0.1400871024304049 0.045163782828282886
v -0.02732494949494943 0.13849024359184367 0.06015709595959595
v -0.02732494949494943 0.1388630828373711 0.07515040909090918
v -0.02732494949494943 0.13911955746413326 0.09014372222222225
v -0.02732494949494943 0.1397404919880473 0.10513703535353548
v -0.02732494949494943 0.14119754044109428 0.12013034848484853
v -0.02732494949494943 0.14131922727272728 0.12064150528652887
v -0.037500419794233575 0.14131922727272728 0.39000998484848504
v -0.02732494949494943 0.1377196656278815 0.39000998484848504
v -0.02732494949494943 0.14131922727272728 0.3951550796744632
v -0.016394969696969682 0.1368594426828964 -0.0148094696969697
v -0.016394969696969682 0.1384856320828426 0.000183843434343447
v -0.016394969696969682 0.14002190393255762 0.015177156565656593
v -0.016394969696969682 0.14097839164968806 0.030170469696969824
v -0.016394969696969682 0.13998447869236563 0.045163782828282886
v -0.016394969696969682 0.1402751158985364 0.06015709595959595
v -0.016394969696969682 0.14049846755411236 0.07515040909090918
v -0.016394969696969682 0.1404703868732534 0.09014372222222225
v -0.016394969696969682 0.14054429359834045 0.10513703535353548
v -0.016394969696969682 0.14103346820901633 0.12013034848484853
v -0.016394969696969682 0.14131922727272728 0.12303282484376206
v -0.016394969696969682 0.1386462061688066 0.24007685353535355
v -0.016394969696969682 0.13493445455220546 0.2550701666666668
v -0.016394969696969682 0.14131922727272728 0.4000800742426621
v -0.005464989898989875 0.1338600634267802 -0.02980278282828276
v -0.005464989898989875 0.13712580209979647 -0.0148094696969697
v -0.005464989898989875 0.1392698467762073 0.000183843434343447
v -0.005464989898989875 0.14075444145485633 0.015177156565656593
v -0.01106654706169849 0.14131922727272728 0.030170469696969824
v -0.005464989898989875 0.14131922727272728 0.02438464199715519
v -0.005464989898989875 0.14131922727272728 0.03440626864230537
v -0.005464989898989875 0.14047063873415422 0.045163782828282886
v -0.005464989898989875 0.14057905451365274 0.06015709595959595
v -0.005464989898989875 0.14050956220914562 0.07515040909090918
v -0.005464989898989875 0.14014564666146767 0.09014372222222225
v -0.005464989898989875 0.13935454884790913 0.10513703535353548
v -0.005464989898989875 0.1384308929459701 0.12013034848484853
v -0.014100972907298816 0.14131922727272728 0.1351236616161616
v -0.005464989898989875 0.13789543749792665 0.1351236616161616
v -0.010031436259698552 0.14131922727272728 0.15011697474747485
v -0.005464989898989875 0.1385294436628231 0.15011697474747485
v -0.005865188134654519 0.14131922727272728 0.1651102878787879
v -0.005464989898989875 0.14106838527184834 0.1651102878787879
v -0.005464989898989875 0.14131922727272728 0.16586466403724764
v -0.005464989898989875 0.13712200788904724 0.2250835404040405
v -0.005464989898989875 0.13605214947962282 0.24007685353535355
v -0.005464989898989875 0.13635579353139907 0.2550701666666668
v -0.005464989898989875 0.13588842163687642 0.27006347979797984
v -0.005464989898989875 0.14131922727272728 0.402484786714673
v 0.0054649898989899345 0.1336000501027939 -0.02980278282828276
v 0.0054649898989899345 0.13689216049079747 -0.0148094696969697
v 0.0054649898989899345 0.13873510869273076 0.000183843434343447
v 0.0054649898989899345 0.1404108553848139 0.015177156565656593
v 0.0023464034950256216 0.14131922727272728 0.030170469696969824
v 0.0054649898989899345 0.14118230584819608 0.030170469696969824
v 0.0054649898989899345 0.1396955155740934 0.045163782828282886
v 0.0054649898989899345 0.13951687167978088 0.06015709595959595
v 0.0054649898989899345 0.13903971901772655 0.07515040909090918
v 0.0054649898989899345 0.13807758052017377 0.09014372222222225
v 0.0054649898989899345 0.13632212559219667 0.10513703535353548
v 0.0054649898989899345 0.13369339474191494 0.12013034848484853
v -0.0028034327217518022 0.14131922727272728 0.18010360101010112
v 0.0054649898989899345 0.13363562793451492 0.18010360101010112
v -0.0001471099748160034 0.14131922727272728 0.1950969141414142
v 0.0054649898989899345 0.13717079847151017 0.1950969141414142
v 0.0054649898989899345 0.14131922727272728 0.20368874974276557
v 0.0054649898989899345 0.1375128343513199 0.2250835404040405
v 0.0054649898989899345 0.1356639401571358 0.24007685353535355
v 0.0054649898989899345 0.1361874411391692 0.2550701666666668
v 0.0054649898989899345 0.13582157819551927 0.27006347979797984
v 0.0054649898989899345 0.14131922727272728 0.40252078515452017
v 0.016394969696969804 0.13532286861922083 -0.0148094696969697
v 0.016394969696969804 0.13732578119905292 0.000183843434343447
v 0.016394969696969804 0.13873311207614214 0.015177156565656593
v 0.016394969696969804 0.1395239026087905 0.030170469696969824
v 0.016394969696969804 0.13764409285694928 0.045163782828282886
v 0.016394969696969804 0.13706326046988068 0.06015709595959595
v 0.016394969696969804 0.1360541367858388 0.07515040909090918
v 0.016394969696969804 0.13429114223505803 0.09014372222222225
v 0.009079555006088768 0.14131922727272728 0.21009022727272741
v 0.016394969696969804 0.1351053807604902 0.21009022727272741
v 0.016394969696969804 0.14131922727272728 0.2224699812097348
v 0.016394969696969804 0.14131922727272728 0.40014630124408407
v 0.02732494949494955 0.13465663543062162 0.000183843434343447
v 0.02732494949494955 0.1353425097399417 0.015177156565656593
v 0.02732494949494955 0.13660892189987187 0.030170469696969824
v 0.02732494949494955 0.1342028967003868 0.045163782828282886
v 0.023397864821551123 0.14131922727272728 0.2250835404040405
v 0.02732494949494955 0.14082000334128525 0.2250835404040405
v 0.02732494949494955 0.14131922727272728 0.22734215065775767
v 0.02732494949494955 0.13745093635879968 0.39000998484848504
v 0.02732494949494955 0.14131922727272728 0.39522421709522304
v 0.0382549292929293 0.1377456386233305 0.2250835404040405
v 0.0382549292929293 0.14131922727272728 0.23402313893204474
v 0.038083825918994306 0.14131922727272728 0.39000998484848504
v 0.0382549292929293 0.14131922727272728 0.3899322415248563
v 0.0473918828964938 0.14131922727272728 0.24007685353535355
v 0.04918490909090917 0.14057390435524017 0.24007685353535355
v 0.048273570959133066 0.14131922727272728 0.2550701666666668
v 0.04918490909090917 0.14063527999418346 0.2550701666666668
v 0.045740150568402735 0.14131922727272728 0.27006347979797984
v 0.04918490909090917 0.13590565670923316 0.27006347979797984
v 0.04341380725383065 0.14131922727272728 0.2850567929292931
v 0.04918490909090917 0.14131922727272728 0.2900522148816551
v 0.04918490909090917 0.14131922727272728 0.3883596185521922
v 0.06011488888888892 0.13671150502149096 0.24007685353535355
v 0.06011488888888892 0.14131922727272728 0.29683373331256774
v 0.06011488888888892 0.14131922727272728 0.38934925630662737
v 0.07104486868686878 0.13551580378160838 0.2250835404040405
v 0.06582759994900064 0.14131922727272728 0.24007685353535355
v 0.07104486868686878 0.14131922727272728 0.23906092400582693
v 0.07104486868686878 0.14131922727272728 0.24663493806080822
v 0.06073230262356923 0.14131922727272728 0.3000501060606061
v 0.07104486868686878 0.14131922727272728 0.30848563029149784
v 0.06298584211668767 0.14131922727272728 0.39000998484848504
v 0.07104486868686878 0.13723891420198567 0.39000998484848504
v 0.07104486868686878 0.14131922727272728 0.3923872482923532
v 0.08197484848484854 0.13385139084870687 0.2250835404040405
v 0.08197484848484854 0.14131922727272728 0.23671234566285432
v 0.08197484848484854 0.14131922727272728 0.2547843165977019
v 0.08197484848484854 0.13764567085228857 0.2550701666666668
v 0.08197484848484854 0.14131922727272728 0.3093426049458518
v 0.08197484848484854 0.14131922727272728 0.39556605080241963
v 0.09290482828282828 0.14131922727272728 0.2329032070677457
v 0.08606898761247411 0.14131922727272728 0.2550701666666668
v 0.09290482828282828 0.14131922727272728 0.2567157841383569
v 0.09290482828282828 0.14131922727272728 0.3109820677470789
v 0.09290482828282828 0.14131922727272728 0.3976463178533467
v 0.10383480808080815 0.14131922727272728 0.23540208446048685
v 0.10383480808080815 0.13541399701908896 0.2550701666666668
v 0.10383480808080815 0.14131922727272728 0.25778840363926625
v 0.09822173122245666 0.14131922727272728 0.31504341919191936
v 0.10194494534139088 0.14131922727272728 0.33003673232323244
v 0.10383480808080815 0.1344595594611982 0.33003673232323244
v 0.10383480808080815 0.14131922727272728 0.334268429145726
v 0.10383480808080815 0.14131922727272728 0.39829345670150584
v 0.11039245125017041 0.14131922727272728 0.24007685353535355
v 0.1147647878787879 0.14131922727272728 0.2537562184408087
v 0.1147647878787879 0.14008677303090133 0.2550701666666668
v 0.1147647878787879 0.14131922727272728 0.2562136751050852
v 0.1147647878787879 0.14131922727272728 0.3426450976719186
v 0.1147647878787879 0.14131922727272728 0.3978484257316076
v 0.11624276532977666 0.14131922727272728 0.2550701666666668
v 0.12569476767676777 0.14131922727272728 0.34471887479471947
v 0.12569476767676777 0.13906170235127355 0.3450300454545455
v 0.12569476767676777 0.14131922727272728 0.39685560756733507
v 0.12897896806144776 0.14131922727272728 0.3450300454545455
v 0.1366247474747475 0.14131922727272728 0.34662865033976564
v 0.1366247474747475 0.1350814625496678 0.39000998484848504
v 0.1366247474747475 0.14131922727272728 0.39551034689712955
v 0.1475547272727274 0.14131922727272728 0.3498848703799589
v 0.1475547272727274 0.13856333380734862 0.39000998484848504
v 0.1475547272727274 0.14131922727272728 0.3929527209145645
v 0.15848470707070714 0.14131922727272728 0.354378047987211
v 0.15848470707070714 0.13659032896913775 0.3600233585858587
v 0.15848470707070714 0.13496778802783202 0.3750166717171718
v 0.15651074890547031 0.14131922727272728 0.39000998484848504
v 0.15848470707070714 0.14131922727272728 0.38917970304479754
v 0.1680144341126699 0.14131922727272728 0.3600233585858587
v 0.16941468686868688 0.14131922727272728 0.36525617447947134
v 0.16941468686868688 0.13961031801068544 0.3750166717171718
v 0.16941468686868688 0.14131922727272728 0.37982152046046125
v 0.17272474866880805 0.14131922727272728 0.3750166717171718
v -0.19410565495662752 0.14929504545454553 0.3750166717171718
v -0.19127464646464645 0.14929504545454553 0.3699133841378626
v -0.19127464646464645 0.14774701197617943 0.3750166717171718
v -0.19127464646464645 0.14929504545454553 0.38088296264052246
v -0.18698983970138197 0.14929504545454553 0.3600233585858587
v -0.18034466666666663 0.14929504545454553 0.3561042904931993
v -0.18034466666666663 0.14527451204726433 0.3600233585858587
v -0.18034466666666663 0.14233356274337372 0.3750166717171718
v -0.18452549395754705 0.14929504545454553 0.39000998484848504
v -0.18034466666666663 0.1474102535842146 0.39000998484848504
v -0.18034466666666663 0.14929504545454553 0.39257094751767924
v -0.16941468686868683 0.14929504545454553 0.3492910327043115
v -0.16941468686868683 0.14299028804383618 0.39000998484848504
v -0.16941468686868683 0.14929504545454553 0.397250769936465
v -0.16158996387904737 0.14929504545454553 0.3450300454545455
v -0.15848470707070703 0.14929504545454553 0.34401844875975185
v -0.15848470707070703 0.147175070337407 0.3450300454545455
v -0.15848470707070703 0.14929504545454553 0.3998429121561183
v -0.14755472727272725 0.14929504545454553 0.3412738739752349
v -0.14755472727272725 0.1424383248007452 0.3450300454545455
v -0.14755472727272725 0.14929504545454553 0.4008819065319339
v -0.13662474747474745 0.14929504545454553 0.34072380264058993
v -0.13662474747474745 0.14929504545454553 0.40103996235072675
v -0.1283776312390425 0.14929504545454553 0.2550701666666668
v -0.12569476767676765 0.14929504545454553 0.2527915132493236
v -0.12569476767676765 0.14578657971770187 0.2550701666666668
v -0.12569476767676765 0.14929504545454553 0.25954577539188295
v -0.12797659473309367 0.14929504545454553 0.3450300454545455
v -0.12569476767676765 0.14929504545454553 0.3459995204852432
v -0.12569476767676765 0.14929504545454553 0.4005010942179905
v -0.11476478787878784 0.14929504545454553 0.24797351499971118
v -0.11476478787878784 0.14929504545454553 0.2654413812502601
v -0.11476478787878784 0.1439183121222696 0.3450300454545455
v -0.11476478787878784 0.14929504545454553 0.34926573336791206
v -0.11476478787878784 0.14929504545454553 0.39941981268494003
v -0.10383480808080803 0.14299089773298515 0.24007685353535355
v -0.10383480808080803 0.14929504545454553 0.2533247968707075
v -0.10383480808080803 0.14929504545454553 0.26257513055152076
v -0.1138231404852022 0.14929504545454553 0.3450300454545455
v -0.10383480808080803 0.14929504545454553 0.3378169610474306
v -0.10383480808080803 0.14929504545454553 0.39904938068581136
v -0.09290482828282823 0.14773457512406538 0.24007685353535355
v -0.09295345355526052 0.14929504545454553 0.2550701666666668
v -0.09290482828282823 0.149239381883017 0.2550701666666668
v -0.09290482828282823 0.14489476573204793 0.31504341919191936
v -0.10104995328154477 0.14929504545454553 0.33003673232323244
v -0.09290482828282823 0.14929504545454553 0.31693188848211373
v -0.09290482828282823 0.14929504545454553 0.3980635426885786
v -0.08197484848484847 0.14831389537716586 0.24007685353535355
v -0.08197484848484847 0.145102881979064 0.2550701666666668
v -0.08852638209138695 0.14929504545454553 0.31504341919191936
v -0.08197484848484847 0.14929504545454553 0.3063401635732107
v -0.08197484848484847 0.14929504545454553 0.39652574333723095
v -0.07104486868686867 0.1461334120825784 0.24007685353535355
v -0.07104486868686867 0.14929504545454553 0.30343098670019375
v -0.07104486868686867 0.14929504545454553 0.3941947804392721
v -0.06011488888888886 0.14624537237779567 0.1651102878787879
v -0.06192735924620786 0.14929504545454553 0.18010360101010112
v -0.06011488888888886 0.14929504545454553 0.171950461821858
v -0.06011488888888886 0.14929504545454553 0.18659466124246868
v -0.06011488888888886 0.14773606419185106 0.1950969141414142
v -0.06011488888888886 0.1431686435318204 0.24007685353535355
v -0.06289497391291407 0.14929504545454553 0.3000501060606061
v -0.06011488888888886 0.14929504545454553 0.29637101093684354
v -0.06011488888888886 0.14471227283033633 0.39000998484848504
v -0.06011488888888886 0.14929504545454553 0.3922253997663904
v -0.04918490909090905 0.14611440535199152 0.15011697474747485
v -0.05694421609180284 0.14929504545454553 0.1651102878787879
v -0.04918490909090905 0.14929504545454553 0.15391667083416993
v -0.05892072626206582 0.14929504545454553 0.1950969141414142
v -0.05081685646847726 0.14929504545454553 0.21009022727272741
v -0.04918490909090905 0.14929504545454553 0.21719318572211524
v -0.04918490909090905 0.1446148099525287 0.2250835404040405
v -0.04918490909090905 0.14583900539271757 0.24007685353535355
v -0.04918490909090905 0.1440956073872 0.2550701666666668
v -0.04918490909090905 0.14929504545454553 0.28918194723212126
v -0.04918490909090905 0.14586983564627212 0.39000998484848504
v -0.04918490909090905 0.14929504545454553 0.39232602542676803
v -0.03825492929292924 0.14308660325234893 0.1351236616161616
v -0.04177983765659864 0.14929504545454553 0.15011697474747485
v -0.03825492929292924 0.14929504545454553 0.1469763890095819
v -0.04377369278559158 0.14929504545454553 0.2250835404040405
v -0.04189502481533396 0.14929504545454553 0.24007685353535355
v -0.04206317574093439 0.14929504545454553 0.2550701666666668
v -0.04158366638198635 0.14929504545454553 0.27006347979797984
v -0.0439426954171542 0.14929504545454553 0.2850567929292931
v -0.03825492929292924 0.1420148406389708 0.39000998484848504
v -0.03825492929292924 0.14929504545454553 0.39534269191276616
v -0.02732494949494943 0.1445756042949826 0.1351236616161616
v -0.02732494949494943 0.14929504545454553 0.14707130857339187
v -0.02732494949494943 0.14929504545454553 0.39951686030447603
v -0.016394969696969682 0.1425024294052289 0.1351236616161616
v -0.025009320883502807 0.14929504545454553 0.15011697474747485
v -0.016394969696969682 0.14625687552314662 0.15011697474747485
v -0.016394969696969682 0.14929504545454553 0.15882850446655442
v -0.016394969696969682 0.14929504545454553 0.4027043373637938
v -0.005464989898989875 0.14169232161803466 0.030170469696969824
v -0.014621103036417055 0.14929504545454553 0.1651102878787879
v -0.00966828712138952 0.14929504545454553 0.18010360101010112
v -0.005464989898989875 0.14594510768404037 0.18010360101010112
v -0.006000565428955027 0.14929504545454553 0.1950969141414142
v -0.005464989898989875 0.14883203348096297 0.1950969141414142
v -0.005464989898989875 0.14929504545454553 0.1976669544471082
v -0.005464989898989875 0.14929504545454553 0.40418096121914626
v -0.002350051715125418 0.14929504545454553 0.21009022727272741
v 0.0054649898989899345 0.14540818258126237 0.21009022727272741
v 0.0054649898989899345 0.14929504545454553 0.22166655040763555
v 0.0054649898989899345 0.14929504545454553 0.4042086987647417
v 0.008169780299438214 0.14929504545454553 0.2250835404040405
v 0.016394969696969804 0.1439805316715268 0.2250835404040405
v 0.016394969696969804 0.14929504545454553 0.23618368695673125
v 0.016394969696969804 0.14929504545454553 0.4026993141501514
v 0.023391502872408647 0.14929504545454553 0.24007685353535355
v 0.02732494949494955 0.14841177134246245 0.24007685353535355
v 0.02732494949494955 0.14929504545454553 0.2440675294453692
v 0.02732494949494955 0.14929504545454553 0.39950289497755204
v 0.0382549292929293 0.14607826351861117 0.24007685353535355
v 0.03581669227392548 0.14929504545454553 0.2550701666666668
v 0.0382549292929293 0.14841186111184088 0.2550701666666668
v 0.0382549292929293 0.14929504545454553 0.2594503226981147
v 0.0382549292929293 0.1414774305907507 0.39000998484848504
v 0.0382549292929293 0.14929504545454553 0.3953739909266468
v 0.04054062747871434 0.14929504545454553 0.27006347979797984
v 0.04299152236711055 0.14929504545454553 0.2850567929292931
v 0.04918490909090917 0.14929504545454553 0.2899919389199862
v 0.04918490909090917 0.1450133683893098 0.39000998484848504
v 0.04918490909090917 0.14929504545454553 0.39246234479070913
v 0.06011488888888892 0.14929504545454553 0.2969386563157115
v 0.06011488888888892 0.14343018960247886 0.39000998484848504
v 0.06011488888888892 0.14929504545454553 0.39249610543577884
v 0.07104486868686878 0.14298163189421276 0.24007685353535355
v 0.062594384965664 0.14929504545454553 0.3000501060606061
v 0.07104486868686878 0.14929504545454553 0.3036060298823714
v 0.07104486868686878 0.14929504545454553 0.3943930368455411
v 0.08197484848484854 0.14749065005818476 0.24007685353535355
v 0.08197484848484854 0.14929504545454553 0.30672608708620236
v 0.08197484848484854 0.14929504545454553 0.39684229912010077
v 0.09290482828282828 0.14748277448839553 0.24007685353535355
v 0.09290482828282828 0.14343940992049595 0.2550701666666668
v 0.08993291572082494 0.14929504545454553 0.31504341919191936
v 0.09290482828282828 0.14545699598902112 0.31504341919191936
v 0.09290482828282828 0.14929504545454553 0.31604937770431285
v 0.09290482828282828 0.14929504545454553 0.3984991878816408
v 0.10383480808080815 0.1426609396467228 0.24007685353535355
v 0.09953238687747085 0.14929504545454553 0.2550701666666668
v 0.10383480808080815 0.14929504545454553 0.25433453336567974
v 0.10383480808080815 0.14929504545454553 0.2581320049083902
v 0.10081020234377534 0.14929504545454553 0.33003673232323244
v 0.10383480808080815 0.14929504545454553 0.33878302025287815
v 0.10383480808080815 0.14929504545454553 0.39921097250390714
v 0.1147647878787879 0.14929504545454553 0.24938621231064603
v 0.1147647878787879 0.14929504545454553 0.2638964622869294
v 0.11402880061879883 0.14929504545454553 0.3450300454545455
v 0.1147647878787879 0.14483985982397898 0.3450300454545455
v 0.1147647878787879 0.14929504545454553 0.34747737535002676
v 0.1147647878787879 0.14929504545454553 0.3992729977035583
v 0.12569476767676777 0.14929504545454553 0.2528758811722529
v 0.12569476767676777 0.14621711580255498 0.2550701666666668
v 0.12569476767676777 0.14929504545454553 0.26015722515712375
v 0.12212399000929741 0.14929504545454553 0.3450300454545455
v 0.12569476767676777 0.14929504545454553 0.3433128786648151
v 0.12569476767676777 0.14929504545454553 0.39938403075588286
v 0.12866105026595517 0.14929504545454553 0.2550701666666668
v 0.1366247474747475 0.14929504545454553 0.3431310630239878
v 0.1366247474747475 0.14371384088723432 0.3450300454545455
v 0.1366247474747475 0.14929504545454553 0.3992283191993868
v 0.1475547272727274 0.14929504545454553 0.34378972102568367
v 0.1475547272727274 0.14656595978047035 0.3450300454545455
v 0.1475547272727274 0.14929504545454553 0.3987824788972304
v 0.1565737672678406 0.14929504545454553 0.3450300454545455
v 0.15848470707070714 0.14929504545454553 0.3454989503654293
v 0.15848470707070714 0.14188463899736364 0.39000998484848504
v 0.15848470707070714 0.14929504545454553 0.39715449534075614
v 0.16941468686868688 0.14929504545454553 0.35128166167678426
v 0.16941468686868688 0.1419181104948732 0.3600233585858587
v 0.16941468686868688 0.14597773602964553 0.39000998484848504
v 0.16941468686868688 0.14929504545454553 0.39384691082413276
v 0.18034466666666676 0.14929504545454553 0.3589403472060949
v 0.18034466666666676 0.14819590466930901 0.3600233585858587
v 0.18034466666666676 0.144915389364499 0.3750166717171718
v 0.17671112620769738 0.14929504545454553 0.39000998484848504
v 0.18034466666666676 0.14929504545454553 0.3868391093650068
v 0.1820395658848245 0.14929504545454553 0.3600233585858587
v 0.18818316979769512 0.14929504545454553 0.3750166717171718
v -0.20842355379837518 0.15727086363636367 0.3750166717171718
v -0.20220462626262625 0.15727086363636367 0.36579616722455666
v -0.20220462626262625 0.15354490434479007 0.3750166717171718
v -0.20254493540779592 0.15727086363636367 0.39000998484848504
v -0.20220462626262625 0.1571015682484213 0.39000998484848504
v -0.20220462626262625 0.15727086363636367 0.3902787536294503
v -0.19905665205567408 0.15727086363636367 0.3600233585858587
v -0.19127464646464645 0.15727086363636367 0.3556873585825214
v -0.19127464646464645 0.15195092698079868 0.3600233585858587
v -0.19127464646464645 0.15213471410223695 0.39000998484848504
v -0.19127464646464645 0.15727086363636367 0.3967264533297942
v -0.18034466666666663 0.15727086363636367 0.34919222091549185
v -0.18034466666666663 0.15727086363636367 0.4005716320485715
v -0.17253424632748904 0.15727086363636367 0.3450300454545455
v -0.16941468686868683 0.15727086363636367 0.3440717188083259
v -0.16941468686868683 0.1547965819221687 0.3450300454545455
v -0.16941468686868683 0.15727086363636367 0.4027068201951701
v -0.15848470707070703 0.15727086363636367 0.34069841394335865
v -0.15848470707070703 0.15727086363636367 0.4035557583760522
v -0.14755472727272725 0.15727086363636367 0.3375591582452126
v -0.14755472727272725 0.15727086363636367 0.4035086862740703
v -0.13662474747474745 0.15727086363636367 0.33559063272681744
v -0.13662474747474745 0.15727086363636367 0.40273787699731084
v -0.13462922173000547 0.15727086363636367 0.2550701666666668
v -0.12569476767676765 0.15727086363636367 0.24523664941268367
v -0.12569476767676765 0.15727086363636367 0.2684202745856833
v -0.1281115592792468 0.15727086363636367 0.3450300454545455
v -0.12569476767676765 0.15727086363636367 0.3463274716562385
v -0.12569476767676765 0.15727086363636367 0.400663484782975
v -0.11476478787878784 0.15727086363636367 0.2506138972495403
v -0.11476478787878784 0.15727086363636367 0.26564876128064113
v -0.11476478787878784 0.15727086363636367 0.3558248917793056
v -0.11476478787878784 0.15727086363636367 0.3989802245960889
v -0.1059730294709938 0.15727086363636367 0.2550701666666668
v -0.10383480808080803 0.15446422586757427 0.2550701666666668
v -0.10383480808080803 0.1497961005894663 0.3450300454545455
v -0.10383480808080803 0.15727086363636367 0.3596208696739889
v -0.10383480808080803 0.15727086363636367 0.3979648140826755
v -0.09470431552834233 0.15727086363636367 0.33003673232323244
v -0.09290482828282823 0.15727086363636367 0.319709038238767
v -0.09339027000219871 0.15727086363636367 0.3450300454545455
v -0.09290482828282823 0.15727086363636367 0.3969560128204217
v -0.08908516473239005 0.15727086363636367 0.31504341919191936
v -0.08197484848484847 0.15727086363636367 0.3068852915166508
v -0.08197484848484847 0.15727086363636367 0.39569532160865556
v -0.07104486868686867 0.15727086363636367 0.3027807304126396
v -0.07104486868686867 0.15727086363636367 0.39412452966651057
v -0.06011488888888886 0.15148080403708905 0.18010360101010112
v -0.06385502953374847 0.15727086363636367 0.3000501060606061
v -0.06011488888888886 0.15727086363636367 0.2968906956098592
v -0.06011488888888886 0.15727086363636367 0.3931867312449934
v -0.04918490909090905 0.15503264968622701 0.1651102878787879
v -0.05296067729290494 0.15727086363636367 0.18010360101010112
v -0.04918490909090905 0.15727086363636367 0.17057118032316126
v -0.05193432725408459 0.15727086363636367 0.1950969141414142
v -0.04918490909090905 0.15727086363636367 0.20111482343706116
v -0.04918490909090905 0.15315870299174061 0.21009022727272741
v -0.04918490909090905 0.15727086363636367 0.2893877684988558
v -0.04918490909090905 0.15727086363636367 0.3942373003261457
v -0.03825492929292924 0.1505528116407493 0.15011697474747485
v -0.041338312383478244 0.15727086363636367 0.1651102878787879
v -0.03825492929292924 0.15727086363636367 0.16284891882067362
v -0.043866912281325186 0.15727086363636367 0.21009022727272741
v -0.03825492929292924 0.15727086363636367 0.221632087388472
v -0.03825492929292924 0.15544705670669087 0.2250835404040405
v -0.03825492929292924 0.15187724001658967 0.24007685353535355
v -0.03825492929292924 0.1527298282364367 0.2550701666666668
v -0.03825492929292924 0.15613930546738947 0.27006347979797984
v -0.04376281471588513 0.15727086363636367 0.2850567929292931
v -0.03825492929292924 0.15727086363636367 0.2713882549639085
v -0.03825492929292924 0.15727086363636367 0.3972164061080791
v -0.02732494949494943 0.15027637980242373 0.15011697474747485
v -0.03008179711812673 0.15727086363636367 0.1651102878787879
v -0.02732494949494943 0.157018821383138 0.1651102878787879
v -0.02732494949494943 0.15727086363636367 0.1656954620382115
v -0.032136731300302764 0.15727086363636367 0.2250835404040405
v -0.027471529323966324 0.15727086363636367 0.24007685353535355
v -0.031241384562331765 0.15727086363636367 0.2550701666666668
v -0.03731254255829543 0.15727086363636367 0.27006347979797984
v -0.02732494949494943 0.15727086363636367 0.40091583143077
v -0.016394969696969682 0.15127453796655968 0.1651102878787879
v -0.01798217299397501 0.15727086363636367 0.18010360101010112
v -0.016394969696969682 0.15643877746273618 0.18010360101010112
v -0.016394969696969682 0.15727086363636367 0.18454244854833043
v -0.016394969696969682 0.15727086363636367 0.40362527292688594
v -0.014125546273971192 0.15727086363636367 0.1950969141414142
v -0.012744435879404239 0.15727086363636367 0.21009022727272741
v -0.005464989898989875 0.15257825939363107 0.21009022727272741
v -0.008005078997947187 0.15727086363636367 0.2250835404040405
v -0.005464989898989875 0.15692271602077287 0.2250835404040405
v -0.005464989898989875 0.15727086363636367 0.2262933871497208
v -0.005464989898989875 0.15727086363636367 0.4048841649929979
v 0.0054649898989899345 0.1516551139789114 0.2250835404040405
v 0.0054649898989899345 0.15727086363636367 0.23565037074923562
v 0.0054649898989899345 0.15727086363636367 0.4048708640556566
v 0.009942825418288604 0.15727086363636367 0.24007685353535355
v 0.016394969696969804 0.15269389255566074 0.24007685353535355
v 0.016394969696969804 0.15727086363636367 0.2468991421870606
v 0.016394969696969804 0.15727086363636367 0.40355585431939617
v 0.024164850271269682 0.15727086363636367 0.2550701666666668
v 0.02732494949494955 0.15489921669938372 0.2550701666666668
v 0.02732494949494955 0.15727086363636367 0.25888022427890656
v 0.02732494949494955 0.15727086363636367 0.40077448744743094
v 0.03434420539543482 0.15727086363636367 0.27006347979797984
v 0.0382549292929293 0.15329348077671073 0.27006347979797984
v 0.0382549292929293 0.15727086363636367 0.2760261624799333
v 0.0382549292929293 0.15727086363636367 0.39705685494747556
v 0.04189511693206589 0.15727086363636367 0.2850567929292931
v 0.04918490909090917 0.15727086363636367 0.290910248631877
v 0.04918490909090917 0.15727086363636367 0.39394087895567326
v 0.06011488888888892 0.15727086363636367 0.29789993819291555
v 0.06011488888888892 0.15727086363636367 0.3930557522048081
v 0.06273521406690952 0.15727086363636367 0.3000501060606061
v 0.07104486868686878 0.15727086363636367 0.30330473053271856
v 0.07104486868686878 0.15727086363636367 0.39397234972152095
v 0.08197484848484854 0.15727086363636367 0.30769901667355876
v 0.08197484848484854 0.15727086363636367 0.3957337127995395
v 0.08830075568547521 0.15727086363636367 0.31504341919191936
v 0.09290482828282828 0.15727086363636367 0.32012765912075825
v 0.09290482828282828 0.15727086363636367 0.39711285832664134
v 0.10383480808080815 0.1512158315170516 0.2550701666666668
v 0.0945124386171698 0.15727086363636367 0.33003673232323244
v 0.09349457895231292 0.15727086363636367 0.3450300454545455
v 0.10383480808080815 0.14980057136458882 0.3450300454545455
v 0.10383480808080815 0.15727086363636367 0.3595801736676678
v 0.10383480808080815 0.15727086363636367 0.3978935392307877
v 0.10764098588763293 0.15727086363636367 0.2550701666666668
v 0.1147647878787879 0.15727086363636367 0.25098712062102163
v 0.1147647878787879 0.15727086363636367 0.2648071574807989
v 0.1147647878787879 0.15727086363636367 0.3529213796166293
v 0.1147647878787879 0.15727086363636367 0.39850140989792954
v 0.12569476767676777 0.15727086363636367 0.2452228862527045
v 0.12569476767676777 0.15727086363636367 0.2691285373337975
v 0.12426870370174678 0.15727086363636367 0.3450300454545455
v 0.12569476767676777 0.15727086363636367 0.3417311397657822
v 0.12569476767676777 0.15727086363636367 0.39979630264619526
v 0.13525174024429126 0.15727086363636367 0.2550701666666668
v 0.1366247474747475 0.15727086363636367 0.3411950342536282
v 0.1366247474747475 0.15727086363636367 0.4008011939634304
v 0.1475547272727274 0.15727086363636367 0.340082330005341
v 0.1475547272727274 0.15727086363636367 0.4016133179247413
v 0.15848470707070714 0.15727086363636367 0.3421048090466717
v 0.15848470707070714 0.14984195251359253 0.3450300454545455
v 0.15848470707070714 0.15727086363636367 0.40149868999892224
v 0.1679591009774518 0.15727086363636367 0.3450300454545455
v 0.16941468686868688 0.15727086363636367 0.34576576991880087
v 0.16941468686868688 0.15727086363636367 0.4001357608117733
v 0.18034466666666676 0.15727086363636367 0.35156237720663813
v 0.18034466666666676 0.15086301537966249 0.39000998484848504
v 0.18034466666666676 0.15727086363636367 0.3969962724727047
v 0.1912746464646465 0.15727086363636367 0.3583943981166485
v 0.1912746464646465 0.15530071329930575 0.3600233585858587
v 0.1912746464646465 0.15103577595567036 0.3750166717171718
v 0.1912746464646465 0.15603370921207943 0.39000998484848504
v 0.1912746464646465 0.15727086363636367 0.39163390157249417
v 0.19405116467361777 0.15727086363636367 0.3600233585858587
v 0.20178562679167625 0.15727086363636367 0.3750166717171718
v 0.19375566017409923 0.15727086363636367 0.39000998484848504
v -0.2223381685647711 0.1652466818181818 0.3750166717171718
v -0.21313460606060605 0.1652466818181818 0.3637350262596802
v -0.21313460606060605 0.1596651802381124 0.3750166717171718
v -0.2193781263698516 0.1652466818181818 0.39000998484848504
v -0.21313460606060605 0.16194294973952147 0.39000998484848504
v -0.21313460606060605 0.1652466818181818 0.39519049203950923
v -0.21060414490660317 0.1652466818181818 0.3600233585858587
v -0.20220462626262625 0.1652466818181818 0.35572378464084864
v -0.20220462626262625 0.15922558488745137 0.3600233585858587
v -0.20220462626262625 0.1652466818181818 0.4004681032686302
v -0.19127464646464645 0.1652466818181818 0.3499066569946814
v -0.19127464646464645 0.1652466818181818 0.40318269808333057
v -0.18182624470979397 0.1652466818181818 0.3450300454545455
v -0.18034466666666663 0.1652466818181818 0.3445762966632464
v -0.18034466666666663 0.16379138487384995 0.3450300454545455
v -0.18034466666666663 0.1652466818181818 0.4046909206089901
v -0.16941468686868683 0.1652466818181818 0.34151338666856856
v -0.17512035292851416 0.1652466818181818 0.40500329797979806
v -0.16941468686868683 0.1641225599916116 0.40500329797979806
v -0.16941468686868683 0.1652466818181818 0.4054658515608786
v -0.15848470707070703 0.1652466818181818 0.33893896111073263
v -0.15848470707070703 0.16451918520224426 0.40500329797979806
v -0.15848470707070703 0.1652466818181818 0.4052015166886118
v -0.1518000094347224 0.1652466818181818 0.27006347979797984
v -0.14755472727272725 0.1652466818181818 0.26679621480213694
v -0.14755472727272725 0.1611960947849172 0.27006347979797984
v -0.14755472727272725 0.1652466818181818 0.2749572042515755
v -0.15119193960326818 0.1652466818181818 0.33003673232323244
v -0.14755472727272725 0.1652466818181818 0.3287712534033377
v -0.14755472727272725 0.16197202915065226 0.33003673232323244
v -0.15698088622309533 0.1652466818181818 0.40500329797979806
v -0.14755472727272725 0.1652466818181818 0.40423170376925194
v -0.13662474747474745 0.1652466818181818 0.26729476018021686
v -0.13662474747474745 0.1608140180826004 0.27006347979797984
v -0.13662474747474745 0.1652466818181818 0.27387456192676163
v -0.13662474747474745 0.1652466818181818 0.32866633553281677
v -0.13662474747474745 0.16077451103837762 0.33003673232323244
v -0.13662474747474745 0.1652466818181818 0.40251804631872257
v -0.12569476767676765 0.15993317135766466 0.2550701666666668
v -0.13292707105995313 0.1652466818181818 0.27006347979797984
v -0.1308907101135083 0.1652466818181818 0.33003673232323244
v -0.13645555089338715 0.1652466818181818 0.3450300454545455
v -0.12569476767676765 0.1652466818181818 0.3516042324469271
v -0.12569476767676765 0.1652466818181818 0.3991476141512666
v -0.11476478787878784 0.16113248201060812 0.2550701666666668
v -0.11476478787878784 0.1652466818181818 0.35966683444547165
v -0.11476478787878784 0.1652466818181818 0.3958266692825081
v -0.10383480808080803 0.1652466818181818 0.359595387393154
v -0.10383480808080803 0.1652466818181818 0.39360339585716386
v -0.09290482828282823 0.1620930234850364 0.33003673232323244
v -0.09290482828282823 0.16399029820569888 0.3450300454545455
v -0.09290482828282823 0.1652466818181818 0.35210072166840717
v -0.09290482828282823 0.1652466818181818 0.39276463460716626
v -0.08331633729637168 0.1652466818181818 0.31504341919191936
v -0.08197484848484847 0.1652466818181818 0.3127887769670825
v -0.08664415182136341 0.1652466818181818 0.33003673232323244
v -0.0880531284425982 0.1652466818181818 0.3450300454545455
v -0.08197484848484847 0.1652466818181818 0.392196820123406
v -0.07104486868686867 0.1652466818181818 0.3053618252766432
v -0.07104486868686867 0.1652466818181818 0.39147328537661125
v -0.060673433260257134 0.1652466818181818 0.3000501060606061
v -0.06011488888888886 0.1652466818181818 0.29954252684162347
v -0.06011488888888886 0.1652466818181818 0.39156914714581287
v -0.04918490909090905 0.1601454744869229 0.18010360101010112
v -0.04918490909090905 0.16020430840030686 0.1950969141414142
v -0.04918490909090905 0.1652466818181818 0.2915573940998054
v -0.04918490909090905 0.1652466818181818 0.39345922557880325
v -0.03825492929292924 0.15817413261029187 0.1651102878787879
v -0.03825492929292924 0.16343212981131092 0.18010360101010112
v -0.03825492929292924 0.16463132978160425 0.1950969141414142
v -0.03825492929292924 0.16196558602110428 0.21009022727272741
v -0.04154094476859503 0.1652466818181818 0.2850567929292931
v -0.03825492929292924 0.1652466818181818 0.2791256848702894
v -0.03825492929292924 0.1652466818181818 0.396741317168139
v -0.02732494949494943 0.16244771690178011 0.18010360101010112
v -0.02732494949494943 0.16446090944372047 0.1950969141414142
v -0.02732494949494943 0.16324750623622128 0.21009022727272741
v -0.02732494949494943 0.15921099636911482 0.2250835404040405
v -0.02732494949494943 0.15735472373410903 0.24007685353535355
v -0.02732494949494943 0.16049953443764867 0.2550701666666668
v -0.030977483777826616 0.1652466818181818 0.27006347979797984
v -0.02732494949494943 0.1652466818181818 0.26331877891007593
v -0.02732494949494943 0.1652466818181818 0.40018313574870473
v -0.016394969696969682 0.15954805049649554 0.1950969141414142
v -0.016394969696969682 0.1598065191107938 0.21009022727272741
v -0.016394969696969682 0.1589171793587143 0.2250835404040405
v -0.016394969696969682 0.16111056646627353 0.24007685353535355
v -0.02020810709714367 0.1652466818181818 0.2550701666666668
v -0.016394969696969682 0.1652466818181818 0.24989827902763803
v -0.016394969696969682 0.1652466818181818 0.40301571456221424
v -0.005464989898989875 0.1626216301631719 0.24007685353535355
v -0.005464989898989875 0.1652466818181818 0.24560211824758882
v -0.005464989898989875 0.1652466818181818 0.40428133838277114
v 0.0054649898989899345 0.16016014889948632 0.24007685353535355
v 0.0054649898989899345 0.1652466818181818 0.24951246458658569
v 0.0054649898989899345 0.1652466818181818 0.4042476048675675
v 0.012413560048856251 0.1652466818181818 0.2550701666666668
v 0.016394969696969804 0.16320400230933965 0.2550701666666668
v 0.016394969696969804 0.1652466818181818 0.2580634009576626
v 0.016394969696969804 0.1652466818181818 0.4028824579172864
v 0.02732494949494955 0.1652466818181818 0.26986426035631966
v 0.02732494949494955 0.1652466818181818 0.4001022218533944
v 0.027461810825148737 0.1652466818181818 0.27006347979797984
v 0.0382549292929293 0.1652466818181818 0.28397741010173233
v 0.0382549292929293 0.1652466818181818 0.3963522201548217
v 0.03891709863240149 0.1652466818181818 0.2850567929292931
v 0.04918490909090917 0.1652466818181818 0.29369834801648903
v 0.04918490909090917 0.1652466818181818 0.39284702557359297
v 0.05828595229849893 0.1652466818181818 0.3000501060606061
v 0.06011488888888892 0.16340877368772372 0.3000501060606061
v 0.06011488888888892 0.1652466818181818 0.30089444911310703
v 0.06011488888888892 0.1652466818181818 0.3910622605266493
v 0.07104486868686878 0.1652466818181818 0.30637776264738736
v 0.07104486868686878 0.1652466818181818 0.39084194354336727
v 0.08197484848484854 0.1652466818181818 0.31437988935771277
v 0.08197484848484854 0.1652466818181818 0.3915938232640389
v 0.08234495058727813 0.1652466818181818 0.31504341919191936
v 0.08614634540971576 0.1652466818181818 0.33003673232323244
v 0.09290482828282828 0.16190154860865272 0.33003673232323244
v 0.08809953408511625 0.1652466818181818 0.3450300454545455
v 0.09290482828282828 0.16408890665733433 0.3450300454545455
v 0.09290482828282828 0.1652466818181818 0.3524658644878379
v 0.09290482828282828 0.1652466818181818 0.39234609525477016
v 0.10383480808080815 0.1652466818181818 0.35966017048402393
v 0.10383480808080815 0.1652466818181818 0.3930205518755648
v 0.1147647878787879 0.16055681603677102 0.2550701666666668
v 0.1147647878787879 0.1652466818181818 0.3586013527899208
v 0.1147647878787879 0.1652466818181818 0.3947563377544611
v 0.12569476767676777 0.1598798047549405 0.2550701666666668
v 0.12569476767676777 0.15810323624534003 0.3450300454545455
v 0.12569476767676777 0.1652466818181818 0.3544244544534746
v 0.12569476767676777 0.1652466818181818 0.3976728001824804
v 0.13503565842663098 0.1652466818181818 0.33003673232323244
v 0.1366247474747475 0.1652466818181818 0.329387394372262
v 0.1366247474747475 0.16328739592009558 0.33003673232323244
v 0.1366247474747475 0.1652466818181818 0.3369222852609444
v 0.1366247474747475 0.16104069901620122 0.3450300454545455
v 0.1366247474747475 0.1652466818181818 0.3466622476579755
v 0.1366247474747475 0.1652466818181818 0.40040915396845694
v 0.1475547272727274 0.1652466818181818 0.3293844524018508
v 0.1475547272727274 0.1635173253856852 0.33003673232323244
v 0.14079823849638748 0.1652466818181818 0.3450300454545455
v 0.1475547272727274 0.1652466818181818 0.4024136360411721
v 0.14949475795191938 0.1652466818181818 0.33003673232323244
v 0.15848470707070714 0.1652466818181818 0.33993967400605896
v 0.15848470707070714 0.1652466818181818 0.40327781739023233
v 0.16941468686868688 0.1652466818181818 0.3425583758925257
v 0.16941468686868688 0.1583171048817958 0.3450300454545455
v 0.16941468686868688 0.1652466818181818 0.4032193220205048
v 0.1785665814624912 0.1652466818181818 0.3450300454545455
v 0.18034466666666676 0.1652466818181818 0.3459063808632643
v 0.18034466666666676 0.1652466818181818 0.40191386245598626
v 0.1912746464646465 0.1652466818181818 0.35202721825771943
v 0.1912746464646465 0.1652466818181818 0.39936980428864743
v 0.20220462626262636 0.1652466818181818 0.357824160537559
v 0.20220462626262636 0.16235354016677478 0.3600233585858587
v 0.20220462626262636 0.15747852020924297 0.3750166717171718
v 0.20220462626262636 0.1611033095890779 0.39000998484848504
v 0.20220462626262636 0.1652466818181818 0.3953406095240111
v 0.20619783649668258 0.1652466818181818 0.3600233585858587
v 0.2131346060606061 0.1652466818181818 0.37103156784003105
v 0.2131346060606061 0.1631894496486574 0.3750166717171718
v 0.2109423542573389 0.1652466818181818 0.39000998484848504
v 0.2131346060606061 0.1652466818181818 0.38581344944315393
v 0.21654600293893606 0.1652466818181818 0.3750166717171718
v -0.23543969031342676 0.17322250000000003 0.3750166717171718
v -0.23499456565656562 0.17322250000000003 0.37459346955847755
v -0.23499456565656562 0.1729072193701375 0.3750166717171718
v -0.23499456565656562 0.17322250000000003 0.38647435745301406
v -0.22406458585858588 0.17322250000000003 0.3635782499310434
v -0.22406458585858588 0.16618283377628046 0.3750166717171718
v -0.2348043192417447 0.17322250000000003 0.39000998484848504
v -0.22406458585858588 0.16740281771557303 0.39000998484848504
v -0.22406458585858588 0.17322250000000003 0.39949071590325774
v -0.22132132930290974 0.17322250000000003 0.3600233585858587
v -0.21313460606060605 0.17322250000000003 0.3559601739454549
v -0.21313460606060605 0.16684937278026313 0.3600233585858587
v -0.21313460606060605 0.17322250000000003 0.40373234206183883
v -0.20220462626262625 0.17322250000000003 0.3510763805504823
v -0.20602790964184767 0.17322250000000003 0.40500329797979806
v -0.20220462626262625 0.17203338485353267 0.40500329797979806
v -0.20220462626262625 0.17322250000000003 0.4057741974641314
v -0.19127464646464645 0.17322250000000003 0.3453640603885629
v -0.19127464646464645 0.16941579055742229 0.40500329797979806
v -0.19127464646464645 0.17322250000000003 0.40685947321464233
v -0.19066310027845432 0.17322250000000003 0.3450300454545455
v -0.18034466666666663 0.17322250000000003 0.3422278472229102
v -0.18034466666666663 0.16646664882316847 0.40500329797979806
v -0.18034466666666663 0.17322250000000003 0.4072211123499302
v -0.16941468686868683 0.17322250000000003 0.34085480532127904
v -0.16941468686868683 0.17322250000000003 0.40686388246819893
v -0.15848470707070703 0.17322250000000003 0.3393435350756363
v -0.15848470707070703 0.17322250000000003 0.40536715431317033
v -0.15298869472569482 0.17322250000000003 0.27006347979797984
v -0.14755472727272725 0.17322250000000003 0.2660213812368238
v -0.14755472727272725 0.17322250000000003 0.27721237239010654
v -0.1572595497827974 0.17322250000000003 0.33003673232323244
v -0.14755472727272725 0.17322250000000003 0.3259397826869342
v -0.15539424123789497 0.17322250000000003 0.3450300454545455
v -0.14755472727272725 0.17322250000000003 0.3425764520356654
v -0.14755472727272725 0.1691887376058784 0.3450300454545455
v -0.14755472727272725 0.17322250000000003 0.34653755003241726
v -0.1570649529807949 0.17322250000000003 0.40500329797979806
v -0.14755472727272725 0.17322250000000003 0.4034711421487623
v -0.14203403210138968 0.17322250000000003 0.27006347979797984
v -0.13662474747474745 0.16770971781980862 0.27006347979797984
v -0.13662474747474745 0.17322250000000003 0.3268623013143814
v -0.13662474747474745 0.17322250000000003 0.33411676695720327
v -0.13662474747474745 0.16535123231483242 0.3450300454545455
v -0.13662474747474745 0.17322250000000003 0.35311888525700874
v -0.13662474747474745 0.17322250000000003 0.4001032692289978
v -0.13063659483082884 0.17322250000000003 0.33003673232323244
v -0.12569476767676765 0.17322250000000003 0.35976176202977705
v -0.12569476767676765 0.17322250000000003 0.3940765491631368
v -0.12427854914085491 0.17322250000000003 0.3600233585858587
v -0.11476478787878784 0.1661853356051009 0.3600233585858587
v -0.11476478787878784 0.17322250000000003 0.37452128987762645
v -0.11935167315539577 0.17322250000000003 0.39000998484848504
v -0.11476478787878784 0.17322250000000003 0.3815348564406412
v -0.11476478787878784 0.17082132339744927 0.39000998484848504
v -0.10383480808080803 0.16741155759242918 0.3600233585858587
v -0.10590066861325705 0.17322250000000003 0.3750166717171718
v -0.10383480808080803 0.1730657818324649 0.3750166717171718
v -0.10383480808080803 0.16844334625742027 0.39000998484848504
v -0.09290482828282823 0.1727086572323249 0.3600233585858587
v -0.10284142813459692 0.17322250000000003 0.3750166717171718
v -0.09290482828282823 0.17322250000000003 0.36695656814866134
v -0.09290482828282823 0.17322250000000003 0.38206498215444784
v -0.09290482828282823 0.16801427351914106 0.39000998484848504
v -0.08197484848484847 0.16764331861340478 0.31504341919191936
v -0.08197484848484847 0.17278954659716206 0.33003673232323244
v -0.08320794268722237 0.17322250000000003 0.3450300454545455
v -0.08197484848484847 0.17322250000000003 0.33400339991234856
v -0.09077575864478328 0.17322250000000003 0.3600233585858587
v -0.08197484848484847 0.17322250000000003 0.3847780826016564
v -0.08197484848484847 0.1679462389342418 0.39000998484848504
v -0.07347063306262559 0.17322250000000003 0.31504341919191936
v -0.07104486868686867 0.17322250000000003 0.3120796992586647
v -0.08078948490645002 0.17322250000000003 0.33003673232323244
v -0.07104486868686867 0.17322250000000003 0.38573950908516524
v -0.07104486868686867 0.16737074155482137 0.39000998484848504
v -0.06011488888888886 0.16622536701709195 0.3000501060606061
v -0.06011488888888886 0.17322250000000003 0.30465456484066705
v -0.06011488888888886 0.17322250000000003 0.3874078542474966
v -0.06011488888888886 0.16828915078041437 0.39000998484848504
v -0.05310091687710339 0.17322250000000003 0.3000501060606061
v -0.04918490909090905 0.17322250000000003 0.2965292979441115
v -0.04948096360097499 0.17322250000000003 0.39000998484848504
v -0.04918490909090905 0.17322250000000003 0.39008629157485336
v -0.03825492929292924 0.17071374849986562 0.2850567929292931
v -0.03825492929292924 0.17322250000000003 0.2871318175022572
v -0.03825492929292924 0.17322250000000003 0.3939164474834434
v -0.02732494949494943 0.1689467936763073 0.27006347979797984
v -0.035903388641325355 0.17322250000000003 0.2850567929292931
v -0.02732494949494943 0.17322250000000003 0.27525311147347803
v -0.02732494949494943 0.17322250000000003 0.39770859331919634
v -0.016394969696969682 0.16734786597305265 0.2550701666666668
v -0.020905764744029047 0.17322250000000003 0.27006347979797984
v -0.016394969696969682 0.17322250000000003 0.26545883513472845
v -0.016394969696969682 0.17322250000000003 0.40048448139343756
v -0.005464989898989875 0.17000880797475215 0.2550701666666668
v -0.005464989898989875 0.17322250000000003 0.26131353973614724
v -0.005464989898989875 0.17322250000000003 0.4019596169165201
v 0.0054649898989899345 0.16869324837748267 0.2550701666666668
v 0.0054649898989899345 0.17322250000000003 0.26306501310113267
v 0.0054649898989899345 0.17322250000000003 0.40189850878088895
v 0.016394969696969804 0.17322250000000003 0.2699703798354888
v 0.016394969696969804 0.17322250000000003 0.40040154535298156
v 0.016490922649770572 0.17322250000000003 0.27006347979797984
v 0.02732494949494955 0.16540578160830835 0.27006347979797984
v 0.02732494949494955 0.17322250000000003 0.2794776763057899
v 0.02732494949494955 0.17322250000000003 0.397403367932152
v 0.032328941259246194 0.17322250000000003 0.2850567929292931
v 0.0382549292929293 0.1664485401121668 0.2850567929292931
v 0.0382549292929293 0.17322250000000003 0.2900987114498128
v 0.0382549292929293 0.17322250000000003 0.393118137118766
v 0.04918490909090917 0.17322250000000003 0.2991947345464528
v 0.04734154908391152 0.17322250000000003 0.39000998484848504
v 0.04918490909090917 0.17322250000000003 0.3893811189572068
v 0.04918490909090917 0.1718123787306507 0.39000998484848504
v 0.050176313733497215 0.17322250000000003 0.3000501060606061
v 0.06011488888888892 0.17322250000000003 0.30662364871396836
v 0.06011488888888892 0.17322250000000003 0.3863577510235972
v 0.06011488888888892 0.16709330484388635 0.39000998484848504
v 0.07104486868686878 0.17322250000000003 0.3142674658629961
v 0.07104486868686878 0.17322250000000003 0.3845850605486235
v 0.07104486868686878 0.16640366916673435 0.39000998484848504
v 0.07166304052943086 0.17322250000000003 0.31504341919191936
v 0.08197484848484854 0.16595492612003065 0.31504341919191936
v 0.0788559617222905 0.17322250000000003 0.33003673232323244
v 0.08197484848484854 0.17206089049020185 0.33003673232323244
v 0.08197484848484854 0.17322250000000003 0.33990942154583575
v 0.08197484848484854 0.17322250000000003 0.383061515437669
v 0.08197484848484854 0.16697387645654768 0.39000998484848504
v 0.08256844626671006 0.17322250000000003 0.3450300454545455
v 0.08793583026533316 0.17322250000000003 0.3600233585858587
v 0.09290482828282828 0.17185198655102044 0.3600233585858587
v 0.09290482828282828 0.17322250000000003 0.37227058295055376
v 0.09290482828282828 0.17322250000000003 0.3792179666713386
v 0.09290482828282828 0.1673814172789224 0.39000998484848504
v 0.10383480808080815 0.16693884481133386 0.3600233585858587
v 0.09846888799297401 0.17322250000000003 0.3750166717171718
v 0.10383480808080815 0.17251834346783715 0.3750166717171718
v 0.10383480808080815 0.16775434960720814 0.39000998484848504
v 0.1147647878787879 0.16928825150426596 0.3600233585858587
v 0.11397471498283357 0.17322250000000003 0.3750166717171718
v 0.1147647878787879 0.17322250000000003 0.37497848770154213
v 0.1147647878787879 0.17322250000000003 0.37558591757777415
v 0.1147647878787879 0.1692502446139485 0.39000998484848504
v 0.12569476767676777 0.17221674901617187 0.3600233585858587
v 0.12569476767676777 0.17322250000000003 0.3692436654198762
v 0.12408384730518657 0.17322250000000003 0.39000998484848504
v 0.12569476767676777 0.17322250000000003 0.39094294746369135
v 0.13228485531791603 0.17322250000000003 0.33003673232323244
v 0.1366247474747475 0.17322250000000003 0.32737484275405027
v 0.1366247474747475 0.17322250000000003 0.3345783070064457
v 0.12703322861387475 0.17322250000000003 0.3600233585858587
v 0.1366247474747475 0.17322250000000003 0.3527032870850958
v 0.1366247474747475 0.17322250000000003 0.3975305701608719
v 0.14117442360009697 0.17322250000000003 0.27006347979797984
v 0.1475547272727274 0.17322250000000003 0.26287767960485375
v 0.1475547272727274 0.16723384311416728 0.27006347979797984
v 0.1475547272727274 0.17322250000000003 0.279056340044257
v 0.1475547272727274 0.17322250000000003 0.3261645066873126
v 0.1475547272727274 0.17322250000000003 0.3411078598064784
v 0.1475547272727274 0.16772653288735637 0.3450300454545455
v 0.1475547272727274 0.17322250000000003 0.3465046562776275
v 0.1475547272727274 0.17322250000000003 0.4014909172046196
v 0.15436793629595918 0.17322250000000003 0.27006347979797984
v 0.1567988624101091 0.17322250000000003 0.33003673232323244
v 0.15703916838247994 0.17322250000000003 0.3450300454545455
v 0.15848470707070714 0.17322250000000003 0.3416049696339244
v 0.15848470707070714 0.17322250000000003 0.4034589385162675
v 0.16941468686868688 0.17322250000000003 0.3414790657221864
v 0.16941468686868688 0.17322250000000003 0.4042414889480615
v 0.18034466666666676 0.17322250000000003 0.34271491023974016
v 0.18034466666666676 0.16629411944049757 0.3450300454545455
v 0.18034466666666676 0.17322250000000003 0.404059447498051
v 0.1883262943807906 0.17322250000000003 0.3450300454545455
v 0.1912746464646465 0.17322250000000003 0.346877366630062
v 0.1912746464646465 0.17322250000000003 0.4033445923922845
v 0.20220462626262636 0.17322250000000003 0.35310485003753744
v 0.20220462626262636 0.17322250000000003 0.4019788688300883
v 0.2131346060606061 0.17322250000000003 0.3580395941724152
v 0.2131346060606061 0.17010165285900292 0.3600233585858587
v 0.2131346060606061 0.16612101483046407 0.39000998484848504
v 0.2131346060606061 0.17322250000000003 0.3992086231130722
v 0.21721832545748215 0.17322250000000003 0.3600233585858587
v 0.224064585858586 0.17322250000000003 0.36866724343965823
v 0.224064585858586 0.16925028230929398 0.3750166717171718
v 0.224064585858586 0.17120315542004064 0.39000998484848504
v 0.224064585858586 0.17322250000000003 0.39329830685657485
v 0.23042305792622994 0.17322250000000003 0.3750166717171718
v 0.22771790998292632 0.17322250000000003 0.39000998484848504
v -0.2474804778308482 0.1811983181818182 0.3750166717171718
v -0.24592454545454542 0.1811983181818182 0.37355564617567183
v -0.24592454545454542 0.1799346620257798 0.3750166717171718
v -0.2480722309255905 0.1811983181818182 0.39000998484848504
v -0.24592454545454542 0.17954485775021944 0.39000998484848504
v -0.24592454545454542 0.1811983181818182 0.3931676730680551
v -0.23499456565656562 0.1811983181818182 0.3637143449232976
v -0.23499456565656562 0.17331029769963205 0.39000998484848504
v -0.23499456565656562 0.1811983181818182 0.40301494418719624
v -0.23121311286138949 0.1811983181818182 0.3600233585858587
v -0.22406458585858588 0.1811983181818182 0.3570016686938783
v -0.22406458585858588 0.1753817770548756 0.3600233585858587
v -0.23001058334754293 0.1811983181818182 0.40500329797979806
v -0.22406458585858588 0.17854233350579574 0.40500329797979806
v -0.22406458585858588 0.1811983181818182 0.4071558036284061
v -0.21313460606060605 0.1811983181818182 0.3525425335565447
v -0.21313460606060605 0.1750001853868531 0.40500329797979806
v -0.21313460606060605 0.1811983181818182 0.4092436336024077
v -0.20220462626262625 0.1811983181818182 0.34815512944583155
v -0.20220462626262625 0.1811983181818182 0.4092712893252702
v -0.197910451989404 0.1811983181818182 0.3450300454545455
v -0.19127464646464645 0.1811983181818182 0.3429143649477622
v -0.19127464646464645 0.17358033429751465 0.3450300454545455
v -0.19127464646464645 0.1811983181818182 0.40879258975773725
v -0.18034466666666663 0.1811983181818182 0.34085537007810296
v -0.18034466666666663 0.1811983181818182 0.40772079941461853
v -0.1745458687777724 0.1811983181818182 0.2850567929292931
v -0.16941468686868683 0.1811983181818182 0.28283747662007874
v -0.16941468686868683 0.1774790831257435 0.2850567929292931
v -0.16941468686868683 0.1811983181818182 0.28853865025075026
v -0.16941468686868683 0.1811983181818182 0.3426109577626171
v -0.16941468686868683 0.1811983181818182 0.40601810429692925
v -0.1654814945955943 0.1811983181818182 0.2850567929292931
v -0.16697323955637913 0.1811983181818182 0.33003673232323244
v -0.15848470707070703 0.1811983181818182 0.3211366841701668
v -0.15848470707070703 0.1737850161356426 0.33003673232323244
v -0.16761721380637842 0.1811983181818182 0.3450300454545455
v -0.15848470707070703 0.1811983181818182 0.3417398937870748
v -0.15848470707070703 0.17435161325528406 0.3450300454545455
v -0.15848470707070703 0.1811983181818182 0.34641279667730845
v -0.16551416405703354 0.1811983181818182 0.40500329797979806
v -0.15848470707070703 0.1811983181818182 0.40376060201594444
v -0.15848470707070703 0.17451912425925603 0.40500329797979806
v -0.14755472727272725 0.1754363959525459 0.27006347979797984
v -0.14755472727272725 0.1811983181818182 0.3281053775809688
v -0.14755472727272725 0.1811983181818182 0.33284520572887566
v -0.14755472727272725 0.1811983181818182 0.35660110228236735
v -0.14755472727272725 0.1811983181818182 0.4006841264010788
v -0.14102362267104068 0.1811983181818182 0.33003673232323244
v -0.13662474747474745 0.17926310469045442 0.33003673232323244
v -0.1429121770787457 0.1811983181818182 0.3600233585858587
v -0.13662474747474745 0.17907826435916424 0.3600233585858587
v -0.13662474747474745 0.1811983181818182 0.3724130076118457
v -0.13662474747474745 0.1811983181818182 0.3930751903986605
v -0.12569476767676765 0.173868746503535 0.3600233585858587
v -0.12947613593529078 0.1811983181818182 0.3750166717171718
v -0.12569476767676765 0.17904902785028326 0.3750166717171718
v -0.133482535616466 0.1811983181818182 0.39000998484848504
v -0.12569476767676765 0.1759509021160274 0.39000998484848504
v -0.11476478787878784 0.17396683951829192 0.3750166717171718
v -0.09290482828282823 0.17540153295759842 0.3750166717171718
v -0.08197484848484847 0.17586840847062218 0.3450300454545455
v -0.08197484848484847 0.17889000370228741 0.3600233585858587
v -0.08197484848484847 0.1779119624647442 0.3750166717171718
v -0.07104486868686867 0.17583789297303828 0.31504341919191936
v -0.07104486868686867 0.18100387413132002 0.33003673232323244
v -0.07341800059400765 0.1811983181818182 0.3450300454545455
v -0.07104486868686867 0.1811983181818182 0.3317882968926268
v -0.07549326205134377 0.1811983181818182 0.3600233585858587
v -0.07104486868686867 0.1811983181818182 0.3722178833627873
v -0.07104486868686867 0.18041500033464555 0.3750166717171718
v -0.06100158763521247 0.1811983181818182 0.31504341919191936
v -0.06011488888888886 0.1811983181818182 0.31406137526194444
v -0.07051729584516675 0.1811983181818182 0.33003673232323244
v -0.06808479444086284 0.1811983181818182 0.3750166717171718
v -0.06011488888888886 0.1811983181818182 0.37917901620192024
v -0.04918490909090905 0.17705185516548025 0.3000501060606061
v -0.04918490909090905 0.1811983181818182 0.3049648443556827
v -0.04918490909090905 0.1811983181818182 0.383927104415411
v -0.04918490909090905 0.17333474480074276 0.39000998484848504
v -0.04313503352079924 0.1811983181818182 0.3000501060606061
v -0.03825492929292924 0.1811983181818182 0.2955099994777556
v -0.03825492929292924 0.1811983181818182 0.388533945991032
v -0.03825492929292924 0.1792197149835022 0.39000998484848504
v -0.02732494949494943 0.18011280211168143 0.2850567929292931
v -0.02732494949494943 0.1811983181818182 0.2866771106418767
v -0.03458883890780449 0.1811983181818182 0.39000998484848504
v -0.02732494949494943 0.1811983181818182 0.3927414306485676
v -0.016394969696969682 0.17579014717436994 0.27006347979797984
v -0.025142973045952338 0.1811983181818182 0.2850567929292931
v -0.016394969696969682 0.1811983181818182 0.2783646896533922
v -0.016394969696969682 0.1811983181818182 0.3958898648559585
v -0.005464989898989875 0.17812985647495236 0.27006347979797984
v -0.005464989898989875 0.1811983181818182 0.2750273743836705
v -0.005464989898989875 0.1811983181818182 0.39742593831463713
v 0.0054649898989899345 0.17772049750152863 0.27006347979797984
v 0.0054649898989899345 0.1811983181818182 0.2755496303709945
v 0.0054649898989899345 0.1811983181818182 0.3973913214851416
v 0.016394969696969804 0.1732928304878076 0.27006347979797984
v 0.016394969696969804 0.1811983181818182 0.2809757427629303
v 0.016394969696969804 0.1811983181818182 0.39560317457122846
v 0.02147108253920005 0.1811983181818182 0.2850567929292931
v 0.02732494949494955 0.17784749616423767 0.2850567929292931
v 0.02732494949494955 0.1811983181818182 0.2893106297577649
v 0.02732494949494955 0.1811983181818182 0.3922591072691101
v 0.0382549292929293 0.1811983181818182 0.298527177419925
v 0.03303758336462986 0.1811983181818182 0.39000998484848504
v 0.0382549292929293 0.1811983181818182 0.3877688922057876
v 0.0382549292929293 0.178085322073848 0.39000998484848504
v 0.03990788047225847 0.1811983181818182 0.3000501060606061
v 0.04918490909090917 0.17424475568083683 0.3000501060606061
v 0.04918490909090917 0.1811983181818182 0.3079543510639989
v 0.04918490909090917 0.1811983181818182 0.3825572520189174
v 0.05794302931016658 0.1811983181818182 0.31504341919191936
v 0.06011488888888892 0.18035764657341674 0.31504341919191936
v 0.06011488888888892 0.1811983181818182 0.3175899320655415
v 0.06011488888888892 0.1811983181818182 0.37676519317177487
v 0.07104486868686878 0.17394104782959466 0.31504341919191936
v 0.06753663595278966 0.1811983181818182 0.33003673232323244
v 0.07104486868686878 0.17979212327807298 0.33003673232323244
v 0.07104486868686878 0.1811983181818182 0.3416742595690933
v 0.06304502400543709 0.1811983181818182 0.3750166717171718
v 0.07104486868686878 0.1811983181818182 0.3658802227093348
v 0.07104486868686878 0.17902374797925935 0.3750166717171718
v 0.07165170557005388 0.1811983181818182 0.3450300454545455
v 0.08197484848484854 0.17453648499901744 0.3450300454545455
v 0.07267615185807308 0.1811983181818182 0.3600233585858587
v 0.08197484848484854 0.1775433926166441 0.3600233585858587
v 0.08197484848484854 0.17669368150617984 0.3750166717171718
v 0.09290482828282828 0.17434122198230662 0.3750166717171718
v 0.1147647878787879 0.173285572770275 0.3750166717171718
v 0.12569476767676777 0.17712415289928948 0.3750166717171718
v 0.12569476767676777 0.1738268546439404 0.39000998484848504
v 0.1366247474747475 0.1784121431609456 0.33003673232323244
v 0.1366247474747475 0.17840974923181888 0.3600233585858587
v 0.13206610697323914 0.1811983181818182 0.3750166717171718
v 0.1366247474747475 0.1811983181818182 0.37339317715320103
v 0.1366247474747475 0.1811983181818182 0.3885218194083456
v 0.1366247474747475 0.18032966638203787 0.39000998484848504
v 0.1475547272727274 0.176708792428481 0.27006347979797984
v 0.14272902887744268 0.1811983181818182 0.33003673232323244
v 0.1475547272727274 0.1811983181818182 0.32860269139161014
v 0.1475547272727274 0.1811983181818182 0.331634909852906
v 0.14213544478066922 0.1811983181818182 0.3600233585858587
v 0.1475547272727274 0.1811983181818182 0.3563349033680455
v 0.1376344581521616 0.1811983181818182 0.39000998484848504
v 0.1475547272727274 0.1811983181818182 0.39801752802996604
v 0.15848470707070714 0.1811983181818182 0.3216481756012662
v 0.15848470707070714 0.1740255076083812 0.33003673232323244
v 0.15848470707070714 0.1811983181818182 0.34152365516494837
v 0.15848470707070714 0.174003736126899 0.3450300454545455
v 0.15848470707070714 0.1811983181818182 0.34653857911598684
v 0.15848470707070714 0.1811983181818182 0.4020067955383837
v 0.16618678030947448 0.1811983181818182 0.2850567929292931
v 0.16941468686868688 0.1811983181818182 0.28285100162600907
v 0.16941468686868688 0.1779405049069385 0.2850567929292931
v 0.16941468686868688 0.1811983181818182 0.28829311842512584
v 0.1666096988039771 0.1811983181818182 0.33003673232323244
v 0.1669489563433476 0.1811983181818182 0.3450300454545455
v 0.16941468686868688 0.1811983181818182 0.34195912228693964
v 0.16941468686868688 0.1811983181818182 0.4037423080238716
v 0.17422350104710502 0.1811983181818182 0.2850567929292931
v 0.18034466666666676 0.1811983181818182 0.34103207780974004
v 0.18034466666666676 0.1811983181818182 0.4044276018289798
v 0.1912746464646465 0.1811983181818182 0.3434097768300737
v 0.1912746464646465 0.1751968575492892 0.3450300454545455
v 0.1912746464646465 0.1811983181818182 0.40483178714013457
v 0.19630256751648678 0.1811983181818182 0.3450300454545455
v 0.20220462626262636 0.1811983181818182 0.3496952238705457
v 0.19360575273102484 0.1811983181818182 0.40500329797979806
v 0.20220462626262636 0.17936058689488923 0.40500329797979806
v 0.20220462626262636 0.1811983181818182 0.40601639398956574
v 0.2131346060606061 0.1811983181818182 0.35391938051780936
v 0.2131346060606061 0.18114785254258733 0.40500329797979806
v 0.2131346060606061 0.1811983181818182 0.40503850710750416
v 0.224064585858586 0.1811983181818182 0.3586197820818592
v 0.224064585858586 0.17848886228711416 0.3600233585858587
v 0.21328813543381578 0.1811983181818182 0.40500329797979806
v 0.224064585858586 0.1811983181818182 0.4027354301958777
v 0.22738908273155162 0.1811983181818182 0.3600233585858587
v 0.23499456565656573 0.1811983181818182 0.3675125863610226
v 0.23499456565656573 0.17568945559515983 0.3750166717171718
v 0.23499456565656573 0.17666266416003112 0.39000998484848504
v 0.23499456565656573 0.1811983181818182 0.3974784051686984
v 0.24326869995579778 0.1811983181818182 0.3750166717171718
v 0.24245956390973766 0.1811983181818182 0.39000998484848504
v -0.25719563746036445 0.18917413636363642 0.3750166717171718
v -0.2568545252525252 0.18917413636363642 0.3746840664693488
v -0.2568545252525252 0.18882525180328397 0.3750166717171718
v -0.25846968181654284 0.18917413636363642 0.39000998484848504
v -0.2568545252525252 0.1876193641660378 0.39000998484848504
v -0.2568545252525252 0.18917413636363642 0.3928612539308911
v -0.24592454545454542 0.18917413636363642 0.3646265922476709
v -0.24592454545454542 0.18917413636363642 0.4044822222536321
v -0.24048808196778967 0.18917413636363642 0.3600233585858587
v -0.23499456565656562 0.18917413636363642 0.3579096170401562
v -0.23499456565656562 0.18416876794173032 0.3600233585858587
v -0.2449091674744093 0.18917413636363642 0.40500329797979806
v -0.23499456565656562 0.18316968021688165 0.40500329797979806
v -0.23499456565656562 0.18917413636363642 0.40967005987369187
v -0.22406458585858588 0.18917413636363642 0.354213675509572
v -0.22406458585858588 0.18917413636363642 0.4116561438662963
v -0.21313460606060605 0.18917413636363642 0.35075048520262164
v -0.21313460606060605 0.18917413636363642 0.4121580589331734
v -0.20220462626262625 0.18917413636363642 0.3464309302562058
v -0.20220462626262625 0.18917413636363642 0.4115101914550046
v -0.20113818242761908 0.18917413636363642 0.3450300454545455
v -0.19127464646464645 0.18917413636363642 0.3418820738226542
v -0.19127464646464645 0.18917413636363642 0.4097525816823805
v -0.18034466666666663 0.18917413636363642 0.34336348686806134
v -0.18034466666666663 0.18917413636363642 0.405892042111616
v -0.16941468686868683 0.1825870016904398 0.2850567929292931
v -0.17010740316438566 0.18917413636363642 0.3450300454545455
v -0.16941468686868683 0.18615573521961765 0.3450300454545455
v -0.16941468686868683 0.18917413636363642 0.34709742609481997
v -0.17744474750265793 0.18917413636363642 0.40500329797979806
v -0.16941468686868683 0.18917413636363642 0.403292703628546
v -0.16941468686868683 0.18354561116987073 0.40500329797979806
v -0.15848470707070703 0.18826191009505167 0.33003673232323244
v -0.1668783763290608 0.18917413636363642 0.3600233585858587
v -0.15848470707070703 0.18756921628525458 0.3600233585858587
v -0.15848470707070703 0.18917413636363642 0.3728179554454179
v -0.15848470707070703 0.18917413636363642 0.39908489969068217
v -0.14755472727272725 0.18388169498977114 0.33003673232323244
v -0.14755472727272725 0.18324841588092838 0.3600233585858587
v -0.14755472727272725 0.18917413636363642 0.37443112297871894
v -0.14842469611873138 0.18917413636363642 0.39000998484848504
v -0.14755472727272725 0.18917413636363642 0.38805685113865096
v -0.14755472727272725 0.18872454637115169 0.39000998484848504
v -0.1447654860838458 0.18917413636363642 0.3750166717171718
v -0.13662474747474745 0.184816009702802 0.3750166717171718
v -0.13662474747474745 0.18298096993802168 0.39000998484848504
v -0.07104486868686867 0.18362929199698103 0.3450300454545455
v -0.07104486868686867 0.18390362603241384 0.3600233585858587
v -0.06011488888888886 0.1819444395191138 0.31504341919191936
v -0.06011488888888886 0.18767913122786847 0.33003673232323244
v -0.060394811637891586 0.18917413636363642 0.3450300454545455
v -0.06011488888888886 0.18917413636363642 0.34367143316433374
v -0.06011488888888886 0.18917413636363642 0.3485828585779825
v -0.06011488888888886 0.18854554115326222 0.3600233585858587
v -0.06011488888888886 0.18384690983852922 0.3750166717171718
v -0.04918490909090905 0.18787298243274583 0.31504341919191936
v -0.05652390931660842 0.18917413636363642 0.33003673232323244
v -0.04918490909090905 0.18917413636363642 0.3190290686301706
v -0.05846405722496564 0.18917413636363642 0.3600233585858587
v -0.04918490909090905 0.18917413636363642 0.3719209555852703
v -0.04918490909090905 0.18781965762513936 0.3750166717171718
v -0.03825492929292924 0.18466805605145736 0.3000501060606061
v -0.046070648399684416 0.18917413636363642 0.31504341919191936
v -0.03825492929292924 0.18917413636363642 0.3077087638814679
v -0.04566637015384961 0.18917413636363642 0.3750166717171718
v -0.03825492929292924 0.18917413636363642 0.3794865320279531
v -0.02901941162790009 0.18917413636363642 0.3000501060606061
v -0.02732494949494943 0.18917413636363642 0.29864027162592344
v -0.02732494949494943 0.18917413636363642 0.3847733579197001
v -0.02732494949494943 0.18435001417786628 0.39000998484848504
v -0.016394969696969682 0.18539469189178992 0.2850567929292931
v -0.016394969696969682 0.18917413636363642 0.292185670127716
v -0.016394969696969682 0.18917413636363642 0.38843366584785305
v -0.016394969696969682 0.1878012460417888 0.39000998484848504
v -0.005464989898989875 0.187295326133447 0.2850567929292931
v -0.005464989898989875 0.18917413636363642 0.2886434930781999
v -0.006681150913854093 0.18917413636363642 0.39000998484848504
v -0.005464989898989875 0.18917413636363642 0.3901962046461203
v 0.0054649898989899345 0.18698317040439777 0.2850567929292931
v 0.0054649898989899345 0.18917413636363642 0.2891814875319536
v 0.0054649898989899345 0.18917413636363642 0.3902059899231081
v 0.016394969696969804 0.1840347753768426 0.2850567929292931
v 0.016394969696969804 0.18917413636363642 0.2936126711606809
v 0.006714671698056011 0.18917413636363642 0.39000998484848504
v 0.016394969696969804 0.18917413636363642 0.38833622856354916
v 0.016394969696969804 0.18769819053639608 0.39000998484848504
v 0.025798931612698778 0.18917413636363642 0.3000501060606061
v 0.02732494949494955 0.18861090619178225 0.3000501060606061
v 0.02732494949494955 0.18917413636363642 0.3011634232217801
v 0.02732494949494955 0.18917413636363642 0.3841602095295286
v 0.02732494949494955 0.18374624104796627 0.39000998484848504
v 0.0382549292929293 0.18247742241629375 0.3000501060606061
v 0.0382549292929293 0.18917413636363642 0.3108965465057181
v 0.0382549292929293 0.18917413636363642 0.37809115479537714
v 0.04282856996849939 0.18917413636363642 0.31504341919191936
v 0.04918490909090917 0.18633519753301103 0.31504341919191936
v 0.04918490909090917 0.18917413636363642 0.3231432030974108
v 0.04280115465966586 0.18917413636363642 0.3750166717171718
v 0.04918490909090917 0.18917413636363642 0.36867151575174195
v 0.04918490909090917 0.1865330014139605 0.3750166717171718
v 0.0534228409104519 0.18917413636363642 0.33003673232323244
v 0.06011488888888892 0.18614373498749753 0.33003673232323244
v 0.057176533685348085 0.18917413636363642 0.3450300454545455
v 0.06011488888888892 0.18796507673039134 0.3450300454545455
v 0.05508862634029478 0.18917413636363642 0.3600233585858587
v 0.06011488888888892 0.1871135986003378 0.3600233585858587
v 0.06011488888888892 0.18222298337822995 0.3750166717171718
v 0.07104486868686878 0.1818754814474159 0.3450300454545455
v 0.07104486868686878 0.18231719235859434 0.3600233585858587
v 0.1366247474747475 0.1837814182879946 0.3750166717171718
v 0.1475547272727274 0.18318552216037892 0.33003673232323244
v 0.1475547272727274 0.1837839989716889 0.3600233585858587
v 0.14691881267391596 0.18917413636363642 0.3750166717171718
v 0.1475547272727274 0.18917413636363642 0.374903004267816
v 0.1475547272727274 0.18917413636363642 0.3809172040139351
v 0.1475547272727274 0.18793708931766948 0.39000998484848504
v 0.15848470707070714 0.18803808121554594 0.33003673232323244
v 0.15848470707070714 0.1880217559934745 0.3600233585858587
v 0.15848470707070714 0.18917413636363642 0.3721517870388712
v 0.14933011912387203 0.18917413636363642 0.39000998484848504
v 0.15848470707070714 0.18917413636363642 0.39747291763308534
v 0.16941468686868688 0.18250120459403393 0.2850567929292931
v 0.1687725195241429 0.18917413636363642 0.3450300454545455
v 0.16941468686868688 0.18917413636363642 0.34367980641274193
v 0.16445810453246776 0.18917413636363642 0.3600233585858587
v 0.16941468686868688 0.18917413636363642 0.4010169079928406
v 0.18034466666666676 0.18917413636363642 0.34359885457704686
v 0.18034466666666676 0.18917413636363642 0.40320243080999413
v 0.1912746464646465 0.18917413636363642 0.3421575284021149
v 0.18841759322408702 0.18917413636363642 0.40500329797979806
v 0.1912746464646465 0.18295514370405772 0.40500329797979806
v 0.1912746464646465 0.18917413636363642 0.4059460459468172
v 0.20016848773975998 0.18917413636363642 0.3450300454545455
v 0.20220462626262636 0.18917413636363642 0.34778733191127065
v 0.20220462626262636 0.18917413636363642 0.40792388917792977
v 0.2131346060606061 0.18917413636363642 0.3515943340054709
v 0.2131346060606061 0.18917413636363642 0.408563117843582
v 0.224064585858586 0.18917413636363642 0.35526651081230504
v 0.224064585858586 0.18467402699639587 0.40500329797979806
v 0.224064585858586 0.18917413636363642 0.407800849318496
v 0.23499456565656573 0.18917413636363642 0.3590595353242063
v 0.23499456565656573 0.18694676536627286 0.3600233585858587
v 0.23499456565656573 0.18907834099178494 0.40500329797979806
v 0.23499456565656573 0.18917413636363642 0.40507587582778926
v 0.23746411079815594 0.18917413636363642 0.3600233585858587
v 0.24592454545454548 0.18917413636363642 0.3674205486858148
v 0.24592454545454548 0.1827208857270904 0.3750166717171718
v 0.24592454545454548 0.18305588436800108 0.39000998484848504
v 0.2351520181165932 0.18917413636363642 0.40500329797979806
v 0.24592454545454548 0.18917413636363642 0.39969462492299296
v 0.2540454985664828 0.18917413636363642 0.3750166717171718
v 0.25416698818461714 0.18917413636363642 0.39000998484848504
v -0.2647935968228711 0.19714995454545456 0.3750166717171718
v -0.2568545252525252 0.19714995454545456 0.3676870065486026
v -0.26629659679203316 0.19714995454545456 0.39000998484848504
v -0.2568545252525252 0.19714995454545456 0.4031788315999713
v -0.24709621303838492 0.19714995454545456 0.3600233585858587
v -0.24592454545454542 0.19714995454545456 0.359559457433527
v -0.24592454545454542 0.1955426908108153 0.3600233585858587
v -0.25418718434882404 0.19714995454545456 0.40500329797979806
v -0.24592454545454542 0.18979521984916004 0.40500329797979806
v -0.24592454545454542 0.19714995454545456 0.4101142270097506
v -0.23499456565656562 0.19714995454545456 0.3555945200587399
v -0.23499456565656562 0.19714995454545456 0.41318589171019526
v -0.22406458585858588 0.19714995454545456 0.35295135723009724
v -0.22406458585858588 0.19714995454545456 0.41397416956577193
v -0.21313460606060605 0.19714995454545456 0.3500180582637513
v -0.21313460606060605 0.19714995454545456 0.41317574144435965
v -0.20663312472122408 0.19714995454545456 0.3450300454545455
v -0.20220462626262625 0.19714995454545456 0.3431178873614199
v -0.20220462626262625 0.19127075118227363 0.3450300454545455
v -0.20220462626262625 0.19714995454545456 0.41119309665730364
v -0.19127464646464645 0.19714995454545456 0.3423717720842946
v -0.19127464646464645 0.19714995454545456 0.40779588907633035
v -0.18034466666666663 0.19714995454545456 0.3406534522647341
v -0.1906162403788805 0.19714995454545456 0.3600233585858587
v -0.18034466666666663 0.19714995454545456 0.3476966990911758
v -0.18034466666666663 0.19071086992867545 0.3600233585858587
v -0.18034466666666663 0.19714995454545456 0.3738075368864818
v -0.18617505219670247 0.19714995454545456 0.40500329797979806
v -0.18034466666666663 0.19714995454545456 0.40269682021018466
v -0.18034466666666663 0.1907248460308573 0.40500329797979806
v -0.1716351731833632 0.19714995454545456 0.3450300454545455
v -0.16941468686868683 0.19201466393127947 0.3600233585858587
v -0.16941468686868683 0.19714995454545456 0.3732004895162239
v -0.16941468686868683 0.19714995454545456 0.39647672375848647
v -0.1625032791782943 0.19714995454545456 0.3750166717171718
v -0.15848470707070703 0.195530625445259 0.3750166717171718
v -0.16253726597471946 0.19714995454545456 0.39000998484848504
v -0.15848470707070703 0.19499110706328604 0.39000998484848504
v -0.14755472727272725 0.1906606151047964 0.3750166717171718
v -0.06011488888888886 0.18938056147916846 0.3450300454545455
v -0.04918490909090905 0.19310173429208433 0.33003673232323244
v -0.04918490909090905 0.19476458816797473 0.3450300454545455
v -0.04918490909090905 0.19339778143158737 0.3600233585858587
v -0.03825492929292924 0.19309551657617305 0.31504341919191936
v -0.03886207418879381 0.19714995454545456 0.33003673232323244
v -0.03825492929292924 0.19714995454545456 0.329127943394484
v -0.04264574405315834 0.19714995454545456 0.3450300454545455
v -0.038830298517591025 0.19714995454545456 0.3600233585858587
v -0.03825492929292924 0.19714995454545456 0.3607468361728732
v -0.03825492929292924 0.19204677422261623 0.3750166717171718
v -0.02732494949494943 0.19003494045994915 0.3000501060606061
v -0.02732494949494943 0.19700042318674119 0.31504341919191936
v -0.02732494949494943 0.19714995454545456 0.3156257010204659
v -0.02732494949494943 0.19714995454545456 0.37087807042514676
v -0.02732494949494943 0.19560952741246646 0.3750166717171718
v -0.016394969696969682 0.1935988947087798 0.3000501060606061
v -0.026690951381096704 0.19714995454545456 0.31504341919191936
v -0.016394969696969682 0.19714995454545456 0.3085681477735313
v -0.020189592660862288 0.19714995454545456 0.3750166717171718
v -0.016394969696969682 0.19714995454545456 0.376549700692869
v -0.005464989898989875 0.19532279809801675 0.3000501060606061
v -0.005464989898989875 0.19714995454545456 0.30492366840265356
v -0.005464989898989875 0.19714995454545456 0.37884604207057887
v -0.005464989898989875 0.1893485765222595 0.39000998484848504
v 0.0054649898989899345 0.19512816087561433 0.3000501060606061
v 0.0054649898989899345 0.19714995454545456 0.3051946447573355
v 0.0054649898989899345 0.19714995454545456 0.37874730277050606
v 0.0054649898989899345 0.189359451265829 0.39000998484848504
v 0.016394969696969804 0.19303527225166942 0.3000501060606061
v 0.016394969696969804 0.19714995454545456 0.3093024204652122
v 0.016394969696969804 0.19714995454545456 0.37625463507148305
v 0.024802808272371968 0.19714995454545456 0.31504341919191936
v 0.02732494949494955 0.1964377916344314 0.31504341919191936
v 0.02732494949494955 0.19714995454545456 0.31760700338639675
v 0.019155339592977796 0.19714995454545456 0.3750166717171718
v 0.02732494949494955 0.19714995454545456 0.36956293818281366
v 0.02732494949494955 0.19517083713208278 0.3750166717171718
v 0.0382549292929293 0.19168106396238344 0.31504341919191936
v 0.03648697869287477 0.19714995454545456 0.33003673232323244
v 0.0382549292929293 0.19656338749881314 0.33003673232323244
v 0.0382549292929293 0.19714995454545456 0.3366694200093569
v 0.036285754110137604 0.19714995454545456 0.3600233585858587
v 0.0382549292929293 0.19714995454545456 0.3537251818215839
v 0.0382549292929293 0.19650661509635745 0.3600233585858587
v 0.0382549292929293 0.191078807674125 0.3750166717171718
v 0.04918490909090917 0.1917593585737323 0.33003673232323244
v 0.0402048635490935 0.19714995454545456 0.3450300454545455
v 0.04918490909090917 0.19346467775736964 0.3450300454545455
v 0.04918490909090917 0.19208085747780343 0.3600233585858587
v 0.1475547272727274 0.18949089296850544 0.3750166717171718
v 0.15848470707070714 0.194677634741498 0.3750166717171718
v 0.15848470707070714 0.19431742823826847 0.39000998484848504
v 0.16941468686868688 0.19083162949837676 0.3450300454545455
v 0.16941468686868688 0.19164440633493862 0.3600233585858587
v 0.16397990056102713 0.19714995454545456 0.3750166717171718
v 0.16941468686868688 0.19714995454545456 0.3742115213381621
v 0.16603422305649157 0.19714995454545456 0.39000998484848504
v 0.16941468686868688 0.19714995454545456 0.39252474996428255
v 0.1714383594589368 0.19714995454545456 0.3450300454545455
v 0.18034466666666676 0.19714995454545456 0.3410540618935022
v 0.18034466666666676 0.19714995454545456 0.348445991387505
v 0.18034466666666676 0.19159157738613827 0.3600233585858587
v 0.18034466666666676 0.19714995454545456 0.3735918984856812
v 0.18034466666666676 0.19714995454545456 0.3993146491546483
v 0.1912746464646465 0.19714995454545456 0.34256317217986837
v 0.1905744094263941 0.19714995454545456 0.3600233585858587
v 0.1912746464646465 0.19714995454545456 0.4042540213008146
v 0.1912746464646465 0.19260998556098888 0.40500329797979806
v 0.19713195506552708 0.19714995454545456 0.3000501060606061
v 0.20220462626262636 0.19714995454545456 0.2975225088390124
v 0.20220462626262636 0.1945675462140807 0.3000501060606061
v 0.20220462626262636 0.19714995454545456 0.30291522266261567
v 0.20204035166304143 0.19714995454545456 0.3450300454545455
v 0.20220462626262636 0.19714995454545456 0.3452276888872562
v 0.19452187375781968 0.19714995454545456 0.40500329797979806
v 0.20220462626262636 0.19714995454545456 0.40764971071117695
v 0.20460931512061775 0.19714995454545456 0.3000501060606061
v 0.2131346060606061 0.19714995454545456 0.3505741686677644
v 0.2131346060606061 0.19714995454545456 0.4098657439053488
v 0.224064585858586 0.19714995454545456 0.3535972801362718
v 0.224064585858586 0.19714995454545456 0.4107235034620668
v 0.23499456565656573 0.19714995454545456 0.35631437677400557
v 0.23499456565656573 0.19714995454545456 0.40974379330880456
v 0.2449394168010415 0.19714995454545456 0.3600233585858587
v 0.24592454545454548 0.19714995454545456 0.3609406138664486
v 0.24592454545454548 0.19548264361556375 0.40500329797979806
v 0.24592454545454548 0.19714995454545456 0.4061620999400846
v 0.25685452525252533 0.19714995454545456 0.3701052101436537
v 0.25685452525252533 0.19160002370509527 0.3750166717171718
v 0.25685452525252533 0.19121958745994255 0.39000998484848504
v 0.2477516237200663 0.19714995454545456 0.40500329797979806
v 0.25685452525252533 0.19714995454545456 0.39851187704692054
v 0.2622993458536726 0.19714995454545456 0.3750166717171718
v 0.26285727147073124 0.19714995454545456 0.39000998484848504
v -0.27099915755954757 0.2051257727272728 0.3750166717171718
v -0.26778450505050505 0.2051257727272728 0.37228192831986506
v -0.26778450505050505 0.20093082067786922 0.3750166717171718
v -0.27281220184903926 0.2051257727272728 0.39000998484848504
v -0.26778450505050505 0.19877553514427457 0.39000998484848504
v -0.26778450505050505 0.2051257727272728 0.39845634271861397
v -0.2568545252525252 0.2051257727272728 0.36354314855355985
v -0.26070206474244517 0.2051257727272728 0.40500329797979806
v -0.2568545252525252 0.1999280236267058 0.40500329797979806
v -0.2568545252525252 0.2051257727272728 0.4080223263479169
v -0.2517982209916869 0.2051257727272728 0.3600233585858587
v -0.24592454545454542 0.2051257727272728 0.35792866806182444
v -0.24592454545454542 0.2051257727272728 0.4129942817993624
v -0.23499456565656562 0.2051257727272728 0.3551604576894332
v -0.23499456565656562 0.2051257727272728 0.4148048615481732
v -0.22406458585858588 0.2051257727272728 0.35388943290049335
v -0.22406458585858588 0.2051257727272728 0.41452523213360315
v -0.21477818282126748 0.2051257727272728 0.3450300454545455
v -0.21313460606060605 0.2051257727272728 0.34296257652289885
v -0.21313460606060605 0.20174416799686423 0.3450300454545455
v -0.21313460606060605 0.2051257727272728 0.41239320024069037
v -0.20220462626262625 0.2051257727272728 0.33601219969912083
v -0.21128980695867308 0.2051257727272728 0.3600233585858587
v -0.20220462626262625 0.2051257727272728 0.35197080371048745
v -0.20220462626262625 0.19942537767762936 0.3600233585858587
v -0.20220462626262625 0.2051257727272728 0.37077395130499424
v -0.20220462626262625 0.2051257727272728 0.40854174150746353
v -0.19148973358034965 0.2051257727272728 0.3450300454545455
v -0.19127464646464645 0.20476484606074885 0.3450300454545455
v -0.19127464646464645 0.19796340983614294 0.3600233585858587
v -0.19127464646464645 0.2051257727272728 0.3730209695514139
v -0.1951533980835594 0.2051257727272728 0.40500329797979806
v -0.19127464646464645 0.2051257727272728 0.4033973443970458
v -0.19127464646464645 0.20173520897478792 0.40500329797979806
v -0.18034466666666663 0.20485476242427528 0.3450300454545455
v -0.18034466666666663 0.2051257727272728 0.37487204210071984
v -0.18034466666666663 0.2051257727272728 0.3931243234103285
v -0.17973337175112727 0.2051257727272728 0.3750166717171718
v -0.16941468686868683 0.20072319504247838 0.3750166717171718
v -0.1777329763030053 0.2051257727272728 0.39000998484848504
v -0.16941468686868683 0.20049067876457582 0.39000998484848504
v -0.03825492929292924 0.19743403733276366 0.33003673232323244
v -0.03825492929292924 0.19900396171882614 0.3450300454545455
v -0.03825492929292924 0.1973807438435359 0.3600233585858587
v -0.02732494949494943 0.20116418493312366 0.33003673232323244
v -0.02732494949494943 0.20249608206743339 0.3450300454545455
v -0.02732494949494943 0.20085773369081708 0.3600233585858587
v -0.016394969696969682 0.19986919463621672 0.31504341919191936
v -0.016394969696969682 0.20352016274795356 0.33003673232323244
v -0.016394969696969682 0.20461313104499335 0.3450300454545455
v -0.016394969696969682 0.20309203122149044 0.3600233585858587
v -0.016394969696969682 0.198022807898117 0.3750166717171718
v -0.005464989898989875 0.20127641967892254 0.31504341919191936
v -0.005464989898989875 0.20464536437104924 0.33003673232323244
v -0.011011893729642402 0.2051257727272728 0.3450300454545455
v -0.005464989898989875 0.2051257727272728 0.33728074434309413
v -0.005464989898989875 0.2051257727272728 0.3505576345706899
v -0.005464989898989875 0.20417247095128177 0.3600233585858587
v -0.005464989898989875 0.1993297244865873 0.3750166717171718
v 0.0054649898989899345 0.20119256782490783 0.31504341919191936
v 0.0054649898989899345 0.2045655561162298 0.33003673232323244
v 0.0054649898989899345 0.2051257727272728 0.3385902399848593
v 0.0054649898989899345 0.2051257727272728 0.3496236028680424
v 0.0054649898989899345 0.2040781303885775 0.3600233585858587
v 0.0054649898989899345 0.19926245159703024 0.3750166717171718
v 0.016394969696969804 0.19964590261267506 0.31504341919191936
v 0.016394969696969804 0.2032562102366921 0.33003673232323244
v 0.009301484458153444 0.2051257727272728 0.3450300454545455
v 0.016394969696969804 0.20432561051296855 0.3450300454545455
v 0.016394969696969804 0.20285614029197577 0.3600233585858587
v 0.016394969696969804 0.1978589575114936 0.3750166717171718
v 0.02732494949494955 0.20062962576384377 0.33003673232323244
v 0.02732494949494955 0.20189660200700946 0.3450300454545455
v 0.02732494949494955 0.20031962403077633 0.3600233585858587
v 0.0382549292929293 0.19806616107205585 0.3450300454545455
v 0.16941468686868688 0.19999351432705012 0.3750166717171718
v 0.16941468686868688 0.1983667669604038 0.39000998484848504
v 0.18034466666666676 0.20458432045332342 0.3450300454545455
v 0.18034466666666676 0.20450653375404043 0.3750166717171718
v 0.18034466666666676 0.203901842846284 0.39000998484848504
v 0.1912746464646465 0.20407688922394931 0.3450300454545455
v 0.1912746464646465 0.19802725779865418 0.3600233585858587
v 0.18124668949766976 0.2051257727272728 0.3750166717171718
v 0.1912746464646465 0.2051257727272728 0.3727574459696142
v 0.18187204420645192 0.2051257727272728 0.39000998484848504
v 0.1912746464646465 0.2051257727272728 0.4000542803856172
v 0.20220462626262636 0.19831185268529117 0.3000501060606061
v 0.19231534935062405 0.2051257727272728 0.3450300454545455
v 0.20220462626262636 0.2051257727272728 0.3380390046924042
v 0.20220462626262636 0.19723364922774708 0.3450300454545455
v 0.20220462626262636 0.2051257727272728 0.34947977255439894
v 0.20220462626262636 0.1991515719765592 0.3600233585858587
v 0.20220462626262636 0.2051257727272728 0.3708083123749954
v 0.20220462626262636 0.2051257727272728 0.40483267357620345
v 0.20220462626262636 0.20436001929839062 0.40500329797979806
v 0.2131346060606061 0.2051257727272728 0.3427692226310311
v 0.2131346060606061 0.20190165062525572 0.3450300454545455
v 0.21159415893279848 0.2051257727272728 0.3600233585858587
v 0.20286132316163044 0.2051257727272728 0.40500329797979806
v 0.2131346060606061 0.2051257727272728 0.40903380061250905
v 0.21483772509977608 0.2051257727272728 0.3450300454545455
v 0.224064585858586 0.2051257727272728 0.3541488146930689
v 0.224064585858586 0.2051257727272728 0.4115196016999895
v 0.23499456565656573 0.2051257727272728 0.35542093899806526
v 0.23499456565656573 0.2051257727272728 0.41188190831116034
v 0.24592454545454548 0.2051257727272728 0.35850172431356286
v 0.24592454545454548 0.19866440209999375 0.3600233585858587
v 0.24592454545454548 0.2051257727272728 0.40976840377375906
v 0.2502238131192805 0.2051257727272728 0.3600233585858587
v 0.25685452525252533 0.2051257727272728 0.3650748495875275
v 0.2550756241759164 0.2051257727272728 0.40500329797979806
v 0.25685452525252533 0.2051257727272728 0.4042141970176617
v 0.2677845050505051 0.2051257727272728 0.37426984112015804
v 0.2677845050505051 0.20397254437885426 0.3750166717171718
v 0.2677845050505051 0.20261836051914417 0.39000998484848504
v 0.2677845050505051 0.2051257727272728 0.3933534949025669
v 0.2686469730116698 0.2051257727272728 0.3750166717171718
v 0.269785643569542 0.2051257727272728 0.39000998484848504
v -0.2768881165634645 0.21310159090909095 0.3750166717171718
v -0.26778450505050505 0.21310159090909095 0.3678378090761396
v -0.2777383379014384 0.21310159090909095 0.39000998484848504
v -0.26778450505050505 0.21310159090909095 0.4030685998478844
v -0.2568545252525252 0.21310159090909095 0.3616457342991703
v -0.2644051324238175 0.21310159090909095 0.40500329797979806
v -0.2568545252525252 0.21310159090909095 0.41019665921795356
v -0.25289376563156474 0.21310159090909095 0.3600233585858587
v -0.24592454545454542 0.21310159090909095 0.3582941503797024
v -0.24592454545454542 0.21310159090909095 0.41377255287380454
v -0.23499456565656562 0.21310159090909095 0.35728101643726845
v -0.23499456565656562 0.21310159090909095 0.41462897694364215
v -0.22406458585858588 0.21310159090909095 0.3593522967433269
v -0.22406458585858588 0.21310159090909095 0.41321430744602855
v -0.21313629523776936 0.21310159090909095 0.3450300454545455
v -0.21313460606060605 0.21310159090909095 0.3449983489633021
v -0.21313460606060605 0.21310159090909095 0.40913397594625805
v -0.21302493674563486 0.21310159090909095 0.3450300454545455
v -0.20220462626262625 0.21220006471842645 0.3450300454545455
v -0.2130246095892377 0.21310159090909095 0.3600233585858587
v -0.20220462626262625 0.21310159090909095 0.3737631493260991
v -0.20605392368498593 0.21310159090909095 0.40500329797979806
v -0.20220462626262625 0.21310159090909095 0.40279245729627705
v -0.20220462626262625 0.2099150839018437 0.40500329797979806
v -0.19783678453365486 0.21310159090909095 0.3750166717171718
v -0.19127464646464645 0.21089170002015056 0.3750166717171718
v -0.19127464646464645 0.21310159090909095 0.38991025171297544
v -0.19127464646464645 0.21310159090909095 0.3902226852139501
v -0.18034466666666663 0.20539764695000323 0.3750166717171718
v -0.191154561135578 0.21310159090909095 0.39000998484848504
v -0.18034466666666663 0.20647825146986615 0.39000998484848504
v -0.005464989898989875 0.20573667495281217 0.3450300454545455
v 0.0054649898989899345 0.20563088699306503 0.3450300454545455
v 0.1912746464646465 0.2102083087489113 0.3750166717171718
v 0.1912746464646465 0.21106556171721652 0.39000998484848504
v 0.20220462626262636 0.21096228508397707 0.3450300454545455
v 0.1993155428716223 0.21310159090909095 0.3750166717171718
v 0.20220462626262636 0.21310159090909095 0.3743598040773811
v 0.19447374805195966 0.21310159090909095 0.39000998484848504
v 0.20220462626262636 0.21310159090909095 0.39917816325960004
v 0.2131062996535345 0.21310159090909095 0.3450300454545455
v 0.2131346060606061 0.21310159090909095 0.34501746083642787
v 0.2131346060606061 0.21310159090909095 0.34563574067452923
v 0.2131346060606061 0.21266324807506062 0.3600233585858587
v 0.2131346060606061 0.21310159090909095 0.3608772109505036
v 0.21265349925179478 0.21310159090909095 0.40500329797979806
v 0.2131346060606061 0.21310159090909095 0.4052778933109682
v 0.21313528382548877 0.21310159090909095 0.3450300454545455
v 0.21341440663841443 0.21310159090909095 0.3600233585858587
v 0.224064585858586 0.21310159090909095 0.35922731903721045
v 0.224064585858586 0.21310159090909095 0.41011735474386996
v 0.23499456565656573 0.21310159090909095 0.35728407793319805
v 0.23499456565656573 0.21310159090909095 0.4118478947855546
v 0.24592454545454548 0.21310159090909095 0.3585261573947078
v 0.24592454545454548 0.21310159090909095 0.41085296572332947
v 0.25170720035474387 0.21310159090909095 0.3600233585858587
v 0.25685452525252533 0.21310159090909095 0.36265286431098126
v 0.25685452525252533 0.20810105168614126 0.40500329797979806
v 0.25685452525252533 0.21310159090909095 0.4066134628210184
v 0.2677845050505051 0.21310159090909095 0.3690588325735084
v 0.25925157710459407 0.21310159090909095 0.40500329797979806
v 0.2677845050505051 0.21310159090909095 0.40026447690381467
v 0.2750285796633126 0.21310159090909095 0.3750166717171718
v 0.2757841429380442 0.21310159090909095 0.39000998484848504
v -0.28095066792407514 0.2210774090909091 0.3750166717171718
v -0.2787144848484848 0.2210774090909091 0.37338035753497834
v -0.2787144848484848 0.21654570923247027 0.3750166717171718
v -0.2812557037845908 0.2210774090909091 0.39000998484848504
v -0.2787144848484848 0.21516426074854275 0.39000998484848504
v -0.2787144848484848 0.2210774090909091 0.3945512449901841
v -0.26778450505050505 0.2210774090909091 0.36572612853290537
v -0.26778450505050505 0.2210774090909091 0.4042444929364115
v -0.2568545252525252 0.2210774090909091 0.36077995657314105
v -0.2654368701011802 0.2210774090909091 0.40500329797979806
v -0.2568545252525252 0.2210774090909091 0.40997724480370545
v -0.24592454545454542 0.21996333102476162 0.3600233585858587
v -0.24592454545454542 0.2210774090909091 0.3601234137808291
v -0.24592454545454542 0.2210774090909091 0.41255534740684935
v -0.23499456565656562 0.21935387686774865 0.3600233585858587
v -0.23499456565656562 0.2210774090909091 0.36040943057225633
v -0.23499456565656562 0.2210774090909091 0.4125011604291315
v -0.22406458585858588 0.21973459050510374 0.3600233585858587
v -0.22406458585858588 0.2210774090909091 0.36768743245027935
v -0.22406458585858588 0.2210774090909091 0.4088909505642825
v -0.21313460606060605 0.21314285517427486 0.3450300454545455
v -0.21313460606060605 0.2133236167482892 0.3600233585858587
v -0.21760170557933187 0.2210774090909091 0.3750166717171718
v -0.21313460606060605 0.21980279086071783 0.3750166717171718
v -0.21313460606060605 0.2210774090909091 0.3835763417758824
v -0.21777330800989425 0.2210774090909091 0.40500329797979806
v -0.21313460606060605 0.2210774090909091 0.40152143569547444
v -0.21313460606060605 0.21769985898069266 0.40500329797979806
v -0.20220462626262625 0.215697571704247 0.3750166717171718
v -0.20535358462464726 0.2210774090909091 0.39000998484848504
v -0.20220462626262625 0.21917759675048953 0.39000998484848504
v -0.19127464646464645 0.21316825526226638 0.39000998484848504
v 0.20220462626262636 0.21476584889149872 0.3750166717171718
v 0.20220462626262636 0.21742834445992593 0.39000998484848504
v 0.2131346060606061 0.2131173294987032 0.3450300454545455
v 0.2131346060606061 0.21969335141162674 0.3750166717171718
v 0.20840076805271607 0.2210774090909091 0.39000998484848504
v 0.2131346060606061 0.2210774090909091 0.384690259412461
v 0.2131346060606061 0.2210774090909091 0.39701571417904297
v 0.2131346060606061 0.21340703924339993 0.40500329797979806
v 0.224064585858586 0.22097423627640161 0.3600233585858587
v 0.21724694118786234 0.2210774090909091 0.3750166717171718
v 0.224064585858586 0.2210774090909091 0.361217503702391
v 0.22389093205081956 0.2210774090909091 0.40500329797979806
v 0.224064585858586 0.2210774090909091 0.4051088027803402
v 0.23499456565656573 0.22005081437721247 0.3600233585858587
v 0.23499456565656573 0.2210774090909091 0.3602401920080505
v 0.23499456565656573 0.2210774090909091 0.40904638138900123
v 0.24396196985680596 0.2210774090909091 0.3600233585858587
v 0.24592454545454548 0.2210774090909091 0.3597349252924956
v 0.24592454545454548 0.2210774090909091 0.4094256242544324
v 0.24856046928409758 0.2210774090909091 0.3600233585858587
v 0.25685452525252533 0.2210774090909091 0.36139744218353825
v 0.25685452525252533 0.2210774090909091 0.406596913429222
v 0.2677845050505051 0.2210774090909091 0.36592790291769767
v 0.2598104848188728 0.2210774090909091 0.40500329797979806
v 0.2677845050505051 0.2210774090909091 0.4026260845350063
v 0.278714484848485 0.2210774090909091 0.37416097075972987
v 0.278714484848485 0.21906283235043456 0.3750166717171718
v 0.278714484848485 0.21834379217948416 0.39000998484848504
v 0.278714484848485 0.2210774090909091 0.39228222774737015
v 0.2798251287827936 0.2210774090909091 0.3750166717171718
v 0.28000322095565017 0.2210774090909091 0.39000998484848504
v -0.283184319184912 0.22905322727272734 0.3750166717171718
v -0.2787144848484848 0.22905322727272734 0.3719734433557854
v -0.281884613398022 0.22905322727272734 0.39000998484848504
v -0.2787144848484848 0.22905322727272734 0.3953933206560215
v -0.26778450505050505 0.22905322727272734 0.3665226664216437
v -0.26778450505050505 0.22905322727272734 0.4037209108748478
v -0.2628288853005854 0.22905322727272734 0.3600233585858587
v -0.2568545252525252 0.22905322727272734 0.34929335902512626
v -0.2568545252525252 0.22147542334276796 0.3600233585858587
v -0.26018644092055365 0.22905322727272734 0.40500329797979806
v -0.2568545252525252 0.22905322727272734 0.40660254759103454
v -0.24847572531871703 0.22905322727272734 0.3600233585858587
v -0.2469570449290069 0.22905322727272734 0.3750166717171718
v -0.24592454545454542 0.22845271912640122 0.3750166717171718
v -0.24592454545454542 0.22905322727272734 0.38090826118831966
v -0.24592454545454542 0.22905322727272734 0.40803420865565276
v -0.23499456565656562 0.228104377682755 0.3750166717171718
v -0.23499456565656562 0.22905322727272734 0.3875421316360664
v -0.23499456565656562 0.22905322727272734 0.4061960287541337
v -0.22406458585858588 0.22285679675883413 0.3750166717171718
v -0.22406458585858588 0.22905322727272734 0.3893497433755363
v -0.23297186164889644 0.22905322727272734 0.40500329797979806
v -0.22406458585858588 0.22905322727272734 0.39540120167993253
v -0.22406458585858588 0.22448504420316373 0.40500329797979806
v -0.22145164757183555 0.22905322727272734 0.39000998484848504
v -0.21313460606060605 0.2250998674037929 0.39000998484848504
v 0.2131346060606061 0.22353940515550957 0.39000998484848504
v 0.224064585858586 0.22271665975982605 0.3750166717171718
v 0.224064585858586 0.22888176320452355 0.39000998484848504
v 0.224064585858586 0.22116917612677164 0.40500329797979806
v 0.23499456565656573 0.2281168994905177 0.3750166717171718
v 0.2244273922598614 0.22905322727272734 0.39000998484848504
v 0.23499456565656573 0.22905322727272734 0.38808523914471865
v 0.23499456565656573 0.22905322727272734 0.402244877580095
v 0.23499456565656573 0.22553642048232547 0.40500329797979806
v 0.24592454545454548 0.2217958596553996 0.3600233585858587
v 0.24592454545454548 0.2284111305436371 0.3750166717171718
v 0.24592454545454548 0.22905322727272734 0.38176427195670604
v 0.24592454545454548 0.22905322727272734 0.4045289983177329
v 0.24592454545454548 0.22784436096297103 0.40500329797979806
v 0.2521621582517153 0.22905322727272734 0.3600233585858587
v 0.25685452525252533 0.22905322727272734 0.3563441710249426
v 0.25685452525252533 0.22341291687162754 0.3600233585858587
v 0.24750289062558262 0.22905322727272734 0.3750166717171718
v 0.25685452525252533 0.22905322727272734 0.4042089412527041
v 0.25685452525252533 0.2247249827880535 0.40500329797979806
v 0.25895826613096457 0.22905322727272734 0.3600233585858587
v 0.2677845050505051 0.22905322727272734 0.3660197257736189
v 0.2677845050505051 0.22905322727272734 0.4029226959017211
v 0.278714484848485 0.22905322727272734 0.3722385570494871
v 0.278714484848485 0.22905322727272734 0.39579869888257707
v 0.2826568905583071 0.22905322727272734 0.3750166717171718
v 0.2822662999130307 0.22905322727272734 0.39000998484848504
v -0.2787144848484848 0.23266758404494278 0.3750166717171718
v -0.2787144848484848 0.23480224284638915 0.39000998484848504
v -0.2770038460401776 0.23702904545454548 0.3750166717171718
v -0.26778450505050505 0.23702904545454548 0.3710304071859374
v -0.2778844370122454 0.23702904545454548 0.39000998484848504
v -0.26778450505050505 0.23702904545454548 0.4016358125760453
v -0.25806318569780445 0.23702904545454548 0.3600233585858587
v -0.2568545252525252 0.23702904545454548 0.3568005497569236
v -0.2570184453414 0.23702904545454548 0.3750166717171718
v -0.2568545252525252 0.23702904545454548 0.3743799595369941
v -0.2568545252525252 0.23696856850227965 0.3750166717171718
v -0.2568545252525252 0.23702904545454548 0.37626154338285017
v -0.2568545252525252 0.23702904545454548 0.4014808318143847
v -0.2568545252525252 0.2307760514427744 0.40500329797979806
v -0.25277212651633935 0.23702904545454548 0.3600233585858587
v -0.24592454545454542 0.23702904545454548 0.38867100549239114
v -0.24592454545454542 0.23702904545454548 0.3976340642584423
v -0.24592454545454542 0.23175269767429993 0.40500329797979806
v -0.24102398770340228 0.23702904545454548 0.39000998484848504
v -0.23499456565656562 0.23479097491476472 0.39000998484848504
v -0.23499456565656562 0.22993834537954305 0.40500329797979806
v -0.22406458585858588 0.23018348157276677 0.39000998484848504
v 0.23499456565656573 0.23364862263447583 0.39000998484848504
v 0.24592454545454548 0.23701932635339695 0.39000998484848504
v 0.25404388884476903 0.23702904545454548 0.3600233585858587
v 0.25685452525252533 0.23702904545454548 0.3578637692872164
v 0.25685452525252533 0.23702904545454548 0.36565874925338443
v 0.25685452525252533 0.23530829106362772 0.3750166717171718
v 0.24594896901163502 0.23702904545454548 0.39000998484848504
v 0.25685452525252533 0.23702904545454548 0.38566202475576244
v 0.25685452525252533 0.23702904545454548 0.3993663448025505
v 0.2576332548218599 0.23702904545454548 0.3600233585858587
v 0.2597777317644805 0.23702904545454548 0.3750166717171718
v 0.2677845050505051 0.23702904545454548 0.3711384434768602
v 0.2677845050505051 0.23702904545454548 0.4010315390615969
v 0.27649009825551424 0.23702904545454548 0.3750166717171718
v 0.278714484848485 0.23204017562810583 0.3750166717171718
v 0.278714484848485 0.23702904545454548 0.3891688579271548
v 0.278714484848485 0.23702904545454548 0.39114880733518725
v 0.27935317869344256 0.23702904545454548 0.39000998484848504
v -0.26778450505050505 0.2403329505080172 0.3750166717171718
v -0.26778450505050505 0.24316789452317833 0.39000998484848504
v -0.2568545252525252 0.24044246652364573 0.3600233585858587
v -0.2568545252525252 0.24258685506059927 0.39000998484848504
v -0.24592454545454542 0.23935140872774435 0.39000998484848504
v 0.25685452525252533 0.23924269848036983 0.3600233585858587
v 0.25685452525252533 0.24122984801593136 0.39000998484848504
v 0.2677845050505051 0.23983530447327875 0.3750166717171718
v 0.2677845050505051 0.24271631583752792 0.39000998484848504
v 0.278714484848485 0.23749308949007045 0.39000998484848504
f 3 2 1
f 1 4 3
f 6 2 3
f 5 2 6
f 7 3 4
f 6 3 7
f 9 5 6
f 8 5 9
f 10 6 7
f 9 6 10
f 12 8 9
f 11 8 12
f 13 9 10
f 12 9 13
f 16 15 14
f 16 17 18
f 14 17 16
f 18 19 20
f 17 19 18
f 20 21 22
f 19 21 20
f 22 23 24
f 21 23 22
f 11 24 23
f 11 12 24
f 12 25 24
f 26 12 13
f 26 27 12
f 27 25 12
f 26 28 27
f 30 15 16
f 29 15 30
f 18 31 16
f 31 30 16
f 20 32 18
f 32 31 18
f 22 33 20
f 33 32 20
f 24 34 22
f 34 33 22
f 25 35 24
f 35 34 24
f 27 36 25
f 36 35 25
f 37 27 28
f 36 27 37
f 30 38 29
f 31 38 30
f 39 38 31
f 32 39 31
f 40 39 32
f 33 40 32
f 41 40 33
f 34 41 33
f 42 41 34
f 42 44 43
f 42 34 44
f 34 35 44
f 46 36 45
f 46 44 36
f 44 35 36
f 37 45 36
f 48 43 44
f 47 43 48
f 49 44 46
f 48 44 49
f 51 47 48
f 50 47 51
f 52 48 49
f 51 48 52
f 54 50 51
f 53 50 54
f 55 51 52
f 54 51 55
f 54 56 53
f 55 56 54
f 59 58 57
f 59 60 61
f 57 60 59
f 61 62 63
f 60 62 61
f 62 64 63
f 59 65 58
f 61 65 59
f 66 65 61
f 63 66 61
f 67 66 63
f 64 67 63
f 70 69 68
f 68 71 70
f 74 73 72
f 72 75 74
f 78 77 76
f 76 79 78
f 82 81 80
f 80 83 82
f 70 84 69
f 71 84 70
f 74 85 73
f 75 85 74
f 1 77 78
f 1 2 77
f 2 86 77
f 78 4 1
f 78 79 4
f 79 87 4
f 82 88 81
f 83 88 82
f 2 5 86
f 86 5 89
f 4 87 7
f 87 90 7
f 5 8 89
f 89 8 91
f 7 90 10
f 90 92 10
f 95 94 93
f 95 96 97
f 93 96 95
f 96 98 97
f 101 100 99
f 101 99 91
f 101 91 11
f 11 91 8
f 102 103 13
f 102 13 92
f 92 13 10
f 102 104 103
f 107 106 105
f 107 108 109
f 105 108 107
f 109 110 111
f 108 110 109
f 111 112 113
f 110 112 111
f 113 114 115
f 112 114 113
f 94 115 114
f 95 115 94
f 95 15 115
f 95 14 15
f 17 14 95
f 97 17 95
f 97 98 116
f 97 116 17
f 17 116 19
f 21 19 117
f 19 116 117
f 100 101 23
f 100 23 117
f 117 23 21
f 11 23 101
f 13 103 26
f 28 118 119
f 26 118 28
f 26 104 118
f 26 103 104
f 118 120 119
f 122 106 107
f 121 106 122
f 109 123 107
f 123 122 107
f 111 124 109
f 124 123 109
f 113 125 111
f 125 124 111
f 115 126 113
f 126 125 113
f 15 29 126
f 115 15 126
f 119 127 37
f 28 119 37
f 128 119 120
f 127 119 128
f 122 129 121
f 123 129 122
f 130 129 123
f 124 130 123
f 131 130 124
f 125 131 124
f 132 131 125
f 126 132 125
f 133 132 126
f 135 134 133
f 38 135 133
f 38 133 126
f 38 126 29
f 38 39 136
f 135 38 136
f 138 136 39
f 138 39 137
f 137 39 40
f 41 139 40
f 40 139 137
f 141 140 139
f 141 139 42
f 42 139 41
f 42 43 141
f 45 142 46
f 45 144 142
f 37 144 45
f 37 143 144
f 37 127 143
f 128 143 127
f 135 145 134
f 136 145 135
f 146 145 136
f 138 146 136
f 141 147 140
f 147 141 43
f 147 43 148
f 148 43 47
f 142 149 150
f 142 150 46
f 46 150 49
f 144 149 142
f 47 50 148
f 148 50 151
f 49 150 52
f 150 152 52
f 155 154 153
f 153 156 155
f 50 53 151
f 151 53 157
f 52 152 55
f 152 158 55
f 155 159 154
f 156 159 155
f 162 161 160
f 160 163 162
f 166 165 164
f 164 167 166
f 169 53 56
f 169 168 53
f 168 157 53
f 56 170 169
f 56 55 170
f 55 158 170
f 162 171 161
f 163 171 162
f 166 172 165
f 167 172 166
f 169 173 168
f 170 173 169
f 176 175 174
f 176 177 178
f 174 177 176
f 178 179 180
f 177 179 178
f 179 181 180
f 176 182 175
f 178 182 176
f 183 182 178
f 180 183 178
f 184 183 180
f 181 184 180
f 57 186 185
f 58 186 57
f 60 57 187
f 57 185 187
f 62 60 188
f 60 187 188
f 188 64 62
f 189 64 188
f 191 58 65
f 191 190 58
f 190 186 58
f 65 66 192
f 191 65 192
f 66 67 193
f 192 66 193
f 67 194 193
f 67 64 194
f 64 189 194
f 191 195 190
f 192 195 191
f 196 195 192
f 193 196 192
f 197 196 193
f 194 197 193
f 200 199 198
f 200 201 202
f 198 201 200
f 201 203 202
f 206 205 204
f 204 207 206
f 210 209 208
f 210 211 212
f 208 211 210
f 212 68 69
f 212 211 68
f 211 213 68
f 71 214 215
f 71 68 214
f 68 213 214
f 199 215 214
f 200 215 199
f 200 73 215
f 200 72 73
f 75 72 200
f 75 200 216
f 216 200 202
f 217 202 203
f 217 218 202
f 218 216 202
f 205 218 217
f 206 218 205
f 206 77 218
f 206 76 77
f 79 219 220
f 76 219 79
f 76 207 219
f 76 206 207
f 219 221 220
f 224 223 222
f 209 224 222
f 210 224 209
f 210 81 224
f 210 80 81
f 83 80 210
f 83 210 225
f 225 210 212
f 69 84 226
f 69 226 212
f 212 226 225
f 84 71 215
f 84 215 226
f 226 215 227
f 73 85 228
f 73 228 215
f 215 228 227
f 85 75 216
f 85 216 228
f 228 216 229
f 218 230 216
f 230 229 216
f 77 86 230
f 218 77 230
f 220 231 232
f 220 232 79
f 79 232 87
f 221 231 220
f 235 234 233
f 223 235 233
f 223 224 235
f 224 236 235
f 81 88 237
f 81 237 224
f 224 237 236
f 88 239 237
f 83 239 88
f 83 238 239
f 83 225 238
f 226 238 225
f 240 238 226
f 227 240 226
f 241 240 227
f 228 241 227
f 242 241 228
f 229 242 228
f 243 242 229
f 243 245 244
f 243 229 245
f 229 230 245
f 86 89 245
f 230 86 245
f 87 232 90
f 232 246 90
f 249 248 247
f 234 235 250
f 247 251 249
f 236 250 235
f 252 250 236
f 237 252 236
f 253 252 237
f 239 253 237
f 255 244 245
f 254 244 255
f 89 91 255
f 245 89 255
f 256 257 92
f 256 92 246
f 246 92 90
f 256 258 257
f 260 248 249
f 259 248 260
f 261 249 251
f 261 262 249
f 262 260 249
f 262 263 264
f 261 263 262
f 264 265 266
f 263 265 264
f 266 267 268
f 265 267 266
f 268 93 94
f 268 267 93
f 267 269 93
f 96 93 270
f 93 269 270
f 98 271 272
f 98 96 271
f 96 270 271
f 272 273 274
f 271 273 272
f 254 274 273
f 255 274 254
f 255 100 274
f 255 99 100
f 91 99 255
f 92 257 102
f 257 104 102
f 257 258 104
f 258 275 104
f 105 259 260
f 105 106 259
f 106 276 259
f 108 105 260
f 262 108 260
f 110 108 262
f 264 110 262
f 112 110 264
f 266 112 264
f 114 112 266
f 268 114 266
f 94 114 268
f 98 272 116
f 117 116 272
f 274 117 272
f 100 117 274
f 104 275 277
f 118 104 277
f 120 278 279
f 120 118 278
f 118 277 278
f 278 280 279
f 106 121 276
f 276 121 281
f 279 282 128
f 120 279 128
f 283 279 280
f 282 279 283
f 285 121 129
f 285 284 121
f 284 281 121
f 129 130 286
f 285 129 286
f 130 131 287
f 286 130 287
f 131 132 288
f 287 131 288
f 132 133 289
f 288 132 289
f 133 134 289
f 137 290 138
f 137 139 291
f 290 137 291
f 139 140 291
f 143 292 293
f 144 143 293
f 282 143 128
f 282 294 143
f 294 292 143
f 283 294 282
f 296 284 285
f 295 284 296
f 298 286 297
f 298 296 286
f 296 285 286
f 287 297 286
f 299 297 287
f 288 299 287
f 300 299 288
f 289 300 288
f 301 300 289
f 134 301 289
f 134 145 301
f 145 302 301
f 146 303 145
f 145 303 302
f 290 146 138
f 290 304 146
f 304 303 146
f 291 304 290
f 305 304 291
f 307 306 305
f 147 307 305
f 147 305 291
f 147 291 140
f 147 148 307
f 149 308 150
f 149 309 308
f 149 144 309
f 144 293 309
f 296 310 295
f 311 313 312
f 298 310 296
f 313 314 315
f 311 314 313
f 315 316 317
f 314 316 315
f 316 318 317
f 320 306 307
f 319 306 320
f 148 151 320
f 307 148 320
f 308 321 322
f 308 322 150
f 150 322 152
f 309 321 308
f 313 323 312
f 323 325 324
f 323 313 325
f 313 315 325
f 153 154 325
f 153 325 317
f 317 325 315
f 156 326 327
f 153 326 156
f 153 318 326
f 153 317 318
f 327 328 329
f 326 328 327
f 329 330 331
f 328 330 329
f 331 332 333
f 330 332 331
f 333 334 335
f 332 334 333
f 319 335 334
f 319 320 335
f 320 336 335
f 151 157 336
f 320 151 336
f 152 322 158
f 322 337 158
f 325 338 324
f 340 339 338
f 159 340 338
f 159 338 325
f 159 325 154
f 159 156 327
f 159 327 340
f 340 327 341
f 160 161 341
f 160 341 329
f 329 341 327
f 163 160 329
f 163 329 342
f 342 329 331
f 164 165 342
f 164 342 333
f 333 342 331
f 167 164 333
f 167 333 343
f 343 333 335
f 336 344 335
f 344 343 335
f 157 168 344
f 336 157 344
f 345 346 170
f 345 170 337
f 337 170 158
f 345 347 346
f 340 348 339
f 341 348 340
f 349 348 341
f 161 349 341
f 161 171 349
f 171 350 349
f 342 171 163
f 342 351 171
f 351 350 171
f 353 352 351
f 172 353 351
f 172 351 342
f 172 342 165
f 172 167 343
f 172 343 353
f 353 343 354
f 356 344 355
f 356 354 344
f 354 343 344
f 358 357 355
f 173 358 355
f 173 355 344
f 173 344 168
f 173 360 358
f 170 360 173
f 170 359 360
f 170 346 359
f 347 359 346
f 353 361 352
f 354 361 353
f 362 361 354
f 356 362 354
f 358 363 357
f 360 363 358
f 366 365 364
f 366 367 368
f 364 367 366
f 368 369 370
f 367 369 368
f 369 371 370
f 174 365 366
f 174 175 365
f 175 372 365
f 177 174 366
f 368 177 366
f 179 177 368
f 370 179 368
f 370 181 179
f 370 371 181
f 371 373 181
f 175 374 372
f 182 374 175
f 183 375 182
f 182 375 374
f 184 376 183
f 183 376 375
f 373 184 181
f 376 184 373
f 185 378 377
f 186 378 185
f 187 185 379
f 185 377 379
f 188 187 380
f 187 379 380
f 380 189 188
f 381 189 380
f 186 190 378
f 378 190 382
f 189 381 194
f 381 383 194
f 385 190 195
f 385 384 190
f 384 382 190
f 195 196 386
f 385 195 386
f 196 197 387
f 386 196 387
f 197 388 387
f 197 194 388
f 194 383 388
f 385 389 384
f 386 389 385
f 390 389 386
f 387 390 386
f 391 390 387
f 388 391 387
f 198 393 392
f 199 393 198
f 395 392 394
f 395 201 392
f 201 198 392
f 201 395 203
f 204 397 396
f 205 397 204
f 207 398 399
f 207 204 398
f 204 396 398
f 398 400 399
f 208 209 401
f 403 208 401
f 403 402 208
f 402 211 208
f 213 211 404
f 211 402 404
f 214 213 405
f 213 404 405
f 393 199 214
f 405 393 214
f 395 394 406
f 203 395 406
f 203 406 217
f 217 406 407
f 397 205 217
f 407 397 217
f 207 399 219
f 221 408 409
f 219 408 221
f 219 400 408
f 219 399 400
f 408 410 409
f 222 412 411
f 223 412 222
f 401 209 222
f 401 222 413
f 413 222 411
f 403 401 413
f 231 414 232
f 231 221 409
f 231 409 414
f 414 409 415
f 416 409 410
f 415 409 416
f 419 418 417
f 419 233 234
f 419 417 233
f 417 420 233
f 412 223 233
f 420 412 233
f 238 421 239
f 238 240 422
f 421 238 422
f 240 241 423
f 422 240 423
f 241 242 424
f 423 241 424
f 242 243 425
f 424 242 425
f 243 244 425
f 414 426 246
f 232 414 246
f 428 415 427
f 428 426 415
f 426 414 415
f 416 427 415
f 247 418 419
f 247 248 418
f 248 429 418
f 251 247 419
f 251 419 430
f 234 250 419
f 250 430 419
f 250 252 431
f 430 250 431
f 252 253 432
f 431 252 432
f 253 239 421
f 253 421 432
f 432 421 433
f 422 434 421
f 434 433 421
f 423 435 422
f 435 434 422
f 424 436 423
f 436 435 423
f 425 437 424
f 437 436 424
f 244 254 437
f 425 244 437
f 246 426 256
f 426 258 256
f 426 428 258
f 428 438 258
f 248 259 429
f 429 259 439
f 251 430 261
f 263 261 430
f 431 263 430
f 265 263 431
f 432 265 431
f 267 265 432
f 433 267 432
f 269 267 433
f 434 269 433
f 270 269 434
f 435 270 434
f 271 270 435
f 436 271 435
f 273 271 436
f 437 273 436
f 254 273 437
f 440 441 275
f 440 275 438
f 438 275 258
f 440 442 441
f 445 444 443
f 443 446 445
f 259 276 439
f 439 276 447
f 275 441 277
f 441 442 448
f 441 448 277
f 277 448 278
f 280 445 449
f 280 448 445
f 280 278 448
f 448 444 445
f 450 445 446
f 450 451 445
f 451 449 445
f 450 452 451
f 276 281 447
f 447 281 453
f 449 454 283
f 280 449 283
f 451 455 449
f 455 454 449
f 456 451 452
f 455 451 456
f 281 284 453
f 453 284 457
f 292 458 293
f 460 458 292
f 460 292 459
f 459 292 294
f 283 459 294
f 283 462 459
f 283 454 462
f 461 459 462
f 464 455 463
f 464 462 455
f 462 454 455
f 456 463 455
f 284 295 457
f 457 295 465
f 297 466 298
f 297 299 467
f 466 297 467
f 299 300 468
f 467 299 468
f 300 301 469
f 468 300 469
f 301 302 470
f 469 301 470
f 302 303 471
f 470 302 471
f 303 304 472
f 471 303 472
f 304 305 473
f 472 304 473
f 305 306 473
f 458 474 475
f 458 475 293
f 293 475 309
f 460 474 458
f 462 476 461
f 464 476 462
f 478 295 310
f 478 477 295
f 477 465 295
f 310 298 466
f 310 466 478
f 311 312 466
f 312 478 466
f 314 311 466
f 467 314 466
f 316 314 467
f 468 316 467
f 318 316 468
f 318 468 479
f 479 468 469
f 470 480 469
f 480 479 469
f 471 481 470
f 481 480 470
f 472 482 471
f 482 481 471
f 473 483 472
f 483 482 472
f 306 319 483
f 473 306 483
f 321 484 322
f 321 485 484
f 321 309 485
f 309 475 485
f 478 486 477
f 312 486 478
f 312 323 486
f 323 487 486
f 487 323 324
f 488 487 324
f 318 479 326
f 328 326 479
f 480 328 479
f 330 328 480
f 481 330 480
f 332 330 481
f 482 332 481
f 334 332 482
f 483 334 482
f 319 334 483
f 484 489 337
f 322 484 337
f 490 484 485
f 490 491 484
f 491 489 484
f 490 492 491
f 324 493 488
f 338 493 324
f 339 495 494
f 339 494 338
f 338 494 493
f 495 497 496
f 494 495 496
f 496 497 498
f 337 489 345
f 347 345 489
f 347 489 499
f 499 489 491
f 500 491 492
f 499 491 500
f 339 348 495
f 349 495 348
f 497 495 349
f 497 501 498
f 497 349 501
f 349 350 501
f 351 502 350
f 350 502 501
f 502 351 352
f 503 502 352
f 355 504 505
f 356 355 505
f 504 355 357
f 506 504 357
f 359 507 360
f 359 509 507
f 347 509 359
f 347 508 509
f 347 499 508
f 500 508 499
f 352 510 503
f 361 510 352
f 362 511 361
f 361 511 510
f 505 362 356
f 511 362 505
f 357 512 506
f 363 512 357
f 507 363 360
f 507 513 363
f 513 512 363
f 509 513 507
f 516 515 514
f 514 517 516
f 520 519 518
f 518 521 520
f 364 515 516
f 364 365 515
f 365 522 515
f 516 517 523
f 516 523 364
f 364 523 367
f 519 520 369
f 519 369 523
f 523 369 367
f 520 371 369
f 520 521 371
f 521 524 371
f 365 372 522
f 522 372 525
f 371 524 373
f 524 526 373
f 372 527 525
f 374 527 372
f 375 528 374
f 374 528 527
f 376 529 375
f 375 529 528
f 526 376 373
f 529 376 526
f 377 378 530
f 532 377 530
f 532 531 377
f 531 379 377
f 380 379 533
f 379 531 533
f 533 381 380
f 534 381 533
f 530 536 535
f 530 378 536
f 378 382 536
f 532 530 535
f 537 538 383
f 537 383 534
f 534 383 381
f 537 539 538
f 382 384 536
f 536 384 540
f 538 541 388
f 383 538 388
f 542 538 539
f 541 538 542
f 544 384 389
f 544 543 384
f 543 540 384
f 546 544 389
f 546 389 545
f 545 389 390
f 391 547 390
f 390 547 545
f 388 547 391
f 388 549 547
f 388 541 549
f 548 547 549
f 550 541 542
f 549 541 550
f 552 543 544
f 551 543 552
f 553 544 546
f 552 544 553
f 549 554 548
f 550 554 549
f 552 555 551
f 553 555 552
f 558 557 556
f 556 559 558
f 392 393 560
f 392 560 394
f 563 562 561
f 557 563 561
f 558 563 557
f 558 397 563
f 558 396 397
f 558 559 564
f 558 564 396
f 396 564 398
f 564 400 398
f 565 400 564
f 402 567 566
f 403 567 402
f 404 402 568
f 402 566 568
f 405 404 569
f 404 568 569
f 560 393 405
f 560 405 570
f 570 405 569
f 394 560 570
f 394 570 406
f 406 570 571
f 562 563 407
f 562 407 571
f 571 407 406
f 397 407 563
f 400 565 572
f 408 400 572
f 410 573 574
f 410 408 573
f 408 572 573
f 573 575 574
f 578 577 576
f 578 411 412
f 578 576 411
f 576 579 411
f 413 411 580
f 411 579 580
f 567 403 413
f 580 567 413
f 574 581 416
f 410 574 416
f 582 574 575
f 582 583 574
f 583 581 574
f 583 584 585
f 582 584 583
f 584 586 585
f 417 588 587
f 418 588 417
f 577 578 420
f 577 420 587
f 587 420 417
f 412 420 578
f 427 589 428
f 427 416 581
f 427 581 589
f 589 581 590
f 583 591 581
f 591 590 581
f 585 592 583
f 592 591 583
f 593 585 586
f 592 585 593
f 596 595 594
f 596 594 588
f 596 588 429
f 429 588 418
f 589 597 438
f 428 589 438
f 590 598 589
f 598 597 589
f 591 599 590
f 599 598 590
f 592 600 591
f 600 599 591
f 601 592 593
f 600 592 601
f 603 595 596
f 602 595 603
f 429 439 603
f 596 429 603
f 438 597 440
f 442 440 597
f 442 597 604
f 604 597 598
f 443 444 604
f 443 604 599
f 599 604 598
f 446 443 599
f 446 599 605
f 605 599 600
f 606 600 601
f 606 607 600
f 607 605 600
f 606 608 607
f 610 602 603
f 609 602 610
f 439 447 610
f 603 439 610
f 442 604 448
f 444 448 604
f 446 605 450
f 452 450 605
f 452 605 611
f 611 605 607
f 612 607 608
f 611 607 612
f 614 609 610
f 613 609 614
f 447 453 614
f 610 447 614
f 611 615 456
f 452 611 456
f 616 611 612
f 615 611 616
f 618 613 614
f 617 613 618
f 453 457 618
f 614 453 618
f 459 619 460
f 459 461 619
f 463 620 464
f 463 456 615
f 463 615 620
f 620 615 621
f 622 615 616
f 621 615 622
f 624 617 618
f 623 617 624
f 457 465 624
f 618 457 624
f 474 625 475
f 474 460 619
f 474 619 625
f 625 619 626
f 461 476 627
f 461 627 619
f 619 627 626
f 476 464 620
f 476 620 627
f 627 620 628
f 630 621 629
f 630 628 621
f 628 620 621
f 622 629 621
f 624 631 623
f 631 624 465
f 631 465 632
f 632 465 477
f 625 633 485
f 475 625 485
f 626 634 625
f 634 633 625
f 627 635 626
f 635 634 626
f 628 636 627
f 636 635 627
f 637 628 630
f 636 628 637
f 477 638 632
f 486 638 477
f 487 639 486
f 486 639 638
f 639 487 488
f 640 639 488
f 485 633 490
f 492 490 633
f 492 633 641
f 641 633 634
f 635 642 634
f 642 641 634
f 636 643 635
f 643 642 635
f 644 636 637
f 643 636 644
f 488 645 640
f 493 645 488
f 494 646 493
f 493 646 645
f 496 647 494
f 494 647 646
f 647 496 498
f 648 647 498
f 641 649 500
f 492 641 500
f 651 642 650
f 651 649 642
f 649 641 642
f 643 650 642
f 652 650 643
f 644 652 643
f 498 653 648
f 501 653 498
f 502 654 501
f 501 654 653
f 503 656 655
f 503 655 502
f 502 655 654
f 656 658 657
f 655 656 657
f 658 505 504
f 658 504 657
f 660 659 504
f 659 657 504
f 504 506 660
f 508 661 662
f 509 508 662
f 649 508 500
f 649 663 508
f 663 661 508
f 651 663 649
f 503 510 656
f 511 656 510
f 658 656 511
f 660 664 659
f 505 658 511
f 666 665 664
f 512 666 664
f 512 664 660
f 512 660 506
f 668 666 512
f 668 512 667
f 667 512 513
f 662 513 509
f 667 513 662
f 666 669 665
f 668 669 666
f 672 671 670
f 670 673 672
f 676 675 674
f 674 677 676
f 514 671 672
f 514 515 671
f 515 678 671
f 517 679 680
f 514 679 517
f 514 673 679
f 514 672 673
f 680 518 519
f 680 679 518
f 679 681 518
f 521 676 682
f 521 681 676
f 521 518 681
f 681 675 676
f 683 676 677
f 682 676 683
f 515 522 678
f 678 522 684
f 517 680 523
f 519 523 680
f 682 685 524
f 521 682 524
f 686 682 683
f 685 682 686
f 687 525 688
f 687 684 525
f 684 522 525
f 687 688 689
f 685 690 691
f 685 691 524
f 524 691 526
f 686 690 685
f 525 527 688
f 688 692 689
f 688 527 692
f 527 528 692
f 529 693 528
f 528 693 692
f 691 529 526
f 693 529 691
f 531 532 694
f 531 695 533
f 694 695 531
f 533 695 534
f 535 536 696
f 535 696 698
f 532 535 698
f 532 698 697
f 532 697 694
f 695 694 697
f 699 695 697
f 701 699 700
f 537 699 701
f 537 695 699
f 537 534 695
f 537 701 539
f 696 703 702
f 696 536 703
f 536 540 703
f 698 696 702
f 701 700 704
f 704 539 701
f 704 705 539
f 705 542 539
f 540 543 703
f 703 543 706
f 545 707 708
f 546 545 708
f 710 709 707
f 710 707 547
f 547 707 545
f 547 548 710
f 542 705 550
f 705 711 550
f 543 551 706
f 706 551 712
f 546 708 553
f 708 713 553
f 715 709 710
f 714 709 715
f 548 715 710
f 548 716 715
f 548 554 716
f 716 717 715
f 711 554 550
f 716 554 711
f 551 718 712
f 555 718 551
f 713 555 553
f 718 555 713
f 715 719 714
f 717 719 715
f 722 721 720
f 720 723 722
f 725 721 722
f 724 721 725
f 726 722 723
f 725 722 726
f 725 727 724
f 726 727 725
f 556 557 728
f 556 728 559
f 561 730 729
f 562 730 561
f 728 557 561
f 728 561 731
f 731 561 729
f 559 728 731
f 559 731 564
f 564 731 732
f 732 565 564
f 733 565 732
f 736 735 734
f 736 737 738
f 734 737 736
f 738 566 567
f 738 737 566
f 737 739 566
f 568 566 740
f 566 739 740
f 569 568 741
f 568 740 741
f 570 569 742
f 569 741 742
f 571 570 743
f 570 742 743
f 730 562 571
f 743 730 571
f 565 733 744
f 572 565 744
f 573 572 745
f 572 744 745
f 575 746 747
f 575 573 746
f 573 745 746
f 747 748 749
f 746 748 747
f 748 750 749
f 753 752 751
f 753 576 577
f 753 751 576
f 751 754 576
f 735 736 579
f 735 579 754
f 754 579 576
f 580 579 736
f 738 580 736
f 567 580 738
f 575 747 582
f 584 582 747
f 749 584 747
f 749 586 584
f 749 750 586
f 750 755 586
f 587 752 753
f 587 588 752
f 588 756 752
f 577 587 753
f 757 758 593
f 757 593 755
f 755 593 586
f 757 759 758
f 594 761 760
f 595 761 594
f 756 588 594
f 760 756 594
f 758 762 601
f 593 758 601
f 763 758 759
f 762 758 763
f 595 602 761
f 761 602 764
f 601 762 606
f 608 765 766
f 606 765 608
f 606 763 765
f 606 762 763
f 765 767 766
f 602 609 764
f 764 609 768
f 766 769 612
f 608 766 612
f 770 766 767
f 770 771 766
f 771 769 766
f 770 772 771
f 609 613 768
f 768 613 773
f 769 774 616
f 612 769 616
f 771 775 769
f 775 774 769
f 776 771 772
f 775 771 776
f 613 617 773
f 773 617 777
f 774 778 622
f 616 774 622
f 780 775 779
f 780 778 775
f 778 774 775
f 776 779 775
f 617 623 777
f 777 623 781
f 629 782 630
f 629 784 782
f 622 784 629
f 622 783 784
f 622 778 783
f 780 783 778
f 623 785 781
f 631 785 623
f 785 631 632
f 786 785 632
f 782 787 637
f 630 782 637
f 788 782 784
f 787 782 788
f 790 632 638
f 790 789 632
f 789 786 632
f 638 639 791
f 790 638 791
f 639 640 791
f 787 792 793
f 787 793 637
f 637 793 644
f 788 792 787
f 790 794 789
f 791 794 790
f 795 794 791
f 797 796 795
f 645 797 795
f 645 795 791
f 645 791 640
f 645 646 798
f 797 645 798
f 646 647 799
f 798 646 799
f 647 648 799
f 650 800 651
f 650 652 801
f 800 650 801
f 652 802 801
f 652 644 802
f 644 793 802
f 797 803 796
f 798 803 797
f 804 803 798
f 799 804 798
f 805 804 799
f 648 805 799
f 648 653 805
f 653 806 805
f 654 807 653
f 653 807 806
f 655 808 654
f 654 808 807
f 657 809 655
f 655 809 808
f 809 657 659
f 810 809 659
f 661 811 812
f 662 661 812
f 663 813 661
f 661 813 811
f 800 663 651
f 800 814 663
f 814 813 663
f 801 814 800
f 815 814 801
f 802 815 801
f 659 816 810
f 664 816 659
f 665 818 817
f 665 817 664
f 664 817 816
f 818 668 667
f 818 667 817
f 817 667 819
f 812 667 662
f 819 667 812
f 665 669 818
f 668 818 669
f 822 821 820
f 820 823 822
f 670 821 822
f 670 671 821
f 671 824 821
f 822 673 670
f 822 823 673
f 823 825 673
f 828 827 826
f 828 674 675
f 828 826 674
f 826 829 674
f 829 677 674
f 830 677 829
f 671 678 824
f 824 678 831
f 833 679 673
f 833 673 832
f 832 673 825
f 828 834 827
f 828 679 834
f 828 681 679
f 833 834 679
f 675 681 828
f 677 830 683
f 830 835 683
f 836 684 837
f 836 831 684
f 831 678 684
f 832 836 837
f 832 837 833
f 833 837 838
f 839 834 833
f 838 839 833
f 842 840 841
f 842 835 840
f 842 686 835
f 686 683 835
f 684 687 837
f 689 837 687
f 689 843 837
f 843 838 837
f 844 839 838
f 844 838 845
f 845 838 843
f 841 844 845
f 842 841 845
f 842 845 691
f 842 691 690
f 686 842 690
f 689 692 843
f 693 843 692
f 845 843 693
f 691 845 693
f 697 698 846
f 697 847 699
f 846 847 697
f 699 847 700
f 702 703 848
f 702 846 698
f 702 848 846
f 848 849 846
f 851 850 847
f 851 847 849
f 849 847 846
f 700 847 850
f 700 850 704
f 704 850 852
f 852 705 704
f 853 705 852
f 848 855 854
f 848 703 855
f 703 706 855
f 707 856 708
f 707 848 856
f 707 849 848
f 848 854 856
f 849 707 709
f 849 709 851
f 851 709 857
f 705 853 711
f 853 858 711
f 706 712 855
f 855 712 859
f 708 856 713
f 856 860 713
f 709 714 857
f 857 714 861
f 716 862 717
f 716 863 862
f 716 711 863
f 711 858 863
f 712 864 859
f 718 864 712
f 860 718 713
f 864 718 860
f 866 714 719
f 866 865 714
f 865 861 714
f 719 717 862
f 719 862 866
f 866 862 867
f 868 862 863
f 867 862 868
f 720 865 866
f 720 721 865
f 721 869 865
f 723 720 866
f 723 866 870
f 870 866 867
f 871 867 868
f 870 867 871
f 721 724 869
f 869 724 872
f 870 873 874
f 870 874 723
f 723 874 726
f 871 873 870
f 876 724 727
f 876 875 724
f 875 872 724
f 727 877 876
f 727 726 877
f 726 874 877
f 879 875 876
f 878 875 879
f 880 876 877
f 879 876 880
f 882 878 879
f 881 878 882
f 883 879 880
f 883 884 879
f 884 882 879
f 883 885 884
f 887 881 882
f 886 881 887
f 884 888 882
f 888 887 882
f 889 884 885
f 888 884 889
f 887 890 886
f 888 890 887
f 891 890 888
f 889 891 888
f 894 893 892
f 894 895 896
f 892 895 894
f 896 897 898
f 895 897 896
f 898 899 900
f 897 899 898
f 900 729 730
f 900 899 729
f 899 901 729
f 731 729 902
f 729 901 902
f 732 731 903
f 731 902 903
f 903 733 732
f 904 733 903
f 734 906 905
f 735 906 734
f 737 734 907
f 734 905 907
f 739 737 908
f 737 907 908
f 893 894 740
f 893 740 908
f 908 740 739
f 741 740 894
f 896 741 894
f 742 741 896
f 898 742 896
f 743 742 898
f 900 743 898
f 730 743 900
f 733 904 909
f 744 733 909
f 745 744 910
f 744 909 910
f 746 745 911
f 745 910 911
f 748 746 912
f 746 911 912
f 912 750 748
f 913 750 912
f 751 915 914
f 752 915 751
f 754 751 916
f 751 914 916
f 906 735 754
f 916 906 754
f 917 918 755
f 917 755 913
f 913 755 750
f 917 919 918
f 752 756 915
f 915 756 920
f 755 918 757
f 759 921 922
f 757 921 759
f 757 919 921
f 757 918 919
f 921 923 922
f 760 925 924
f 761 925 760
f 920 756 760
f 924 920 760
f 922 926 763
f 759 922 763
f 927 922 923
f 927 928 922
f 928 926 922
f 927 929 928
f 761 764 925
f 925 764 930
f 763 926 765
f 767 765 926
f 767 926 931
f 931 926 928
f 932 928 929
f 931 928 932
f 764 768 930
f 930 768 933
f 767 931 770
f 772 934 935
f 770 934 772
f 770 932 934
f 770 931 932
f 934 936 935
f 768 773 933
f 933 773 937
f 935 938 776
f 772 935 776
f 939 935 936
f 938 935 939
f 773 777 937
f 937 777 940
f 779 941 780
f 779 943 941
f 776 943 779
f 776 942 943
f 776 938 942
f 939 942 938
f 777 781 940
f 940 781 944
f 783 945 784
f 783 780 941
f 783 941 945
f 945 941 946
f 947 941 943
f 946 941 947
f 781 948 944
f 785 948 781
f 948 785 786
f 949 948 786
f 945 950 788
f 784 945 788
f 952 946 951
f 952 950 946
f 950 945 946
f 947 951 946
f 786 789 949
f 949 789 953
f 792 954 793
f 792 956 954
f 788 956 792
f 788 955 956
f 788 950 955
f 952 955 950
f 789 957 953
f 794 957 789
f 795 958 794
f 794 958 957
f 958 795 796
f 959 958 796
f 954 960 961
f 954 961 793
f 793 961 802
f 956 960 954
f 796 962 959
f 803 962 796
f 804 963 803
f 803 963 962
f 805 964 804
f 804 964 963
f 966 965 964
f 966 964 806
f 806 964 805
f 806 807 967
f 966 806 967
f 807 808 968
f 967 807 968
f 808 809 969
f 968 808 969
f 809 810 969
f 811 970 971
f 812 811 971
f 813 972 811
f 811 972 970
f 814 973 813
f 813 973 972
f 815 974 814
f 814 974 973
f 961 815 802
f 974 815 961
f 966 975 965
f 967 975 966
f 976 975 967
f 968 976 967
f 977 976 968
f 969 977 968
f 978 977 969
f 810 978 969
f 810 816 978
f 816 979 978
f 817 980 816
f 816 980 979
f 819 981 817
f 817 981 980
f 971 819 812
f 981 819 971
f 984 983 982
f 982 985 984
f 987 983 984
f 986 983 987
f 988 984 985
f 988 989 984
f 989 987 984
f 988 990 989
f 992 986 987
f 991 986 992
f 994 989 993
f 994 992 989
f 992 987 989
f 990 993 989
f 820 996 995
f 821 996 820
f 995 823 820
f 997 823 995
f 999 991 992
f 998 991 999
f 1000 992 994
f 999 992 1000
f 821 824 996
f 996 824 1001
f 823 997 825
f 997 1002 825
f 826 998 999
f 826 827 998
f 827 1003 998
f 999 1000 1004
f 999 1004 826
f 826 1004 829
f 1004 830 829
f 1005 830 1004
f 1006 831 1007
f 1006 1001 831
f 1001 824 831
f 1007 1002 1006
f 1007 832 1002
f 832 825 1002
f 827 834 1003
f 1003 834 1008
f 1011 1009 1010
f 1011 1005 1009
f 1011 835 1005
f 835 830 1005
f 831 836 1007
f 832 1007 836
f 1012 839 1013
f 1012 1008 839
f 1008 834 839
f 1010 1012 1013
f 1011 1010 1013
f 1011 1013 841
f 1011 841 840
f 835 1011 840
f 839 844 1013
f 841 1013 844
f 850 851 1014
f 850 1015 852
f 1014 1015 850
f 852 1015 853
f 854 855 1016
f 854 1016 856
f 1014 1018 1017
f 1014 851 1018
f 851 857 1018
f 1015 1014 1017
f 1019 1015 1017
f 1019 853 1015
f 1019 1020 853
f 1020 858 853
f 1016 859 1021
f 855 859 1016
f 856 1021 860
f 1016 1021 856
f 857 861 1018
f 1018 861 1022
f 858 1020 863
f 1020 1023 863
f 859 864 1021
f 860 1021 864
f 861 865 1022
f 1022 865 1024
f 863 1023 868
f 1023 1025 868
f 1028 1027 1026
f 1026 1029 1028
f 865 869 1024
f 1024 869 1030
f 868 1025 871
f 1025 1031 871
f 1028 1032 1027
f 1029 1032 1028
f 869 872 1030
f 1030 872 1033
f 873 1034 874
f 873 1035 1034
f 873 871 1035
f 871 1031 1035
f 872 875 1033
f 1033 875 1036
f 1034 1037 877
f 874 1034 877
f 1038 1034 1035
f 1037 1034 1038
f 875 878 1036
f 1036 878 1039
f 1037 1040 880
f 877 1037 880
f 1041 1037 1038
f 1040 1037 1041
f 878 881 1039
f 1039 881 1042
f 880 1040 883
f 1040 885 883
f 1040 1041 885
f 1041 1043 885
f 881 886 1042
f 1042 886 1044
f 1045 1046 889
f 1045 889 1043
f 1043 889 885
f 1045 1047 1046
f 1049 886 890
f 1049 1048 886
f 1048 1044 886
f 890 891 1050
f 1049 890 1050
f 891 889 1046
f 891 1046 1050
f 1050 1046 1051
f 1052 1046 1047
f 1051 1046 1052
f 892 1054 1053
f 893 1054 892
f 895 892 1055
f 892 1053 1055
f 897 895 1056
f 895 1055 1056
f 899 897 1057
f 897 1056 1057
f 901 899 1058
f 899 1057 1058
f 902 901 1059
f 901 1058 1059
f 903 902 1060
f 902 1059 1060
f 904 1061 1062
f 904 903 1061
f 903 1060 1061
f 1061 1063 1062
f 1066 1065 1064
f 1064 1067 1066
f 1069 1048 1049
f 1068 1048 1069
f 1050 1070 1049
f 1070 1069 1049
f 1072 1051 1071
f 1072 1070 1051
f 1070 1050 1051
f 1052 1071 1051
f 905 1074 1073
f 906 1074 905
f 907 905 1075
f 905 1073 1075
f 908 907 1076
f 907 1075 1076
f 1054 893 908
f 1076 1054 908
f 904 1062 909
f 1062 1063 1077
f 1062 1077 909
f 909 1077 910
f 1065 1066 911
f 1065 911 1077
f 1077 911 910
f 1066 1067 1078
f 1066 1078 911
f 911 1078 912
f 913 1079 1080
f 913 912 1079
f 912 1078 1079
f 1080 1081 1082
f 1079 1081 1080
f 1068 1082 1081
f 1068 1069 1082
f 1069 1083 1082
f 1085 1070 1084
f 1085 1083 1070
f 1083 1069 1070
f 1072 1084 1070
f 914 915 1086
f 1088 914 1086
f 1088 1087 914
f 1087 916 914
f 1074 906 916
f 1087 1074 916
f 913 1080 917
f 919 917 1080
f 919 1080 1089
f 1089 1080 1082
f 1083 1090 1082
f 1090 1089 1082
f 1091 1083 1085
f 1090 1083 1091
f 1086 1093 1092
f 1086 915 1093
f 915 920 1093
f 1088 1086 1092
f 919 1089 921
f 923 921 1089
f 923 1089 1094
f 1094 1089 1090
f 1095 1090 1091
f 1094 1090 1095
f 924 1097 1096
f 925 1097 924
f 1093 920 924
f 1096 1093 924
f 923 1094 927
f 929 1098 1099
f 927 1098 929
f 927 1095 1098
f 927 1094 1095
f 1098 1100 1099
f 925 930 1097
f 1097 930 1101
f 1099 1102 932
f 929 1099 932
f 1103 1099 1100
f 1102 1099 1103
f 930 933 1101
f 1101 933 1104
f 932 1102 934
f 936 1105 1106
f 934 1105 936
f 934 1103 1105
f 934 1102 1103
f 1105 1107 1106
f 933 937 1104
f 1104 937 1108
f 1106 1109 939
f 936 1106 939
f 1110 1106 1107
f 1109 1106 1110
f 937 940 1108
f 1108 940 1111
f 942 1112 943
f 942 1114 1112
f 939 1114 942
f 939 1113 1114
f 939 1109 1113
f 1110 1113 1109
f 940 944 1111
f 1111 944 1115
f 1112 1116 947
f 943 1112 947
f 1117 1112 1114
f 1116 1112 1117
f 944 1118 1115
f 948 1118 944
f 1118 948 949
f 1119 1118 949
f 951 1120 952
f 951 1122 1120
f 947 1122 951
f 947 1121 1122
f 947 1116 1121
f 1117 1121 1116
f 1123 953 1124
f 1123 1119 953
f 1119 949 953
f 1123 1124 1125
f 955 1126 956
f 955 1128 1126
f 952 1128 955
f 952 1127 1128
f 952 1120 1127
f 1122 1127 1120
f 953 957 1124
f 1124 1129 1125
f 1124 957 1129
f 957 958 1129
f 1129 958 959
f 1130 1129 959
f 960 1131 961
f 960 1133 1131
f 956 1133 960
f 956 1132 1133
f 956 1126 1132
f 1128 1132 1126
f 959 1134 1130
f 962 1134 959
f 963 1135 962
f 962 1135 1134
f 964 1136 963
f 963 1136 1135
f 1136 964 965
f 1137 1136 965
f 970 1138 1139
f 971 970 1139
f 972 1140 970
f 970 1140 1138
f 1142 1141 1140
f 1142 1140 973
f 973 1140 972
f 1144 1142 973
f 1144 973 1143
f 1143 973 974
f 1131 974 961
f 1131 1145 974
f 1145 1143 974
f 1133 1145 1131
f 1148 1147 1146
f 1148 1149 1150
f 1146 1149 1148
f 1149 1151 1150
f 965 1152 1137
f 975 1152 965
f 976 1153 975
f 975 1153 1152
f 977 1154 976
f 976 1154 1153
f 978 1155 977
f 977 1155 1154
f 979 1156 978
f 978 1156 1155
f 980 1157 979
f 979 1157 1156
f 981 1158 980
f 980 1158 1157
f 1139 981 971
f 1158 981 1139
f 1142 1159 1141
f 1144 1159 1142
f 1161 1147 1148
f 1160 1147 1161
f 1150 1162 1148
f 1162 1161 1148
f 1163 1150 1151
f 1163 1164 1150
f 1164 1162 1150
f 1163 1165 1164
f 1167 1160 1161
f 1166 1160 1167
f 1162 1168 1161
f 1168 1167 1161
f 1164 1169 1162
f 1169 1168 1162
f 1170 1164 1165
f 1169 1164 1170
f 1172 1166 1167
f 1171 1166 1172
f 1168 1173 1167
f 1173 1172 1167
f 1175 1169 1174
f 1175 1173 1169
f 1173 1168 1169
f 1170 1174 1169
f 1177 1171 1172
f 1176 1171 1177
f 1179 1173 1178
f 1179 1177 1173
f 1177 1172 1173
f 1175 1178 1173
f 1181 1176 1177
f 1180 1176 1181
f 1182 1177 1179
f 1181 1177 1182
f 982 1180 1181
f 982 983 1180
f 983 1183 1180
f 985 1184 1185
f 982 1184 985
f 982 1182 1184
f 982 1181 1182
f 1184 1186 1185
f 1189 1188 1187
f 1187 1190 1189
f 983 986 1183
f 1183 986 1191
f 985 1185 988
f 1185 990 988
f 1185 1186 990
f 1186 1192 990
f 1189 1193 1188
f 1190 1193 1189
f 986 991 1191
f 1191 991 1194
f 993 1195 994
f 993 1196 1195
f 993 990 1196
f 990 1192 1196
f 995 996 1197
f 995 1197 997
f 991 998 1194
f 1194 998 1198
f 1195 1199 1000
f 994 1195 1000
f 1200 1195 1196
f 1199 1195 1200
f 1197 1001 1201
f 996 1001 1197
f 997 1201 1002
f 1197 1201 997
f 1202 1003 1203
f 1202 1198 1003
f 1198 998 1003
f 1204 1202 1000
f 1204 1000 1199
f 1202 1203 1000
f 1004 1000 1205
f 1203 1205 1000
f 1199 1200 1204
f 1004 1205 1005
f 1001 1006 1201
f 1002 1201 1006
f 1203 1008 1206
f 1003 1008 1203
f 1009 1206 1010
f 1009 1205 1206
f 1205 1203 1206
f 1005 1205 1009
f 1008 1012 1206
f 1010 1206 1012
f 1017 1018 1207
f 1017 1208 1019
f 1207 1208 1017
f 1019 1208 1020
f 1207 1210 1209
f 1207 1018 1210
f 1018 1022 1210
f 1208 1207 1209
f 1211 1208 1209
f 1211 1020 1208
f 1211 1212 1020
f 1212 1023 1020
f 1022 1024 1210
f 1210 1024 1213
f 1023 1212 1025
f 1212 1214 1025
f 1026 1027 1215
f 1026 1215 1029
f 1024 1030 1213
f 1213 1030 1216
f 1025 1214 1031
f 1214 1217 1031
f 1215 1027 1032
f 1218 1220 1219
f 1032 1029 1215
f 1220 1218 1221
f 1030 1033 1216
f 1216 1033 1222
f 1031 1217 1035
f 1217 1223 1035
f 1220 1224 1219
f 1221 1224 1220
f 1033 1036 1222
f 1222 1036 1225
f 1035 1223 1038
f 1223 1226 1038
f 1036 1039 1225
f 1225 1039 1227
f 1038 1226 1041
f 1226 1228 1041
f 1039 1042 1227
f 1227 1042 1229
f 1230 1231 1043
f 1230 1043 1228
f 1228 1043 1041
f 1230 1232 1231
f 1235 1234 1233
f 1235 1233 1229
f 1235 1229 1044
f 1044 1229 1042
f 1043 1231 1045
f 1231 1047 1045
f 1231 1232 1047
f 1232 1236 1047
f 1238 1234 1235
f 1237 1234 1238
f 1044 1048 1238
f 1235 1044 1238
f 1047 1236 1052
f 1236 1239 1052
f 1053 1241 1240
f 1054 1241 1053
f 1055 1053 1242
f 1053 1240 1242
f 1056 1055 1243
f 1055 1242 1243
f 1057 1056 1244
f 1056 1243 1244
f 1058 1057 1245
f 1057 1244 1245
f 1059 1058 1246
f 1058 1245 1246
f 1060 1059 1247
f 1059 1246 1247
f 1061 1060 1248
f 1060 1247 1248
f 1063 1249 1250
f 1063 1061 1249
f 1061 1248 1249
f 1250 1064 1065
f 1250 1249 1064
f 1249 1251 1064
f 1067 1252 1253
f 1067 1064 1252
f 1064 1251 1252
f 1252 1254 1253
f 1256 1237 1238
f 1255 1237 1256
f 1048 1068 1256
f 1238 1048 1256
f 1071 1257 1258
f 1072 1071 1258
f 1239 1071 1052
f 1257 1071 1239
f 1073 1074 1259
f 1261 1073 1259
f 1261 1260 1073
f 1260 1075 1073
f 1076 1075 1262
f 1075 1260 1262
f 1241 1054 1076
f 1262 1241 1076
f 1063 1250 1077
f 1065 1077 1250
f 1067 1253 1078
f 1253 1254 1263
f 1253 1263 1078
f 1078 1263 1079
f 1255 1256 1081
f 1255 1081 1263
f 1263 1081 1079
f 1068 1081 1256
f 1084 1264 1085
f 1084 1265 1264
f 1084 1072 1265
f 1072 1258 1265
f 1087 1088 1266
f 1087 1266 1268
f 1074 1087 1268
f 1074 1268 1267
f 1074 1267 1259
f 1261 1259 1267
f 1264 1269 1270
f 1264 1270 1085
f 1085 1270 1091
f 1265 1269 1264
f 1092 1272 1271
f 1093 1272 1092
f 1266 1088 1092
f 1266 1092 1273
f 1273 1092 1271
f 1268 1266 1273
f 1274 1275 1095
f 1274 1095 1270
f 1270 1095 1091
f 1274 1276 1275
f 1096 1278 1277
f 1097 1278 1096
f 1272 1093 1096
f 1277 1272 1096
f 1095 1275 1098
f 1275 1100 1098
f 1275 1276 1100
f 1276 1279 1100
f 1097 1101 1278
f 1278 1101 1280
f 1281 1282 1103
f 1281 1103 1279
f 1279 1103 1100
f 1281 1283 1282
f 1286 1285 1284
f 1286 1284 1280
f 1286 1280 1104
f 1104 1280 1101
f 1103 1282 1105
f 1107 1287 1288
f 1105 1287 1107
f 1105 1283 1287
f 1105 1282 1283
f 1287 1289 1288
f 1291 1285 1286
f 1290 1285 1291
f 1104 1108 1291
f 1286 1104 1291
f 1288 1292 1110
f 1107 1288 1110
f 1293 1288 1289
f 1292 1288 1293
f 1291 1294 1290
f 1294 1291 1108
f 1294 1108 1295
f 1295 1108 1111
f 1113 1296 1114
f 1113 1298 1296
f 1110 1298 1113
f 1110 1297 1298
f 1110 1292 1297
f 1293 1297 1292
f 1111 1115 1295
f 1295 1115 1299
f 1296 1300 1301
f 1296 1301 1114
f 1114 1301 1117
f 1298 1300 1296
f 1115 1302 1299
f 1118 1302 1115
f 1302 1118 1119
f 1303 1302 1119
f 1121 1304 1305
f 1122 1121 1305
f 1301 1121 1117
f 1304 1121 1301
f 1119 1306 1303
f 1123 1306 1119
f 1125 1308 1307
f 1125 1307 1123
f 1123 1307 1306
f 1307 1308 1309
f 1127 1310 1128
f 1127 1311 1310
f 1127 1122 1311
f 1122 1305 1311
f 1125 1129 1308
f 1130 1313 1312
f 1129 1130 1312
f 1129 1312 1309
f 1129 1309 1308
f 1312 1313 1314
f 1132 1315 1133
f 1132 1128 1310
f 1132 1310 1315
f 1315 1310 1316
f 1317 1310 1311
f 1317 1318 1310
f 1318 1316 1310
f 1317 1319 1318
f 1130 1134 1313
f 1313 1320 1314
f 1313 1134 1320
f 1134 1135 1320
f 1136 1321 1135
f 1135 1321 1320
f 1321 1136 1137
f 1322 1321 1137
f 1138 1323 1139
f 1138 1140 1324
f 1323 1138 1324
f 1140 1141 1324
f 1143 1325 1144
f 1327 1325 1143
f 1327 1143 1326
f 1326 1143 1145
f 1133 1326 1145
f 1133 1329 1326
f 1133 1315 1329
f 1328 1326 1329
f 1146 1147 1329
f 1146 1329 1316
f 1316 1329 1315
f 1149 1146 1316
f 1318 1149 1316
f 1151 1330 1331
f 1149 1330 1151
f 1149 1319 1330
f 1149 1318 1319
f 1330 1332 1331
f 1137 1333 1322
f 1152 1333 1137
f 1153 1334 1152
f 1152 1334 1333
f 1154 1335 1153
f 1153 1335 1334
f 1155 1336 1154
f 1154 1336 1335
f 1156 1337 1155
f 1155 1337 1336
f 1157 1338 1156
f 1156 1338 1337
f 1158 1339 1157
f 1157 1339 1338
f 1323 1158 1139
f 1323 1340 1158
f 1340 1339 1158
f 1324 1340 1323
f 1341 1340 1324
f 1141 1341 1324
f 1141 1159 1341
f 1159 1342 1341
f 1325 1159 1144
f 1325 1343 1159
f 1343 1342 1159
f 1327 1343 1325
f 1345 1328 1329
f 1344 1328 1345
f 1147 1160 1345
f 1329 1147 1345
f 1151 1331 1163
f 1331 1165 1163
f 1331 1332 1165
f 1332 1346 1165
f 1345 1347 1344
f 1347 1345 1160
f 1347 1160 1348
f 1348 1160 1166
f 1165 1346 1170
f 1346 1349 1170
f 1166 1171 1348
f 1348 1171 1350
f 1174 1351 1175
f 1174 1352 1351
f 1174 1170 1352
f 1170 1349 1352
f 1171 1176 1350
f 1350 1176 1353
f 1178 1354 1179
f 1178 1356 1354
f 1175 1356 1178
f 1175 1355 1356
f 1175 1351 1355
f 1352 1355 1351
f 1176 1180 1353
f 1353 1180 1357
f 1354 1358 1182
f 1179 1354 1182
f 1359 1354 1356
f 1358 1354 1359
f 1180 1183 1357
f 1357 1183 1360
f 1182 1358 1184
f 1358 1186 1184
f 1358 1359 1186
f 1359 1361 1186
f 1187 1188 1362
f 1187 1362 1190
f 1183 1191 1360
f 1360 1191 1363
f 1186 1361 1192
f 1361 1364 1192
f 1188 1193 1362
f 1190 1362 1193
f 1191 1194 1363
f 1363 1194 1365
f 1192 1364 1196
f 1364 1366 1196
f 1194 1198 1365
f 1365 1198 1367
f 1370 1368 1369
f 1370 1366 1368
f 1370 1200 1366
f 1200 1196 1366
f 1198 1371 1367
f 1202 1371 1198
f 1369 1204 1370
f 1369 1371 1204
f 1371 1202 1204
f 1200 1370 1204
f 1209 1210 1372
f 1209 1373 1211
f 1372 1373 1209
f 1211 1373 1212
f 1372 1213 1374
f 1210 1213 1372
f 1376 1375 1373
f 1376 1373 1374
f 1374 1373 1372
f 1375 1212 1373
f 1375 1377 1212
f 1377 1214 1212
f 1374 1216 1378
f 1213 1216 1374
f 1379 1376 1374
f 1378 1379 1374
f 1214 1377 1217
f 1377 1380 1217
f 1218 1219 1381
f 1218 1381 1221
f 1378 1222 1382
f 1216 1222 1378
f 1383 1379 1378
f 1382 1383 1378
f 1217 1380 1223
f 1380 1384 1223
f 1381 1219 1224
f 1385 1387 1386
f 1224 1221 1381
f 1387 1385 1388
f 1382 1390 1389
f 1382 1222 1390
f 1222 1225 1390
f 1383 1382 1389
f 1391 1392 1226
f 1391 1226 1384
f 1384 1226 1223
f 1391 1393 1392
f 1395 1386 1387
f 1394 1386 1395
f 1396 1387 1388
f 1395 1387 1396
f 1225 1227 1390
f 1390 1227 1397
f 1400 1398 1399
f 1392 1401 1398
f 1392 1398 1228
f 1392 1228 1226
f 1228 1398 1400
f 1393 1401 1392
f 1395 1402 1394
f 1396 1402 1395
f 1227 1229 1397
f 1397 1229 1403
f 1400 1399 1404
f 1228 1400 1404
f 1228 1404 1230
f 1230 1404 1405
f 1405 1232 1230
f 1406 1232 1405
f 1233 1408 1407
f 1234 1408 1233
f 1403 1229 1233
f 1407 1403 1233
f 1232 1406 1236
f 1406 1409 1236
f 1234 1237 1408
f 1408 1237 1410
f 1236 1409 1239
f 1409 1411 1239
f 1240 1241 1412
f 1414 1240 1412
f 1414 1413 1240
f 1413 1242 1240
f 1243 1242 1415
f 1242 1413 1415
f 1244 1243 1416
f 1243 1415 1416
f 1245 1244 1417
f 1244 1416 1417
f 1246 1245 1418
f 1245 1417 1418
f 1247 1246 1419
f 1246 1418 1419
f 1248 1247 1420
f 1247 1419 1420
f 1422 1420 1421
f 1422 1249 1420
f 1249 1248 1420
f 1424 1249 1422
f 1424 1423 1249
f 1423 1251 1249
f 1252 1251 1425
f 1251 1423 1425
f 1254 1426 1427
f 1254 1252 1426
f 1252 1425 1426
f 1427 1426 1410
f 1427 1410 1255
f 1255 1410 1237
f 1257 1428 1258
f 1257 1429 1428
f 1257 1239 1429
f 1239 1411 1429
f 1260 1431 1430
f 1261 1431 1260
f 1262 1260 1432
f 1260 1430 1432
f 1412 1241 1262
f 1412 1262 1433
f 1433 1262 1432
f 1414 1412 1433
f 1422 1421 1434
f 1424 1422 1434
f 1254 1427 1263
f 1255 1263 1427
f 1428 1435 1436
f 1428 1436 1258
f 1258 1436 1265
f 1429 1435 1428
f 1267 1438 1437
f 1268 1438 1267
f 1431 1261 1267
f 1437 1431 1267
f 1269 1439 1440
f 1270 1269 1440
f 1436 1269 1265
f 1439 1269 1436
f 1271 1442 1441
f 1272 1442 1271
f 1273 1271 1443
f 1271 1441 1443
f 1438 1268 1273
f 1443 1438 1273
f 1270 1440 1444
f 1274 1270 1444
f 1444 1276 1274
f 1445 1276 1444
f 1277 1447 1446
f 1278 1447 1277
f 1442 1272 1277
f 1446 1442 1277
f 1448 1449 1279
f 1448 1279 1445
f 1445 1279 1276
f 1448 1450 1449
f 1278 1280 1447
f 1447 1280 1451
f 1279 1449 1281
f 1283 1452 1453
f 1281 1452 1283
f 1281 1450 1452
f 1281 1449 1450
f 1452 1454 1453
f 1284 1456 1455
f 1285 1456 1284
f 1451 1280 1284
f 1455 1451 1284
f 1459 1457 1458
f 1459 1461 1460
f 1457 1459 1460
f 1460 1461 1462
f 1283 1453 1287
f 1289 1463 1464
f 1287 1463 1289
f 1287 1454 1463
f 1287 1453 1454
f 1463 1465 1464
f 1285 1290 1456
f 1456 1290 1466
f 1469 1467 1468
f 1458 1467 1469
f 1458 1469 1459
f 1459 1469 1470
f 1461 1459 1471
f 1471 1459 1470
f 1472 1462 1461
f 1471 1472 1461
f 1464 1473 1293
f 1289 1464 1293
f 1474 1464 1465
f 1473 1464 1474
f 1290 1475 1466
f 1294 1475 1290
f 1475 1294 1295
f 1476 1475 1295
f 1469 1468 1477
f 1470 1469 1477
f 1478 1470 1477
f 1471 1470 1478
f 1479 1471 1478
f 1472 1471 1479
f 1297 1480 1298
f 1297 1482 1480
f 1293 1482 1297
f 1293 1481 1482
f 1293 1473 1481
f 1474 1481 1473
f 1295 1299 1476
f 1476 1299 1483
f 1300 1484 1301
f 1300 1486 1484
f 1298 1486 1300
f 1298 1485 1486
f 1298 1480 1485
f 1482 1485 1480
f 1299 1487 1483
f 1302 1487 1299
f 1487 1302 1303
f 1488 1487 1303
f 1304 1489 1305
f 1304 1491 1489
f 1301 1491 1304
f 1301 1490 1491
f 1301 1484 1490
f 1486 1490 1484
f 1303 1492 1488
f 1306 1492 1303
f 1307 1493 1306
f 1306 1493 1492
f 1493 1307 1309
f 1494 1493 1309
f 1489 1495 1496
f 1489 1496 1305
f 1305 1496 1311
f 1491 1495 1489
f 1309 1497 1494
f 1312 1497 1309
f 1314 1499 1498
f 1314 1498 1312
f 1312 1498 1497
f 1498 1499 1500
f 1311 1496 1501
f 1317 1311 1501
f 1501 1319 1317
f 1502 1319 1501
f 1314 1320 1499
f 1499 1503 1500
f 1499 1320 1503
f 1320 1321 1503
f 1322 1505 1504
f 1322 1504 1321
f 1321 1504 1503
f 1505 1507 1506
f 1504 1505 1506
f 1506 1507 1508
f 1511 1509 1510
f 1509 1511 1512
f 1326 1513 1514
f 1327 1326 1514
f 1513 1326 1328
f 1515 1513 1328
f 1319 1502 1516
f 1330 1319 1516
f 1516 1332 1330
f 1517 1332 1516
f 1322 1333 1505
f 1334 1505 1333
f 1507 1505 1334
f 1507 1518 1508
f 1507 1334 1518
f 1334 1335 1518
f 1336 1519 1335
f 1335 1519 1518
f 1337 1520 1336
f 1336 1520 1519
f 1338 1521 1337
f 1337 1521 1520
f 1339 1522 1338
f 1338 1522 1521
f 1340 1523 1339
f 1339 1523 1522
f 1510 1341 1511
f 1510 1523 1341
f 1523 1340 1341
f 1511 1524 1512
f 1511 1341 1524
f 1341 1342 1524
f 1343 1525 1342
f 1342 1525 1524
f 1514 1343 1327
f 1525 1343 1514
f 1328 1344 1515
f 1515 1344 1526
f 1332 1517 1346
f 1517 1527 1346
f 1344 1528 1526
f 1347 1528 1344
f 1528 1347 1348
f 1529 1528 1348
f 1530 1531 1349
f 1530 1349 1527
f 1527 1349 1346
f 1530 1532 1531
f 1348 1350 1529
f 1529 1350 1533
f 1531 1534 1535
f 1531 1535 1349
f 1349 1535 1352
f 1532 1534 1531
f 1538 1537 1536
f 1536 1539 1538
f 1350 1353 1533
f 1533 1353 1540
f 1543 1541 1542
f 1543 1356 1355
f 1543 1355 1541
f 1541 1355 1544
f 1535 1355 1352
f 1544 1355 1535
f 1546 1537 1538
f 1545 1537 1546
f 1547 1538 1539
f 1546 1538 1547
f 1548 1357 1549
f 1548 1540 1357
f 1540 1353 1357
f 1551 1550 1543
f 1551 1543 1549
f 1542 1548 1543
f 1548 1549 1543
f 1543 1359 1356
f 1543 1552 1359
f 1543 1550 1552
f 1553 1359 1552
f 1552 1554 1553
f 1546 1555 1545
f 1547 1555 1546
f 1549 1360 1556
f 1357 1360 1549
f 1557 1551 1549
f 1556 1557 1549
f 1553 1558 1559
f 1553 1559 1359
f 1359 1559 1361
f 1554 1558 1553
f 1556 1363 1560
f 1360 1363 1556
f 1561 1557 1556
f 1560 1561 1556
f 1361 1559 1364
f 1559 1562 1364
f 1560 1365 1563
f 1363 1365 1560
f 1564 1561 1560
f 1563 1564 1560
f 1364 1562 1366
f 1562 1565 1366
f 1563 1367 1566
f 1365 1367 1563
f 1369 1368 1567
f 1369 1567 1563
f 1369 1563 1566
f 1564 1563 1567
f 1565 1368 1366
f 1567 1368 1565
f 1367 1371 1566
f 1369 1566 1371
f 1375 1376 1568
f 1375 1568 1377
f 1568 1379 1569
f 1376 1379 1568
f 1377 1569 1380
f 1568 1569 1377
f 1569 1383 1570
f 1379 1383 1569
f 1380 1570 1384
f 1569 1570 1380
f 1385 1386 1571
f 1385 1571 1388
f 1389 1390 1572
f 1389 1570 1383
f 1389 1572 1570
f 1572 1573 1570
f 1384 1574 1391
f 1384 1570 1574
f 1570 1573 1574
f 1391 1574 1393
f 1571 1576 1575
f 1571 1386 1576
f 1386 1394 1576
f 1575 1388 1571
f 1575 1577 1388
f 1577 1396 1388
f 1572 1397 1578
f 1390 1397 1572
f 1398 1578 1399
f 1398 1573 1578
f 1573 1572 1578
f 1401 1573 1398
f 1401 1574 1573
f 1579 1581 1580
f 1401 1393 1574
f 1581 1579 1582
f 1584 1394 1402
f 1584 1583 1394
f 1583 1576 1394
f 1402 1585 1584
f 1402 1396 1585
f 1396 1577 1585
f 1578 1403 1586
f 1397 1403 1578
f 1399 1578 1586
f 1399 1586 1587
f 1399 1587 1404
f 1587 1586 1588
f 1580 1581 1405
f 1580 1405 1587
f 1587 1405 1404
f 1581 1406 1405
f 1581 1582 1406
f 1582 1589 1406
f 1584 1590 1583
f 1585 1590 1584
f 1407 1408 1591
f 1407 1591 1593
f 1403 1407 1593
f 1403 1593 1592
f 1403 1592 1586
f 1588 1586 1592
f 1406 1589 1409
f 1589 1594 1409
f 1591 1596 1595
f 1591 1408 1596
f 1408 1410 1596
f 1593 1591 1595
f 1409 1594 1411
f 1594 1597 1411
f 1413 1599 1598
f 1414 1599 1413
f 1415 1413 1600
f 1413 1598 1600
f 1416 1415 1601
f 1415 1600 1601
f 1417 1416 1602
f 1416 1601 1602
f 1418 1417 1603
f 1417 1602 1603
f 1605 1603 1604
f 1605 1419 1603
f 1419 1418 1603
f 1419 1606 1420
f 1605 1606 1419
f 1420 1606 1421
f 1423 1424 1607
f 1423 1608 1425
f 1607 1608 1423
f 1610 1425 1608
f 1610 1609 1425
f 1609 1426 1425
f 1596 1410 1426
f 1609 1596 1426
f 1411 1597 1429
f 1597 1611 1429
f 1430 1613 1612
f 1431 1613 1430
f 1432 1430 1614
f 1430 1612 1614
f 1433 1432 1615
f 1432 1614 1615
f 1599 1414 1433
f 1615 1599 1433
f 1605 1604 1616
f 1606 1605 1616
f 1617 1606 1616
f 1421 1606 1617
f 1421 1617 1434
f 1434 1617 1618
f 1607 1424 1434
f 1607 1434 1619
f 1619 1434 1618
f 1608 1607 1619
f 1620 1608 1619
f 1610 1608 1620
f 1623 1621 1622
f 1623 1436 1435
f 1623 1435 1621
f 1621 1435 1624
f 1611 1435 1429
f 1624 1435 1611
f 1437 1626 1625
f 1438 1626 1437
f 1613 1431 1437
f 1625 1613 1437
f 1439 1623 1622
f 1439 1622 1440
f 1440 1622 1627
f 1436 1623 1439
f 1441 1629 1628
f 1442 1629 1441
f 1443 1441 1630
f 1441 1628 1630
f 1626 1438 1443
f 1630 1626 1443
f 1440 1627 1631
f 1444 1440 1631
f 1631 1445 1444
f 1632 1445 1631
f 1446 1634 1633
f 1447 1634 1446
f 1629 1442 1446
f 1633 1629 1446
f 1445 1632 1635
f 1448 1445 1635
f 1635 1450 1448
f 1636 1450 1635
f 1447 1451 1634
f 1634 1451 1637
f 1640 1638 1639
f 1640 1642 1641
f 1638 1640 1641
f 1642 1644 1643
f 1641 1642 1643
f 1644 1646 1645
f 1643 1644 1645
f 1646 1648 1647
f 1645 1646 1647
f 1648 1650 1649
f 1647 1648 1649
f 1649 1650 1651
f 1450 1636 1652
f 1452 1450 1652
f 1454 1653 1654
f 1454 1452 1653
f 1452 1652 1653
f 1654 1655 1656
f 1653 1655 1654
f 1655 1657 1656
f 1455 1659 1658
f 1456 1659 1455
f 1637 1451 1455
f 1658 1637 1455
f 1662 1660 1661
f 1662 1664 1663
f 1660 1662 1663
f 1639 1663 1664
f 1639 1664 1640
f 1640 1664 1665
f 1642 1640 1666
f 1666 1640 1665
f 1644 1642 1667
f 1667 1642 1666
f 1457 1667 1458
f 1457 1646 1667
f 1646 1644 1667
f 1460 1646 1457
f 1648 1646 1460
f 1462 1648 1460
f 1462 1668 1648
f 1668 1650 1648
f 1669 1651 1650
f 1669 1650 1670
f 1670 1650 1668
f 1669 1670 1671
f 1454 1654 1463
f 1465 1463 1654
f 1465 1654 1672
f 1672 1654 1656
f 1673 1656 1657
f 1673 1674 1656
f 1674 1672 1656
f 1673 1675 1674
f 1456 1466 1659
f 1659 1466 1676
f 1678 1662 1661
f 1677 1678 1661
f 1664 1662 1679
f 1679 1662 1678
f 1665 1664 1680
f 1680 1664 1679
f 1666 1665 1681
f 1681 1665 1680
f 1467 1681 1468
f 1467 1667 1681
f 1667 1666 1681
f 1458 1667 1467
f 1668 1472 1682
f 1462 1472 1668
f 1670 1668 1683
f 1683 1668 1682
f 1684 1671 1670
f 1683 1684 1670
f 1672 1685 1474
f 1465 1672 1474
f 1674 1686 1672
f 1686 1685 1672
f 1687 1674 1675
f 1686 1674 1687
f 1466 1688 1676
f 1475 1688 1466
f 1688 1475 1476
f 1689 1688 1476
f 1678 1677 1690
f 1679 1678 1690
f 1691 1679 1690
f 1691 1692 1693
f 1691 1693 1679
f 1679 1693 1680
f 1681 1680 1694
f 1694 1680 1693
f 1468 1695 1477
f 1468 1681 1695
f 1681 1694 1695
f 1477 1696 1478
f 1695 1696 1477
f 1478 1697 1479
f 1696 1697 1478
f 1479 1682 1472
f 1479 1697 1682
f 1697 1698 1682
f 1700 1699 1683
f 1700 1683 1698
f 1698 1683 1682
f 1684 1683 1699
f 1481 1701 1482
f 1481 1474 1685
f 1481 1685 1701
f 1701 1685 1702
f 1704 1686 1703
f 1704 1702 1686
f 1702 1685 1686
f 1687 1703 1686
f 1476 1483 1689
f 1689 1483 1705
f 1693 1692 1706
f 1694 1693 1706
f 1707 1694 1706
f 1695 1694 1707
f 1708 1695 1707
f 1696 1695 1708
f 1709 1696 1708
f 1697 1696 1709
f 1710 1697 1709
f 1698 1697 1710
f 1711 1698 1710
f 1700 1698 1711
f 1485 1712 1713
f 1486 1485 1713
f 1701 1485 1482
f 1701 1714 1485
f 1714 1712 1485
f 1702 1714 1701
f 1715 1714 1702
f 1704 1715 1702
f 1483 1716 1705
f 1487 1716 1483
f 1488 1718 1717
f 1488 1717 1487
f 1487 1717 1716
f 1717 1718 1719
f 1722 1720 1721
f 1722 1491 1490
f 1722 1490 1720
f 1720 1490 1723
f 1713 1490 1486
f 1723 1490 1713
f 1488 1492 1718
f 1718 1724 1719
f 1718 1492 1724
f 1492 1493 1724
f 1724 1493 1494
f 1725 1724 1494
f 1495 1722 1721
f 1495 1721 1496
f 1496 1721 1726
f 1491 1722 1495
f 1494 1727 1725
f 1497 1727 1494
f 1498 1728 1497
f 1497 1728 1727
f 1728 1498 1500
f 1729 1728 1500
f 1731 1501 1496
f 1731 1496 1730
f 1730 1496 1726
f 1501 1731 1502
f 1500 1732 1729
f 1503 1732 1500
f 1504 1733 1503
f 1503 1733 1732
f 1506 1734 1504
f 1504 1734 1733
f 1508 1736 1735
f 1508 1735 1506
f 1506 1735 1734
f 1735 1736 1737
f 1740 1738 1739
f 1740 1742 1741
f 1738 1740 1741
f 1742 1510 1509
f 1742 1509 1741
f 1741 1509 1743
f 1743 1509 1512
f 1744 1743 1512
f 1513 1745 1746
f 1514 1513 1746
f 1745 1513 1515
f 1747 1745 1515
f 1731 1730 1748
f 1502 1731 1748
f 1502 1748 1516
f 1516 1748 1749
f 1749 1517 1516
f 1750 1517 1749
f 1508 1518 1736
f 1736 1751 1737
f 1736 1518 1751
f 1518 1519 1751
f 1520 1752 1519
f 1519 1752 1751
f 1521 1753 1520
f 1520 1753 1752
f 1739 1522 1740
f 1739 1753 1522
f 1753 1521 1522
f 1523 1740 1522
f 1742 1740 1523
f 1510 1742 1523
f 1512 1754 1744
f 1524 1754 1512
f 1525 1755 1524
f 1524 1755 1754
f 1746 1525 1514
f 1755 1525 1746
f 1515 1526 1747
f 1747 1526 1756
f 1517 1750 1527
f 1750 1757 1527
f 1526 1758 1756
f 1528 1758 1526
f 1758 1528 1529
f 1759 1758 1529
f 1527 1757 1760
f 1530 1527 1760
f 1760 1532 1530
f 1761 1532 1760
f 1764 1763 1762
f 1762 1765 1764
f 1766 1533 1767
f 1766 1759 1533
f 1759 1529 1533
f 1766 1767 1768
f 1534 1769 1535
f 1534 1770 1769
f 1534 1532 1770
f 1532 1761 1770
f 1536 1763 1764
f 1536 1537 1763
f 1537 1771 1763
f 1764 1539 1536
f 1764 1765 1539
f 1765 1772 1539
f 1767 1540 1773
f 1533 1540 1767
f 1542 1541 1774
f 1542 1774 1767
f 1542 1767 1773
f 1768 1767 1774
f 1776 1775 1774
f 1776 1774 1544
f 1544 1774 1541
f 1544 1778 1776
f 1535 1778 1544
f 1535 1777 1778
f 1535 1769 1777
f 1770 1777 1769
f 1779 1545 1780
f 1779 1771 1545
f 1771 1537 1545
f 1780 1772 1779
f 1780 1547 1772
f 1547 1539 1772
f 1540 1548 1773
f 1542 1773 1548
f 1550 1551 1781
f 1783 1550 1781
f 1783 1552 1550
f 1776 1782 1775
f 1776 1778 1782
f 1552 1783 1554
f 1545 1555 1780
f 1547 1780 1555
f 1781 1557 1784
f 1551 1557 1781
f 1558 1784 1559
f 1558 1783 1784
f 1783 1781 1784
f 1554 1783 1558
f 1784 1561 1785
f 1557 1561 1784
f 1559 1785 1562
f 1784 1785 1559
f 1785 1564 1786
f 1561 1564 1785
f 1562 1786 1565
f 1785 1786 1562
f 1564 1567 1786
f 1565 1786 1567
f 1575 1576 1787
f 1575 1787 1577
f 1579 1580 1788
f 1579 1788 1582
f 1787 1790 1789
f 1787 1576 1790
f 1576 1583 1790
f 1789 1577 1787
f 1789 1791 1577
f 1791 1585 1577
f 1587 1588 1792
f 1587 1792 1794
f 1580 1587 1794
f 1580 1794 1793
f 1580 1793 1788
f 1793 1582 1788
f 1793 1795 1582
f 1795 1589 1582
f 1797 1583 1590
f 1797 1796 1583
f 1796 1790 1583
f 1590 1798 1797
f 1590 1585 1798
f 1585 1791 1798
f 1592 1800 1799
f 1593 1800 1592
f 1792 1588 1592
f 1792 1592 1801
f 1801 1592 1799
f 1794 1792 1801
f 1589 1795 1594
f 1795 1802 1594
f 1797 1803 1796
f 1798 1803 1797
f 1595 1805 1804
f 1596 1805 1595
f 1800 1593 1595
f 1804 1800 1595
f 1594 1802 1597
f 1802 1806 1597
f 1598 1599 1807
f 1809 1598 1807
f 1809 1808 1598
f 1808 1600 1598
f 1601 1600 1810
f 1600 1808 1810
f 1602 1601 1811
f 1601 1810 1811
f 1813 1811 1812
f 1813 1603 1811
f 1603 1602 1811
f 1603 1813 1604
f 1609 1610 1814
f 1609 1814 1815
f 1609 1815 1596
f 1596 1815 1805
f 1818 1816 1817
f 1818 1806 1816
f 1818 1611 1806
f 1611 1597 1806
f 1612 1820 1819
f 1613 1820 1612
f 1614 1612 1821
f 1612 1819 1821
f 1615 1614 1822
f 1614 1821 1822
f 1807 1599 1615
f 1807 1615 1823
f 1823 1615 1822
f 1809 1807 1823
f 1813 1812 1824
f 1604 1813 1824
f 1604 1824 1616
f 1616 1824 1825
f 1617 1616 1826
f 1616 1825 1826
f 1618 1617 1827
f 1617 1826 1827
f 1619 1618 1828
f 1618 1827 1828
f 1620 1619 1829
f 1619 1828 1829
f 1814 1610 1620
f 1814 1620 1830
f 1830 1620 1829
f 1815 1814 1830
f 1621 1831 1832
f 1622 1621 1832
f 1817 1624 1818
f 1817 1831 1624
f 1831 1621 1624
f 1611 1818 1624
f 1835 1834 1833
f 1835 1625 1626
f 1835 1833 1625
f 1833 1836 1625
f 1820 1613 1625
f 1836 1820 1625
f 1622 1832 1627
f 1832 1837 1627
f 1628 1629 1838
f 1835 1839 1834
f 1835 1628 1839
f 1835 1630 1628
f 1838 1839 1628
f 1626 1630 1835
f 1627 1837 1840
f 1631 1627 1840
f 1840 1632 1631
f 1841 1632 1840
f 1633 1634 1842
f 1633 1842 1844
f 1629 1633 1844
f 1629 1844 1843
f 1629 1843 1838
f 1839 1838 1843
f 1847 1845 1846
f 1847 1849 1848
f 1845 1847 1848
f 1849 1851 1850
f 1848 1849 1850
f 1851 1853 1852
f 1850 1851 1852
f 1853 1855 1854
f 1852 1853 1854
f 1854 1855 1856
f 1632 1841 1857
f 1635 1632 1857
f 1857 1636 1635
f 1858 1636 1857
f 1861 1860 1859
f 1859 1862 1861
f 1842 1864 1863
f 1842 1634 1864
f 1634 1637 1864
f 1844 1842 1863
f 1867 1865 1866
f 1867 1869 1868
f 1865 1867 1868
f 1869 1871 1870
f 1868 1869 1870
f 1871 1873 1872
f 1870 1871 1872
f 1873 1639 1638
f 1873 1638 1872
f 1872 1638 1874
f 1641 1875 1638
f 1638 1875 1874
f 1846 1643 1847
f 1846 1875 1643
f 1875 1641 1643
f 1645 1847 1643
f 1849 1847 1645
f 1647 1849 1645
f 1851 1849 1647
f 1649 1851 1647
f 1853 1851 1649
f 1651 1853 1649
f 1651 1876 1853
f 1876 1855 1853
f 1877 1856 1855
f 1877 1855 1878
f 1878 1855 1876
f 1877 1878 1879
f 1636 1858 1880
f 1652 1636 1880
f 1653 1652 1881
f 1652 1880 1881
f 1860 1861 1655
f 1860 1655 1881
f 1881 1655 1653
f 1657 1882 1883
f 1655 1882 1657
f 1655 1862 1882
f 1655 1861 1862
f 1882 1884 1883
f 1658 1886 1885
f 1659 1886 1658
f 1864 1637 1658
f 1885 1864 1658
f 1889 1887 1888
f 1866 1887 1889
f 1866 1889 1867
f 1867 1889 1890
f 1869 1867 1891
f 1891 1867 1890
f 1660 1891 1661
f 1660 1871 1891
f 1871 1869 1891
f 1663 1871 1660
f 1873 1871 1663
f 1639 1873 1663
f 1651 1669 1876
f 1671 1876 1669
f 1671 1892 1876
f 1892 1878 1876
f 1893 1879 1878
f 1892 1893 1878
f 1657 1883 1673
f 1675 1894 1895
f 1673 1894 1675
f 1673 1884 1894
f 1673 1883 1884
f 1894 1896 1895
f 1659 1676 1886
f 1886 1676 1897
f 1899 1889 1888
f 1898 1899 1888
f 1890 1889 1900
f 1900 1889 1899
f 1891 1890 1901
f 1901 1890 1900
f 1661 1901 1677
f 1891 1901 1661
f 1892 1684 1902
f 1671 1684 1892
f 1903 1893 1892
f 1902 1903 1892
f 1895 1904 1687
f 1675 1895 1687
f 1905 1895 1896
f 1904 1895 1905
f 1676 1906 1897
f 1688 1906 1676
f 1906 1688 1689
f 1907 1906 1689
f 1899 1898 1908
f 1908 1909 1910
f 1908 1910 1899
f 1899 1910 1900
f 1901 1900 1911
f 1911 1900 1910
f 1677 1912 1690
f 1677 1901 1912
f 1901 1911 1912
f 1690 1913 1691
f 1912 1913 1690
f 1691 1913 1692
f 1699 1700 1914
f 1699 1914 1916
f 1684 1699 1916
f 1684 1916 1915
f 1684 1915 1902
f 1903 1902 1915
f 1703 1917 1704
f 1703 1919 1917
f 1687 1919 1703
f 1687 1918 1919
f 1687 1904 1918
f 1905 1918 1904
f 1920 1705 1921
f 1920 1907 1705
f 1907 1689 1705
f 1920 1921 1922
f 1910 1909 1923
f 1911 1910 1923
f 1924 1911 1923
f 1912 1911 1924
f 1925 1912 1924
f 1913 1912 1925
f 1926 1913 1925
f 1692 1913 1926
f 1692 1926 1706
f 1706 1926 1927
f 1929 1927 1928
f 1929 1707 1927
f 1707 1706 1927
f 1707 1930 1708
f 1929 1930 1707
f 1708 1931 1709
f 1930 1931 1708
f 1709 1932 1710
f 1931 1932 1709
f 1710 1933 1711
f 1932 1933 1710
f 1711 1914 1700
f 1711 1933 1914
f 1933 1934 1914
f 1935 1916 1914
f 1934 1935 1914
f 1712 1936 1937
f 1713 1712 1937
f 1714 1938 1712
f 1712 1938 1936
f 1940 1939 1938
f 1940 1938 1715
f 1715 1938 1714
f 1715 1942 1940
f 1704 1942 1715
f 1704 1941 1942
f 1704 1917 1941
f 1919 1941 1917
f 1705 1716 1921
f 1921 1943 1922
f 1921 1716 1943
f 1716 1717 1943
f 1943 1717 1719
f 1944 1943 1719
f 1929 1928 1945
f 1930 1929 1945
f 1946 1930 1945
f 1931 1930 1946
f 1947 1931 1946
f 1932 1931 1947
f 1948 1932 1947
f 1933 1932 1948
f 1949 1933 1948
f 1934 1933 1949
f 1950 1934 1949
f 1935 1934 1950
f 1720 1951 1952
f 1721 1720 1952
f 1723 1953 1720
f 1720 1953 1951
f 1937 1723 1713
f 1953 1723 1937
f 1940 1954 1939
f 1942 1954 1940
f 1719 1955 1944
f 1724 1955 1719
f 1955 1724 1725
f 1956 1955 1725
f 1959 1957 1958
f 1959 1952 1957
f 1959 1726 1952
f 1726 1721 1952
f 1725 1960 1956
f 1727 1960 1725
f 1962 1961 1960
f 1962 1960 1728
f 1728 1960 1727
f 1728 1729 1962
f 1959 1958 1963
f 1963 1726 1959
f 1963 1964 1726
f 1964 1730 1726
f 1962 1965 1961
f 1729 1965 1962
f 1729 1732 1965
f 1732 1966 1965
f 1733 1967 1732
f 1732 1967 1966
f 1734 1968 1733
f 1733 1968 1967
f 1735 1969 1734
f 1734 1969 1968
f 1969 1735 1737
f 1970 1969 1737
f 1973 1971 1972
f 1973 1739 1738
f 1973 1738 1971
f 1971 1738 1974
f 1741 1975 1738
f 1738 1975 1974
f 1743 1976 1741
f 1741 1976 1975
f 1744 1978 1977
f 1744 1977 1743
f 1743 1977 1976
f 1978 1980 1979
f 1977 1978 1979
f 1980 1746 1745
f 1980 1745 1979
f 1979 1745 1981
f 1981 1745 1747
f 1982 1981 1747
f 1730 1964 1983
f 1748 1730 1983
f 1749 1748 1984
f 1748 1983 1984
f 1984 1750 1749
f 1985 1750 1984
f 1737 1986 1970
f 1751 1986 1737
f 1752 1987 1751
f 1751 1987 1986
f 1972 1753 1973
f 1972 1987 1753
f 1987 1752 1753
f 1739 1973 1753
f 1744 1754 1978
f 1755 1978 1754
f 1980 1978 1755
f 1746 1980 1755
f 1988 1756 1989
f 1988 1982 1756
f 1982 1747 1756
f 1988 1989 1990
f 1750 1985 1757
f 1985 1991 1757
f 1994 1993 1992
f 1992 1995 1994
f 1756 1758 1989
f 1989 1758 1759
f 1989 1759 1990
f 1990 1759 1996
f 1757 1991 1997
f 1760 1757 1997
f 1997 1761 1760
f 1998 1761 1997
f 1762 1763 2000
f 1994 1999 1993
f 1994 1995 1999
f 1762 2000 1765
f 1759 2001 1996
f 1766 2001 1759
f 1768 2003 2002
f 1768 2002 1766
f 1766 2002 2001
f 2002 2003 2004
f 1761 1998 1770
f 1998 2005 1770
f 2000 1771 2006
f 1763 1771 2000
f 1765 2006 1772
f 2000 2006 1765
f 1768 1774 2003
f 2003 1774 1775
f 2003 1775 2004
f 2004 1775 2007
f 1777 2008 2009
f 1778 1777 2009
f 2005 1777 1770
f 2008 1777 2005
f 1771 1779 2006
f 1772 2006 1779
f 1775 2010 2007
f 1782 2010 1775
f 2009 1782 1778
f 2010 1782 2009
f 1789 1790 2011
f 1789 2011 1791
f 1793 2013 2012
f 1794 2013 1793
f 2012 1795 1793
f 2014 1795 2012
f 2011 2016 2015
f 2011 1790 2016
f 1790 1796 2016
f 2015 1791 2011
f 2015 2017 1791
f 2017 1798 1791
f 1799 1800 2018
f 2020 1799 2018
f 2020 2019 1799
f 2019 1801 1799
f 2013 1794 1801
f 2019 2013 1801
f 1795 2014 1802
f 2014 2021 1802
f 2023 1796 1803
f 2023 2022 1796
f 2022 2016 1796
f 1803 2024 2023
f 1803 1798 2024
f 1798 2017 2024
f 1804 1805 2025
f 1804 2025 2027
f 1800 1804 2027
f 1800 2027 2026
f 1800 2026 2018
f 2020 2018 2026
f 1802 2021 1806
f 2021 2028 1806
f 1808 1809 2029
f 1808 2030 1810
f 2029 2030 1808
f 2032 1810 2030
f 2032 2031 1810
f 2031 1811 1810
f 2031 1812 1811
f 2033 1812 2031
f 2023 2034 2022
f 2024 2034 2023
f 2025 2036 2035
f 2025 1805 2036
f 1805 1815 2036
f 2027 2025 2035
f 1816 2037 2038
f 1817 1816 2038
f 2028 1816 1806
f 2037 1816 2028
f 1819 2040 2039
f 1820 2040 1819
f 1821 1819 2041
f 1819 2039 2041
f 1822 1821 2042
f 1821 2041 2042
f 1823 1822 2043
f 1822 2042 2043
f 2029 1809 1823
f 2029 1823 2044
f 2044 1823 2043
f 2030 2029 2044
f 2045 2030 2044
f 2032 2030 2045
f 1812 2033 2046
f 1824 1812 2046
f 1825 1824 2047
f 1824 2046 2047
f 1826 1825 2048
f 1825 2047 2048
f 1827 1826 2049
f 1826 2048 2049
f 1828 1827 2050
f 1827 2049 2050
f 1829 1828 2051
f 1828 2050 2051
f 1830 1829 2052
f 1829 2051 2052
f 2036 1815 1830
f 2052 2036 1830
f 1831 2053 2054
f 1832 1831 2054
f 2038 1831 1817
f 2053 1831 2038
f 1833 2056 2055
f 1834 2056 1833
f 1836 1833 2057
f 1833 2055 2057
f 2040 1820 1836
f 2057 2040 1836
f 2060 2058 2059
f 2058 2060 2061
f 2064 2062 2063
f 2064 2054 2062
f 2064 1837 2054
f 1837 1832 2054
f 2067 2066 2065
f 2067 2065 2056
f 2067 2056 1839
f 1839 2056 1834
f 2070 2068 2069
f 2070 2072 2071
f 2068 2070 2071
f 2059 2071 2072
f 2059 2072 2060
f 2060 2072 2073
f 2074 2061 2060
f 2074 2060 2075
f 2075 2060 2073
f 2074 2075 2076
f 2064 2063 2077
f 1837 2064 2077
f 1837 2077 1840
f 1840 2077 2078
f 2078 1841 1840
f 2079 1841 2078
f 1843 2066 2067
f 1843 1844 2066
f 1844 2080 2066
f 1839 1843 2067
f 2081 2082 2083
f 2083 2085 2084
f 2081 2083 2084
f 2085 2087 2086
f 2084 2085 2086
f 2087 2089 2088
f 2086 2087 2088
f 2089 2091 2090
f 2088 2089 2090
f 2091 2093 2092
f 2090 2091 2092
f 2093 1846 1845
f 2093 1845 2092
f 2092 1845 2094
f 1848 2095 1845
f 1845 2095 2094
f 2069 1850 2070
f 2069 2095 1850
f 2095 1848 1850
f 1852 2070 1850
f 2072 2070 1852
f 1854 2072 1852
f 2073 2072 1854
f 1856 2073 1854
f 1856 2096 2073
f 2096 2075 2073
f 2097 2076 2075
f 2096 2097 2075
f 1841 2079 2098
f 1857 1841 2098
f 1858 2099 2100
f 1858 1857 2099
f 1857 2098 2099
f 2100 2101 2102
f 2099 2101 2100
f 2102 1859 1860
f 2102 2101 1859
f 2101 2103 1859
f 1862 2104 2105
f 1862 1859 2104
f 1859 2103 2104
f 2104 2106 2105
f 1863 1864 2107
f 2108 2080 1844
f 2108 1844 2107
f 2108 2107 2109
f 2107 1844 1863
f 2082 2108 2109
f 2083 2082 2109
f 2083 2109 1866
f 2083 1866 1865
f 1868 2083 1865
f 2085 2083 1868
f 1870 2085 1868
f 2087 2085 1870
f 1872 2087 1870
f 2089 2087 1872
f 1874 2089 1872
f 2091 2089 1874
f 1875 2091 1874
f 2093 2091 1875
f 1846 2093 1875
f 1856 1877 2096
f 2096 1877 1879
f 2096 1879 2097
f 2097 1879 2110
f 1858 2100 1880
f 1881 1880 2100
f 2102 1881 2100
f 1860 1881 2102
f 1862 2105 1882
f 1884 2111 2112
f 1882 2111 1884
f 1882 2106 2111
f 1882 2105 2106
f 2111 2113 2112
f 1885 1886 2114
f 1885 2107 1864
f 1885 2114 2107
f 2114 2115 2107
f 1887 2115 1888
f 1887 2109 2115
f 2109 2107 2115
f 1866 2109 1887
f 1879 1893 2110
f 2110 1893 2116
f 1884 2112 1894
f 1896 2117 2118
f 1894 2117 1896
f 1894 2113 2117
f 1894 2112 2113
f 2117 2119 2118
f 2114 1897 2120
f 1886 1897 2114
f 2115 2114 2121
f 2121 2114 2120
f 1888 2121 1898
f 2115 2121 1888
f 1893 1903 2116
f 2116 1903 2122
f 2118 2123 1905
f 1896 2118 1905
f 2124 2118 2119
f 2123 2118 2124
f 1897 1906 2120
f 1907 2120 1906
f 1907 2125 2120
f 2125 2121 2120
f 1898 2126 1908
f 1898 2121 2126
f 2121 2125 2126
f 1908 2126 1909
f 1915 1916 2127
f 1915 2127 2128
f 1915 2128 1903
f 1903 2128 2122
f 1918 2129 1919
f 1918 2131 2129
f 1905 2131 1918
f 1905 2130 2131
f 1905 2123 2130
f 2124 2130 2123
f 1907 1920 2125
f 2132 2126 2125
f 2132 2125 1922
f 2132 1922 2133
f 1920 1922 2125
f 2135 2132 2134
f 1923 2132 2135
f 1923 2126 2132
f 1923 1909 2126
f 1923 2136 1924
f 2135 2136 1923
f 1924 2137 1925
f 2136 2137 1924
f 1925 2138 1926
f 2137 2138 1925
f 1926 2139 1927
f 2138 2139 1926
f 1927 2139 1928
f 2127 1935 2140
f 1916 1935 2127
f 2141 2128 2127
f 2140 2141 2127
f 1936 2142 1937
f 1936 1938 2143
f 2142 1936 2143
f 1938 1939 2143
f 1941 2144 1942
f 1941 2146 2144
f 1919 2146 1941
f 1919 2145 2146
f 1919 2129 2145
f 2131 2145 2129
f 2148 1922 1943
f 2148 2147 1922
f 2147 2133 1922
f 2135 2134 2149
f 1944 2148 1943
f 2136 2135 2149
f 2150 2136 2149
f 2137 2136 2150
f 2151 2137 2150
f 2138 2137 2151
f 2152 2138 2151
f 2139 2138 2152
f 2153 2139 2152
f 1928 2139 2153
f 1928 2153 1945
f 1945 2153 2154
f 1946 1945 2155
f 1945 2154 2155
f 1947 1946 2156
f 1946 2155 2156
f 1948 1947 2157
f 1947 2156 2157
f 2159 2157 2158
f 2159 1949 2157
f 1949 1948 2157
f 1949 2160 1950
f 2159 2160 1949
f 1950 2160 2162
f 1935 1950 2162
f 1935 2162 2161
f 1935 2161 2140
f 2141 2140 2161
f 1951 2163 1952
f 2165 2163 1951
f 2165 1951 2164
f 2164 1951 1953
f 2142 1953 1937
f 2142 2166 1953
f 2166 2164 1953
f 2143 2166 2142
f 2167 2166 2143
f 1939 2167 2143
f 1939 1954 2167
f 1954 2168 2167
f 2144 1954 1942
f 2144 2169 1954
f 2169 2168 1954
f 2146 2169 2144
f 2148 2170 2147
f 2172 2171 2170
f 1955 2172 2170
f 1955 2170 2148
f 1955 2148 1944
f 1955 1956 2172
f 2159 2158 2173
f 2160 2159 2173
f 2174 2160 2173
f 2162 2160 2174
f 1957 2175 2176
f 1958 1957 2176
f 2163 1957 1952
f 2163 2177 1957
f 2177 2175 1957
f 2165 2177 2163
f 2172 2178 2171
f 1956 2178 2172
f 1956 1960 2178
f 1960 2179 2178
f 2179 1960 1961
f 2180 2179 1961
f 2182 1963 1958
f 2182 1958 2181
f 2181 1958 2176
f 1963 2182 1964
f 1961 2183 2180
f 1965 2183 1961
f 1966 2184 1965
f 1965 2184 2183
f 1967 2185 1966
f 1966 2185 2184
f 1968 2186 1967
f 1967 2186 2185
f 1969 2187 1968
f 1968 2187 2186
f 1970 2189 2188
f 1970 2188 1969
f 1969 2188 2187
f 2188 2189 2190
f 1971 2191 2192
f 1972 1971 2192
f 1974 2193 1971
f 1971 2193 2191
f 1975 2194 1974
f 1974 2194 2193
f 1976 2195 1975
f 1975 2195 2194
f 1977 2196 1976
f 1976 2196 2195
f 1979 2197 1977
f 1977 2197 2196
f 1981 2198 1979
f 1979 2198 2197
f 1982 2200 2199
f 1982 2199 1981
f 1981 2199 2198
f 2202 2201 2182
f 2202 2182 2200
f 2181 2199 2182
f 2199 2200 2182
f 1964 2182 2201
f 1964 2201 1983
f 1983 2201 2203
f 1984 1983 2204
f 1983 2203 2204
f 2204 1985 1984
f 2205 1985 2204
f 1970 1986 2189
f 2189 2206 2190
f 2189 1986 2206
f 1986 1987 2206
f 2192 1987 1972
f 2206 1987 2192
f 1982 1988 2200
f 2200 1988 1990
f 2200 1990 2202
f 2202 1990 2207
f 1985 2205 1991
f 2205 2208 1991
f 1992 1993 2209
f 1992 2209 1995
f 1990 1996 2207
f 2207 1996 2210
f 1991 2208 2211
f 1997 1991 2211
f 2211 1998 1997
f 2212 1998 2211
f 1993 1999 2209
f 1995 2209 1999
f 1996 2213 2210
f 2001 2213 1996
f 2002 2214 2001
f 2001 2214 2213
f 2214 2002 2004
f 2215 2214 2004
f 2218 2216 2217
f 2218 2212 2216
f 2218 2005 2212
f 2005 1998 2212
f 2219 2007 2220
f 2219 2215 2007
f 2215 2004 2007
f 2217 2219 2220
f 2218 2217 2220
f 2218 2220 2009
f 2218 2009 2008
f 2005 2218 2008
f 2007 2010 2220
f 2009 2220 2010
f 2012 2013 2221
f 2012 2221 2014
f 2015 2016 2222
f 2015 2222 2017
f 2019 2224 2223
f 2020 2224 2019
f 2221 2013 2019
f 2221 2019 2225
f 2225 2019 2223
f 2225 2014 2221
f 2225 2226 2014
f 2226 2021 2014
f 2222 2022 2227
f 2016 2022 2222
f 2017 2227 2024
f 2222 2227 2017
f 2026 2229 2228
f 2027 2229 2026
f 2224 2020 2026
f 2228 2224 2026
f 2021 2226 2028
f 2226 2230 2028
f 2031 2032 2231
f 2031 2231 2033
f 2022 2034 2227
f 2024 2227 2034
f 2035 2036 2232
f 2035 2232 2233
f 2035 2233 2027
f 2027 2233 2229
f 2037 2234 2038
f 2037 2235 2234
f 2037 2028 2235
f 2028 2230 2235
f 2039 2040 2236
f 2039 2237 2041
f 2236 2237 2039
f 2041 2238 2042
f 2237 2238 2041
f 2042 2239 2043
f 2238 2239 2042
f 2043 2240 2044
f 2239 2240 2043
f 2044 2241 2045
f 2240 2241 2044
f 2045 2241 2243
f 2032 2045 2243
f 2032 2243 2242
f 2032 2242 2231
f 2033 2231 2242
f 2033 2242 2046
f 2046 2242 2244
f 2246 2244 2245
f 2246 2047 2244
f 2047 2046 2244
f 2047 2247 2048
f 2246 2247 2047
f 2249 2048 2247
f 2249 2248 2048
f 2248 2049 2048
f 2050 2049 2250
f 2049 2248 2250
f 2051 2050 2251
f 2050 2250 2251
f 2052 2051 2252
f 2051 2251 2252
f 2036 2052 2252
f 2036 2252 2254
f 2036 2254 2232
f 2253 2254 2252
f 2255 2233 2232
f 2255 2232 2256
f 2256 2232 2254
f 2256 2054 2053
f 2256 2053 2255
f 2255 2053 2257
f 2234 2053 2038
f 2234 2258 2053
f 2258 2257 2053
f 2235 2258 2234
f 2055 2056 2259
f 2055 2260 2057
f 2259 2260 2055
f 2057 2260 2262
f 2040 2057 2262
f 2040 2262 2261
f 2040 2261 2236
f 2237 2236 2261
f 2263 2237 2261
f 2238 2237 2263
f 2264 2238 2263
f 2239 2238 2264
f 2265 2239 2264
f 2240 2239 2265
f 2266 2240 2265
f 2266 2267 2268
f 2266 2268 2240
f 2240 2268 2241
f 2269 2243 2241
f 2269 2241 2270
f 2270 2241 2268
f 2270 2272 2271
f 2269 2270 2271
f 2245 2271 2272
f 2246 2245 2272
f 2246 2272 2059
f 2246 2059 2058
f 2061 2246 2058
f 2061 2273 2246
f 2273 2247 2246
f 2274 2249 2247
f 2273 2274 2247
f 2254 2253 2275
f 2256 2254 2063
f 2256 2063 2062
f 2254 2275 2063
f 2277 2063 2276
f 2275 2276 2063
f 2062 2054 2256
f 2277 2276 2278
f 2065 2280 2279
f 2066 2280 2065
f 2056 2065 2279
f 2056 2279 2282
f 2056 2282 2259
f 2281 2282 2279
f 2284 2283 2260
f 2284 2260 2282
f 2282 2260 2259
f 2262 2260 2283
f 2287 2285 2286
f 2287 2289 2288
f 2285 2287 2288
f 2289 2291 2290
f 2288 2289 2290
f 2267 2290 2291
f 2267 2291 2268
f 2268 2291 2292
f 2068 2292 2069
f 2068 2270 2292
f 2270 2268 2292
f 2071 2270 2068
f 2272 2270 2071
f 2059 2272 2071
f 2061 2074 2273
f 2076 2294 2293
f 2074 2076 2293
f 2074 2293 2274
f 2074 2274 2273
f 2293 2294 2295
f 2063 2277 2077
f 2277 2278 2296
f 2277 2296 2077
f 2077 2296 2078
f 2079 2297 2298
f 2079 2078 2297
f 2078 2296 2297
f 2297 2299 2298
f 2302 2301 2300
f 2300 2303 2302
f 2306 2305 2304
f 2304 2307 2306
f 2308 2080 2309
f 2308 2280 2080
f 2280 2066 2080
f 2281 2308 2309
f 2282 2281 2309
f 2282 2309 2082
f 2282 2082 2081
f 2282 2310 2284
f 2282 2081 2310
f 2081 2084 2310
f 2086 2311 2084
f 2084 2311 2310
f 2088 2312 2086
f 2086 2312 2311
f 2286 2090 2287
f 2286 2312 2090
f 2312 2088 2090
f 2092 2287 2090
f 2289 2287 2092
f 2094 2289 2092
f 2291 2289 2094
f 2095 2291 2094
f 2292 2291 2095
f 2069 2292 2095
f 2294 2097 2313
f 2076 2097 2294
f 2314 2295 2294
f 2313 2314 2294
f 2079 2298 2098
f 2298 2299 2315
f 2298 2315 2098
f 2098 2315 2099
f 2101 2099 2316
f 2099 2315 2316
f 2301 2302 2103
f 2301 2103 2316
f 2316 2103 2101
f 2302 2303 2317
f 2302 2317 2103
f 2103 2317 2104
f 2317 2106 2104
f 2318 2106 2317
f 2321 2320 2319
f 2319 2322 2321
f 2306 2323 2305
f 2307 2323 2306
f 2080 2108 2309
f 2082 2309 2108
f 2313 2110 2324
f 2097 2110 2313
f 2325 2314 2313
f 2324 2325 2313
f 2106 2318 2326
f 2111 2106 2326
f 2326 2113 2111
f 2327 2113 2326
f 2330 2329 2328
f 2320 2321 2331
f 2328 2332 2330
f 2322 2331 2321
f 2324 2116 2333
f 2110 2116 2324
f 2334 2325 2324
f 2333 2334 2324
f 2113 2327 2335
f 2117 2113 2335
f 2335 2119 2117
f 2336 2119 2335
f 2338 2329 2330
f 2337 2329 2338
f 2339 2330 2332
f 2338 2330 2339
f 2333 2122 2340
f 2116 2122 2333
f 2341 2334 2333
f 2340 2341 2333
f 2119 2336 2124
f 2336 2342 2124
f 2338 2343 2337
f 2344 2346 2345
f 2339 2343 2338
f 2344 2347 2346
f 2340 2128 2348
f 2122 2128 2340
f 2349 2341 2340
f 2348 2349 2340
f 2130 2350 2351
f 2131 2130 2351
f 2342 2130 2124
f 2350 2130 2342
f 2346 2352 2345
f 2347 2352 2346
f 2132 2133 2353
f 2132 2353 2134
f 2348 2141 2354
f 2128 2141 2348
f 2355 2349 2348
f 2354 2355 2348
f 2145 2356 2357
f 2146 2145 2357
f 2351 2145 2131
f 2356 2145 2351
f 2353 2147 2358
f 2133 2147 2353
f 2134 2359 2149
f 2134 2353 2359
f 2353 2358 2359
f 2149 2360 2150
f 2359 2360 2149
f 2362 2150 2360
f 2362 2361 2150
f 2361 2151 2150
f 2152 2151 2363
f 2151 2361 2363
f 2365 2363 2364
f 2365 2153 2363
f 2153 2152 2363
f 2153 2366 2154
f 2365 2366 2153
f 2154 2367 2155
f 2366 2367 2154
f 2155 2368 2156
f 2367 2368 2155
f 2156 2369 2157
f 2368 2369 2156
f 2157 2369 2158
f 2161 2162 2370
f 2161 2370 2372
f 2141 2161 2372
f 2141 2372 2371
f 2141 2371 2354
f 2355 2354 2371
f 2164 2373 2165
f 2375 2373 2164
f 2375 2164 2374
f 2374 2164 2166
f 2167 2376 2166
f 2166 2376 2374
f 2378 2377 2376
f 2378 2376 2168
f 2168 2376 2167
f 2380 2378 2168
f 2380 2168 2379
f 2379 2168 2169
f 2357 2169 2146
f 2379 2169 2357
f 2147 2170 2358
f 2171 2358 2170
f 2171 2381 2358
f 2381 2359 2358
f 2360 2359 2382
f 2382 2359 2381
f 2383 2362 2360
f 2382 2383 2360
f 2365 2364 2384
f 2366 2365 2384
f 2385 2366 2384
f 2367 2366 2385
f 2386 2367 2385
f 2368 2367 2386
f 2387 2368 2386
f 2369 2368 2387
f 2388 2369 2387
f 2390 2388 2389
f 2173 2388 2390
f 2173 2369 2388
f 2173 2158 2369
f 2173 2391 2174
f 2390 2391 2173
f 2174 2370 2162
f 2174 2391 2370
f 2391 2392 2370
f 2393 2372 2370
f 2392 2393 2370
f 2175 2394 2176
f 2396 2394 2175
f 2396 2175 2395
f 2395 2175 2177
f 2373 2177 2165
f 2373 2397 2177
f 2397 2395 2177
f 2375 2397 2373
f 2378 2398 2377
f 2380 2398 2378
f 2171 2178 2381
f 2179 2381 2178
f 2382 2381 2179
f 2180 2400 2399
f 2179 2180 2399
f 2179 2399 2383
f 2179 2383 2382
f 2400 2402 2401
f 2399 2400 2401
f 2402 2404 2403
f 2401 2402 2403
f 2404 2406 2405
f 2403 2404 2405
f 2406 2408 2407
f 2405 2406 2407
f 2407 2408 2409
f 2390 2389 2410
f 2391 2390 2410
f 2411 2391 2410
f 2392 2391 2411
f 2412 2392 2411
f 2393 2392 2412
f 2415 2413 2414
f 2394 2416 2413
f 2394 2413 2181
f 2394 2181 2176
f 2181 2413 2415
f 2396 2416 2394
f 2180 2183 2400
f 2184 2400 2183
f 2402 2400 2184
f 2185 2402 2184
f 2404 2402 2185
f 2186 2404 2185
f 2406 2404 2186
f 2187 2406 2186
f 2408 2406 2187
f 2408 2417 2409
f 2408 2187 2417
f 2187 2188 2417
f 2190 2419 2418
f 2190 2418 2188
f 2188 2418 2417
f 2419 2192 2191
f 2419 2191 2418
f 2418 2191 2420
f 2193 2421 2191
f 2191 2421 2420
f 2194 2422 2193
f 2193 2422 2421
f 2195 2423 2194
f 2194 2423 2422
f 2196 2424 2195
f 2195 2424 2423
f 2197 2425 2196
f 2196 2425 2424
f 2198 2426 2197
f 2197 2426 2425
f 2414 2199 2415
f 2414 2426 2199
f 2426 2198 2199
f 2201 2428 2427
f 2201 2202 2428
f 2199 2181 2415
f 2203 2201 2429
f 2201 2427 2429
f 2204 2203 2430
f 2203 2429 2430
f 2430 2205 2204
f 2431 2205 2430
f 2190 2206 2419
f 2192 2419 2206
f 2202 2207 2428
f 2428 2207 2432
f 2205 2431 2208
f 2431 2433 2208
f 2434 2210 2435
f 2434 2432 2210
f 2432 2207 2210
f 2434 2435 2436
f 2438 2211 2208
f 2438 2208 2437
f 2437 2208 2433
f 2211 2438 2212
f 2210 2213 2435
f 2435 2439 2436
f 2435 2213 2439
f 2213 2214 2439
f 2439 2214 2215
f 2440 2439 2215
f 2216 2438 2437
f 2216 2437 2217
f 2217 2437 2441
f 2212 2438 2216
f 2215 2442 2440
f 2219 2442 2215
f 2441 2219 2217
f 2442 2219 2441
f 2445 2444 2443
f 2443 2446 2445
f 2223 2448 2447
f 2224 2448 2223
f 2225 2223 2449
f 2223 2447 2449
f 2449 2226 2225
f 2450 2226 2449
f 2452 2444 2445
f 2451 2444 2452
f 2453 2445 2446
f 2452 2445 2453
f 2228 2455 2454
f 2229 2455 2228
f 2448 2224 2228
f 2454 2448 2228
f 2226 2450 2230
f 2450 2456 2230
f 2459 2458 2457
f 2457 2460 2459
f 2463 2462 2461
f 2463 2464 2465
f 2461 2464 2463
f 2451 2465 2464
f 2451 2452 2465
f 2452 2466 2465
f 2467 2452 2453
f 2466 2452 2467
f 2229 2233 2455
f 2455 2233 2468
f 2469 2470 2235
f 2469 2235 2456
f 2456 2235 2230
f 2469 2471 2470
f 2242 2243 2472
f 2474 2242 2472
f 2474 2244 2242
f 2459 2473 2458
f 2459 2460 2473
f 2244 2474 2245
f 2248 2249 2475
f 2463 2476 2462
f 2463 2248 2476
f 2463 2250 2248
f 2475 2476 2248
f 2251 2250 2463
f 2465 2251 2463
f 2252 2251 2465
f 2466 2252 2465
f 2253 2477 2478
f 2252 2477 2253
f 2252 2467 2477
f 2252 2466 2467
f 2255 2479 2478
f 2255 2478 2468
f 2255 2468 2233
f 2477 2468 2478
f 2255 2257 2480
f 2479 2255 2480
f 2257 2258 2481
f 2480 2257 2481
f 2258 2235 2470
f 2258 2470 2481
f 2481 2470 2482
f 2483 2470 2471
f 2482 2470 2483
f 2261 2262 2484
f 2261 2485 2263
f 2484 2485 2261
f 2263 2486 2264
f 2485 2486 2263
f 2264 2487 2265
f 2486 2487 2264
f 2265 2488 2266
f 2487 2488 2265
f 2266 2488 2267
f 2243 2269 2472
f 2271 2472 2269
f 2474 2472 2271
f 2245 2474 2271
f 2475 2274 2489
f 2249 2274 2475
f 2490 2476 2475
f 2489 2490 2475
f 2253 2478 2275
f 2276 2275 2478
f 2479 2276 2478
f 2278 2276 2479
f 2278 2479 2491
f 2491 2479 2480
f 2481 2492 2480
f 2492 2491 2480
f 2482 2493 2481
f 2493 2492 2481
f 2494 2482 2483
f 2493 2482 2494
f 2279 2280 2495
f 2279 2495 2281
f 2283 2284 2496
f 2283 2484 2262
f 2283 2496 2484
f 2496 2497 2484
f 2485 2484 2498
f 2498 2484 2497
f 2285 2498 2286
f 2285 2486 2498
f 2486 2485 2498
f 2288 2486 2285
f 2487 2486 2288
f 2290 2487 2288
f 2488 2487 2290
f 2267 2488 2290
f 2274 2293 2489
f 2489 2293 2295
f 2489 2295 2490
f 2490 2295 2499
f 2278 2491 2296
f 2297 2296 2491
f 2492 2297 2491
f 2299 2297 2492
f 2299 2492 2500
f 2500 2492 2493
f 2501 2493 2494
f 2501 2502 2493
f 2502 2500 2493
f 2502 2300 2301
f 2502 2501 2300
f 2501 2503 2300
f 2503 2303 2300
f 2504 2303 2503
f 2304 2305 2505
f 2304 2505 2307
f 2280 2308 2495
f 2281 2495 2308
f 2284 2310 2496
f 2311 2496 2310
f 2497 2496 2311
f 2312 2497 2311
f 2498 2497 2312
f 2286 2498 2312
f 2295 2314 2499
f 2499 2314 2506
f 2299 2500 2315
f 2316 2315 2500
f 2502 2316 2500
f 2301 2316 2502
f 2303 2504 2507
f 2317 2303 2507
f 2507 2318 2317
f 2508 2318 2507
f 2511 2510 2509
f 2509 2512 2511
f 2319 2320 2513
f 2319 2513 2322
f 2305 2323 2505
f 2307 2505 2323
f 2314 2325 2506
f 2506 2325 2514
f 2318 2508 2515
f 2326 2318 2515
f 2515 2327 2326
f 2516 2327 2515
f 2511 2517 2510
f 2519 2328 2329
f 2519 2518 2328
f 2512 2517 2511
f 2332 2518 2520
f 2332 2328 2518
f 2320 2331 2513
f 2322 2513 2331
f 2521 2334 2522
f 2521 2514 2334
f 2514 2325 2334
f 2521 2522 2523
f 2327 2516 2524
f 2335 2327 2524
f 2524 2336 2335
f 2525 2336 2524
f 2329 2337 2519
f 2519 2337 2526
f 2332 2520 2339
f 2520 2527 2339
f 2522 2341 2528
f 2334 2341 2522
f 2529 2523 2522
f 2528 2529 2522
f 2336 2525 2342
f 2525 2530 2342
f 2533 2532 2531
f 2531 2534 2533
f 2537 2536 2535
f 2538 2337 2343
f 2538 2526 2337
f 2535 2539 2537
f 2343 2527 2538
f 2343 2339 2527
f 2344 2345 2540
f 2344 2540 2347
f 2528 2542 2541
f 2528 2341 2542
f 2341 2349 2542
f 2529 2528 2541
f 2350 2543 2544
f 2351 2350 2544
f 2530 2350 2342
f 2543 2350 2530
f 2546 2532 2533
f 2545 2532 2546
f 2547 2533 2534
f 2546 2533 2547
f 2537 2548 2536
f 2539 2548 2537
f 2345 2352 2540
f 2347 2540 2352
f 2349 2355 2542
f 2542 2355 2549
f 2356 2550 2551
f 2357 2356 2551
f 2544 2356 2351
f 2550 2356 2544
f 2546 2552 2545
f 2547 2552 2546
f 2361 2362 2553
f 2361 2554 2363
f 2553 2554 2361
f 2363 2554 2364
f 2371 2372 2555
f 2371 2555 2556
f 2371 2556 2355
f 2355 2556 2549
f 2374 2557 2375
f 2374 2376 2558
f 2557 2374 2558
f 2376 2377 2558
f 2379 2559 2560
f 2380 2379 2560
f 2551 2379 2357
f 2559 2379 2551
f 2553 2383 2561
f 2362 2383 2553
f 2554 2553 2562
f 2562 2553 2561
f 2364 2563 2384
f 2364 2554 2563
f 2554 2562 2563
f 2384 2564 2385
f 2563 2564 2384
f 2385 2565 2386
f 2564 2565 2385
f 2386 2566 2387
f 2565 2566 2386
f 2387 2567 2388
f 2566 2567 2387
f 2388 2567 2389
f 2555 2393 2568
f 2372 2393 2555
f 2569 2556 2555
f 2568 2569 2555
f 2395 2570 2396
f 2395 2397 2571
f 2570 2395 2571
f 2397 2375 2557
f 2397 2557 2571
f 2571 2557 2572
f 2574 2558 2573
f 2574 2572 2558
f 2572 2557 2558
f 2377 2573 2558
f 2377 2398 2573
f 2398 2575 2573
f 2560 2398 2380
f 2575 2398 2560
f 2383 2399 2561
f 2401 2561 2399
f 2562 2561 2401
f 2403 2562 2401
f 2563 2562 2403
f 2405 2563 2403
f 2564 2563 2405
f 2407 2564 2405
f 2565 2564 2407
f 2409 2565 2407
f 2409 2576 2565
f 2576 2566 2565
f 2567 2566 2577
f 2577 2566 2576
f 2389 2578 2410
f 2389 2567 2578
f 2567 2577 2578
f 2410 2579 2411
f 2578 2579 2410
f 2411 2580 2412
f 2579 2580 2411
f 2412 2568 2393
f 2412 2580 2568
f 2580 2581 2568
f 2582 2569 2568
f 2581 2582 2568
f 2413 2583 2414
f 2413 2416 2584
f 2583 2413 2584
f 2416 2396 2570
f 2416 2570 2584
f 2584 2570 2585
f 2571 2586 2570
f 2586 2585 2570
f 2572 2587 2571
f 2587 2586 2571
f 2588 2572 2574
f 2587 2572 2588
f 2409 2417 2576
f 2418 2576 2417
f 2577 2576 2418
f 2420 2577 2418
f 2578 2577 2420
f 2421 2578 2420
f 2579 2578 2421
f 2422 2579 2421
f 2580 2579 2422
f 2423 2580 2422
f 2581 2580 2423
f 2581 2423 2424
f 2581 2424 2589
f 2581 2589 2582
f 2589 2424 2590
f 2424 2425 2591
f 2590 2424 2591
f 2425 2426 2592
f 2591 2425 2592
f 2426 2594 2592
f 2414 2594 2426
f 2414 2593 2594
f 2414 2583 2593
f 2427 2428 2595
f 2427 2595 2583
f 2427 2583 2584
f 2583 2595 2593
f 2429 2427 2584
f 2585 2429 2584
f 2430 2429 2585
f 2586 2430 2585
f 2431 2430 2586
f 2431 2586 2596
f 2596 2586 2587
f 2597 2587 2588
f 2596 2587 2597
f 2590 2598 2589
f 2591 2598 2590
f 2599 2598 2591
f 2599 2601 2600
f 2599 2591 2601
f 2591 2592 2601
f 2602 2592 2594
f 2601 2592 2602
f 2428 2432 2595
f 2595 2432 2603
f 2596 2604 2433
f 2431 2596 2433
f 2605 2596 2597
f 2604 2596 2605
f 2601 2606 2600
f 2602 2606 2601
f 2608 2432 2434
f 2608 2607 2432
f 2607 2603 2432
f 2434 2436 2608
f 2604 2609 2610
f 2604 2610 2433
f 2433 2610 2437
f 2605 2609 2604
f 2608 2611 2607
f 2436 2611 2608
f 2436 2439 2611
f 2439 2612 2611
f 2612 2439 2440
f 2613 2612 2440
f 2437 2610 2441
f 2610 2614 2441
f 2440 2615 2613
f 2442 2615 2440
f 2614 2442 2441
f 2615 2442 2614
f 2618 2617 2616
f 2618 2619 2620
f 2616 2619 2618
f 2619 2621 2620
f 2624 2623 2622
f 2617 2624 2622
f 2618 2624 2617
f 2618 2444 2624
f 2618 2443 2444
f 2446 2443 2618
f 2446 2618 2625
f 2625 2618 2620
f 2626 2620 2621
f 2626 2627 2620
f 2627 2625 2620
f 2627 2447 2448
f 2627 2626 2447
f 2626 2628 2447
f 2449 2447 2629
f 2447 2628 2629
f 2629 2450 2449
f 2630 2450 2629
f 2633 2632 2631
f 2631 2634 2633
f 2636 2623 2624
f 2635 2623 2636
f 2444 2451 2636
f 2624 2444 2636
f 2625 2637 2453
f 2446 2625 2453
f 2454 2455 2637
f 2454 2637 2627
f 2627 2637 2625
f 2448 2454 2627
f 2638 2639 2456
f 2638 2456 2630
f 2630 2456 2450
f 2638 2640 2639
f 2643 2642 2641
f 2641 2644 2643
f 2457 2458 2646
f 2633 2645 2632
f 2633 2634 2645
f 2457 2646 2460
f 2461 2648 2647
f 2462 2648 2461
f 2635 2636 2464
f 2635 2464 2647
f 2647 2464 2461
f 2451 2464 2636
f 2637 2649 2467
f 2453 2637 2467
f 2455 2468 2649
f 2637 2455 2649
f 2456 2639 2469
f 2639 2471 2469
f 2639 2640 2471
f 2640 2650 2471
f 2653 2652 2651
f 2653 2654 2655
f 2651 2654 2653
f 2655 2656 2657
f 2654 2656 2655
f 2657 2658 2659
f 2656 2658 2657
f 2642 2659 2658
f 2642 2643 2659
f 2643 2660 2659
f 2661 2643 2644
f 2660 2643 2661
f 2458 2473 2646
f 2460 2646 2473
f 2462 2476 2648
f 2648 2476 2662
f 2467 2649 2477
f 2468 2477 2649
f 2663 2664 2483
f 2663 2483 2650
f 2650 2483 2471
f 2663 2665 2664
f 2653 2666 2652
f 2655 2666 2653
f 2667 2666 2655
f 2657 2667 2655
f 2668 2667 2657
f 2659 2668 2657
f 2669 2668 2659
f 2660 2669 2659
f 2670 2669 2660
f 2661 2670 2660
f 2476 2490 2662
f 2662 2490 2671
f 2664 2672 2494
f 2483 2664 2494
f 2673 2664 2665
f 2672 2664 2673
f 2490 2499 2671
f 2671 2499 2674
f 2494 2672 2501
f 2672 2673 2675
f 2672 2675 2501
f 2501 2675 2503
f 2504 2676 2677
f 2504 2503 2676
f 2503 2675 2676
f 2677 2678 2679
f 2676 2678 2677
f 2678 2680 2679
f 2681 2506 2682
f 2681 2674 2506
f 2674 2499 2506
f 2681 2682 2683
f 2504 2677 2507
f 2508 2507 2677
f 2508 2677 2684
f 2684 2677 2679
f 2685 2679 2680
f 2685 2686 2679
f 2686 2684 2679
f 2685 2687 2686
f 2509 2510 2688
f 2509 2688 2512
f 2682 2514 2689
f 2506 2514 2682
f 2690 2683 2682
f 2689 2690 2682
f 2508 2684 2515
f 2516 2515 2684
f 2516 2684 2691
f 2691 2684 2686
f 2692 2686 2687
f 2691 2686 2692
f 2695 2694 2693
f 2693 2696 2695
f 2510 2517 2688
f 2512 2688 2517
f 2518 2519 2697
f 2518 2697 2520
f 2514 2521 2689
f 2689 2521 2523
f 2689 2523 2690
f 2690 2523 2698
f 2701 2524 2516
f 2701 2516 2700
f 2691 2699 2516
f 2699 2700 2516
f 2691 2692 2699
f 2524 2701 2525
f 2703 2694 2695
f 2702 2694 2703
f 2704 2695 2696
f 2703 2695 2704
f 2697 2526 2705
f 2519 2526 2697
f 2520 2705 2527
f 2697 2705 2520
f 2523 2529 2698
f 2698 2529 2706
f 2708 2701 2700
f 2707 2708 2700
f 2525 2708 2530
f 2701 2708 2525
f 2531 2702 2703
f 2531 2532 2702
f 2532 2709 2702
f 2703 2534 2531
f 2703 2704 2534
f 2704 2710 2534
f 2535 2536 2711
f 2538 2705 2526
f 2539 2535 2711
f 2527 2705 2538
f 2541 2542 2712
f 2541 2712 2713
f 2541 2713 2529
f 2529 2713 2706
f 2714 2715 2544
f 2714 2544 2707
f 2543 2708 2544
f 2708 2707 2544
f 2543 2530 2708
f 2715 2714 2716
f 2532 2545 2709
f 2709 2545 2717
f 2534 2710 2547
f 2710 2718 2547
f 2536 2548 2711
f 2539 2711 2548
f 2712 2549 2719
f 2542 2549 2712
f 2720 2713 2712
f 2719 2720 2712
f 2550 2721 2551
f 2550 2544 2715
f 2550 2715 2721
f 2721 2715 2722
f 2723 2715 2716
f 2722 2715 2723
f 2545 2724 2717
f 2552 2724 2545
f 2718 2552 2547
f 2724 2552 2718
f 2727 2726 2725
f 2725 2728 2727
f 2719 2730 2729
f 2719 2549 2730
f 2549 2556 2730
f 2720 2719 2729
f 2559 2731 2560
f 2559 2551 2721
f 2559 2721 2731
f 2731 2721 2732
f 2734 2722 2733
f 2734 2732 2722
f 2732 2721 2722
f 2723 2733 2722
f 2727 2735 2726
f 2728 2735 2727
f 2556 2569 2730
f 2730 2569 2736
f 2573 2737 2574
f 2739 2737 2573
f 2739 2573 2738
f 2738 2573 2575
f 2731 2575 2560
f 2731 2740 2575
f 2740 2738 2575
f 2732 2740 2731
f 2741 2740 2732
f 2734 2741 2732
f 2744 2743 2742
f 2744 2745 2746
f 2742 2745 2744
f 2746 2747 2748
f 2745 2747 2746
f 2747 2749 2748
f 2569 2582 2736
f 2736 2582 2750
f 2737 2751 2588
f 2574 2737 2588
f 2752 2737 2739
f 2751 2737 2752
f 2744 2753 2743
f 2746 2753 2744
f 2754 2753 2746
f 2754 2756 2755
f 2754 2746 2756
f 2746 2748 2756
f 2757 2748 2749
f 2756 2748 2757
f 2582 2589 2750
f 2750 2589 2758
f 2593 2759 2594
f 2593 2595 2759
f 2751 2760 2761
f 2751 2761 2588
f 2588 2761 2597
f 2752 2760 2751
f 2756 2762 2755
f 2757 2762 2756
f 2765 2764 2763
f 2763 2766 2765
f 2589 2767 2758
f 2598 2767 2589
f 2769 2768 2767
f 2769 2767 2599
f 2599 2767 2598
f 2599 2600 2769
f 2759 2770 2602
f 2594 2759 2602
f 2595 2603 2770
f 2759 2595 2770
f 2597 2761 2605
f 2761 2771 2605
f 2765 2772 2764
f 2766 2772 2765
f 2774 2768 2769
f 2773 2768 2774
f 2600 2606 2775
f 2600 2775 2769
f 2769 2775 2774
f 2606 2602 2770
f 2606 2770 2775
f 2775 2770 2776
f 2603 2607 2776
f 2770 2603 2776
f 2609 2777 2610
f 2609 2778 2777
f 2609 2605 2778
f 2605 2771 2778
f 2774 2779 2773
f 2779 2781 2780
f 2779 2774 2781
f 2774 2775 2781
f 2783 2776 2782
f 2783 2781 2776
f 2781 2775 2776
f 2607 2782 2776
f 2607 2611 2782
f 2611 2784 2782
f 2786 2785 2784
f 2786 2784 2612
f 2612 2784 2611
f 2612 2613 2786
f 2777 2787 2788
f 2777 2788 2610
f 2610 2788 2614
f 2778 2787 2777
f 2781 2789 2780
f 2783 2789 2781
f 2786 2790 2785
f 2613 2790 2786
f 2613 2615 2790
f 2615 2791 2790
f 2788 2615 2614
f 2791 2615 2788
f 2794 2793 2792
f 2792 2795 2794
f 2798 2797 2796
f 2793 2798 2796
f 2793 2794 2798
f 2794 2799 2798
f 2800 2794 2795
f 2800 2801 2794
f 2801 2799 2794
f 2800 2802 2801
f 2804 2797 2798
f 2803 2797 2804
f 2616 2617 2804
f 2616 2804 2799
f 2799 2804 2798
f 2619 2616 2799
f 2801 2619 2799
f 2621 2805 2806
f 2619 2805 2621
f 2619 2802 2805
f 2619 2801 2802
f 2806 2807 2808
f 2805 2807 2806
f 2807 2809 2808
f 2622 2803 2804
f 2622 2623 2803
f 2623 2810 2803
f 2617 2622 2804
f 2621 2806 2626
f 2628 2626 2806
f 2808 2628 2806
f 2808 2809 2811
f 2808 2811 2628
f 2628 2811 2629
f 2811 2630 2629
f 2812 2630 2811
f 2815 2814 2813
f 2813 2816 2815
f 2819 2818 2817
f 2821 2631 2632
f 2820 2819 2817
f 2631 2821 2634
f 2824 2823 2822
f 2824 2822 2810
f 2824 2810 2635
f 2635 2810 2623
f 2630 2812 2825
f 2638 2630 2825
f 2825 2640 2638
f 2826 2640 2825
f 2829 2828 2827
f 2829 2830 2831
f 2827 2830 2829
f 2831 2641 2642
f 2831 2830 2641
f 2830 2832 2641
f 2644 2833 2834
f 2644 2641 2833
f 2641 2832 2833
f 2814 2815 2835
f 2833 2836 2834
f 2816 2835 2815
f 2819 2837 2818
f 2632 2645 2821
f 2819 2820 2837
f 2634 2821 2645
f 2647 2823 2824
f 2647 2648 2823
f 2648 2838 2823
f 2635 2647 2824
f 2640 2826 2650
f 2826 2839 2650
f 2651 2841 2840
f 2652 2841 2651
f 2654 2651 2842
f 2651 2840 2842
f 2828 2829 2656
f 2828 2656 2842
f 2842 2656 2654
f 2658 2656 2829
f 2831 2658 2829
f 2642 2658 2831
f 2834 2843 2844
f 2834 2844 2644
f 2644 2844 2661
f 2836 2843 2834
f 2845 2662 2846
f 2845 2838 2662
f 2838 2648 2662
f 2845 2846 2847
f 2650 2839 2848
f 2663 2650 2848
f 2848 2665 2663
f 2849 2665 2848
f 2852 2851 2850
f 2853 2652 2666
f 2853 2841 2652
f 2850 2854 2852
f 2667 2855 2666
f 2666 2855 2853
f 2857 2856 2855
f 2857 2855 2668
f 2668 2855 2667
f 2668 2669 2858
f 2857 2668 2858
f 2860 2858 2669
f 2860 2669 2859
f 2859 2669 2670
f 2844 2670 2661
f 2859 2670 2844
f 2846 2671 2861
f 2662 2671 2846
f 2862 2847 2846
f 2861 2862 2846
f 2665 2849 2673
f 2849 2863 2673
f 2865 2851 2852
f 2864 2851 2865
f 2866 2852 2854
f 2866 2867 2852
f 2867 2865 2852
f 2866 2868 2867
f 2857 2869 2856
f 2858 2869 2857
f 2870 2869 2858
f 2860 2870 2858
f 2861 2674 2871
f 2671 2674 2861
f 2872 2862 2861
f 2871 2872 2861
f 2874 2675 2673
f 2874 2673 2873
f 2873 2673 2863
f 2675 2875 2676
f 2874 2875 2675
f 2877 2676 2875
f 2877 2876 2676
f 2876 2678 2676
f 2680 2878 2879
f 2680 2678 2878
f 2678 2876 2878
f 2878 2880 2879
f 2865 2881 2864
f 2867 2881 2865
f 2882 2881 2867
f 2868 2882 2867
f 2674 2681 2871
f 2871 2681 2683
f 2871 2683 2872
f 2872 2683 2883
f 2874 2873 2884
f 2875 2874 2884
f 2885 2875 2884
f 2877 2875 2885
f 2680 2879 2685
f 2687 2886 2887
f 2685 2886 2687
f 2685 2880 2886
f 2685 2879 2880
f 2887 2888 2889
f 2886 2888 2887
f 2888 2890 2889
f 2891 2690 2892
f 2891 2883 2690
f 2883 2683 2690
f 2891 2892 2893
f 2887 2894 2692
f 2687 2887 2692
f 2693 2694 2894
f 2693 2894 2889
f 2889 2894 2887
f 2889 2696 2693
f 2889 2890 2696
f 2890 2895 2696
f 2898 2897 2896
f 2898 2899 2900
f 2896 2899 2898
f 2900 2901 2902
f 2899 2901 2900
f 2901 2903 2902
f 2892 2698 2904
f 2690 2698 2892
f 2905 2893 2892
f 2904 2905 2892
f 2699 2906 2907
f 2700 2699 2907
f 2894 2699 2692
f 2894 2908 2699
f 2908 2906 2699
f 2908 2894 2694
f 2908 2694 2909
f 2909 2694 2702
f 2696 2895 2704
f 2895 2910 2704
f 2912 2897 2898
f 2911 2897 2912
f 2900 2913 2898
f 2913 2912 2898
f 2902 2914 2900
f 2914 2913 2900
f 2915 2902 2903
f 2914 2902 2915
f 2904 2706 2916
f 2698 2706 2904
f 2917 2905 2904
f 2916 2917 2904
f 2700 2907 2707
f 2907 2918 2707
f 2921 2920 2919
f 2921 2919 2909
f 2921 2909 2709
f 2709 2909 2702
f 2704 2910 2710
f 2910 2922 2710
f 2912 2923 2911
f 2913 2923 2912
f 2924 2923 2913
f 2914 2924 2913
f 2925 2924 2914
f 2915 2925 2914
f 2916 2713 2926
f 2706 2713 2916
f 2927 2917 2916
f 2926 2927 2916
f 2707 2918 2928
f 2714 2707 2928
f 2716 2921 2929
f 2716 2928 2921
f 2716 2714 2928
f 2928 2920 2921
f 2709 2717 2929
f 2921 2709 2929
f 2710 2922 2718
f 2922 2930 2718
f 2926 2932 2931
f 2926 2713 2932
f 2713 2720 2932
f 2927 2926 2931
f 2929 2933 2723
f 2716 2929 2723
f 2717 2724 2934
f 2717 2934 2929
f 2929 2934 2933
f 2724 2935 2934
f 2724 2718 2935
f 2718 2930 2935
f 2725 2726 2936
f 2725 2936 2728
f 2939 2938 2937
f 2937 2940 2939
f 2729 2730 2941
f 2729 2941 2942
f 2729 2942 2720
f 2720 2942 2932
f 2945 2943 2944
f 2945 2947 2946
f 2943 2945 2946
f 2946 2947 2948
f 2733 2949 2734
f 2733 2951 2949
f 2723 2951 2733
f 2723 2950 2951
f 2723 2933 2950
f 2934 2950 2933
f 2952 2950 2934
f 2935 2952 2934
f 2726 2735 2936
f 2728 2936 2735
f 2954 2938 2939
f 2953 2938 2954
f 2955 2939 2940
f 2954 2939 2955
f 2941 2736 2956
f 2730 2736 2941
f 2957 2942 2941
f 2956 2957 2941
f 2738 2945 2944
f 2738 2944 2739
f 2739 2944 2958
f 2740 2945 2738
f 2947 2945 2740
f 2947 2959 2948
f 2947 2740 2959
f 2740 2741 2959
f 2949 2741 2734
f 2949 2960 2741
f 2960 2959 2741
f 2951 2960 2949
f 2954 2961 2953
f 2962 2964 2963
f 2955 2961 2954
f 2964 2965 2966
f 2962 2965 2964
f 2966 2742 2743
f 2966 2965 2742
f 2965 2967 2742
f 2745 2742 2968
f 2742 2967 2968
f 2747 2745 2969
f 2745 2968 2969
f 2969 2749 2747
f 2970 2749 2969
f 2956 2750 2971
f 2736 2750 2956
f 2972 2957 2956
f 2971 2972 2956
f 2739 2958 2752
f 2958 2973 2752
f 2964 2974 2963
f 2974 2976 2975
f 2974 2964 2976
f 2964 2966 2976
f 2743 2753 2977
f 2743 2977 2966
f 2966 2977 2976
f 2753 2754 2978
f 2977 2753 2978
f 2754 2755 2978
f 2749 2970 2757
f 2970 2979 2757
f 2982 2981 2980
f 2980 2983 2982
f 2971 2985 2984
f 2971 2750 2985
f 2750 2758 2985
f 2972 2971 2984
f 2760 2986 2761
f 2760 2987 2986
f 2760 2752 2987
f 2752 2973 2987
f 2976 2988 2975
f 2977 2988 2976
f 2989 2988 2977
f 2978 2989 2977
f 2990 2989 2978
f 2755 2990 2978
f 2755 2762 2990
f 2762 2991 2990
f 2979 2762 2757
f 2991 2762 2979
f 2993 2981 2982
f 2992 2981 2993
f 2994 2982 2983
f 2993 2982 2994
f 2997 2996 2995
f 2999 2763 2764
f 2998 2997 2995
f 2763 2999 2766
f 3001 2758 2767
f 3001 3000 2758
f 3000 2985 2758
f 2767 2768 3001
f 2986 3002 3003
f 2986 3003 2761
f 2761 3003 2771
f 2987 3002 2986
f 2993 3004 2992
f 2994 3004 2993
f 2997 3005 2996
f 2764 2772 2999
f 2997 2998 3005
f 2766 2999 2772
f 3001 3006 3000
f 3006 3001 2768
f 3006 2768 3007
f 3007 2768 2773
f 2771 3003 2778
f 3003 3008 2778
f 3010 2773 2779
f 3010 3009 2773
f 3009 3007 2773
f 2779 2780 3010
f 2782 3011 2783
f 2782 2784 3012
f 3011 2782 3012
f 2784 2785 3012
f 2787 3013 3014
f 2788 2787 3014
f 3008 2787 2778
f 3013 2787 3008
f 3016 3009 3010
f 3015 3009 3016
f 2780 2789 3017
f 2780 3017 3010
f 3010 3017 3016
f 2789 2783 3011
f 2789 3011 3017
f 3017 3011 3018
f 3020 3012 3019
f 3020 3018 3012
f 3018 3011 3012
f 2785 3019 3012
f 2785 2790 3019
f 2790 3021 3019
f 2791 3022 2790
f 2790 3022 3021
f 3014 2791 2788
f 3022 2791 3014
f 3016 3023 3015
f 3017 3023 3016
f 3024 3023 3017
f 3018 3024 3017
f 3025 3024 3018
f 3020 3025 3018
f 3028 3027 3026
f 3028 3029 3030
f 3026 3029 3028
f 3029 3031 3030
f 3033 3027 3028
f 3032 3027 3033
f 2792 2793 3033
f 2792 3033 3030
f 3030 3033 3028
f 2795 3034 3035
f 2792 3034 2795
f 2792 3031 3034
f 2792 3030 3031
f 3034 3036 3035
f 2796 3032 3033
f 2796 2797 3032
f 2797 3037 3032
f 2793 2796 3033
f 2795 3035 2800
f 2802 3038 3039
f 2800 3038 2802
f 2800 3036 3038
f 2800 3035 3036
f 3038 3040 3039
f 2797 2803 3037
f 3037 2803 3041
f 2802 3039 2805
f 3039 3040 3042
f 3039 3042 2805
f 2805 3042 2807
f 3042 2809 2807
f 3043 2809 3042
f 3046 3045 3044
f 3046 3047 3048
f 3044 3047 3046
f 3048 3049 3050
f 3047 3049 3048
f 3050 3051 3052
f 3049 3051 3050
f 3052 3051 3041
f 3052 3041 2810
f 2810 3041 2803
f 2809 3043 3053
f 2811 2809 3053
f 3053 2812 2811
f 3054 2812 3053
f 2813 2814 3055
f 2813 3055 2816
f 2817 2818 3056
f 2817 3056 2820
f 3046 3057 3045
f 3048 3057 3046
f 3058 3057 3048
f 3050 3058 3048
f 3059 3058 3050
f 2822 2823 3060
f 2822 3060 3050
f 2822 3050 3052
f 3050 3060 3059
f 2810 2822 3052
f 2812 3054 3061
f 2825 2812 3061
f 3061 2826 2825
f 3062 2826 3061
f 2827 2828 3063
f 3065 2827 3063
f 3065 3064 2827
f 3064 2830 2827
f 2832 2830 3066
f 2830 3064 3066
f 3068 3066 3067
f 3068 2833 3066
f 2833 2832 3066
f 2835 3055 2814
f 2836 2833 3068
f 2816 3055 2835
f 2818 2837 3056
f 2820 3056 2837
f 3069 2838 3070
f 3069 3060 2838
f 3060 2823 2838
f 3069 3070 3071
f 2826 3062 2839
f 3062 3072 2839
f 2840 3074 3073
f 2841 3074 2840
f 2842 2840 3075
f 2840 3073 3075
f 3063 2828 2842
f 3063 2842 3076
f 3076 2842 3075
f 3065 3063 3076
f 2843 3068 3067
f 2843 3067 2844
f 2844 3067 3077
f 2836 3068 2843
f 2838 2845 3070
f 3070 2845 2847
f 3070 2847 3071
f 3071 2847 3078
f 2839 3072 3079
f 2848 2839 3079
f 3079 2849 2848
f 3080 2849 3079
f 2850 3082 3081
f 2851 3082 2850
f 2850 3081 3083
f 2850 3083 2854
f 3081 3074 3083
f 2853 3083 2841
f 3074 2841 3083
f 3085 3083 2853
f 3085 2853 3084
f 3084 2853 2855
f 3084 2855 2856
f 3086 3084 2856
f 2859 3087 3088
f 2860 2859 3088
f 3077 2859 2844
f 3087 2859 3077
f 2847 2862 3078
f 3078 2862 3089
f 2849 3080 2863
f 3080 3090 2863
f 2851 2864 3082
f 3082 2864 3091
f 2854 3083 2866
f 3083 2868 2866
f 3083 3085 2868
f 3085 3092 2868
f 2856 3093 3086
f 2869 3093 2856
f 2870 3094 2869
f 2869 3094 3093
f 3088 2870 2860
f 3094 2870 3088
f 2862 2872 3089
f 3089 2872 3095
f 2863 3090 2873
f 3090 3096 2873
f 2876 2877 3097
f 2876 3098 2878
f 3097 3098 2876
f 2878 3098 2880
f 3100 2864 2881
f 3100 3099 2864
f 3099 3091 2864
f 2881 2882 3101
f 3100 2881 3101
f 2882 3102 3101
f 2882 2868 3102
f 2868 3092 3102
f 2872 2883 3095
f 3095 2883 3103
f 3105 2884 2873
f 3105 2873 3104
f 3104 2873 3096
f 2884 3106 2885
f 3105 3106 2884
f 2885 3106 3108
f 2877 2885 3108
f 2877 3108 3107
f 2877 3107 3097
f 3098 3097 3107
f 3109 3098 3107
f 2880 3098 3109
f 2880 3109 2886
f 2886 3109 3110
f 2888 2886 3111
f 2886 3110 3111
f 3111 2890 2888
f 3112 2890 3111
f 3114 3099 3100
f 3113 3099 3114
f 3116 3101 3115
f 3116 3114 3101
f 3114 3100 3101
f 3102 3115 3101
f 2883 3117 3103
f 2891 3117 2883
f 3117 2891 2893
f 3118 3117 2893
f 3105 3104 3119
f 3106 3105 3119
f 3120 3106 3119
f 3120 3122 3123
f 3120 3123 3106
f 3121 3108 3123
f 3108 3106 3123
f 3123 3125 3124
f 3121 3123 3124
f 3124 3125 3126
f 2890 3112 2895
f 3112 3127 2895
f 2896 2897 3128
f 3130 2896 3128
f 3130 3129 2896
f 3129 2899 2896
f 2901 2899 3131
f 2899 3129 3131
f 2903 3132 3133
f 2903 2901 3132
f 2901 3131 3132
f 3132 3134 3133
f 3114 3135 3113
f 3116 3135 3114
f 3136 2905 3137
f 3136 3118 2905
f 3118 2893 2905
f 3137 3139 3138
f 3136 3137 3138
f 3139 3141 3140
f 3138 3139 3140
f 3141 3143 3142
f 3140 3141 3142
f 3143 3145 3144
f 3142 3143 3144
f 3145 3147 3146
f 3144 3145 3146
f 3146 3147 3148
f 3150 3123 3122
f 3149 3150 3122
f 2906 3150 2907
f 2906 3125 3150
f 3125 3123 3150
f 3125 3151 3126
f 3125 2906 3151
f 2906 2908 3151
f 3151 2908 2909
f 3152 3151 2909
f 2895 3127 2910
f 3127 3153 2910
f 3128 2911 3154
f 2897 2911 3128
f 3155 3130 3128
f 3154 3155 3128
f 3133 3156 2915
f 2903 3133 2915
f 3157 3133 3134
f 3156 3133 3157
f 3137 2917 3158
f 2905 2917 3137
f 3139 3137 3159
f 3159 3137 3158
f 3141 3139 3160
f 3160 3139 3159
f 3143 3141 3161
f 3161 3141 3160
f 3145 3143 3162
f 3162 3143 3161
f 3164 3163 3147
f 3164 3147 3162
f 3162 3147 3145
f 3148 3147 3163
f 3166 3150 3149
f 3165 3166 3149
f 2907 3166 2918
f 3150 3166 2907
f 2919 2920 3167
f 2919 3167 3168
f 2919 3168 2909
f 2909 3168 3152
f 2910 3153 2922
f 3153 3169 2922
f 2911 2923 3154
f 3154 3170 3155
f 3154 2923 3170
f 2923 2924 3170
f 2925 3171 2924
f 2924 3171 3170
f 3156 2925 2915
f 3156 3172 2925
f 3172 3171 2925
f 3157 3172 3156
f 3175 3174 3173
f 3173 3176 3175
f 3158 3178 3177
f 3158 2917 3178
f 2917 2927 3178
f 3159 3158 3177
f 3179 3159 3177
f 3160 3159 3179
f 3180 3160 3179
f 3161 3160 3180
f 3181 3161 3180
f 3162 3161 3181
f 3182 3162 3181
f 3164 3162 3182
f 3184 3166 3165
f 3183 3184 3165
f 2918 3185 2928
f 2918 3166 3185
f 3166 3184 3185
f 2928 3185 3187
f 2920 2928 3187
f 2920 3187 3186
f 2920 3186 3167
f 3168 3167 3186
f 2922 3169 2930
f 3169 3188 2930
f 3190 3174 3175
f 3189 3174 3190
f 3191 3175 3176
f 3191 3192 3175
f 3192 3190 3175
f 3191 3193 3192
f 2931 3195 3194
f 2932 3195 2931
f 3178 2927 2931
f 3194 3178 2931
f 3198 3196 3197
f 3198 3200 3199
f 3196 3198 3199
f 3202 3201 3184
f 3202 3184 3200
f 3183 3199 3184
f 3199 3200 3184
f 3185 3184 3201
f 3203 3185 3201
f 3187 3185 3203
f 2930 3188 2935
f 3188 3204 2935
f 2937 3189 3190
f 2937 2938 3189
f 2938 3205 3189
f 2940 2937 3190
f 2940 3190 3206
f 3206 3190 3192
f 3207 3192 3193
f 3206 3192 3207
f 2932 2942 3195
f 3195 2942 3208
f 2943 3198 3197
f 2943 3197 2944
f 2944 3197 3209
f 2946 3198 2943
f 3200 3198 2946
f 3200 2946 2948
f 3200 2948 3202
f 3202 2948 3210
f 2950 3211 3212
f 2951 2950 3212
f 2952 3213 2950
f 2950 3213 3211
f 3204 2952 2935
f 3213 2952 3204
f 2938 2953 3205
f 3205 2953 3214
f 3206 3215 2955
f 2940 3206 2955
f 3216 3206 3207
f 3215 3206 3216
f 3219 3218 3217
f 3219 3220 3221
f 3217 3220 3219
f 3220 3222 3221
f 2942 2957 3208
f 3208 2957 3223
f 2944 3209 2958
f 3209 3224 2958
f 2948 3225 3210
f 2959 3225 2948
f 2960 3226 2959
f 2959 3226 3225
f 3212 2960 2951
f 3226 2960 3212
f 2953 3227 3214
f 2961 3227 2953
f 2963 3228 3215
f 2963 3215 2962
f 3228 3227 3215
f 2955 3215 2961
f 3227 2961 3215
f 3215 3216 3229
f 3215 3229 2962
f 2962 3229 2965
f 3218 3219 2967
f 3218 2967 3229
f 3229 2967 2965
f 2968 2967 3219
f 3221 2968 3219
f 3221 3222 3230
f 3221 3230 2968
f 2968 3230 2969
f 3230 2970 2969
f 3231 2970 3230
f 2957 2972 3223
f 3223 2972 3232
f 2958 3224 2973
f 3224 3233 2973
f 2963 3234 3228
f 2974 3234 2963
f 3234 2974 2975
f 3235 3234 2975
f 2970 3231 2979
f 3231 3236 2979
f 2980 2981 3237
f 2980 3237 2983
f 2984 2985 3238
f 2984 3238 3239
f 2984 3239 2972
f 2972 3239 3232
f 2973 3233 2987
f 3233 3240 2987
f 2975 3241 3235
f 2988 3241 2975
f 2989 3242 2988
f 2988 3242 3241
f 2990 3243 2989
f 2989 3243 3242
f 2991 3244 2990
f 2990 3244 3243
f 3236 2991 2979
f 3244 2991 3236
f 3237 2992 3245
f 2981 2992 3237
f 2983 3245 2994
f 3237 3245 2983
f 2995 3247 3246
f 2996 3247 2995
f 3246 2998 2995
f 3248 2998 3246
f 3238 3250 3249
f 3238 2985 3250
f 2985 3000 3250
f 3239 3238 3249
f 3002 3251 3252
f 3003 3002 3252
f 3240 3002 2987
f 3251 3002 3240
f 2992 3004 3245
f 2994 3245 3004
f 2996 3253 3247
f 3005 3253 2996
f 3248 3005 2998
f 3253 3005 3248
f 3256 3255 3254
f 3256 3257 3258
f 3254 3257 3256
f 3258 3259 3260
f 3257 3259 3258
f 3006 3261 3260
f 3006 3260 3250
f 3006 3250 3000
f 3259 3250 3260
f 3006 3007 3261
f 3003 3252 3008
f 3252 3262 3008
f 3264 3255 3256
f 3263 3255 3264
f 3266 3258 3265
f 3266 3264 3258
f 3264 3256 3258
f 3260 3265 3258
f 3267 3265 3260
f 3261 3267 3260
f 3268 3267 3261
f 3268 3261 3007
f 3268 3007 3269
f 3269 3007 3009
f 3013 3270 3271
f 3014 3013 3271
f 3262 3013 3008
f 3270 3013 3262
f 3264 3272 3263
f 3266 3272 3264
f 3009 3015 3269
f 3269 3015 3273
f 3019 3274 3020
f 3276 3274 3019
f 3276 3019 3275
f 3275 3019 3021
f 3022 3277 3021
f 3021 3277 3275
f 3271 3022 3014
f 3277 3022 3271
f 3279 3015 3023
f 3279 3278 3015
f 3278 3273 3015
f 3023 3024 3280
f 3279 3023 3280
f 3024 3025 3281
f 3280 3024 3281
f 3025 3283 3281
f 3020 3283 3025
f 3020 3282 3283
f 3020 3274 3282
f 3276 3282 3274
f 3279 3284 3278
f 3284 3286 3285
f 3284 3279 3286
f 3279 3280 3286
f 3288 3281 3287
f 3288 3286 3281
f 3286 3280 3281
f 3283 3287 3281
f 3286 3289 3285
f 3288 3289 3286
f 3292 3291 3290
f 3292 3293 3294
f 3290 3293 3292
f 3293 3295 3294
f 3026 3291 3292
f 3026 3027 3291
f 3027 3296 3291
f 3029 3026 3292
f 3294 3029 3292
f 3031 3297 3298
f 3029 3297 3031
f 3029 3295 3297
f 3029 3294 3295
f 3297 3299 3298
f 3027 3032 3296
f 3296 3032 3300
f 3031 3298 3034
f 3036 3301 3302
f 3034 3301 3036
f 3034 3299 3301
f 3034 3298 3299
f 3301 3303 3302
f 3306 3305 3304
f 3304 3307 3306
f 3032 3037 3300
f 3300 3037 3308
f 3036 3302 3038
f 3040 3309 3310
f 3038 3309 3040
f 3038 3303 3309
f 3038 3302 3303
f 3309 3311 3310
f 3306 3312 3305
f 3307 3312 3306
f 3037 3041 3308
f 3308 3041 3313
f 3040 3310 3042
f 3043 3314 3315
f 3042 3314 3043
f 3042 3311 3314
f 3042 3310 3311
f 3314 3316 3315
f 3044 3045 3317
f 3044 3318 3047
f 3317 3318 3044
f 3047 3319 3049
f 3318 3319 3047
f 3049 3320 3051
f 3319 3320 3049
f 3051 3320 3321
f 3051 3321 3041
f 3041 3321 3313
f 3043 3315 3053
f 3315 3054 3053
f 3315 3316 3054
f 3316 3322 3054
f 3325 3324 3323
f 3045 3057 3317
f 3325 3323 3326
f 3058 3317 3057
f 3318 3317 3058
f 3059 3318 3058
f 3319 3318 3059
f 3060 3319 3059
f 3060 3327 3319
f 3327 3320 3319
f 3328 3321 3320
f 3328 3320 3329
f 3329 3320 3327
f 3328 3329 3330
f 3054 3322 3331
f 3061 3054 3331
f 3331 3062 3061
f 3332 3062 3331
f 3064 3065 3333
f 3064 3334 3066
f 3333 3334 3064
f 3066 3334 3067
f 3325 3335 3324
f 3326 3335 3325
f 3060 3069 3327
f 3336 3329 3327
f 3336 3327 3071
f 3336 3071 3337
f 3069 3071 3327
f 3336 3339 3340
f 3336 3340 3329
f 3338 3330 3340
f 3330 3329 3340
f 3338 3340 3341
f 3062 3332 3072
f 3332 3342 3072
f 3073 3344 3343
f 3074 3344 3073
f 3075 3073 3345
f 3073 3343 3345
f 3076 3075 3346
f 3075 3345 3346
f 3333 3065 3076
f 3333 3076 3347
f 3347 3076 3346
f 3347 3348 3349
f 3347 3349 3333
f 3333 3349 3334
f 3067 3349 3077
f 3334 3349 3067
f 3071 3078 3337
f 3337 3078 3350
f 3352 3340 3339
f 3351 3352 3339
f 3353 3341 3340
f 3353 3340 3354
f 3354 3340 3352
f 3353 3354 3355
f 3072 3342 3356
f 3079 3072 3356
f 3356 3080 3079
f 3357 3080 3356
f 3081 3359 3358
f 3082 3359 3081
f 3344 3074 3081
f 3358 3344 3081
f 3084 3360 3085
f 3084 3086 3360
f 3087 3349 3348
f 3087 3348 3088
f 3088 3348 3361
f 3077 3349 3087
f 3078 3089 3350
f 3350 3089 3362
f 3352 3351 3363
f 3363 3364 3365
f 3363 3365 3352
f 3352 3365 3354
f 3366 3355 3354
f 3366 3354 3367
f 3367 3354 3365
f 3366 3367 3368
f 3080 3357 3090
f 3357 3369 3090
f 3082 3091 3359
f 3359 3091 3370
f 3360 3371 3372
f 3360 3372 3085
f 3085 3372 3092
f 3086 3371 3360
f 3086 3093 3371
f 3093 3373 3371
f 3094 3374 3093
f 3093 3374 3373
f 3361 3094 3088
f 3374 3094 3361
f 3089 3095 3362
f 3362 3095 3375
f 3377 3365 3364
f 3376 3377 3364
f 3367 3365 3378
f 3378 3365 3377
f 3379 3368 3367
f 3379 3367 3380
f 3380 3367 3378
f 3379 3380 3381
f 3384 3382 3383
f 3384 3369 3382
f 3384 3096 3369
f 3096 3090 3369
f 3091 3099 3370
f 3370 3099 3385
f 3092 3372 3102
f 3372 3386 3102
f 3095 3103 3375
f 3375 3103 3387
f 3377 3376 3388
f 3388 3389 3390
f 3388 3390 3377
f 3377 3390 3378
f 3380 3378 3391
f 3391 3378 3390
f 3392 3381 3380
f 3392 3380 3393
f 3393 3380 3391
f 3392 3393 3394
f 3396 3384 3383
f 3395 3396 3383
f 3096 3396 3104
f 3384 3396 3096
f 3107 3108 3397
f 3107 3398 3109
f 3397 3398 3107
f 3109 3399 3110
f 3398 3399 3109
f 3110 3400 3111
f 3399 3400 3110
f 3111 3400 3112
f 3099 3113 3385
f 3385 3113 3401
f 3115 3402 3116
f 3115 3403 3402
f 3115 3102 3403
f 3102 3386 3403
f 3103 3404 3387
f 3117 3404 3103
f 3118 3406 3405
f 3118 3405 3117
f 3117 3405 3404
f 3406 3408 3407
f 3405 3406 3407
f 3389 3407 3408
f 3389 3408 3390
f 3390 3408 3409
f 3391 3390 3410
f 3410 3390 3409
f 3393 3391 3411
f 3411 3391 3410
f 3412 3394 3393
f 3412 3393 3413
f 3413 3393 3411
f 3395 3412 3413
f 3395 3413 3396
f 3396 3413 3414
f 3104 3415 3119
f 3104 3396 3415
f 3396 3414 3415
f 3119 3416 3120
f 3415 3416 3119
f 3121 3397 3108
f 3122 3120 3416
f 3124 3397 3121
f 3398 3397 3124
f 3126 3398 3124
f 3126 3417 3398
f 3417 3399 3398
f 3419 3418 3400
f 3419 3400 3417
f 3417 3400 3399
f 3418 3112 3400
f 3418 3420 3112
f 3420 3127 3112
f 3129 3130 3421
f 3423 3129 3421
f 3423 3422 3129
f 3422 3131 3129
f 3132 3131 3424
f 3131 3422 3424
f 3134 3425 3426
f 3134 3132 3425
f 3132 3424 3425
f 3425 3427 3426
f 3429 3113 3135
f 3429 3428 3113
f 3428 3401 3113
f 3135 3431 3429
f 3116 3431 3135
f 3116 3430 3431
f 3116 3402 3430
f 3403 3430 3402
f 3118 3136 3406
f 3138 3406 3136
f 3408 3406 3138
f 3140 3408 3138
f 3409 3408 3140
f 3142 3409 3140
f 3410 3409 3142
f 3144 3410 3142
f 3411 3410 3144
f 3146 3411 3144
f 3413 3411 3146
f 3148 3413 3146
f 3148 3432 3413
f 3432 3414 3413
f 3415 3414 3433
f 3433 3414 3432
f 3416 3415 3434
f 3434 3415 3433
f 3122 3434 3149
f 3416 3434 3122
f 3126 3151 3417
f 3417 3151 3152
f 3417 3152 3419
f 3419 3152 3435
f 3127 3420 3153
f 3420 3436 3153
f 3421 3155 3437
f 3130 3155 3421
f 3438 3423 3421
f 3437 3438 3421
f 3426 3439 3157
f 3134 3426 3157
f 3440 3426 3427
f 3439 3426 3440
f 3442 3428 3429
f 3441 3428 3442
f 3443 3429 3431
f 3442 3429 3443
f 3163 3164 3444
f 3163 3432 3148
f 3163 3444 3432
f 3444 3445 3432
f 3447 3446 3433
f 3447 3433 3445
f 3445 3433 3432
f 3446 3448 3449
f 3446 3449 3433
f 3433 3449 3434
f 3149 3449 3165
f 3434 3449 3149
f 3152 3168 3435
f 3435 3168 3450
f 3153 3436 3169
f 3436 3451 3169
f 3155 3170 3437
f 3437 3452 3438
f 3437 3170 3452
f 3170 3171 3452
f 3172 3453 3171
f 3171 3453 3452
f 3439 3172 3157
f 3439 3454 3172
f 3454 3453 3172
f 3440 3454 3439
f 3173 3441 3442
f 3173 3174 3441
f 3174 3455 3441
f 3176 3456 3457
f 3173 3456 3176
f 3173 3443 3456
f 3173 3442 3443
f 3456 3458 3457
f 3177 3178 3459
f 3177 3460 3179
f 3459 3460 3177
f 3179 3461 3180
f 3460 3461 3179
f 3180 3462 3181
f 3461 3462 3180
f 3181 3463 3182
f 3462 3463 3181
f 3182 3444 3164
f 3182 3463 3444
f 3463 3464 3444
f 3445 3444 3465
f 3465 3444 3464
f 3466 3447 3445
f 3466 3445 3467
f 3467 3445 3465
f 3448 3466 3467
f 3448 3467 3449
f 3449 3467 3468
f 3165 3468 3183
f 3449 3468 3165
f 3186 3470 3469
f 3187 3470 3186
f 3450 3168 3186
f 3469 3450 3186
f 3169 3451 3188
f 3451 3471 3188
f 3174 3189 3455
f 3455 3189 3472
f 3176 3457 3191
f 3457 3193 3191
f 3457 3458 3193
f 3458 3473 3193
f 3194 3475 3474
f 3195 3475 3194
f 3459 3178 3194
f 3459 3194 3476
f 3476 3194 3474
f 3460 3459 3476
f 3477 3460 3476
f 3477 3478 3479
f 3477 3479 3460
f 3460 3479 3461
f 3462 3461 3480
f 3480 3461 3479
f 3482 3481 3463
f 3482 3463 3480
f 3480 3463 3462
f 3464 3463 3481
f 3483 3464 3481
f 3483 3484 3485
f 3483 3485 3464
f 3464 3485 3465
f 3196 3485 3197
f 3196 3467 3485
f 3467 3465 3485
f 3199 3467 3196
f 3468 3467 3199
f 3183 3468 3199
f 3201 3202 3486
f 3201 3487 3203
f 3486 3487 3201
f 3203 3487 3488
f 3203 3488 3187
f 3187 3488 3470
f 3491 3489 3490
f 3491 3471 3489
f 3491 3204 3471
f 3204 3188 3471
f 3189 3205 3472
f 3472 3205 3492
f 3193 3473 3207
f 3473 3493 3207
f 3195 3208 3475
f 3475 3208 3494
f 3496 3479 3478
f 3495 3496 3478
f 3480 3479 3497
f 3497 3479 3496
f 3498 3482 3480
f 3497 3498 3480
f 3485 3484 3499
f 3499 3197 3485
f 3499 3500 3197
f 3500 3209 3197
f 3486 3210 3501
f 3202 3210 3486
f 3487 3486 3502
f 3502 3486 3501
f 3212 3211 3503
f 3212 3503 3487
f 3212 3487 3502
f 3488 3487 3503
f 3490 3213 3491
f 3490 3503 3213
f 3503 3211 3213
f 3204 3491 3213
f 3205 3214 3492
f 3492 3214 3504
f 3505 3506 3216
f 3505 3216 3493
f 3493 3216 3207
f 3506 3217 3218
f 3506 3505 3217
f 3505 3507 3217
f 3220 3217 3508
f 3217 3507 3508
f 3508 3222 3220
f 3509 3222 3508
f 3208 3223 3494
f 3494 3223 3510
f 3513 3511 3512
f 3495 3511 3513
f 3495 3513 3496
f 3496 3513 3514
f 3516 3515 3497
f 3516 3497 3514
f 3514 3497 3496
f 3498 3497 3515
f 3209 3500 3224
f 3500 3517 3224
f 3210 3225 3501
f 3226 3501 3225
f 3502 3501 3226
f 3212 3502 3226
f 3214 3518 3504
f 3227 3518 3214
f 3518 3227 3228
f 3519 3518 3228
f 3216 3506 3229
f 3218 3229 3506
f 3222 3509 3520
f 3230 3222 3520
f 3520 3231 3230
f 3521 3231 3520
f 3223 3232 3510
f 3510 3232 3522
f 3525 3523 3524
f 3512 3523 3525
f 3512 3525 3513
f 3513 3525 3526
f 3528 3527 3514
f 3528 3514 3526
f 3526 3514 3513
f 3516 3514 3527
f 3224 3517 3233
f 3517 3529 3233
f 3228 3530 3519
f 3234 3530 3228
f 3530 3234 3235
f 3531 3530 3235
f 3534 3532 3533
f 3534 3536 3535
f 3532 3534 3535
f 3536 3538 3537
f 3535 3536 3537
f 3538 3521 3537
f 3538 3236 3521
f 3236 3231 3521
f 3539 3239 3540
f 3539 3522 3239
f 3522 3232 3239
f 3524 3539 3540
f 3524 3540 3525
f 3525 3540 3541
f 3543 3542 3526
f 3543 3526 3541
f 3541 3526 3525
f 3528 3526 3542
f 3233 3529 3240
f 3529 3544 3240
f 3235 3545 3531
f 3241 3545 3235
f 3533 3242 3534
f 3533 3545 3242
f 3545 3241 3242
f 3243 3534 3242
f 3536 3534 3243
f 3244 3536 3243
f 3538 3536 3244
f 3236 3538 3244
f 3246 3247 3546
f 3248 3246 3546
f 3549 3548 3547
f 3547 3550 3549
f 3249 3250 3551
f 3249 3540 3239
f 3249 3551 3540
f 3551 3552 3540
f 3554 3553 3541
f 3554 3541 3552
f 3552 3541 3540
f 3543 3541 3553
f 3251 3555 3556
f 3252 3251 3556
f 3544 3251 3240
f 3555 3251 3544
f 3247 3253 3546
f 3549 3557 3548
f 3248 3546 3253
f 3254 3255 3558
f 3549 3550 3557
f 3254 3559 3257
f 3558 3559 3254
f 3257 3560 3259
f 3559 3560 3257
f 3259 3551 3250
f 3259 3560 3551
f 3560 3561 3551
f 3563 3562 3552
f 3563 3552 3561
f 3561 3552 3551
f 3554 3552 3562
f 3252 3556 3262
f 3556 3564 3262
f 3558 3566 3565
f 3558 3255 3566
f 3255 3263 3566
f 3265 3567 3266
f 3265 3558 3567
f 3265 3559 3558
f 3558 3565 3567
f 3267 3559 3265
f 3560 3559 3267
f 3268 3560 3267
f 3561 3560 3268
f 3561 3268 3269
f 3561 3269 3563
f 3563 3269 3568
f 3270 3569 3570
f 3271 3270 3570
f 3564 3270 3262
f 3569 3270 3564
f 3572 3263 3272
f 3572 3571 3263
f 3571 3566 3263
f 3272 3573 3572
f 3272 3266 3573
f 3266 3567 3573
f 3269 3273 3568
f 3568 3273 3574
f 3275 3575 3276
f 3577 3575 3275
f 3577 3275 3576
f 3576 3275 3277
f 3570 3277 3271
f 3576 3277 3570
f 3572 3578 3571
f 3573 3578 3572
f 3273 3278 3574
f 3574 3278 3579
f 3282 3580 3581
f 3283 3282 3581
f 3575 3282 3276
f 3575 3582 3282
f 3582 3580 3282
f 3577 3582 3575
f 3584 3278 3284
f 3584 3583 3278
f 3583 3579 3278
f 3284 3285 3584
f 3287 3585 3586
f 3288 3287 3586
f 3581 3287 3283
f 3585 3287 3581
f 3588 3583 3584
f 3587 3583 3588
f 3285 3588 3584
f 3285 3589 3588
f 3285 3289 3589
f 3589 3590 3588
f 3586 3289 3288
f 3589 3289 3586
f 3588 3591 3587
f 3590 3591 3588
f 3594 3593 3592
f 3592 3595 3594
f 3290 3593 3594
f 3290 3291 3593
f 3291 3596 3593
f 3594 3595 3597
f 3594 3597 3290
f 3290 3597 3293
f 3597 3295 3293
f 3598 3295 3597
f 3601 3600 3599
f 3599 3602 3601
f 3291 3296 3596
f 3596 3296 3603
f 3295 3598 3604
f 3297 3295 3604
f 3604 3299 3297
f 3605 3299 3604
f 3601 3606 3600
f 3602 3606 3601
f 3296 3300 3603
f 3603 3300 3607
f 3299 3605 3608
f 3301 3299 3608
f 3608 3303 3301
f 3609 3303 3608
f 3304 3305 3610
f 3304 3610 3307
f 3613 3612 3611
f 3613 3611 3607
f 3613 3607 3308
f 3308 3607 3300
f 3303 3609 3614
f 3309 3303 3614
f 3614 3311 3309
f 3615 3311 3614
f 3305 3312 3610
f 3307 3610 3312
f 3617 3612 3613
f 3616 3612 3617
f 3308 3313 3617
f 3613 3308 3617
f 3311 3615 3618
f 3314 3311 3618
f 3618 3316 3314
f 3619 3316 3618
f 3621 3616 3617
f 3620 3616 3621
f 3313 3321 3621
f 3617 3313 3621
f 3316 3619 3322
f 3619 3622 3322
f 3323 3624 3623
f 3324 3624 3323
f 3623 3326 3323
f 3625 3326 3623
f 3627 3620 3621
f 3626 3620 3627
f 3321 3328 3628
f 3321 3628 3621
f 3621 3628 3627
f 3328 3330 3628
f 3322 3622 3629
f 3331 3322 3629
f 3629 3332 3331
f 3630 3332 3629
f 3632 3324 3335
f 3632 3631 3324
f 3631 3624 3324
f 3335 3633 3632
f 3335 3326 3633
f 3326 3625 3633
f 3635 3626 3627
f 3634 3626 3635
f 3336 3337 3635
f 3336 3635 3628
f 3628 3635 3627
f 3338 3636 3628
f 3338 3628 3330
f 3636 3637 3628
f 3336 3628 3339
f 3637 3339 3628
f 3636 3338 3341
f 3638 3636 3341
f 3332 3630 3342
f 3630 3639 3342
f 3343 3344 3640
f 3642 3343 3640
f 3642 3641 3343
f 3641 3345 3343
f 3346 3345 3643
f 3345 3641 3643
f 3347 3346 3644
f 3346 3643 3644
f 3644 3348 3347
f 3645 3348 3644
f 3632 3646 3631
f 3633 3646 3632
f 3648 3634 3635
f 3647 3634 3648
f 3337 3350 3648
f 3635 3337 3648
f 3649 3650 3351
f 3649 3351 3637
f 3637 3351 3339
f 3651 3341 3353
f 3651 3638 3341
f 3649 3652 3650
f 3651 3353 3355
f 3653 3651 3355
f 3655 3356 3342
f 3655 3342 3654
f 3654 3342 3639
f 3356 3655 3357
f 3358 3657 3656
f 3359 3657 3358
f 3640 3344 3358
f 3640 3358 3658
f 3658 3358 3656
f 3642 3640 3658
f 3348 3645 3361
f 3645 3659 3361
f 3661 3647 3648
f 3660 3647 3661
f 3350 3362 3661
f 3648 3350 3661
f 3351 3650 3363
f 3650 3364 3363
f 3650 3652 3364
f 3652 3662 3364
f 3355 3663 3653
f 3366 3663 3355
f 3663 3366 3368
f 3664 3663 3368
f 3666 3655 3654
f 3665 3666 3654
f 3357 3666 3369
f 3655 3666 3357
f 3359 3370 3657
f 3657 3370 3667
f 3371 3668 3372
f 3371 3373 3669
f 3668 3371 3669
f 3373 3374 3670
f 3669 3373 3670
f 3374 3671 3670
f 3374 3361 3671
f 3361 3659 3671
f 3661 3672 3660
f 3672 3661 3362
f 3672 3362 3673
f 3673 3362 3375
f 3364 3662 3376
f 3662 3674 3376
f 3368 3675 3664
f 3379 3675 3368
f 3675 3379 3381
f 3676 3675 3381
f 3382 3666 3665
f 3382 3665 3383
f 3383 3665 3677
f 3369 3666 3382
f 3370 3385 3667
f 3667 3385 3678
f 3668 3679 3680
f 3668 3680 3372
f 3372 3680 3386
f 3669 3679 3668
f 3681 3679 3669
f 3670 3681 3669
f 3682 3681 3670
f 3671 3682 3670
f 3375 3387 3673
f 3673 3387 3683
f 3376 3674 3684
f 3388 3376 3684
f 3684 3389 3388
f 3685 3389 3684
f 3381 3686 3676
f 3392 3686 3381
f 3394 3688 3687
f 3394 3687 3392
f 3392 3687 3686
f 3688 3677 3687
f 3688 3395 3677
f 3395 3383 3677
f 3385 3401 3678
f 3678 3401 3689
f 3386 3680 3403
f 3680 3690 3403
f 3387 3691 3683
f 3404 3691 3387
f 3405 3692 3404
f 3404 3692 3691
f 3694 3693 3692
f 3694 3692 3407
f 3407 3692 3405
f 3695 3389 3685
f 3695 3694 3389
f 3695 3696 3694
f 3694 3407 3389
f 3696 3697 3698
f 3695 3697 3696
f 3697 3699 3698
f 3394 3412 3688
f 3395 3688 3412
f 3418 3419 3700
f 3418 3700 3420
f 3422 3423 3701
f 3422 3702 3424
f 3701 3702 3422
f 3424 3703 3425
f 3702 3703 3424
f 3427 3425 3703
f 3706 3705 3704
f 3706 3704 3689
f 3706 3689 3428
f 3428 3689 3401
f 3430 3707 3431
f 3430 3708 3707
f 3430 3403 3708
f 3403 3690 3708
f 3694 3709 3693
f 3696 3709 3694
f 3710 3709 3696
f 3710 3712 3711
f 3710 3696 3712
f 3696 3698 3712
f 3713 3698 3699
f 3713 3714 3698
f 3714 3712 3698
f 3713 3715 3714
f 3718 3717 3716
f 3700 3716 3719
f 3700 3435 3716
f 3700 3419 3435
f 3435 3718 3716
f 3719 3420 3700
f 3719 3720 3420
f 3720 3436 3420
f 3701 3438 3721
f 3423 3438 3701
f 3702 3701 3722
f 3722 3701 3721
f 3703 3702 3723
f 3723 3702 3722
f 3427 3703 3440
f 3440 3703 3723
f 3705 3706 3725
f 3705 3725 3724
f 3428 3441 3725
f 3706 3428 3725
f 3707 3726 3443
f 3431 3707 3443
f 3727 3707 3708
f 3726 3707 3727
f 3729 3711 3712
f 3728 3711 3729
f 3714 3730 3712
f 3730 3729 3712
f 3731 3714 3715
f 3730 3714 3731
f 3446 3447 3732
f 3446 3732 3448
f 3734 3717 3718
f 3733 3717 3734
f 3435 3450 3734
f 3718 3435 3734
f 3436 3720 3451
f 3720 3735 3451
f 3438 3452 3721
f 3453 3721 3452
f 3722 3721 3453
f 3454 3722 3453
f 3723 3722 3454
f 3725 3736 3724
f 3440 3723 3454
f 3736 3725 3441
f 3736 3441 3737
f 3737 3441 3455
f 3443 3726 3456
f 3726 3458 3456
f 3726 3727 3458
f 3727 3738 3458
f 3741 3740 3739
f 3741 3742 3743
f 3739 3742 3741
f 3743 3744 3745
f 3742 3744 3743
f 3728 3745 3744
f 3728 3729 3745
f 3729 3746 3745
f 3748 3730 3747
f 3748 3746 3730
f 3746 3729 3730
f 3731 3747 3730
f 3447 3466 3732
f 3448 3732 3466
f 3469 3470 3750
f 3734 3749 3733
f 3750 3752 3450
f 3750 3450 3469
f 3752 3751 3450
f 3734 3450 3749
f 3751 3749 3450
f 3752 3735 3751
f 3752 3471 3735
f 3471 3451 3735
f 3455 3472 3737
f 3737 3472 3753
f 3458 3738 3473
f 3738 3754 3473
f 3474 3756 3755
f 3475 3756 3474
f 3740 3741 3476
f 3740 3476 3755
f 3755 3476 3474
f 3477 3476 3741
f 3743 3477 3741
f 3757 3743 3745
f 3757 3478 3743
f 3757 3758 3478
f 3477 3743 3478
f 3746 3757 3745
f 3759 3757 3746
f 3481 3482 3760
f 3746 3748 3759
f 3481 3761 3483
f 3760 3761 3481
f 3483 3761 3484
f 3750 3488 3762
f 3470 3488 3750
f 3489 3762 3490
f 3489 3752 3762
f 3752 3750 3762
f 3471 3752 3489
f 3472 3492 3753
f 3753 3492 3763
f 3764 3765 3493
f 3764 3493 3754
f 3754 3493 3473
f 3765 3766 3767
f 3764 3766 3765
f 3767 3768 3769
f 3766 3768 3767
f 3768 3770 3769
f 3475 3494 3756
f 3756 3494 3771
f 3478 3758 3495
f 3758 3772 3495
f 3760 3774 3773
f 3760 3482 3774
f 3482 3498 3774
f 3761 3760 3773
f 3775 3761 3773
f 3777 3775 3776
f 3499 3775 3777
f 3499 3761 3775
f 3499 3484 3761
f 3499 3777 3500
f 3488 3503 3762
f 3490 3762 3503
f 3492 3504 3763
f 3763 3504 3778
f 3493 3765 3505
f 3507 3505 3765
f 3767 3507 3765
f 3508 3507 3767
f 3769 3508 3767
f 3769 3509 3508
f 3769 3770 3509
f 3770 3779 3509
f 3782 3781 3780
f 3782 3780 3771
f 3782 3771 3510
f 3510 3771 3494
f 3511 3783 3512
f 3511 3784 3783
f 3511 3495 3784
f 3495 3772 3784
f 3515 3786 3785
f 3516 3786 3515
f 3774 3498 3515
f 3785 3774 3515
f 3777 3776 3787
f 3787 3500 3777
f 3787 3788 3500
f 3788 3517 3500
f 3504 3789 3778
f 3518 3789 3504
f 3789 3518 3519
f 3790 3789 3519
f 3792 3520 3509
f 3792 3509 3791
f 3791 3509 3779
f 3520 3792 3521
f 3794 3781 3782
f 3793 3781 3794
f 3510 3522 3794
f 3782 3510 3794
f 3523 3795 3524
f 3523 3512 3783
f 3523 3783 3795
f 3795 3783 3796
f 3528 3797 3527
f 3528 3783 3797
f 3528 3796 3783
f 3784 3797 3783
f 3786 3516 3527
f 3797 3786 3527
f 3517 3788 3529
f 3788 3798 3529
f 3519 3799 3790
f 3530 3799 3519
f 3531 3801 3800
f 3531 3800 3530
f 3530 3800 3799
f 3801 3533 3532
f 3801 3532 3800
f 3800 3532 3802
f 3535 3803 3532
f 3532 3803 3802
f 3791 3537 3792
f 3791 3803 3537
f 3803 3535 3537
f 3521 3792 3537
f 3806 3805 3804
f 3804 3807 3806
f 3809 3793 3794
f 3808 3793 3809
f 3522 3539 3810
f 3522 3810 3794
f 3794 3810 3809
f 3539 3812 3810
f 3524 3812 3539
f 3524 3811 3812
f 3524 3795 3811
f 3542 3543 3813
f 3542 3813 3795
f 3542 3795 3796
f 3795 3813 3811
f 3528 3542 3796
f 3529 3798 3544
f 3798 3814 3544
f 3531 3545 3801
f 3533 3801 3545
f 3547 3805 3806
f 3547 3548 3805
f 3548 3815 3805
f 3806 3550 3547
f 3806 3807 3550
f 3807 3816 3550
f 3818 3808 3809
f 3817 3808 3818
f 3810 3819 3809
f 3819 3818 3809
f 3554 3820 3553
f 3554 3810 3820
f 3554 3819 3810
f 3812 3820 3810
f 3813 3543 3553
f 3820 3813 3553
f 3555 3821 3822
f 3556 3555 3822
f 3814 3555 3544
f 3821 3555 3814
f 3548 3823 3815
f 3557 3823 3548
f 3816 3557 3550
f 3823 3557 3816
f 3825 3817 3818
f 3824 3817 3825
f 3562 3563 3825
f 3562 3825 3819
f 3819 3825 3818
f 3554 3562 3819
f 3556 3822 3564
f 3822 3826 3564
f 3565 3566 3827
f 3565 3827 3567
f 3829 3824 3825
f 3828 3824 3829
f 3563 3568 3829
f 3825 3563 3829
f 3569 3830 3831
f 3570 3569 3831
f 3826 3569 3564
f 3830 3569 3826
f 3827 3571 3832
f 3566 3571 3827
f 3567 3832 3573
f 3827 3832 3567
f 3834 3828 3829
f 3833 3828 3834
f 3568 3574 3834
f 3829 3568 3834
f 3576 3835 3836
f 3577 3576 3836
f 3831 3576 3570
f 3835 3576 3831
f 3571 3578 3832
f 3573 3832 3578
f 3834 3837 3833
f 3837 3834 3574
f 3837 3574 3838
f 3838 3574 3579
f 3580 3839 3581
f 3841 3839 3580
f 3841 3580 3840
f 3840 3580 3582
f 3836 3582 3577
f 3840 3582 3836
f 3844 3843 3842
f 3844 3845 3846
f 3842 3845 3844
f 3845 3847 3846
f 3579 3583 3838
f 3838 3583 3848
f 3585 3849 3586
f 3585 3851 3849
f 3581 3851 3585
f 3581 3850 3851
f 3581 3839 3850
f 3841 3850 3839
f 3844 3852 3843
f 3846 3852 3844
f 3853 3852 3846
f 3854 3856 3855
f 3847 3853 3846
f 3856 3854 3848
f 3856 3848 3587
f 3587 3848 3583
f 3589 3857 3590
f 3589 3859 3857
f 3586 3859 3589
f 3586 3858 3859
f 3586 3849 3858
f 3851 3858 3849
f 3856 3860 3855
f 3862 3861 3860
f 3591 3862 3860
f 3591 3860 3856
f 3591 3856 3587
f 3591 3864 3862
f 3590 3864 3591
f 3590 3863 3864
f 3590 3857 3863
f 3859 3863 3857
f 3862 3865 3861
f 3864 3865 3862
f 3592 3867 3866
f 3593 3867 3592
f 3595 3868 3869
f 3595 3592 3868
f 3592 3866 3868
f 3868 3870 3869
f 3873 3872 3871
f 3873 3871 3867
f 3873 3867 3596
f 3596 3867 3593
f 3595 3869 3597
f 3598 3874 3875
f 3597 3874 3598
f 3597 3870 3874
f 3597 3869 3870
f 3874 3876 3875
f 3599 3600 3877
f 3599 3877 3602
f 3879 3872 3873
f 3878 3872 3879
f 3596 3603 3879
f 3873 3596 3879
f 3598 3875 3604
f 3875 3605 3604
f 3875 3876 3605
f 3876 3880 3605
f 3600 3606 3877
f 3602 3877 3606
f 3882 3878 3879
f 3881 3878 3882
f 3603 3607 3882
f 3879 3603 3882
f 3605 3880 3883
f 3608 3605 3883
f 3883 3609 3608
f 3884 3609 3883
f 3611 3881 3882
f 3611 3612 3881
f 3612 3885 3881
f 3607 3611 3882
f 3609 3884 3886
f 3614 3609 3886
f 3886 3615 3614
f 3887 3615 3886
f 3612 3616 3885
f 3885 3616 3888
f 3615 3887 3889
f 3618 3615 3889
f 3889 3619 3618
f 3890 3619 3889
f 3616 3620 3888
f 3888 3620 3891
f 3619 3890 3622
f 3890 3892 3622
f 3623 3624 3893
f 3623 3893 3625
f 3620 3626 3891
f 3891 3626 3894
f 3622 3892 3895
f 3629 3622 3895
f 3895 3630 3629
f 3896 3630 3895
f 3893 3898 3897
f 3893 3624 3898
f 3624 3631 3898
f 3897 3625 3893
f 3897 3899 3625
f 3899 3633 3625
f 3626 3634 3894
f 3894 3634 3900
f 3636 3901 3637
f 3636 3638 3901
f 3630 3896 3639
f 3896 3902 3639
f 3641 3904 3903
f 3642 3904 3641
f 3643 3641 3905
f 3641 3903 3905
f 3907 3905 3906
f 3907 3644 3905
f 3644 3643 3905
f 3644 3907 3645
f 3909 3631 3646
f 3909 3908 3631
f 3908 3898 3631
f 3646 3910 3909
f 3646 3633 3910
f 3633 3899 3910
f 3634 3647 3900
f 3900 3647 3911
f 3637 3901 3649
f 3652 3649 3901
f 3652 3901 3912
f 3638 3651 3901
f 3651 3912 3901
f 3651 3653 3912
f 3639 3902 3654
f 3902 3913 3654
f 3656 3915 3914
f 3657 3915 3656
f 3658 3656 3916
f 3656 3914 3916
f 3904 3642 3658
f 3916 3904 3658
f 3907 3906 3917
f 3917 3645 3907
f 3917 3918 3645
f 3918 3659 3645
f 3909 3919 3908
f 3920 3922 3921
f 3910 3919 3909
f 3920 3923 3922
f 3647 3660 3911
f 3911 3660 3924
f 3912 3925 3662
f 3652 3912 3662
f 3653 3925 3912
f 3653 3926 3925
f 3653 3663 3926
f 3926 3927 3925
f 3926 3663 3664
f 3928 3926 3664
f 3654 3913 3665
f 3913 3929 3665
f 3657 3667 3915
f 3915 3667 3930
f 3931 3932 3671
f 3931 3671 3918
f 3918 3671 3659
f 3931 3933 3932
f 3922 3934 3921
f 3923 3934 3922
f 3936 3660 3672
f 3936 3935 3660
f 3935 3924 3660
f 3672 3673 3936
f 3925 3937 3674
f 3662 3925 3674
f 3938 3925 3927
f 3937 3925 3938
f 3664 3939 3928
f 3675 3939 3664
f 3939 3675 3676
f 3940 3939 3676
f 3665 3929 3677
f 3929 3941 3677
f 3667 3678 3930
f 3930 3678 3942
f 3679 3943 3944
f 3680 3679 3944
f 3946 3945 3943
f 3946 3943 3681
f 3681 3943 3679
f 3681 3682 3947
f 3946 3681 3947
f 3682 3671 3932
f 3682 3932 3947
f 3947 3932 3948
f 3949 3932 3933
f 3948 3932 3949
f 3951 3935 3936
f 3950 3935 3951
f 3673 3683 3951
f 3936 3673 3951
f 3674 3937 3684
f 3685 3952 3953
f 3684 3952 3685
f 3684 3938 3952
f 3684 3937 3938
f 3952 3954 3953
f 3956 3676 3686
f 3956 3955 3676
f 3955 3940 3676
f 3958 3956 3686
f 3958 3686 3957
f 3957 3686 3687
f 3941 3687 3677
f 3957 3687 3941
f 3678 3689 3942
f 3942 3689 3959
f 3680 3944 3690
f 3944 3960 3690
f 3946 3961 3945
f 3947 3961 3946
f 3962 3961 3947
f 3948 3962 3947
f 3963 3962 3948
f 3949 3963 3948
f 3951 3964 3950
f 3683 3964 3951
f 3683 3691 3964
f 3691 3965 3964
f 3967 3966 3965
f 3967 3965 3692
f 3692 3965 3691
f 3692 3693 3967
f 3685 3953 3695
f 3953 3954 3968
f 3953 3968 3695
f 3695 3968 3697
f 3699 3956 3969
f 3699 3968 3956
f 3699 3697 3968
f 3968 3955 3956
f 3970 3956 3958
f 3969 3956 3970
f 3704 3972 3971
f 3705 3972 3704
f 3959 3689 3704
f 3971 3959 3704
f 3973 3974 3708
f 3973 3708 3960
f 3960 3708 3690
f 3974 3975 3976
f 3973 3975 3974
f 3975 3977 3976
f 3967 3978 3966
f 3980 3979 3978
f 3709 3980 3978
f 3709 3978 3967
f 3709 3967 3693
f 3709 3710 3981
f 3980 3709 3981
f 3710 3711 3981
f 3699 3969 3713
f 3969 3715 3713
f 3969 3970 3715
f 3970 3982 3715
f 3716 3717 3983
f 3985 3716 3983
f 3985 3984 3716
f 3984 3719 3716
f 3984 3720 3719
f 3986 3720 3984
f 3705 3724 3972
f 3972 3724 3987
f 3974 3988 3727
f 3708 3974 3727
f 3976 3989 3974
f 3989 3988 3974
f 3990 3976 3977
f 3989 3976 3990
f 3992 3979 3980
f 3991 3979 3992
f 3981 3993 3980
f 3993 3992 3980
f 3711 3728 3993
f 3981 3711 3993
f 3715 3982 3731
f 3982 3994 3731
f 3983 3733 3995
f 3717 3733 3983
f 3996 3985 3983
f 3995 3996 3983
f 3720 3986 3735
f 3986 3997 3735
f 3999 3724 3736
f 3999 3998 3724
f 3998 3987 3724
f 3736 3737 3999
f 3988 4000 4001
f 3988 4001 3727
f 3727 4001 3738
f 3989 4000 3988
f 4002 4000 3989
f 3990 4002 3989
f 3739 4004 4003
f 3740 4004 3739
f 3991 3992 3742
f 3991 3742 4003
f 4003 3742 3739
f 3744 3742 3992
f 3993 3744 3992
f 3728 3744 3993
f 3747 4005 3748
f 3747 4006 4005
f 3747 3731 4006
f 3731 3994 4006
f 3733 3749 3995
f 3995 4007 3996
f 3995 3749 4007
f 3749 3751 4007
f 3997 3751 3735
f 4007 3751 3997
f 3999 4008 3998
f 4008 3999 3737
f 4008 3737 4009
f 4009 3737 3753
f 3738 4001 3754
f 4001 4010 3754
f 4013 4012 4011
f 4013 4014 4015
f 4011 4014 4013
f 4014 4016 4015
f 4019 4018 4017
f 4019 3755 3756
f 4019 4017 3755
f 4017 4020 3755
f 4004 3740 3755
f 4020 4004 3755
f 3757 4021 3758
f 3757 3759 4022
f 4021 3757 4022
f 3759 3748 4005
f 3759 4005 4022
f 4022 4005 4023
f 4024 4005 4006
f 4024 4025 4005
f 4025 4023 4005
f 4024 4026 4025
f 3753 3763 4009
f 4009 3763 4027
f 3754 4010 4028
f 3764 3754 4028
f 3766 3764 4029
f 3764 4028 4029
f 4012 4013 3768
f 4012 3768 4029
f 4029 3768 3766
f 3770 3768 4013
f 3770 4013 4030
f 4030 4013 4015
f 4031 4015 4016
f 4030 4015 4031
f 4034 4033 4032
f 4032 4035 4034
f 4037 4018 4019
f 4036 4018 4037
f 3756 3771 4037
f 4019 3756 4037
f 4021 4038 3772
f 3758 4021 3772
f 4022 4039 4021
f 4039 4038 4021
f 3773 3774 4039
f 3773 4039 4023
f 4023 4039 4022
f 3775 3773 4023
f 4025 3775 4023
f 4025 3776 3775
f 4025 4026 3776
f 4026 4040 3776
f 3763 3778 4027
f 4027 3778 4041
f 4030 4042 4043
f 4030 4043 3770
f 3770 4043 3779
f 4031 4042 4030
f 4045 4033 4034
f 4044 4033 4045
f 4046 4034 4035
f 4045 4034 4046
f 3780 4036 4037
f 3780 3781 4036
f 3781 4047 4036
f 3771 3780 4037
f 4038 4048 3784
f 3772 4038 3784
f 3785 3786 4048
f 3785 4048 4039
f 4039 4048 4038
f 3774 3785 4039
f 3776 4040 4049
f 3787 3776 4049
f 4049 3788 3787
f 4050 3788 4049
f 3778 4051 4041
f 3789 4051 3778
f 3790 4053 4052
f 3790 4052 3789
f 3789 4052 4051
f 4052 4053 4054
f 4057 4055 4056
f 4057 4043 4055
f 4057 3791 4043
f 3791 3779 4043
f 4060 4059 4058
f 4044 4045 4061
f 4058 4062 4060
f 4046 4061 4045
f 3781 3793 4047
f 4047 3793 4063
f 3784 4048 3797
f 3786 3797 4048
f 3788 4050 3798
f 4050 4064 3798
f 3790 3799 4053
f 4053 4065 4054
f 4053 3799 4065
f 3799 3800 4065
f 3802 4066 3800
f 3800 4066 4065
f 4056 3803 4057
f 4056 4066 3803
f 4066 3802 3803
f 3791 4057 3803
f 3804 4059 4060
f 3804 3805 4059
f 3805 4067 4059
f 4060 3807 3804
f 4060 4062 3807
f 4062 4068 3807
f 3793 3808 4063
f 4063 3808 4069
f 3811 4070 3812
f 3811 3813 4070
f 3798 4064 3814
f 4064 4071 3814
f 4072 3815 4073
f 4072 4067 3815
f 4067 3805 3815
f 4073 4068 4072
f 4073 3816 4068
f 3816 3807 4068
f 3808 3817 4069
f 4069 3817 4074
f 3812 4070 3820
f 3813 3820 4070
f 3821 4075 4076
f 3822 3821 4076
f 4071 3821 3814
f 4075 3821 4071
f 3815 3823 4073
f 3816 4073 3823
f 3817 3824 4074
f 4074 3824 4077
f 3822 4076 3826
f 4076 4078 3826
f 3824 3828 4077
f 4077 3828 4079
f 3830 4080 4081
f 3831 3830 4081
f 4078 3830 3826
f 4080 3830 4078
f 3828 3833 4079
f 4079 3833 4082
f 3835 4083 4084
f 3836 3835 4084
f 4081 3835 3831
f 4083 3835 4081
f 4086 3833 3837
f 4086 4085 3833
f 4085 4082 3833
f 3837 3838 4086
f 3840 4087 4088
f 3841 3840 4088
f 4084 3840 3836
f 4087 3840 4084
f 3842 4090 4089
f 3843 4090 3842
f 3845 3842 4091
f 3842 4089 4091
f 3847 4086 4092
f 3847 4091 4086
f 3847 3845 4091
f 4091 4085 4086
f 3838 3848 4092
f 4086 3838 4092
f 3850 4093 4094
f 3851 3850 4094
f 4088 3850 3841
f 4093 3850 4088
f 3843 4095 4090
f 3852 4095 3843
f 3853 4096 3852
f 3852 4096 4095
f 3855 4097 4092
f 3855 4092 3854
f 4097 4096 4092
f 3847 4092 3853
f 4096 3853 4092
f 3848 3854 4092
f 3858 4098 4099
f 3859 3858 4099
f 4094 3858 3851
f 4098 3858 4094
f 3855 4100 4097
f 3860 4100 3855
f 4100 3860 3861
f 4101 4100 3861
f 3863 4102 4103
f 3864 3863 4103
f 4099 3863 3859
f 4102 3863 4099
f 3861 4104 4101
f 3865 4104 3861
f 4103 3865 3864
f 4104 3865 4103
f 3866 4106 4105
f 3867 4106 3866
f 3868 3866 4107
f 3866 4105 4107
f 4107 3870 3868
f 4108 3870 4107
f 3871 4110 4109
f 3872 4110 3871
f 4106 3867 3871
f 4109 4106 3871
f 3870 4108 4111
f 3874 3870 4111
f 4111 3876 3874
f 4112 3876 4111
f 3872 3878 4110
f 4110 3878 4113
f 3876 4112 3880
f 4112 4114 3880
f 3878 3881 4113
f 4113 3881 4115
f 3880 4114 4116
f 3883 3880 4116
f 4116 3884 3883
f 4117 3884 4116
f 3881 3885 4115
f 4115 3885 4118
f 3884 4117 4119
f 3886 3884 4119
f 4119 3887 3886
f 4120 3887 4119
f 3885 3888 4118
f 4118 3888 4121
f 3887 4120 4122
f 3889 3887 4122
f 4122 3890 3889
f 4123 3890 4122
f 3888 3891 4121
f 4121 3891 4124
f 3890 4123 3892
f 4123 4125 3892
f 3891 3894 4124
f 4124 3894 4126
f 3892 4125 4127
f 3895 3892 4127
f 4127 3896 3895
f 4128 3896 4127
f 3897 3898 4129
f 3897 4129 3899
f 3894 3900 4126
f 4126 3900 4130
f 3896 4128 3902
f 4128 4131 3902
f 3903 3904 4132
f 3903 4133 3905
f 4132 4133 3903
f 3905 4133 3906
f 4129 4135 4134
f 4129 3898 4135
f 3898 3908 4135
f 4129 3910 3899
f 4129 4136 3910
f 4129 4134 4136
f 4137 3910 4136
f 4136 4138 4137
f 3900 3911 4130
f 4130 3911 4139
f 3902 4131 3913
f 4131 4140 3913
f 3914 3915 4141
f 3914 4142 3916
f 4141 4142 3914
f 3916 4142 4144
f 3904 3916 4144
f 3904 4144 4143
f 3904 4143 4132
f 4133 4132 4143
f 4145 4133 4143
f 3906 4133 4145
f 3906 4145 3917
f 3917 4145 4146
f 4146 3918 3917
f 4147 3918 4146
f 4149 3908 3919
f 4149 4148 3908
f 4148 4135 3908
f 3919 3910 4137
f 3919 4137 4149
f 3920 3921 4137
f 3921 4149 4137
f 4137 3923 3920
f 4137 4138 3923
f 4138 4150 3923
f 3911 3924 4139
f 4139 3924 4151
f 3926 4152 3927
f 3926 3928 4152
f 4153 4154 3929
f 4153 3929 4140
f 4140 3929 3913
f 4153 4155 4154
f 4141 4157 4156
f 4141 3915 4157
f 3915 3930 4157
f 4142 4141 4156
f 4158 4142 4156
f 4144 4142 4158
f 3918 4147 4159
f 3931 3918 4159
f 4159 3933 3931
f 4160 3933 4159
f 4149 4161 4148
f 4163 4162 4161
f 3934 4163 4161
f 3934 4161 4149
f 3934 4149 3921
f 3934 4164 4163
f 3934 3923 4164
f 3923 4150 4164
f 3924 3935 4151
f 4151 3935 4165
f 4152 4166 3938
f 3927 4152 3938
f 3928 3939 4167
f 3928 4167 4152
f 4152 4167 4166
f 3939 3940 4167
f 4154 4168 4169
f 4154 4169 3929
f 3929 4169 3941
f 4155 4168 4154
f 3930 3942 4157
f 4157 3942 4170
f 3943 4171 3944
f 3943 3945 4171
f 4172 4173 3949
f 4172 3949 4160
f 4160 3949 3933
f 4172 4174 4173
f 4176 4162 4163
f 4175 4162 4176
f 4177 4163 4164
f 4176 4163 4177
f 3935 3950 4165
f 4165 3950 4178
f 3938 4166 3952
f 3954 3952 4166
f 3954 4166 4179
f 4179 4166 4167
f 3940 3955 4179
f 4167 3940 4179
f 3957 4180 3958
f 3957 4181 4180
f 3957 3941 4181
f 3941 4169 4181
f 3942 3959 4170
f 4170 3959 4182
f 4171 4183 3960
f 3944 4171 3960
f 3945 4183 4171
f 3945 4184 4183
f 3945 3961 4184
f 4184 4185 4183
f 3962 4186 3961
f 3961 4186 4184
f 4188 4187 4186
f 4188 4186 3963
f 3963 4186 3962
f 3963 3949 4173
f 3963 4173 4188
f 4188 4173 4189
f 4190 4173 4174
f 4189 4173 4190
f 4193 4192 4191
f 4191 4194 4193
f 4176 4195 4175
f 4177 4195 4176
f 3950 4196 4178
f 3964 4196 3950
f 4198 4197 4196
f 4198 4196 3965
f 3965 4196 3964
f 3965 3966 4198
f 3954 4179 3968
f 3955 3968 4179
f 4180 4199 3970
f 3958 4180 3970
f 4200 4180 4181
f 4199 4180 4200
f 3971 4202 4201
f 3972 4202 3971
f 4182 3959 3971
f 4201 4182 3971
f 3960 4183 3973
f 4183 4185 4203
f 4183 4203 3973
f 3973 4203 3975
f 4203 3977 3975
f 4204 3977 4203
f 4188 4205 4187
f 4189 4205 4188
f 4206 4205 4189
f 4190 4206 4189
f 4193 4207 4192
f 4194 4207 4193
f 4198 4208 4197
f 4210 4209 4208
f 3978 4210 4208
f 3978 4208 4198
f 3978 4198 3966
f 3978 3979 4210
f 4199 4211 3982
f 3970 4199 3982
f 4212 4199 4200
f 4211 4199 4212
f 3984 4214 4213
f 3985 4214 3984
f 3986 4215 4216
f 3986 3984 4215
f 3984 4213 4215
f 4215 4217 4216
f 3972 3987 4202
f 4202 3987 4218
f 3977 4204 3990
f 4204 4219 3990
f 4221 4209 4210
f 4220 4209 4221
f 3979 3991 4221
f 4210 3979 4221
f 4211 4222 3994
f 3982 4211 3994
f 4223 4211 4212
f 4222 4211 4223
f 3985 3996 4214
f 4214 3996 4224
f 4216 4225 3997
f 3986 4216 3997
f 4226 4216 4217
f 4225 4216 4226
f 4227 3998 4228
f 4227 4218 3998
f 4218 3987 3998
f 4227 4228 4229
f 4000 4230 4001
f 4232 4230 4000
f 4232 4000 4231
f 4231 4000 4002
f 4219 4002 3990
f 4231 4002 4219
f 4235 4234 4233
f 4235 4236 4237
f 4233 4236 4235
f 4236 4238 4237
f 4241 4240 4239
f 4239 4242 4241
f 4245 4244 4243
f 4220 4245 4243
f 4221 4245 4220
f 4221 4004 4245
f 4221 4003 4004
f 3991 4003 4221
f 4222 4246 4006
f 3994 4222 4006
f 4247 4222 4223
f 4246 4222 4247
f 3996 4248 4224
f 4007 4248 3996
f 4225 4007 3997
f 4225 4249 4007
f 4249 4248 4007
f 4226 4249 4225
f 3998 4008 4228
f 4228 4008 4009
f 4228 4009 4229
f 4229 4009 4250
f 4230 4251 4010
f 4001 4230 4010
f 4252 4230 4232
f 4252 4253 4230
f 4253 4251 4230
f 4253 4011 4012
f 4253 4252 4011
f 4252 4254 4011
f 4234 4235 4014
f 4234 4014 4254
f 4254 4014 4011
f 4016 4014 4235
f 4016 4235 4255
f 4255 4235 4237
f 4256 4237 4238
f 4255 4237 4256
f 4241 4257 4240
f 4242 4257 4241
f 4260 4259 4258
f 4258 4261 4260
f 4017 4263 4262
f 4018 4263 4017
f 4244 4245 4020
f 4244 4020 4262
f 4262 4020 4017
f 4004 4020 4245
f 4006 4246 4024
f 4246 4026 4024
f 4246 4247 4026
f 4247 4264 4026
f 4009 4027 4250
f 4250 4027 4265
f 4010 4251 4028
f 4029 4028 4251
f 4253 4029 4251
f 4012 4029 4253
f 4255 4266 4267
f 4255 4267 4016
f 4016 4267 4031
f 4256 4266 4255
f 4032 4259 4260
f 4032 4033 4259
f 4033 4268 4259
f 4260 4035 4032
f 4260 4261 4035
f 4261 4269 4035
f 4018 4036 4263
f 4263 4036 4270
f 4271 4272 4040
f 4271 4040 4264
f 4264 4040 4026
f 4271 4273 4272
f 4274 4041 4275
f 4274 4265 4041
f 4265 4027 4041
f 4275 4277 4276
f 4274 4275 4276
f 4276 4277 4278
f 4042 4279 4280
f 4043 4042 4280
f 4267 4042 4031
f 4279 4042 4267
f 4283 4282 4281
f 4283 4281 4268
f 4283 4268 4044
f 4044 4268 4033
f 4035 4269 4046
f 4269 4284 4046
f 4036 4047 4270
f 4270 4047 4285
f 4040 4272 4049
f 4272 4050 4049
f 4272 4273 4050
f 4273 4286 4050
f 4041 4051 4275
f 4052 4275 4051
f 4277 4275 4052
f 4054 4288 4287
f 4052 4054 4287
f 4052 4287 4278
f 4052 4278 4277
f 4288 4290 4289
f 4287 4288 4289
f 4290 4056 4055
f 4290 4055 4289
f 4289 4055 4291
f 4280 4055 4043
f 4291 4055 4280
f 4058 4282 4283
f 4058 4059 4282
f 4059 4292 4282
f 4062 4058 4283
f 4062 4283 4293
f 4044 4061 4283
f 4061 4293 4283
f 4061 4294 4293
f 4061 4046 4294
f 4046 4284 4294
f 4047 4063 4285
f 4285 4063 4295
f 4050 4286 4064
f 4286 4296 4064
f 4054 4065 4288
f 4066 4288 4065
f 4290 4288 4066
f 4056 4290 4066
f 4297 4067 4298
f 4297 4292 4067
f 4292 4059 4067
f 4293 4299 4297
f 4293 4297 4068
f 4293 4068 4062
f 4068 4297 4298
f 4294 4299 4293
f 4063 4069 4295
f 4295 4069 4300
f 4064 4296 4071
f 4296 4301 4071
f 4067 4072 4298
f 4068 4298 4072
f 4069 4074 4300
f 4300 4074 4302
f 4075 4303 4304
f 4076 4075 4304
f 4301 4075 4071
f 4303 4075 4301
f 4074 4077 4302
f 4302 4077 4305
f 4076 4304 4078
f 4304 4306 4078
f 4077 4079 4305
f 4305 4079 4307
f 4080 4308 4309
f 4081 4080 4309
f 4306 4080 4078
f 4308 4080 4306
f 4079 4082 4307
f 4307 4082 4310
f 4083 4311 4312
f 4084 4083 4312
f 4309 4083 4081
f 4311 4083 4309
f 4082 4085 4310
f 4310 4085 4313
f 4087 4314 4315
f 4088 4087 4315
f 4312 4087 4084
f 4314 4087 4312
f 4089 4090 4316
f 4318 4089 4316
f 4318 4317 4089
f 4317 4091 4089
f 4313 4085 4091
f 4317 4313 4091
f 4093 4319 4320
f 4094 4093 4320
f 4315 4093 4088
f 4319 4093 4315
f 4090 4095 4316
f 4316 4321 4318
f 4316 4095 4321
f 4095 4096 4321
f 4321 4096 4097
f 4322 4321 4097
f 4098 4323 4324
f 4099 4098 4324
f 4320 4098 4094
f 4323 4098 4320
f 4097 4325 4322
f 4100 4325 4097
f 4325 4100 4101
f 4326 4325 4101
f 4102 4327 4328
f 4103 4102 4328
f 4324 4102 4099
f 4327 4102 4324
f 4101 4329 4326
f 4104 4329 4101
f 4328 4104 4103
f 4329 4104 4328
f 4105 4331 4330
f 4106 4331 4105
f 4333 4330 4332
f 4333 4107 4330
f 4107 4105 4330
f 4107 4333 4108
f 4109 4335 4334
f 4110 4335 4109
f 4331 4106 4109
f 4334 4331 4109
f 4333 4332 4336
f 4338 4336 4337
f 4111 4336 4338
f 4111 4333 4336
f 4111 4108 4333
f 4111 4338 4112
f 4110 4113 4335
f 4335 4113 4339
f 4338 4337 4340
f 4340 4112 4338
f 4340 4341 4112
f 4341 4114 4112
f 4113 4115 4339
f 4339 4115 4342
f 4114 4341 4343
f 4116 4114 4343
f 4343 4117 4116
f 4344 4117 4343
f 4115 4118 4342
f 4342 4118 4345
f 4117 4344 4346
f 4119 4117 4346
f 4346 4120 4119
f 4347 4120 4346
f 4118 4121 4345
f 4345 4121 4348
f 4120 4347 4349
f 4122 4120 4349
f 4349 4123 4122
f 4350 4123 4349
f 4353 4352 4351
f 4353 4351 4348
f 4353 4348 4124
f 4124 4348 4121
f 4123 4350 4125
f 4350 4354 4125
f 4356 4352 4353
f 4355 4352 4356
f 4124 4126 4356
f 4353 4124 4356
f 4125 4354 4357
f 4127 4125 4357
f 4357 4128 4127
f 4358 4128 4357
f 4360 4355 4356
f 4359 4355 4360
f 4126 4130 4360
f 4356 4126 4360
f 4128 4358 4131
f 4358 4361 4131
f 4134 4363 4362
f 4135 4363 4134
f 4365 4362 4364
f 4365 4136 4362
f 4136 4134 4362
f 4136 4365 4138
f 4360 4366 4359
f 4366 4360 4130
f 4366 4130 4367
f 4367 4130 4139
f 4368 4369 4140
f 4368 4140 4361
f 4361 4140 4131
f 4368 4370 4369
f 4143 4144 4371
f 4373 4143 4371
f 4373 4372 4143
f 4372 4145 4143
f 4146 4145 4374
f 4145 4372 4374
f 4374 4147 4146
f 4375 4147 4374
f 4135 4148 4363
f 4363 4148 4376
f 4365 4364 4377
f 4377 4138 4365
f 4377 4378 4138
f 4378 4150 4138
f 4139 4151 4367
f 4367 4151 4379
f 4140 4369 4153
f 4369 4155 4153
f 4369 4370 4155
f 4370 4380 4155
f 4156 4157 4381
f 4156 4382 4158
f 4381 4382 4156
f 4158 4382 4384
f 4144 4158 4384
f 4144 4384 4383
f 4144 4383 4371
f 4373 4371 4383
f 4147 4375 4385
f 4159 4147 4385
f 4385 4160 4159
f 4386 4160 4385
f 4388 4148 4161
f 4388 4387 4148
f 4387 4376 4148
f 4161 4162 4388
f 4150 4378 4164
f 4378 4389 4164
f 4151 4165 4379
f 4379 4165 4390
f 4168 4391 4169
f 4168 4392 4391
f 4168 4155 4392
f 4155 4380 4392
f 4381 4170 4393
f 4157 4170 4381
f 4395 4394 4382
f 4395 4382 4393
f 4393 4382 4381
f 4384 4382 4394
f 4160 4386 4396
f 4172 4160 4396
f 4174 4397 4398
f 4174 4172 4397
f 4172 4396 4397
f 4398 4399 4400
f 4397 4399 4398
f 4399 4401 4400
f 4403 4387 4388
f 4402 4387 4403
f 4162 4175 4403
f 4388 4162 4403
f 4164 4389 4177
f 4389 4404 4177
f 4165 4178 4390
f 4390 4178 4405
f 4391 4406 4181
f 4169 4391 4181
f 4407 4391 4392
f 4406 4391 4407
f 4393 4409 4408
f 4393 4170 4409
f 4170 4182 4409
f 4395 4393 4408
f 4184 4410 4411
f 4185 4184 4411
f 4413 4412 4410
f 4413 4410 4186
f 4186 4410 4184
f 4186 4187 4413
f 4398 4414 4190
f 4174 4398 4190
f 4191 4192 4414
f 4191 4414 4400
f 4400 4414 4398
f 4400 4194 4191
f 4400 4401 4194
f 4401 4415 4194
f 4417 4402 4403
f 4416 4402 4417
f 4175 4417 4403
f 4175 4418 4417
f 4175 4195 4418
f 4418 4419 4417
f 4404 4195 4177
f 4418 4195 4404
f 4421 4178 4196
f 4421 4420 4178
f 4420 4405 4178
f 4196 4197 4421
f 4406 4422 4200
f 4181 4406 4200
f 4423 4406 4407
f 4422 4406 4423
f 4201 4202 4424
f 4201 4424 4425
f 4201 4425 4182
f 4182 4425 4409
f 4185 4411 4426
f 4203 4185 4426
f 4426 4204 4203
f 4426 4428 4204
f 4427 4412 4413
f 4187 4427 4413
f 4187 4205 4427
f 4205 4429 4427
f 4206 4430 4205
f 4205 4430 4429
f 4414 4206 4190
f 4414 4431 4206
f 4431 4430 4206
f 4433 4432 4431
f 4207 4433 4431
f 4207 4431 4414
f 4207 4414 4192
f 4207 4434 4433
f 4207 4194 4434
f 4194 4415 4434
f 4417 4435 4416
f 4419 4435 4417
f 4437 4420 4421
f 4436 4420 4437
f 4197 4208 4438
f 4197 4438 4421
f 4421 4438 4437
f 4208 4209 4438
f 4422 4439 4212
f 4200 4422 4212
f 4440 4422 4423
f 4439 4422 4440
f 4213 4214 4441
f 4443 4213 4441
f 4443 4442 4213
f 4442 4215 4213
f 4442 4217 4215
f 4444 4217 4442
f 4424 4218 4445
f 4202 4218 4424
f 4446 4425 4424
f 4445 4446 4424
f 4204 4428 4219
f 4428 4447 4219
f 4433 4448 4432
f 4434 4448 4433
f 4450 4436 4437
f 4449 4436 4450
f 4438 4451 4437
f 4451 4450 4437
f 4209 4220 4451
f 4438 4209 4451
f 4439 4452 4223
f 4212 4439 4223
f 4453 4439 4440
f 4452 4439 4453
f 4441 4224 4454
f 4214 4224 4441
f 4455 4443 4441
f 4454 4455 4441
f 4217 4444 4226
f 4444 4456 4226
f 4218 4227 4445
f 4445 4227 4229
f 4445 4229 4446
f 4446 4229 4457
f 4231 4458 4459
f 4232 4231 4459
f 4447 4231 4219
f 4447 4458 4231
f 4461 4460 4462
f 4462 4233 4234
f 4462 4460 4233
f 4460 4463 4233
f 4236 4233 4464
f 4233 4463 4464
f 4238 4465 4466
f 4238 4236 4465
f 4236 4464 4465
f 4466 4239 4240
f 4466 4465 4239
f 4465 4467 4239
f 4467 4242 4239
f 4468 4242 4467
f 4470 4449 4450
f 4469 4449 4470
f 4243 4244 4470
f 4243 4470 4451
f 4451 4470 4450
f 4220 4243 4451
f 4452 4471 4247
f 4223 4452 4247
f 4472 4452 4453
f 4471 4452 4472
f 4224 4248 4454
f 4454 4473 4455
f 4454 4248 4473
f 4248 4249 4473
f 4456 4249 4226
f 4473 4249 4456
f 4474 4250 4475
f 4474 4457 4250
f 4457 4229 4250
f 4474 4475 4476
f 4232 4459 4477
f 4252 4232 4477
f 4461 4462 4254
f 4461 4254 4477
f 4477 4254 4252
f 4234 4254 4462
f 4466 4478 4256
f 4238 4466 4256
f 4240 4257 4479
f 4240 4479 4466
f 4466 4479 4478
f 4257 4480 4479
f 4257 4242 4480
f 4242 4468 4480
f 4483 4482 4481
f 4483 4258 4259
f 4483 4481 4258
f 4481 4484 4258
f 4484 4261 4258
f 4485 4261 4484
f 4262 4469 4470
f 4262 4263 4469
f 4263 4486 4469
f 4244 4262 4470
f 4471 4487 4264
f 4247 4471 4264
f 4488 4471 4472
f 4487 4471 4488
f 4475 4265 4489
f 4250 4265 4475
f 4490 4476 4475
f 4490 4475 4491
f 4491 4475 4489
f 4490 4491 4492
f 4266 4493 4494
f 4267 4266 4494
f 4478 4266 4256
f 4478 4495 4266
f 4495 4493 4266
f 4479 4495 4478
f 4496 4495 4479
f 4480 4496 4479
f 4498 4482 4483
f 4497 4482 4498
f 4259 4268 4498
f 4483 4259 4498
f 4261 4485 4269
f 4485 4499 4269
f 4263 4270 4486
f 4486 4270 4500
f 4264 4487 4271
f 4487 4273 4271
f 4487 4488 4273
f 4488 4501 4273
f 4265 4274 4489
f 4276 4489 4274
f 4491 4489 4276
f 4278 4503 4502
f 4276 4278 4502
f 4276 4502 4492
f 4276 4492 4491
f 4502 4503 4504
f 4279 4505 4506
f 4280 4279 4506
f 4494 4279 4267
f 4505 4279 4494
f 4281 4497 4498
f 4281 4282 4497
f 4282 4507 4497
f 4268 4281 4498
f 4269 4499 4284
f 4499 4508 4284
f 4270 4285 4500
f 4500 4285 4509
f 4273 4501 4286
f 4501 4510 4286
f 4278 4287 4503
f 4503 4511 4504
f 4503 4287 4511
f 4287 4289 4511
f 4291 4512 4289
f 4289 4512 4511
f 4506 4291 4280
f 4512 4291 4506
f 4282 4292 4507
f 4507 4292 4513
f 4516 4514 4515
f 4516 4508 4514
f 4516 4294 4508
f 4294 4284 4508
f 4285 4295 4509
f 4509 4295 4517
f 4286 4510 4296
f 4510 4518 4296
f 4292 4519 4513
f 4297 4519 4292
f 4515 4299 4516
f 4515 4519 4299
f 4519 4297 4299
f 4294 4516 4299
f 4522 4521 4520
f 4522 4520 4517
f 4522 4517 4300
f 4300 4517 4295
f 4296 4518 4301
f 4518 4523 4301
f 4525 4521 4522
f 4524 4521 4525
f 4300 4302 4525
f 4522 4300 4525
f 4303 4526 4527
f 4304 4303 4527
f 4523 4303 4301
f 4526 4303 4523
f 4529 4524 4525
f 4528 4524 4529
f 4302 4305 4529
f 4525 4302 4529
f 4304 4527 4306
f 4527 4530 4306
f 4529 4531 4528
f 4531 4529 4305
f 4531 4305 4532
f 4532 4305 4307
f 4308 4533 4534
f 4309 4308 4534
f 4530 4308 4306
f 4533 4308 4530
f 4307 4310 4532
f 4532 4310 4535
f 4311 4536 4537
f 4312 4311 4537
f 4534 4311 4309
f 4536 4311 4534
f 4310 4313 4535
f 4535 4313 4538
f 4314 4539 4540
f 4315 4314 4540
f 4537 4314 4312
f 4539 4314 4537
f 4317 4318 4541
f 4317 4541 4542
f 4317 4542 4313
f 4313 4542 4538
f 4319 4543 4544
f 4320 4319 4544
f 4540 4319 4315
f 4543 4319 4540
f 4318 4321 4541
f 4541 4321 4322
f 4541 4322 4542
f 4542 4322 4545
f 4323 4546 4547
f 4324 4323 4547
f 4544 4323 4320
f 4546 4323 4544
f 4322 4548 4545
f 4325 4548 4322
f 4548 4325 4326
f 4549 4548 4326
f 4327 4550 4551
f 4328 4327 4551
f 4547 4327 4324
f 4550 4327 4547
f 4326 4552 4549
f 4329 4552 4326
f 4551 4329 4328
f 4552 4329 4551
f 4330 4331 4553
f 4330 4553 4332
f 4334 4335 4554
f 4334 4554 4556
f 4331 4334 4556
f 4331 4556 4555
f 4331 4555 4553
f 4332 4553 4555
f 4332 4555 4336
f 4336 4555 4557
f 4557 4337 4336
f 4558 4337 4557
f 4554 4339 4559
f 4335 4339 4554
f 4560 4556 4554
f 4559 4560 4554
f 4337 4558 4561
f 4340 4337 4561
f 4561 4341 4340
f 4562 4341 4561
f 4559 4564 4563
f 4559 4339 4564
f 4339 4342 4564
f 4560 4559 4563
f 4341 4562 4565
f 4343 4341 4565
f 4565 4344 4343
f 4566 4344 4565
f 4342 4345 4564
f 4564 4345 4567
f 4344 4566 4568
f 4346 4344 4568
f 4568 4347 4346
f 4569 4347 4568
f 4345 4348 4567
f 4567 4348 4570
f 4347 4569 4571
f 4349 4347 4571
f 4571 4350 4349
f 4572 4350 4571
f 4351 4574 4573
f 4352 4574 4351
f 4570 4348 4351
f 4573 4570 4351
f 4350 4572 4354
f 4572 4575 4354
f 4352 4355 4574
f 4574 4355 4576
f 4354 4575 4577
f 4357 4354 4577
f 4577 4358 4357
f 4578 4358 4577
f 4355 4359 4576
f 4576 4359 4579
f 4580 4581 4361
f 4580 4361 4578
f 4578 4361 4358
f 4580 4582 4581
f 4362 4363 4583
f 4362 4583 4364
f 4585 4359 4366
f 4585 4584 4359
f 4584 4579 4359
f 4366 4367 4585
f 4361 4581 4368
f 4581 4370 4368
f 4581 4582 4370
f 4582 4586 4370
f 4372 4373 4587
f 4372 4588 4374
f 4587 4588 4372
f 4374 4588 4375
f 4583 4590 4589
f 4583 4363 4590
f 4363 4376 4590
f 4364 4583 4589
f 4364 4589 4377
f 4377 4589 4591
f 4591 4378 4377
f 4592 4378 4591
f 4594 4584 4585
f 4593 4584 4594
f 4367 4379 4594
f 4585 4367 4594
f 4595 4596 4380
f 4595 4380 4586
f 4586 4380 4370
f 4595 4597 4596
f 4383 4384 4598
f 4383 4587 4373
f 4383 4598 4587
f 4598 4599 4587
f 4601 4600 4588
f 4601 4588 4599
f 4599 4588 4587
f 4375 4588 4600
f 4375 4600 4385
f 4385 4600 4602
f 4602 4386 4385
f 4603 4386 4602
f 4376 4387 4590
f 4590 4387 4604
f 4378 4592 4389
f 4592 4605 4389
f 4607 4593 4594
f 4606 4593 4607
f 4379 4390 4607
f 4594 4379 4607
f 4596 4608 4392
f 4380 4596 4392
f 4609 4596 4597
f 4608 4596 4609
f 4394 4395 4610
f 4394 4598 4384
f 4394 4610 4598
f 4610 4611 4598
f 4613 4612 4599
f 4613 4599 4611
f 4611 4599 4598
f 4601 4599 4612
f 4386 4603 4614
f 4396 4386 4614
f 4397 4396 4615
f 4396 4614 4615
f 4399 4397 4616
f 4397 4615 4616
f 4616 4401 4399
f 4617 4401 4616
f 4387 4402 4604
f 4604 4402 4618
f 4389 4605 4404
f 4605 4619 4404
f 4621 4606 4607
f 4620 4606 4621
f 4390 4405 4621
f 4607 4390 4621
f 4608 4622 4407
f 4392 4608 4407
f 4623 4608 4609
f 4622 4608 4623
f 4408 4409 4624
f 4408 4610 4395
f 4408 4624 4610
f 4624 4625 4610
f 4611 4610 4626
f 4626 4610 4625
f 4411 4410 4627
f 4411 4627 4611
f 4411 4611 4626
f 4613 4611 4627
f 4627 4410 4412
f 4628 4627 4412
f 4401 4617 4415
f 4617 4629 4415
f 4402 4416 4618
f 4618 4416 4630
f 4418 4631 4419
f 4418 4632 4631
f 4418 4404 4632
f 4404 4619 4632
f 4634 4620 4621
f 4633 4620 4634
f 4405 4420 4634
f 4621 4405 4634
f 4622 4635 4423
f 4407 4622 4423
f 4636 4622 4623
f 4635 4622 4636
f 4624 4425 4637
f 4409 4425 4624
f 4639 4638 4625
f 4639 4625 4637
f 4637 4625 4624
f 4626 4625 4638
f 4640 4626 4638
f 4642 4640 4641
f 4426 4640 4642
f 4426 4626 4640
f 4426 4411 4626
f 4412 4643 4628
f 4412 4427 4643
f 4428 4426 4642
f 4429 4644 4427
f 4427 4644 4643
f 4430 4645 4429
f 4429 4645 4644
f 4647 4646 4645
f 4647 4645 4431
f 4431 4645 4430
f 4431 4432 4647
f 4415 4629 4434
f 4629 4648 4434
f 4650 4416 4435
f 4650 4649 4416
f 4649 4630 4416
f 4435 4419 4631
f 4435 4631 4650
f 4650 4631 4651
f 4652 4631 4632
f 4651 4631 4652
f 4654 4633 4634
f 4653 4633 4654
f 4420 4436 4654
f 4634 4420 4654
f 4635 4655 4440
f 4423 4635 4440
f 4656 4635 4636
f 4655 4635 4656
f 4442 4443 4657
f 4442 4657 4444
f 4637 4446 4658
f 4425 4446 4637
f 4659 4639 4637
f 4658 4659 4637
f 4661 4642 4641
f 4660 4661 4641
f 4428 4661 4447
f 4642 4661 4428
f 4663 4646 4647
f 4662 4646 4663
f 4432 4448 4664
f 4432 4664 4647
f 4647 4664 4663
f 4448 4665 4664
f 4448 4434 4665
f 4434 4648 4665
f 4667 4649 4650
f 4666 4649 4667
f 4651 4668 4650
f 4668 4667 4650
f 4669 4651 4652
f 4668 4651 4669
f 4671 4653 4654
f 4670 4653 4671
f 4436 4449 4671
f 4654 4436 4671
f 4655 4672 4453
f 4440 4655 4453
f 4673 4655 4656
f 4672 4655 4673
f 4657 4455 4674
f 4443 4455 4657
f 4444 4674 4456
f 4657 4674 4444
f 4658 4457 4675
f 4446 4457 4658
f 4676 4659 4658
f 4676 4658 4677
f 4677 4658 4675
f 4677 4679 4678
f 4676 4677 4678
f 4660 4678 4679
f 4661 4660 4679
f 4661 4679 4459
f 4661 4459 4458
f 4447 4661 4458
f 4460 4461 4680
f 4460 4681 4463
f 4680 4681 4460
f 4683 4463 4681
f 4683 4682 4463
f 4682 4464 4463
f 4662 4663 4465
f 4662 4465 4682
f 4682 4465 4464
f 4467 4465 4663
f 4664 4467 4663
f 4664 4468 4467
f 4664 4665 4468
f 4665 4684 4468
f 4686 4666 4667
f 4685 4666 4686
f 4668 4687 4667
f 4687 4686 4667
f 4688 4668 4669
f 4687 4668 4688
f 4690 4670 4671
f 4689 4670 4690
f 4449 4469 4690
f 4671 4449 4690
f 4672 4691 4472
f 4453 4672 4472
f 4692 4672 4673
f 4691 4672 4692
f 4455 4473 4674
f 4456 4674 4473
f 4457 4474 4675
f 4476 4675 4474
f 4476 4693 4675
f 4693 4677 4675
f 4679 4677 4694
f 4694 4677 4693
f 4459 4695 4477
f 4459 4679 4695
f 4679 4694 4695
f 4477 4695 4697
f 4461 4477 4697
f 4461 4697 4696
f 4461 4696 4680
f 4681 4680 4696
f 4698 4681 4696
f 4683 4681 4698
f 4468 4684 4480
f 4684 4699 4480
f 4481 4685 4686
f 4481 4482 4685
f 4482 4700 4685
f 4484 4481 4686
f 4687 4484 4686
f 4687 4485 4484
f 4687 4688 4485
f 4688 4701 4485
f 4703 4689 4690
f 4702 4689 4703
f 4469 4486 4703
f 4690 4469 4703
f 4691 4704 4488
f 4472 4691 4488
f 4705 4691 4692
f 4704 4691 4705
f 4476 4490 4693
f 4492 4693 4490
f 4492 4706 4693
f 4706 4694 4693
f 4695 4694 4707
f 4707 4694 4706
f 4708 4697 4695
f 4707 4708 4695
f 4711 4709 4710
f 4711 4494 4493
f 4711 4493 4709
f 4709 4493 4712
f 4495 4713 4493
f 4493 4713 4712
f 4496 4714 4495
f 4495 4714 4713
f 4699 4496 4480
f 4714 4496 4699
f 4482 4497 4700
f 4700 4497 4715
f 4485 4701 4499
f 4701 4716 4499
f 4718 4702 4703
f 4717 4702 4718
f 4486 4500 4718
f 4703 4486 4718
f 4704 4719 4501
f 4488 4704 4501
f 4720 4704 4705
f 4719 4704 4720
f 4492 4502 4706
f 4504 4706 4502
f 4504 4721 4706
f 4721 4707 4706
f 4722 4708 4707
f 4722 4707 4723
f 4723 4707 4721
f 4710 4722 4723
f 4711 4710 4723
f 4711 4723 4506
f 4711 4506 4505
f 4494 4711 4505
f 4497 4507 4715
f 4715 4507 4724
f 4499 4716 4508
f 4716 4725 4508
f 4727 4717 4718
f 4726 4717 4727
f 4500 4509 4727
f 4718 4500 4727
f 4719 4728 4510
f 4501 4719 4510
f 4729 4719 4720
f 4728 4719 4729
f 4504 4511 4721
f 4512 4721 4511
f 4723 4721 4512
f 4506 4723 4512
f 4730 4513 4731
f 4730 4724 4513
f 4724 4507 4513
f 4731 4515 4514
f 4731 4514 4730
f 4730 4514 4732
f 4725 4514 4508
f 4732 4514 4725
f 4734 4726 4727
f 4733 4726 4734
f 4509 4517 4734
f 4727 4509 4734
f 4728 4735 4736
f 4728 4736 4510
f 4510 4736 4518
f 4729 4735 4728
f 4513 4519 4731
f 4515 4731 4519
f 4520 4733 4734
f 4520 4521 4733
f 4521 4737 4733
f 4517 4520 4734
f 4518 4736 4523
f 4736 4738 4523
f 4521 4524 4737
f 4737 4524 4739
f 4526 4740 4741
f 4527 4526 4741
f 4738 4526 4523
f 4740 4526 4738
f 4524 4528 4739
f 4739 4528 4742
f 4527 4741 4530
f 4741 4743 4530
f 4745 4528 4531
f 4745 4744 4528
f 4744 4742 4528
f 4531 4532 4745
f 4533 4746 4747
f 4534 4533 4747
f 4743 4533 4530
f 4746 4533 4743
f 4745 4748 4744
f 4748 4745 4532
f 4748 4532 4749
f 4749 4532 4535
f 4536 4750 4751
f 4537 4536 4751
f 4747 4536 4534
f 4750 4536 4747
f 4535 4538 4749
f 4749 4538 4752
f 4539 4753 4754
f 4540 4539 4754
f 4751 4539 4537
f 4753 4539 4751
f 4755 4542 4756
f 4755 4752 4542
f 4752 4538 4542
f 4755 4756 4757
f 4543 4758 4759
f 4544 4543 4759
f 4754 4543 4540
f 4758 4543 4754
f 4756 4545 4760
f 4542 4545 4756
f 4761 4757 4756
f 4760 4761 4756
f 4764 4762 4763
f 4764 4547 4546
f 4764 4546 4762
f 4762 4546 4765
f 4759 4546 4544
f 4765 4546 4759
f 4545 4548 4760
f 4549 4767 4766
f 4548 4549 4766
f 4548 4766 4761
f 4548 4761 4760
f 4763 4766 4767
f 4764 4763 4767
f 4764 4767 4551
f 4764 4551 4550
f 4547 4764 4550
f 4549 4552 4767
f 4551 4767 4552
f 4555 4556 4768
f 4555 4769 4557
f 4768 4769 4555
f 4557 4769 4558
f 4768 4771 4770
f 4768 4556 4771
f 4556 4560 4771
f 4769 4768 4770
f 4772 4769 4770
f 4558 4769 4772
f 4558 4772 4561
f 4561 4772 4773
f 4773 4562 4561
f 4774 4562 4773
f 4563 4776 4775
f 4564 4776 4563
f 4771 4560 4563
f 4775 4771 4563
f 4562 4774 4777
f 4565 4562 4777
f 4777 4566 4565
f 4778 4566 4777
f 4564 4567 4776
f 4776 4567 4779
f 4566 4778 4780
f 4568 4566 4780
f 4780 4569 4568
f 4781 4569 4780
f 4784 4783 4782
f 4784 4782 4779
f 4784 4779 4570
f 4570 4779 4567
f 4569 4781 4785
f 4571 4569 4785
f 4785 4572 4571
f 4786 4572 4785
f 4573 4783 4784
f 4573 4574 4783
f 4574 4787 4783
f 4570 4573 4784
f 4572 4786 4575
f 4786 4788 4575
f 4574 4576 4787
f 4787 4576 4789
f 4575 4788 4790
f 4577 4575 4790
f 4790 4578 4577
f 4791 4578 4790
f 4576 4579 4789
f 4789 4579 4792
f 4578 4791 4793
f 4580 4578 4793
f 4793 4582 4580
f 4794 4582 4793
f 4579 4584 4792
f 4792 4584 4795
f 4796 4797 4586
f 4796 4586 4794
f 4794 4586 4582
f 4796 4798 4797
f 4589 4800 4799
f 4590 4800 4589
f 4591 4589 4801
f 4589 4799 4801
f 4801 4592 4591
f 4802 4592 4801
f 4584 4593 4795
f 4795 4593 4803
f 4586 4797 4595
f 4597 4804 4805
f 4595 4804 4597
f 4595 4798 4804
f 4595 4797 4798
f 4804 4806 4805
f 4600 4601 4807
f 4600 4808 4602
f 4807 4808 4600
f 4602 4808 4603
f 4590 4604 4800
f 4800 4604 4809
f 4810 4811 4605
f 4810 4605 4802
f 4802 4605 4592
f 4811 4810 4803
f 4811 4803 4606
f 4606 4803 4593
f 4805 4812 4609
f 4597 4805 4609
f 4813 4805 4806
f 4812 4805 4813
f 4612 4613 4814
f 4612 4807 4601
f 4612 4814 4807
f 4814 4815 4807
f 4808 4807 4816
f 4816 4807 4815
f 4603 4808 4816
f 4603 4816 4817
f 4603 4817 4614
f 4817 4816 4818
f 4615 4614 4819
f 4614 4817 4819
f 4616 4615 4820
f 4615 4819 4820
f 4820 4617 4616
f 4821 4617 4820
f 4604 4618 4809
f 4809 4618 4822
f 4811 4823 4619
f 4605 4811 4619
f 4606 4620 4823
f 4811 4606 4823
f 4812 4824 4623
f 4609 4812 4623
f 4825 4812 4813
f 4824 4812 4825
f 4613 4627 4814
f 4628 4814 4627
f 4628 4826 4814
f 4826 4815 4814
f 4816 4815 4827
f 4827 4815 4826
f 4828 4818 4816
f 4827 4828 4816
f 4829 4830 4629
f 4829 4629 4821
f 4821 4629 4617
f 4830 4829 4822
f 4830 4822 4630
f 4630 4822 4618
f 4823 4831 4632
f 4619 4823 4632
f 4620 4633 4831
f 4823 4620 4831
f 4824 4832 4636
f 4623 4824 4636
f 4833 4824 4825
f 4832 4824 4833
f 4638 4639 4834
f 4638 4835 4640
f 4834 4835 4638
f 4640 4835 4641
f 4628 4643 4826
f 4644 4826 4643
f 4827 4826 4644
f 4827 4836 4828
f 4827 4644 4836
f 4644 4645 4836
f 4836 4645 4646
f 4837 4836 4646
f 4830 4838 4648
f 4629 4830 4648
f 4630 4649 4838
f 4830 4630 4838
f 4831 4839 4652
f 4632 4831 4652
f 4633 4653 4839
f 4831 4633 4839
f 4832 4840 4656
f 4636 4832 4656
f 4841 4832 4833
f 4840 4832 4841
f 4834 4659 4842
f 4639 4659 4834
f 4835 4834 4843
f 4843 4834 4842
f 4641 4843 4660
f 4835 4843 4641
f 4646 4662 4837
f 4837 4662 4844
f 4838 4845 4665
f 4648 4838 4665
f 4649 4666 4845
f 4838 4649 4845
f 4839 4846 4669
f 4652 4839 4669
f 4653 4670 4846
f 4839 4653 4846
f 4840 4847 4673
f 4656 4840 4673
f 4848 4840 4841
f 4847 4840 4848
f 4659 4676 4842
f 4678 4842 4676
f 4843 4842 4678
f 4660 4843 4678
f 4682 4850 4849
f 4683 4850 4682
f 4844 4662 4682
f 4849 4844 4682
f 4845 4851 4852
f 4845 4852 4665
f 4665 4852 4684
f 4851 4845 4666
f 4851 4666 4853
f 4853 4666 4685
f 4846 4854 4688
f 4669 4846 4688
f 4670 4689 4854
f 4846 4670 4854
f 4847 4855 4692
f 4673 4847 4692
f 4856 4847 4848
f 4855 4847 4856
f 4696 4697 4857
f 4696 4858 4698
f 4857 4858 4696
f 4698 4858 4859
f 4698 4859 4683
f 4683 4859 4850
f 4684 4852 4699
f 4852 4860 4699
f 4685 4700 4853
f 4853 4700 4861
f 4854 4862 4701
f 4688 4854 4701
f 4689 4702 4862
f 4854 4689 4862
f 4855 4863 4705
f 4692 4855 4705
f 4864 4855 4856
f 4863 4855 4864
f 4857 4708 4865
f 4697 4708 4857
f 4709 4865 4710
f 4709 4858 4865
f 4858 4857 4865
f 4858 4866 4859
f 4858 4709 4866
f 4709 4712 4866
f 4713 4867 4712
f 4712 4867 4866
f 4714 4868 4713
f 4713 4868 4867
f 4860 4714 4699
f 4868 4714 4860
f 4700 4715 4861
f 4861 4715 4869
f 4862 4870 4716
f 4701 4862 4716
f 4702 4717 4870
f 4862 4702 4870
f 4863 4871 4720
f 4705 4863 4720
f 4872 4863 4864
f 4871 4863 4872
f 4708 4722 4865
f 4710 4865 4722
f 4715 4724 4869
f 4869 4724 4873
f 4870 4874 4725
f 4716 4870 4725
f 4717 4726 4874
f 4870 4717 4874
f 4871 4875 4729
f 4720 4871 4729
f 4876 4871 4872
f 4875 4871 4876
f 4724 4877 4873
f 4730 4877 4724
f 4732 4878 4730
f 4730 4878 4877
f 4874 4732 4725
f 4874 4879 4732
f 4879 4878 4732
f 4879 4874 4726
f 4879 4726 4880
f 4880 4726 4733
f 4735 4881 4736
f 4735 4883 4881
f 4729 4883 4735
f 4729 4882 4883
f 4729 4875 4882
f 4876 4882 4875
f 4733 4737 4880
f 4880 4737 4884
f 4881 4885 4886
f 4881 4886 4736
f 4736 4886 4738
f 4883 4885 4881
f 4737 4739 4884
f 4884 4739 4887
f 4740 4888 4889
f 4741 4740 4889
f 4886 4740 4738
f 4888 4740 4886
f 4739 4742 4887
f 4887 4742 4890
f 4741 4889 4743
f 4889 4891 4743
f 4742 4744 4890
f 4890 4744 4892
f 4746 4893 4894
f 4747 4746 4894
f 4891 4746 4743
f 4893 4746 4891
f 4744 4895 4892
f 4748 4895 4744
f 4895 4748 4749
f 4896 4895 4749
f 4899 4897 4898
f 4899 4751 4750
f 4899 4750 4897
f 4897 4750 4900
f 4894 4750 4747
f 4900 4750 4894
f 4901 4752 4902
f 4901 4896 4752
f 4896 4749 4752
f 4901 4902 4903
f 4906 4904 4905
f 4898 4904 4906
f 4899 4898 4906
f 4899 4906 4754
f 4899 4754 4753
f 4751 4899 4753
f 4752 4755 4902
f 4902 4755 4757
f 4902 4757 4903
f 4903 4757 4907
f 4910 4908 4909
f 4905 4908 4910
f 4906 4905 4910
f 4906 4910 4759
f 4906 4759 4758
f 4754 4906 4758
f 4911 4761 4912
f 4911 4907 4761
f 4907 4757 4761
f 4912 4763 4762
f 4912 4762 4911
f 4911 4762 4913
f 4909 4765 4910
f 4909 4913 4765
f 4913 4762 4765
f 4759 4910 4765
f 4761 4766 4912
f 4763 4912 4766
f 4770 4771 4914
f 4770 4915 4772
f 4914 4915 4770
f 4772 4916 4773
f 4915 4916 4772
f 4773 4916 4774
f 4775 4776 4917
f 4775 4917 4919
f 4771 4775 4919
f 4771 4919 4918
f 4771 4918 4914
f 4915 4914 4918
f 4920 4915 4918
f 4916 4915 4920
f 4921 4916 4920
f 4923 4921 4922
f 4777 4921 4923
f 4777 4916 4921
f 4777 4774 4916
f 4777 4923 4778
f 4917 4925 4924
f 4917 4776 4925
f 4776 4779 4925
f 4919 4917 4924
f 4923 4922 4926
f 4928 4926 4927
f 4780 4926 4928
f 4780 4923 4926
f 4780 4778 4923
f 4780 4928 4781
f 4782 4930 4929
f 4783 4930 4782
f 4925 4779 4782
f 4929 4925 4782
f 4928 4927 4931
f 4933 4931 4932
f 4785 4931 4933
f 4785 4928 4931
f 4785 4781 4928
f 4785 4933 4786
f 4783 4787 4930
f 4930 4787 4934
f 4933 4932 4935
f 4935 4786 4933
f 4935 4936 4786
f 4936 4788 4786
f 4787 4789 4934
f 4934 4789 4937
f 4788 4936 4938
f 4790 4788 4938
f 4938 4791 4790
f 4939 4791 4938
f 4942 4941 4940
f 4942 4940 4937
f 4942 4937 4792
f 4792 4937 4789
f 4791 4939 4943
f 4793 4791 4943
f 4794 4944 4945
f 4794 4793 4944
f 4793 4943 4944
f 4944 4946 4945
f 4948 4941 4942
f 4947 4941 4948
f 4792 4795 4948
f 4942 4792 4948
f 4794 4945 4796
f 4798 4949 4950
f 4796 4949 4798
f 4796 4946 4949
f 4796 4945 4946
f 4949 4951 4950
f 4799 4800 4952
f 4954 4799 4952
f 4954 4953 4799
f 4953 4801 4799
f 4802 4948 4955
f 4802 4953 4948
f 4802 4801 4953
f 4953 4947 4948
f 4795 4803 4955
f 4948 4795 4955
f 4798 4950 4804
f 4950 4806 4804
f 4950 4951 4806
f 4951 4956 4806
f 4952 4958 4957
f 4952 4800 4958
f 4800 4809 4958
f 4954 4952 4957
f 4802 4955 4810
f 4803 4810 4955
f 4959 4960 4813
f 4959 4813 4956
f 4956 4813 4806
f 4959 4961 4960
f 4817 4818 4962
f 4964 4817 4962
f 4964 4963 4817
f 4963 4819 4817
f 4820 4819 4965
f 4819 4963 4965
f 4965 4821 4820
f 4966 4821 4965
f 4809 4822 4958
f 4958 4822 4967
f 4960 4968 4825
f 4813 4960 4825
f 4969 4960 4961
f 4968 4960 4969
f 4962 4828 4970
f 4818 4828 4962
f 4971 4964 4962
f 4970 4971 4962
f 4821 4966 4972
f 4829 4821 4972
f 4967 4822 4829
f 4972 4967 4829
f 4968 4973 4833
f 4825 4968 4833
f 4974 4968 4969
f 4973 4968 4974
f 4828 4836 4970
f 4970 4836 4837
f 4970 4837 4971
f 4971 4837 4975
f 4973 4976 4841
f 4833 4973 4841
f 4977 4973 4974
f 4976 4973 4977
f 4837 4844 4975
f 4975 4844 4978
f 4976 4979 4848
f 4841 4976 4848
f 4980 4976 4977
f 4979 4976 4980
f 4849 4850 4981
f 4849 4981 4982
f 4849 4982 4844
f 4844 4982 4978
f 4851 4983 4852
f 4851 4853 4983
f 4979 4984 4856
f 4848 4979 4856
f 4985 4979 4980
f 4984 4979 4985
f 4981 4859 4986
f 4850 4859 4981
f 4987 4982 4981
f 4986 4987 4981
f 4990 4988 4989
f 4983 4991 4988
f 4983 4988 4860
f 4983 4860 4852
f 4860 4988 4990
f 4991 4983 4853
f 4991 4853 4992
f 4992 4853 4861
f 4984 4993 4864
f 4856 4984 4864
f 4994 4984 4985
f 4993 4984 4994
f 4859 4866 4986
f 4986 4995 4987
f 4986 4866 4995
f 4866 4867 4995
f 4989 4868 4990
f 4989 4995 4868
f 4995 4867 4868
f 4860 4990 4868
f 4861 4869 4992
f 4992 4869 4996
f 4993 4997 4872
f 4864 4993 4872
f 4998 4993 4994
f 4997 4993 4998
f 4999 4873 5000
f 4999 4996 4873
f 4996 4869 4873
f 4999 5000 5001
f 4997 5002 5003
f 4997 5003 4872
f 4872 5003 4876
f 4998 5002 4997
f 4873 4877 5000
f 5000 5004 5001
f 5000 4877 5004
f 4877 4878 5004
f 5006 5005 5004
f 5006 5004 4879
f 4879 5004 4878
f 4879 4880 5006
f 4882 5007 5008
f 4883 4882 5008
f 5003 4882 4876
f 5007 4882 5003
f 5010 5005 5006
f 5009 5005 5010
f 4880 4884 5010
f 5006 4880 5010
f 4885 5011 5012
f 4886 4885 5012
f 5008 4885 4883
f 5011 4885 5008
f 5010 5013 5009
f 5013 5010 4884
f 5013 4884 5014
f 5014 4884 4887
f 4888 5015 5016
f 4889 4888 5016
f 5012 4888 4886
f 5015 4888 5012
f 4887 4890 5014
f 5014 4890 5017
f 5020 5018 5019
f 5020 5016 5018
f 5020 4891 5016
f 4891 4889 5016
f 4890 4892 5017
f 5017 4892 5021
f 5024 5022 5023
f 5019 5022 5024
f 5020 5019 5024
f 5020 5024 4894
f 5020 4894 4893
f 4891 5020 4893
f 4892 5025 5021
f 4895 5025 4892
f 5025 4895 4896
f 5026 5025 4896
f 4897 5027 5028
f 4898 4897 5028
f 5023 4900 5024
f 5023 5027 4900
f 5027 4897 4900
f 4894 5024 4900
f 4896 5029 5026
f 4901 5029 4896
f 5029 4901 4903
f 5030 5029 4903
f 4904 5031 5032
f 4905 4904 5032
f 5028 4904 4898
f 5031 4904 5028
f 5033 4907 5034
f 5033 5030 4907
f 5030 4903 4907
f 5034 5036 5035
f 5033 5034 5035
f 5036 4909 4908
f 5036 4908 5035
f 5035 4908 5037
f 5032 4908 4905
f 5037 4908 5032
f 4907 4911 5034
f 4913 5034 4911
f 5036 5034 4913
f 4909 5036 4913
f 4918 5039 5038
f 4919 5039 4918
f 4920 4918 5040
f 4918 5038 5040
f 4921 4920 5041
f 4920 5040 5041
f 5041 4922 4921
f 5042 4922 5041
f 4924 5044 5043
f 4925 5044 4924
f 5039 4919 4924
f 5043 5039 4924
f 4922 5042 5045
f 4926 4922 5045
f 5045 4927 4926
f 5046 4927 5045
f 4929 4930 5047
f 4929 5047 5048
f 4929 5048 4925
f 4925 5048 5044
f 4927 5046 5049
f 4931 4927 5049
f 5049 4932 4931
f 5050 4932 5049
f 5047 5052 5051
f 5047 4930 5052
f 4930 4934 5052
f 5048 5047 5051
f 4932 5050 5053
f 4935 4932 5053
f 5053 4936 4935
f 5054 4936 5053
f 5057 5056 5055
f 5057 5055 5052
f 5057 5052 4937
f 4937 5052 4934
f 4936 5054 5058
f 4938 4936 5058
f 4939 5059 5060
f 4939 4938 5059
f 4938 5058 5059
f 5059 5061 5060
f 4940 5056 5057
f 4940 4941 5056
f 4941 5062 5056
f 4937 4940 5057
f 4939 5060 4943
f 5060 5061 5063
f 5060 5063 4943
f 4943 5063 4944
f 5063 4946 4944
f 5064 4946 5063
f 4941 4947 5062
f 5062 4947 5065
f 4946 5064 5066
f 4949 4946 5066
f 5066 4951 4949
f 5067 4951 5066
f 4953 5069 5068
f 4954 5069 4953
f 5065 4947 4953
f 5068 5065 4953
f 5070 5071 4956
f 5070 4956 5067
f 5067 4956 4951
f 5070 5072 5071
f 4957 5074 5073
f 4958 5074 4957
f 5069 4954 4957
f 5073 5069 4957
f 4956 5071 4959
f 5071 4961 4959
f 5071 5072 4961
f 5072 5075 4961
f 4963 4964 5076
f 4963 5077 4965
f 5076 5077 4963
f 4965 5077 4966
f 4958 4967 5074
f 5074 4967 5078
f 5079 5080 4969
f 5079 4969 5075
f 5075 4969 4961
f 5079 5081 5080
f 5076 5083 5082
f 5076 4964 5083
f 4964 4971 5083
f 5077 5076 5082
f 5084 5077 5082
f 4966 5077 5084
f 4966 5084 4972
f 4972 5084 5085
f 5078 4967 4972
f 5085 5078 4972
f 5080 5086 4974
f 4969 5080 4974
f 5087 5080 5081
f 5086 5080 5087
f 4971 4975 5083
f 5083 4975 5088
f 5086 5089 4977
f 4974 5086 4977
f 5090 5086 5087
f 5089 5086 5090
f 4975 4978 5088
f 5088 4978 5091
f 5089 5092 4980
f 4977 5089 4980
f 5093 5089 5090
f 5092 5089 5093
f 5094 4982 5095
f 5094 5091 4982
f 5091 4978 4982
f 5094 5095 5096
f 5092 5097 4985
f 4980 5092 4985
f 5098 5092 5093
f 5097 5092 5098
f 5095 4987 5099
f 4982 4987 5095
f 4989 4988 5100
f 4989 5100 5095
f 4989 5095 5099
f 5096 5095 5100
f 4991 5101 4988
f 4988 5101 5100
f 5101 4991 4992
f 5102 5101 4992
f 5097 5103 4994
f 4985 5097 4994
f 5104 5097 5098
f 5103 5097 5104
f 4987 4995 5099
f 4989 5099 4995
f 4992 4996 5102
f 5102 4996 5105
f 5103 5106 5107
f 5103 5107 4994
f 4994 5107 4998
f 5104 5106 5103
f 4996 5108 5105
f 4999 5108 4996
f 5108 4999 5001
f 5109 5108 5001
f 5002 5110 5003
f 5002 5111 5110
f 5002 4998 5111
f 4998 5107 5111
f 5001 5112 5109
f 5004 5112 5001
f 5112 5004 5005
f 5113 5112 5005
f 5007 5114 5008
f 5007 5116 5114
f 5003 5116 5007
f 5003 5115 5116
f 5003 5110 5115
f 5111 5115 5110
f 5005 5009 5113
f 5113 5009 5117
f 5011 5118 5012
f 5011 5120 5118
f 5008 5120 5011
f 5008 5119 5120
f 5008 5114 5119
f 5116 5119 5114
f 5122 5009 5013
f 5122 5121 5009
f 5121 5117 5009
f 5013 5014 5122
f 5015 5123 5124
f 5016 5015 5124
f 5118 5015 5012
f 5118 5125 5015
f 5125 5123 5015
f 5120 5125 5118
f 5122 5126 5121
f 5126 5122 5014
f 5126 5014 5127
f 5127 5014 5017
f 5018 5128 5129
f 5019 5018 5129
f 5124 5018 5016
f 5128 5018 5124
f 5130 5021 5131
f 5130 5127 5021
f 5127 5017 5021
f 5130 5131 5132
f 5022 5133 5134
f 5023 5022 5134
f 5129 5022 5019
f 5133 5022 5129
f 5021 5025 5131
f 5131 5025 5026
f 5131 5026 5132
f 5132 5026 5135
f 5027 5136 5137
f 5028 5027 5137
f 5134 5027 5023
f 5136 5027 5134
f 5026 5138 5135
f 5029 5138 5026
f 5030 5140 5139
f 5030 5139 5029
f 5029 5139 5138
f 5140 5142 5141
f 5139 5140 5141
f 5142 5144 5143
f 5141 5142 5143
f 5144 5032 5031
f 5144 5031 5143
f 5143 5031 5145
f 5137 5031 5028
f 5145 5031 5137
f 5030 5033 5140
f 5035 5140 5033
f 5142 5140 5035
f 5037 5142 5035
f 5144 5142 5037
f 5032 5144 5037
f 5038 5039 5146
f 5038 5147 5040
f 5146 5147 5038
f 5040 5148 5041
f 5147 5148 5040
f 5041 5148 5042
f 5043 5044 5149
f 5043 5149 5151
f 5039 5043 5151
f 5039 5151 5150
f 5039 5150 5146
f 5147 5146 5150
f 5152 5147 5150
f 5148 5147 5152
f 5153 5148 5152
f 5042 5148 5153
f 5042 5153 5045
f 5045 5153 5154
f 5154 5046 5045
f 5155 5046 5154
f 5149 5157 5156
f 5149 5044 5157
f 5044 5048 5157
f 5151 5149 5156
f 5046 5155 5158
f 5049 5046 5158
f 5158 5050 5049
f 5159 5050 5158
f 5051 5161 5160
f 5052 5161 5051
f 5157 5048 5051
f 5160 5157 5051
f 5050 5159 5162
f 5053 5050 5162
f 5162 5054 5053
f 5163 5054 5162
f 5055 5056 5164
f 5055 5164 5165
f 5055 5165 5052
f 5052 5165 5161
f 5054 5163 5166
f 5058 5054 5166
f 5059 5058 5167
f 5058 5166 5167
f 5167 5061 5059
f 5168 5061 5167
f 5164 5170 5169
f 5164 5056 5170
f 5056 5062 5170
f 5165 5164 5169
f 5061 5168 5171
f 5063 5061 5171
f 5171 5064 5063
f 5172 5064 5171
f 5062 5065 5170
f 5170 5065 5173
f 5064 5172 5174
f 5066 5064 5174
f 5174 5067 5066
f 5175 5067 5174
f 5068 5177 5176
f 5069 5177 5068
f 5173 5065 5068
f 5176 5173 5068
f 5067 5175 5178
f 5070 5067 5178
f 5178 5072 5070
f 5179 5072 5178
f 5073 5074 5180
f 5073 5180 5181
f 5073 5181 5069
f 5069 5181 5177
f 5182 5183 5075
f 5182 5075 5179
f 5179 5075 5072
f 5182 5184 5183
f 5180 5186 5185
f 5180 5074 5186
f 5074 5078 5186
f 5181 5180 5185
f 5075 5183 5079
f 5183 5081 5079
f 5183 5184 5081
f 5184 5187 5081
f 5082 5083 5188
f 5082 5189 5084
f 5188 5189 5082
f 5084 5190 5085
f 5189 5190 5084
f 5085 5190 5191
f 5085 5191 5078
f 5078 5191 5186
f 5081 5187 5087
f 5187 5192 5087
f 5188 5088 5193
f 5083 5088 5188
f 5189 5188 5194
f 5194 5188 5193
f 5196 5195 5190
f 5196 5190 5194
f 5194 5190 5189
f 5191 5190 5195
f 5197 5198 5090
f 5197 5090 5192
f 5192 5090 5087
f 5197 5199 5198
f 5193 5091 5200
f 5088 5091 5193
f 5194 5193 5201
f 5201 5193 5200
f 5202 5196 5194
f 5201 5202 5194
f 5198 5203 5093
f 5090 5198 5093
f 5204 5198 5199
f 5203 5198 5204
f 5091 5094 5200
f 5096 5200 5094
f 5096 5205 5200
f 5205 5201 5200
f 5206 5202 5201
f 5206 5201 5207
f 5207 5201 5205
f 5206 5207 5208
f 5203 5209 5098
f 5093 5203 5098
f 5210 5203 5204
f 5209 5203 5210
f 5096 5100 5205
f 5101 5205 5100
f 5207 5205 5101
f 5207 5101 5102
f 5207 5102 5208
f 5208 5102 5211
f 5209 5212 5104
f 5098 5209 5104
f 5213 5209 5210
f 5212 5209 5213
f 5214 5105 5215
f 5214 5211 5105
f 5211 5102 5105
f 5214 5215 5216
f 5106 5217 5107
f 5106 5219 5217
f 5104 5219 5106
f 5104 5218 5219
f 5104 5212 5218
f 5213 5218 5212
f 5105 5108 5215
f 5215 5108 5109
f 5215 5109 5216
f 5216 5109 5220
f 5217 5221 5222
f 5217 5222 5107
f 5107 5222 5111
f 5219 5221 5217
f 5109 5223 5220
f 5112 5223 5109
f 5223 5112 5113
f 5224 5223 5113
f 5115 5225 5226
f 5116 5115 5226
f 5222 5115 5111
f 5225 5115 5222
f 5113 5117 5224
f 5224 5117 5227
f 5119 5228 5229
f 5120 5119 5229
f 5226 5119 5116
f 5228 5119 5226
f 5117 5121 5227
f 5227 5121 5230
f 5123 5231 5232
f 5124 5123 5232
f 5125 5233 5123
f 5123 5233 5231
f 5229 5125 5120
f 5233 5125 5229
f 5121 5234 5230
f 5126 5234 5121
f 5234 5126 5127
f 5235 5234 5127
f 5128 5236 5237
f 5129 5128 5237
f 5232 5128 5124
f 5236 5128 5232
f 5127 5238 5235
f 5130 5238 5127
f 5238 5130 5132
f 5239 5238 5132
f 5242 5240 5241
f 5242 5134 5133
f 5242 5133 5240
f 5240 5133 5243
f 5237 5133 5129
f 5243 5133 5237
f 5244 5135 5245
f 5244 5239 5135
f 5239 5132 5135
f 5244 5245 5246
f 5249 5247 5248
f 5241 5247 5249
f 5242 5241 5249
f 5242 5249 5137
f 5242 5137 5136
f 5134 5242 5136
f 5135 5138 5245
f 5245 5250 5246
f 5245 5138 5250
f 5138 5139 5250
f 5141 5251 5139
f 5139 5251 5250
f 5143 5252 5141
f 5141 5252 5251
f 5248 5145 5249
f 5248 5252 5145
f 5252 5143 5145
f 5137 5249 5145
f 5150 5151 5253
f 5255 5150 5253
f 5255 5254 5150
f 5254 5152 5150
f 5257 5254 5256
f 5257 5153 5254
f 5153 5152 5254
f 5153 5258 5154
f 5257 5258 5153
f 5154 5258 5155
f 5156 5260 5259
f 5157 5260 5156
f 5253 5151 5156
f 5253 5156 5261
f 5261 5156 5259
f 5255 5253 5261
f 5257 5256 5262
f 5258 5257 5262
f 5263 5258 5262
f 5265 5263 5264
f 5158 5263 5265
f 5158 5258 5263
f 5158 5155 5258
f 5158 5265 5159
f 5160 5267 5266
f 5161 5267 5160
f 5260 5157 5160
f 5266 5260 5160
f 5265 5264 5268
f 5159 5265 5268
f 5159 5268 5162
f 5162 5268 5269
f 5269 5163 5162
f 5270 5163 5269
f 5161 5165 5267
f 5267 5165 5271
f 5163 5270 5272
f 5166 5163 5272
f 5167 5166 5273
f 5166 5272 5273
f 5273 5168 5167
f 5274 5168 5273
f 5169 5276 5275
f 5170 5276 5169
f 5271 5165 5169
f 5275 5271 5169
f 5168 5274 5277
f 5171 5168 5277
f 5277 5172 5171
f 5278 5172 5277
f 5170 5173 5276
f 5276 5173 5279
f 5172 5278 5280
f 5174 5172 5280
f 5175 5281 5282
f 5175 5174 5281
f 5174 5280 5281
f 5281 5283 5282
f 5176 5285 5284
f 5177 5285 5176
f 5279 5173 5176
f 5284 5279 5176
f 5175 5282 5178
f 5179 5286 5287
f 5178 5286 5179
f 5178 5283 5286
f 5178 5282 5283
f 5286 5288 5287
f 5177 5181 5285
f 5285 5181 5289
f 5179 5287 5182
f 5184 5290 5291
f 5182 5290 5184
f 5182 5288 5290
f 5182 5287 5288
f 5290 5292 5291
f 5185 5294 5293
f 5186 5294 5185
f 5289 5181 5185
f 5293 5289 5185
f 5291 5295 5187
f 5184 5291 5187
f 5296 5291 5292
f 5295 5291 5296
f 5186 5191 5294
f 5294 5191 5297
f 5295 5298 5192
f 5187 5295 5192
f 5299 5295 5296
f 5299 5300 5295
f 5300 5298 5295
f 5299 5301 5300
f 5195 5196 5302
f 5195 5302 5303
f 5195 5303 5191
f 5191 5303 5297
f 5192 5298 5197
f 5199 5197 5298
f 5199 5298 5304
f 5304 5298 5300
f 5305 5300 5301
f 5305 5306 5300
f 5306 5304 5300
f 5305 5307 5306
f 5302 5202 5308
f 5196 5202 5302
f 5309 5303 5302
f 5308 5309 5302
f 5304 5310 5204
f 5199 5304 5204
f 5306 5311 5304
f 5311 5310 5304
f 5312 5306 5307
f 5311 5306 5312
f 5202 5206 5308
f 5308 5206 5208
f 5308 5208 5309
f 5309 5208 5313
f 5310 5314 5210
f 5204 5310 5210
f 5311 5315 5310
f 5315 5314 5310
f 5316 5311 5312
f 5315 5311 5316
f 5208 5211 5313
f 5313 5211 5317
f 5314 5318 5213
f 5210 5314 5213
f 5315 5319 5314
f 5319 5318 5314
f 5320 5315 5316
f 5320 5321 5315
f 5321 5319 5315
f 5320 5322 5321
f 5211 5323 5317
f 5214 5323 5211
f 5323 5214 5216
f 5324 5323 5216
f 5218 5325 5219
f 5218 5213 5318
f 5218 5318 5325
f 5325 5318 5326
f 5319 5327 5318
f 5327 5326 5318
f 5321 5328 5319
f 5328 5327 5319
f 5329 5321 5322
f 5328 5321 5329
f 5216 5220 5324
f 5324 5220 5330
f 5221 5331 5222
f 5221 5333 5331
f 5219 5333 5221
f 5219 5332 5333
f 5219 5325 5332
f 5326 5332 5325
f 5334 5332 5326
f 5327 5334 5326
f 5335 5334 5327
f 5328 5335 5327
f 5336 5335 5328
f 5329 5336 5328
f 5220 5337 5330
f 5223 5337 5220
f 5337 5223 5224
f 5338 5337 5224
f 5225 5339 5340
f 5226 5225 5340
f 5331 5225 5222
f 5331 5341 5225
f 5341 5339 5225
f 5333 5341 5331
f 5224 5227 5338
f 5338 5227 5342
f 5345 5343 5344
f 5345 5229 5228
f 5345 5228 5343
f 5343 5228 5346
f 5340 5228 5226
f 5346 5228 5340
f 5347 5230 5348
f 5347 5342 5230
f 5342 5227 5230
f 5347 5348 5349
f 5231 5350 5351
f 5232 5231 5351
f 5344 5233 5345
f 5344 5350 5233
f 5350 5231 5233
f 5229 5345 5233
f 5230 5234 5348
f 5348 5234 5235
f 5348 5235 5349
f 5349 5235 5352
f 5355 5353 5354
f 5355 5237 5236
f 5355 5236 5353
f 5353 5236 5356
f 5351 5236 5232
f 5356 5236 5351
f 5235 5357 5352
f 5238 5357 5235
f 5357 5238 5239
f 5358 5357 5239
f 5240 5359 5360
f 5241 5240 5360
f 5354 5243 5355
f 5354 5359 5243
f 5359 5240 5243
f 5237 5355 5243
f 5239 5361 5358
f 5244 5361 5239
f 5246 5363 5362
f 5246 5362 5244
f 5244 5362 5361
f 5363 5365 5364
f 5362 5363 5364
f 5365 5367 5366
f 5364 5365 5366
f 5367 5248 5247
f 5367 5247 5366
f 5366 5247 5368
f 5360 5247 5241
f 5368 5247 5360
f 5246 5250 5363
f 5251 5363 5250
f 5365 5363 5251
f 5252 5365 5251
f 5367 5365 5252
f 5248 5367 5252
f 5254 5255 5369
f 5254 5369 5256
f 5259 5260 5370
f 5372 5259 5370
f 5372 5371 5259
f 5371 5261 5259
f 5369 5255 5261
f 5369 5261 5373
f 5373 5261 5371
f 5256 5369 5373
f 5256 5373 5262
f 5262 5373 5374
f 5263 5262 5375
f 5262 5374 5375
f 5375 5264 5263
f 5376 5264 5375
f 5266 5267 5377
f 5266 5377 5379
f 5260 5266 5379
f 5260 5379 5378
f 5260 5378 5370
f 5372 5370 5378
f 5264 5376 5380
f 5268 5264 5380
f 5382 5380 5381
f 5382 5269 5380
f 5269 5268 5380
f 5269 5382 5270
f 5377 5384 5383
f 5377 5267 5384
f 5267 5271 5384
f 5379 5377 5383
f 5382 5381 5385
f 5270 5382 5385
f 5270 5385 5272
f 5272 5385 5386
f 5388 5386 5387
f 5388 5273 5386
f 5273 5272 5386
f 5273 5388 5274
f 5275 5390 5389
f 5276 5390 5275
f 5384 5271 5275
f 5389 5384 5275
f 5388 5387 5391
f 5274 5388 5391
f 5274 5391 5277
f 5277 5391 5392
f 5392 5278 5277
f 5393 5278 5392
f 5276 5279 5390
f 5390 5279 5394
f 5278 5393 5395
f 5280 5278 5395
f 5281 5280 5396
f 5280 5395 5396
f 5396 5283 5281
f 5397 5283 5396
f 5284 5285 5398
f 5284 5398 5399
f 5284 5399 5279
f 5279 5399 5394
f 5283 5397 5400
f 5286 5283 5400
f 5288 5401 5402
f 5288 5286 5401
f 5286 5400 5401
f 5401 5403 5402
f 5398 5405 5404
f 5398 5285 5405
f 5285 5289 5405
f 5399 5398 5404
f 5288 5402 5290
f 5292 5406 5407
f 5290 5406 5292
f 5290 5403 5406
f 5290 5402 5403
f 5406 5408 5407
f 5293 5294 5409
f 5293 5409 5410
f 5293 5410 5289
f 5289 5410 5405
f 5407 5411 5296
f 5292 5407 5296
f 5412 5407 5408
f 5411 5407 5412
f 5409 5414 5413
f 5409 5294 5414
f 5294 5297 5414
f 5410 5409 5413
f 5296 5411 5299
f 5301 5415 5416
f 5299 5415 5301
f 5299 5412 5415
f 5299 5411 5412
f 5415 5417 5416
f 5297 5303 5414
f 5414 5303 5418
f 5301 5416 5305
f 5416 5307 5305
f 5416 5417 5307
f 5417 5419 5307
f 5303 5309 5418
f 5418 5309 5420
f 5307 5419 5312
f 5419 5421 5312
f 5309 5313 5420
f 5420 5313 5422
f 5312 5421 5316
f 5421 5423 5316
f 5424 5317 5425
f 5424 5422 5317
f 5422 5313 5317
f 5424 5425 5426
f 5316 5423 5427
f 5320 5316 5427
f 5322 5428 5429
f 5322 5320 5428
f 5320 5427 5428
f 5428 5430 5429
f 5317 5323 5425
f 5425 5323 5324
f 5425 5324 5426
f 5426 5324 5431
f 5429 5432 5329
f 5322 5429 5329
f 5433 5429 5430
f 5432 5429 5433
f 5434 5330 5435
f 5434 5431 5330
f 5431 5324 5330
f 5434 5435 5436
f 5439 5437 5438
f 5439 5333 5332
f 5439 5332 5437
f 5437 5332 5440
f 5334 5441 5332
f 5332 5441 5440
f 5443 5442 5441
f 5443 5441 5335
f 5335 5441 5334
f 5335 5336 5444
f 5443 5335 5444
f 5336 5329 5432
f 5336 5432 5444
f 5444 5432 5445
f 5446 5432 5433
f 5445 5432 5446
f 5330 5337 5435
f 5435 5337 5338
f 5435 5338 5436
f 5436 5338 5447
f 5339 5448 5449
f 5340 5339 5449
f 5438 5341 5439
f 5438 5448 5341
f 5448 5339 5341
f 5333 5439 5341
f 5443 5450 5442
f 5444 5450 5443
f 5451 5450 5444
f 5445 5451 5444
f 5452 5451 5445
f 5446 5452 5445
f 5338 5342 5447
f 5447 5342 5453
f 5343 5454 5455
f 5344 5343 5455
f 5346 5456 5343
f 5343 5456 5454
f 5449 5346 5340
f 5456 5346 5449
f 5342 5457 5453
f 5347 5457 5342
f 5457 5347 5349
f 5458 5457 5349
f 5461 5459 5460
f 5461 5351 5350
f 5461 5350 5459
f 5459 5350 5462
f 5455 5350 5344
f 5462 5350 5455
f 5463 5352 5464
f 5463 5458 5352
f 5458 5349 5352
f 5463 5464 5465
f 5353 5466 5467
f 5354 5353 5467
f 5460 5356 5461
f 5460 5466 5356
f 5466 5353 5356
f 5351 5461 5356
f 5352 5357 5464
f 5358 5469 5468
f 5357 5358 5468
f 5357 5468 5465
f 5357 5465 5464
f 5468 5469 5470
f 5473 5471 5472
f 5473 5360 5359
f 5473 5359 5471
f 5471 5359 5474
f 5467 5359 5354
f 5474 5359 5467
f 5358 5361 5469
f 5469 5475 5470
f 5469 5361 5475
f 5361 5362 5475
f 5364 5476 5362
f 5362 5476 5475
f 5366 5477 5364
f 5364 5477 5476
f 5472 5368 5473
f 5472 5477 5368
f 5477 5366 5368
f 5360 5473 5368
f 5371 5372 5478
f 5371 5479 5373
f 5478 5479 5371
f 5373 5480 5374
f 5479 5480 5373
f 5374 5481 5375
f 5480 5481 5374
f 5375 5481 5376
f 5378 5483 5482
f 5379 5483 5378
f 5478 5372 5378
f 5478 5378 5484
f 5484 5378 5482
f 5479 5478 5484
f 5485 5479 5484
f 5480 5479 5485
f 5486 5480 5485
f 5481 5480 5486
f 5487 5481 5486
f 5489 5487 5488
f 5380 5487 5489
f 5380 5481 5487
f 5380 5376 5481
f 5380 5489 5381
f 5383 5491 5490
f 5384 5491 5383
f 5483 5379 5383
f 5490 5483 5383
f 5489 5488 5492
f 5381 5489 5492
f 5381 5492 5385
f 5385 5492 5493
f 5386 5385 5494
f 5385 5493 5494
f 5494 5387 5386
f 5495 5387 5494
f 5389 5390 5496
f 5389 5496 5497
f 5389 5497 5384
f 5384 5497 5491
f 5387 5495 5498
f 5391 5387 5498
f 5392 5391 5499
f 5391 5498 5499
f 5499 5393 5392
f 5500 5393 5499
f 5496 5502 5501
f 5496 5390 5502
f 5390 5394 5502
f 5497 5496 5501
f 5393 5500 5503
f 5395 5393 5503
f 5396 5395 5504
f 5395 5503 5504
f 5397 5505 5506
f 5397 5396 5505
f 5396 5504 5505
f 5505 5507 5506
f 5394 5399 5502
f 5502 5399 5508
f 5397 5506 5400
f 5506 5507 5509
f 5506 5509 5400
f 5400 5509 5401
f 5403 5510 5511
f 5403 5401 5510
f 5401 5509 5510
f 5510 5512 5511
f 5404 5405 5513
f 5404 5513 5514
f 5404 5514 5399
f 5399 5514 5508
f 5403 5511 5406
f 5511 5408 5406
f 5511 5512 5408
f 5512 5515 5408
f 5513 5517 5516
f 5513 5405 5517
f 5405 5410 5517
f 5514 5513 5516
f 5518 5519 5412
f 5518 5412 5515
f 5515 5412 5408
f 5518 5520 5519
f 5413 5414 5521
f 5413 5521 5522
f 5413 5522 5410
f 5410 5522 5517
f 5412 5519 5415
f 5519 5417 5415
f 5519 5520 5417
f 5520 5523 5417
f 5521 5418 5524
f 5414 5418 5521
f 5525 5522 5521
f 5524 5525 5521
f 5417 5523 5419
f 5523 5526 5419
f 5524 5420 5527
f 5418 5420 5524
f 5528 5525 5524
f 5527 5528 5524
f 5419 5526 5421
f 5526 5529 5421
f 5527 5422 5530
f 5420 5422 5527
f 5531 5528 5527
f 5530 5531 5527
f 5421 5529 5423
f 5529 5532 5423
f 5422 5424 5530
f 5530 5424 5426
f 5530 5426 5531
f 5531 5426 5533
f 5423 5532 5534
f 5427 5423 5534
f 5428 5427 5535
f 5427 5534 5535
f 5535 5430 5428
f 5536 5430 5535
f 5426 5431 5533
f 5533 5431 5537
f 5430 5536 5433
f 5536 5538 5433
f 5431 5539 5537
f 5434 5539 5431
f 5539 5434 5436
f 5540 5539 5436
f 5437 5541 5542
f 5438 5437 5542
f 5440 5543 5437
f 5437 5543 5541
f 5441 5544 5440
f 5440 5544 5543
f 5544 5441 5442
f 5545 5544 5442
f 5433 5538 5446
f 5538 5546 5446
f 5436 5447 5540
f 5540 5447 5547
f 5550 5548 5549
f 5550 5449 5448
f 5550 5448 5548
f 5548 5448 5551
f 5542 5448 5438
f 5551 5448 5542
f 5442 5552 5545
f 5450 5552 5442
f 5451 5553 5450
f 5450 5553 5552
f 5452 5554 5451
f 5451 5554 5553
f 5546 5452 5446
f 5554 5452 5546
f 5555 5453 5556
f 5555 5547 5453
f 5547 5447 5453
f 5555 5556 5557
f 5560 5558 5559
f 5560 5455 5454
f 5560 5454 5558
f 5558 5454 5561
f 5549 5456 5550
f 5549 5561 5456
f 5561 5454 5456
f 5449 5550 5456
f 5453 5457 5556
f 5458 5563 5562
f 5457 5458 5562
f 5457 5562 5557
f 5457 5557 5556
f 5562 5563 5564
f 5459 5565 5566
f 5460 5459 5566
f 5559 5462 5560
f 5559 5565 5462
f 5565 5459 5462
f 5455 5560 5462
f 5458 5463 5563
f 5465 5568 5567
f 5463 5465 5567
f 5463 5567 5564
f 5463 5564 5563
f 5567 5568 5569
f 5572 5570 5571
f 5572 5467 5466
f 5572 5466 5570
f 5570 5466 5573
f 5566 5466 5460
f 5573 5466 5566
f 5465 5468 5568
f 5470 5575 5574
f 5468 5470 5574
f 5468 5574 5569
f 5468 5569 5568
f 5575 5577 5576
f 5574 5575 5576
f 5577 5579 5578
f 5576 5577 5578
f 5579 5472 5471
f 5579 5471 5578
f 5578 5471 5580
f 5571 5474 5572
f 5571 5580 5474
f 5580 5471 5474
f 5467 5572 5474
f 5470 5475 5575
f 5476 5575 5475
f 5577 5575 5476
f 5477 5577 5476
f 5579 5577 5477
f 5472 5579 5477
f 5482 5483 5581
f 5482 5582 5484
f 5581 5582 5482
f 5584 5484 5582
f 5584 5583 5484
f 5583 5485 5484
f 5486 5485 5585
f 5485 5583 5585
f 5587 5585 5586
f 5587 5487 5585
f 5487 5486 5585
f 5487 5587 5488
f 5490 5491 5588
f 5490 5588 5590
f 5483 5490 5590
f 5483 5590 5589
f 5483 5589 5581
f 5582 5581 5589
f 5591 5582 5589
f 5584 5582 5591
f 5587 5586 5592
f 5488 5587 5592
f 5488 5592 5492
f 5492 5592 5593
f 5595 5593 5594
f 5595 5493 5593
f 5493 5492 5593
f 5493 5596 5494
f 5595 5596 5493
f 5494 5596 5495
f 5588 5598 5597
f 5588 5491 5598
f 5491 5497 5598
f 5590 5588 5597
f 5595 5594 5599
f 5596 5595 5599
f 5600 5596 5599
f 5495 5596 5600
f 5495 5600 5498
f 5498 5600 5601
f 5499 5498 5602
f 5498 5601 5602
f 5602 5500 5499
f 5603 5500 5602
f 5501 5502 5604
f 5501 5604 5605
f 5501 5605 5497
f 5497 5605 5598
f 5500 5603 5606
f 5503 5500 5606
f 5504 5503 5607
f 5503 5606 5607
f 5505 5504 5608
f 5504 5607 5608
f 5507 5609 5610
f 5507 5505 5609
f 5505 5608 5609
f 5609 5611 5610
f 5604 5613 5612
f 5604 5502 5613
f 5502 5508 5613
f 5605 5604 5612
f 5507 5610 5509
f 5610 5611 5614
f 5610 5614 5509
f 5509 5614 5510
f 5512 5615 5616
f 5512 5510 5615
f 5510 5614 5615
f 5615 5617 5616
f 5508 5514 5613
f 5613 5514 5618
f 5616 5619 5515
f 5512 5616 5515
f 5620 5616 5617
f 5619 5616 5620
f 5516 5517 5621
f 5516 5621 5622
f 5516 5622 5514
f 5514 5622 5618
f 5515 5619 5518
f 5619 5520 5518
f 5619 5620 5520
f 5620 5623 5520
f 5621 5625 5624
f 5621 5517 5625
f 5517 5522 5625
f 5622 5621 5624
f 5520 5623 5523
f 5623 5626 5523
f 5629 5628 5627
f 5629 5630 5631
f 5627 5630 5629
f 5631 5632 5633
f 5630 5632 5631
f 5632 5634 5633
f 5637 5636 5635
f 5635 5638 5637
f 5522 5525 5625
f 5625 5525 5639
f 5640 5641 5526
f 5640 5526 5626
f 5626 5526 5523
f 5640 5642 5641
f 5629 5643 5628
f 5631 5643 5629
f 5644 5643 5631
f 5633 5644 5631
f 5645 5644 5633
f 5634 5645 5633
f 5647 5636 5637
f 5646 5636 5647
f 5648 5637 5638
f 5648 5649 5637
f 5649 5647 5637
f 5649 5650 5651
f 5648 5650 5649
f 5650 5652 5651
f 5525 5528 5639
f 5639 5528 5653
f 5641 5654 5529
f 5526 5641 5529
f 5655 5641 5642
f 5655 5656 5641
f 5656 5654 5641
f 5655 5657 5656
f 5659 5646 5647
f 5658 5646 5659
f 5649 5660 5647
f 5660 5659 5647
f 5651 5661 5649
f 5661 5660 5649
f 5662 5651 5652
f 5661 5651 5662
f 5528 5531 5653
f 5653 5531 5663
f 5654 5664 5532
f 5529 5654 5532
f 5656 5665 5654
f 5665 5664 5654
f 5666 5656 5657
f 5666 5667 5656
f 5667 5665 5656
f 5667 5668 5669
f 5666 5668 5667
f 5669 5670 5671
f 5668 5670 5669
f 5670 5672 5671
f 5674 5658 5659
f 5673 5658 5674
f 5676 5660 5675
f 5676 5674 5660
f 5674 5659 5660
f 5661 5675 5660
f 5677 5675 5661
f 5662 5677 5661
f 5678 5533 5679
f 5678 5663 5533
f 5663 5531 5533
f 5678 5679 5680
f 5532 5664 5534
f 5535 5534 5664
f 5665 5535 5664
f 5536 5535 5665
f 5536 5665 5681
f 5681 5665 5667
f 5683 5669 5682
f 5683 5681 5669
f 5681 5667 5669
f 5671 5682 5669
f 5684 5682 5671
f 5672 5684 5671
f 5674 5685 5673
f 5676 5685 5674
f 5679 5537 5686
f 5533 5537 5679
f 5687 5680 5679
f 5686 5687 5679
f 5690 5688 5689
f 5688 5690 5691
f 5681 5692 5538
f 5536 5681 5538
f 5693 5681 5683
f 5692 5681 5693
f 5537 5539 5686
f 5686 5539 5540
f 5686 5540 5687
f 5687 5540 5694
f 5697 5695 5696
f 5697 5542 5541
f 5697 5541 5695
f 5695 5541 5698
f 5689 5543 5690
f 5689 5698 5543
f 5698 5541 5543
f 5690 5699 5691
f 5690 5543 5699
f 5543 5544 5699
f 5699 5544 5545
f 5700 5699 5545
f 5692 5701 5702
f 5692 5702 5538
f 5538 5702 5546
f 5693 5701 5692
f 5703 5547 5704
f 5703 5694 5547
f 5694 5540 5547
f 5703 5704 5705
f 5708 5706 5707
f 5708 5549 5548
f 5708 5548 5706
f 5706 5548 5709
f 5696 5551 5697
f 5696 5709 5551
f 5709 5548 5551
f 5542 5697 5551
f 5545 5710 5700
f 5552 5710 5545
f 5553 5711 5552
f 5552 5711 5710
f 5554 5712 5553
f 5553 5712 5711
f 5702 5554 5546
f 5712 5554 5702
f 5547 5555 5704
f 5704 5555 5557
f 5704 5557 5705
f 5705 5557 5713
f 5716 5714 5715
f 5716 5559 5558
f 5716 5558 5714
f 5714 5558 5717
f 5707 5561 5708
f 5707 5717 5561
f 5717 5558 5561
f 5549 5708 5561
f 5557 5718 5713
f 5562 5718 5557
f 5718 5562 5564
f 5719 5718 5564
f 5722 5720 5721
f 5722 5724 5723
f 5720 5722 5723
f 5715 5723 5724
f 5716 5715 5724
f 5716 5724 5566
f 5716 5566 5565
f 5559 5716 5565
f 5564 5725 5719
f 5567 5725 5564
f 5569 5727 5726
f 5569 5726 5567
f 5567 5726 5725
f 5727 5729 5728
f 5726 5727 5728
f 5729 5731 5730
f 5728 5729 5730
f 5731 5733 5732
f 5730 5731 5732
f 5721 5732 5733
f 5722 5721 5733
f 5722 5733 5571
f 5722 5571 5570
f 5573 5722 5570
f 5724 5722 5573
f 5566 5724 5573
f 5569 5574 5727
f 5576 5727 5574
f 5729 5727 5576
f 5578 5729 5576
f 5731 5729 5578
f 5580 5731 5578
f 5733 5731 5580
f 5571 5733 5580
f 5583 5584 5734
f 5583 5735 5585
f 5734 5735 5583
f 5585 5735 5586
f 5738 5737 5736
f 5738 5739 5740
f 5736 5739 5738
f 5739 5741 5740
f 5589 5590 5742
f 5589 5743 5591
f 5742 5743 5589
f 5591 5743 5745
f 5584 5591 5745
f 5584 5745 5744
f 5584 5744 5734
f 5735 5734 5744
f 5746 5735 5744
f 5748 5746 5747
f 5592 5746 5748
f 5592 5735 5746
f 5592 5586 5735
f 5592 5749 5593
f 5748 5749 5592
f 5593 5749 5594
f 5752 5751 5750
f 5737 5752 5750
f 5737 5738 5752
f 5738 5753 5752
f 5755 5740 5754
f 5755 5753 5740
f 5753 5738 5740
f 5741 5754 5740
f 5597 5598 5756
f 5597 5756 5758
f 5590 5597 5758
f 5590 5758 5757
f 5590 5757 5742
f 5743 5742 5757
f 5759 5743 5757
f 5745 5743 5759
f 5748 5747 5760
f 5749 5748 5760
f 5761 5749 5760
f 5594 5749 5761
f 5594 5761 5599
f 5599 5761 5762
f 5600 5599 5763
f 5599 5762 5763
f 5765 5763 5764
f 5765 5601 5763
f 5601 5600 5763
f 5601 5766 5602
f 5765 5766 5601
f 5602 5766 5603
f 5768 5751 5752
f 5767 5751 5768
f 5753 5769 5752
f 5769 5768 5752
f 5770 5753 5755
f 5769 5753 5770
f 5756 5772 5771
f 5756 5598 5772
f 5598 5605 5772
f 5758 5756 5771
f 5765 5764 5773
f 5766 5765 5773
f 5774 5766 5773
f 5603 5766 5774
f 5603 5774 5606
f 5606 5774 5775
f 5607 5606 5776
f 5606 5775 5776
f 5608 5607 5777
f 5607 5776 5777
f 5609 5608 5778
f 5608 5777 5778
f 5611 5779 5780
f 5611 5609 5779
f 5609 5778 5779
f 5780 5781 5782
f 5779 5781 5780
f 5781 5783 5782
f 5768 5784 5767
f 5769 5784 5768
f 5785 5784 5769
f 5770 5785 5769
f 5612 5613 5786
f 5612 5786 5787
f 5612 5787 5605
f 5605 5787 5772
f 5611 5780 5614
f 5615 5614 5780
f 5782 5615 5780
f 5782 5617 5615
f 5782 5783 5617
f 5783 5788 5617
f 5786 5618 5789
f 5613 5618 5786
f 5790 5787 5786
f 5789 5790 5786
f 5617 5788 5620
f 5788 5791 5620
f 5789 5793 5792
f 5789 5618 5793
f 5618 5622 5793
f 5790 5789 5792
f 5794 5795 5623
f 5794 5623 5791
f 5791 5623 5620
f 5794 5796 5795
f 5624 5625 5797
f 5624 5797 5798
f 5624 5798 5622
f 5622 5798 5793
f 5795 5799 5626
f 5623 5795 5626
f 5800 5795 5796
f 5799 5795 5800
f 5627 5628 5801
f 5627 5802 5630
f 5801 5802 5627
f 5630 5803 5632
f 5802 5803 5630
f 5632 5803 5634
f 5635 5636 5804
f 5635 5804 5638
f 5797 5639 5805
f 5625 5639 5797
f 5806 5798 5797
f 5805 5806 5797
f 5626 5799 5640
f 5799 5642 5640
f 5799 5800 5642
f 5800 5807 5642
f 5628 5643 5801
f 5644 5801 5643
f 5802 5801 5644
f 5645 5802 5644
f 5803 5802 5645
f 5634 5803 5645
f 5804 5809 5808
f 5804 5636 5809
f 5636 5646 5809
f 5638 5804 5808
f 5638 5808 5648
f 5648 5808 5810
f 5650 5648 5811
f 5648 5810 5811
f 5652 5812 5813
f 5652 5650 5812
f 5650 5811 5812
f 5813 5814 5815
f 5812 5814 5813
f 5814 5816 5815
f 5805 5653 5817
f 5639 5653 5805
f 5818 5806 5805
f 5817 5818 5805
f 5642 5807 5819
f 5655 5642 5819
f 5819 5657 5655
f 5820 5657 5819
f 5646 5658 5809
f 5809 5658 5821
f 5813 5822 5662
f 5652 5813 5662
f 5815 5823 5813
f 5823 5822 5813
f 5824 5815 5816
f 5823 5815 5824
f 5817 5663 5825
f 5653 5663 5817
f 5826 5818 5817
f 5825 5826 5817
f 5657 5820 5827
f 5666 5657 5827
f 5668 5666 5828
f 5666 5827 5828
f 5830 5828 5829
f 5830 5670 5828
f 5670 5668 5828
f 5670 5830 5672
f 5831 5673 5832
f 5831 5821 5673
f 5821 5658 5673
f 5832 5676 5675
f 5832 5675 5831
f 5831 5675 5833
f 5677 5834 5675
f 5675 5834 5833
f 5822 5677 5662
f 5822 5835 5677
f 5835 5834 5677
f 5823 5835 5822
f 5836 5835 5823
f 5824 5836 5823
f 5663 5678 5825
f 5825 5678 5680
f 5825 5680 5826
f 5826 5680 5837
f 5682 5838 5839
f 5683 5682 5839
f 5829 5684 5830
f 5829 5838 5684
f 5838 5682 5684
f 5672 5830 5684
f 5673 5685 5832
f 5676 5832 5685
f 5840 5687 5841
f 5840 5837 5687
f 5837 5680 5687
f 5840 5841 5842
f 5845 5843 5844
f 5845 5689 5688
f 5845 5688 5843
f 5843 5688 5846
f 5691 5848 5847
f 5691 5847 5688
f 5688 5847 5846
f 5847 5848 5849
f 5683 5839 5693
f 5839 5850 5693
f 5841 5694 5851
f 5687 5694 5841
f 5852 5842 5841
f 5851 5852 5841
f 5855 5853 5854
f 5855 5696 5695
f 5855 5695 5853
f 5853 5695 5856
f 5844 5698 5845
f 5844 5856 5698
f 5856 5695 5698
f 5689 5845 5698
f 5691 5699 5848
f 5700 5858 5857
f 5699 5700 5857
f 5699 5857 5849
f 5699 5849 5848
f 5857 5858 5859
f 5701 5860 5861
f 5702 5701 5861
f 5850 5701 5693
f 5860 5701 5850
f 5694 5703 5851
f 5705 5863 5862
f 5703 5705 5862
f 5703 5862 5852
f 5703 5852 5851
f 5862 5863 5864
f 5867 5865 5866
f 5867 5707 5706
f 5867 5706 5865
f 5865 5706 5868
f 5854 5709 5855
f 5854 5868 5709
f 5868 5706 5709
f 5696 5855 5709
f 5700 5710 5858
f 5858 5869 5859
f 5858 5710 5869
f 5710 5711 5869
f 5712 5870 5711
f 5711 5870 5869
f 5861 5712 5702
f 5861 5870 5712
f 5872 5871 5873
f 5871 5874 5873
f 5863 5713 5875
f 5705 5713 5863
f 5876 5864 5863
f 5875 5876 5863
f 5879 5877 5878
f 5879 5715 5714
f 5879 5714 5877
f 5877 5714 5880
f 5866 5717 5867
f 5866 5880 5717
f 5880 5714 5717
f 5707 5867 5717
f 5882 5872 5873
f 5881 5872 5882
f 5883 5873 5874
f 5882 5873 5883
f 5886 5885 5884
f 5886 5887 5888
f 5884 5887 5886
f 5887 5889 5888
f 5713 5718 5875
f 5719 5891 5890
f 5718 5719 5890
f 5718 5890 5876
f 5718 5876 5875
f 5891 5893 5892
f 5890 5891 5892
f 5893 5895 5894
f 5892 5893 5894
f 5895 5897 5896
f 5894 5895 5896
f 5897 5899 5898
f 5896 5897 5898
f 5899 5721 5720
f 5899 5720 5898
f 5898 5720 5900
f 5878 5723 5879
f 5878 5900 5723
f 5900 5720 5723
f 5715 5879 5723
f 5882 5901 5881
f 5883 5901 5882
f 5903 5885 5886
f 5902 5885 5903
f 5888 5904 5886
f 5904 5903 5886
f 5905 5888 5889
f 5905 5906 5888
f 5906 5904 5888
f 5905 5907 5906
f 5719 5725 5891
f 5726 5891 5725
f 5893 5891 5726
f 5728 5893 5726
f 5895 5893 5728
f 5730 5895 5728
f 5897 5895 5730
f 5732 5897 5730
f 5899 5897 5732
f 5721 5899 5732
f 5909 5902 5903
f 5908 5902 5909
f 5904 5910 5903
f 5910 5909 5903
f 5906 5911 5904
f 5911 5910 5904
f 5912 5906 5907
f 5911 5906 5912
f 5909 5913 5908
f 5910 5913 5909
f 5914 5913 5910
f 5914 5916 5915
f 5914 5910 5916
f 5910 5911 5916
f 5917 5911 5912
f 5916 5911 5917
f 5916 5918 5915
f 5917 5918 5916
f 5921 5920 5919
f 5919 5922 5921
f 5925 5924 5923
f 5920 5925 5923
f 5920 5921 5925
f 5921 5926 5925
f 5927 5921 5922
f 5927 5928 5921
f 5928 5926 5921
f 5927 5929 5928
f 5932 5931 5930
f 5932 5933 5934
f 5930 5933 5932
f 5933 5935 5934
f 5938 5937 5936
f 5924 5938 5936
f 5925 5938 5924
f 5925 5737 5938
f 5925 5736 5737
f 5739 5736 5925
f 5926 5739 5925
f 5741 5739 5926
f 5741 5926 5939
f 5939 5926 5928
f 5940 5928 5929
f 5939 5928 5940
f 5744 5745 5941
f 5744 5942 5746
f 5941 5942 5744
f 5746 5942 5747
f 5944 5931 5932
f 5943 5931 5944
f 5934 5945 5932
f 5945 5944 5932
f 5946 5934 5935
f 5945 5934 5946
f 5949 5948 5947
f 5937 5949 5947
f 5938 5949 5937
f 5938 5751 5949
f 5938 5750 5751
f 5737 5750 5938
f 5754 5950 5755
f 5754 5741 5939
f 5754 5939 5950
f 5950 5939 5951
f 5952 5939 5940
f 5951 5939 5952
f 5757 5758 5953
f 5757 5954 5759
f 5953 5954 5757
f 5759 5954 5956
f 5745 5759 5956
f 5745 5956 5955
f 5745 5955 5941
f 5942 5941 5955
f 5957 5942 5955
f 5747 5942 5957
f 5747 5957 5760
f 5760 5957 5958
f 5960 5958 5959
f 5960 5761 5958
f 5761 5760 5958
f 5761 5961 5762
f 5960 5961 5761
f 5762 5962 5763
f 5961 5962 5762
f 5763 5962 5764
f 5965 5964 5963
f 5963 5966 5965
f 5968 5943 5944
f 5967 5943 5968
f 5945 5969 5944
f 5969 5968 5944
f 5970 5945 5946
f 5969 5945 5970
f 5972 5948 5949
f 5971 5948 5972
f 5751 5767 5972
f 5949 5751 5972
f 5950 5973 5770
f 5755 5950 5770
f 5975 5951 5974
f 5975 5973 5951
f 5973 5950 5951
f 5952 5974 5951
f 5771 5772 5976
f 5771 5953 5758
f 5771 5976 5953
f 5976 5977 5953
f 5979 5978 5954
f 5979 5954 5977
f 5977 5954 5953
f 5956 5954 5978
f 5960 5959 5980
f 5961 5960 5980
f 5981 5961 5980
f 5962 5961 5981
f 5982 5962 5981
f 5764 5962 5982
f 5764 5982 5773
f 5773 5982 5983
f 5774 5773 5984
f 5773 5983 5984
f 5775 5774 5985
f 5774 5984 5985
f 5987 5985 5986
f 5987 5776 5985
f 5776 5775 5985
f 5989 5776 5987
f 5989 5988 5776
f 5988 5777 5776
f 5778 5777 5990
f 5777 5988 5990
f 5779 5778 5991
f 5778 5990 5991
f 5964 5965 5781
f 5964 5781 5991
f 5991 5781 5779
f 5783 5992 5993
f 5781 5992 5783
f 5781 5966 5992
f 5781 5965 5966
f 5993 5994 5995
f 5992 5994 5993
f 5967 5995 5994
f 5967 5968 5995
f 5968 5996 5995
f 5998 5969 5997
f 5998 5996 5969
f 5996 5968 5969
f 5970 5997 5969
f 6000 5971 5972
f 5999 5971 6000
f 5767 5784 6001
f 5767 6001 5972
f 5972 6001 6000
f 5784 5785 6002
f 6001 5784 6002
f 5785 6004 6002
f 5770 6004 5785
f 5770 6003 6004
f 5770 5973 6003
f 5975 6003 5973
f 5976 5787 6005
f 5772 5787 5976
f 6007 6006 5977
f 6007 5977 6005
f 6005 5977 5976
f 5979 5977 6006
f 5987 5986 6008
f 5989 5987 6008
f 5993 6009 5788
f 5783 5993 5788
f 6011 5995 6010
f 6011 6009 5995
f 6009 5993 5995
f 5996 6010 5995
f 6012 6010 5996
f 5998 6012 5996
f 6014 5999 6000
f 6013 5999 6014
f 6016 6001 6015
f 6016 6014 6001
f 6014 6000 6001
f 6002 6015 6001
f 6017 6015 6002
f 6004 6017 6002
f 6005 6019 6018
f 6005 5787 6019
f 5787 5790 6019
f 6007 6005 6018
f 6009 6020 5791
f 5788 6009 5791
f 6021 6009 6011
f 6020 6009 6021
f 6024 6023 6022
f 6013 6014 6025
f 6022 6026 6024
f 6016 6025 6014
f 5792 5793 6027
f 5792 6027 6028
f 5792 6028 5790
f 5790 6028 6019
f 5791 6020 5794
f 6020 5796 5794
f 6020 6021 5796
f 6021 6029 5796
f 6031 6023 6024
f 6030 6023 6031
f 6032 6024 6026
f 6032 6033 6024
f 6033 6031 6024
f 6032 6034 6033
f 6027 5798 6035
f 5793 5798 6027
f 6036 6028 6027
f 6035 6036 6027
f 5796 6029 5800
f 6029 6037 5800
f 6039 6030 6031
f 6038 6030 6039
f 6033 6040 6031
f 6040 6039 6031
f 6041 6033 6034
f 6041 6042 6033
f 6042 6040 6033
f 6042 6043 6044
f 6041 6043 6042
f 6043 6045 6044
f 6035 5806 6046
f 5798 5806 6035
f 6047 6036 6035
f 6046 6047 6035
f 5800 6037 5807
f 6037 6048 5807
f 5808 5809 6049
f 6051 5808 6049
f 6051 5810 5808
f 6039 6050 6038
f 6039 6040 6052
f 6039 6052 6050
f 6040 5811 6052
f 6051 6052 5810
f 5811 5810 6052
f 5812 5811 6040
f 6042 5812 6040
f 5814 5812 6042
f 6044 5814 6042
f 5816 6053 6054
f 5814 6053 5816
f 5814 6045 6053
f 5814 6044 6045
f 6053 6055 6054
f 6046 5818 6056
f 5806 5818 6046
f 6057 6047 6046
f 6056 6057 6046
f 5807 6048 6058
f 5819 5807 6058
f 6058 5820 5819
f 6059 5820 6058
f 6049 5821 6060
f 5809 5821 6049
f 6051 6049 6061
f 6061 6049 6060
f 6062 6052 6051
f 6061 6062 6051
f 6054 6063 5824
f 5816 6054 5824
f 6064 6054 6055
f 6063 6054 6064
f 6056 5826 6065
f 5818 5826 6056
f 6066 6057 6056
f 6065 6066 6056
f 5820 6059 6067
f 5827 5820 6067
f 6069 6067 6068
f 6069 5828 6067
f 5828 5827 6067
f 5828 6069 5829
f 5821 5831 6060
f 5833 6060 5831
f 5833 6061 6060
f 6070 6072 6071
f 5833 5834 6062
f 5833 6062 6061
f 5834 6073 6062
f 6070 6062 6072
f 6073 6072 6062
f 5834 5835 6074
f 6073 5834 6074
f 5835 5836 6075
f 6074 5835 6075
f 5836 6077 6075
f 5824 6077 5836
f 5824 6076 6077
f 5824 6063 6076
f 6064 6076 6063
f 6065 5837 6078
f 5826 5837 6065
f 6079 6066 6065
f 6078 6079 6065
f 6082 6080 6081
f 6082 6084 6083
f 6080 6082 6083
f 6084 6086 6085
f 6083 6084 6085
f 6086 6088 6087
f 6085 6086 6087
f 6087 6088 6089
f 5838 6069 6068
f 5838 6068 5839
f 5839 6068 6090
f 5829 6069 5838
f 6092 6071 6072
f 6091 6071 6092
f 6073 6093 6072
f 6093 6092 6072
f 6095 6074 6094
f 6095 6093 6074
f 6093 6073 6074
f 6075 6094 6074
f 6096 6094 6075
f 6077 6096 6075
f 5837 5840 6078
f 6078 5840 5842
f 6078 5842 6079
f 6079 5842 6097
f 6100 6098 6099
f 6100 6102 6101
f 6098 6100 6101
f 6081 6101 6102
f 6082 6081 6102
f 6082 6102 5844
f 6082 5844 5843
f 5846 6082 5843
f 6084 6082 5846
f 5847 6084 5846
f 6086 6084 5847
f 5849 6086 5847
f 5849 6103 6086
f 6103 6088 6086
f 6104 6089 6088
f 6103 6104 6088
f 5839 6090 5850
f 6090 6105 5850
f 6107 6091 6092
f 6106 6091 6107
f 6109 6093 6108
f 6109 6107 6093
f 6107 6092 6093
f 6095 6108 6093
f 6110 5852 6111
f 6110 6097 5852
f 6097 5842 5852
f 6110 6111 6112
f 6115 6113 6114
f 6115 6117 6116
f 6113 6115 6116
f 6099 6116 6117
f 6100 6099 6117
f 6100 6117 5854
f 6100 5854 5853
f 5856 6100 5853
f 6102 6100 5856
f 5844 6102 5856
f 5849 5857 6103
f 5859 6119 6118
f 5857 5859 6118
f 5857 6118 6104
f 5857 6104 6103
f 6119 6121 6120
f 6118 6119 6120
f 6121 5861 5860
f 6121 5860 6120
f 6120 5860 6122
f 6105 5860 5850
f 6122 5860 6105
f 6107 6123 6106
f 6124 6126 6125
f 6109 6123 6107
f 6124 6127 6126
f 5852 5862 6111
f 5864 6129 6128
f 5862 5864 6128
f 5862 6128 6112
f 5862 6112 6111
f 6128 6129 6130
f 6133 6131 6132
f 6133 6135 6134
f 6131 6133 6134
f 6114 6134 6135
f 6115 6114 6135
f 6115 6135 5866
f 6115 5866 5865
f 5868 6115 5865
f 6117 6115 5868
f 5854 6117 5868
f 5859 5869 6119
f 5870 6119 5869
f 6121 6119 5870
f 5871 6137 6136
f 5871 5872 6137
f 5870 5861 6121
f 6136 5874 5871
f 6138 5874 6136
f 6140 6125 6126
f 6139 6125 6140
f 6141 6126 6127
f 6141 6142 6126
f 6142 6140 6126
f 6142 6143 6144
f 6141 6143 6142
f 6143 6145 6144
f 6129 5876 6146
f 5864 5876 6129
f 6147 6130 6129
f 6147 6129 6148
f 6148 6129 6146
f 6148 6150 6149
f 6147 6148 6149
f 6150 6152 6151
f 6149 6150 6151
f 6152 6154 6153
f 6151 6152 6153
f 6154 6156 6155
f 6153 6154 6155
f 6132 6155 6156
f 6133 6132 6156
f 6133 6156 5878
f 6133 5878 5877
f 5880 6133 5877
f 6135 6133 5880
f 5866 6135 5880
f 5872 5881 6137
f 6137 5881 6157
f 6158 6159 5883
f 6158 5883 6138
f 6138 5883 5874
f 6158 6160 6159
f 6162 6139 6140
f 6161 6139 6162
f 5884 5885 6162
f 5884 6162 6142
f 6142 6162 6140
f 5887 5884 6142
f 6144 5887 6142
f 5889 6163 6164
f 5887 6163 5889
f 5887 6145 6163
f 5887 6144 6145
f 6163 6165 6164
f 5876 5890 6146
f 5892 6146 5890
f 6148 6146 5892
f 5894 6148 5892
f 6150 6148 5894
f 5896 6150 5894
f 6152 6150 5896
f 5898 6152 5896
f 6154 6152 5898
f 5900 6154 5898
f 6156 6154 5900
f 5878 6156 5900
f 6167 5881 5901
f 6167 6166 5881
f 6166 6157 5881
f 5901 5883 6159
f 5901 6159 6167
f 6167 6159 6168
f 6169 6159 6160
f 6168 6159 6169
f 6171 6161 6162
f 6170 6161 6171
f 5885 5902 6171
f 6162 5885 6171
f 5889 6164 5905
f 5907 6172 6173
f 5905 6172 5907
f 5905 6165 6172
f 5905 6164 6165
f 6172 6174 6173
f 6167 6175 6166
f 6175 6177 6176
f 6175 6167 6177
f 6167 6168 6177
f 6178 6168 6169
f 6177 6168 6178
f 6171 6179 6170
f 6179 6171 5902
f 6179 5902 6180
f 6180 5902 5908
f 6173 6181 5912
f 5907 6173 5912
f 6182 6173 6174
f 6181 6173 6182
f 6177 6183 6176
f 6178 6183 6177
f 5908 6184 6180
f 5913 6184 5908
f 6186 6185 6184
f 6186 6184 5914
f 5914 6184 5913
f 5914 5915 6186
f 6181 6187 5917
f 5912 6181 5917
f 6188 6181 6182
f 6187 6181 6188
f 6186 6189 6185
f 6191 6190 6189
f 5918 6191 6189
f 5918 6189 6186
f 5918 6186 5915
f 5918 5917 6187
f 5918 6187 6191
f 6191 6187 6192
f 6193 6187 6188
f 6192 6187 6193
f 6191 6194 6190
f 6192 6194 6191
f 6195 6194 6192
f 6193 6195 6192
f 6198 6197 6196
f 6198 6199 6200
f 6196 6199 6198
f 6199 6201 6200
f 6204 6203 6202
f 6197 6204 6202
f 6198 6204 6197
f 6198 5920 6204
f 6198 5919 5920
f 5922 5919 6198
f 5922 6198 6205
f 6205 6198 6200
f 6206 6200 6201
f 6205 6200 6206
f 6209 6208 6207
f 6207 6210 6209
f 6213 6212 6211
f 6203 6213 6211
f 6204 6213 6203
f 6204 5924 6213
f 6204 5923 5924
f 5920 5923 6204
f 5922 6205 5927
f 6205 5929 5927
f 6205 6206 5929
f 6206 6214 5929
f 5930 6216 6215
f 5931 6216 5930
f 6208 6209 5933
f 6208 5933 6215
f 6215 5933 5930
f 5935 6217 6218
f 5933 6217 5935
f 5933 6210 6217
f 5933 6209 6210
f 6217 6219 6218
f 6222 6221 6220
f 6212 6222 6220
f 6213 6222 6212
f 6213 5937 6222
f 6213 5936 5937
f 5924 5936 6213
f 5929 6214 5940
f 6214 6223 5940
f 5931 5943 6216
f 6216 5943 6224
f 6218 6225 5946
f 5935 6218 5946
f 6226 6218 6219
f 6225 6218 6226
f 5947 6221 6222
f 5947 5948 6221
f 5948 6227 6221
f 5937 5947 6222
f 5940 6223 5952
f 6223 6228 5952
f 5955 5956 6229
f 5955 6230 5957
f 6229 6230 5955
f 5957 6231 5958
f 6230 6231 5957
f 5958 6231 5959
f 5963 6233 6232
f 5964 6233 5963
f 6232 5966 5963
f 6234 5966 6232
f 5943 5967 6224
f 6224 5967 6235
f 6225 6236 6237
f 6225 6237 5946
f 5946 6237 5970
f 6226 6236 6225
f 5948 5971 6227
f 6227 5971 6238
f 5974 6239 5975
f 5974 6240 6239
f 5974 5952 6240
f 5952 6228 6240
f 5978 5979 6241
f 5978 6229 5956
f 5978 6241 6229
f 6241 6242 6229
f 6230 6229 6243
f 6243 6229 6242
f 6231 6230 6244
f 6244 6230 6243
f 5959 6245 5980
f 5959 6231 6245
f 6231 6244 6245
f 5980 6246 5981
f 6245 6246 5980
f 5981 6247 5982
f 6246 6247 5981
f 5982 6248 5983
f 6247 6248 5982
f 5983 6249 5984
f 6248 6249 5983
f 5984 6250 5985
f 6249 6250 5984
f 5985 6250 5986
f 5988 5989 6251
f 6253 5988 6251
f 6253 6252 5988
f 6252 5990 5988
f 5991 5990 6254
f 5990 6252 6254
f 6233 5964 5991
f 6254 6233 5991
f 5966 6234 6255
f 5992 5966 6255
f 6257 6255 6256
f 6257 5994 6255
f 5994 5992 6255
f 5994 6257 6258
f 5994 6258 5967
f 5967 6258 6235
f 5997 6259 5998
f 5997 6260 6259
f 5997 5970 6260
f 5970 6237 6260
f 5971 5999 6238
f 6238 5999 6261
f 6003 6262 6004
f 6003 6264 6262
f 5975 6264 6003
f 5975 6263 6264
f 5975 6239 6263
f 6240 6263 6239
f 6006 6007 6265
f 6006 6265 6267
f 5979 6006 6267
f 5979 6267 6266
f 5979 6266 6241
f 6242 6241 6266
f 6268 6242 6266
f 6243 6242 6268
f 6269 6243 6268
f 6244 6243 6269
f 6270 6244 6269
f 6245 6244 6270
f 6271 6245 6270
f 6246 6245 6271
f 6272 6246 6271
f 6247 6246 6272
f 6273 6247 6272
f 6248 6247 6273
f 6274 6248 6273
f 6249 6248 6274
f 6275 6249 6274
f 6250 6249 6275
f 6276 6250 6275
f 5986 6250 6276
f 5986 6276 6008
f 6008 6276 6277
f 6251 5989 6008
f 6251 6008 6278
f 6278 6008 6277
f 6253 6251 6278
f 6010 6257 6256
f 6010 6256 6011
f 6011 6256 6279
f 6257 6010 6012
f 6257 6012 6280
f 6257 6280 6258
f 6280 6012 6281
f 6012 5998 6259
f 6012 6259 6281
f 6281 6259 6282
f 6283 6259 6260
f 6283 6284 6259
f 6284 6282 6259
f 6283 6285 6284
f 6288 6287 6286
f 6288 6286 6261
f 6288 6261 6013
f 6013 6261 5999
f 6015 6289 6016
f 6015 6017 6290
f 6289 6015 6290
f 6017 6292 6290
f 6004 6292 6017
f 6004 6291 6292
f 6004 6262 6291
f 6264 6291 6262
f 6018 6019 6293
f 6018 6265 6007
f 6018 6293 6265
f 6293 6294 6265
f 6295 6267 6265
f 6294 6295 6265
f 6296 6297 6021
f 6296 6021 6279
f 6279 6021 6011
f 6280 6297 6296
f 6280 6281 6297
f 6281 6298 6297
f 6282 6299 6281
f 6299 6298 6281
f 6284 6300 6282
f 6300 6299 6282
f 6301 6284 6285
f 6301 6302 6284
f 6302 6300 6284
f 6302 6303 6304
f 6301 6303 6302
f 6287 6304 6303
f 6288 6304 6287
f 6288 6023 6304
f 6288 6022 6023
f 6026 6022 6288
f 6026 6288 6305
f 6013 6025 6288
f 6025 6305 6288
f 6025 6016 6289
f 6025 6289 6305
f 6305 6289 6306
f 6290 6307 6289
f 6307 6306 6289
f 6308 6290 6292
f 6307 6290 6308
f 6293 6028 6309
f 6019 6028 6293
f 6311 6310 6294
f 6311 6294 6309
f 6309 6294 6293
f 6295 6294 6310
f 6297 6312 6029
f 6021 6297 6029
f 6314 6298 6313
f 6314 6312 6298
f 6312 6297 6298
f 6299 6313 6298
f 6315 6313 6299
f 6300 6315 6299
f 6316 6315 6300
f 6316 6318 6317
f 6316 6300 6318
f 6300 6302 6318
f 6304 6319 6302
f 6319 6318 6302
f 6023 6030 6319
f 6304 6023 6319
f 6026 6305 6032
f 6034 6032 6305
f 6034 6305 6320
f 6320 6305 6306
f 6307 6321 6306
f 6321 6320 6306
f 6322 6307 6308
f 6321 6307 6322
f 6309 6036 6323
f 6028 6036 6309
f 6324 6311 6309
f 6323 6324 6309
f 6312 6325 6326
f 6312 6326 6029
f 6029 6326 6037
f 6314 6325 6312
f 6318 6327 6317
f 6327 6329 6328
f 6327 6318 6329
f 6318 6319 6329
f 6030 6038 6329
f 6319 6030 6329
f 6034 6320 6041
f 6043 6041 6320
f 6321 6043 6320
f 6045 6330 6331
f 6043 6330 6045
f 6043 6322 6330
f 6043 6321 6322
f 6331 6332 6333
f 6330 6332 6331
f 6332 6334 6333
f 6323 6047 6335
f 6036 6047 6323
f 6336 6324 6323
f 6335 6336 6323
f 6339 6337 6338
f 6339 6326 6337
f 6339 6048 6326
f 6048 6037 6326
f 6329 6340 6328
f 6038 6340 6329
f 6038 6050 6340
f 6050 6341 6340
f 6341 6050 6052
f 6342 6341 6052
f 6045 6331 6053
f 6055 6053 6331
f 6055 6331 6343
f 6343 6331 6333
f 6344 6333 6334
f 6343 6333 6344
f 6335 6057 6345
f 6047 6057 6335
f 6346 6336 6335
f 6345 6346 6335
f 6348 6339 6338
f 6347 6348 6338
f 6048 6349 6058
f 6048 6339 6349
f 6339 6348 6349
f 6058 6349 6059
f 6052 6062 6342
f 6342 6062 6350
f 6343 6351 6064
f 6055 6343 6064
f 6352 6343 6344
f 6351 6343 6352
f 6345 6066 6353
f 6057 6066 6345
f 6354 6346 6345
f 6353 6354 6345
f 6357 6355 6356
f 6357 6359 6358
f 6355 6357 6358
f 6359 6361 6360
f 6358 6359 6360
f 6361 6363 6362
f 6360 6361 6362
f 6365 6364 6348
f 6365 6348 6363
f 6347 6362 6348
f 6362 6363 6348
f 6349 6348 6364
f 6366 6349 6364
f 6368 6366 6367
f 6067 6366 6368
f 6067 6349 6366
f 6067 6059 6349
f 6067 6368 6068
f 6371 6370 6369
f 6371 6070 6071
f 6371 6369 6070
f 6369 6372 6070
f 6350 6062 6070
f 6372 6350 6070
f 6076 6373 6077
f 6076 6064 6351
f 6076 6351 6373
f 6373 6351 6374
f 6375 6351 6352
f 6374 6351 6375
f 6353 6079 6376
f 6066 6079 6353
f 6377 6354 6353
f 6376 6377 6353
f 6380 6378 6379
f 6380 6382 6381
f 6378 6380 6381
f 6356 6381 6382
f 6357 6356 6382
f 6357 6382 6081
f 6357 6081 6080
f 6083 6357 6080
f 6359 6357 6083
f 6085 6359 6083
f 6361 6359 6085
f 6087 6361 6085
f 6363 6361 6087
f 6089 6384 6383
f 6087 6089 6383
f 6087 6383 6365
f 6087 6365 6363
f 6384 6386 6385
f 6383 6384 6385
f 6388 6387 6368
f 6388 6368 6386
f 6367 6385 6368
f 6385 6386 6368
f 6368 6090 6068
f 6368 6389 6090
f 6368 6387 6389
f 6390 6090 6389
f 6390 6391 6392
f 6389 6391 6390
f 6392 6393 6394
f 6391 6393 6392
f 6370 6394 6393
f 6370 6371 6394
f 6371 6395 6394
f 6071 6091 6395
f 6371 6071 6395
f 6094 6396 6095
f 6094 6096 6397
f 6396 6094 6397
f 6096 6399 6397
f 6077 6399 6096
f 6077 6398 6399
f 6077 6373 6398
f 6374 6398 6373
f 6400 6398 6374
f 6375 6400 6374
f 6376 6097 6401
f 6079 6097 6376
f 6402 6377 6376
f 6402 6376 6403
f 6403 6376 6401
f 6402 6403 6404
f 6407 6405 6406
f 6379 6405 6407
f 6380 6379 6407
f 6380 6407 6099
f 6380 6099 6098
f 6101 6380 6098
f 6382 6380 6101
f 6081 6382 6101
f 6384 6104 6408
f 6089 6104 6384
f 6386 6384 6409
f 6409 6384 6408
f 6410 6388 6386
f 6409 6410 6386
f 6390 6411 6105
f 6090 6390 6105
f 6392 6412 6390
f 6412 6411 6390
f 6394 6413 6392
f 6413 6412 6392
f 6395 6414 6394
f 6414 6413 6394
f 6091 6106 6414
f 6395 6091 6414
f 6108 6415 6109
f 6108 6095 6396
f 6108 6396 6415
f 6415 6396 6416
f 6397 6417 6396
f 6417 6416 6396
f 6418 6397 6399
f 6417 6397 6418
f 6097 6110 6401
f 6112 6401 6110
f 6112 6419 6401
f 6419 6403 6401
f 6420 6404 6403
f 6420 6403 6421
f 6421 6403 6419
f 6420 6421 6422
f 6425 6423 6424
f 6425 6427 6426
f 6423 6425 6426
f 6427 6114 6113
f 6427 6113 6426
f 6426 6113 6428
f 6406 6116 6407
f 6406 6428 6116
f 6428 6113 6116
f 6099 6407 6116
f 6104 6118 6408
f 6120 6408 6118
f 6409 6408 6120
f 6409 6120 6122
f 6409 6122 6429
f 6409 6429 6410
f 6429 6122 6430
f 6122 6105 6411
f 6122 6411 6430
f 6430 6411 6431
f 6412 6432 6411
f 6432 6431 6411
f 6413 6433 6412
f 6433 6432 6412
f 6435 6414 6434
f 6435 6433 6414
f 6433 6413 6414
f 6437 6436 6434
f 6123 6437 6434
f 6123 6434 6414
f 6123 6414 6106
f 6123 6109 6415
f 6123 6415 6437
f 6124 6125 6415
f 6125 6437 6415
f 6127 6124 6415
f 6127 6415 6438
f 6438 6415 6416
f 6417 6439 6416
f 6439 6438 6416
f 6440 6417 6418
f 6440 6441 6417
f 6441 6439 6417
f 6440 6442 6441
f 6112 6128 6419
f 6130 6419 6128
f 6130 6443 6419
f 6443 6421 6419
f 6444 6422 6421
f 6444 6421 6445
f 6445 6421 6443
f 6445 6447 6446
f 6444 6445 6446
f 6447 6449 6448
f 6446 6447 6448
f 6449 6451 6450
f 6448 6449 6450
f 6424 6450 6451
f 6425 6424 6451
f 6425 6451 6132
f 6425 6132 6131
f 6134 6425 6131
f 6427 6425 6134
f 6114 6427 6134
f 6136 6429 6430
f 6136 6137 6429
f 6137 6452 6429
f 6138 6136 6430
f 6138 6430 6453
f 6453 6430 6431
f 6455 6432 6454
f 6455 6453 6432
f 6453 6431 6432
f 6433 6454 6432
f 6456 6454 6433
f 6435 6456 6433
f 6437 6457 6436
f 6457 6437 6125
f 6457 6125 6458
f 6458 6125 6139
f 6127 6438 6141
f 6143 6141 6438
f 6439 6143 6438
f 6145 6143 6439
f 6145 6439 6459
f 6459 6439 6441
f 6460 6441 6442
f 6459 6441 6460
f 6130 6147 6443
f 6149 6443 6147
f 6445 6443 6149
f 6151 6445 6149
f 6447 6445 6151
f 6153 6447 6151
f 6449 6447 6153
f 6155 6449 6153
f 6451 6449 6155
f 6132 6451 6155
f 6137 6157 6452
f 6452 6157 6461
f 6138 6453 6158
f 6453 6160 6158
f 6453 6455 6160
f 6455 6462 6160
f 6139 6161 6458
f 6458 6161 6463
f 6145 6459 6163
f 6165 6464 6465
f 6163 6464 6165
f 6163 6460 6464
f 6163 6459 6460
f 6464 6466 6465
f 6157 6166 6461
f 6461 6166 6467
f 6160 6462 6169
f 6462 6468 6169
f 6161 6170 6463
f 6463 6170 6469
f 6165 6465 6172
f 6465 6174 6172
f 6465 6466 6174
f 6466 6470 6174
f 6166 6471 6467
f 6175 6471 6166
f 6471 6175 6176
f 6472 6471 6176
f 6169 6468 6178
f 6468 6473 6178
f 6475 6170 6179
f 6475 6474 6170
f 6474 6469 6170
f 6179 6180 6475
f 6174 6470 6182
f 6470 6476 6182
f 6478 6176 6183
f 6478 6477 6176
f 6477 6472 6176
f 6183 6479 6478
f 6183 6178 6479
f 6178 6473 6479
f 6475 6480 6474
f 6482 6481 6480
f 6184 6482 6480
f 6184 6480 6475
f 6184 6475 6180
f 6184 6185 6482
f 6182 6476 6188
f 6476 6483 6188
f 6478 6484 6477
f 6479 6484 6478
f 6482 6485 6481
f 6487 6486 6485
f 6189 6487 6485
f 6189 6485 6482
f 6189 6482 6185
f 6189 6190 6487
f 6188 6483 6193
f 6483 6488 6193
f 6487 6489 6486
f 6491 6490 6489
f 6194 6491 6489
f 6194 6489 6487
f 6194 6487 6190
f 6194 6195 6492
f 6491 6194 6492
f 6195 6493 6492
f 6195 6193 6493
f 6193 6488 6493
f 6491 6494 6490
f 6492 6494 6491
f 6495 6494 6492
f 6493 6495 6492
f 6498 6497 6496
f 6496 6499 6498
f 6502 6501 6500
f 6497 6502 6500
f 6497 6498 6502
f 6498 6503 6502
f 6504 6498 6499
f 6503 6498 6504
f 6506 6501 6502
f 6505 6501 6506
f 6503 6507 6502
f 6507 6506 6502
f 6508 6503 6504
f 6507 6503 6508
f 6196 6505 6506
f 6196 6197 6505
f 6197 6509 6505
f 6199 6196 6506
f 6507 6199 6506
f 6201 6510 6511
f 6199 6510 6201
f 6199 6508 6510
f 6199 6507 6508
f 6510 6512 6511
f 6202 6514 6513
f 6203 6514 6202
f 6509 6197 6202
f 6513 6509 6202
f 6511 6515 6206
f 6201 6511 6206
f 6516 6511 6512
f 6515 6511 6516
f 6207 6518 6517
f 6208 6518 6207
f 6210 6519 6520
f 6210 6207 6519
f 6207 6517 6519
f 6519 6521 6520
f 6211 6523 6522
f 6212 6523 6211
f 6514 6203 6211
f 6522 6514 6211
f 6515 6524 6214
f 6206 6515 6214
f 6525 6515 6516
f 6524 6515 6525
f 6215 6216 6526
f 6215 6526 6527
f 6215 6527 6208
f 6208 6527 6518
f 6210 6520 6217
f 6520 6219 6217
f 6520 6521 6219
f 6521 6528 6219
f 6220 6530 6529
f 6221 6530 6220
f 6523 6212 6220
f 6529 6523 6220
f 6524 6531 6223
f 6214 6524 6223
f 6532 6524 6525
f 6531 6524 6532
f 6526 6534 6533
f 6526 6216 6534
f 6216 6224 6534
f 6527 6526 6533
f 6219 6528 6226
f 6528 6535 6226
f 6221 6227 6530
f 6530 6227 6536
f 6531 6537 6228
f 6223 6531 6228
f 6538 6531 6532
f 6537 6531 6538
f 6232 6233 6539
f 6232 6539 6234
f 6224 6235 6534
f 6534 6235 6540
f 6236 6541 6237
f 6236 6542 6541
f 6236 6226 6542
f 6226 6535 6542
f 6227 6238 6536
f 6536 6238 6543
f 6537 6544 6545
f 6537 6545 6228
f 6228 6545 6240
f 6538 6544 6537
f 6252 6547 6546
f 6253 6547 6252
f 6254 6252 6548
f 6252 6546 6548
f 6539 6233 6254
f 6539 6254 6549
f 6549 6254 6548
f 6234 6539 6549
f 6234 6549 6255
f 6255 6549 6550
f 6550 6256 6255
f 6551 6256 6550
f 6235 6258 6540
f 6540 6258 6552
f 6541 6553 6554
f 6541 6554 6237
f 6237 6554 6260
f 6542 6553 6541
f 6557 6556 6555
f 6557 6555 6543
f 6557 6543 6261
f 6261 6543 6238
f 6263 6558 6264
f 6263 6559 6558
f 6263 6240 6559
f 6240 6545 6559
f 6266 6267 6560
f 6266 6561 6268
f 6560 6561 6266
f 6268 6562 6269
f 6561 6562 6268
f 6269 6563 6270
f 6562 6563 6269
f 6270 6564 6271
f 6563 6564 6270
f 6271 6565 6272
f 6564 6565 6271
f 6272 6566 6273
f 6565 6566 6272
f 6273 6567 6274
f 6566 6567 6273
f 6274 6568 6275
f 6567 6568 6274
f 6275 6569 6276
f 6568 6569 6275
f 6276 6570 6277
f 6569 6570 6276
f 6572 6277 6570
f 6572 6571 6277
f 6571 6278 6277
f 6547 6253 6278
f 6571 6547 6278
f 6573 6574 6279
f 6573 6279 6551
f 6551 6279 6256
f 6574 6573 6552
f 6574 6552 6280
f 6280 6552 6258
f 6260 6554 6575
f 6283 6260 6575
f 6285 6576 6577
f 6285 6283 6576
f 6283 6575 6576
f 6576 6578 6577
f 6286 6556 6557
f 6286 6287 6556
f 6287 6579 6556
f 6261 6286 6557
f 6291 6580 6292
f 6291 6264 6558
f 6291 6558 6580
f 6580 6558 6581
f 6582 6558 6559
f 6581 6558 6582
f 6560 6295 6583
f 6267 6295 6560
f 6561 6560 6584
f 6584 6560 6583
f 6586 6585 6562
f 6586 6562 6584
f 6584 6562 6561
f 6563 6562 6585
f 6587 6563 6585
f 6564 6563 6587
f 6588 6564 6587
f 6565 6564 6588
f 6589 6565 6588
f 6566 6565 6589
f 6590 6566 6589
f 6567 6566 6590
f 6591 6567 6590
f 6568 6567 6591
f 6592 6568 6591
f 6569 6568 6592
f 6593 6569 6592
f 6570 6569 6593
f 6594 6570 6593
f 6572 6570 6594
f 6279 6574 6296
f 6280 6296 6574
f 6285 6577 6301
f 6577 6578 6595
f 6577 6595 6301
f 6301 6595 6303
f 6579 6287 6303
f 6595 6579 6303
f 6580 6596 6308
f 6292 6580 6308
f 6581 6597 6580
f 6597 6596 6580
f 6598 6581 6582
f 6597 6581 6598
f 6310 6311 6599
f 6310 6583 6295
f 6310 6599 6583
f 6599 6600 6583
f 6602 6601 6584
f 6602 6584 6600
f 6600 6584 6583
f 6586 6584 6601
f 6313 6603 6314
f 6313 6315 6604
f 6603 6313 6604
f 6315 6316 6605
f 6604 6315 6605
f 6316 6317 6605
f 6596 6606 6322
f 6308 6596 6322
f 6597 6607 6596
f 6607 6606 6596
f 6608 6597 6598
f 6607 6597 6608
f 6599 6324 6609
f 6311 6324 6599
f 6600 6599 6610
f 6610 6599 6609
f 6611 6602 6600
f 6610 6611 6600
f 6325 6612 6326
f 6325 6314 6603
f 6325 6603 6612
f 6612 6603 6613
f 6615 6604 6614
f 6615 6613 6604
f 6613 6603 6604
f 6605 6614 6604
f 6616 6614 6605
f 6618 6617 6616
f 6327 6618 6616
f 6327 6616 6605
f 6327 6605 6317
f 6327 6328 6618
f 6322 6606 6330
f 6332 6330 6606
f 6607 6332 6606
f 6334 6619 6620
f 6332 6619 6334
f 6332 6608 6619
f 6332 6607 6608
f 6619 6621 6620
f 6609 6336 6622
f 6324 6336 6609
f 6624 6623 6610
f 6624 6610 6622
f 6622 6610 6609
f 6611 6610 6623
f 6337 6625 6338
f 6337 6326 6612
f 6337 6612 6625
f 6625 6612 6626
f 6628 6613 6627
f 6628 6626 6613
f 6626 6612 6613
f 6615 6627 6613
f 6618 6629 6617
f 6631 6630 6629
f 6340 6631 6629
f 6340 6629 6618
f 6340 6618 6328
f 6340 6341 6632
f 6631 6340 6632
f 6341 6342 6632
f 6620 6633 6344
f 6334 6620 6344
f 6634 6620 6621
f 6633 6620 6634
f 6622 6346 6635
f 6336 6346 6622
f 6636 6624 6622
f 6635 6636 6622
f 6639 6637 6638
f 6639 6641 6640
f 6637 6639 6640
f 6641 6643 6642
f 6640 6641 6642
f 6642 6643 6644
f 6625 6645 6347
f 6338 6625 6347
f 6626 6646 6625
f 6646 6645 6625
f 6647 6626 6628
f 6646 6626 6647
f 6649 6630 6631
f 6648 6630 6649
f 6632 6650 6631
f 6650 6649 6631
f 6342 6350 6650
f 6632 6342 6650
f 6633 6651 6352
f 6344 6633 6352
f 6652 6633 6634
f 6651 6633 6652
f 6635 6354 6653
f 6346 6354 6635
f 6654 6636 6635
f 6654 6635 6655
f 6655 6635 6653
f 6654 6655 6656
f 6659 6657 6658
f 6659 6661 6660
f 6657 6659 6660
f 6638 6660 6661
f 6639 6638 6661
f 6639 6661 6356
f 6639 6356 6355
f 6358 6639 6355
f 6641 6639 6358
f 6360 6641 6358
f 6643 6641 6360
f 6643 6662 6644
f 6643 6360 6662
f 6360 6362 6662
f 6664 6364 6365
f 6645 6663 6347
f 6663 6362 6347
f 6663 6662 6362
f 6645 6646 6665
f 6645 6665 6663
f 6646 6366 6665
f 6664 6665 6364
f 6366 6364 6665
f 6367 6666 6667
f 6366 6666 6367
f 6366 6647 6666
f 6366 6646 6647
f 6667 6668 6669
f 6666 6668 6667
f 6669 6670 6671
f 6668 6670 6669
f 6671 6672 6673
f 6670 6672 6671
f 6648 6673 6672
f 6649 6673 6648
f 6649 6370 6673
f 6649 6369 6370
f 6372 6369 6649
f 6650 6372 6649
f 6350 6372 6650
f 6651 6674 6375
f 6352 6651 6375
f 6675 6651 6652
f 6674 6651 6675
f 6653 6377 6676
f 6354 6377 6653
f 6655 6653 6677
f 6677 6653 6676
f 6678 6656 6655
f 6678 6655 6679
f 6679 6655 6677
f 6678 6679 6680
f 6683 6681 6682
f 6683 6685 6684
f 6681 6683 6684
f 6685 6687 6686
f 6684 6685 6686
f 6658 6686 6687
f 6659 6658 6687
f 6659 6687 6379
f 6659 6379 6378
f 6381 6659 6378
f 6661 6659 6381
f 6356 6661 6381
f 6365 6383 6664
f 6664 6688 6665
f 6664 6383 6688
f 6383 6385 6688
f 6388 6689 6667
f 6388 6667 6387
f 6689 6688 6667
f 6367 6667 6385
f 6688 6385 6667
f 6389 6387 6667
f 6669 6389 6667
f 6391 6389 6669
f 6671 6391 6669
f 6393 6391 6671
f 6673 6393 6671
f 6370 6393 6673
f 6398 6690 6399
f 6398 6400 6691
f 6690 6398 6691
f 6400 6693 6691
f 6375 6693 6400
f 6375 6692 6693
f 6375 6674 6692
f 6675 6692 6674
f 6377 6402 6676
f 6404 6676 6402
f 6404 6694 6676
f 6694 6677 6676
f 6679 6677 6695
f 6695 6677 6694
f 6696 6680 6679
f 6696 6679 6697
f 6697 6679 6695
f 6697 6699 6698
f 6696 6697 6698
f 6699 6701 6700
f 6698 6699 6700
f 6701 6703 6702
f 6700 6701 6702
f 6682 6702 6703
f 6682 6703 6683
f 6683 6703 6704
f 6685 6683 6705
f 6705 6683 6704
f 6405 6705 6406
f 6405 6687 6705
f 6687 6685 6705
f 6379 6687 6405
f 6388 6410 6689
f 6689 6410 6706
f 6690 6707 6418
f 6399 6690 6418
f 6691 6708 6690
f 6708 6707 6690
f 6709 6691 6693
f 6708 6691 6709
f 6404 6420 6694
f 6422 6694 6420
f 6422 6710 6694
f 6710 6695 6694
f 6697 6695 6711
f 6711 6695 6710
f 6699 6697 6712
f 6712 6697 6711
f 6701 6699 6713
f 6713 6699 6712
f 6423 6713 6424
f 6423 6703 6713
f 6703 6701 6713
f 6426 6703 6423
f 6704 6703 6426
f 6428 6704 6426
f 6705 6704 6428
f 6406 6705 6428
f 6714 6429 6715
f 6714 6706 6429
f 6706 6410 6429
f 6714 6715 6716
f 6434 6717 6718
f 6435 6434 6718
f 6717 6434 6436
f 6719 6717 6436
f 6418 6707 6440
f 6442 6440 6707
f 6442 6707 6720
f 6720 6707 6708
f 6721 6708 6709
f 6720 6708 6721
f 6422 6444 6710
f 6446 6710 6444
f 6711 6710 6446
f 6448 6711 6446
f 6712 6711 6448
f 6450 6712 6448
f 6713 6712 6450
f 6424 6713 6450
f 6715 6452 6722
f 6429 6452 6715
f 6723 6716 6715
f 6722 6723 6715
f 6454 6724 6725
f 6455 6454 6725
f 6456 6726 6454
f 6454 6726 6724
f 6718 6456 6435
f 6726 6456 6718
f 6728 6436 6457
f 6728 6727 6436
f 6727 6719 6436
f 6457 6458 6728
f 6720 6729 6460
f 6442 6720 6460
f 6730 6720 6721
f 6729 6720 6730
f 6722 6732 6731
f 6722 6452 6732
f 6452 6461 6732
f 6723 6722 6731
f 6455 6725 6462
f 6725 6733 6462
f 6728 6734 6727
f 6734 6728 6458
f 6734 6458 6735
f 6735 6458 6463
f 6460 6729 6464
f 6729 6466 6464
f 6729 6730 6466
f 6730 6736 6466
f 6461 6467 6732
f 6732 6467 6737
f 6738 6739 6468
f 6738 6468 6733
f 6733 6468 6462
f 6738 6740 6739
f 6463 6469 6735
f 6735 6469 6741
f 6742 6743 6470
f 6742 6470 6736
f 6736 6470 6466
f 6742 6744 6743
f 6467 6745 6737
f 6471 6745 6467
f 6745 6471 6472
f 6746 6745 6472
f 6739 6747 6473
f 6468 6739 6473
f 6748 6739 6740
f 6747 6739 6748
f 6469 6474 6741
f 6741 6474 6749
f 6743 6750 6476
f 6470 6743 6476
f 6751 6743 6744
f 6750 6743 6751
f 6472 6477 6746
f 6746 6477 6752
f 6747 6753 6754
f 6747 6754 6473
f 6473 6754 6479
f 6748 6753 6747
f 6474 6755 6749
f 6480 6755 6474
f 6755 6480 6481
f 6756 6755 6481
f 6750 6757 6483
f 6476 6750 6483
f 6758 6750 6751
f 6757 6750 6758
f 6477 6759 6752
f 6484 6759 6477
f 6754 6484 6479
f 6759 6484 6754
f 6481 6760 6756
f 6485 6760 6481
f 6760 6485 6486
f 6761 6760 6486
f 6757 6762 6488
f 6483 6757 6488
f 6763 6757 6758
f 6762 6757 6763
f 6486 6764 6761
f 6489 6764 6486
f 6764 6489 6490
f 6765 6764 6490
f 6762 6766 6493
f 6488 6762 6493
f 6767 6762 6763
f 6766 6762 6767
f 6769 6490 6494
f 6769 6768 6490
f 6768 6765 6490
f 6494 6495 6770
f 6769 6494 6770
f 6495 6772 6770
f 6493 6772 6495
f 6493 6771 6772
f 6493 6766 6771
f 6767 6771 6766
f 6774 6768 6769
f 6773 6768 6774
f 6770 6775 6769
f 6775 6774 6769
f 6776 6770 6772
f 6775 6770 6776
f 6774 6777 6773
f 6775 6777 6774
f 6778 6777 6775
f 6776 6778 6775
f 6781 6780 6779
f 6781 6782 6783
f 6779 6782 6781
f 6782 6784 6783
f 6786 6780 6781
f 6785 6780 6786
f 6496 6497 6786
f 6496 6786 6783
f 6783 6786 6781
f 6499 6787 6788
f 6496 6787 6499
f 6496 6784 6787
f 6496 6783 6784
f 6787 6789 6788
f 6500 6785 6786
f 6500 6501 6785
f 6501 6790 6785
f 6497 6500 6786
f 6788 6791 6504
f 6499 6788 6504
f 6792 6788 6789
f 6791 6788 6792
f 6795 6794 6793
f 6795 6793 6790
f 6795 6790 6505
f 6505 6790 6501
f 6791 6796 6508
f 6504 6791 6508
f 6797 6791 6792
f 6796 6791 6797
f 6795 6798 6794
f 6798 6795 6505
f 6798 6505 6799
f 6799 6505 6509
f 6508 6796 6510
f 6796 6512 6510
f 6796 6797 6512
f 6797 6800 6512
f 6803 6802 6801
f 6801 6804 6803
f 6513 6806 6805
f 6514 6806 6513
f 6799 6509 6513
f 6805 6799 6513
f 6512 6800 6516
f 6800 6807 6516
f 6517 6809 6808
f 6518 6809 6517
f 6802 6803 6519
f 6802 6519 6808
f 6808 6519 6517
f 6803 6521 6519
f 6803 6804 6521
f 6804 6810 6521
f 6522 6523 6811
f 6522 6811 6812
f 6522 6812 6514
f 6514 6812 6806
f 6516 6807 6525
f 6807 6813 6525
f 6518 6527 6809
f 6809 6527 6814
f 6521 6810 6528
f 6810 6815 6528
f 6529 6817 6816
f 6530 6817 6529
f 6811 6523 6529
f 6811 6529 6818
f 6818 6529 6816
f 6812 6811 6818
f 6525 6813 6532
f 6813 6819 6532
f 6533 6534 6820
f 6533 6820 6821
f 6533 6821 6527
f 6527 6821 6814
f 6528 6815 6535
f 6815 6822 6535
f 6530 6536 6817
f 6817 6536 6823
f 6532 6819 6538
f 6819 6824 6538
f 6820 6540 6825
f 6534 6540 6820
f 6826 6821 6820
f 6825 6826 6820
f 6829 6827 6828
f 6829 6822 6827
f 6829 6542 6822
f 6542 6535 6822
f 6536 6543 6823
f 6823 6543 6830
f 6544 6831 6545
f 6544 6832 6831
f 6544 6538 6832
f 6538 6824 6832
f 6546 6547 6833
f 6835 6546 6833
f 6835 6834 6546
f 6834 6548 6546
f 6549 6548 6836
f 6548 6834 6836
f 6550 6549 6837
f 6549 6836 6837
f 6837 6551 6550
f 6838 6551 6837
f 6825 6552 6839
f 6540 6552 6825
f 6840 6826 6825
f 6839 6840 6825
f 6553 6829 6828
f 6553 6828 6554
f 6554 6828 6841
f 6542 6829 6553
f 6555 6843 6842
f 6556 6843 6555
f 6830 6543 6555
f 6842 6830 6555
f 6831 6844 6845
f 6831 6845 6545
f 6545 6845 6559
f 6832 6844 6831
f 6571 6572 6846
f 6571 6846 6848
f 6547 6571 6848
f 6547 6848 6847
f 6547 6847 6833
f 6835 6833 6847
f 6551 6838 6849
f 6573 6551 6849
f 6839 6552 6573
f 6839 6573 6850
f 6850 6573 6849
f 6840 6839 6850
f 6554 6841 6851
f 6575 6554 6851
f 6853 6851 6852
f 6853 6576 6851
f 6576 6575 6851
f 6576 6853 6578
f 6556 6579 6843
f 6843 6579 6854
f 6559 6845 6582
f 6845 6855 6582
f 6585 6586 6856
f 6585 6857 6587
f 6856 6857 6585
f 6587 6858 6588
f 6857 6858 6587
f 6588 6859 6589
f 6858 6859 6588
f 6589 6860 6590
f 6859 6860 6589
f 6590 6861 6591
f 6860 6861 6590
f 6591 6862 6592
f 6861 6862 6591
f 6592 6863 6593
f 6862 6863 6592
f 6593 6864 6594
f 6863 6864 6593
f 6594 6864 6866
f 6572 6594 6866
f 6572 6866 6865
f 6572 6865 6846
f 6848 6846 6865
f 6853 6852 6867
f 6578 6853 6867
f 6578 6867 6595
f 6595 6867 6868
f 6854 6579 6595
f 6868 6854 6595
f 6582 6855 6598
f 6855 6869 6598
f 6601 6602 6870
f 6601 6856 6586
f 6601 6870 6856
f 6870 6871 6856
f 6857 6856 6872
f 6872 6856 6871
f 6858 6857 6873
f 6873 6857 6872
f 6859 6858 6874
f 6874 6858 6873
f 6860 6859 6875
f 6875 6859 6874
f 6861 6860 6876
f 6876 6860 6875
f 6862 6861 6877
f 6877 6861 6876
f 6863 6862 6878
f 6878 6862 6877
f 6864 6863 6879
f 6879 6863 6878
f 6880 6866 6864
f 6879 6880 6864
f 6881 6882 6608
f 6881 6608 6869
f 6869 6608 6598
f 6881 6883 6882
f 6870 6611 6884
f 6602 6611 6870
f 6871 6870 6885
f 6885 6870 6884
f 6872 6871 6886
f 6886 6871 6885
f 6873 6872 6887
f 6887 6872 6886
f 6874 6873 6888
f 6888 6873 6887
f 6875 6874 6889
f 6889 6874 6888
f 6876 6875 6890
f 6890 6875 6889
f 6877 6876 6891
f 6891 6876 6890
f 6878 6877 6892
f 6892 6877 6891
f 6879 6878 6893
f 6893 6878 6892
f 6894 6880 6879
f 6893 6894 6879
f 6614 6895 6615
f 6614 6616 6896
f 6895 6614 6896
f 6616 6617 6896
f 6608 6882 6619
f 6882 6621 6619
f 6882 6883 6621
f 6883 6897 6621
f 6623 6624 6898
f 6623 6884 6611
f 6623 6898 6884
f 6898 6899 6884
f 6885 6884 6900
f 6900 6884 6899
f 6886 6885 6901
f 6901 6885 6900
f 6903 6902 6887
f 6903 6887 6901
f 6901 6887 6886
f 6902 6904 6905
f 6902 6905 6887
f 6887 6905 6888
f 6889 6888 6906
f 6906 6888 6905
f 6890 6889 6907
f 6907 6889 6906
f 6891 6890 6908
f 6908 6890 6907
f 6892 6891 6909
f 6909 6891 6908
f 6893 6892 6910
f 6910 6892 6909
f 6911 6894 6893
f 6911 6893 6912
f 6912 6893 6910
f 6912 6914 6913
f 6911 6912 6913
f 6914 6916 6915
f 6913 6914 6915
f 6915 6916 6917
f 6627 6918 6628
f 6627 6615 6895
f 6627 6895 6918
f 6918 6895 6919
f 6896 6920 6895
f 6920 6919 6895
f 6617 6629 6921
f 6617 6921 6896
f 6896 6921 6920
f 6629 6630 6921
f 6621 6897 6634
f 6897 6922 6634
f 6898 6636 6923
f 6624 6636 6898
f 6899 6898 6924
f 6924 6898 6923
f 6900 6899 6925
f 6925 6899 6924
f 6901 6900 6926
f 6926 6900 6925
f 6927 6903 6901
f 6927 6901 6928
f 6928 6901 6926
f 6904 6927 6928
f 6904 6928 6905
f 6905 6928 6929
f 6906 6905 6930
f 6930 6905 6929
f 6907 6906 6931
f 6931 6906 6930
f 6908 6907 6932
f 6932 6907 6931
f 6909 6908 6933
f 6933 6908 6932
f 6910 6909 6934
f 6934 6909 6933
f 6637 6934 6638
f 6637 6912 6934
f 6912 6910 6934
f 6640 6912 6637
f 6914 6912 6640
f 6642 6914 6640
f 6916 6914 6642
f 6644 6936 6935
f 6642 6644 6935
f 6642 6935 6917
f 6642 6917 6916
f 6936 6938 6937
f 6935 6936 6937
f 6937 6938 6939
f 6918 6940 6647
f 6628 6918 6647
f 6919 6941 6918
f 6941 6940 6918
f 6920 6942 6919
f 6942 6941 6919
f 6921 6943 6920
f 6943 6942 6920
f 6630 6648 6943
f 6921 6630 6943
f 6634 6922 6652
f 6922 6944 6652
f 6636 6654 6923
f 6656 6923 6654
f 6656 6945 6923
f 6945 6924 6923
f 6925 6924 6946
f 6946 6924 6945
f 6926 6925 6947
f 6947 6925 6946
f 6928 6926 6948
f 6948 6926 6947
f 6929 6928 6949
f 6949 6928 6948
f 6930 6929 6950
f 6950 6929 6949
f 6931 6930 6951
f 6951 6930 6950
f 6932 6931 6952
f 6952 6931 6951
f 6657 6952 6658
f 6657 6933 6952
f 6933 6932 6952
f 6660 6933 6657
f 6934 6933 6660
f 6638 6934 6660
f 6644 6662 6936
f 6663 6936 6662
f 6938 6936 6663
f 6665 6954 6953
f 6663 6665 6953
f 6663 6953 6939
f 6663 6939 6938
f 6647 6940 6666
f 6954 6955 6953
f 6668 6666 6940
f 6941 6668 6940
f 6670 6668 6941
f 6942 6670 6941
f 6672 6670 6942
f 6943 6672 6942
f 6648 6672 6943
f 6652 6944 6675
f 6944 6956 6675
f 6656 6678 6945
f 6680 6945 6678
f 6680 6957 6945
f 6957 6946 6945
f 6947 6946 6958
f 6958 6946 6957
f 6948 6947 6959
f 6959 6947 6958
f 6949 6948 6960
f 6960 6948 6959
f 6681 6960 6682
f 6681 6950 6960
f 6950 6949 6960
f 6684 6950 6681
f 6951 6950 6684
f 6686 6951 6684
f 6952 6951 6686
f 6658 6952 6686
f 6665 6688 6954
f 6689 6962 6961
f 6688 6689 6961
f 6688 6961 6955
f 6688 6955 6954
f 6961 6962 6963
f 6692 6964 6693
f 6692 6965 6964
f 6692 6675 6965
f 6675 6956 6965
f 6680 6696 6957
f 6698 6957 6696
f 6958 6957 6698
f 6700 6958 6698
f 6959 6958 6700
f 6702 6959 6700
f 6960 6959 6702
f 6682 6960 6702
f 6962 6706 6966
f 6689 6706 6962
f 6967 6963 6962
f 6966 6967 6962
f 6964 6968 6969
f 6964 6969 6693
f 6693 6969 6709
f 6965 6968 6964
f 6706 6714 6966
f 6716 6971 6970
f 6714 6716 6970
f 6714 6970 6967
f 6714 6967 6966
f 6971 6973 6972
f 6970 6971 6972
f 6973 6975 6974
f 6972 6973 6974
f 6975 6718 6717
f 6975 6717 6974
f 6974 6717 6976
f 6976 6717 6719
f 6977 6976 6719
f 6709 6969 6721
f 6969 6978 6721
f 6971 6723 6979
f 6716 6723 6971
f 6724 6979 6725
f 6724 6973 6979
f 6973 6971 6979
f 6726 6973 6724
f 6975 6973 6726
f 6718 6975 6726
f 6719 6727 6977
f 6977 6727 6980
f 6721 6978 6730
f 6978 6981 6730
f 6731 6732 6982
f 6731 6982 6984
f 6723 6731 6984
f 6723 6984 6983
f 6723 6983 6979
f 6983 6725 6979
f 6983 6985 6725
f 6985 6733 6725
f 6727 6986 6980
f 6734 6986 6727
f 6986 6734 6735
f 6987 6986 6735
f 6988 6989 6736
f 6988 6736 6981
f 6981 6736 6730
f 6988 6990 6989
f 6982 6737 6991
f 6732 6737 6982
f 6992 6984 6982
f 6991 6992 6982
f 6994 6738 6733
f 6994 6733 6993
f 6993 6733 6985
f 6738 6994 6740
f 6735 6741 6987
f 6987 6741 6995
f 6736 6989 6742
f 6989 6744 6742
f 6989 6990 6744
f 6990 6996 6744
f 6737 6745 6991
f 6991 6745 6746
f 6991 6746 6992
f 6992 6746 6997
f 6994 6993 6998
f 6998 6740 6994
f 6998 6999 6740
f 6999 6748 6740
f 6741 6749 6995
f 6995 6749 7000
f 6744 6996 6751
f 6996 7001 6751
f 6746 6752 6997
f 6997 6752 7002
f 6753 7003 6754
f 6753 7004 7003
f 6753 6748 7004
f 6748 6999 7004
f 6749 7005 7000
f 6755 7005 6749
f 6756 7007 7006
f 6756 7006 6755
f 6755 7006 7005
f 7006 7007 7008
f 6751 7001 6758
f 7001 7009 6758
f 6752 7010 7002
f 6759 7010 6752
f 6754 7010 6759
f 6754 7012 7010
f 6754 7003 7012
f 7011 7010 7012
f 7013 7003 7004
f 7012 7003 7013
f 6756 6760 7007
f 7007 6760 6761
f 7007 6761 7008
f 7008 6761 7014
f 6758 7009 6763
f 7009 7015 6763
f 7012 7016 7011
f 7013 7016 7012
f 7018 6761 6764
f 7018 7017 6761
f 7017 7014 6761
f 6764 6765 7018
f 6763 7015 6767
f 7015 7019 6767
f 7018 7020 7017
f 7020 7018 6765
f 7020 6765 7021
f 7021 6765 6768
f 6771 7022 6772
f 6771 7023 7022
f 6771 6767 7023
f 6767 7019 7023
f 6768 6773 7021
f 7021 6773 7024
f 7022 7025 6776
f 6772 7022 6776
f 7026 7022 7023
f 7025 7022 7026
f 7028 6773 6777
f 7028 7027 6773
f 7027 7024 6773
f 6777 6778 7029
f 7028 6777 7029
f 6778 7031 7029
f 6776 7031 6778
f 6776 7030 7031
f 6776 7025 7030
f 7026 7030 7025
f 7028 7032 7027
f 7032 7034 7033
f 7032 7028 7034
f 7028 7029 7034
f 7035 7029 7031
f 7034 7029 7035
f 7034 7036 7033
f 7035 7036 7034
f 7039 7038 7037
f 7037 7040 7039
f 7043 7042 7041
f 7038 7043 7041
f 7038 7039 7043
f 7039 7044 7043
f 7045 7039 7040
f 7045 7046 7039
f 7046 7044 7039
f 7045 7047 7046
f 6779 7042 7043
f 6779 6780 7042
f 6780 7048 7042
f 6782 6779 7043
f 7044 6782 7043
f 6784 6782 7044
f 6784 7044 7049
f 7049 7044 7046
f 7050 7046 7047
f 7049 7046 7050
f 7053 7052 7051
f 7053 7051 7048
f 7053 7048 6785
f 6785 7048 6780
f 6784 7049 6787
f 7049 6789 6787
f 7049 7050 6789
f 7050 7054 6789
f 7056 7052 7053
f 7055 7052 7056
f 6785 6790 7056
f 7053 6785 7056
f 6789 7054 6792
f 7054 7057 6792
f 6793 7055 7056
f 6793 6794 7055
f 6794 7058 7055
f 6790 6793 7056
f 6792 7057 6797
f 7057 7059 6797
f 7062 7061 7060
f 7060 7063 7062
f 6794 7064 7058
f 6798 7064 6794
f 7064 6798 6799
f 7065 7064 6799
f 6797 7059 6800
f 7059 7066 6800
f 6801 7061 7062
f 6801 6802 7061
f 6802 7067 7061
f 7062 6804 6801
f 7062 7063 6804
f 7063 7068 6804
f 6805 6806 7069
f 6805 7069 7070
f 6805 7070 6799
f 6799 7070 7065
f 6800 7066 6807
f 7066 7071 6807
f 6808 6809 7072
f 6808 7072 7073
f 6808 7073 6802
f 6802 7073 7067
f 6804 7068 6810
f 7068 7074 6810
f 7069 7076 7075
f 7069 6806 7076
f 6806 6812 7076
f 7070 7069 7075
f 6807 7071 6813
f 7071 7077 6813
f 7072 6814 7078
f 6809 6814 7072
f 7079 7073 7072
f 7079 7072 7080
f 7080 7072 7078
f 7080 7074 7079
f 7080 6815 7074
f 6815 6810 7074
f 6816 6817 7081
f 7083 6816 7081
f 7083 7082 6816
f 7082 6818 6816
f 7076 6812 6818
f 7082 7076 6818
f 6813 7077 6819
f 7077 7084 6819
f 7078 6821 7085
f 6814 6821 7078
f 7080 7078 7086
f 7086 7078 7085
f 6815 7086 6822
f 7080 7086 6815
f 7081 7088 7087
f 7081 6817 7088
f 6817 6823 7088
f 7083 7081 7087
f 6819 7084 6824
f 7084 7089 6824
f 7085 6826 7090
f 6821 6826 7085
f 6827 7090 6828
f 6827 7086 7090
f 7086 7085 7090
f 6822 7086 6827
f 6823 6830 7088
f 7088 6830 7091
f 6824 7089 6832
f 7089 7092 6832
f 6834 6835 7093
f 7095 6834 7093
f 7095 7094 6834
f 7094 6836 6834
f 7097 7094 7096
f 7097 6837 7094
f 6837 6836 7094
f 6837 7097 6838
f 7090 6840 7098
f 6826 6840 7090
f 6828 7098 6841
f 7090 7098 6828
f 6842 7100 7099
f 6843 7100 6842
f 7091 6830 6842
f 7099 7091 6842
f 6844 7101 6845
f 6844 7102 7101
f 6844 6832 7102
f 6832 7092 7102
f 6847 6848 7103
f 6847 7103 7105
f 6835 6847 7105
f 6835 7105 7104
f 6835 7104 7093
f 7095 7093 7104
f 7097 7096 7106
f 6838 7097 7106
f 6838 7106 6849
f 6849 7106 7107
f 7109 7107 7108
f 7109 6850 7107
f 6850 6849 7107
f 6850 7098 6840
f 6850 7109 7098
f 7109 7110 7098
f 6841 7111 6851
f 6841 7098 7111
f 7098 7110 7111
f 6851 7111 6852
f 6843 6854 7100
f 7100 6854 7112
f 7101 7113 6855
f 6845 7101 6855
f 7114 7101 7102
f 7113 7101 7114
f 6865 6866 7115
f 6865 7115 7117
f 6848 6865 7117
f 6848 7117 7116
f 6848 7116 7103
f 7105 7103 7116
f 7109 7108 7118
f 7110 7109 7118
f 7119 7110 7118
f 7111 7110 7119
f 7120 7111 7119
f 6852 7111 7120
f 6852 7120 6867
f 6867 7120 7121
f 6868 6867 7122
f 6867 7121 7122
f 7112 6854 6868
f 7122 7112 6868
f 7113 7123 6869
f 6855 7113 6869
f 7124 7113 7114
f 7123 7113 7124
f 7115 6880 7125
f 6866 6880 7115
f 7126 7117 7115
f 7125 7126 7115
f 6869 7123 6881
f 7123 6883 6881
f 7123 7124 6883
f 7124 7127 6883
f 7125 6894 7128
f 6880 6894 7125
f 7129 7126 7125
f 7129 7125 7130
f 7130 7125 7128
f 7129 7130 7131
f 6883 7127 6897
f 7127 7132 6897
f 6902 6903 7133
f 6902 7133 6904
f 6894 6911 7128
f 6913 7128 6911
f 7130 7128 6913
f 7130 7134 7131
f 7130 6913 7134
f 6913 6915 7134
f 6917 7136 7135
f 6917 7135 6915
f 6915 7135 7134
f 7136 7138 7137
f 7135 7136 7137
f 7137 7138 7139
f 6897 7132 6922
f 7132 7140 6922
f 6903 6927 7133
f 6904 7133 6927
f 6917 6935 7136
f 6937 7136 6935
f 7138 7136 6937
f 6939 7142 7141
f 6937 6939 7141
f 6937 7141 7139
f 6937 7139 7138
f 7141 7142 7143
f 6922 7140 6944
f 7140 7144 6944
f 6939 6953 7142
f 6955 7146 7145
f 6953 6955 7145
f 6953 7145 7143
f 6953 7143 7142
f 7145 7146 7147
f 6944 7144 6956
f 7144 7148 6956
f 6955 6961 7146
f 6963 7150 7149
f 6961 6963 7149
f 6961 7149 7147
f 6961 7147 7146
f 7149 7150 7151
f 6956 7148 6965
f 7148 7152 6965
f 7150 6967 7153
f 6963 6967 7150
f 7154 7151 7150
f 7154 7150 7155
f 7155 7150 7153
f 7154 7155 7156
f 6968 7157 6969
f 6968 7158 7157
f 6968 6965 7158
f 6965 7152 7158
f 6967 6970 7153
f 6972 7153 6970
f 7155 7153 6972
f 7155 7159 7156
f 7155 6972 7159
f 6972 6974 7159
f 6976 7160 6974
f 6974 7160 7159
f 7160 6976 6977
f 7161 7160 6977
f 7157 7162 6978
f 6969 7157 6978
f 7163 7157 7158
f 7162 7157 7163
f 6977 6980 7161
f 7161 6980 7164
f 7162 7165 6981
f 6978 7162 6981
f 7166 7162 7163
f 7165 7162 7166
f 6983 6984 7167
f 6983 7167 6985
f 6980 7168 7164
f 6986 7168 6980
f 7168 6986 6987
f 7169 7168 6987
f 6981 7165 6988
f 7165 6990 6988
f 7165 7166 6990
f 7166 7170 6990
f 7167 6992 7171
f 6984 6992 7167
f 6985 7171 6993
f 7167 7171 6985
f 6987 6995 7169
f 7169 6995 7172
f 6990 7170 6996
f 7170 7173 6996
f 7171 6997 7174
f 6992 6997 7171
f 6993 7175 6998
f 6993 7171 7175
f 7171 7174 7175
f 6998 7175 6999
f 7176 7000 7177
f 7176 7172 7000
f 7172 6995 7000
f 7176 7177 7178
f 6996 7173 7001
f 7173 7179 7001
f 7174 7002 7180
f 6997 7002 7174
f 7182 7181 7175
f 7182 7175 7180
f 7180 7175 7174
f 7181 6999 7175
f 7181 7183 6999
f 7183 7004 6999
f 7000 7005 7177
f 7177 7184 7178
f 7177 7005 7184
f 7005 7006 7184
f 7184 7006 7008
f 7185 7184 7008
f 7001 7179 7009
f 7179 7186 7009
f 7002 7010 7180
f 7180 7010 7011
f 7180 7011 7182
f 7182 7011 7187
f 7004 7183 7013
f 7183 7188 7013
f 7189 7014 7190
f 7189 7185 7014
f 7185 7008 7014
f 7189 7190 7191
f 7009 7186 7015
f 7186 7192 7015
f 7194 7011 7016
f 7194 7193 7011
f 7193 7187 7011
f 7016 7195 7194
f 7016 7013 7195
f 7013 7188 7195
f 7190 7197 7196
f 7190 7014 7197
f 7014 7017 7197
f 7191 7190 7196
f 7015 7192 7019
f 7192 7198 7019
f 7194 7199 7193
f 7195 7199 7194
f 7201 7017 7020
f 7201 7200 7017
f 7200 7197 7017
f 7020 7021 7201
f 7019 7198 7023
f 7198 7202 7023
f 7204 7200 7201
f 7203 7200 7204
f 7021 7024 7204
f 7201 7021 7204
f 7023 7202 7026
f 7202 7205 7026
f 7204 7206 7203
f 7206 7204 7024
f 7206 7024 7207
f 7207 7024 7027
f 7030 7208 7031
f 7030 7209 7208
f 7030 7026 7209
f 7026 7205 7209
f 7211 7027 7032
f 7211 7210 7027
f 7210 7207 7027
f 7032 7033 7211
f 7208 7212 7035
f 7031 7208 7035
f 7213 7208 7209
f 7212 7208 7213
f 7215 7210 7211
f 7214 7210 7215
f 7033 7036 7216
f 7033 7216 7211
f 7211 7216 7215
f 7036 7218 7216
f 7035 7218 7036
f 7035 7217 7218
f 7035 7212 7217
f 7213 7217 7212
f 7215 7219 7214
f 7216 7219 7215
f 7220 7219 7216
f 7218 7220 7216
f 7223 7222 7221
f 7223 7224 7225
f 7221 7224 7223
f 7224 7226 7225
f 7229 7228 7227
f 7222 7229 7227
f 7223 7229 7222
f 7223 7038 7229
f 7223 7037 7038
f 7040 7037 7223
f 7040 7223 7230
f 7230 7223 7225
f 7231 7225 7226
f 7230 7225 7231
f 7041 7228 7229
f 7041 7042 7228
f 7042 7232 7228
f 7038 7041 7229
f 7040 7230 7045
f 7230 7047 7045
f 7230 7231 7047
f 7231 7233 7047
f 7236 7235 7234
f 7236 7234 7232
f 7236 7232 7048
f 7048 7232 7042
f 7047 7233 7050
f 7233 7237 7050
f 7051 7235 7236
f 7051 7052 7235
f 7052 7238 7235
f 7048 7051 7236
f 7050 7237 7054
f 7237 7239 7054
f 7052 7055 7238
f 7238 7055 7240
f 7054 7239 7057
f 7239 7241 7057
f 7055 7058 7240
f 7240 7058 7242
f 7057 7241 7059
f 7241 7243 7059
f 7060 7245 7244
f 7061 7245 7060
f 7244 7063 7060
f 7246 7063 7244
f 7058 7247 7242
f 7064 7247 7058
f 7247 7064 7065
f 7248 7247 7065
f 7059 7243 7066
f 7243 7249 7066
f 7061 7067 7245
f 7245 7067 7250
f 7063 7246 7068
f 7246 7251 7068
f 7065 7070 7248
f 7248 7070 7252
f 7066 7249 7071
f 7249 7253 7071
f 7254 7073 7255
f 7254 7250 7073
f 7250 7067 7073
f 7255 7251 7254
f 7255 7074 7251
f 7074 7068 7251
f 7075 7076 7256
f 7075 7256 7257
f 7075 7257 7070
f 7070 7257 7252
f 7071 7253 7077
f 7253 7258 7077
f 7073 7079 7255
f 7074 7255 7079
f 7082 7260 7259
f 7083 7260 7082
f 7256 7076 7082
f 7256 7082 7261
f 7261 7082 7259
f 7257 7256 7261
f 7077 7258 7084
f 7258 7262 7084
f 7087 7264 7263
f 7088 7264 7087
f 7260 7083 7087
f 7263 7260 7087
f 7084 7262 7089
f 7262 7265 7089
f 7088 7091 7264
f 7264 7091 7266
f 7089 7265 7092
f 7265 7267 7092
f 7094 7095 7268
f 7094 7268 7096
f 7099 7270 7269
f 7100 7270 7099
f 7266 7091 7099
f 7269 7266 7099
f 7092 7267 7102
f 7267 7271 7102
f 7104 7105 7272
f 7104 7272 7274
f 7095 7104 7274
f 7095 7274 7273
f 7095 7273 7268
f 7096 7268 7273
f 7096 7273 7106
f 7106 7273 7275
f 7277 7275 7276
f 7277 7107 7275
f 7107 7106 7275
f 7107 7277 7108
f 7100 7112 7270
f 7270 7112 7278
f 7102 7271 7114
f 7271 7279 7114
f 7116 7117 7280
f 7116 7280 7282
f 7105 7116 7282
f 7105 7282 7281
f 7105 7281 7272
f 7274 7272 7281
f 7277 7276 7283
f 7285 7283 7284
f 7118 7283 7285
f 7118 7277 7283
f 7118 7108 7277
f 7118 7286 7119
f 7285 7286 7118
f 7119 7287 7120
f 7286 7287 7119
f 7120 7288 7121
f 7287 7288 7120
f 7290 7121 7288
f 7290 7289 7121
f 7289 7122 7121
f 7278 7112 7122
f 7289 7278 7122
f 7114 7279 7124
f 7279 7291 7124
f 7280 7126 7292
f 7117 7126 7280
f 7293 7282 7280
f 7293 7280 7294
f 7294 7280 7292
f 7293 7294 7295
f 7285 7284 7296
f 7286 7285 7296
f 7297 7286 7296
f 7287 7286 7297
f 7298 7287 7297
f 7288 7287 7298
f 7299 7288 7298
f 7290 7288 7299
f 7124 7291 7127
f 7291 7300 7127
f 7126 7129 7292
f 7131 7292 7129
f 7131 7301 7292
f 7301 7294 7292
f 7302 7295 7294
f 7302 7294 7303
f 7303 7294 7301
f 7302 7303 7304
f 7127 7300 7132
f 7300 7305 7132
f 7131 7134 7301
f 7135 7301 7134
f 7303 7301 7135
f 7303 7306 7304
f 7303 7135 7306
f 7135 7137 7306
f 7139 7308 7307
f 7139 7307 7137
f 7137 7307 7306
f 7308 7310 7309
f 7307 7308 7309
f 7309 7310 7311
f 7132 7305 7140
f 7305 7312 7140
f 7139 7141 7308
f 7143 7308 7141
f 7143 7313 7308
f 7313 7310 7308
f 7314 7311 7310
f 7313 7314 7310
f 7140 7312 7144
f 7312 7315 7144
f 7143 7145 7313
f 7147 7317 7316
f 7145 7147 7316
f 7145 7316 7314
f 7145 7314 7313
f 7316 7317 7318
f 7144 7315 7148
f 7315 7319 7148
f 7147 7149 7317
f 7151 7321 7320
f 7149 7151 7320
f 7149 7320 7318
f 7149 7318 7317
f 7320 7321 7322
f 7148 7319 7152
f 7319 7323 7152
f 7151 7154 7321
f 7156 7325 7324
f 7154 7156 7324
f 7154 7324 7322
f 7154 7322 7321
f 7324 7325 7326
f 7152 7323 7158
f 7323 7327 7158
f 7156 7159 7325
f 7325 7328 7326
f 7325 7159 7328
f 7159 7160 7328
f 7328 7160 7161
f 7329 7328 7161
f 7158 7327 7163
f 7327 7330 7163
f 7161 7164 7329
f 7329 7164 7331
f 7163 7330 7166
f 7330 7332 7166
f 7164 7333 7331
f 7168 7333 7164
f 7333 7168 7169
f 7334 7333 7169
f 7166 7332 7170
f 7332 7335 7170
f 7169 7172 7334
f 7334 7172 7336
f 7170 7335 7173
f 7335 7337 7173
f 7172 7338 7336
f 7176 7338 7172
f 7338 7176 7178
f 7339 7338 7178
f 7173 7337 7179
f 7337 7340 7179
f 7181 7182 7341
f 7181 7341 7183
f 7178 7342 7339
f 7184 7342 7178
f 7185 7344 7343
f 7185 7343 7184
f 7184 7343 7342
f 7343 7344 7345
f 7179 7340 7186
f 7340 7346 7186
f 7341 7348 7347
f 7341 7182 7348
f 7182 7187 7348
f 7347 7183 7341
f 7347 7349 7183
f 7349 7188 7183
f 7185 7189 7344
f 7344 7189 7191
f 7344 7191 7345
f 7345 7191 7350
f 7186 7346 7192
f 7346 7351 7192
f 7187 7193 7348
f 7348 7193 7352
f 7188 7349 7195
f 7349 7353 7195
f 7196 7355 7354
f 7197 7355 7196
f 7350 7191 7196
f 7354 7350 7196
f 7192 7351 7198
f 7351 7356 7198
f 7193 7357 7352
f 7199 7357 7193
f 7353 7199 7195
f 7357 7199 7353
f 7197 7200 7355
f 7355 7200 7358
f 7198 7356 7202
f 7356 7359 7202
f 7200 7203 7358
f 7358 7203 7360
f 7202 7359 7205
f 7359 7361 7205
f 7363 7203 7206
f 7363 7362 7203
f 7362 7360 7203
f 7206 7207 7363
f 7205 7361 7209
f 7361 7364 7209
f 7363 7365 7362
f 7365 7363 7207
f 7365 7207 7366
f 7366 7207 7210
f 7209 7364 7213
f 7364 7367 7213
f 7210 7214 7366
f 7366 7214 7368
f 7217 7369 7218
f 7217 7370 7369
f 7217 7213 7370
f 7213 7367 7370
f 7372 7214 7219
f 7372 7371 7214
f 7371 7368 7214
f 7219 7220 7373
f 7372 7219 7373
f 7220 7218 7369
f 7220 7369 7373
f 7373 7369 7374
f 7375 7369 7370
f 7374 7369 7375
f 7372 7376 7371
f 7373 7376 7372
f 7377 7376 7373
f 7374 7377 7373
f 7378 7377 7374
f 7375 7378 7374
f 7381 7380 7379
f 7381 7382 7383
f 7379 7382 7381
f 7382 7384 7383
f 7387 7386 7385
f 7380 7387 7385
f 7381 7387 7380
f 7381 7222 7387
f 7381 7221 7222
f 7224 7221 7381
f 7383 7224 7381
f 7383 7226 7224
f 7383 7384 7226
f 7384 7388 7226
f 7227 7386 7387
f 7227 7228 7386
f 7228 7389 7386
f 7222 7227 7387
f 7226 7388 7231
f 7388 7390 7231
f 7393 7392 7391
f 7393 7391 7389
f 7393 7389 7232
f 7232 7389 7228
f 7231 7390 7233
f 7390 7394 7233
f 7234 7392 7393
f 7234 7235 7392
f 7235 7395 7392
f 7232 7234 7393
f 7396 7397 7237
f 7396 7237 7394
f 7394 7237 7233
f 7396 7398 7397
f 7235 7238 7395
f 7395 7238 7399
f 7397 7400 7239
f 7237 7397 7239
f 7401 7397 7398
f 7400 7397 7401
f 7404 7403 7402
f 7402 7405 7404
f 7408 7407 7406
f 7408 7406 7399
f 7408 7399 7240
f 7240 7399 7238
f 7400 7409 7410
f 7400 7410 7239
f 7239 7410 7241
f 7401 7409 7400
f 7412 7403 7404
f 7411 7403 7412
f 7413 7404 7405
f 7412 7404 7413
f 7415 7407 7408
f 7414 7407 7415
f 7240 7242 7415
f 7408 7240 7415
f 7241 7410 7243
f 7410 7416 7243
f 7244 7245 7417
f 7412 7418 7411
f 7246 7244 7417
f 7413 7418 7412
f 7415 7419 7414
f 7242 7419 7415
f 7242 7247 7419
f 7247 7420 7419
f 7420 7247 7248
f 7421 7420 7248
f 7243 7416 7249
f 7416 7422 7249
f 7417 7250 7423
f 7245 7250 7417
f 7246 7423 7251
f 7417 7423 7246
f 7248 7252 7421
f 7421 7252 7424
f 7249 7422 7253
f 7422 7425 7253
f 7250 7254 7423
f 7251 7423 7254
f 7252 7257 7424
f 7424 7257 7426
f 7253 7425 7258
f 7425 7427 7258
f 7259 7260 7428
f 7259 7429 7261
f 7428 7429 7259
f 7261 7429 7430
f 7261 7430 7257
f 7257 7430 7426
f 7258 7427 7262
f 7427 7431 7262
f 7263 7433 7432
f 7264 7433 7263
f 7428 7260 7263
f 7428 7263 7434
f 7434 7263 7432
f 7429 7428 7434
f 7435 7429 7434
f 7430 7429 7435
f 7262 7431 7265
f 7431 7436 7265
f 7264 7266 7433
f 7433 7266 7437
f 7265 7436 7267
f 7436 7438 7267
f 7269 7440 7439
f 7270 7440 7269
f 7437 7266 7269
f 7439 7437 7269
f 7267 7438 7271
f 7438 7441 7271
f 7273 7274 7442
f 7273 7443 7275
f 7442 7443 7273
f 7275 7443 7276
f 7270 7278 7440
f 7440 7278 7444
f 7271 7441 7279
f 7441 7445 7279
f 7281 7282 7446
f 7281 7442 7274
f 7281 7446 7442
f 7446 7447 7442
f 7443 7442 7448
f 7448 7442 7447
f 7276 7449 7283
f 7276 7443 7449
f 7443 7448 7449
f 7283 7449 7284
f 7289 7451 7450
f 7290 7451 7289
f 7444 7278 7289
f 7450 7444 7289
f 7279 7445 7291
f 7445 7452 7291
f 7282 7293 7446
f 7295 7446 7293
f 7295 7453 7446
f 7453 7447 7446
f 7448 7447 7454
f 7454 7447 7453
f 7449 7448 7455
f 7455 7448 7454
f 7284 7456 7296
f 7284 7449 7456
f 7449 7455 7456
f 7296 7457 7297
f 7456 7457 7296
f 7297 7458 7298
f 7457 7458 7297
f 7460 7298 7458
f 7460 7459 7298
f 7459 7299 7298
f 7451 7290 7299
f 7459 7451 7299
f 7291 7452 7300
f 7452 7461 7300
f 7295 7302 7453
f 7304 7453 7302
f 7304 7462 7453
f 7462 7454 7453
f 7455 7454 7463
f 7463 7454 7462
f 7456 7455 7464
f 7464 7455 7463
f 7457 7456 7465
f 7465 7456 7464
f 7467 7466 7458
f 7467 7458 7465
f 7465 7458 7457
f 7460 7458 7466
f 7300 7461 7305
f 7461 7468 7305
f 7304 7306 7462
f 7307 7462 7306
f 7463 7462 7307
f 7309 7463 7307
f 7464 7463 7309
f 7311 7464 7309
f 7311 7469 7464
f 7469 7465 7464
f 7470 7467 7465
f 7469 7470 7465
f 7305 7468 7312
f 7468 7471 7312
f 7469 7314 7472
f 7311 7314 7469
f 7473 7470 7469
f 7472 7473 7469
f 7312 7471 7315
f 7471 7474 7315
f 7314 7316 7472
f 7318 7476 7475
f 7316 7318 7475
f 7316 7475 7473
f 7316 7473 7472
f 7475 7476 7477
f 7315 7474 7319
f 7474 7478 7319
f 7318 7320 7476
f 7476 7320 7322
f 7476 7322 7477
f 7477 7322 7479
f 7319 7478 7323
f 7478 7480 7323
f 7322 7481 7479
f 7324 7481 7322
f 7481 7324 7326
f 7482 7481 7326
f 7323 7480 7327
f 7480 7483 7327
f 7326 7484 7482
f 7328 7484 7326
f 7484 7328 7329
f 7485 7484 7329
f 7327 7483 7330
f 7483 7486 7330
f 7487 7331 7488
f 7487 7485 7331
f 7485 7329 7331
f 7487 7488 7489
f 7330 7486 7332
f 7486 7490 7332
f 7331 7333 7488
f 7488 7333 7334
f 7488 7334 7489
f 7489 7334 7491
f 7332 7490 7335
f 7490 7492 7335
f 7334 7336 7491
f 7491 7336 7493
f 7335 7492 7337
f 7492 7494 7337
f 7336 7495 7493
f 7338 7495 7336
f 7339 7497 7496
f 7339 7496 7338
f 7338 7496 7495
f 7497 7499 7498
f 7496 7497 7498
f 7498 7499 7500
f 7337 7494 7340
f 7494 7501 7340
f 7339 7342 7497
f 7343 7497 7342
f 7499 7497 7343
f 7499 7343 7345
f 7499 7345 7500
f 7500 7345 7502
f 7340 7501 7346
f 7501 7503 7346
f 7347 7348 7504
f 7347 7504 7349
f 7345 7350 7502
f 7502 7350 7505
f 7346 7503 7351
f 7503 7506 7351
f 7504 7352 7507
f 7348 7352 7504
f 7349 7507 7353
f 7504 7507 7349
f 7354 7355 7508
f 7354 7508 7509
f 7354 7509 7350
f 7350 7509 7505
f 7351 7506 7356
f 7506 7510 7356
f 7352 7357 7507
f 7353 7507 7357
f 7513 7512 7511
f 7358 7508 7355
f 7358 7515 7508
f 7514 7513 7511
f 7516 7509 7508
f 7515 7516 7508
f 7356 7510 7359
f 7510 7517 7359
f 7519 7512 7513
f 7518 7512 7519
f 7358 7360 7520
f 7358 7520 7515
f 7360 7519 7520
f 7514 7520 7513
f 7519 7513 7520
f 7516 7515 7520
f 7359 7517 7361
f 7517 7521 7361
f 7519 7522 7518
f 7522 7519 7360
f 7522 7360 7523
f 7523 7360 7362
f 7361 7521 7364
f 7521 7524 7364
f 7526 7362 7365
f 7526 7525 7362
f 7525 7523 7362
f 7365 7366 7526
f 7364 7524 7367
f 7524 7527 7367
f 7526 7528 7525
f 7528 7526 7366
f 7528 7366 7529
f 7529 7366 7368
f 7367 7527 7370
f 7527 7530 7370
f 7368 7371 7529
f 7529 7371 7531
f 7370 7530 7375
f 7530 7532 7375
f 7534 7371 7376
f 7534 7533 7371
f 7533 7531 7371
f 7376 7377 7535
f 7534 7376 7535
f 7377 7378 7536
f 7535 7377 7536
f 7378 7537 7536
f 7378 7375 7537
f 7375 7532 7537
f 7534 7538 7533
f 7538 7540 7539
f 7538 7534 7540
f 7534 7535 7540
f 7542 7536 7541
f 7542 7540 7536
f 7540 7535 7536
f 7537 7541 7536
f 7540 7543 7539
f 7542 7543 7540
f 7546 7545 7544
f 7544 7547 7546
f 7549 7545 7546
f 7548 7545 7549
f 7550 7546 7547
f 7550 7551 7546
f 7551 7549 7546
f 7550 7552 7551
f 7555 7554 7553
f 7548 7555 7553
f 7549 7555 7548
f 7549 7380 7555
f 7549 7379 7380
f 7382 7379 7549
f 7551 7382 7549
f 7551 7384 7382
f 7551 7552 7384
f 7552 7556 7384
f 7385 7554 7555
f 7385 7386 7554
f 7386 7557 7554
f 7380 7385 7555
f 7558 7559 7388
f 7558 7388 7556
f 7556 7388 7384
f 7558 7560 7559
f 7386 7389 7557
f 7557 7389 7561
f 7559 7562 7390
f 7388 7559 7390
f 7563 7559 7560
f 7562 7559 7563
f 7391 7565 7564
f 7392 7565 7391
f 7561 7389 7391
f 7564 7561 7391
f 7562 7566 7394
f 7390 7562 7394
f 7567 7562 7563
f 7566 7562 7567
f 7392 7395 7565
f 7565 7395 7568
f 7394 7566 7396
f 7566 7398 7396
f 7566 7567 7398
f 7567 7569 7398
f 7395 7399 7568
f 7568 7399 7570
f 7398 7569 7401
f 7569 7571 7401
f 7402 7573 7572
f 7403 7573 7402
f 7572 7405 7402
f 7574 7405 7572
f 7406 7576 7575
f 7407 7576 7406
f 7570 7399 7579
f 7570 7579 7577
f 7399 7406 7579
f 7578 7579 7575
f 7406 7575 7579
f 7577 7579 7580
f 7409 7581 7582
f 7410 7409 7582
f 7571 7409 7401
f 7581 7409 7571
f 7583 7411 7584
f 7583 7573 7411
f 7573 7403 7411
f 7584 7574 7583
f 7584 7413 7574
f 7413 7405 7574
f 7407 7414 7576
f 7576 7414 7585
f 7587 7579 7578
f 7586 7587 7578
f 7588 7580 7579
f 7587 7588 7579
f 7410 7582 7416
f 7582 7589 7416
f 7411 7418 7584
f 7413 7584 7418
f 7414 7590 7585
f 7419 7590 7414
f 7586 7420 7587
f 7586 7590 7420
f 7590 7419 7420
f 7587 7420 7421
f 7587 7421 7588
f 7588 7421 7591
f 7416 7589 7422
f 7589 7592 7422
f 7593 7424 7594
f 7593 7591 7424
f 7591 7421 7424
f 7593 7594 7595
f 7598 7596 7597
f 7598 7592 7596
f 7598 7425 7592
f 7425 7422 7592
f 7594 7426 7599
f 7424 7426 7594
f 7600 7595 7594
f 7600 7594 7601
f 7601 7594 7599
f 7597 7600 7601
f 7597 7601 7598
f 7598 7601 7602
f 7425 7602 7427
f 7598 7602 7425
f 7599 7430 7603
f 7426 7430 7599
f 7605 7604 7601
f 7605 7601 7603
f 7603 7601 7599
f 7604 7606 7607
f 7604 7607 7601
f 7601 7607 7602
f 7427 7607 7431
f 7602 7607 7427
f 7432 7433 7608
f 7432 7609 7434
f 7608 7609 7432
f 7611 7434 7609
f 7611 7610 7434
f 7610 7435 7434
f 7603 7430 7435
f 7603 7435 7612
f 7612 7435 7610
f 7605 7603 7612
f 7614 7607 7606
f 7613 7614 7606
f 7431 7614 7436
f 7607 7614 7431
f 7608 7616 7615
f 7608 7433 7616
f 7433 7437 7616
f 7609 7608 7615
f 7617 7609 7615
f 7611 7609 7617
f 7619 7614 7613
f 7618 7619 7613
f 7436 7619 7438
f 7614 7619 7436
f 7439 7440 7620
f 7439 7620 7621
f 7439 7621 7437
f 7437 7621 7616
f 7623 7619 7618
f 7622 7623 7618
f 7438 7623 7441
f 7619 7623 7438
f 7620 7625 7624
f 7620 7440 7625
f 7440 7444 7625
f 7621 7620 7624
f 7623 7622 7626
f 7626 7441 7623
f 7626 7627 7441
f 7627 7445 7441
f 7450 7451 7628
f 7450 7628 7629
f 7450 7629 7444
f 7444 7629 7625
f 7445 7627 7452
f 7627 7630 7452
f 7459 7460 7631
f 7459 7631 7633
f 7451 7459 7633
f 7451 7633 7632
f 7451 7632 7628
f 7629 7628 7632
f 7452 7630 7461
f 7630 7634 7461
f 7466 7467 7635
f 7466 7635 7637
f 7460 7466 7637
f 7460 7637 7636
f 7460 7636 7631
f 7633 7631 7636
f 7461 7634 7468
f 7634 7638 7468
f 7635 7470 7639
f 7467 7470 7635
f 7640 7637 7635
f 7639 7640 7635
f 7468 7638 7471
f 7638 7641 7471
f 7639 7473 7642
f 7470 7473 7639
f 7643 7640 7639
f 7642 7643 7639
f 7471 7641 7474
f 7641 7644 7474
f 7473 7475 7642
f 7642 7475 7477
f 7642 7477 7643
f 7643 7477 7645
f 7474 7644 7478
f 7644 7646 7478
f 7647 7479 7648
f 7647 7645 7479
f 7645 7477 7479
f 7647 7648 7649
f 7478 7646 7480
f 7646 7650 7480
f 7479 7481 7648
f 7482 7652 7651
f 7481 7482 7651
f 7481 7651 7649
f 7481 7649 7648
f 7651 7652 7653
f 7480 7650 7483
f 7650 7654 7483
f 7482 7484 7652
f 7652 7484 7485
f 7652 7485 7653
f 7653 7485 7655
f 7658 7656 7657
f 7658 7654 7656
f 7658 7486 7654
f 7486 7483 7654
f 7485 7659 7655
f 7487 7659 7485
f 7659 7487 7489
f 7660 7659 7489
f 7662 7658 7657
f 7661 7662 7657
f 7486 7662 7490
f 7658 7662 7486
f 7489 7491 7660
f 7660 7491 7663
f 7665 7662 7661
f 7664 7665 7661
f 7490 7665 7492
f 7662 7665 7490
f 7666 7493 7667
f 7666 7663 7493
f 7663 7491 7493
f 7667 7669 7668
f 7666 7667 7668
f 7668 7669 7670
f 7672 7665 7664
f 7671 7672 7664
f 7492 7672 7494
f 7665 7672 7492
f 7493 7495 7667
f 7496 7667 7495
f 7669 7667 7496
f 7669 7673 7670
f 7669 7496 7673
f 7496 7498 7673
f 7500 7675 7674
f 7500 7674 7498
f 7498 7674 7673
f 7674 7675 7676
f 7678 7672 7671
f 7677 7678 7671
f 7494 7678 7501
f 7672 7678 7494
f 7675 7502 7679
f 7500 7502 7675
f 7680 7676 7675
f 7680 7675 7681
f 7681 7675 7679
f 7677 7680 7681
f 7677 7681 7678
f 7678 7681 7682
f 7501 7682 7503
f 7678 7682 7501
f 7679 7505 7683
f 7502 7505 7679
f 7685 7684 7681
f 7685 7681 7683
f 7683 7681 7679
f 7684 7686 7687
f 7684 7687 7681
f 7681 7687 7682
f 7503 7687 7506
f 7682 7687 7503
f 7683 7509 7688
f 7505 7509 7683
f 7689 7685 7683
f 7688 7689 7683
f 7687 7686 7690
f 7690 7506 7687
f 7690 7691 7506
f 7691 7510 7506
f 7511 7693 7692
f 7512 7693 7511
f 7692 7514 7511
f 7694 7514 7692
f 7688 7696 7695
f 7688 7509 7696
f 7509 7516 7696
f 7689 7688 7695
f 7510 7691 7517
f 7691 7697 7517
f 7700 7699 7698
f 7698 7701 7700
f 7512 7518 7693
f 7693 7518 7702
f 7704 7520 7514
f 7704 7514 7703
f 7703 7514 7694
f 7520 7704 7705
f 7520 7705 7516
f 7516 7705 7696
f 7517 7697 7521
f 7697 7706 7521
f 7700 7707 7699
f 7701 7707 7700
f 7518 7708 7702
f 7522 7708 7518
f 7708 7522 7704
f 7708 7704 7703
f 7522 7523 7704
f 7709 7704 7710
f 7523 7710 7704
f 7705 7704 7709
f 7521 7706 7524
f 7706 7711 7524
f 7523 7525 7710
f 7710 7525 7712
f 7524 7711 7527
f 7711 7713 7527
f 7715 7525 7528
f 7715 7714 7525
f 7714 7712 7525
f 7528 7529 7715
f 7527 7713 7530
f 7713 7716 7530
f 7715 7717 7714
f 7717 7715 7529
f 7717 7529 7718
f 7718 7529 7531
f 7530 7716 7532
f 7716 7719 7532
f 7531 7533 7718
f 7718 7533 7720
f 7532 7719 7537
f 7719 7721 7537
f 7723 7533 7538
f 7723 7722 7533
f 7722 7720 7533
f 7538 7539 7723
f 7541 7724 7542
f 7541 7725 7724
f 7541 7537 7725
f 7537 7721 7725
f 7723 7726 7722
f 7728 7727 7726
f 7543 7728 7726
f 7543 7726 7723
f 7543 7723 7539
f 7543 7542 7724
f 7543 7724 7728
f 7728 7724 7729
f 7730 7724 7725
f 7729 7724 7730
f 7728 7731 7727
f 7729 7731 7728
f 7732 7731 7729
f 7730 7732 7729
f 7735 7734 7733
f 7735 7736 7737
f 7733 7736 7735
f 7736 7738 7737
f 7544 7734 7735
f 7544 7545 7734
f 7545 7739 7734
f 7547 7544 7735
f 7547 7735 7740
f 7740 7735 7737
f 7741 7737 7738
f 7740 7737 7741
f 7744 7743 7742
f 7744 7742 7739
f 7744 7739 7548
f 7548 7739 7545
f 7547 7740 7550
f 7552 7745 7746
f 7550 7745 7552
f 7550 7741 7745
f 7550 7740 7741
f 7745 7747 7746
f 7553 7743 7744
f 7553 7554 7743
f 7554 7748 7743
f 7548 7553 7744
f 7746 7749 7556
f 7552 7746 7556
f 7750 7746 7747
f 7749 7746 7750
f 7554 7557 7748
f 7748 7557 7751
f 7556 7749 7558
f 7749 7560 7558
f 7749 7750 7560
f 7750 7752 7560
f 7755 7754 7753
f 7755 7753 7751
f 7755 7751 7561
f 7561 7751 7557
f 7560 7752 7563
f 7752 7756 7563
f 7564 7754 7755
f 7564 7565 7754
f 7565 7757 7754
f 7561 7564 7755
f 7563 7756 7567
f 7756 7758 7567
f 7761 7760 7759
f 7759 7762 7761
f 7565 7568 7757
f 7757 7568 7763
f 7567 7758 7569
f 7758 7764 7569
f 7761 7765 7760
f 7762 7765 7761
f 7768 7767 7766
f 7766 7770 7768
f 7769 7763 7771
f 7763 7570 7771
f 7763 7568 7570
f 7769 7771 7772
f 7775 7773 7774
f 7775 7764 7773
f 7775 7571 7764
f 7571 7569 7764
f 7572 7573 7776
f 7572 7776 7574
f 7575 7767 7768
f 7575 7576 7767
f 7576 7777 7767
f 7577 7771 7570
f 7578 7575 7770
f 7578 7770 7778
f 7770 7575 7768
f 7771 7577 7580
f 7771 7580 7772
f 7772 7580 7779
f 7581 7775 7774
f 7581 7774 7582
f 7582 7774 7780
f 7571 7775 7581
f 7573 7583 7776
f 7574 7776 7583
f 7781 7585 7782
f 7781 7777 7585
f 7777 7576 7585
f 7782 7778 7781
f 7782 7586 7778
f 7586 7578 7778
f 7783 7588 7784
f 7783 7779 7588
f 7779 7580 7588
f 7783 7784 7785
f 7582 7780 7589
f 7780 7786 7589
f 7585 7590 7782
f 7586 7782 7590
f 7784 7591 7787
f 7588 7591 7784
f 7788 7785 7784
f 7788 7784 7789
f 7789 7784 7787
f 7789 7791 7790
f 7788 7789 7790
f 7791 7786 7790
f 7791 7592 7786
f 7592 7589 7786
f 7591 7593 7787
f 7595 7787 7593
f 7595 7792 7787
f 7792 7789 7787
f 7596 7792 7597
f 7596 7791 7792
f 7791 7789 7792
f 7592 7791 7596
f 7595 7600 7792
f 7597 7792 7600
f 7604 7605 7793
f 7604 7793 7606
f 7610 7611 7794
f 7610 7795 7612
f 7794 7795 7610
f 7612 7793 7605
f 7612 7795 7793
f 7795 7796 7793
f 7606 7796 7613
f 7793 7796 7606
f 7615 7616 7797
f 7615 7798 7617
f 7797 7798 7615
f 7617 7798 7800
f 7611 7617 7800
f 7611 7800 7799
f 7611 7799 7794
f 7795 7794 7799
f 7801 7795 7799
f 7801 7802 7803
f 7801 7803 7795
f 7795 7803 7796
f 7613 7803 7618
f 7796 7803 7613
f 7797 7805 7804
f 7797 7616 7805
f 7616 7621 7805
f 7798 7797 7804
f 7806 7798 7804
f 7800 7798 7806
f 7803 7802 7807
f 7807 7618 7803
f 7807 7808 7618
f 7808 7622 7618
f 7624 7625 7809
f 7624 7809 7810
f 7624 7810 7621
f 7621 7810 7805
f 7812 7626 7622
f 7812 7622 7811
f 7811 7622 7808
f 7626 7812 7627
f 7809 7814 7813
f 7809 7625 7814
f 7625 7629 7814
f 7810 7809 7813
f 7816 7812 7811
f 7815 7816 7811
f 7627 7816 7630
f 7812 7816 7627
f 7632 7633 7817
f 7632 7817 7818
f 7632 7818 7629
f 7629 7818 7814
f 7816 7815 7819
f 7819 7630 7816
f 7819 7820 7630
f 7820 7634 7630
f 7636 7637 7821
f 7636 7821 7823
f 7633 7636 7823
f 7633 7823 7822
f 7633 7822 7817
f 7818 7817 7822
f 7634 7820 7638
f 7820 7824 7638
f 7821 7640 7825
f 7637 7640 7821
f 7826 7823 7821
f 7825 7826 7821
f 7638 7824 7641
f 7824 7827 7641
f 7825 7643 7828
f 7640 7643 7825
f 7829 7826 7825
f 7828 7829 7825
f 7641 7827 7644
f 7827 7830 7644
f 7828 7645 7831
f 7643 7645 7828
f 7832 7829 7828
f 7831 7832 7828
f 7644 7830 7646
f 7830 7833 7646
f 7645 7647 7831
f 7649 7835 7834
f 7647 7649 7834
f 7647 7834 7832
f 7647 7832 7831
f 7834 7835 7836
f 7646 7833 7650
f 7833 7837 7650
f 7649 7651 7835
f 7835 7651 7653
f 7835 7653 7836
f 7836 7653 7838
f 7841 7839 7840
f 7841 7837 7839
f 7841 7654 7837
f 7654 7650 7837
f 7842 7655 7843
f 7842 7838 7655
f 7838 7653 7655
f 7842 7843 7844
f 7656 7841 7840
f 7656 7840 7657
f 7657 7840 7845
f 7654 7841 7656
f 7655 7659 7843
f 7660 7847 7846
f 7659 7660 7846
f 7659 7846 7844
f 7659 7844 7843
f 7846 7847 7848
f 7657 7845 7661
f 7845 7849 7661
f 7847 7663 7850
f 7660 7663 7847
f 7851 7848 7847
f 7851 7847 7852
f 7852 7847 7850
f 7851 7852 7853
f 7856 7854 7855
f 7856 7849 7854
f 7856 7664 7849
f 7664 7661 7849
f 7663 7666 7850
f 7668 7850 7666
f 7852 7850 7668
f 7670 7858 7857
f 7668 7670 7857
f 7668 7857 7853
f 7668 7853 7852
f 7858 7860 7859
f 7857 7858 7859
f 7855 7859 7860
f 7855 7860 7856
f 7856 7860 7861
f 7664 7861 7671
f 7856 7861 7664
f 7670 7673 7858
f 7674 7858 7673
f 7860 7858 7674
f 7676 7860 7674
f 7676 7862 7860
f 7862 7861 7860
f 7671 7862 7677
f 7861 7862 7671
f 7676 7680 7862
f 7677 7862 7680
f 7684 7685 7863
f 7684 7863 7686
f 7863 7689 7864
f 7685 7689 7863
f 7686 7865 7690
f 7686 7863 7865
f 7863 7864 7865
f 7690 7865 7691
f 7692 7693 7866
f 7692 7866 7694
f 7695 7696 7867
f 7695 7867 7869
f 7689 7695 7869
f 7689 7869 7868
f 7689 7868 7864
f 7868 7870 7871
f 7868 7871 7864
f 7864 7871 7865
f 7691 7871 7697
f 7865 7871 7691
f 7698 7699 7872
f 7698 7872 7701
f 7866 7874 7873
f 7866 7693 7874
f 7693 7702 7874
f 7873 7694 7866
f 7873 7875 7694
f 7875 7703 7694
f 7867 7877 7876
f 7867 7696 7877
f 7696 7705 7877
f 7869 7867 7876
f 7871 7870 7878
f 7878 7697 7871
f 7878 7879 7697
f 7879 7706 7697
f 7699 7707 7872
f 7701 7872 7707
f 7881 7702 7708
f 7881 7880 7702
f 7880 7874 7702
f 7709 7710 7883
f 7708 7703 7881
f 7703 7882 7881
f 7703 7875 7882
f 7709 7883 7884
f 7709 7884 7705
f 7705 7884 7877
f 7706 7879 7711
f 7879 7885 7711
f 7888 7887 7886
f 7886 7889 7888
f 7881 7890 7880
f 7881 7882 7890
f 7883 7710 7891
f 7710 7892 7891
f 7710 7712 7892
f 7884 7883 7891
f 7711 7885 7713
f 7885 7893 7713
f 7888 7894 7887
f 7889 7894 7888
f 7712 7714 7892
f 7892 7714 7895
f 7713 7893 7716
f 7893 7896 7716
f 7898 7714 7717
f 7898 7897 7714
f 7897 7895 7714
f 7717 7718 7898
f 7716 7896 7719
f 7896 7899 7719
f 7898 7900 7897
f 7900 7898 7718
f 7900 7718 7901
f 7901 7718 7720
f 7902 7903 7721
f 7902 7721 7899
f 7899 7721 7719
f 7902 7904 7903
f 7720 7722 7901
f 7901 7722 7905
f 7903 7906 7725
f 7721 7903 7725
f 7907 7903 7904
f 7906 7903 7907
f 7909 7722 7726
f 7909 7908 7722
f 7908 7905 7722
f 7726 7727 7909
f 7906 7910 7911
f 7906 7911 7725
f 7725 7911 7730
f 7907 7910 7906
f 7909 7912 7908
f 7914 7913 7912
f 7731 7914 7912
f 7731 7912 7909
f 7731 7909 7727
f 7731 7732 7915
f 7914 7731 7915
f 7732 7916 7915
f 7732 7730 7916
f 7730 7911 7916
f 7914 7917 7913
f 7915 7917 7914
f 7918 7917 7915
f 7916 7918 7915
f 7921 7920 7919
f 7921 7922 7923
f 7919 7922 7921
f 7922 7924 7923
f 7733 7920 7921
f 7733 7734 7920
f 7734 7925 7920
f 7736 7733 7921
f 7923 7736 7921
f 7923 7738 7736
f 7923 7924 7738
f 7924 7926 7738
f 7929 7928 7927
f 7929 7927 7925
f 7929 7925 7739
f 7739 7925 7734
f 7930 7931 7741
f 7930 7741 7926
f 7926 7741 7738
f 7930 7932 7931
f 7742 7928 7929
f 7742 7743 7928
f 7743 7933 7928
f 7739 7742 7929
f 7741 7931 7745
f 7931 7747 7745
f 7931 7932 7747
f 7932 7934 7747
f 7743 7748 7933
f 7933 7748 7935
f 7747 7934 7750
f 7934 7936 7750
f 7748 7751 7935
f 7935 7751 7937
f 7750 7936 7752
f 7936 7938 7752
f 7753 7940 7939
f 7754 7940 7753
f 7937 7751 7753
f 7939 7937 7753
f 7752 7938 7756
f 7938 7941 7756
f 7754 7757 7940
f 7940 7757 7942
f 7756 7941 7758
f 7941 7943 7758
f 7759 7760 7944
f 7759 7944 7762
f 7945 7763 7946
f 7945 7942 7763
f 7942 7757 7763
f 7945 7946 7947
f 7950 7948 7949
f 7950 7943 7948
f 7950 7764 7943
f 7764 7758 7943
f 7760 7765 7944
f 7762 7944 7765
f 7766 7767 7951
f 7769 7946 7763
f 7770 7766 7951
f 7772 7953 7952
f 7769 7772 7952
f 7769 7952 7947
f 7769 7947 7946
f 7952 7953 7954
f 7773 7950 7949
f 7773 7949 7774
f 7774 7949 7955
f 7764 7950 7773
f 7951 7777 7956
f 7767 7777 7951
f 7770 7956 7778
f 7951 7956 7770
f 7953 7779 7957
f 7772 7779 7953
f 7958 7954 7953
f 7957 7958 7953
f 7961 7959 7960
f 7961 7955 7959
f 7961 7780 7955
f 7780 7774 7955
f 7777 7781 7956
f 7778 7956 7781
f 7779 7783 7957
f 7785 7963 7962
f 7783 7785 7962
f 7783 7962 7958
f 7783 7958 7957
f 7960 7962 7963
f 7960 7963 7961
f 7961 7963 7964
f 7780 7964 7786
f 7961 7964 7780
f 7785 7788 7963
f 7790 7963 7788
f 7964 7963 7790
f 7786 7964 7790
f 7799 7800 7965
f 7799 7966 7801
f 7965 7966 7799
f 7801 7966 7802
f 7804 7805 7967
f 7804 7968 7806
f 7967 7968 7804
f 7806 7968 7970
f 7800 7806 7970
f 7800 7970 7969
f 7800 7969 7965
f 7969 7971 7972
f 7969 7972 7965
f 7965 7972 7966
f 7802 7973 7807
f 7802 7966 7973
f 7966 7972 7973
f 7807 7973 7808
f 7967 7810 7974
f 7805 7810 7967
f 7976 7975 7968
f 7976 7968 7974
f 7974 7968 7967
f 7970 7968 7975
f 7972 7971 7977
f 7977 7978 7979
f 7977 7979 7972
f 7972 7979 7973
f 7808 7979 7811
f 7973 7979 7808
f 7813 7814 7980
f 7813 7980 7982
f 7810 7813 7982
f 7810 7982 7981
f 7810 7981 7974
f 7976 7974 7981
f 7979 7978 7983
f 7983 7811 7979
f 7983 7984 7811
f 7984 7815 7811
f 7980 7986 7985
f 7980 7814 7986
f 7814 7818 7986
f 7982 7980 7985
f 7988 7819 7815
f 7988 7815 7987
f 7987 7815 7984
f 7819 7988 7820
f 7822 7823 7989
f 7822 7989 7990
f 7822 7990 7818
f 7818 7990 7986
f 7992 7988 7987
f 7991 7992 7987
f 7820 7992 7824
f 7988 7992 7820
f 7989 7826 7993
f 7823 7826 7989
f 7994 7990 7989
f 7993 7994 7989
f 7992 7991 7995
f 7995 7824 7992
f 7995 7996 7824
f 7996 7827 7824
f 7993 7829 7997
f 7826 7829 7993
f 7998 7994 7993
f 7997 7998 7993
f 7827 7996 7830
f 7996 7999 7830
f 7997 7832 8000
f 7829 7832 7997
f 8001 7998 7997
f 8000 8001 7997
f 8004 8002 8003
f 8004 7999 8002
f 8004 7833 7999
f 7833 7830 7999
f 7832 7834 8000
f 7836 8006 8005
f 7834 7836 8005
f 7834 8005 8001
f 7834 8001 8000
f 8005 8006 8007
f 8009 8004 8003
f 8008 8009 8003
f 7833 8009 7837
f 8004 8009 7833
f 8006 7838 8010
f 7836 7838 8006
f 8011 8007 8006
f 8010 8011 8006
f 7839 8009 8008
f 7839 8008 7840
f 7840 8008 8012
f 7837 8009 7839
f 7838 7842 8010
f 7844 8014 8013
f 7842 7844 8013
f 7842 8013 8011
f 7842 8011 8010
f 8013 8014 8015
f 8018 8016 8017
f 8018 8012 8016
f 8018 7845 8012
f 7845 7840 8012
f 7844 7846 8014
f 7848 8020 8019
f 7846 7848 8019
f 7846 8019 8015
f 7846 8015 8014
f 8020 8022 8021
f 8019 8020 8021
f 8022 8024 8023
f 8021 8022 8023
f 8017 8023 8024
f 8017 8024 8018
f 8018 8024 8025
f 7845 8025 7849
f 8018 8025 7845
f 7848 7851 8020
f 7853 8020 7851
f 7853 8026 8020
f 8026 8022 8020
f 8024 8022 8027
f 8027 8022 8026
f 7854 8027 7855
f 7854 8025 8027
f 8025 8024 8027
f 7849 8025 7854
f 7853 7857 8026
f 7859 8026 7857
f 8027 8026 7859
f 7855 8027 7859
f 7868 7869 8028
f 7868 8028 7870
f 7873 7874 8029
f 7873 8029 7875
f 7876 7877 8030
f 7876 8030 8032
f 7869 7876 8032
f 7869 8032 8031
f 7869 8031 8028
f 8034 8031 8033
f 7878 8031 8034
f 7878 8028 8031
f 7878 7870 8028
f 7878 8034 7879
f 8029 7880 8035
f 7874 7880 8029
f 7875 8035 7882
f 8029 8035 7875
f 8030 7884 8036
f 7877 7884 8030
f 8037 8032 8030
f 8036 8037 8030
f 8034 8033 8038
f 8038 7879 8034
f 8038 8039 7879
f 8039 7885 7879
f 7886 7887 8040
f 7886 8040 7889
f 7880 7890 8035
f 7891 8042 8041
f 7891 7892 8042
f 7890 7882 8035
f 8036 7884 7891
f 8036 7891 8043
f 8043 7891 8041
f 8037 8036 8043
f 7885 8039 7893
f 8039 8044 7893
f 7887 7894 8040
f 7889 8040 7894
f 7892 7895 8042
f 8042 7895 8045
f 7893 8044 7896
f 8044 8046 7896
f 7895 7897 8045
f 8045 7897 8047
f 8048 8049 7899
f 8048 7899 8046
f 8046 7899 7896
f 8048 8050 8049
f 7897 8051 8047
f 7900 8051 7897
f 8051 7900 7901
f 8052 8051 7901
f 7899 8049 7902
f 8049 7904 7902
f 8049 8050 7904
f 8050 8053 7904
f 7901 7905 8052
f 8052 7905 8054
f 7904 8053 7907
f 8053 8055 7907
f 7905 7908 8054
f 8054 7908 8056
f 7910 8057 7911
f 7910 8058 8057
f 7910 7907 8058
f 7907 8055 8058
f 8060 7908 7912
f 8060 8059 7908
f 8059 8056 7908
f 7912 7913 8060
f 8057 8061 7916
f 7911 8057 7916
f 8062 8057 8058
f 8061 8057 8062
f 8060 8063 8059
f 8065 8064 8063
f 7917 8065 8063
f 7917 8063 8060
f 7917 8060 7913
f 7917 7918 8066
f 8065 7917 8066
f 7918 8068 8066
f 7916 8068 7918
f 7916 8067 8068
f 7916 8061 8067
f 8062 8067 8061
f 8065 8069 8064
f 8066 8069 8065
f 8070 8069 8066
f 8068 8070 8066
f 7919 8072 8071
f 7920 8072 7919
f 7922 7919 8073
f 7919 8071 8073
f 8073 7924 7922
f 8074 7924 8073
f 8077 8076 8075
f 8077 8075 8072
f 8077 8072 7925
f 7925 8072 7920
f 8078 8079 7926
f 8078 7926 8074
f 8074 7926 7924
f 8078 8080 8079
f 7927 8076 8077
f 7927 7928 8076
f 7928 8081 8076
f 7925 7927 8077
f 7926 8079 7930
f 8079 7932 7930
f 8079 8080 7932
f 8080 8082 7932
f 7928 7933 8081
f 8081 7933 8083
f 7932 8082 7934
f 8082 8084 7934
f 7933 7935 8083
f 8083 7935 8085
f 7934 8084 7936
f 8084 8086 7936
f 8089 8088 8087
f 8089 8087 8085
f 8089 8085 7937
f 7937 8085 7935
f 7936 8086 7938
f 8086 8090 7938
f 7939 8088 8089
f 7939 7940 8088
f 7940 8091 8088
f 7937 7939 8089
f 7938 8090 7941
f 8090 8092 7941
f 7940 7942 8091
f 8091 7942 8093
f 8096 8094 8095
f 8094 8096 8097
f 8100 8098 8099
f 8100 8092 8098
f 8100 7943 8092
f 7943 7941 8092
f 7942 8101 8093
f 7945 8101 7942
f 7947 8102 8096
f 7947 8096 8101
f 7947 8101 7945
f 8101 8096 8095
f 8103 8097 8096
f 8102 8103 8096
f 7948 8100 8099
f 7948 8099 7949
f 7949 8099 8104
f 7943 8100 7948
f 7947 7952 8102
f 7954 8106 8105
f 7952 7954 8105
f 7952 8105 8103
f 7952 8103 8102
f 8106 8108 8107
f 8105 8106 8107
f 8108 8104 8107
f 8108 7955 8104
f 7955 7949 8104
f 8106 7958 8109
f 7954 7958 8106
f 7959 8109 7960
f 7959 8108 8109
f 8108 8106 8109
f 7955 8108 7959
f 7958 7962 8109
f 7960 8109 7962
f 7969 7970 8110
f 7969 8110 7971
f 7975 7976 8111
f 7975 8110 7970
f 7975 8111 8110
f 8111 8112 8110
f 7971 8113 7977
f 7971 8110 8113
f 8110 8112 8113
f 7977 8113 7978
f 7981 7982 8114
f 7981 8114 8116
f 7976 7981 8116
f 7976 8116 8115
f 7976 8115 8111
f 8112 8111 8115
f 8117 8112 8115
f 8113 8112 8117
f 8118 8113 8117
f 8120 8118 8119
f 7983 8118 8120
f 7983 8113 8118
f 7983 7978 8113
f 7983 8120 7984
f 7985 7986 8121
f 7985 8114 7982
f 7985 8121 8114
f 8121 8122 8114
f 8123 8116 8114
f 8122 8123 8114
f 8125 8120 8119
f 8124 8125 8119
f 7984 8125 7987
f 8120 8125 7984
f 8121 7990 8126
f 7986 7990 8121
f 8128 8127 8122
f 8128 8122 8126
f 8126 8122 8121
f 8123 8122 8127
f 8125 8124 8129
f 8129 7987 8125
f 8129 8130 7987
f 8130 7991 7987
f 8126 7994 8131
f 7990 7994 8126
f 8132 8128 8126
f 8131 8132 8126
f 8134 7995 7991
f 8134 7991 8133
f 8133 7991 8130
f 7995 8134 7996
f 8131 7998 8135
f 7994 7998 8131
f 8136 8132 8131
f 8135 8136 8131
f 8138 8134 8133
f 8137 8138 8133
f 7996 8138 7999
f 8134 8138 7996
f 8135 8001 8139
f 7998 8001 8135
f 8140 8136 8135
f 8139 8140 8135
f 8002 8138 8137
f 8002 8137 8003
f 8003 8137 8141
f 7999 8138 8002
f 8001 8005 8139
f 8007 8143 8142
f 8005 8007 8142
f 8005 8142 8140
f 8005 8140 8139
f 8142 8143 8144
f 8147 8145 8146
f 8147 8141 8145
f 8147 8008 8141
f 8008 8003 8141
f 8143 8011 8148
f 8007 8011 8143
f 8149 8144 8143
f 8149 8143 8150
f 8150 8143 8148
f 8149 8150 8151
f 8154 8152 8153
f 8146 8152 8154
f 8146 8154 8147
f 8147 8154 8155
f 8008 8155 8012
f 8147 8155 8008
f 8011 8013 8148
f 8015 8148 8013
f 8015 8156 8148
f 8156 8150 8148
f 8157 8151 8150
f 8157 8150 8158
f 8158 8150 8156
f 8153 8157 8158
f 8153 8158 8154
f 8154 8158 8159
f 8016 8159 8017
f 8016 8155 8159
f 8155 8154 8159
f 8012 8155 8016
f 8015 8019 8156
f 8021 8156 8019
f 8158 8156 8021
f 8023 8158 8021
f 8159 8158 8023
f 8017 8159 8023
f 8031 8032 8160
f 8031 8160 8033
f 8160 8037 8161
f 8032 8037 8160
f 8033 8162 8038
f 8033 8160 8162
f 8160 8161 8162
f 8038 8162 8039
f 8041 8042 8163
f 8041 8164 8043
f 8163 8164 8041
f 8043 8164 8166
f 8037 8043 8166
f 8037 8166 8165
f 8037 8165 8161
f 8162 8161 8165
f 8167 8162 8165
f 8167 8039 8162
f 8167 8168 8039
f 8168 8044 8039
f 8163 8170 8169
f 8163 8042 8170
f 8042 8045 8170
f 8169 8171 8172
f 8169 8172 8163
f 8163 8172 8164
f 8173 8166 8164
f 8172 8173 8164
f 8044 8168 8046
f 8168 8174 8046
f 8045 8047 8170
f 8170 8047 8175
f 8172 8171 8176
f 8173 8172 8176
f 8178 8048 8046
f 8178 8046 8177
f 8177 8046 8174
f 8048 8178 8050
f 8181 8180 8179
f 8179 8182 8181
f 8047 8183 8175
f 8051 8183 8047
f 8183 8051 8052
f 8184 8183 8052
f 8178 8177 8185
f 8185 8050 8178
f 8185 8186 8050
f 8186 8053 8050
f 8181 8187 8180
f 8182 8187 8181
f 8052 8054 8184
f 8184 8054 8188
f 8053 8186 8055
f 8186 8189 8055
f 8054 8056 8188
f 8188 8056 8190
f 8055 8189 8058
f 8189 8191 8058
f 8056 8059 8190
f 8190 8059 8192
f 8058 8191 8062
f 8191 8193 8062
f 8059 8194 8192
f 8063 8194 8059
f 8194 8063 8064
f 8195 8194 8064
f 8067 8196 8068
f 8067 8197 8196
f 8067 8062 8197
f 8062 8193 8197
f 8199 8064 8069
f 8199 8198 8064
f 8198 8195 8064
f 8069 8070 8200
f 8199 8069 8200
f 8070 8202 8200
f 8068 8202 8070
f 8068 8201 8202
f 8068 8196 8201
f 8197 8201 8196
f 8199 8203 8198
f 8200 8203 8199
f 8204 8203 8200
f 8202 8204 8200
f 8207 8206 8205
f 8207 8208 8209
f 8205 8208 8207
f 8208 8210 8209
f 8071 8206 8207
f 8071 8072 8206
f 8072 8211 8206
f 8073 8071 8207
f 8209 8073 8207
f 8074 8212 8213
f 8073 8212 8074
f 8073 8210 8212
f 8073 8209 8210
f 8212 8214 8213
f 8075 8216 8215
f 8076 8216 8075
f 8211 8072 8075
f 8215 8211 8075
f 8074 8213 8078
f 8213 8080 8078
f 8213 8214 8080
f 8214 8217 8080
f 8076 8081 8216
f 8216 8081 8218
f 8080 8217 8082
f 8217 8219 8082
f 8081 8083 8218
f 8218 8083 8220
f 8082 8219 8084
f 8219 8221 8084
f 8224 8223 8222
f 8224 8222 8220
f 8224 8220 8085
f 8085 8220 8083
f 8084 8221 8086
f 8221 8225 8086
f 8087 8223 8224
f 8087 8088 8223
f 8088 8226 8223
f 8085 8087 8224
f 8227 8228 8229
f 8227 8229 8230
f 8086 8225 8090
f 8225 8231 8090
f 8232 8091 8233
f 8232 8226 8091
f 8226 8088 8091
f 8228 8232 8233
f 8228 8233 8229
f 8229 8233 8234
f 8235 8230 8229
f 8234 8235 8229
f 8238 8236 8237
f 8238 8231 8236
f 8238 8092 8231
f 8092 8090 8231
f 8233 8093 8239
f 8091 8093 8233
f 8094 8239 8095
f 8094 8234 8239
f 8234 8233 8239
f 8234 8094 8097
f 8234 8097 8235
f 8235 8097 8240
f 8098 8238 8237
f 8098 8237 8099
f 8099 8237 8241
f 8092 8238 8098
f 8093 8101 8239
f 8095 8239 8101
f 8242 8103 8243
f 8242 8240 8103
f 8240 8097 8103
f 8243 8245 8244
f 8242 8243 8244
f 8245 8241 8244
f 8245 8104 8241
f 8104 8099 8241
f 8103 8105 8243
f 8107 8243 8105
f 8245 8243 8107
f 8104 8245 8107
f 8115 8116 8246
f 8115 8247 8117
f 8246 8247 8115
f 8117 8248 8118
f 8247 8248 8117
f 8118 8248 8119
f 8246 8123 8249
f 8116 8123 8246
f 8247 8246 8250
f 8250 8246 8249
f 8248 8247 8251
f 8251 8247 8250
f 8119 8251 8124
f 8248 8251 8119
f 8127 8128 8252
f 8127 8249 8123
f 8127 8252 8249
f 8252 8253 8249
f 8250 8249 8254
f 8254 8249 8253
f 8251 8250 8255
f 8255 8250 8254
f 8124 8256 8129
f 8124 8251 8256
f 8251 8255 8256
f 8129 8256 8130
f 8252 8132 8257
f 8128 8132 8252
f 8253 8252 8258
f 8258 8252 8257
f 8260 8259 8254
f 8260 8254 8258
f 8258 8254 8253
f 8259 8261 8262
f 8259 8262 8254
f 8254 8262 8255
f 8256 8255 8263
f 8263 8255 8262
f 8130 8263 8133
f 8256 8263 8130
f 8257 8136 8264
f 8132 8136 8257
f 8258 8257 8265
f 8265 8257 8264
f 8266 8260 8258
f 8265 8266 8258
f 8268 8262 8261
f 8267 8268 8261
f 8263 8262 8269
f 8269 8262 8268
f 8133 8269 8137
f 8263 8269 8133
f 8264 8140 8270
f 8136 8140 8264
f 8265 8264 8271
f 8271 8264 8270
f 8272 8266 8265
f 8272 8265 8273
f 8273 8265 8271
f 8267 8272 8273
f 8267 8273 8268
f 8268 8273 8274
f 8269 8268 8275
f 8275 8268 8274
f 8137 8275 8141
f 8269 8275 8137
f 8140 8142 8270
f 8144 8270 8142
f 8144 8276 8270
f 8276 8271 8270
f 8273 8271 8277
f 8277 8271 8276
f 8274 8273 8278
f 8278 8273 8277
f 8145 8278 8146
f 8145 8275 8278
f 8275 8274 8278
f 8141 8275 8145
f 8144 8149 8276
f 8151 8276 8149
f 8151 8279 8276
f 8279 8277 8276
f 8152 8279 8153
f 8152 8278 8279
f 8278 8277 8279
f 8146 8278 8152
f 8151 8157 8279
f 8153 8279 8157
f 8165 8166 8280
f 8165 8281 8167
f 8280 8281 8165
f 8167 8281 8168
f 8169 8170 8282
f 8169 8282 8171
f 8280 8173 8283
f 8166 8173 8280
f 8281 8280 8284
f 8284 8280 8283
f 8168 8284 8174
f 8281 8284 8168
f 8282 8175 8285
f 8170 8175 8282
f 8171 8286 8176
f 8171 8282 8286
f 8282 8285 8286
f 8176 8286 8288
f 8173 8176 8288
f 8173 8288 8287
f 8173 8287 8283
f 8284 8283 8287
f 8289 8284 8287
f 8289 8174 8284
f 8289 8290 8174
f 8290 8177 8174
f 8179 8180 8291
f 8179 8291 8182
f 8285 8175 8183
f 8292 8294 8293
f 8295 8294 8292
f 8184 8296 8183
f 8296 8285 8183
f 8296 8286 8285
f 8297 8288 8286
f 8296 8297 8286
f 8299 8185 8177
f 8299 8177 8298
f 8298 8177 8290
f 8185 8299 8186
f 8180 8187 8291
f 8182 8291 8187
f 8301 8293 8294
f 8300 8293 8301
f 8184 8188 8302
f 8184 8302 8296
f 8188 8301 8302
f 8295 8302 8294
f 8301 8294 8302
f 8297 8296 8302
f 8299 8298 8303
f 8303 8186 8299
f 8303 8304 8186
f 8304 8189 8186
f 8301 8305 8300
f 8305 8301 8188
f 8305 8188 8306
f 8306 8188 8190
f 8189 8304 8191
f 8304 8307 8191
f 8190 8192 8306
f 8306 8192 8308
f 8191 8307 8193
f 8307 8309 8193
f 8311 8192 8194
f 8311 8310 8192
f 8310 8308 8192
f 8194 8195 8311
f 8193 8309 8197
f 8309 8312 8197
f 8311 8313 8310
f 8313 8311 8195
f 8313 8195 8314
f 8314 8195 8198
f 8201 8315 8316
f 8202 8201 8316
f 8312 8201 8197
f 8315 8201 8312
f 8318 8198 8203
f 8318 8317 8198
f 8317 8314 8198
f 8203 8204 8319
f 8318 8203 8319
f 8204 8320 8319
f 8204 8202 8320
f 8202 8316 8320
f 8318 8321 8317
f 8319 8321 8318
f 8322 8321 8319
f 8320 8322 8319
f 8205 8324 8323
f 8206 8324 8205
f 8208 8205 8325
f 8205 8323 8325
f 8325 8210 8208
f 8326 8210 8325
f 8206 8211 8324
f 8324 8211 8327
f 8210 8326 8328
f 8212 8210 8328
f 8328 8214 8212
f 8329 8214 8328
f 8215 8331 8330
f 8216 8331 8215
f 8327 8211 8215
f 8330 8327 8215
f 8214 8329 8217
f 8329 8332 8217
f 8216 8218 8331
f 8331 8218 8333
f 8217 8332 8219
f 8332 8334 8219
f 8218 8220 8333
f 8333 8220 8335
f 8219 8334 8221
f 8334 8336 8221
f 8222 8338 8337
f 8223 8338 8222
f 8335 8220 8222
f 8337 8335 8222
f 8221 8336 8225
f 8336 8339 8225
f 8340 8226 8341
f 8340 8338 8226
f 8338 8223 8226
f 8341 8228 8227
f 8341 8227 8340
f 8340 8227 8342
f 8342 8227 8230
f 8343 8342 8230
f 8346 8344 8345
f 8346 8339 8344
f 8346 8231 8339
f 8231 8225 8339
f 8226 8232 8341
f 8228 8341 8232
f 8347 8235 8348
f 8347 8343 8235
f 8343 8230 8235
f 8347 8348 8349
f 8236 8346 8345
f 8236 8345 8237
f 8237 8345 8350
f 8231 8346 8236
f 8348 8240 8351
f 8235 8240 8348
f 8352 8349 8348
f 8352 8348 8353
f 8353 8348 8351
f 8353 8350 8352
f 8353 8241 8350
f 8241 8237 8350
f 8240 8242 8351
f 8244 8351 8242
f 8353 8351 8244
f 8241 8353 8244
f 8259 8260 8354
f 8259 8354 8261
f 8354 8266 8355
f 8260 8266 8354
f 8261 8355 8267
f 8354 8355 8261
f 8266 8272 8355
f 8267 8355 8272
f 8287 8288 8356
f 8287 8357 8289
f 8356 8357 8287
f 8289 8357 8290
f 8292 8293 8358
f 8292 8358 8295
f 8356 8360 8359
f 8356 8288 8360
f 8288 8297 8360
f 8357 8356 8359
f 8361 8357 8359
f 8361 8290 8357
f 8361 8362 8290
f 8362 8298 8290
f 8358 8364 8363
f 8358 8293 8364
f 8293 8300 8364
f 8366 8363 8365
f 8302 8363 8366
f 8302 8358 8363
f 8302 8295 8358
f 8302 8366 8367
f 8302 8367 8297
f 8297 8367 8360
f 8298 8362 8368
f 8303 8298 8368
f 8368 8304 8303
f 8369 8304 8368
f 8300 8370 8364
f 8305 8370 8300
f 8370 8305 8366
f 8370 8366 8365
f 8305 8306 8366
f 8371 8366 8372
f 8306 8372 8366
f 8367 8366 8371
f 8304 8369 8307
f 8369 8373 8307
f 8306 8308 8372
f 8372 8308 8374
f 8307 8373 8309
f 8373 8375 8309
f 8308 8310 8374
f 8374 8310 8376
f 8309 8375 8312
f 8375 8377 8312
f 8310 8378 8376
f 8313 8378 8310
f 8378 8313 8314
f 8379 8378 8314
f 8315 8380 8316
f 8315 8381 8380
f 8315 8312 8381
f 8312 8377 8381
f 8314 8317 8379
f 8379 8317 8382
f 8380 8383 8384
f 8380 8384 8316
f 8316 8384 8320
f 8381 8383 8380
f 8317 8385 8382
f 8321 8385 8317
f 8322 8386 8321
f 8321 8386 8385
f 8384 8322 8320
f 8386 8322 8384
f 8389 8388 8387
f 8389 8390 8391
f 8387 8390 8389
f 8390 8392 8391
f 8323 8388 8389
f 8323 8324 8388
f 8324 8393 8388
f 8325 8323 8389
f 8391 8325 8389
f 8391 8326 8325
f 8391 8392 8326
f 8392 8394 8326
f 8324 8327 8393
f 8393 8327 8395
f 8326 8394 8396
f 8328 8326 8396
f 8396 8329 8328
f 8397 8329 8396
f 8330 8331 8398
f 8330 8398 8399
f 8330 8399 8327
f 8327 8399 8395
f 8329 8397 8332
f 8397 8400 8332
f 8398 8333 8401
f 8331 8333 8398
f 8402 8399 8398
f 8401 8402 8398
f 8332 8400 8334
f 8400 8403 8334
f 8401 8335 8404
f 8333 8335 8401
f 8405 8402 8401
f 8404 8405 8401
f 8334 8403 8336
f 8403 8406 8336
f 8337 8338 8407
f 8337 8404 8335
f 8337 8407 8404
f 8407 8408 8404
f 8409 8405 8404
f 8409 8404 8410
f 8410 8404 8408
f 8409 8410 8411
f 8414 8412 8413
f 8414 8406 8412
f 8414 8339 8406
f 8339 8336 8406
f 8338 8340 8407
f 8342 8407 8340
f 8408 8407 8342
f 8343 8408 8342
f 8343 8415 8408
f 8415 8410 8408
f 8416 8411 8410
f 8416 8410 8417
f 8417 8410 8415
f 8413 8416 8417
f 8414 8413 8417
f 8414 8417 8345
f 8414 8345 8344
f 8339 8414 8344
f 8343 8347 8415
f 8349 8415 8347
f 8349 8418 8415
f 8418 8417 8415
f 8345 8418 8350
f 8417 8418 8345
f 8349 8352 8418
f 8350 8418 8352
f 8359 8360 8419
f 8359 8420 8361
f 8419 8420 8359
f 8361 8420 8362
f 8363 8364 8421
f 8363 8421 8365
f 8419 8367 8422
f 8360 8367 8419
f 8424 8423 8420
f 8424 8420 8422
f 8422 8420 8419
f 8426 8423 8425
f 8368 8423 8426
f 8368 8420 8423
f 8368 8362 8420
f 8368 8426 8369
f 8364 8370 8421
f 8365 8421 8370
f 8371 8372 8427
f 8371 8427 8429
f 8367 8371 8429
f 8367 8429 8428
f 8367 8428 8422
f 8424 8422 8428
f 8426 8425 8430
f 8430 8369 8426
f 8430 8431 8369
f 8431 8373 8369
f 8427 8374 8432
f 8372 8374 8427
f 8433 8429 8427
f 8432 8433 8427
f 8373 8431 8375
f 8431 8434 8375
f 8432 8436 8435
f 8432 8374 8436
f 8374 8376 8436
f 8433 8432 8435
f 8375 8434 8377
f 8434 8437 8377
f 8376 8438 8436
f 8378 8438 8376
f 8438 8378 8379
f 8439 8438 8379
f 8377 8437 8381
f 8437 8440 8381
f 8379 8382 8439
f 8439 8382 8441
f 8383 8442 8443
f 8384 8383 8443
f 8440 8383 8381
f 8442 8383 8440
f 8445 8382 8385
f 8445 8444 8382
f 8444 8441 8382
f 8385 8386 8446
f 8445 8385 8446
f 8386 8447 8446
f 8386 8384 8447
f 8384 8443 8447
f 8445 8448 8444
f 8446 8448 8445
f 8449 8448 8446
f 8447 8449 8446
f 8387 8451 8450
f 8388 8451 8387
f 8390 8387 8452
f 8387 8450 8452
f 8452 8392 8390
f 8453 8392 8452
f 8388 8393 8451
f 8451 8393 8454
f 8392 8453 8394
f 8453 8455 8394
f 8458 8457 8456
f 8458 8456 8454
f 8458 8454 8395
f 8395 8454 8393
f 8394 8455 8459
f 8396 8394 8459
f 8459 8397 8396
f 8460 8397 8459
f 8458 8461 8457
f 8458 8395 8399
f 8458 8399 8462
f 8458 8462 8461
f 8463 8462 8399
f 8462 8463 8464
f 8397 8460 8400
f 8460 8465 8400
f 8463 8402 8466
f 8399 8402 8463
f 8467 8464 8463
f 8466 8467 8463
f 8400 8465 8403
f 8465 8468 8403
f 8466 8405 8469
f 8402 8405 8466
f 8470 8467 8466
f 8469 8470 8466
f 8473 8471 8472
f 8473 8468 8471
f 8473 8406 8468
f 8406 8403 8468
f 8405 8409 8469
f 8411 8475 8474
f 8409 8411 8474
f 8409 8474 8470
f 8409 8470 8469
f 8472 8474 8475
f 8473 8472 8475
f 8473 8475 8413
f 8473 8413 8412
f 8406 8473 8412
f 8411 8416 8475
f 8413 8475 8416
f 8423 8424 8476
f 8423 8476 8425
f 8428 8429 8477
f 8428 8476 8424
f 8428 8477 8476
f 8477 8478 8476
f 8425 8479 8430
f 8425 8476 8479
f 8476 8478 8479
f 8430 8479 8431
f 8477 8433 8480
f 8429 8433 8477
f 8482 8481 8478
f 8482 8478 8480
f 8480 8478 8477
f 8481 8483 8484
f 8481 8484 8478
f 8478 8484 8479
f 8431 8484 8434
f 8479 8484 8431
f 8435 8436 8485
f 8435 8480 8433
f 8435 8485 8480
f 8485 8486 8480
f 8487 8482 8480
f 8486 8487 8480
f 8489 8484 8483
f 8488 8489 8483
f 8434 8489 8437
f 8484 8489 8434
f 8485 8436 8438
f 8490 8492 8491
f 8490 8493 8439
f 8490 8439 8492
f 8493 8486 8439
f 8438 8439 8485
f 8486 8485 8439
f 8487 8486 8493
f 8495 8489 8488
f 8494 8495 8488
f 8437 8495 8440
f 8489 8495 8437
f 8492 8496 8491
f 8496 8492 8439
f 8496 8439 8497
f 8497 8439 8441
f 8442 8495 8494
f 8442 8494 8443
f 8443 8494 8498
f 8440 8495 8442
f 8441 8444 8497
f 8497 8444 8499
f 8443 8498 8447
f 8498 8500 8447
f 8444 8501 8499
f 8448 8501 8444
f 8449 8502 8448
f 8448 8502 8501
f 8500 8449 8447
f 8502 8449 8500
f 8450 8451 8503
f 8450 8504 8452
f 8503 8504 8450
f 8452 8504 8453
f 8503 8506 8505
f 8503 8451 8506
f 8451 8454 8506
f 8504 8503 8505
f 8507 8504 8505
f 8507 8453 8504
f 8507 8508 8453
f 8508 8455 8453
f 8456 8510 8509
f 8457 8510 8456
f 8506 8454 8513
f 8506 8513 8511
f 8454 8456 8513
f 8512 8513 8509
f 8456 8509 8513
f 8511 8513 8514
f 8516 8459 8455
f 8516 8455 8515
f 8515 8455 8508
f 8459 8516 8460
f 8457 8517 8510
f 8461 8517 8457
f 8512 8462 8513
f 8512 8517 8462
f 8517 8461 8462
f 8513 8462 8464
f 8513 8464 8514
f 8514 8464 8518
f 8520 8516 8515
f 8519 8520 8515
f 8460 8520 8465
f 8516 8520 8460
f 8521 8467 8522
f 8521 8518 8467
f 8518 8464 8467
f 8519 8521 8522
f 8519 8522 8520
f 8520 8522 8523
f 8465 8523 8468
f 8520 8523 8465
f 8522 8470 8524
f 8467 8470 8522
f 8471 8524 8472
f 8471 8523 8524
f 8523 8522 8524
f 8468 8523 8471
f 8470 8474 8524
f 8472 8524 8474
f 8481 8482 8525
f 8481 8525 8483
f 8525 8487 8526
f 8482 8487 8525
f 8483 8526 8488
f 8525 8526 8483
f 8490 8528 8527
f 8491 8528 8490
f 8530 8527 8529
f 8530 8493 8527
f 8493 8490 8527
f 8493 8530 8532
f 8487 8493 8532
f 8487 8532 8531
f 8487 8531 8526
f 8531 8488 8526
f 8531 8533 8488
f 8533 8494 8488
f 8491 8534 8528
f 8496 8534 8491
f 8534 8496 8530
f 8534 8530 8529
f 8496 8497 8530
f 8535 8530 8536
f 8497 8536 8530
f 8532 8530 8535
f 8494 8533 8498
f 8533 8537 8498
f 8538 8499 8539
f 8538 8536 8499
f 8536 8497 8499
f 8538 8539 8540
f 8498 8537 8500
f 8537 8541 8500
f 8499 8501 8539
f 8539 8542 8540
f 8539 8501 8542
f 8501 8502 8542
f 8541 8502 8500
f 8542 8502 8541
f 8505 8506 8543
f 8505 8544 8507
f 8543 8544 8505
f 8507 8544 8508
f 8509 8510 8545
f 8511 8543 8506
f 8512 8509 8545
f 8514 8543 8511
f 8514 8546 8543
f 8546 8544 8543
f 8508 8546 8515
f 8544 8546 8508
f 8510 8517 8545
f 8512 8545 8517
f 8546 8518 8547
f 8514 8518 8546
f 8515 8547 8519
f 8546 8547 8515
f 8518 8521 8547
f 8519 8547 8521
f 8527 8528 8548
f 8527 8548 8529
f 8531 8532 8549
f 8531 8549 8533
f 8528 8534 8548
f 8529 8548 8534
f 8535 8536 8550
f 8535 8549 8532
f 8535 8550 8549
f 8550 8551 8549
f 8533 8551 8537
f 8549 8551 8533
f 8536 8538 8550
f 8540 8550 8538
f 8540 8552 8550
f 8552 8551 8550
f 8537 8552 8541
f 8551 8552 8537
f 8540 8542 8552
f 8541 8552 8542
