v -0.0647885572538135 -0.09911743939393937 -0.07037787878787874
v -0.06314418181818177 -0.09911743939393937 -0.07409549098803568
v -0.06314418181818177 -0.09934740515842941 -0.07037787878787874
v -0.06871440900176377 -0.09911743939393937 -0.056919414141414076
v -0.06314418181818177 -0.10014500090490337 -0.056919414141414076
v -0.07126588117270288 -0.09911743939393937 -0.043460949494949414
v -0.06314418181818177 -0.10094692933114799 -0.043460949494949414
v -0.0733152606080678 -0.09911743939393937 -0.03000248484848482
v -0.06314418181818177 -0.10163736398920632 -0.03000248484848482
v -0.07439407999787782 -0.09911743939393937 -0.01654402020202017
v -0.06314418181818177 -0.10217742276032998 -0.01654402020202017
v -0.07316271267940386 -0.09911743939393937 -0.003085555555555508
v -0.06314418181818177 -0.10221783838268188 -0.003085555555555508
v -0.06933706861051081 -0.09911743939393937 0.010372909090909148
v -0.06314418181818177 -0.10126099292632337 0.010372909090909148
v -0.06314418181818177 -0.09911743939393937 0.020227351170955834
v -0.06381812909918302 -0.09911743939393937 0.10458216161616168
v -0.06314418181818177 -0.09911743939393937 0.10224098601218182
v -0.06314418181818177 -0.09943626145453055 0.10458216161616168
v -0.06314418181818177 -0.09911743939393937 0.11667449648014666
v -0.049112141414141344 -0.09911743939393937 -0.07193252272198361
v -0.049112141414141344 -0.0992434558643264 -0.07037787878787874
v -0.049112141414141344 -0.10032806251050604 -0.056919414141414076
v -0.049112141414141344 -0.10137655183496708 -0.043460949494949414
v -0.049112141414141344 -0.10239091989930915 -0.03000248484848482
v -0.049112141414141344 -0.10318466755559887 -0.01654402020202017
v -0.049112141414141344 -0.10382949708283841 -0.003085555555555508
v -0.049112141414141344 -0.10382314418247149 0.010372909090909148
v -0.0610983578341615 -0.09911743939393937 0.023831373737373804
v -0.049112141414141344 -0.10242549411925383 0.023831373737373804
v -0.049112141414141344 -0.09911743939393937 0.03588109007975832
v -0.059725836492016876 -0.09911743939393937 0.0911236969696971
v -0.049112141414141344 -0.09911743939393937 0.07868576163900433
v -0.049112141414141344 -0.10235241231559596 0.0911236969696971
v -0.049112141414141344 -0.10349668534913567 0.10458216161616168
v -0.06303697885753173 -0.09911743939393937 0.11804062626262626
v -0.049112141414141344 -0.10331984118221951 0.11804062626262626
v -0.06016789130041901 -0.09911743939393937 0.131499090909091
v -0.049112141414141344 -0.10255079377980394 0.131499090909091
v -0.05648846627886734 -0.09911743939393937 0.14495755555555556
v -0.049112141414141344 -0.101717214851699 0.14495755555555556
v -0.05247424217253502 -0.09911743939393937 0.1584160202020203
v -0.049112141414141344 -0.10042408789462885 0.1584160202020203
v -0.049112141414141344 -0.09911743939393937 0.16764950227653094
v -0.04861414692819831 -0.09911743939393937 -0.07037787878787874
v -0.04225792067093616 -0.09911743939393937 -0.056919414141414076
v -0.03508010101010093 -0.09911743939393937 -0.048258017650527424
v -0.03508010101010093 -0.0995637875883264 -0.043460949494949414
v -0.03508010101010093 -0.1007333050445621 -0.03000248484848482
v -0.03508010101010093 -0.10172832824337295 -0.01654402020202017
v -0.03508010101010093 -0.10278776092129027 -0.003085555555555508
v -0.03508010101010093 -0.10367204364096752 0.010372909090909148
v -0.03508010101010093 -0.10362681126556718 0.023831373737373804
v -0.047749633085605966 -0.09911743939393937 0.03728983838383847
v -0.03508010101010093 -0.10133459779770473 0.03728983838383847
v -0.03508010101010093 -0.09911743939393937 0.03894968303824492
v -0.04818439114703466 -0.09911743939393937 0.07766523232323236
v -0.03508010101010093 -0.09911743939393937 0.07599593213907375
v -0.03508010101010093 -0.10148857309793298 0.07766523232323236
v -0.03508010101010093 -0.10409287869700021 0.0911236969696971
v -0.03508010101010093 -0.10440597736676606 0.10458216161616168
v -0.03508010101010093 -0.10405463428637418 0.11804062626262626
v -0.03508010101010093 -0.10362349605593886 0.131499090909091
v -0.03508010101010093 -0.10303160077620588 0.14495755555555556
v -0.03508010101010093 -0.10250595929686251 0.1584160202020203
v -0.04740915689170939 -0.09911743939393937 0.1718744848484849
v -0.03508010101010093 -0.10191816226843733 0.1718744848484849
v -0.04120494351324618 -0.09911743939393937 0.1853329494949495
v -0.03508010101010093 -0.10096471614936574 0.1853329494949495
v -0.03508010101010093 -0.09911743939393937 0.1952072338803186
v -0.034002253421289465 -0.09911743939393937 -0.043460949494949414
v -0.030432049686849975 -0.09911743939393937 -0.03000248484848482
v -0.026560231279386518 -0.09911743939393937 -0.01654402020202017
v -0.021048060606060588 -0.09911743939393937 -0.008085577032640148
v -0.021048060606060588 -0.09965242908874714 -0.003085555555555508
v -0.021048060606060588 -0.10102347568320949 0.010372909090909148
v -0.021048060606060588 -0.10196515141887365 0.023831373737373804
v -0.021048060606060588 -0.10182805634119033 0.03728983838383847
v -0.021048060606060588 -0.09911743939393937 0.04233091949681964
v -0.021048060606060588 -0.09911743939393937 0.07203514427462451
v -0.021048060606060588 -0.10245725699641815 0.07766523232323236
v -0.021048060606060588 -0.10328829958071933 0.0911236969696971
v -0.021048060606060588 -0.10271929947025993 0.10458216161616168
v -0.021048060606060588 -0.10225145761739858 0.11804062626262626
v -0.021048060606060588 -0.10214384008874963 0.131499090909091
v -0.021048060606060588 -0.10195341540395755 0.14495755555555556
v -0.021048060606060588 -0.10172597502267341 0.1584160202020203
v -0.021048060606060588 -0.10172864341264667 0.1718744848484849
v -0.021048060606060588 -0.10198550770040651 0.1853329494949495
v -0.0334299069982377 -0.09911743939393937 0.1987914141414142
v -0.021048060606060588 -0.10208030915397683 0.1987914141414142
v -0.02387716337247362 -0.09911743939393937 0.2122498787878788
v -0.021048060606060588 -0.10079831260707478 0.2122498787878788
v -0.021048060606060588 -0.09911743939393937 0.21509461554437542
v -0.02061128169993839 -0.09911743939393937 -0.003085555555555508
v -0.01944048558317623 -0.09911743939393937 0.010372909090909148
v -0.01653160969691776 -0.09911743939393937 0.023831373737373804
v -0.00701602020202017 -0.09911743939393937 0.035057447243752746
v -0.00701602020202017 -0.09960077565022848 0.03728983838383847
v -0.011277571501829578 -0.09911743939393937 0.050748303030303046
v -0.00701602020202017 -0.09978529503172733 0.050748303030303046
v -0.01328351625795117 -0.09911743939393937 0.06420676767676771
v -0.00701602020202017 -0.1001771055480284 0.06420676767676771
v -0.00701602020202017 -0.10131764481023697 0.07766523232323236
v -0.00701602020202017 -0.10095223459585745 0.0911236969696971
v -0.00701602020202017 -0.10071056831106229 0.10458216161616168
v -0.00701602020202017 -0.10061496243691388 0.11804062626262626
v -0.00701602020202017 -0.10065435655082187 0.131499090909091
v -0.00701602020202017 -0.10072049198257652 0.14495755555555556
v -0.00701602020202017 -0.10071080982292276 0.1584160202020203
v -0.00701602020202017 -0.10069227815226206 0.1718744848484849
v -0.00701602020202017 -0.10096133042465236 0.1853329494949495
v -0.00701602020202017 -0.10124652312902883 0.1987914141414142
v -0.00701602020202017 -0.10161190128705644 0.2122498787878788
v -0.014466735761062697 -0.09911743939393937 0.22570834343434354
v -0.00701602020202017 -0.10097759027780871 0.22570834343434354
v -0.013811152898760707 -0.09911743939393937 0.23916680808080812
v -0.00701602020202017 -0.09946931647364765 0.23916680808080812
v -0.00701602020202017 -0.09911743939393937 0.24005388688937176
v 0.007016020202020247 -0.09911743939393937 0.03477412816479933
v 0.007016020202020247 -0.09963443144724005 0.03728983838383847
v 0.007016020202020247 -0.09982951474308241 0.050748303030303046
v 0.007016020202020247 -0.1004506268334402 0.06420676767676771
v 0.007016020202020247 -0.1014182041189161 0.07766523232323236
v 0.007016020202020247 -0.10105692479275966 0.0911236969696971
v 0.007016020202020247 -0.10082570972229885 0.10458216161616168
v 0.007016020202020247 -0.10073407029202815 0.11804062626262626
v 0.007016020202020247 -0.10076375148151345 0.131499090909091
v 0.007016020202020247 -0.10083495656390035 0.14495755555555556
v 0.007016020202020247 -0.10082809971470359 0.1584160202020203
v 0.007016020202020247 -0.10080279473964067 0.1718744848484849
v 0.007016020202020247 -0.10105820453503547 0.1853329494949495
v 0.007016020202020247 -0.10132165692138337 0.1987914141414142
v 0.007016020202020247 -0.10156414453452331 0.2122498787878788
v 0.007016020202020247 -0.10049306411637048 0.22570834343434354
v 0.007016020202020247 -0.09932205709738194 0.23916680808080812
v 0.007016020202020247 -0.09911743939393937 0.23971125999103743
v 0.02061591968859712 -0.09911743939393937 -0.003085555555555508
v 0.021048060606060744 -0.09911743939393937 -0.008247028500352228
v 0.021048060606060744 -0.09962778161479015 -0.003085555555555508
v 0.019502650763484952 -0.09911743939393937 0.010372909090909148
v 0.021048060606060744 -0.10083657280364342 0.010372909090909148
v 0.01670612895924257 -0.09911743939393937 0.023831373737373804
v 0.021048060606060744 -0.10152902517730444 0.023831373737373804
v 0.021048060606060744 -0.10091733036336707 0.03728983838383847
v 0.010056743564716072 -0.09911743939393937 0.050748303030303046
v 0.021048060606060744 -0.09911743939393937 0.04007560878504398
v 0.01411480941306557 -0.09911743939393937 0.06420676767676771
v 0.021048060606060744 -0.09911743939393937 0.07189852777003129
v 0.021048060606060744 -0.10223336330499856 0.07766523232323236
v 0.021048060606060744 -0.1031540353418923 0.0911236969696971
v 0.021048060606060744 -0.10274063123694652 0.10458216161616168
v 0.021048060606060744 -0.10235546352219474 0.11804062626262626
v 0.021048060606060744 -0.10229048126764857 0.131499090909091
v 0.021048060606060744 -0.10212463033691878 0.14495755555555556
v 0.021048060606060744 -0.10190165012325021 0.1584160202020203
v 0.021048060606060744 -0.10187338153793862 0.1718744848484849
v 0.021048060606060744 -0.1019831081257917 0.1853329494949495
v 0.021048060606060744 -0.10168467128580555 0.1987914141414142
v 0.021048060606060744 -0.09930328833772847 0.2122498787878788
v 0.010438850031605391 -0.09911743939393937 0.22570834343434354
v 0.021048060606060744 -0.09911743939393937 0.21241817969451798
v 0.009246881260320687 -0.09911743939393937 0.23916680808080812
v 0.03401498325920916 -0.09911743939393937 -0.043460949494949414
v 0.03508010101010108 -0.09911743939393937 -0.04791366973999363
v 0.03508010101010108 -0.09953978710046897 -0.043460949494949414
v 0.03051006993696285 -0.09911743939393937 -0.03000248484848482
v 0.03508010101010108 -0.10058798893319282 -0.03000248484848482
v 0.026524883793061633 -0.09911743939393937 -0.01654402020202017
v 0.03508010101010108 -0.10150600136173768 -0.01654402020202017
v 0.03508010101010108 -0.10230286143045962 -0.003085555555555508
v 0.03508010101010108 -0.10272226126383535 0.010372909090909148
v 0.03508010101010108 -0.10200824616028807 0.023831373737373804
v 0.03508010101010108 -0.09923307876837484 0.03728983838383847
v 0.03508010101010108 -0.09911743939393937 0.03736512542447907
v 0.03508010101010108 -0.09911743939393937 0.07674130446993266
v 0.03508010101010108 -0.10036010833926226 0.07766523232323236
v 0.03508010101010108 -0.10298841771076607 0.0911236969696971
v 0.03508010101010108 -0.10380937878888427 0.10458216161616168
v 0.03508010101010108 -0.10375552259920318 0.11804062626262626
v 0.03508010101010108 -0.10340280172336794 0.131499090909091
v 0.03508010101010108 -0.10294005074027865 0.14495755555555556
v 0.03508010101010108 -0.10248402358383638 0.1584160202020203
v 0.03508010101010108 -0.1017672039526188 0.1718744848484849
v 0.03508010101010108 -0.10048824178800542 0.1853329494949495
v 0.03104430547404016 -0.09911743939393937 0.1987914141414142
v 0.03508010101010108 -0.09911743939393937 0.19102598529041043
v 0.02137553944258649 -0.09911743939393937 0.2122498787878788
v 0.04385202941095021 -0.09911743939393937 -0.056919414141414076
v 0.04911214141414143 -0.09911743939393937 -0.06569789547538388
v 0.04911214141414143 -0.09990608518623909 -0.056919414141414076
v 0.04911214141414143 -0.10095856706086466 -0.043460949494949414
v 0.04911214141414143 -0.10183166185291793 -0.03000248484848482
v 0.04911214141414143 -0.10250046821502617 -0.01654402020202017
v 0.04911214141414143 -0.10280023249589694 -0.003085555555555508
v 0.04911214141414143 -0.10212808764522581 0.010372909090909148
v 0.04911214141414143 -0.09983309427453968 0.023831373737373804
v 0.03552156534537485 -0.09911743939393937 0.03728983838383847
v 0.04911214141414143 -0.09911743939393937 0.025172950235796417
v 0.03969705377622657 -0.09911743939393937 0.07766523232323236
v 0.04911214141414143 -0.09911743939393937 0.08835780487832275
v 0.04911214141414143 -0.10033793605301546 0.0911236969696971
v 0.04911214141414143 -0.10210917076645125 0.10458216161616168
v 0.04911214141414143 -0.10244957718487352 0.11804062626262626
v 0.04911214141414143 -0.10196793421497329 0.131499090909091
v 0.04911214141414143 -0.10135657829272249 0.14495755555555556
v 0.04911214141414143 -0.10006916994413582 0.1584160202020203
v 0.04625322153660068 -0.09911743939393937 0.1718744848484849
v 0.04911214141414143 -0.09911743939393937 0.16485795814813153
v 0.03952469449089111 -0.09911743939393937 0.1853329494949495
v 0.06314418181818192 -0.09911743939393937 -0.05769022224953159
v 0.06314418181818192 -0.09917088205560451 -0.056919414141414076
v 0.06314418181818192 -0.09995652570817794 -0.043460949494949414
v 0.06314418181818192 -0.10062622443363513 -0.03000248484848482
v 0.06314418181818192 -0.10102183097972517 -0.01654402020202017
v 0.06314418181818192 -0.10081218712147323 -0.003085555555555508
v 0.06314418181818192 -0.09945596312295973 0.010372909090909148
v 0.05213684700653009 -0.09911743939393937 0.023831373737373804
v 0.06314418181818192 -0.09911743939393937 0.011415262925981499
v 0.05334123948755595 -0.09911743939393937 0.0911236969696971
v 0.0593024737132279 -0.09911743939393937 0.10458216161616168
v 0.05975792548034098 -0.09911743939393937 0.11804062626262626
v 0.057986460137797194 -0.09911743939393937 0.131499090909091
v 0.055318508057996055 -0.09911743939393937 0.14495755555555556
v 0.05154687614593671 -0.09911743939393937 0.1584160202020203
v 0.06341235672634939 -0.09911743939393937 -0.056919414141414076
v 0.06673034712549078 -0.09911743939393937 -0.043460949494949414
v 0.06890568379764661 -0.09911743939393937 -0.03000248484848482
v 0.06990029800670433 -0.09911743939393937 -0.01654402020202017
v 0.06889335930431502 -0.09911743939393937 -0.003085555555555508
v 0.06428444622045557 -0.09911743939393937 0.010372909090909148
v -0.08168638621692886 -0.09369519696969696 -0.12421173737373728
v -0.07717622222222219 -0.09369519696969696 -0.13386050458185544
v -0.07717622222222219 -0.09458917571612604 -0.12421173737373728
v -0.08465316289843967 -0.09369519696969696 -0.1107532727272727
v -0.07717622222222219 -0.09547116050182623 -0.1107532727272727
v -0.08571423981227169 -0.09369519696969696 -0.09729480808080804
v -0.07717622222222219 -0.09609379210179765 -0.09729480808080804
v -0.08610473836564488 -0.09369519696969696 -0.08383634343434337
v -0.07717622222222219 -0.09655592559817064 -0.08383634343434337
v -0.08554589663828069 -0.09369519696969696 -0.07037787878787874
v -0.07717622222222219 -0.09685307081555543 -0.07037787878787874
v -0.08528935629256255 -0.09369519696969696 -0.056919414141414076
v -0.07717622222222219 -0.09710470486446347 -0.056919414141414076
v -0.08521255022054393 -0.09369519696969696 -0.043460949494949414
v -0.07717622222222219 -0.09742529325382429 -0.043460949494949414
v -0.08567334851542689 -0.09369519696969696 -0.03000248484848482
v -0.07717622222222219 -0.09790672674134167 -0.03000248484848482
v -0.08581893374206762 -0.09369519696969696 -0.01654402020202017
v -0.07717622222222219 -0.09818362098114339 -0.01654402020202017
v -0.0849141172341411 -0.09369519696969696 -0.003085555555555508
v -0.07717622222222219 -0.09770564792027493 -0.003085555555555508
v -0.08216563619051942 -0.09369519696969696 0.010372909090909148
v -0.07717622222222219 -0.09615873034612336 0.010372909090909148
v -0.07717622222222219 -0.09369519696969696 0.019427637753183645
v -0.06798707797975373 -0.09369519696969696 -0.13767020202020194
v -0.06314418181818177 -0.09369519696969696 -0.13868901275132314
v -0.06314418181818177 -0.09384239287494757 -0.13767020202020194
v -0.06314418181818177 -0.09547183690829691 -0.12421173737373728
v -0.06314418181818177 -0.09670060637024994 -0.1107532727272727
v -0.06314418181818177 -0.09771173465588937 -0.09729480808080804
v -0.06314418181818177 -0.09855460274376833 -0.08383634343434337
v -0.07528528569532598 -0.09369519696969696 0.023831373737373804
v -0.06314418181818177 -0.09857517167727034 0.023831373737373804
v -0.06416174632830335 -0.09369519696969696 0.03728983838383847
v -0.06314418181818177 -0.09420025355505114 0.03728983838383847
v -0.06314418181818177 -0.09369519696969696 0.037523589487676604
v -0.06505064050566688 -0.09369519696969696 0.07766523232323236
v -0.06314418181818177 -0.09369519696969696 0.07721016741472529
v -0.06314418181818177 -0.09461196954276149 0.07766523232323236
v -0.07292709334551305 -0.09369519696969696 0.0911236969696971
v -0.06314418181818177 -0.09811025424836942 0.0911236969696971
v -0.07470787654935895 -0.09369519696969696 0.10458216161616168
v -0.07257771845988346 -0.09369519696969696 0.11804062626262626
v -0.06314418181818177 -0.09907854663140644 0.11804062626262626
v -0.06971740969023062 -0.09369519696969696 0.131499090909091
v -0.06314418181818177 -0.097970048743378 0.131499090909091
v -0.06643214798669661 -0.09369519696969696 0.14495755555555556
v -0.06314418181818177 -0.09606328196626696 0.14495755555555556
v -0.06314418181818177 -0.09369519696969696 0.15774153373794478
v -0.061982115269974145 -0.09369519696969696 -0.13767020202020194
v -0.049112141414141344 -0.09369519696969696 -0.12933517551005366
v -0.049112141414141344 -0.09439477104880309 -0.12421173737373728
v -0.049112141414141344 -0.09585837674509588 -0.1107532727272727
v -0.049112141414141344 -0.09713184880961698 -0.09729480808080804
v -0.049112141414141344 -0.09823326893939481 -0.08383634343434337
v -0.049112141414141344 -0.09891634521706705 0.03728983838383847
v -0.05121873640207059 -0.09369519696969696 0.050748303030303046
v -0.049112141414141344 -0.09505747779835251 0.050748303030303046
v -0.05137262311509946 -0.09369519696969696 0.06420676767676771
v -0.049112141414141344 -0.09508501612116246 0.06420676767676771
v -0.049112141414141344 -0.09897986619647477 0.07766523232323236
v -0.06295246788535308 -0.09369519696969696 0.1584160202020203
v -0.05827547445206932 -0.09369519696969696 0.1718744848484849
v -0.049112141414141344 -0.09855069739639061 0.1718744848484849
v -0.05269824281578758 -0.09369519696969696 0.1853329494949495
v -0.049112141414141344 -0.09580446957400417 0.1853329494949495
v -0.049112141414141344 -0.09369519696969696 0.19009029534802824
v -0.046393720561797865 -0.09369519696969696 -0.12421173737373728
v -0.03534854815705223 -0.09369519696969696 -0.1107532727272727
v -0.03508010101010093 -0.09369519696969696 -0.11052285399532792
v -0.03508010101010093 -0.09506175283867327 -0.09729480808080804
v -0.03508010101010093 -0.09632535212015514 -0.08383634343434337
v -0.03508010101010093 -0.09736085637986566 -0.07037787878787874
v -0.03508010101010093 -0.09844814915738585 -0.056919414141414076
v -0.03508010101010093 -0.09646731241619691 0.050748303030303046
v -0.03508010101010093 -0.09639944616482837 0.06420676767676771
v -0.04465387844689422 -0.09369519696969696 0.1987914141414142
v -0.03508010101010093 -0.0985693941954332 0.1987914141414142
v -0.03508010101010093 -0.09369519696969696 0.20827603107048334
v -0.03043419508051786 -0.09369519696969696 -0.09729480808080804
v -0.021048060606060588 -0.09369519696969696 -0.08661539939289015
v -0.021048060606060588 -0.09396216280697901 -0.08383634343434337
v -0.021048060606060588 -0.0951641080588628 -0.07037787878787874
v -0.021048060606060588 -0.09605631710888524 -0.056919414141414076
v -0.021048060606060588 -0.09701655355902636 -0.043460949494949414
v -0.021048060606060588 -0.09780463072589397 -0.03000248484848482
v -0.021048060606060588 -0.09845762775044722 -0.01654402020202017
v -0.021048060606060588 -0.09799282755409791 0.050748303030303046
v -0.021048060606060588 -0.09798101102105337 0.06420676767676771
v -0.03331184364322368 -0.09369519696969696 0.2122498787878788
v -0.025868470130578476 -0.09369519696969696 0.22570834343434354
v -0.021048060606060588 -0.09794564786555984 0.22570834343434354
v -0.02991629951726391 -0.09369519696969696 0.23916680808080812
v -0.021048060606060588 -0.09835540694604467 0.23916680808080812
v -0.03316013119506338 -0.09369519696969696 0.25262527272727286
v -0.021048060606060588 -0.09740328074797205 0.25262527272727286
v -0.03148500757546403 -0.09369519696969696 0.2660837373737375
v -0.021048060606060588 -0.09582096799474767 0.2660837373737375
v -0.025455191558812297 -0.09369519696969696 0.279542202020202
v -0.021048060606060588 -0.09425569182611088 0.279542202020202
v -0.021048060606060588 -0.09369519696969696 0.28396873082764235
v -0.020748929030621074 -0.09369519696969696 -0.08383634343434337
v -0.012389614517216012 -0.09369519696969696 -0.07037787878787874
v -0.00701602020202017 -0.09369519696969696 -0.06785595227914384
v -0.00701602020202017 -0.0943935425471434 -0.056919414141414076
v -0.00701602020202017 -0.09522584277514334 -0.043460949494949414
v -0.00701602020202017 -0.09577407255922533 -0.03000248484848482
v -0.00701602020202017 -0.09625614721338036 -0.01654402020202017
v -0.00701602020202017 -0.09692048771798374 -0.003085555555555508
v -0.00701602020202017 -0.09731607754047944 0.010372909090909148
v -0.00701602020202017 -0.09811895155723672 0.023831373737373804
v -0.00701602020202017 -0.09730825979896499 0.25262527272727286
v -0.00701602020202017 -0.09613455922596298 0.2660837373737375
v -0.00701602020202017 -0.09501477911243 0.279542202020202
v -0.00701602020202017 -0.09369519696969696 0.28796055677423515
v 0.007016020202020247 -0.09369519696969696 -0.06892779517401726
v 0.007016020202020247 -0.09446672808071563 -0.056919414141414076
v 0.007016020202020247 -0.09528499567673324 -0.043460949494949414
v 0.007016020202020247 -0.09582978881156268 -0.03000248484848482
v 0.007016020202020247 -0.09630820102184239 -0.01654402020202017
v 0.007016020202020247 -0.09696998113522111 -0.003085555555555508
v 0.007016020202020247 -0.0973646895430259 0.010372909090909148
v 0.007016020202020247 -0.09816516450179441 0.023831373737373804
v 0.007016020202020247 -0.09728866532711163 0.25262527272727286
v 0.007016020202020247 -0.09611564477278436 0.2660837373737375
v 0.007016020202020247 -0.09500264392026017 0.279542202020202
v 0.007016020202020247 -0.09369519696969696 0.28791098999306225
v 0.02074941578884195 -0.09369519696969696 -0.08383634343434337
v 0.021048060606060744 -0.09369519696969696 -0.08652138027439464
v 0.021048060606060744 -0.09395806103249098 -0.08383634343434337
v 0.010644604117332687 -0.09369519696969696 -0.07037787878787874
v 0.021048060606060744 -0.09520845283696551 -0.07037787878787874
v 0.021048060606060744 -0.09612549950594323 -0.056919414141414076
v 0.021048060606060744 -0.09709302155943389 -0.043460949494949414
v 0.021048060606060744 -0.09788577422558387 -0.03000248484848482
v 0.021048060606060744 -0.09851233684913975 -0.01654402020202017
v 0.021048060606060744 -0.09770766082991234 0.050748303030303046
v 0.021048060606060744 -0.09825287355812082 0.06420676767676771
v 0.021048060606060744 -0.09749148704817813 0.22570834343434354
v 0.021048060606060744 -0.09734828819571792 0.23916680808080812
v 0.021048060606060744 -0.0968806877084336 0.25262527272727286
v 0.021048060606060744 -0.09552597323678734 0.2660837373737375
v 0.021048060606060744 -0.09407370635879182 0.279542202020202
v 0.021048060606060744 -0.09369519696969696 0.28272928984434403
v 0.031044319025040023 -0.09369519696969696 -0.09729480808080804
v 0.03508010101010108 -0.09369519696969696 -0.10787126837497711
v 0.03508010101010108 -0.0948368193126804 -0.09729480808080804
v 0.03508010101010108 -0.09614382845723428 -0.08383634343434337
v 0.03508010101010108 -0.09722305023801915 -0.07037787878787874
v 0.03508010101010108 -0.09840390022412365 -0.056919414141414076
v 0.03508010101010108 -0.09642813015259058 0.050748303030303046
v 0.03508010101010108 -0.09691252601545218 0.06420676767676771
v 0.03508010101010108 -0.09770992620391766 0.1987914141414142
v 0.032177728748281606 -0.09369519696969696 0.2122498787878788
v 0.03508010101010108 -0.09369519696969696 0.20541305192060186
v 0.02710317619614353 -0.09369519696969696 0.22570834343434354
v 0.028363310048171227 -0.09369519696969696 0.23916680808080812
v 0.031240382035452825 -0.09369519696969696 0.25262527272727286
v 0.029665500647576337 -0.09369519696969696 0.2660837373737375
v 0.023953352548446844 -0.09369519696969696 0.279542202020202
v 0.038895625533129856 -0.09369519696969696 -0.1107532727272727
v 0.04911214141414143 -0.09369519696969696 -0.12316473267495856
v 0.04911214141414143 -0.0951881692700017 -0.1107532727272727
v 0.04911214141414143 -0.09645469768141236 -0.09729480808080804
v 0.04911214141414143 -0.09760884003005033 -0.08383634343434337
v 0.04911214141414143 -0.09873485997358816 -0.07037787878787874
v 0.04911214141414143 -0.09638869317599953 0.03728983838383847
v 0.04728877154363684 -0.09369519696969696 0.050748303030303046
v 0.04911214141414143 -0.09369519696969696 0.044418839480522825
v 0.04911214141414143 -0.09369519696969696 0.06075665106341258
v 0.04911214141414143 -0.09385736106923724 0.06420676767676771
v 0.04911214141414143 -0.0971379878467149 0.07766523232323236
v 0.04911214141414143 -0.09812647081586116 0.1718744848484849
v 0.04911214141414143 -0.09508362679341299 0.1853329494949495
v 0.043381575221805885 -0.09369519696969696 0.1987914141414142
v 0.04911214141414143 -0.09369519696969696 0.1882477197295098
v 0.05698657928581623 -0.09369519696969696 -0.12421173737373728
v 0.06314418181818192 -0.09369519696969696 -0.12538545297694093
v 0.06314418181818192 -0.0938415109015442 -0.12421173737373728
v 0.06314418181818192 -0.0954133318821739 -0.1107532727272727
v 0.06314418181818192 -0.09663107635083154 -0.09729480808080804
v 0.06314418181818192 -0.09746071501045964 -0.08383634343434337
v 0.06314418181818192 -0.09828634002115991 -0.07037787878787874
v 0.06314418181818192 -0.09661235632542799 0.023831373737373804
v 0.05852406103740938 -0.09369519696969696 0.03728983838383847
v 0.06314418181818192 -0.09369519696969696 0.030452409347146707
v 0.04954835269694641 -0.09369519696969696 0.06420676767676771
v 0.06056307549790751 -0.09369519696969696 0.07766523232323236
v 0.06314418181818192 -0.09369519696969696 0.08310224382592381
v 0.06314418181818192 -0.0963575121307793 0.0911236969696971
v 0.06314418181818192 -0.09788086656546705 0.10458216161616168
v 0.06314418181818192 -0.09785631229199372 0.11804062626262626
v 0.06314418181818192 -0.0970731383049758 0.131499090909091
v 0.06314418181818192 -0.09545986980806091 0.14495755555555556
v 0.06214115650069686 -0.09369519696969696 0.1584160202020203
v 0.06314418181818192 -0.09369519696969696 0.15476532908355595
v 0.057495951103377664 -0.09369519696969696 0.1718744848484849
v 0.05156987679965052 -0.09369519696969696 0.1853329494949495
v 0.06477207448254568 -0.09369519696969696 -0.12421173737373728
v 0.07634316447606684 -0.09369519696969696 -0.1107532727272727
v 0.07717622222222226 -0.09369519696969696 -0.10760171319206457
v 0.07717622222222226 -0.09416901654573155 -0.09729480808080804
v 0.07717622222222226 -0.09466182315017954 -0.08383634343434337
v 0.07717622222222226 -0.09499970382206885 -0.07037787878787874
v 0.07717622222222226 -0.09554550623051405 -0.056919414141414076
v 0.07717622222222226 -0.09597900360514343 -0.043460949494949414
v 0.07717622222222226 -0.09640271413804832 -0.03000248484848482
v 0.07717622222222226 -0.0966409720510282 -0.01654402020202017
v 0.07717622222222226 -0.09632911237157234 -0.003085555555555508
v 0.07717622222222226 -0.09500758994325086 0.010372909090909148
v 0.0728237877488244 -0.09369519696969696 0.023831373737373804
v 0.07717622222222226 -0.09369519696969696 0.015307125966251542
v 0.07013616078498648 -0.09369519696969696 0.0911236969696971
v 0.07210533251220422 -0.09369519696969696 0.10458216161616168
v 0.07061507189634343 -0.09369519696969696 0.11804062626262626
v 0.06835659460440863 -0.09369519696969696 0.131499090909091
v 0.06558818673266616 -0.09369519696969696 0.14495755555555556
v 0.07873456086581733 -0.09369519696969696 -0.09729480808080804
v 0.07995544377777106 -0.09369519696969696 -0.08383634343434337
v 0.08045735950223494 -0.09369519696969696 -0.07037787878787874
v 0.08136925140118065 -0.09369519696969696 -0.056919414141414076
v 0.08196173863121899 -0.09369519696969696 -0.043460949494949414
v 0.08258609318850599 -0.09369519696969696 -0.03000248484848482
v 0.08302944985635995 -0.09369519696969696 -0.01654402020202017
v 0.08265882303507807 -0.09369519696969696 -0.003085555555555508
v 0.08016528067079197 -0.09369519696969696 0.010372909090909148
v -0.09512751156128932 -0.08827295454545452 -0.1511286666666666
v -0.0912082626262626 -0.08827295454545452 -0.1581396200702007
v -0.0912082626262626 -0.0893608935857124 -0.1511286666666666
v -0.09864013415699041 -0.08827295454545452 -0.13767020202020194
v -0.0912082626262626 -0.09065976153098972 -0.13767020202020194
v -0.09974619584765165 -0.08827295454545452 -0.12421173737373728
v -0.0912082626262626 -0.0914120054320096 -0.12421173737373728
v -0.09954246701745954 -0.08827295454545452 -0.1107532727272727
v -0.0912082626262626 -0.09174848982841627 -0.1107532727272727
v -0.09862489811947582 -0.08827295454545452 -0.09729480808080804
v -0.0912082626262626 -0.09176857642561105 -0.09729480808080804
v -0.09767638269925363 -0.08827295454545452 -0.08383634343434337
v -0.0912082626262626 -0.09161750670877777 -0.08383634343434337
v -0.09586702083354981 -0.08827295454545452 -0.07037787878787874
v -0.0912082626262626 -0.09099352614969608 -0.07037787878787874
v -0.09458945082235187 -0.08827295454545452 -0.056919414141414076
v -0.0912082626262626 -0.09046604245172962 -0.056919414141414076
v -0.09393713367661366 -0.08827295454545452 -0.043460949494949414
v -0.0912082626262626 -0.09019105057659657 -0.043460949494949414
v -0.09366712533633774 -0.08827295454545452 -0.03000248484848482
v -0.0912082626262626 -0.09014141734144096 -0.03000248484848482
v -0.09361645873766876 -0.08827295454545452 -0.01654402020202017
v -0.0912082626262626 -0.09017713187126322 -0.01654402020202017
v -0.09317857404766816 -0.08827295454545452 -0.003085555555555508
v -0.0912082626262626 -0.08974189485064811 -0.003085555555555508
v -0.09187516397847337 -0.08827295454545452 0.010372909090909148
v -0.0912082626262626 -0.08870819474666208 0.010372909090909148
v -0.0912082626262626 -0.08827295454545452 0.011730450381473512
v -0.0851428731798504 -0.08827295454545452 -0.16458713131313127
v -0.07717622222222219 -0.08827295454545452 -0.16886479935486073
v -0.07717622222222219 -0.08934949251377862 -0.16458713131313127
v -0.07717622222222219 -0.09159571562402963 -0.1511286666666666
v -0.07717622222222219 -0.09335202801846089 -0.13767020202020194
v -0.08685505227263327 -0.08827295454545452 0.023831373737373804
v -0.07717622222222219 -0.09296695486757145 0.023831373737373804
v -0.07779303811733901 -0.08827295454545452 0.03728983838383847
v -0.07717622222222219 -0.08855771487703502 0.03728983838383847
v -0.07717622222222219 -0.08827295454545452 0.037418224491187486
v -0.07882329493899215 -0.08827295454545452 0.07766523232323236
v -0.07717622222222219 -0.08827295454545452 0.07728128456005234
v -0.07717622222222219 -0.08904189628738858 0.07766523232323236
v -0.08333852923064024 -0.08827295454545452 0.0911236969696971
v -0.07717622222222219 -0.09186971536401707 0.0911236969696971
v -0.08268667665972734 -0.08827295454545452 0.10458216161616168
v -0.07717622222222219 -0.09237806480179485 0.10458216161616168
v -0.07967331803008405 -0.08827295454545452 0.11804062626262626
v -0.07717622222222219 -0.09060692350045893 0.11804062626262626
v -0.07717622222222219 -0.08827295454545452 0.12785141435538738
v -0.06314418181818177 -0.08827295454545452 -0.1700155311735217
v -0.06314418181818177 -0.08959052825045448 -0.16458713131313127
v -0.06314418181818177 -0.09196835572525187 -0.1511286666666666
v -0.06811181164654112 -0.08827295454545452 0.050748303030303046
v -0.06314418181818177 -0.09052983638474747 0.050748303030303046
v -0.06912445602646264 -0.08827295454545452 0.06420676767676771
v -0.06314418181818177 -0.09088613284349532 0.06420676767676771
v -0.07614381810668001 -0.08827295454545452 0.131499090909091
v -0.07249988249152703 -0.08827295454545452 0.14495755555555556
v -0.06906420990152379 -0.08827295454545452 0.1584160202020203
v -0.06314418181818177 -0.09357427950348746 0.1584160202020203
v -0.06518167560138746 -0.08827295454545452 0.1718744848484849
v -0.06314418181818177 -0.09022054774210773 0.1718744848484849
v -0.06314418181818177 -0.08827295454545452 0.17719598625311897
v -0.053178835959790595 -0.08827295454545452 -0.16458713131313127
v -0.049112141414141344 -0.08827295454545452 -0.1625268455941585
v -0.049112141414141344 -0.0904267109598626 -0.1511286666666666
v -0.049112141414141344 -0.09260236189972718 -0.13767020202020194
v -0.060179330941703926 -0.08827295454545452 0.1853329494949495
v -0.05301380869808511 -0.08827295454545452 0.1987914141414142
v -0.049112141414141344 -0.0909559458216483 0.1987914141414142
v -0.049112141414141344 -0.08827295454545452 0.20124436137070595
v -0.04034981870132365 -0.08827295454545452 -0.1511286666666666
v -0.03508010101010093 -0.08827295454545452 -0.14726919213263
v -0.03508010101010093 -0.09010463678537421 -0.13767020202020194
v -0.03508010101010093 -0.09212033650322612 -0.12421173737373728
v -0.03508010101010093 -0.09367234699384636 -0.1107532727272727
v -0.04379529274803938 -0.08827295454545452 0.2122498787878788
v -0.03508010101010093 -0.09309313640751006 0.2122498787878788
v -0.04452999913825971 -0.08827295454545452 0.22570834343434354
v -0.03508010101010093 -0.09182178160880286 0.22570834343434354
v -0.039956621617965975 -0.08827295454545452 0.23916680808080812
v -0.03508010101010093 -0.09129059336224786 0.23916680808080812
v -0.04275910239030565 -0.08827295454545452 0.25262527272727286
v -0.03508010101010093 -0.09276631736875374 0.25262527272727286
v -0.043245248996630854 -0.08827295454545452 0.2660837373737375
v -0.03508010101010093 -0.09234921246896159 0.2660837373737375
v -0.041696432047518224 -0.08827295454545452 0.279542202020202
v -0.03508010101010093 -0.09118541379420224 0.279542202020202
v -0.0382094946663817 -0.08827295454545452 0.29300066666666674
v -0.03508010101010093 -0.0895486925932746 0.29300066666666674
v -0.03508010101010093 -0.08827295454545452 0.301484306192817
v -0.029334284340205803 -0.08827295454545452 -0.13767020202020194
v -0.021048060606060588 -0.08827295454545452 -0.1319734049800859
v -0.021048060606060588 -0.0896522558892336 -0.12421173737373728
v -0.021048060606060588 -0.09140363903114046 -0.1107532727272727
v -0.021048060606060588 -0.09269188833549731 -0.09729480808080804
v -0.021048060606060588 -0.09265055655714538 0.29300066666666674
v -0.03350393931138373 -0.08827295454545452 0.3064591313131313
v -0.021048060606060588 -0.09105181832494273 0.3064591313131313
v -0.026075608704229307 -0.08827295454545452 0.31991759595959607
v -0.021048060606060588 -0.0891423473458966 0.31991759595959607
v -0.021048060606060588 -0.08827295454545452 0.3240469589221644
v -0.016985316626885176 -0.08827295454545452 -0.12421173737373728
v -0.00701602020202017 -0.08827295454545452 -0.1207023544130962
v -0.00701602020202017 -0.08983288113014244 -0.1107532727272727
v -0.00701602020202017 -0.09109625678920288 -0.09729480808080804
v -0.00701602020202017 -0.09238075741214473 -0.08383634343434337
v -0.00701602020202017 -0.09355271971207524 -0.07037787878787874
v -0.00701602020202017 -0.09303022760550118 0.29300066666666674
v -0.00701602020202017 -0.09162097118953708 0.3064591313131313
v -0.00701602020202017 -0.09075207317953186 0.31991759595959607
v -0.00701602020202017 -0.08827295454545452 0.3302121001214307
v 0.007016020202020247 -0.08827295454545452 -0.12067900641732532
v 0.007016020202020247 -0.08982998255730926 -0.1107532727272727
v 0.007016020202020247 -0.09109606921766443 -0.09729480808080804
v 0.007016020202020247 -0.0923961397986561 -0.08383634343434337
v 0.007016020202020247 -0.09361193509173853 -0.07037787878787874
v 0.007016020202020247 -0.09302614066421025 0.29300066666666674
v 0.007016020202020247 -0.09161826239499282 0.3064591313131313
v 0.007016020202020247 -0.09075032475752992 0.31991759595959607
v 0.007016020202020247 -0.08827295454545452 0.33020495709264547
v 0.017241057425306072 -0.08827295454545452 -0.12421173737373728
v 0.021048060606060744 -0.08827295454545452 -0.13139797949170215
v 0.021048060606060744 -0.08955047422387641 -0.12421173737373728
v 0.021048060606060744 -0.09134623594742003 -0.1107532727272727
v 0.021048060606060744 -0.09266110716529137 -0.09729480808080804
v 0.021048060606060744 -0.09257525587186485 0.29300066666666674
v 0.021048060606060744 -0.09100061870187937 0.3064591313131313
v 0.021048060606060744 -0.08910482099148902 0.31991759595959607
v 0.021048060606060744 -0.08827295454545452 0.3238651621344465
v 0.030522520961523913 -0.08827295454545452 -0.13767020202020194
v 0.03508010101010108 -0.08827295454545452 -0.14497272759410776
v 0.03508010101010108 -0.0896677419927718 -0.13767020202020194
v 0.03508010101010108 -0.091780011738424 -0.12421173737373728
v 0.03508010101010108 -0.09339584138107976 -0.1107532727272727
v 0.03508010101010108 -0.0926071460933434 0.2122498787878788
v 0.03508010101010108 -0.0917498969853605 0.22570834343434354
v 0.03508010101010108 -0.09056467828648729 0.23916680808080812
v 0.03508010101010108 -0.09185353222670409 0.25262527272727286
v 0.03508010101010108 -0.09161024862330693 0.2660837373737375
v 0.03508010101010108 -0.09073324803338946 0.279542202020202
v 0.03508010101010108 -0.08930390787357677 0.29300066666666674
v 0.03322605796331899 -0.08827295454545452 0.3064591313131313
v 0.03508010101010108 -0.08827295454545452 0.30032923089699237
v 0.02582228912995477 -0.08827295454545452 0.31991759595959607
v 0.04442131691928495 -0.08827295454545452 -0.1511286666666666
v 0.04911214141414143 -0.08827295454545452 -0.15665023093763056
v 0.04911214141414143 -0.08931051368402132 -0.1511286666666666
v 0.04911214141414143 -0.09161638398637169 -0.13767020202020194
v 0.04911214141414143 -0.09357087400212208 -0.12421173737373728
v 0.04911214141414143 -0.09335234833205673 0.050748303030303046
v 0.04911214141414143 -0.09024364305449536 0.1987914141414142
v 0.04375231367876009 -0.08827295454545452 0.2122498787878788
v 0.04911214141414143 -0.08827295454545452 0.20059805046510415
v 0.045092496459542594 -0.08827295454545452 0.22570834343434354
v 0.039347761563150674 -0.08827295454545452 0.23916680808080812
v 0.04163555001503391 -0.08827295454545452 0.25262527272727286
v 0.04186417818295407 -0.08827295454545452 0.2660837373737375
v 0.04070947236585555 -0.08827295454545452 0.279542202020202
v 0.03762677428472922 -0.08827295454545452 0.29300066666666674
v 0.06314418181818192 -0.08827295454545452 -0.16060188694535116
v 0.06314418181818192 -0.09001874713282665 -0.1511286666666666
v 0.06314418181818192 -0.09218643200886278 -0.13767020202020194
v 0.06314418181818192 -0.09254135818751727 0.03728983838383847
v 0.06314418181818192 -0.09004289297128154 0.050748303030303046
v 0.06314418181818192 -0.09040759179731572 0.06420676767676771
v 0.06314418181818192 -0.09301392647054785 0.07766523232323236
v 0.06314418181818192 -0.09304774651523093 0.1584160202020203
v 0.06314418181818192 -0.08971703562386953 0.1718744848484849
v 0.05953591052496634 -0.08827295454545452 0.1853329494949495
v 0.06314418181818192 -0.08827295454545452 0.175784102581377
v 0.05226571771602424 -0.08827295454545452 0.1987914141414142
v 0.07717622222222226 -0.08827295454545452 -0.15441078827127067
v 0.07717622222222226 -0.08887561861487987 -0.1511286666666666
v 0.07717622222222226 -0.0907832371894956 -0.13767020202020194
v 0.07717622222222226 -0.09230293908764765 -0.12421173737373728
v 0.07717622222222226 -0.09355561863936289 -0.1107532727272727
v 0.07717622222222226 -0.09234273705399496 0.023831373737373804
v 0.07717622222222226 -0.0886044837092898 0.03728983838383847
v 0.06872447718037182 -0.08827295454545452 0.050748303030303046
v 0.07717622222222226 -0.08827295454545452 0.03750059464735468
v 0.06980474906677164 -0.08827295454545452 0.06420676767676771
v 0.07717622222222226 -0.08827295454545452 0.07737193226385518
v 0.07717622222222226 -0.08870118982390608 0.07766523232323236
v 0.07717622222222226 -0.09089977749355357 0.0911236969696971
v 0.07717622222222226 -0.09104488299258374 0.10458216161616168
v 0.07717622222222226 -0.08931946426200646 0.11804062626262626
v 0.07483294807113218 -0.08827295454545452 0.131499090909091
v 0.07717622222222226 -0.08827295454545452 0.12270329220875559
v 0.07156473569571052 -0.08827295454545452 0.14495755555555556
v 0.06829306188269066 -0.08827295454545452 0.1584160202020203
v 0.0646488330610384 -0.08827295454545452 0.1718744848484849
v 0.08032214926216706 -0.08827295454545452 -0.1511286666666666
v 0.08718727112904198 -0.08827295454545452 -0.13767020202020194
v 0.09013890875932473 -0.08827295454545452 -0.12421173737373728
v 0.09120826262626276 -0.08827295454545452 -0.11836786562946573
v 0.09120826262626276 -0.08881791265437153 -0.1107532727272727
v 0.09120826262626276 -0.0888196497890372 -0.09729480808080804
v 0.09120826262626276 -0.08844879850410266 -0.08383634343434337
v 0.09103008368101137 -0.08827295454545452 -0.07037787878787874
v 0.09120826262626276 -0.08827295454545452 -0.07576709375694478
v 0.09077517721298858 -0.08827295454545452 -0.056919414141414076
v 0.09057446993452317 -0.08827295454545452 -0.043460949494949414
v 0.09087435683259149 -0.08827295454545452 -0.03000248484848482
v 0.09120826262626276 -0.08827295454545452 -0.022265538347239974
v 0.09120826262626276 -0.08844711232895705 -0.01654402020202017
v 0.09120826262626276 -0.08869452630217992 -0.003085555555555508
v 0.09093937105250909 -0.08827295454545452 0.010372909090909148
v 0.09120826262626276 -0.08827295454545452 0.0058170562623804534
v 0.08696388732258513 -0.08827295454545452 0.023831373737373804
v 0.0782072666626515 -0.08827295454545452 0.03728983838383847
v 0.07833484822199185 -0.08827295454545452 0.07766523232323236
v 0.08213776897290272 -0.08827295454545452 0.0911236969696971
v 0.08107859677166389 -0.08827295454545452 0.10458216161616168
v 0.07832954741238886 -0.08827295454545452 0.11804062626262626
v 0.09238376603377778 -0.08827295454545452 -0.1107532727272727
v 0.09227543564396957 -0.08827295454545452 -0.09729480808080804
v 0.09150838113118723 -0.08827295454545452 -0.08383634343434337
v 0.09143679275996054 -0.08827295454545452 -0.01654402020202017
v 0.09180491112572091 -0.08827295454545452 -0.003085555555555508
v -0.10804182984224986 -0.08285071212121209 -0.16458713131313127
v -0.10524030303030302 -0.08285071212121209 -0.16940864795666175
v -0.10524030303030302 -0.08375714752915421 -0.16458713131313127
v -0.11100535150731602 -0.08285071212121209 -0.1511286666666666
v -0.10524030303030302 -0.08505207712273886 -0.1511286666666666
v -0.1116351385687343 -0.08285071212121209 -0.13767020202020194
v -0.10524030303030302 -0.08573974562437549 -0.13767020202020194
v -0.11096743948968234 -0.08285071212121209 -0.12421173737373728
v -0.10524030303030302 -0.08579821741524275 -0.12421173737373728
v -0.10945648682521038 -0.08285071212121209 -0.1107532727272727
v -0.10524030303030302 -0.08529155085235071 -0.1107532727272727
v -0.10749496139549936 -0.08285071212121209 -0.09729480808080804
v -0.10524030303030302 -0.08430206429375892 -0.09729480808080804
v -0.10524030303030302 -0.08285071212121209 -0.0838960924032286
v -0.09895634629599591 -0.08285071212121209 -0.17804559595959593
v -0.0912082626262626 -0.08285071212121209 -0.1829338666827811
v -0.0912082626262626 -0.08448583133716721 -0.17804559595959593
v -0.0912082626262626 -0.08734884578605928 -0.16458713131313127
v -0.10523187240662875 -0.08285071212121209 -0.08383634343434337
v -0.10301448904284996 -0.08285071212121209 -0.07037787878787874
v -0.10119467656486436 -0.08285071212121209 -0.056919414141414076
v -0.10010257203449405 -0.08285071212121209 -0.043460949494949414
v -0.09937063229242052 -0.08285071212121209 -0.03000248484848482
v -0.09945445091695623 -0.08285071212121209 -0.01654402020202017
v -0.09937130602668469 -0.08285071212121209 -0.003085555555555508
v -0.09939836851468967 -0.08285071212121209 0.010372909090909148
v -0.09673170085460611 -0.08285071212121209 0.023831373737373804
v -0.0912082626262626 -0.08608577900770041 0.023831373737373804
v -0.0912082626262626 -0.08285071212121209 0.032689207778643606
v -0.09182800316634813 -0.08285071212121209 0.0911236969696971
v -0.0912082626262626 -0.08285071212121209 0.08676162316599977
v -0.0912082626262626 -0.08332795515818486 0.0911236969696971
v -0.0912082626262626 -0.08285071212121209 0.09440061727253128
v -0.07717622222222219 -0.08285071212121209 -0.18746281930693914
v -0.07717622222222219 -0.08605982672528897 -0.17804559595959593
v -0.08984807127632335 -0.08285071212121209 0.03728983838383847
v -0.08271330815871315 -0.08285071212121209 0.050748303030303046
v -0.07717622222222219 -0.08523502692532585 0.050748303030303046
v -0.08387472997939029 -0.08285071212121209 0.06420676767676771
v -0.07717622222222219 -0.08555744737962483 0.06420676767676771
v -0.09045148404446067 -0.08285071212121209 0.07766523232323236
v -0.08873388929245418 -0.08285071212121209 0.10458216161616168
v -0.08436712543421282 -0.08285071212121209 0.11804062626262626
v -0.0803952448109504 -0.08285071212121209 0.131499090909091
v -0.07717622222222219 -0.08725101370824898 0.131499090909091
v -0.07717622222222219 -0.08285071212121209 0.1433541367329232
v -0.06314418181818177 -0.08285071212121209 -0.1881934045204593
v -0.06314418181818177 -0.08629546502843717 -0.17804559595959593
v -0.07671829941105128 -0.08285071212121209 0.14495755555555556
v -0.07321616979025705 -0.08285071212121209 0.1584160202020203
v -0.0699035472203285 -0.08285071212121209 0.1718744848484849
v -0.06583150579178726 -0.08285071212121209 0.1853329494949495
v -0.06314418181818177 -0.08572676228523843 0.1853329494949495
v -0.06314418181818177 -0.08285071212121209 0.1900336010534926
v -0.049112141414141344 -0.08285071212121209 -0.18523757148683503
v -0.049112141414141344 -0.08498084772555149 -0.17804559595959593
v -0.049112141414141344 -0.08789801143890898 -0.16458713131313127
v -0.05950169144188484 -0.08285071212121209 0.1987914141414142
v -0.05216377733102599 -0.08285071212121209 0.2122498787878788
v -0.049112141414141344 -0.08468645644882386 0.2122498787878788
v -0.049112141414141344 -0.08285071212121209 0.21254606759587955
v -0.05032347448607868 -0.08285071212121209 0.25262527272727286
v -0.049112141414141344 -0.08285071212121209 0.24886283236262838
v -0.049112141414141344 -0.08382750588889055 0.25262527272727286
v -0.05097235643796837 -0.08285071212121209 0.2660837373737375
v -0.049112141414141344 -0.08442554848022207 0.2660837373737375
v -0.05019222483249906 -0.08285071212121209 0.279542202020202
v -0.049112141414141344 -0.08377471360051346 0.279542202020202
v -0.049112141414141344 -0.08285071212121209 0.2866879973052559
v -0.04036395049453102 -0.08285071212121209 -0.17804559595959593
v -0.03508010101010093 -0.08285071212121209 -0.17470978582112368
v -0.03508010101010093 -0.08510913176518675 -0.16458713131313127
v -0.03508010101010093 -0.08757183561803074 -0.1511286666666666
v -0.040645087351378825 -0.08285071212121209 0.22570834343434354
v -0.04771434153583674 -0.08285071212121209 0.23916680808080812
v -0.04794129856008644 -0.08285071212121209 0.29300066666666674
v -0.04400915369705024 -0.08285071212121209 0.3064591313131313
v -0.03508010101010093 -0.08751290512272619 0.3064591313131313
v -0.03949153313668277 -0.08285071212121209 0.31991759595959607
v -0.03508010101010093 -0.08511874065161268 0.31991759595959607
v -0.03508010101010093 -0.08285071212121209 0.3298514832519065
v -0.028289937864400504 -0.08285071212121209 -0.16458713131313127
v -0.021048060606060588 -0.08285071212121209 -0.16036949388640206
v -0.021048060606060588 -0.08482323375616008 -0.1511286666666666
v -0.021048060606060588 -0.08733403745720375 -0.13767020202020194
v -0.03363815506651003 -0.08285071212121209 0.3333760606060607
v -0.021048060606060588 -0.08631257998361916 0.3333760606060607
v -0.022271855410800526 -0.08285071212121209 0.3468345252525254
v -0.021048060606060588 -0.08306406303161536 0.3468345252525254
v -0.021048060606060588 -0.08285071212121209 0.3476073394302933
v -0.011298895564908016 -0.08285071212121209 -0.1511286666666666
v -0.00701602020202017 -0.08285071212121209 -0.1506533283407992
v -0.00701602020202017 -0.08572338043953037 -0.13767020202020194
v -0.00701602020202017 -0.0877912806259152 -0.12421173737373728
v -0.00701602020202017 -0.08734426760858004 0.3333760606060607
v -0.00701602020202017 -0.08431507682738643 0.3468345252525254
v -0.00701602020202017 -0.08285071212121209 0.35236465812036016
v 0.007016020202020247 -0.08285071212121209 -0.1506356506486507
v 0.007016020202020247 -0.0857197175434239 -0.13767020202020194
v 0.007016020202020247 -0.08778782840639768 -0.12421173737373728
v 0.007016020202020247 -0.0873422127841986 0.3333760606060607
v 0.007016020202020247 -0.08431065836671024 0.3468345252525254
v 0.007016020202020247 -0.08285071212121209 0.35235654924289034
v 0.011594897486334584 -0.08285071212121209 -0.1511286666666666
v 0.021048060606060744 -0.08285071212121209 -0.15982389358822988
v 0.021048060606060744 -0.08470927198759451 -0.1511286666666666
v 0.021048060606060744 -0.08724541613621373 -0.13767020202020194
v 0.021048060606060744 -0.08627264914246614 0.3333760606060607
v 0.021048060606060744 -0.08300535357892379 0.3468345252525254
v 0.021048060606060744 -0.08285071212121209 0.3474008233781003
v 0.02964622820965844 -0.08285071212121209 -0.16458713131313127
v 0.03508010101010108 -0.08285071212121209 -0.17239152483270975
v 0.03508010101010108 -0.08458269822244176 -0.16458713131313127
v 0.03508010101010108 -0.08715051433011953 -0.1511286666666666
v 0.03508010101010108 -0.08737863086533511 0.3064591313131313
v 0.03508010101010108 -0.08501001922748122 0.31991759595959607
v 0.03327312554275266 -0.08285071212121209 0.3333760606060607
v 0.03508010101010108 -0.08285071212121209 0.32904357396268585
v 0.021925378460462285 -0.08285071212121209 0.3468345252525254
v 0.04555630585226012 -0.08285071212121209 -0.17804559595959593
v 0.04911214141414143 -0.08285071212121209 -0.18058460490710113
v 0.04911214141414143 -0.08361538488424469 -0.17804559595959593
v 0.04911214141414143 -0.08679784375332435 -0.16458713131313127
v 0.04911214141414143 -0.08443596638597847 0.2122498787878788
v 0.041608631671622445 -0.08285071212121209 0.22570834343434354
v 0.04911214141414143 -0.08285071212121209 0.21254085757605085
v 0.047462776007136304 -0.08285071212121209 0.23916680808080812
v 0.04911214141414143 -0.08285071212121209 0.25121382801355274
v 0.04911214141414143 -0.08321414989810622 0.25262527272727286
v 0.04911214141414143 -0.08361432097656948 0.2660837373737375
v 0.04911214141414143 -0.0832190016764873 0.279542202020202
v 0.04742621771106689 -0.08285071212121209 0.29300066666666674
v 0.04911214141414143 -0.08285071212121209 0.28274896326248433
v 0.04377042426223497 -0.08285071212121209 0.3064591313131313
v 0.03930469333452635 -0.08285071212121209 0.31991759595959607
v 0.06314418181818192 -0.08285071212121209 -0.18282581429563022
v 0.06314418181818192 -0.08438304328685244 -0.17804559595959593
v 0.06314418181818192 -0.08754627163529888 -0.16458713131313127
v 0.06314418181818192 -0.08526923989825469 0.1853329494949495
v 0.059277194419640175 -0.08285071212121209 0.1987914141414142
v 0.06314418181818192 -0.08285071212121209 0.18946349235408164
v 0.05208260851896646 -0.08285071212121209 0.2122498787878788
v 0.04959958907723215 -0.08285071212121209 0.25262527272727286
v 0.05005787177046044 -0.08285071212121209 0.2660837373737375
v 0.049552412746509324 -0.08285071212121209 0.279542202020202
v 0.07717622222222226 -0.08285071212121209 -0.18017338142938794
v 0.07717622222222226 -0.08355854500434161 -0.17804559595959593
v 0.07717622222222226 -0.08651126607167785 -0.16458713131313127
v 0.07717622222222226 -0.08604095154704432 0.050748303030303046
v 0.07717622222222226 -0.08624697290684316 0.06420676767676771
v 0.07717622222222226 -0.08595329647195686 0.131499090909091
v 0.07603013990101351 -0.08285071212121209 0.14495755555555556
v 0.07717622222222226 -0.08285071212121209 0.14063580413892354
v 0.07268682285913351 -0.08285071212121209 0.1584160202020203
v 0.0693193181816948 -0.08285071212121209 0.1718744848484849
v 0.0654529021113985 -0.08285071212121209 0.1853329494949495
v 0.08157601618111988 -0.08285071212121209 -0.17804559595959593
v 0.09120826262626276 -0.08285071212121209 -0.16899911516435426
v 0.09120826262626276 -0.08377710404977073 -0.16458713131313127
v 0.09120826262626276 -0.08568112007757071 -0.1511286666666666
v 0.09120826262626276 -0.08703177213940652 -0.13767020202020194
v 0.09120826262626276 -0.08787339228605573 -0.12421173737373728
v 0.09120826262626276 -0.08815474653582774 -0.07037787878787874
v 0.09120826262626276 -0.08795217867104861 -0.056919414141414076
v 0.09120826262626276 -0.08776842327125628 -0.043460949494949414
v 0.09120826262626276 -0.08799895402566194 -0.03000248484848482
v 0.09120826262626276 -0.08812186451694412 0.010372909090909148
v 0.09120826262626276 -0.0862964061389159 0.023831373737373804
v 0.09120826262626276 -0.08331071767960437 0.03728983838383847
v 0.08699262975097183 -0.08285071212121209 0.050748303030303046
v 0.09120826262626276 -0.08285071212121209 0.037685586939810584
v 0.08719791342942637 -0.08285071212121209 0.06420676767676771
v 0.09051158614650028 -0.08285071212121209 0.07766523232323236
v 0.0908159444189786 -0.08285071212121209 0.0911236969696971
v 0.08746575136968382 -0.08285071212121209 0.10458216161616168
v 0.0833191276398342 -0.08285071212121209 0.11804062626262626
v 0.07952108286938626 -0.08285071212121209 0.131499090909091
v 0.09426002692860287 -0.08285071212121209 -0.16458713131313127
v 0.09881298213564092 -0.08285071212121209 -0.1511286666666666
v 0.10134981357949666 -0.08285071212121209 -0.13767020202020194
v 0.1017242658493501 -0.08285071212121209 -0.12421173737373728
v 0.10212049100326216 -0.08285071212121209 -0.1107532727272727
v 0.10117524411612379 -0.08285071212121209 -0.09729480808080804
v 0.09968898534802383 -0.08285071212121209 -0.08383634343434337
v 0.09836098713455706 -0.08285071212121209 -0.07037787878787874
v 0.09732802019751977 -0.08285071212121209 -0.056919414141414076
v 0.09682621940313985 -0.08285071212121209 -0.043460949494949414
v 0.09681392658615742 -0.08285071212121209 -0.03000248484848482
v 0.09750519169589865 -0.08285071212121209 -0.01654402020202017
v 0.09844010066809246 -0.08285071212121209 -0.003085555555555508
v 0.09884109451378906 -0.08285071212121209 0.010372909090909148
v 0.0972380284680635 -0.08285071212121209 0.023831373737373804
v 0.09217946264644104 -0.08285071212121209 0.03728983838383847
v -0.12278240046531397 -0.07742846969696969 -0.16458713131313127
v -0.11927234343434336 -0.07742846969696969 -0.17699408821905377
v -0.11927234343434336 -0.07875443309050584 -0.16458713131313127
v -0.12296227475897697 -0.07742846969696969 -0.1511286666666666
v -0.11927234343434336 -0.0791002889551014 -0.1511286666666666
v -0.1215784196068342 -0.07742846969696969 -0.13767020202020194
v -0.11927234343434336 -0.0786435914999718 -0.13767020202020194
v -0.11938480295460376 -0.07742846969696969 -0.12421173737373728
v -0.11927234343434336 -0.07749657374515355 -0.12421173737373728
v -0.11927234343434336 -0.07742846969696969 -0.12370010032882582
v -0.10713589560039276 -0.07742846969696969 -0.19150406060606057
v -0.10524030303030302 -0.07742846969696969 -0.19234350651223767
v -0.10524030303030302 -0.07785392969008734 -0.19150406060606057
v -0.11897560394997697 -0.07742846969696969 -0.17804559595959593
v -0.10524030303030302 -0.08143929951561261 -0.17804559595959593
v -0.11708232197544255 -0.07742846969696969 -0.1107532727272727
v -0.11453832627775826 -0.07742846969696969 -0.09729480808080804
v -0.11169804954339703 -0.07742846969696969 -0.08383634343434337
v -0.10524030303030302 -0.08284342611055616 -0.08383634343434337
v -0.1088371736711157 -0.07742846969696969 -0.07037787878787874
v -0.10524030303030302 -0.08067560964061685 -0.07037787878787874
v -0.10609730001470108 -0.07742846969696969 -0.056919414141414076
v -0.10524030303030302 -0.07831540586886018 -0.056919414141414076
v -0.10524030303030302 -0.07742846969696969 -0.05088736837888003
v -0.0912082626262626 -0.07742846969696969 -0.197426400048284
v -0.0912082626262626 -0.08036185190499323 -0.19150406060606057
v -0.10445631062276572 -0.07742846969696969 -0.043460949494949414
v -0.10345187804664444 -0.07742846969696969 -0.03000248484848482
v -0.10337801348690558 -0.07742846969696969 -0.01654402020202017
v -0.10403584136988699 -0.07742846969696969 -0.003085555555555508
v -0.104993629820811 -0.07742846969696969 0.010372909090909148
v -0.1041386889589953 -0.07742846969696969 0.023831373737373804
v -0.09992507981837266 -0.07742846969696969 0.03728983838383847
v -0.0912082626262626 -0.08222873422087296 0.03728983838383847
v -0.09855923740791663 -0.07742846969696969 0.050748303030303046
v -0.0912082626262626 -0.07997991344211673 0.050748303030303046
v -0.09975588913444416 -0.07742846969696969 0.06420676767676771
v -0.0912082626262626 -0.08052959307166772 0.06420676767676771
v -0.09951331595982076 -0.07742846969696969 0.07766523232323236
v -0.0912082626262626 -0.08249172503074888 0.07766523232323236
v -0.09793832154750638 -0.07742846969696969 0.0911236969696971
v -0.09326160852484747 -0.07742846969696969 0.10458216161616168
v -0.0912082626262626 -0.080242030928889 0.10458216161616168
v -0.0912082626262626 -0.07742846969696969 0.10979226327814755
v -0.07717622222222219 -0.07742846969696969 -0.20025715901857213
v -0.07717622222222219 -0.08162496485761016 -0.19150406060606057
v -0.08774668047806783 -0.07742846969696969 0.11804062626262626
v -0.08334414529362583 -0.07742846969696969 0.131499090909091
v -0.07963230786208736 -0.07742846969696969 0.14495755555555556
v -0.07717622222222219 -0.08219183843264007 0.14495755555555556
v -0.07717622222222219 -0.07742846969696969 0.15475808059891016
v -0.06314418181818177 -0.07742846969696969 -0.20097510099920762
v -0.06314418181818177 -0.08182671556562533 -0.19150406060606057
v -0.07624702218630276 -0.07742846969696969 0.1584160202020203
v -0.07309504680723365 -0.07742846969696969 0.1718744848484849
v -0.06983567822947238 -0.07742846969696969 0.1853329494949495
v -0.06499165883303981 -0.07742846969696969 0.1987914141414142
v -0.06314418181818177 -0.07929517694019324 0.1987914141414142
v -0.06314418181818177 -0.07742846969696969 0.2000110961136735
v -0.049112141414141344 -0.07742846969696969 -0.1990312706671085
v -0.049112141414141344 -0.08083430102847994 -0.19150406060606057
v -0.0580036481606953 -0.07742846969696969 0.2122498787878788
v -0.058184055318576365 -0.07742846969696969 0.22570834343434354
v -0.049112141414141344 -0.07972944602515464 0.22570834343434354
v -0.05487202478566311 -0.07742846969696969 0.23916680808080812
v -0.049112141414141344 -0.08196153388612534 0.23916680808080812
v -0.056304771677523374 -0.07742846969696969 0.25262527272727286
v -0.056659616045323526 -0.07742846969696969 0.2660837373737375
v -0.055854957091489056 -0.07742846969696969 0.279542202020202
v -0.05382584298158139 -0.07742846969696969 0.29300066666666674
v -0.049112141414141344 -0.08207828977927224 0.29300066666666674
v -0.05078669531764718 -0.07742846969696969 0.3064591313131313
v -0.049112141414141344 -0.07925447919758818 0.3064591313131313
v -0.049112141414141344 -0.07742846969696969 0.3134458045043918
v -0.03508010101010093 -0.07742846969696969 -0.19389305179226962
v -0.03508010101010093 -0.07824722961030114 -0.19150406060606057
v -0.03508010101010093 -0.08207294622882806 -0.17804559595959593
v -0.0471281517502276 -0.07742846969696969 0.31991759595959607
v -0.042387891144219036 -0.07742846969696969 0.3333760606060607
v -0.03508010101010093 -0.08202995127701004 0.3333760606060607
v -0.036817699550520624 -0.07742846969696969 0.3468345252525254
v -0.03508010101010093 -0.07847851507072884 0.3468345252525254
v -0.03508010101010093 -0.07742846969696969 0.34983473402857146
v -0.03315984478484902 -0.07742846969696969 -0.19150406060606057
v -0.021048060606060588 -0.07742846969696969 -0.1840648052283628
v -0.021048060606060588 -0.07898497167897271 -0.17804559595959593
v -0.021048060606060588 -0.08194809614566331 -0.16458713131313127
v -0.02729854121622317 -0.07742846969696969 0.36029298989898995
v -0.021048060606060588 -0.07905562238750011 0.36029298989898995
v -0.021048060606060588 -0.07742846969696969 0.36457724301400124
v -0.018184243468915742 -0.07742846969696969 -0.17804559595959593
v -0.00701602020202017 -0.07742846969696969 -0.17583334131567013
v -0.00701602020202017 -0.08005722733001816 -0.16458713131313127
v -0.00701602020202017 -0.08270025014587057 -0.1511286666666666
v -0.00701602020202017 -0.08060556924601199 0.36029298989898995
v -0.00701602020202017 -0.07742846969696969 0.36844801366340574
v 0.007016020202020247 -0.07742846969696969 -0.17581792781389377
v 0.007016020202020247 -0.08005312944831966 -0.16458713131313127
v 0.007016020202020247 -0.08269459428412348 -0.1511286666666666
v 0.007016020202020247 -0.08060714892461714 0.36029298989898995
v 0.007016020202020247 -0.07742846969696969 0.3684617805875172
v 0.018396893775228622 -0.07742846969696969 -0.17804559595959593
v 0.021048060606060744 -0.07742846969696969 -0.18359798522533152
v 0.021048060606060744 -0.07885330807369567 -0.17804559595959593
v 0.021048060606060744 -0.08183067877841636 -0.16458713131313127
v 0.021048060606060744 -0.07906428392037199 0.36029298989898995
v 0.021048060606060744 -0.07742846969696969 0.36465668634671644
v 0.0345096984542787 -0.07742846969696969 -0.19150406060606057
v 0.03508010101010108 -0.07742846969696969 -0.19217209115271985
v 0.03508010101010108 -0.07766016884669256 -0.19150406060606057
v 0.03508010101010108 -0.0815401640524873 -0.17804559595959593
v 0.03508010101010108 -0.08180022157070509 0.3333760606060607
v 0.03508010101010108 -0.07829471580783265 0.3468345252525254
v 0.027379336477391596 -0.07742846969696969 0.36029298989898995
v 0.03508010101010108 -0.07742846969696969 0.3494246381829625
v 0.04911214141414143 -0.07742846969696969 -0.19676754510122327
v 0.04911214141414143 -0.07962095273955874 -0.19150406060606057
v 0.04911214141414143 -0.07974086005415601 0.22570834343434354
v 0.04911214141414143 -0.08172205731081478 0.23916680808080812
v 0.04911214141414143 -0.08173972670171031 0.29300066666666674
v 0.04911214141414143 -0.07911678938671063 0.3064591313131313
v 0.04700297277886818 -0.07742846969696969 0.31991759595959607
v 0.04911214141414143 -0.07742846969696969 0.31301893092274374
v 0.042020512223299715 -0.07742846969696969 0.3333760606060607
v 0.03649877143375332 -0.07742846969696969 0.3468345252525254
v 0.06314418181818192 -0.07742846969696969 -0.19771337709604697
v 0.06314418181818192 -0.08025999367965808 -0.19150406060606057
v 0.06314418181818192 -0.07912445119895302 0.1987914141414142
v 0.05822047854068459 -0.07742846969696969 0.2122498787878788
v 0.06314418181818192 -0.07742846969696969 0.20000916866686688
v 0.05837127261261679 -0.07742846969696969 0.22570834343434354
v 0.054977704073109125 -0.07742846969696969 0.23916680808080812
v 0.055928290331711 -0.07742846969696969 0.25262527272727286
v 0.056057895795291884 -0.07742846969696969 0.2660837373737375
v 0.05551874993085513 -0.07742846969696969 0.279542202020202
v 0.053551369468218084 -0.07742846969696969 0.29300066666666674
v 0.050670258101483096 -0.07742846969696969 0.3064591313131313
v 0.07717622222222226 -0.07742846969696969 -0.1958165307228192
v 0.07717622222222226 -0.07947167666050979 -0.19150406060606057
v 0.07717622222222226 -0.08118925826426483 0.14495755555555556
v 0.075820628592072 -0.07742846969696969 0.1584160202020203
v 0.07717622222222226 -0.07742846969696969 0.15288721961820553
v 0.0727308630197262 -0.07742846969696969 0.1718744848484849
v 0.06952525054998022 -0.07742846969696969 0.1853329494949495
v 0.06485964084478647 -0.07742846969696969 0.1987914141414142
v 0.09102851600881211 -0.07742846969696969 -0.19150406060606057
v 0.09120826262626276 -0.07742846969696969 -0.19138980608918021
v 0.09120826262626276 -0.08117148188196967 -0.17804559595959593
v 0.09120826262626276 -0.08030440151804871 0.050748303030303046
v 0.09120826262626276 -0.08015603806267335 0.06420676767676771
v 0.09120826262626276 -0.08246438812327234 0.07766523232323236
v 0.09120826262626276 -0.08258375662114337 0.0911236969696971
v 0.09120826262626276 -0.07894076516636535 0.10458216161616168
v 0.08695605175728985 -0.07742846969696969 0.11804062626262626
v 0.09120826262626276 -0.07742846969696969 0.10756759943586265
v 0.0826758983745432 -0.07742846969696969 0.131499090909091
v 0.07911370522239317 -0.07742846969696969 0.14495755555555556
v 0.10489395830019844 -0.07742846969696969 -0.17804559595959593
v 0.1052403030303031 -0.07742846969696969 -0.17715527972259162
v 0.1052403030303031 -0.07912100548164723 -0.16458713131313127
v 0.1052403030303031 -0.08023748538322564 -0.1511286666666666
v 0.1052403030303031 -0.0808998137044369 -0.13767020202020194
v 0.1052403030303031 -0.08072620021687896 -0.12421173737373728
v 0.1052403030303031 -0.08058511500632627 -0.1107532727272727
v 0.1052403030303031 -0.07951150638481314 -0.09729480808080804
v 0.1052403030303031 -0.07765254694265825 -0.08383634343434337
v 0.10362656754946686 -0.07742846969696969 -0.07037787878787874
v 0.1052403030303031 -0.07742846969696969 -0.08238372792099774
v 0.10211787381091472 -0.07742846969696969 -0.056919414141414076
v 0.10127739110798348 -0.07742846969696969 -0.043460949494949414
v 0.10099498034034378 -0.07742846969696969 -0.03000248484848482
v 0.10178481487365898 -0.07742846969696969 -0.01654402020202017
v 0.10322948839491251 -0.07742846969696969 -0.003085555555555508
v 0.10457351856163699 -0.07742846969696969 0.010372909090909148
v 0.1045212514659796 -0.07742846969696969 0.023831373737373804
v 0.10080536690750502 -0.07742846969696969 0.03728983838383847
v 0.09649223018966323 -0.07742846969696969 0.050748303030303046
v 0.09638711872277324 -0.07742846969696969 0.06420676767676771
v 0.0987641800539315 -0.07742846969696969 0.07766523232323236
v 0.0970982671944493 -0.07742846969696969 0.0911236969696971
v 0.0923604057183775 -0.07742846969696969 0.10458216161616168
v 0.10947571065494369 -0.07742846969696969 -0.16458713131313127
v 0.11105246310225164 -0.07742846969696969 -0.1511286666666666
v 0.11139323991277535 -0.07742846969696969 -0.13767020202020194
v 0.1106426288193623 -0.07742846969696969 -0.12421173737373728
v 0.1096143263068523 -0.07742846969696969 -0.1107532727272727
v 0.107823049342705 -0.07742846969696969 -0.09729480808080804
v 0.1054925657838739 -0.07742846969696969 -0.08383634343434337
v -0.13604674346169088 -0.07200622727272726 -0.17804559595959593
v -0.13330438383838378 -0.07200622727272726 -0.1834316707875948
v -0.13330438383838378 -0.07282180685478876 -0.17804559595959593
v -0.1358765706732706 -0.07200622727272726 -0.16458713131313127
v -0.13330438383838378 -0.07292881191463045 -0.16458713131313127
v -0.13330438383838378 -0.07200622727272726 -0.15304527850599975
v -0.12973612890801173 -0.07200622727272726 -0.19150406060606057
v -0.11927234343434336 -0.07200622727272726 -0.19803334184807364
v -0.11927234343434336 -0.07468610601462668 -0.19150406060606057
v -0.11927234343434336 -0.07733434970687957 -0.17804559595959593
v -0.13300948723810838 -0.07200622727272726 -0.1511286666666666
v -0.13037878877575934 -0.07200622727272726 -0.13767020202020194
v -0.12721886475397634 -0.07200622727272726 -0.12421173737373728
v -0.12369640201194225 -0.07200622727272726 -0.1107532727272727
v -0.11927234343434336 -0.07547121346737858 -0.1107532727272727
v -0.12000794029547497 -0.07200622727272726 -0.09729480808080804
v -0.11927234343434336 -0.07260856405254368 -0.09729480808080804
v -0.11927234343434336 -0.07200622727272726 -0.09511360123509048
v -0.10729504507617985 -0.07200622727272726 -0.20496252525252523
v -0.10524030303030302 -0.07200622727272726 -0.2053998538904009
v -0.10524030303030302 -0.07238815124428707 -0.20496252525252523
v -0.1166182257520665 -0.07200622727272726 -0.08383634343434337
v -0.11358984343505141 -0.07200622727272726 -0.07037787878787874
v -0.11050011131735533 -0.07200622727272726 -0.056919414141414076
v -0.10805949115401893 -0.07200622727272726 -0.043460949494949414
v -0.10524030303030302 -0.07610454752701057 -0.043460949494949414
v -0.10630921559102664 -0.07200622727272726 -0.03000248484848482
v -0.10524030303030302 -0.07383065043000714 -0.03000248484848482
v -0.1060357433740342 -0.07200622727272726 -0.01654402020202017
v -0.10524030303030302 -0.07350046313222139 -0.01654402020202017
v -0.10742058035543207 -0.07200622727272726 -0.003085555555555508
v -0.10524030303030302 -0.07539601827180369 -0.003085555555555508
v -0.10946091773814287 -0.07200622727272726 0.010372909090909148
v -0.10524030303030302 -0.07713900699067648 0.010372909090909148
v -0.11023054669202723 -0.07200622727272726 0.023831373737373804
v -0.10524030303030302 -0.07648229493336929 0.023831373737373804
v -0.10718315715299989 -0.07200622727272726 0.03728983838383847
v -0.10524030303030302 -0.07312028944406988 0.03728983838383847
v -0.10524030303030302 -0.07200622727272726 0.03778049292035417
v -0.0912082626262626 -0.07200622727272726 -0.20783617360906997
v -0.0912082626262626 -0.07438059302120359 -0.20496252525252523
v -0.10054682172150389 -0.07200622727272726 0.050748303030303046
v -0.10168223387624853 -0.07200622727272726 0.06420676767676771
v -0.10523038598735884 -0.07200622727272726 0.07766523232323236
v -0.10230128946963872 -0.07200622727272726 0.0911236969696971
v -0.09628411349387869 -0.07200622727272726 0.10458216161616168
v -0.0912082626262626 -0.07200622727272726 0.11562405997350568
v -0.07717622222222219 -0.07200622727272726 -0.20950136777982017
v -0.07717622222222219 -0.07553446501804154 -0.20496252525252523
v -0.09002389266944304 -0.07200622727272726 0.11804062626262626
v -0.08524010639391846 -0.07200622727272726 0.131499090909091
v -0.08149310261218222 -0.07200622727272726 0.14495755555555556
v -0.07821977407775879 -0.07200622727272726 0.1584160202020203
v -0.07717622222222219 -0.0752603447325409 0.1584160202020203
v -0.07717622222222219 -0.07200622727272726 0.16320008726076132
v -0.06314418181818177 -0.07200622727272726 -0.2100098105353788
v -0.06314418181818177 -0.07575885777343902 -0.20496252525252523
v -0.07528270927081247 -0.07200622727272726 0.1718744848484849
v -0.07250118928179371 -0.07200622727272726 0.1853329494949495
v -0.06920688178324483 -0.07200622727272726 0.1987914141414142
v -0.06314418181818177 -0.07200622727272726 0.20869526386559575
v -0.049112141414141344 -0.07200622727272726 -0.20940953384663083
v -0.049112141414141344 -0.07498743294599634 -0.20496252525252523
v -0.062366790297080026 -0.07200622727272726 0.2122498787878788
v -0.055685896752009974 -0.07200622727272726 0.22570834343434354
v -0.05965392686253258 -0.07200622727272726 0.23916680808080812
v -0.06130377607833611 -0.07200622727272726 0.25262527272727286
v -0.06146644096398619 -0.07200622727272726 0.2660837373737375
v -0.06053777180812226 -0.07200622727272726 0.279542202020202
v -0.05824665922692212 -0.07200622727272726 0.29300066666666674
v -0.0551170544428841 -0.07200622727272726 0.3064591313131313
v -0.052029602056873396 -0.07200622727272726 0.31991759595959607
v -0.049112141414141344 -0.07588007283479109 0.31991759595959607
v -0.049112141414141344 -0.07200622727272726 0.3322821866568674
v -0.03508010101010093 -0.07200622727272726 -0.2072718212859708
v -0.03508010101010093 -0.07331559410803355 -0.20496252525252523
v -0.048725321056200345 -0.07200622727272726 0.3333760606060607
v -0.04406875860226955 -0.07200622727272726 0.3468345252525254
v -0.037758093241070476 -0.07200622727272726 0.36029298989898995
v -0.03508010101010093 -0.07395640232175066 0.36029298989898995
v -0.03508010101010093 -0.07200622727272726 0.36413337983194405
v -0.03127596702816793 -0.07200622727272726 -0.20496252525252523
v -0.021048060606060588 -0.07200622727272726 -0.20060910250421798
v -0.021048060606060588 -0.07508635720215903 -0.19150406060606057
v -0.02590971729795277 -0.07200622727272726 0.37375145454545455
v -0.021048060606060588 -0.07364612240379483 0.37375145454545455
v -0.021048060606060588 -0.07200622727272726 0.3766463852878517
v -0.008702995909831321 -0.07200622727272726 -0.19150406060606057
v -0.00701602020202017 -0.07200622727272726 -0.19136535171865962
v -0.00701602020202017 -0.07659030064419296 -0.17804559595959593
v -0.00701602020202017 -0.07514858550502478 0.37375145454545455
v -0.00701602020202017 -0.07200622727272726 0.3811260630544825
v 0.007016020202020247 -0.07200622727272726 -0.1913566735632426
v 0.007016020202020247 -0.07658465848129559 -0.17804559595959593
v 0.007016020202020247 -0.07515888829976602 0.37375145454545455
v 0.007016020202020247 -0.07200622727272726 0.38117952405996913
v 0.00885442718899565 -0.07200622727272726 -0.19150406060606057
v 0.021048060606060744 -0.07200622727272726 -0.2004014904143165
v 0.021048060606060744 -0.07496531594736931 -0.19150406060606057
v 0.021048060606060744 -0.07373685646734211 0.37375145454545455
v 0.021048060606060744 -0.07200622727272726 0.3768431571731584
v 0.033184081853699435 -0.07200622727272726 -0.20496252525252523
v 0.03508010101010108 -0.07200622727272726 -0.20603377995090527
v 0.03508010101010108 -0.07258109240929898 -0.20496252525252523
v 0.03508010101010108 -0.07403854877871474 0.36029298989898995
v 0.026233418698105 -0.07200622727272726 0.37375145454545455
v 0.03508010101010108 -0.07200622727272726 0.36438865583768243
v 0.04911214141414143 -0.07200622727272726 -0.20810074541735538
v 0.04911214141414143 -0.07407289020402717 -0.20496252525252523
v 0.04911214141414143 -0.07576893030237043 0.31991759595959607
v 0.048328000387248306 -0.07200622727272726 0.3333760606060607
v 0.04911214141414143 -0.07200622727272726 0.33125696657801346
v 0.04366515381503992 -0.07200622727272726 0.3468345252525254
v 0.037812672392004865 -0.07200622727272726 0.36029298989898995
v 0.06314418181818192 -0.07200622727272726 -0.20826236895691974
v 0.06314418181818192 -0.07444095247009645 -0.20496252525252523
v 0.06248718877889149 -0.07200622727272726 0.2122498787878788
v 0.06314418181818192 -0.07200622727272726 0.20916859763890283
v 0.05591361117922866 -0.07200622727272726 0.22570834343434354
v 0.059742113269890915 -0.07200622727272726 0.23916680808080812
v 0.06081366224125186 -0.07200622727272726 0.25262527272727286
v 0.06101853865359229 -0.07200622727272726 0.2660837373737375
v 0.06048976753238428 -0.07200622727272726 0.279542202020202
v 0.058095703309671495 -0.07200622727272726 0.29300066666666674
v 0.05504830182999045 -0.07200622727272726 0.3064591313131313
v 0.0519115771388675 -0.07200622727272726 0.31991759595959607
v 0.07717622222222226 -0.07200622727272726 -0.2071818650131188
v 0.07717622222222226 -0.07374226147889822 -0.20496252525252523
v 0.07717622222222226 -0.07424229099086332 0.1584160202020203
v 0.07496240069605012 -0.07200622727272726 0.1718744848484849
v 0.07717622222222226 -0.07200622727272726 0.16166695204068282
v 0.07228524164349864 -0.07200622727272726 0.1853329494949495
v 0.06910824981036132 -0.07200622727272726 0.1987914141414142
v 0.09098725896529133 -0.07200622727272726 -0.20496252525252523
v 0.09120826262626276 -0.07200622727272726 -0.20488056910110305
v 0.09120826262626276 -0.07740163199007428 -0.19150406060606057
v 0.08941941251973844 -0.07200622727272726 0.11804062626262626
v 0.09120826262626276 -0.07200622727272726 0.11426637809154638
v 0.08474431084777953 -0.07200622727272726 0.131499090909091
v 0.08107972383903943 -0.07200622727272726 0.14495755555555556
v 0.07790213013503856 -0.07200622727272726 0.1584160202020203
v 0.1052403030303031 -0.07200622727272726 -0.1973121085454098
v 0.1052403030303031 -0.07438243766440113 -0.19150406060606057
v 0.1052403030303031 -0.07732431417676953 -0.17804559595959593
v 0.1052403030303031 -0.07525202623420607 -0.07037787878787874
v 0.1052403030303031 -0.07282514836055787 -0.056919414141414076
v 0.10425547788661522 -0.07200622727272726 -0.043460949494949414
v 0.1052403030303031 -0.07200622727272726 -0.05266790869293327
v 0.10367550684727665 -0.07200622727272726 -0.03000248484848482
v 0.10435925672394035 -0.07200622727272726 -0.01654402020202017
v 0.1052403030303031 -0.07200622727272726 -0.011129923376438956
v 0.1052403030303031 -0.07416935475351459 -0.003085555555555508
v 0.1052403030303031 -0.07665132386824029 0.010372909090909148
v 0.1052403030303031 -0.07680444296842612 0.023831373737373804
v 0.1052403030303031 -0.07366819225435223 0.03728983838383847
v 0.10053891368719187 -0.07200622727272726 0.050748303030303046
v 0.1052403030303031 -0.07200622727272726 0.03808445175632021
v 0.10112570784285094 -0.07200622727272726 0.06420676767676771
v 0.10439955116137205 -0.07200622727272726 0.07766523232323236
v 0.10146581349269918 -0.07200622727272726 0.0911236969696971
v 0.09557672849128733 -0.07200622727272726 0.10458216161616168
v 0.11487540989692957 -0.07200622727272726 -0.19150406060606057
v 0.11927234343434344 -0.07200622727272726 -0.1814851416920532
v 0.11927234343434344 -0.07248332657299549 -0.17804559595959593
v 0.11927234343434344 -0.07270510995962459 -0.16458713131313127
v 0.11927234343434344 -0.07247341499210957 -0.1511286666666666
v 0.1185888809674274 -0.07200622727272726 -0.13767020202020194
v 0.11927234343434344 -0.07200622727272726 -0.1447467319501007
v 0.11708322231012169 -0.07200622727272726 -0.12421173737373728
v 0.11549995017431147 -0.07200622727272726 -0.1107532727272727
v 0.11328759208774208 -0.07200622727272726 -0.09729480808080804
v 0.11066683572609097 -0.07200622727272726 -0.08383634343434337
v 0.10799526391199601 -0.07200622727272726 -0.07037787878787874
v 0.10587182329599257 -0.07200622727272726 -0.056919414141414076
v 0.1066768171820017 -0.07200622727272726 -0.003085555555555508
v 0.10919058119302545 -0.07200622727272726 0.010372909090909148
v 0.11043011081102418 -0.07200622727272726 0.023831373737373804
v 0.10764089332721574 -0.07200622727272726 0.03728983838383847
v 0.12071642357270446 -0.07200622727272726 -0.17804559595959593
v 0.12087843112294587 -0.07200622727272726 -0.16458713131313127
v 0.12013108037482666 -0.07200622727272726 -0.1511286666666666
v -0.16122585507336454 -0.06658398484848484 -0.19150406060606057
v -0.14733642424242419 -0.06658398484848484 -0.20100468354049641
v -0.14733642424242419 -0.06812410295083182 -0.19150406060606057
v -0.1566838985524175 -0.06658398484848484 -0.17804559595959593
v -0.14733642424242419 -0.06849271263942504 -0.17804559595959593
v -0.15067385187148988 -0.06658398484848484 -0.16458713131313127
v -0.14733642424242419 -0.06750069977119934 -0.16458713131313127
v -0.14733642424242419 -0.06658398484848484 -0.15925072737217114
v -0.14328794220899013 -0.06658398484848484 -0.20496252525252523
v -0.13330438383838378 -0.06658398484848484 -0.20649873881544623
v -0.13330438383838378 -0.06770034015763937 -0.20496252525252523
v -0.13330438383838378 -0.07109945692219886 -0.19150406060606057
v -0.1441043036966302 -0.06658398484848484 -0.1511286666666666
v -0.13330438383838378 -0.0718177088822792 -0.1511286666666666
v -0.13919847132367683 -0.06658398484848484 -0.13767020202020194
v -0.13330438383838378 -0.06976473496521719 -0.13767020202020194
v -0.13330438383838378 -0.06658398484848484 -0.12448507452991688
v -0.11927234343434336 -0.06658398484848484 -0.20977412375113222
v -0.11927234343434336 -0.07002437076383375 -0.20496252525252523
v -0.1332294825339769 -0.06658398484848484 -0.12421173737373728
v -0.12926745852791974 -0.06658398484848484 -0.1107532727272727
v -0.12561838576397294 -0.06658398484848484 -0.09729480808080804
v -0.12073697925258026 -0.06658398484848484 -0.08383634343434337
v -0.11927234343434336 -0.06812749705287985 -0.08383634343434337
v -0.11927234343434336 -0.06658398484848484 -0.07981702862911076
v -0.10524030303030302 -0.06658398484848484 -0.2131118496898476
v -0.11699735204621961 -0.06658398484848484 -0.07037787878787874
v -0.11359245608004863 -0.06658398484848484 -0.056919414141414076
v -0.11059775290688842 -0.06658398484848484 -0.043460949494949414
v -0.10829167061984034 -0.06658398484848484 -0.03000248484848482
v -0.10764964358995642 -0.06658398484848484 -0.01654402020202017
v -0.10934062340341509 -0.06658398484848484 -0.003085555555555508
v -0.11223500335181524 -0.06658398484848484 0.010372909090909148
v -0.11415175879904414 -0.06658398484848484 0.023831373737373804
v -0.11372745402320529 -0.06658398484848484 0.03728983838383847
v -0.11067411684215239 -0.06658398484848484 0.050748303030303046
v -0.10524030303030302 -0.06818606613425751 0.050748303030303046
v -0.11175818559790414 -0.06658398484848484 0.06420676767676771
v -0.10524030303030302 -0.06896223522744546 0.06420676767676771
v -0.11073795318021686 -0.06658398484848484 0.07766523232323236
v -0.10524030303030302 -0.07199631572838894 0.07766523232323236
v -0.10534035390083192 -0.06658398484848484 0.0911236969696971
v -0.10524030303030302 -0.06677664049149429 0.0911236969696971
v -0.10524030303030302 -0.06658398484848484 0.0913082014119288
v -0.0912082626262626 -0.06658398484848484 -0.21584214543875002
v -0.09799735695058494 -0.06658398484848484 0.10458216161616168
v -0.0912082626262626 -0.06658398484848484 0.1180141585053852
v -0.07717622222222219 -0.06658398484848484 -0.21766484057478164
v -0.09119415480009566 -0.06658398484848484 0.11804062626262626
v -0.08626589758813152 -0.06658398484848484 0.131499090909091
v -0.08255548201864353 -0.06658398484848484 0.14495755555555556
v -0.07942016218430309 -0.06658398484848484 0.1584160202020203
v -0.07717622222222219 -0.06658398484848484 0.16930607209038154
v -0.06314418181818177 -0.06658398484848484 -0.21814909590124298
v -0.07663350048495683 -0.06658398484848484 0.1718744848484849
v -0.07414434372900565 -0.06658398484848484 0.1853329494949495
v -0.07176518920549302 -0.06658398484848484 0.1987914141414142
v -0.06956249238425097 -0.06658398484848484 0.2122498787878788
v -0.06314418181818177 -0.07125290172924711 0.2122498787878788
v -0.06978190240636781 -0.06658398484848484 0.22570834343434354
v -0.06314418181818177 -0.06783098494310569 0.22570834343434354
v -0.06513056686554622 -0.06658398484848484 0.23916680808080812
v -0.06314418181818177 -0.06825315364980691 0.23916680808080812
v -0.06553792484186532 -0.06658398484848484 0.25262527272727286
v -0.06314418181818177 -0.07010539747027379 0.25262527272727286
v -0.06515498851879639 -0.06658398484848484 0.2660837373737375
v -0.06314418181818177 -0.07026502840785627 0.2660837373737375
v -0.06444389187723899 -0.06658398484848484 0.279542202020202
v -0.06314418181818177 -0.06921045195468212 0.279542202020202
v -0.06314418181818177 -0.06658398484848484 0.28929850724617223
v -0.049112141414141344 -0.06658398484848484 -0.21762348798774644
v -0.06238471023598386 -0.06658398484848484 0.29300066666666674
v -0.05836461893923443 -0.06658398484848484 0.3064591313131313
v -0.055036234964922076 -0.06658398484848484 0.31991759595959607
v -0.052283533466499166 -0.06658398484848484 0.3333760606060607
v -0.049112141414141344 -0.07168593206078669 0.3333760606060607
v -0.04994144221917591 -0.06658398484848484 0.3468345252525254
v -0.049112141414141344 -0.06788241856110003 0.3468345252525254
v -0.049112141414141344 -0.06658398484848484 0.3494130131587537
v -0.03508010101010093 -0.06658398484848484 -0.21600388802887394
v -0.04398011428369233 -0.06658398484848484 0.36029298989898995
v -0.03564198269898076 -0.06658398484848484 0.37375145454545455
v -0.03508010101010093 -0.06715393567582699 0.37375145454545455
v -0.03508010101010093 -0.06658398484848484 0.37440867840265113
v -0.021048060606060588 -0.06658398484848484 -0.21266280714156705
v -0.021048060606060588 -0.07017532445879661 -0.20496252525252523
v -0.021048060606060588 -0.06658398484848484 0.38506416300219143
v -0.00701602020202017 -0.06658398484848484 -0.20634303822075833
v -0.00701602020202017 -0.0669910404938501 -0.20496252525252523
v -0.00701602020202017 -0.07192813966361397 -0.19150406060606057
v -0.019480728194999443 -0.06658398484848484 0.38720991919191927
v -0.00701602020202017 -0.06863085856591375 0.38720991919191927
v -0.00701602020202017 -0.06658398484848484 0.3913981919347586
v 0.007016020202020247 -0.06658398484848484 -0.206323649742411
v 0.007016020202020247 -0.06698612323037303 -0.20496252525252523
v 0.007016020202020247 -0.07192333430562656 -0.19150406060606057
v 0.007016020202020247 -0.06869089836069298 0.38720991919191927
v 0.007016020202020247 -0.06658398484848484 0.39150310597311966
v 0.021048060606060744 -0.06658398484848484 -0.21237200974155274
v 0.021048060606060744 -0.07009804306682219 -0.20496252525252523
v 0.019842862826013455 -0.06658398484848484 0.38720991919191927
v 0.021048060606060744 -0.06658398484848484 0.3855303855300753
v 0.03508010101010108 -0.06658398484848484 -0.21554888590475602
v 0.03508010101010108 -0.06739970126568572 0.37375145454545455
v 0.03508010101010108 -0.06658398484848484 0.37468852717088164
v 0.04911214141414143 -0.06658398484848484 -0.21658211415104706
v 0.04911214141414143 -0.07137480475420055 0.3333760606060607
v 0.04911214141414143 -0.06734078638503198 0.3468345252525254
v 0.04404846068349466 -0.06658398484848484 0.36029298989898995
v 0.04911214141414143 -0.06658398484848484 0.34841475534707184
v 0.035880435804903896 -0.06658398484848484 0.37375145454545455
v 0.06314418181818192 -0.06658398484848484 -0.21663261848672136
v 0.06314418181818192 -0.07135247553536894 0.2122498787878788
v 0.06314418181818192 -0.06791054715853583 0.22570834343434354
v 0.06314418181818192 -0.06817792218882074 0.23916680808080812
v 0.06314418181818192 -0.06931878084450435 0.25262527272727286
v 0.06314418181818192 -0.06982866289419183 0.2660837373737375
v 0.06314418181818192 -0.06939093781260489 0.279542202020202
v 0.06234223152118097 -0.06658398484848484 0.29300066666666674
v 0.06314418181818192 -0.06658398484848484 0.2895242379642148
v 0.058375220396531674 -0.06658398484848484 0.3064591313131313
v 0.0549648755695729 -0.06658398484848484 0.31991759595959607
v 0.05210564085570728 -0.06658398484848484 0.3333760606060607
v 0.04959105800269835 -0.06658398484848484 0.3468345252525254
v 0.07717622222222226 -0.06658398484848484 -0.21545173275141102
v 0.0763355869085062 -0.06658398484848484 0.1718744848484849
v 0.07717622222222226 -0.06658398484848484 0.16788087723921014
v 0.07394476256193269 -0.06658398484848484 0.1853329494949495
v 0.07174144794357841 -0.06658398484848484 0.1987914141414142
v 0.06949649972526607 -0.06658398484848484 0.2122498787878788
v 0.06977928295918702 -0.06658398484848484 0.22570834343434354
v 0.06501072058133711 -0.06658398484848484 0.23916680808080812
v 0.06499988096688376 -0.06658398484848484 0.25262527272727286
v 0.06495935467265986 -0.06658398484848484 0.2660837373737375
v 0.06456630380545039 -0.06658398484848484 0.279542202020202
v 0.09120826262626276 -0.06658398484848484 -0.2128844850188839
v 0.09120826262626276 -0.07198130689494987 -0.20496252525252523
v 0.0908358979253906 -0.06658398484848484 0.11804062626262626
v 0.09120826262626276 -0.06658398484848484 0.11731722534128608
v 0.08591491165696456 -0.06658398484848484 0.131499090909091
v 0.08221697577158629 -0.06658398484848484 0.14495755555555556
v 0.0791419585130534 -0.06658398484848484 0.1584160202020203
v 0.1052403030303031 -0.06658398484848484 -0.20942825658185296
v 0.1052403030303031 -0.06973160647847364 -0.20496252525252523
v 0.1052403030303031 -0.06910463341030429 -0.043460949494949414
v 0.10503697604254777 -0.06658398484848484 -0.03000248484848482
v 0.1052403030303031 -0.06658398484848484 -0.03318073036646954
v 0.1052403030303031 -0.06658398484848484 -0.02579833732295102
v 0.1052403030303031 -0.06843410305275024 -0.01654402020202017
v 0.1052403030303031 -0.06950968324075443 0.050748303030303046
v 0.1052403030303031 -0.06979953329130276 0.06420676767676771
v 0.1052403030303031 -0.07120776317117333 0.07766523232323236
v 0.1045331905286079 -0.06658398484848484 0.0911236969696971
v 0.1052403030303031 -0.06658398484848484 0.0898829117945084
v 0.09746175609295758 -0.06658398484848484 0.10458216161616168
v 0.11927234343434344 -0.06658398484848484 -0.2062043106236805
v 0.11927234343434344 -0.06748480452620444 -0.20496252525252523
v 0.11927234343434344 -0.07090649898710152 -0.19150406060606057
v 0.11927234343434344 -0.07137939900515193 -0.13767020202020194
v 0.11927234343434344 -0.06989846123290584 -0.12421173737373728
v 0.11927234343434344 -0.06718476618960159 -0.1107532727272727
v 0.11712822974095376 -0.06658398484848484 -0.09729480808080804
v 0.11927234343434344 -0.06658398484848484 -0.10861412838772831
v 0.1143886041214739 -0.06658398484848484 -0.08383634343434337
v 0.1114404277734993 -0.06658398484848484 -0.07037787878787874
v 0.10872202065209757 -0.06658398484848484 -0.056919414141414076
v 0.10631473461981297 -0.06658398484848484 -0.043460949494949414
v 0.10580466474624307 -0.06658398484848484 -0.01654402020202017
v 0.10880877212136641 -0.06658398484848484 -0.003085555555555508
v 0.11218245766119532 -0.06658398484848484 0.010372909090909148
v 0.11427141958026392 -0.06658398484848484 0.023831373737373804
v 0.11352506691843404 -0.06658398484848484 0.03728983838383847
v 0.11333977080496094 -0.06658398484848484 0.050748303030303046
v 0.11323585238185695 -0.06658398484848484 0.06420676767676771
v 0.10981216242681818 -0.06658398484848484 0.07766523232323236
v 0.1250191338080484 -0.06658398484848484 -0.20496252525252523
v 0.13330438383838394 -0.06658398484848484 -0.19452843009209211
v 0.13330438383838394 -0.06713181512434407 -0.19150406060606057
v 0.13330438383838394 -0.06716714879013834 -0.17804559595959593
v 0.13170354211759724 -0.06658398484848484 -0.16458713131313127
v 0.13330438383838394 -0.06658398484848484 -0.1720024531497913
v 0.12858152958551486 -0.06658398484848484 -0.1511286666666666
v 0.12554981300885246 -0.06658398484848484 -0.13767020202020194
v 0.12328037738776539 -0.06658398484848484 -0.12421173737373728
v 0.11986466696446312 -0.06658398484848484 -0.1107532727272727
v 0.13632727463226899 -0.06658398484848484 -0.19150406060606057
v 0.13535809771670546 -0.06658398484848484 -0.17804559595959593
v -0.29883453802179966 -0.061161742424242396 -0.20496252525252523
v -0.2876568282828283 -0.061161742424242396 -0.20728995774826942
v -0.2876568282828283 -0.06159546792246091 -0.20496252525252523
v -0.2876568282828283 -0.061161742424242396 -0.20215743316483703
v -0.27362478787878786 -0.061161742424242396 -0.20885953952461037
v -0.27362478787878786 -0.062068697240881356 -0.20496252525252523
v -0.27362478787878786 -0.061161742424242396 -0.19795204530308247
v -0.2595927474747475 -0.061161742424242396 -0.20948606525051208
v -0.2595927474747475 -0.062305391447347966 -0.20496252525252523
v -0.2595927474747475 -0.061161742424242396 -0.19160267923384555
v -0.24556070707070704 -0.061161742424242396 -0.20782035311327035
v -0.24556070707070704 -0.062198522657929654 -0.20496252525252523
v -0.2594321781344341 -0.061161742424242396 -0.19150406060606057
v -0.24556070707070704 -0.06214076095233291 -0.19150406060606057
v -0.24556070707070704 -0.061161742424242396 -0.18325872099043947
v -0.23152866666666663 -0.061161742424242396 -0.20781187094922646
v -0.23152866666666663 -0.06245141438505947 -0.20496252525252523
v -0.23152866666666663 -0.06303242441284472 -0.19150406060606057
v -0.2397643744058292 -0.061161742424242396 -0.17804559595959593
v -0.23152866666666663 -0.062194177094958704 -0.17804559595959593
v -0.23516967087198845 -0.061161742424242396 -0.16458713131313127
v -0.23152866666666663 -0.06190425706253474 -0.16458713131313127
v -0.23679580885161994 -0.061161742424242396 -0.1511286666666666
v -0.23152866666666663 -0.06271040783082234 -0.1511286666666666
v -0.23521701897508576 -0.061161742424242396 -0.13767020202020194
v -0.23152866666666663 -0.06282069998010514 -0.13767020202020194
v -0.23152866666666663 -0.061161742424242396 -0.13192422537695955
v -0.2174966262626262 -0.061161742424242396 -0.20867938700048963
v -0.2174966262626262 -0.06276078150201231 -0.20496252525252523
v -0.2174966262626262 -0.06354049925216898 -0.19150406060606057
v -0.2174966262626262 -0.06307480886304973 -0.17804559595959593
v -0.2174966262626262 -0.06309045905304798 -0.16458713131313127
v -0.2174966262626262 -0.06405085347365398 -0.1511286666666666
v -0.2174966262626262 -0.06450934030220917 -0.13767020202020194
v -0.22427745873240082 -0.061161742424242396 -0.12421173737373728
v -0.2174966262626262 -0.06315130464637854 -0.12421173737373728
v -0.2174966262626262 -0.061161742424242396 -0.12036800656055319
v -0.2034645858585858 -0.061161742424242396 -0.208306698249711
v -0.2034645858585858 -0.06262742456171737 -0.20496252525252523
v -0.2034645858585858 -0.06343337039045507 -0.19150406060606057
v -0.2034645858585858 -0.0634476575304146 -0.17804559595959593
v -0.2034645858585858 -0.06299867902770025 -0.16458713131313127
v -0.2034645858585858 -0.06325380022212654 -0.1511286666666666
v -0.2034645858585858 -0.06370903868856845 -0.13767020202020194
v -0.2034645858585858 -0.06309711511063397 -0.12421173737373728
v -0.2034645858585858 -0.061161742424242396 -0.11505332907485662
v -0.18943254545454544 -0.061161742424242396 -0.20858421160262006
v -0.18943254545454544 -0.0627948433262086 -0.20496252525252523
v -0.18943254545454544 -0.06380508765239533 -0.19150406060606057
v -0.18943254545454544 -0.06304718348186322 -0.17804559595959593
v -0.18943254545454544 -0.061760348144867014 -0.16458713131313127
v -0.18943254545454544 -0.0614203330945104 -0.1511286666666666
v -0.18950945434802477 -0.061161742424242396 -0.13767020202020194
v -0.18943254545454544 -0.061161742424242396 -0.13887498074210147
v -0.19013455523333384 -0.061161742424242396 -0.12421173737373728
v -0.17540050505050503 -0.061161742424242396 -0.21094139773993223
v -0.17540050505050503 -0.06398741752477762 -0.20496252525252523
v -0.17540050505050503 -0.06517126527438358 -0.19150406060606057
v -0.17540050505050503 -0.06429580960882339 -0.17804559595959593
v -0.17540050505050503 -0.0622385576009409 -0.16458713131313127
v -0.17540050505050503 -0.06127259566901557 -0.1511286666666666
v -0.17540050505050503 -0.061161742424242396 -0.15054545324766874
v -0.16136846464646462 -0.061161742424242396 -0.21315225608462482
v -0.16136846464646462 -0.06491956646012224 -0.20496252525252523
v -0.16136846464646462 -0.0665691642209515 -0.19150406060606057
v -0.16136846464646462 -0.06568153396738159 -0.17804559595959593
v -0.16136846464646462 -0.06355288912950113 -0.16458713131313127
v -0.17313595828948722 -0.061161742424242396 -0.1511286666666666
v -0.16136846464646462 -0.061161742424242396 -0.15380587078345706
v -0.14733642424242419 -0.061161742424242396 -0.2168163359839855
v -0.14733642424242419 -0.06620300872161872 -0.20496252525252523
v -0.15891865489432322 -0.061161742424242396 -0.1511286666666666
v -0.14733642424242419 -0.06474587901073806 -0.1511286666666666
v -0.14830398157554692 -0.061161742424242396 -0.13767020202020194
v -0.14733642424242419 -0.06144468008100766 -0.13767020202020194
v -0.14733642424242419 -0.061161742424242396 -0.13677826632343243
v -0.13580230364389714 -0.061161742424242396 -0.21842098989898984
v -0.13330438383838378 -0.061161742424242396 -0.21848867828605956
v -0.13330438383838378 -0.06126946907505764 -0.21842098989898984
v -0.14098916352686502 -0.061161742424242396 -0.12421173737373728
v -0.13330438383838378 -0.06649865662388924 -0.12421173737373728
v -0.13343881681518513 -0.061161742424242396 -0.1107532727272727
v -0.13330438383838378 -0.061254251651591235 -0.1107532727272727
v -0.13330438383838378 -0.061161742424242396 -0.11048083615667342
v -0.11927234343434336 -0.061161742424242396 -0.21940755831710865
v -0.11927234343434336 -0.06270990655949818 -0.21842098989898984
v -0.1298682971727704 -0.061161742424242396 -0.09729480808080804
v -0.1247133605256915 -0.061161742424242396 -0.08383634343434337
v -0.11927234343434336 -0.061161742424242396 -0.0709237346137756
v -0.10524030303030302 -0.061161742424242396 -0.2203774023729577
v -0.10524030303030302 -0.06419967716311424 -0.21842098989898984
v -0.11913012456063578 -0.061161742424242396 -0.07037787878787874
v -0.11552269291126098 -0.061161742424242396 -0.056919414141414076
v -0.11203225200872337 -0.061161742424242396 -0.043460949494949414
v -0.10900515067399082 -0.061161742424242396 -0.03000248484848482
v -0.10779967839957955 -0.061161742424242396 -0.01654402020202017
v -0.10986210894605382 -0.061161742424242396 -0.003085555555555508
v -0.11328421414087958 -0.061161742424242396 0.010372909090909148
v -0.11596187628523029 -0.061161742424242396 0.023831373737373804
v -0.11723045316641796 -0.061161742424242396 0.03728983838383847
v -0.11449815649243969 -0.061161742424242396 0.050748303030303046
v -0.11462588088049687 -0.061161742424242396 0.06420676767676771
v -0.11342071140744538 -0.061161742424242396 0.07766523232323236
v -0.10733660612405975 -0.061161742424242396 0.0911236969696971
v -0.10524030303030302 -0.061161742424242396 0.09418682709111292
v -0.0912082626262626 -0.061161742424242396 -0.22128364846055598
v -0.0912082626262626 -0.06541060020022613 -0.21842098989898984
v -0.09854572211166014 -0.061161742424242396 0.10458216161616168
v -0.09152786401798362 -0.061161742424242396 0.11804062626262626
v -0.0912082626262626 -0.06638761318612835 0.11804062626262626
v -0.0912082626262626 -0.061161742424242396 0.1187069547019648
v -0.07717622222222219 -0.061161742424242396 -0.22182787211640762
v -0.07717622222222219 -0.06623520240321473 -0.21842098989898984
v -0.08659366567584251 -0.061161742424242396 0.131499090909091
v -0.0830460959968018 -0.061161742424242396 0.14495755555555556
v -0.08003395843681821 -0.061161742424242396 0.1584160202020203
v -0.07733014464342888 -0.061161742424242396 0.1718744848484849
v -0.07717622222222219 -0.06259178982705463 0.1718744848484849
v -0.07717622222222219 -0.061161742424242396 0.17255644887220703
v -0.06314418181818177 -0.061161742424242396 -0.22221329491463507
v -0.06314418181818177 -0.06645133149076475 -0.21842098989898984
v -0.07482009013205226 -0.061161742424242396 0.1853329494949495
v -0.07292521626752159 -0.061161742424242396 0.1987914141414142
v -0.07204246644628079 -0.061161742424242396 0.2122498787878788
v -0.07437339111091655 -0.061161742424242396 0.22570834343434354
v -0.06887094193565639 -0.061161742424242396 0.23916680808080812
v -0.06809957699051668 -0.061161742424242396 0.25262527272727286
v -0.06740224650695452 -0.061161742424242396 0.2660837373737375
v -0.06687860007276833 -0.061161742424242396 0.279542202020202
v -0.06532171555160247 -0.061161742424242396 0.29300066666666674
v -0.06314418181818177 -0.06591970043321334 0.29300066666666674
v -0.06314418181818177 -0.061161742424242396 0.302111370423426
v -0.049112141414141344 -0.061161742424242396 -0.2223478922296726
v -0.049112141414141344 -0.06615870257462488 -0.21842098989898984
v -0.0613984029120071 -0.061161742424242396 0.3064591313131313
v -0.05713133559738911 -0.061161742424242396 0.31991759595959607
v -0.054557684586701356 -0.061161742424242396 0.3333760606060607
v -0.053171602081999024 -0.061161742424242396 0.3468345252525254
v -0.04960262261262317 -0.061161742424242396 0.36029298989898995
v -0.049112141414141344 -0.06212485963716064 0.36029298989898995
v -0.049112141414141344 -0.061161742424242396 0.361223873338692
v -0.03508010101010093 -0.061161742424242396 -0.22210503026850467
v -0.03508010101010093 -0.06521318231992702 -0.21842098989898984
v -0.040134728489276905 -0.061161742424242396 0.37375145454545455
v -0.03508010101010093 -0.061161742424242396 0.3801849263769358
v -0.021048060606060588 -0.061161742424242396 -0.22119422393025664
v -0.021048060606060588 -0.06325907298735112 -0.21842098989898984
v -0.02716655657858766 -0.061161742424242396 0.38720991919191927
v -0.021048060606060588 -0.06528830653418717 0.38720991919191927
v -0.021048060606060588 -0.061161742424242396 0.39115579610337187
v -0.017623215517360763 -0.061161742424242396 -0.21842098989898984
v -0.00701602020202017 -0.061161742424242396 -0.21628890492829753
v -0.00701602020202017 -0.061161742424242396 0.39476154102856914
v 0.007016020202020247 -0.061161742424242396 -0.2162791191076958
v 0.007016020202020247 -0.061161742424242396 0.39483627351914535
v 0.017793428113926084 -0.061161742424242396 -0.21842098989898984
v 0.021048060606060744 -0.061161742424242396 -0.22093372738053618
v 0.021048060606060744 -0.06310912708020955 -0.21842098989898984
v 0.021048060606060744 -0.06561061939612506 0.38720991919191927
v 0.021048060606060744 -0.061161742424242396 0.3914551165390352
v 0.03508010101010108 -0.061161742424242396 -0.22199842070755643
v 0.03508010101010108 -0.06497521124550308 -0.21842098989898984
v 0.027574149332152516 -0.061161742424242396 0.38720991919191927
v 0.03508010101010108 -0.061161742424242396 0.38046833165025434
v 0.04911214141414143 -0.061161742424242396 -0.22192040744083363
v 0.04911214141414143 -0.06559153044422886 -0.21842098989898984
v 0.04911214141414143 -0.06210108646103538 0.36029298989898995
v 0.040347908993952034 -0.061161742424242396 0.37375145454545455
v 0.04911214141414143 -0.061161742424242396 0.3611918690700046
v 0.06314418181818192 -0.061161742424242396 -0.22170411441056156
v 0.06314418181818192 -0.06574885189637274 -0.21842098989898984
v 0.06314418181818192 -0.06587985153880405 0.29300066666666674
v 0.06142123836769252 -0.061161742424242396 0.3064591313131313
v 0.06314418181818192 -0.061161742424242396 0.30211976412901004
v 0.05712048680465355 -0.061161742424242396 0.31991759595959607
v 0.054432531317096536 -0.061161742424242396 0.3333760606060607
v 0.05288482093953869 -0.061161742424242396 0.3468345252525254
v 0.04959949118270476 -0.061161742424242396 0.36029298989898995
v 0.07717622222222226 -0.061161742424242396 -0.22125590428098996
v 0.07717622222222226 -0.06523904626430395 -0.21842098989898984
v 0.07704631163057266 -0.061161742424242396 0.1718744848484849
v 0.07717622222222226 -0.061161742424242396 0.17129589416813382
v 0.07462547713008916 -0.061161742424242396 0.1853329494949495
v 0.07291062915782943 -0.061161742424242396 0.1987914141414142
v 0.07192717568836526 -0.061161742424242396 0.2122498787878788
v 0.07427332838652947 -0.061161742424242396 0.22570834343434354
v 0.06873587042340108 -0.061161742424242396 0.23916680808080812
v 0.06769905620232611 -0.061161742424242396 0.25262527272727286
v 0.06738539580887318 -0.061161742424242396 0.2660837373737375
v 0.0670002255515485 -0.061161742424242396 0.279542202020202
v 0.0652990786340854 -0.061161742424242396 0.29300066666666674
v 0.09120826262626276 -0.061161742424242396 -0.22038606835639202
v 0.09120826262626276 -0.06408370398825819 -0.21842098989898984
v 0.09120826262626276 -0.06301599699741292 0.11804062626262626
v 0.08636016793717699 -0.061161742424242396 0.131499090909091
v 0.09120826262626276 -0.061161742424242396 0.1183646122514551
v 0.0827916085854403 -0.061161742424242396 0.14495755555555556
v 0.07983000113962124 -0.061161742424242396 0.1584160202020203
v 0.1052403030303031 -0.061161742424242396 -0.21940547226437837
v 0.1052403030303031 -0.06269895007972472 -0.21842098989898984
v 0.10522929551060038 -0.061161742424242396 -0.03000248484848482
v 0.1052403030303031 -0.061161742424242396 -0.030134788832535033
v 0.1052403030303031 -0.061161742424242396 -0.029669925461713896
v 0.1052403030303031 -0.0649164841347244 0.0911236969696971
v 0.09820409043350606 -0.061161742424242396 0.10458216161616168
v 0.1052403030303031 -0.061161742424242396 0.09326646752189273
v 0.09137821072163568 -0.061161742424242396 0.11804062626262626
v 0.11849998255070221 -0.061161742424242396 -0.21842098989898984
v 0.11927234343434344 -0.061161742424242396 -0.21814814655547954
v 0.11927234343434344 -0.062405558418909164 -0.09729480808080804
v 0.11690280502453823 -0.061161742424242396 -0.08383634343434337
v 0.11927234343434344 -0.061161742424242396 -0.09467822419613274
v 0.1136828537012264 -0.061161742424242396 -0.07037787878787874
v 0.1104101918863127 -0.061161742424242396 -0.056919414141414076
v 0.1072554805073765 -0.061161742424242396 -0.043460949494949414
v 0.10584006141652837 -0.061161742424242396 -0.01654402020202017
v 0.10946719675351443 -0.061161742424242396 -0.003085555555555508
v 0.11338737301458676 -0.061161742424242396 0.010372909090909148
v 0.1162324904955898 -0.061161742424242396 0.023831373737373804
v 0.11692734791008762 -0.061161742424242396 0.03728983838383847
v 0.11510492996529695 -0.061161742424242396 0.050748303030303046
v 0.11477941623974933 -0.061161742424242396 0.06420676767676771
v 0.11264649762059031 -0.061161742424242396 0.07766523232323236
v 0.10659874722161708 -0.061161742424242396 0.0911236969696971
v 0.13330438383838394 -0.061161742424242396 -0.21518650326510963
v 0.13330438383838394 -0.06545495087514577 -0.20496252525252523
v 0.13330438383838394 -0.06560177209529938 -0.16458713131313127
v 0.13330438383838394 -0.06258675937870832 -0.1511286666666666
v 0.13094736960262182 -0.061161742424242396 -0.13767020202020194
v 0.13330438383838394 -0.061161742424242396 -0.1461507485731987
v 0.12799108639136267 -0.061161742424242396 -0.12421173737373728
v 0.1241421078882256 -0.061161742424242396 -0.1107532727272727
v 0.12021958840914128 -0.061161742424242396 -0.09729480808080804
v 0.14733642424242427 -0.061161742424242396 -0.2100073716037591
v 0.14733642424242427 -0.0634398609453185 -0.20496252525252523
v 0.14733642424242427 -0.06462470081289559 -0.19150406060606057
v 0.14733642424242427 -0.0631115171983332 -0.17804559595959593
v 0.1439152502553166 -0.061161742424242396 -0.16458713131313127
v 0.14733642424242427 -0.061161742424242396 -0.16934079293838658
v 0.13584751193420158 -0.061161742424242396 -0.1511286666666666
v 0.16136846464646476 -0.061161742424242396 -0.20807796692461406
v 0.16136846464646476 -0.06266342779638152 -0.20496252525252523
v 0.16136846464646476 -0.06313504370937635 -0.19150406060606057
v 0.1596211162947194 -0.061161742424242396 -0.17804559595959593
v 0.16136846464646476 -0.061161742424242396 -0.1792495799138142
v 0.1754005050505051 -0.061161742424242396 -0.20715550955776652
v 0.1754005050505051 -0.06216227625250274 -0.20496252525252523
v 0.1754005050505051 -0.06265421822939839 -0.19150406060606057
v 0.1754005050505051 -0.061161742424242396 -0.18214116421015358
v 0.1894325454545456 -0.061161742424242396 -0.207102154337541
v 0.1894325454545456 -0.062118359436747886 -0.20496252525252523
v 0.1894325454545456 -0.06230921800372381 -0.19150406060606057
v 0.1894325454545456 -0.061161742424242396 -0.18308632827390203
v 0.20346458585858596 -0.061161742424242396 -0.20778686471781666
v 0.20346458585858596 -0.06227865888130653 -0.20496252525252523
v 0.20346458585858596 -0.062117201418196634 -0.19150406060606057
v 0.20346458585858596 -0.061161742424242396 -0.18241673077792503
v 0.20214515775972897 -0.061161742424242396 -0.12421173737373728
v 0.20346458585858596 -0.061161742424242396 -0.13290332286821516
v 0.20346458585858596 -0.06136786750259893 -0.12421173737373728
v 0.20346458585858596 -0.061161742424242396 -0.12322442306464394
v 0.21749662626262628 -0.061161742424242396 -0.2061307217501925
v 0.21749662626262628 -0.06159884549027211 -0.20496252525252523
v 0.21749662626262628 -0.06151289463619025 -0.19150406060606057
v 0.21749662626262628 -0.061161742424242396 -0.18745576422107152
v 0.21749169003430832 -0.061161742424242396 -0.1511286666666666
v 0.21749662626262628 -0.061161742424242396 -0.15113366646221604
v 0.21749662626262628 -0.06116215486589578 -0.1511286666666666
v 0.2043908357662991 -0.061161742424242396 -0.13767020202020194
v 0.21749662626262628 -0.06261866989314165 -0.13767020202020194
v 0.21749662626262628 -0.062274693095430225 -0.12421173737373728
v 0.21749662626262628 -0.061161742424242396 -0.12191233685508361
v 0.23152866666666677 -0.061161742424242396 -0.20509095736761895
v 0.23152866666666677 -0.06121720534369905 -0.20496252525252523
v 0.22696730036427476 -0.061161742424242396 -0.19150406060606057
v 0.23152866666666677 -0.061161742424242396 -0.20073264443013242
v 0.21750242774897144 -0.061161742424242396 -0.1511286666666666
v 0.23143945815732875 -0.061161742424242396 -0.13767020202020194
v 0.2212107049731368 -0.061161742424242396 -0.12421173737373728
v 0.2340437193007352 -0.061161742424242396 -0.20496252525252523
v -0.3317789510735092 -0.05573949999999997 -0.21842098989898984
v -0.3297529494949495 -0.05573949999999997 -0.2231434918033589
v -0.3297529494949495 -0.05782501800606045 -0.21842098989898984
v -0.33142947896264296 -0.05573949999999997 -0.20496252525252523
v -0.3297529494949495 -0.05818862997349042 -0.20496252525252523
v -0.33125787470098944 -0.05573949999999997 -0.19150406060606057
v -0.3297529494949495 -0.05812196438419322 -0.19150406060606057
v -0.3310565712758696 -0.05573949999999997 -0.17804559595959593
v -0.3297529494949495 -0.057862711532229744 -0.17804559595959593
v -0.32998876257136517 -0.05573949999999997 -0.16458713131313127
v -0.3297529494949495 -0.05604862938112454 -0.16458713131313127
v -0.3297529494949495 -0.05573949999999997 -0.1641159744453702
v -0.31572090909090905 -0.05573949999999997 -0.22424236435333633
v -0.31572090909090905 -0.05980181731325932 -0.21842098989898984
v -0.31572090909090905 -0.061009616681127726 -0.20496252525252523
v -0.31572090909090905 -0.06089181027794148 -0.19150406060606057
v -0.31572090909090905 -0.060244756557750904 -0.17804559595959593
v -0.31572090909090905 -0.05942347719267854 -0.16458713131313127
v -0.31572090909090905 -0.05573949999999997 -0.15681389445282015
v -0.3016888686868686 -0.05573949999999997 -0.2234308138769793
v -0.3016888686868686 -0.05981932031501202 -0.21842098989898984
v -0.3016888686868686 -0.06105871291349091 -0.20496252525252523
v -0.3016888686868686 -0.05991511901376954 -0.19150406060606057
v -0.3016888686868686 -0.057638875019311496 -0.17804559595959593
v -0.3052677758045104 -0.05573949999999997 -0.16458713131313127
v -0.3016888686868686 -0.05573949999999997 -0.1727947798707432
v -0.2876568282828283 -0.05573949999999997 -0.2229129280136103
v -0.2876568282828283 -0.05987957736487627 -0.21842098989898984
v -0.2876568282828283 -0.0590608552523404 -0.19150406060606057
v -0.2905956081856853 -0.05573949999999997 -0.17804559595959593
v -0.2876568282828283 -0.05573949999999997 -0.180161625157725
v -0.27362478787878786 -0.05573949999999997 -0.22254097509707751
v -0.27362478787878786 -0.05988580180409833 -0.21842098989898984
v -0.27362478787878786 -0.06011991038501776 -0.19150406060606057
v -0.274623255161811 -0.05573949999999997 -0.17804559595959593
v -0.27362478787878786 -0.05579013571524105 -0.17804559595959593
v -0.27362478787878786 -0.05573949999999997 -0.17792934327226598
v -0.2595927474747475 -0.05573949999999997 -0.22214023771872993
v -0.2595927474747475 -0.06003703962254254 -0.21842098989898984
v -0.2595927474747475 -0.06115107298156251 -0.19150406060606057
v -0.2595927474747475 -0.058031575249132744 -0.17804559595959593
v -0.2595927474747475 -0.05573949999999997 -0.1666870347480511
v -0.24556070707070704 -0.05573949999999997 -0.22115327748607924
v -0.24556070707070704 -0.05912258516889397 -0.21842098989898984
v -0.24556070707070704 -0.060486194124205014 -0.17804559595959593
v -0.2582954951719078 -0.05573949999999997 -0.16458713131313127
v -0.24556070707070704 -0.059360539784179114 -0.16458713131313127
v -0.2537428214352686 -0.05573949999999997 -0.1511286666666666
v -0.24556070707070704 -0.05932588149537126 -0.1511286666666666
v -0.24970844684106946 -0.05573949999999997 -0.13767020202020194
v -0.24556070707070704 -0.05859721291471709 -0.13767020202020194
v -0.24556070707070704 -0.05573949999999997 -0.13390871912986377
v -0.23152866666666663 -0.05573949999999997 -0.22053053247343568
v -0.23152866666666663 -0.05835759759942359 -0.21842098989898984
v -0.2379881065429426 -0.05573949999999997 -0.12421173737373728
v -0.23152866666666663 -0.060275722005798206 -0.12421173737373728
v -0.23152866666666663 -0.05573949999999997 -0.1185218979659097
v -0.2174966262626262 -0.05573949999999997 -0.22089376685104295
v -0.2174966262626262 -0.05896092858120661 -0.21842098989898984
v -0.22105934402507685 -0.05573949999999997 -0.1107532727272727
v -0.2174966262626262 -0.0584734080288779 -0.1107532727272727
v -0.2174966262626262 -0.05573949999999997 -0.10828902672108112
v -0.2034645858585858 -0.05573949999999997 -0.22082141851210071
v -0.2034645858585858 -0.05881991642458095 -0.21842098989898984
v -0.2034645858585858 -0.060613320089958615 -0.1107532727272727
v -0.2046925768691111 -0.05573949999999997 -0.09729480808080804
v -0.2034645858585858 -0.05726600119966786 -0.09729480808080804
v -0.2034645858585858 -0.05573949999999997 -0.09422584477086489
v -0.18943254545454544 -0.05573949999999997 -0.22080453747439657
v -0.18943254545454544 -0.05879830302463994 -0.21842098989898984
v -0.18943254545454544 -0.06113965611293942 -0.13767020202020194
v -0.18943254545454544 -0.06099068403802774 -0.12421173737373728
v -0.18943254545454544 -0.06028035668559531 -0.1107532727272727
v -0.18943254545454544 -0.0592333543767298 -0.09729480808080804
v -0.19282227077561648 -0.05573949999999997 -0.08383634343434337
v -0.18943254545454544 -0.05803108597625446 -0.08383634343434337
v -0.18977934500488547 -0.05573949999999997 -0.07037787878787874
v -0.18943254545454544 -0.056337194993160325 -0.07037787878787874
v -0.18943254545454544 -0.05573949999999997 -0.06033783772580152
v -0.1894633424751963 -0.05573949999999997 -0.043460949494949414
v -0.18943254545454544 -0.05573949999999997 -0.04791555586197244
v -0.18943254545454544 -0.05580629893494697 -0.043460949494949414
v -0.18943254545454544 -0.05573949999999997 -0.04317084201670489
v -0.17540050505050503 -0.05573949999999997 -0.22119334955205813
v -0.17540050505050503 -0.059340141006393766 -0.21842098989898984
v -0.17540050505050503 -0.05840926377387313 -0.13767020202020194
v -0.17540050505050503 -0.057275351473684434 -0.12421173737373728
v -0.17540050505050503 -0.05684515094918011 -0.1107532727272727
v -0.17540050505050503 -0.056930913705807246 -0.09729480808080804
v -0.17540050505050503 -0.05703711956908386 -0.08383634343434337
v -0.17540050505050503 -0.0571236291909593 -0.07037787878787874
v -0.18720032685254492 -0.05573949999999997 -0.056919414141414076
v -0.17540050505050503 -0.05763515991611269 -0.056919414141414076
v -0.17540050505050503 -0.05801316464967363 -0.043460949494949414
v -0.1773179538982599 -0.05573949999999997 -0.03000248484848482
v -0.17540050505050503 -0.05679744840876477 -0.03000248484848482
v -0.17600436608532852 -0.05573949999999997 -0.01654402020202017
v -0.17540050505050503 -0.05619262198589635 -0.01654402020202017
v -0.17540050505050503 -0.05573949999999997 -0.003549372846429588
v -0.16136846464646462 -0.05573949999999997 -0.22167470755307753
v -0.16136846464646462 -0.05993879123451173 -0.21842098989898984
v -0.16136846464646462 -0.06035025046339138 -0.1511286666666666
v -0.16136846464646462 -0.05731793450616093 -0.13767020202020194
v -0.1674949494872805 -0.05573949999999997 -0.12421173737373728
v -0.16136846464646462 -0.05573949999999997 -0.13142762581032325
v -0.17071056559906606 -0.05573949999999997 -0.1107532727272727
v -0.17070020750726703 -0.05573949999999997 -0.09729480808080804
v -0.17024181563089302 -0.05573949999999997 -0.08383634343434337
v -0.16982124073488303 -0.05573949999999997 -0.07037787878787874
v -0.16802591333077066 -0.05573949999999997 -0.056919414141414076
v -0.16722956949344056 -0.05573949999999997 -0.043460949494949414
v -0.1707885266507267 -0.05573949999999997 -0.03000248484848482
v -0.173205377668939 -0.05573949999999997 -0.01654402020202017
v -0.14733642424242419 -0.05573949999999997 -0.22229702525080125
v -0.14733642424242419 -0.06084543826430799 -0.21842098989898984
v -0.14733642424242419 -0.05573949999999997 -0.12423301127574099
v -0.13330438383838378 -0.05573949999999997 -0.22267616771418453
v -0.14732563331523732 -0.05573949999999997 -0.12421173737373728
v -0.1398347504323601 -0.05573949999999997 -0.1107532727272727
v -0.13330438383838378 -0.05573949999999997 -0.09944710657705512
v -0.11927234343434336 -0.05573949999999997 -0.2234786075898294
v -0.13271810249663996 -0.05573949999999997 -0.09729480808080804
v -0.1273951523250937 -0.05573949999999997 -0.08383634343434337
v -0.12104192997182957 -0.05573949999999997 -0.07037787878787874
v -0.11927234343434336 -0.06049785135143124 -0.07037787878787874
v -0.11927234343434336 -0.05573949999999997 -0.06719546709269622
v -0.10524030303030302 -0.05573949999999997 -0.2242306155131342
v -0.11623604995020284 -0.05573949999999997 -0.056919414141414076
v -0.11216257282189268 -0.05573949999999997 -0.043460949494949414
v -0.10814392708861853 -0.05573949999999997 -0.03000248484848482
v -0.1057991149634235 -0.05573949999999997 -0.01654402020202017
v -0.10839605809679216 -0.05573949999999997 -0.003085555555555508
v -0.11299447850425802 -0.05573949999999997 0.010372909090909148
v -0.11571518251168099 -0.05573949999999997 0.023831373737373804
v -0.11892755542513873 -0.05573949999999997 0.03728983838383847
v -0.11709174762282291 -0.05573949999999997 0.050748303030303046
v -0.1163162128468415 -0.05573949999999997 0.06420676767676771
v -0.11455831842652245 -0.05573949999999997 0.07766523232323236
v -0.10833919846229989 -0.05573949999999997 0.0911236969696971
v -0.10524030303030302 -0.05573949999999997 0.09480248856101843
v -0.0912082626262626 -0.05573949999999997 -0.22528896725371947
v -0.09829305786541127 -0.05573949999999997 0.10458216161616168
v -0.0912082626262626 -0.05573949999999997 0.11761239870954711
v -0.0912082626262626 -0.058844690605374596 0.11804062626262626
v -0.07717622222222219 -0.05573949999999997 -0.22548714951812948
v -0.09095150483276951 -0.05573949999999997 0.11804062626262626
v -0.08635858454923062 -0.05573949999999997 0.131499090909091
v -0.0834581725391619 -0.05573949999999997 0.14495755555555556
v -0.08059288043641476 -0.05573949999999997 0.1584160202020203
v -0.0776416137520057 -0.05573949999999997 0.1718744848484849
v -0.07717622222222219 -0.05573949999999997 0.17353636949230217
v -0.06314418181818177 -0.05573949999999997 -0.22617710740807323
v -0.07466140634447703 -0.05573949999999997 0.1853329494949495
v -0.07220437843878981 -0.05573949999999997 0.1987914141414142
v -0.07278501586907898 -0.05573949999999997 0.2122498787878788
v -0.07239554998229679 -0.05573949999999997 0.22570834343434354
v -0.07044709594470921 -0.05573949999999997 0.23916680808080812
v -0.06944094425360783 -0.05573949999999997 0.25262527272727286
v -0.0687677808570282 -0.05573949999999997 0.2660837373737375
v -0.06858637293567021 -0.05573949999999997 0.279542202020202
v -0.06752914317988812 -0.05573949999999997 0.29300066666666674
v -0.0646672578801339 -0.05573949999999997 0.3064591313131313
v -0.06314418181818177 -0.059466183999374256 0.3064591313131313
v -0.06314418181818177 -0.05573949999999997 0.3107638746222006
v -0.049112141414141344 -0.05573949999999997 -0.22639784742487254
v -0.05840484052119795 -0.05573949999999997 0.31991759595959607
v -0.055456690109321576 -0.05573949999999997 0.3333760606060607
v -0.055360657277179016 -0.05573949999999997 0.3468345252525254
v -0.05273889390838278 -0.05573949999999997 0.36029298989898995
v -0.049112141414141344 -0.05573949999999997 0.3665205824313361
v -0.03508010101010093 -0.05573949999999997 -0.22651335323734617
v -0.042483198524128823 -0.05573949999999997 0.37375145454545455
v -0.03508010101010093 -0.05573949999999997 0.3842956560598545
v -0.021048060606060588 -0.05573949999999997 -0.22705819807080274
v -0.03185819738201225 -0.05573949999999997 0.38720991919191927
v -0.021048060606060588 -0.05573949999999997 0.39457291480622453
v -0.00701602020202017 -0.05573949999999997 -0.22699160362577633
v -0.00701602020202017 -0.05999475644974629 -0.21842098989898984
v -0.00701602020202017 -0.05573949999999997 0.3992484260549854
v 0.007016020202020247 -0.05573949999999997 -0.2270113645658982
v 0.007016020202020247 -0.05998991173166262 -0.21842098989898984
v 0.007016020202020247 -0.05573949999999997 0.39934648155298363
v 0.021048060606060744 -0.05573949999999997 -0.22673785728481152
v 0.021048060606060744 -0.05573949999999997 0.39491337991698044
v 0.03508010101010108 -0.05573949999999997 -0.22656395177880786
v 0.03221787178215515 -0.05573949999999997 0.38720991919191927
v 0.03508010101010108 -0.05573949999999997 0.38459272128780786
v 0.04911214141414143 -0.05573949999999997 -0.2263514455359255
v 0.04257367078967132 -0.05573949999999997 0.37375145454545455
v 0.04911214141414143 -0.05573949999999997 0.3663065571790672
v 0.06314418181818192 -0.05573949999999997 -0.22558664675928491
v 0.06314418181818192 -0.059522297026172746 0.3064591313131313
v 0.05847206089976293 -0.05573949999999997 0.31991759595959607
v 0.06314418181818192 -0.05573949999999997 0.31095941236041197
v 0.05533634109327665 -0.05573949999999997 0.3333760606060607
v 0.05514485669585388 -0.05573949999999997 0.3468345252525254
v 0.052803536635900664 -0.05573949999999997 0.36029298989898995
v 0.07717622222222226 -0.05573949999999997 -0.22520400402529328
v 0.07717622222222226 -0.058954923567646984 0.1718744848484849
v 0.07441023006759527 -0.05573949999999997 0.1853329494949495
v 0.07717622222222226 -0.05573949999999997 0.1723929010155764
v 0.07235617104025162 -0.05573949999999997 0.1987914141414142
v 0.0728609525128402 -0.05573949999999997 0.2122498787878788
v 0.0721981626574592 -0.05573949999999997 0.22570834343434354
v 0.07036257867654759 -0.05573949999999997 0.23916680808080812
v 0.06922139024809662 -0.05573949999999997 0.25262527272727286
v 0.06890500591370688 -0.05573949999999997 0.2660837373737375
v 0.06864184215161087 -0.05573949999999997 0.279542202020202
v 0.06748803180111583 -0.05573949999999997 0.29300066666666674
v 0.0647124206172058 -0.05573949999999997 0.3064591313131313
v 0.09120826262626276 -0.05573949999999997 -0.22445617236479687
v 0.09111845199510116 -0.05573949999999997 0.11804062626262626
v 0.09120826262626276 -0.05573949999999997 0.11788536767429221
v 0.09120826262626276 -0.05824303192755553 0.11804062626262626
v 0.08619601437502819 -0.05573949999999997 0.131499090909091
v 0.08324867885706183 -0.05573949999999997 0.14495755555555556
v 0.08042486466345077 -0.05573949999999997 0.1584160202020203
v 0.07732004627981989 -0.05573949999999997 0.1718744848484849
v 0.1052403030303031 -0.05573949999999997 -0.22339853000286986
v 0.10440889658309761 -0.05573949999999997 -0.03000248484848482
v 0.1052403030303031 -0.05573949999999997 -0.03673442383262472
v 0.10444783299865296 -0.05573949999999997 -0.01654402020202017
v 0.1052403030303031 -0.05968380695236417 -0.01654402020202017
v 0.1052403030303031 -0.05573949999999997 -0.01307282499081184
v 0.0980948223449145 -0.05573949999999997 0.10458216161616168
v 0.1052403030303031 -0.05573949999999997 0.09436209981112473
v 0.11927234343434344 -0.05573949999999997 -0.22263190496085042
v 0.11927234343434344 -0.061096771946691227 -0.21842098989898984
v 0.11832752561082927 -0.05573949999999997 -0.08383634343434337
v 0.11927234343434344 -0.05573949999999997 -0.08803498090009644
v 0.11481185641765951 -0.05573949999999997 -0.07037787878787874
v 0.11096902327164998 -0.05573949999999997 -0.056919414141414076
v 0.1069248528280961 -0.05573949999999997 -0.043460949494949414
v 0.10846300952346746 -0.05573949999999997 -0.003085555555555508
v 0.11323854576254372 -0.05573949999999997 0.010372909090909148
v 0.11617139726821098 -0.05573949999999997 0.023831373737373804
v 0.11927234343434344 -0.05573949999999997 0.037141488828894384
v 0.11927234343434344 -0.05580819249428233 0.03728983838383847
v 0.11668806319486534 -0.05573949999999997 0.050748303030303046
v 0.11927234343434344 -0.05573949999999997 0.03733664956685896
v 0.11571584207169942 -0.05573949999999997 0.06420676767676771
v 0.11435370762677713 -0.05573949999999997 0.07766523232323236
v 0.10773304838942345 -0.05573949999999997 0.0911236969696971
v 0.13330438383838394 -0.05573949999999997 -0.2219626894179947
v 0.13330438383838394 -0.0605298036479888 -0.21842098989898984
v 0.13330438383838394 -0.057516825912713086 -0.13767020202020194
v 0.13111438903850856 -0.05573949999999997 -0.12421173737373728
v 0.13330438383838394 -0.05573949999999997 -0.1331720622730014
v 0.12733799357448813 -0.05573949999999997 -0.1107532727272727
v 0.12294543188502499 -0.05573949999999997 -0.09729480808080804
v 0.11936876727911445 -0.05573949999999997 0.03728983838383847
v 0.14733642424242427 -0.05573949999999997 -0.22118564667035293
v 0.14733642424242427 -0.05937773990855843 -0.21842098989898984
v 0.14733642424242427 -0.05949505542300207 -0.16458713131313127
v 0.14385433252878263 -0.05573949999999997 -0.1511286666666666
v 0.14733642424242427 -0.05573949999999997 -0.1555023380295925
v 0.1354146761987785 -0.05573949999999997 -0.13767020202020194
v 0.16136846464646476 -0.05573949999999997 -0.22069159823195697
v 0.16136846464646476 -0.05863625250956224 -0.21842098989898984
v 0.16136846464646476 -0.060867233163819076 -0.17804559595959593
v 0.16136846464646476 -0.05640030738869646 -0.16458713131313127
v 0.16136846464646476 -0.05573949999999997 -0.1626399787967286
v 0.1754005050505051 -0.05573949999999997 -0.22059626304864713
v 0.1754005050505051 -0.0585717819748543 -0.21842098989898984
v 0.1754005050505051 -0.06020301519528656 -0.17804559595959593
v 0.1754005050505051 -0.056253548010403845 -0.16458713131313127
v 0.1754005050505051 -0.05573949999999997 -0.16228547512744015
v 0.17524459175594587 -0.05573949999999997 -0.043460949494949414
v 0.1754005050505051 -0.05573949999999997 -0.04434101748267628
v 0.1754005050505051 -0.05577932366040568 -0.043460949494949414
v 0.1754005050505051 -0.05573949999999997 -0.04070721828441355
v 0.1742756793636948 -0.05573949999999997 -0.01654402020202017
v 0.1754005050505051 -0.05573949999999997 -0.025691129040282458
v 0.1754005050505051 -0.05599848516447756 -0.01654402020202017
v 0.1754005050505051 -0.05573949999999997 -0.011656047001144773
v 0.1894325454545456 -0.05573949999999997 -0.22070601481206598
v 0.1894325454545456 -0.058591392986144596 -0.21842098989898984
v 0.1894325454545456 -0.060203772139860195 -0.17804559595959593
v 0.1894325454545456 -0.05749529875065698 -0.16458713131313127
v 0.1854542768058399 -0.05573949999999997 -0.1511286666666666
v 0.1894325454545456 -0.056581950975975036 -0.1511286666666666
v 0.18547742557032612 -0.05573949999999997 -0.13767020202020194
v 0.1894325454545456 -0.05693119633410142 -0.13767020202020194
v 0.18361633029204016 -0.05573949999999997 -0.12421173737373728
v 0.1894325454545456 -0.05774499229792578 -0.12421173737373728
v 0.1820238245106936 -0.05573949999999997 -0.1107532727272727
v 0.1894325454545456 -0.05797190637547233 -0.1107532727272727
v 0.1806396722558804 -0.05573949999999997 -0.09729480808080804
v 0.1894325454545456 -0.05765638584071166 -0.09729480808080804
v 0.17906916369396605 -0.05573949999999997 -0.08383634343434337
v 0.1894325454545456 -0.05713767120001285 -0.08383634343434337
v 0.18187208110184336 -0.05573949999999997 -0.07037787878787874
v 0.1894325454545456 -0.05609405176182472 -0.07037787878787874
v 0.1894325454545456 -0.05573949999999997 -0.06841335079862257
v 0.17556555034004984 -0.05573949999999997 -0.043460949494949414
v 0.17576961665914154 -0.05573949999999997 -0.01654402020202017
v 0.20346458585858596 -0.05573949999999997 -0.22101549047797273
v 0.20346458585858596 -0.05917094684342214 -0.21842098989898984
v 0.20346458585858596 -0.06055865563429371 -0.17804559595959593
v 0.20346458585858596 -0.059229390073993075 -0.16458713131313127
v 0.20346458585858596 -0.059585269366068914 -0.1511286666666666
v 0.20346458585858596 -0.06100609475434181 -0.13767020202020194
v 0.20346458585858596 -0.05958011265019728 -0.1107532727272727
v 0.20346458585858596 -0.05601596317444446 -0.09729480808080804
v 0.19140947391920282 -0.05573949999999997 -0.08383634343434337
v 0.20346458585858596 -0.05573949999999997 -0.09675146256565569
v 0.18963775279325998 -0.05573949999999997 -0.07037787878787874
v 0.21749662626262628 -0.05573949999999997 -0.22093593825021676
v 0.21749662626262628 -0.05895253508722402 -0.21842098989898984
v 0.21749662626262628 -0.06015130315921166 -0.17804559595959593
v 0.21749662626262628 -0.05972920775613196 -0.16458713131313127
v 0.21749662626262628 -0.05836930710054519 -0.1107532727272727
v 0.2036856847010974 -0.05573949999999997 -0.09729480808080804
v 0.21749662626262628 -0.05573949999999997 -0.10833434347085212
v 0.23152866666666677 -0.05573949999999997 -0.22019210205479078
v 0.23152866666666677 -0.05788653372221554 -0.21842098989898984
v 0.23152866666666677 -0.06100213041863954 -0.19150406060606057
v 0.23152866666666677 -0.05935531111302247 -0.17804559595959593
v 0.23152866666666677 -0.058743014216515115 -0.16458713131313127
v 0.23152866666666677 -0.0604318112113721 -0.1511286666666666
v 0.23152866666666677 -0.06115639831354246 -0.13767020202020194
v 0.23152866666666677 -0.059866508108518755 -0.12421173737373728
v 0.22118908124553538 -0.05573949999999997 -0.1107532727272727
v 0.23152866666666677 -0.05573949999999997 -0.11870908198685387
v 0.24556070707070712 -0.05573949999999997 -0.22070010740515164
v 0.24556070707070712 -0.0585268865990388 -0.21842098989898984
v 0.24556070707070712 -0.06093552092668572 -0.20496252525252523
v 0.24556070707070712 -0.060166675691753435 -0.19150406060606057
v 0.24556070707070712 -0.05775477709506496 -0.17804559595959593
v 0.24556070707070712 -0.05645876993276804 -0.16458713131313127
v 0.24556070707070712 -0.05696130287316862 -0.1511286666666666
v 0.24556070707070712 -0.05691333406353237 -0.13767020202020194
v 0.23763994385655884 -0.05573949999999997 -0.12421173737373728
v 0.24556070707070712 -0.05573949999999997 -0.1360390802856082
v 0.25959274747474764 -0.05573949999999997 -0.2211540495513869
v 0.25959274747474764 -0.05880077459332809 -0.21842098989898984
v 0.25959274747474764 -0.06062605985993355 -0.20496252525252523
v 0.25959274747474764 -0.05910738694453641 -0.19150406060606057
v 0.2587672585042521 -0.05573949999999997 -0.17804559595959593
v 0.25959274747474764 -0.05573949999999997 -0.1784633227698412
v 0.24812746273429104 -0.05573949999999997 -0.16458713131313127
v 0.24831557765968948 -0.05573949999999997 -0.1511286666666666
v 0.24715532442456015 -0.05573949999999997 -0.13767020202020194
v 0.27362478787878797 -0.05573949999999997 -0.2215050676380966
v 0.27362478787878797 -0.058814163734634675 -0.21842098989898984
v 0.27362478787878797 -0.06051590046600466 -0.20496252525252523
v 0.27362478787878797 -0.05826395562582392 -0.19150406060606057
v 0.27362478787878797 -0.05573949999999997 -0.1836178939132988
v 0.28765682828282846 -0.05573949999999997 -0.22227410994646263
v 0.28765682828282846 -0.059312465118476036 -0.21842098989898984
v 0.28765682828282846 -0.06049610997957925 -0.20496252525252523
v 0.28765682828282846 -0.058176324353254254 -0.19150406060606057
v 0.28765682828282846 -0.05573949999999997 -0.18353024490629774
v 0.3016888686868688 -0.05573949999999997 -0.22290416101588062
v 0.3016888686868688 -0.05952587481138949 -0.21842098989898984
v 0.3016888686868688 -0.060791171195010665 -0.20496252525252523
v 0.3016888686868688 -0.05939854934636059 -0.19150406060606057
v 0.2948216879553497 -0.05573949999999997 -0.17804559595959593
v 0.3016888686868688 -0.05715586908335523 -0.17804559595959593
v 0.3016888686868688 -0.05573949999999997 -0.17419860385848024
v 0.31572090909090916 -0.05573949999999997 -0.22331082017771506
v 0.31572090909090916 -0.0595754876353901 -0.21842098989898984
v 0.31572090909090916 -0.060773656697464824 -0.20496252525252523
v 0.31572090909090916 -0.060621179829806554 -0.19150406060606057
v 0.31572090909090916 -0.0601488197197053 -0.17804559595959593
v 0.3056870372191632 -0.05573949999999997 -0.16458713131313127
v 0.31572090909090916 -0.0594946819351158 -0.16458713131313127
v 0.31572090909090916 -0.05573949999999997 -0.15618238154373587
v 0.32975294949494965 -0.05573949999999997 -0.2216252820064477
v 0.32975294949494965 -0.05731261484502735 -0.21842098989898984
v 0.32975294949494965 -0.058025738574501336 -0.20496252525252523
v 0.32975294949494965 -0.057925663326909065 -0.19150406060606057
v 0.32975294949494965 -0.05797913149852854 -0.17804559595959593
v 0.32975294949494965 -0.05661709040693541 -0.16458713131313127
v 0.32975294949494965 -0.05573949999999997 -0.1632055554013762
v 0.3313081108043402 -0.05573949999999997 -0.21842098989898984
v 0.33131879182236496 -0.05573949999999997 -0.20496252525252523
v 0.33113195349031244 -0.05573949999999997 -0.19150406060606057
v 0.3311387743285917 -0.05573949999999997 -0.17804559595959593
v 0.33042690017409204 -0.05573949999999997 -0.16458713131313127
v -0.33660944235390616 -0.05031725757575754 -0.2318794545454545
v -0.3297529494949495 -0.05031725757575754 -0.23416032863774652
v -0.3297529494949495 -0.053182066710678405 -0.2318794545454545
v -0.3360040521558826 -0.05031725757575754 -0.21842098989898984
v -0.33403786899531357 -0.05031725757575754 -0.20496252525252523
v -0.3336801919328896 -0.05031725757575754 -0.19150406060606057
v -0.3329259345944464 -0.05031725757575754 -0.17804559595959593
v -0.33457163173888177 -0.05031725757575754 -0.16458713131313127
v -0.3302637111586533 -0.05031725757575754 -0.1511286666666666
v -0.3297529494949495 -0.05091435471206132 -0.1511286666666666
v -0.3297529494949495 -0.05031725757575754 -0.15077758707237324
v -0.31572090909090905 -0.05031725757575754 -0.23332598881405828
v -0.31572090909090905 -0.05275822356208007 -0.2318794545454545
v -0.31572090909090905 -0.05450397655768128 -0.1511286666666666
v -0.31572090909090905 -0.05031725757575754 -0.14858474599242957
v -0.3016888686868686 -0.05031725757575754 -0.2328702337017907
v -0.3016888686868686 -0.05194510151763327 -0.2318794545454545
v -0.3016888686868686 -0.05355421498913015 -0.16458713131313127
v -0.30547772481978325 -0.05031725757575754 -0.1511286666666666
v -0.3016888686868686 -0.05031725757575754 -0.15979359590864206
v -0.2876568282828283 -0.05031725757575754 -0.2325856735450641
v -0.2876568282828283 -0.051637117654531405 -0.2318794545454545
v -0.2876568282828283 -0.055098532737499775 -0.17804559595959593
v -0.28901300254755463 -0.05031725757575754 -0.16458713131313127
v -0.2876568282828283 -0.05031725757575754 -0.1660862940800696
v -0.27362478787878786 -0.05031725757575754 -0.2319286244650394
v -0.27362478787878786 -0.05040651913152567 -0.2318794545454545
v -0.28292351453551073 -0.05031725757575754 -0.16458713131313127
v -0.27362478787878786 -0.0512543649957336 -0.16458713131313127
v -0.27362478787878786 -0.05031725757575754 -0.16218940290296624
v -0.2595927474747475 -0.05031725757575754 -0.23209176118619068
v -0.2595927474747475 -0.050768700222178456 -0.2318794545454545
v -0.2595927474747475 -0.05540281338089862 -0.16458713131313127
v -0.2678136804327562 -0.05031725757575754 -0.1511286666666666
v -0.2595927474747475 -0.05374200159535091 -0.1511286666666666
v -0.26074420031677664 -0.05031725757575754 -0.13767020202020194
v -0.2595927474747475 -0.05115391657182337 -0.13767020202020194
v -0.2595927474747475 -0.05031725757575754 -0.13732566707821925
v -0.24944905141770118 -0.05031725757575754 -0.2318794545454545
v -0.24556070707070704 -0.05031725757575754 -0.231358113643166
v -0.24833429121230483 -0.05031725757575754 -0.12421173737373728
v -0.24556070707070704 -0.05363908786334884 -0.12421173737373728
v -0.24556070707070704 -0.05031725757575754 -0.12284564150202391
v -0.23152866666666663 -0.05031725757575754 -0.22745714043413273
v -0.23284467833203165 -0.05031725757575754 -0.1107532727272727
v -0.23152866666666663 -0.05332316170602481 -0.1107532727272727
v -0.23152866666666663 -0.05031725757575754 -0.10899883932415091
v -0.2174966262626262 -0.05031725757575754 -0.23024809838052138
v -0.2174966262626262 -0.05031725757575754 -0.10159253160985088
v -0.2034645858585858 -0.05031725757575754 -0.22949153028367483
v -0.21169061342462414 -0.05031725757575754 -0.09729480808080804
v -0.2057891925205259 -0.05031725757575754 -0.08383634343434337
v -0.2034645858585858 -0.05423098350570455 -0.08383634343434337
v -0.2034645858585858 -0.05031725757575754 -0.07842498495285828
v -0.18943254545454544 -0.05031725757575754 -0.22897107418803775
v -0.19325075140138329 -0.05031725757575754 -0.07037787878787874
v -0.19200766607954026 -0.05031725757575754 -0.056919414141414076
v -0.18943254545454544 -0.05564022036745954 -0.056919414141414076
v -0.19187416192465667 -0.05031725757575754 -0.043460949494949414
v -0.19097689533449022 -0.05031725757575754 -0.03000248484848482
v -0.18943254545454544 -0.05380177883213932 -0.03000248484848482
v -0.1912532766901489 -0.05031725757575754 -0.01654402020202017
v -0.18943254545454544 -0.05326748330027557 -0.01654402020202017
v -0.1901397267223697 -0.05031725757575754 -0.003085555555555508
v -0.18943254545454544 -0.051439977950705394 -0.003085555555555508
v -0.18943254545454544 -0.05031725757575754 -0.0006019327526462434
v -0.17540050505050503 -0.05031725757575754 -0.23040876893998075
v -0.17540050505050503 -0.0557279781629867 -0.003085555555555508
v -0.17994927660489762 -0.05031725757575754 0.010372909090909148
v -0.17540050505050503 -0.054909194258356574 0.010372909090909148
v -0.176940498128555 -0.05031725757575754 0.023831373737373804
v -0.17540050505050503 -0.05357242453578456 0.023831373737373804
v -0.17540050505050503 -0.05031725757575754 0.028752507701545936
v -0.16136846464646462 -0.05031725757575754 -0.2297468616211061
v -0.16136846464646462 -0.05342093639150576 -0.12421173737373728
v -0.16136846464646462 -0.05095923744563115 -0.1107532727272727
v -0.16161323641254172 -0.05031725757575754 -0.09729480808080804
v -0.16136846464646462 -0.05031725757575754 -0.1016595661089296
v -0.1615292841276013 -0.05031725757575754 -0.08383634343434337
v -0.1614067563833788 -0.05031725757575754 -0.07037787878787874
v -0.16136846464646462 -0.05031725757575754 -0.06971423389229157
v -0.16136846464646462 -0.05108005437167757 -0.056919414141414076
v -0.16136846464646462 -0.05102246277638767 -0.043460949494949414
v -0.1614993328769738 -0.05031725757575754 -0.03000248484848482
v -0.16136846464646462 -0.05031725757575754 -0.03289909818975654
v -0.16216781710210165 -0.05031725757575754 -0.01654402020202017
v -0.161881207384538 -0.05031725757575754 -0.003085555555555508
v -0.16136846464646462 -0.05031725757575754 0.0017665556831093776
v -0.16136846464646462 -0.05116731224303725 0.010372909090909148
v -0.16136846464646462 -0.053934857991454525 0.023831373737373804
v -0.16805444310932866 -0.05031725757575754 0.03728983838383847
v -0.16136846464646462 -0.05439311607733157 0.03728983838383847
v -0.16136846464646462 -0.05031725757575754 0.03982661038396092
v -0.15130201445753355 -0.05031725757575754 -0.2318794545454545
v -0.14733642424242419 -0.05031725757575754 -0.23201837580927986
v -0.14733642424242419 -0.05062696468966377 -0.2318794545454545
v -0.14733642424242419 -0.05572653619000515 -0.12421173737373728
v -0.15713022156746193 -0.05031725757575754 -0.1107532727272727
v -0.14733642424242419 -0.05031725757575754 -0.11501386601837087
v -0.16017898376512102 -0.05031725757575754 -0.056919414141414076
v -0.1603613953042204 -0.05031725757575754 -0.043460949494949414
v -0.1599414048017676 -0.05031725757575754 0.010372909090909148
v -0.15264232765977329 -0.05031725757575754 0.023831373737373804
v -0.14733642424242419 -0.05031725757575754 0.030854719416789946
v -0.14733642424242419 -0.051941660556283 0.03728983838383847
v -0.14733642424242419 -0.05031725757575754 0.0390113402516411
v -0.13330438383838378 -0.05031725757575754 -0.23191076696810162
v -0.13330438383838378 -0.05038525404699454 -0.2318794545454545
v -0.14494544011746907 -0.05031725757575754 -0.1107532727272727
v -0.13564831752310288 -0.05031725757575754 -0.09729480808080804
v -0.13330438383838378 -0.053547849241903596 -0.09729480808080804
v -0.13330438383838378 -0.05031725757575754 -0.09509913129249993
v -0.14336324236169046 -0.05031725757575754 0.03728983838383847
v -0.11927234343434336 -0.05031725757575754 -0.23202927514777935
v -0.11927234343434336 -0.050637335233844505 -0.2318794545454545
v -0.12861401418477936 -0.05031725757575754 -0.08383634343434337
v -0.12130092157347168 -0.05031725757575754 -0.07037787878787874
v -0.11927234343434336 -0.05031725757575754 -0.06739218022172914
v -0.10524030303030302 -0.05031725757575754 -0.23245675940908467
v -0.10524030303030302 -0.05159329374052966 -0.2318794545454545
v -0.11578723892368167 -0.05031725757575754 -0.056919414141414076
v -0.11107193203391835 -0.05031725757575754 -0.043460949494949414
v -0.1055642601487749 -0.05031725757575754 -0.03000248484848482
v -0.10524030303030302 -0.05031725757575754 -0.029252126621132038
v -0.10524030303030302 -0.05515026597816022 -0.01654402020202017
v -0.10524030303030302 -0.05198660847033736 -0.003085555555555508
v -0.1116248720870571 -0.05031725757575754 0.010372909090909148
v -0.10524030303030302 -0.05031725757575754 -0.0019141436688661431
v -0.11383333918781283 -0.05031725757575754 0.023831373737373804
v -0.11853929473484011 -0.05031725757575754 0.03728983838383847
v -0.11837857585232721 -0.05031725757575754 0.050748303030303046
v -0.11667437098196783 -0.05031725757575754 0.06420676767676771
v -0.11396752898141173 -0.05031725757575754 0.07766523232323236
v -0.1088987666999831 -0.05031725757575754 0.0911236969696971
v -0.10524030303030302 -0.05031725757575754 0.0944309745023203
v -0.0912082626262626 -0.05031725757575754 -0.23239090017416356
v -0.0912082626262626 -0.051358788893237035 -0.2318794545454545
v -0.10333286896544702 -0.05031725757575754 -0.01654402020202017
v -0.10466900603639107 -0.05031725757575754 -0.003085555555555508
v -0.09745348047210763 -0.05031725757575754 0.10458216161616168
v -0.0912082626262626 -0.05031725757575754 0.11559678122989586
v -0.07717622222222219 -0.05031725757575754 -0.2327818646482097
v -0.07717622222222219 -0.05227689805670373 -0.2318794545454545
v -0.08950617939318808 -0.05031725757575754 0.11804062626262626
v -0.08570020890259065 -0.05031725757575754 0.131499090909091
v -0.08446499328820105 -0.05031725757575754 0.14495755555555556
v -0.08228195823549479 -0.05031725757575754 0.1584160202020203
v -0.07779367282115417 -0.05031725757575754 0.1718744848484849
v -0.07717622222222219 -0.05031725757575754 0.1727341490408394
v -0.06314418181818177 -0.05031725757575754 -0.23278895532383664
v -0.06314418181818177 -0.052228166476565537 -0.2318794545454545
v -0.07201053285069181 -0.05031725757575754 0.1853329494949495
v -0.06880998949602517 -0.05031725757575754 0.1987914141414142
v -0.07247433494877421 -0.05031725757575754 0.2122498787878788
v -0.07146263153791527 -0.05031725757575754 0.22570834343434354
v -0.07047047928962981 -0.05031725757575754 0.23916680808080812
v -0.06956658010758389 -0.05031725757575754 0.25262527272727286
v -0.06934195459297855 -0.05031725757575754 0.2660837373737375
v -0.06970602173105259 -0.05031725757575754 0.279542202020202
v -0.06925470236388849 -0.05031725757575754 0.29300066666666674
v -0.06868253246572635 -0.05031725757575754 0.3064591313131313
v -0.06314418181818177 -0.05031725757575754 0.3161634221568027
v -0.049112141414141344 -0.05031725757575754 -0.2327789125391705
v -0.049112141414141344 -0.052143011440347255 -0.2318794545454545
v -0.05857843531716099 -0.05031725757575754 0.31991759595959607
v -0.05373519566021738 -0.05031725757575754 0.3333760606060607
v -0.0566392062386875 -0.05031725757575754 0.3468345252525254
v -0.05579197913018048 -0.05031725757575754 0.36029298989898995
v -0.049112141414141344 -0.05031725757575754 0.36856402565917495
v -0.03508010101010093 -0.05031725757575754 -0.23282198837651305
v -0.03508010101010093 -0.05217058808147307 -0.2318794545454545
v -0.04170214406857218 -0.05031725757575754 0.37375145454545455
v -0.035654445589770656 -0.05031725757575754 0.38720991919191927
v -0.03508010101010093 -0.0515957071485551 0.38720991919191927
v -0.03508010101010093 -0.05031725757575754 0.3876639358351286
v -0.021048060606060588 -0.05031725757575754 -0.23247253576467933
v -0.021048060606060588 -0.051162599775391567 -0.2318794545454545
v -0.021048060606060588 -0.05031725757575754 0.3956262412738322
v -0.01658748361777274 -0.05031725757575754 -0.2318794545454545
v -0.00701602020202017 -0.05031725757575754 -0.23121955239310785
v -0.012801008928091455 -0.05031725757575754 0.4006683838383839
v -0.00701602020202017 -0.054260252439333634 0.4006683838383839
v -0.00701602020202017 -0.05031725757575754 0.40493256449560056
v 0.007016020202020247 -0.05031725757575754 -0.23120307277996258
v 0.007016020202020247 -0.05458059094298774 0.4006683838383839
v 0.007016020202020247 -0.05031725757575754 0.4055553773606129
v 0.014598198136618324 -0.05031725757575754 -0.2318794545454545
v 0.021048060606060744 -0.05031725757575754 -0.23270974577061906
v 0.021048060606060744 -0.05159529673857536 -0.2318794545454545
v 0.013939427401241038 -0.05031725757575754 0.4006683838383839
v 0.021048060606060744 -0.05031725757575754 0.39602932533726765
v 0.03508010101010108 -0.05031725757575754 -0.2328580489879695
v 0.03508010101010108 -0.05222684968340324 -0.2318794545454545
v 0.03508010101010108 -0.052244000519363676 0.38720991919191927
v 0.03508010101010108 -0.05031725757575754 0.3878958757388961
v 0.04911214141414143 -0.05031725757575754 -0.23270941868669973
v 0.04911214141414143 -0.05190843996062133 -0.2318794545454545
v 0.041527892235922 -0.05031725757575754 0.37375145454545455
v 0.04911214141414143 -0.05031725757575754 0.367944127759943
v 0.03597146853259666 -0.05031725757575754 0.38720991919191927
v 0.06314418181818192 -0.05031725757575754 -0.23276685359615001
v 0.06314418181818192 -0.0522003967601019 -0.2318794545454545
v 0.05898385947304956 -0.05031725757575754 0.31991759595959607
v 0.06314418181818192 -0.05031725757575754 0.31665796198139456
v 0.05350134037862833 -0.05031725757575754 0.3333760606060607
v 0.05650083651360334 -0.05031725757575754 0.3468345252525254
v 0.05583800429833331 -0.05031725757575754 0.36029298989898995
v 0.07717622222222226 -0.05031725757575754 -0.23265334741487287
v 0.07717622222222226 -0.051985645961518064 -0.2318794545454545
v 0.07189158103513736 -0.05031725757575754 0.1853329494949495
v 0.07717622222222226 -0.05031725757575754 0.17221582854993076
v 0.06893176833216696 -0.05031725757575754 0.1987914141414142
v 0.07287223615770134 -0.05031725757575754 0.2122498787878788
v 0.07108113075166056 -0.05031725757575754 0.22570834343434354
v 0.07053712216819263 -0.05031725757575754 0.23916680808080812
v 0.06939658490819718 -0.05031725757575754 0.25262527272727286
v 0.06964768497055 -0.05031725757575754 0.2660837373737375
v 0.06964226919386958 -0.05031725757575754 0.279542202020202
v 0.06922101655427895 -0.05031725757575754 0.29300066666666674
v 0.06880346103655288 -0.05031725757575754 0.3064591313131313
v 0.09120826262626276 -0.05031725757575754 -0.23223571515870278
v 0.09120826262626276 -0.051053846703102604 -0.2318794545454545
v 0.0899288765831561 -0.05031725757575754 0.11804062626262626
v 0.09120826262626276 -0.05031725757575754 0.11612048955668328
v 0.08550798031964935 -0.05031725757575754 0.131499090909091
v 0.08423567524381334 -0.05031725757575754 0.14495755555555556
v 0.08201625488689497 -0.05031725757575754 0.1584160202020203
v 0.07742175013207873 -0.05031725757575754 0.1718744848484849
v 0.1052403030303031 -0.05031725757575754 -0.23229131574006598
v 0.1052403030303031 -0.05124622917927867 -0.2318794545454545
v 0.105176592331223 -0.05031725757575754 -0.043460949494949414
v 0.1052403030303031 -0.05031725757575754 -0.04376742745390787
v 0.1052403030303031 -0.050693702843755906 -0.043460949494949414
v 0.10278625185582609 -0.05031725757575754 -0.03000248484848482
v 0.10237784542637803 -0.05031725757575754 -0.01654402020202017
v 0.10519058267555458 -0.05031725757575754 -0.003085555555555508
v 0.1052403030303031 -0.05049955447525143 -0.003085555555555508
v 0.1052403030303031 -0.05031725757575754 -0.002986707165229625
v 0.09727633455926767 -0.05031725757575754 0.10458216161616168
v 0.1052403030303031 -0.05031725757575754 0.09447095730730173
v 0.11328825829408748 -0.05031725757575754 -0.2318794545454545
v 0.11927234343434344 -0.05031725757575754 -0.23017356804553762
v 0.11875414756779751 -0.05031725757575754 -0.08383634343434337
v 0.11927234343434344 -0.05031725757575754 -0.0859775705733245
v 0.11489003255248134 -0.05031725757575754 -0.07037787878787874
v 0.11038058444814453 -0.05031725757575754 -0.056919414141414076
v 0.11194409716939857 -0.05031725757575754 0.010372909090909148
v 0.11435148565503056 -0.05031725757575754 0.023831373737373804
v 0.11927234343434344 -0.05031725757575754 0.03663394395743251
v 0.11855064739723893 -0.05031725757575754 0.050748303030303046
v 0.11927234343434344 -0.05031725757575754 0.03974430466077364
v 0.11556606298158172 -0.05031725757575754 0.06420676767676771
v 0.11517317004324618 -0.05031725757575754 0.07766523232323236
v 0.10854331957421569 -0.05031725757575754 0.0911236969696971
v 0.13072642092746278 -0.05031725757575754 -0.2318794545454545
v 0.13330438383838394 -0.05031725757575754 -0.2319469572959291
v 0.13330438383838394 -0.05046880455054597 -0.2318794545454545
v 0.13270482076541162 -0.05031725757575754 -0.12421173737373728
v 0.13330438383838394 -0.05031725757575754 -0.12615032689074257
v 0.12895014467037125 -0.05031725757575754 -0.1107532727272727
v 0.12434735947291525 -0.05031725757575754 -0.09729480808080804
v 0.12128780079506195 -0.05031725757575754 0.03728983838383847
v 0.1366618508893815 -0.05031725757575754 -0.2318794545454545
v 0.14733642424242427 -0.05031725757575754 -0.23042686723686046
v 0.14733642424242427 -0.05259332310147623 -0.1511286666666666
v 0.14039521664946794 -0.05031725757575754 -0.13767020202020194
v 0.14733642424242427 -0.05031725757575754 -0.14763693330896563
v 0.1456901786490923 -0.05031725757575754 0.03728983838383847
v 0.14733642424242427 -0.05031725757575754 0.03482766138709523
v 0.14733642424242427 -0.05079601126250438 0.03728983838383847
v 0.14733642424242427 -0.05031725757575754 0.03778159145618008
v 0.16136846464646476 -0.05031725757575754 -0.22841657995128647
v 0.15829937402390548 -0.05031725757575754 -0.1511286666666666
v 0.16136846464646476 -0.05031725757575754 -0.1519495351987294
v 0.16112722768069465 -0.05031725757575754 0.010372909090909148
v 0.16136846464646476 -0.05031725757575754 0.009115958076801173
v 0.16136846464646476 -0.05044912946804138 0.010372909090909148
v 0.15314076175404936 -0.05031725757575754 0.023831373737373804
v 0.16136846464646476 -0.05359702430339202 0.023831373737373804
v 0.16136846464646476 -0.05416778116990297 0.03728983838383847
v 0.16136846464646476 -0.05031725757575754 0.03987064045262951
v 0.1754005050505051 -0.05031725757575754 -0.22935075965923857
v 0.16351934139686103 -0.05031725757575754 -0.1511286666666666
v 0.1754005050505051 -0.05250006767738151 -0.1511286666666666
v 0.17508600834040552 -0.05031725757575754 -0.13767020202020194
v 0.1754005050505051 -0.05043970676358697 -0.13767020202020194
v 0.1754005050505051 -0.05031725757575754 -0.1295683826954609
v 0.1732158020054253 -0.05031725757575754 -0.1107532727272727
v 0.1754005050505051 -0.05031725757575754 -0.12358306175660624
v 0.1754005050505051 -0.051463318180642426 -0.1107532727272727
v 0.17000278401393987 -0.05031725757575754 -0.09729480808080804
v 0.1754005050505051 -0.053120109886288076 -0.09729480808080804
v 0.16739182948901565 -0.05031725757575754 -0.08383634343434337
v 0.1754005050505051 -0.054551726451969124 -0.08383634343434337
v 0.16599596944177028 -0.05031725757575754 -0.07037787878787874
v 0.1754005050505051 -0.05502743715334257 -0.07037787878787874
v 0.16539718920508503 -0.05031725757575754 -0.056919414141414076
v 0.1754005050505051 -0.05507485447671469 -0.056919414141414076
v 0.164368528109202 -0.05031725757575754 -0.043460949494949414
v 0.16410555907016683 -0.05031725757575754 -0.03000248484848482
v 0.1754005050505051 -0.05561067161471418 -0.03000248484848482
v 0.16322615894799936 -0.05031725757575754 -0.01654402020202017
v 0.16276155451025745 -0.05031725757575754 -0.003085555555555508
v 0.1754005050505051 -0.055399820436634925 -0.003085555555555508
v 0.1754005050505051 -0.05457325337467774 0.010372909090909148
v 0.1754005050505051 -0.05351754271714448 0.023831373737373804
v 0.16765183112953766 -0.05031725757575754 0.03728983838383847
v 0.1754005050505051 -0.05031725757575754 0.0285723125470052
v 0.1894325454545456 -0.05031725757575754 -0.22793727207852646
v 0.17547338900829987 -0.05031725757575754 -0.12421173737373728
v 0.1894325454545456 -0.05446237502116009 -0.056919414141414076
v 0.1894325454545456 -0.054983658642512 -0.043460949494949414
v 0.1894325454545456 -0.05337325080048385 -0.03000248484848482
v 0.1894325454545456 -0.05365908477920228 -0.01654402020202017
v 0.1894325454545456 -0.05107690285260854 -0.003085555555555508
v 0.17958437912399697 -0.05031725757575754 0.010372909090909148
v 0.1894325454545456 -0.05031725757575754 -0.0014037963131007195
v 0.17695978848110944 -0.05031725757575754 0.023831373737373804
v 0.20346458585858596 -0.05031725757575754 -0.23107718228987692
v 0.20346458585858596 -0.053675442094326745 -0.08383634343434337
v 0.1930834812831744 -0.05031725757575754 -0.07037787878787874
v 0.20346458585858596 -0.05031725757575754 -0.07986381278791627
v 0.19146459489257014 -0.05031725757575754 -0.056919414141414076
v 0.1915621345409618 -0.05031725757575754 -0.043460949494949414
v 0.19081317151823263 -0.05031725757575754 -0.03000248484848482
v 0.19152338940774408 -0.05031725757575754 -0.01654402020202017
v 0.18989573551367114 -0.05031725757575754 -0.003085555555555508
v 0.21749662626262628 -0.05031725757575754 -0.23057137730489943
v 0.21065425996794862 -0.05031725757575754 -0.09729480808080804
v 0.21749662626262628 -0.05031725757575754 -0.10173594166710952
v 0.2054273510502413 -0.05031725757575754 -0.08383634343434337
v 0.23152866666666677 -0.05031725757575754 -0.2268731447212428
v 0.23152866666666677 -0.053770954205517606 -0.1107532727272727
v 0.23152866666666677 -0.05031725757575754 -0.10855516627479139
v 0.24556070707070712 -0.05031725757575754 -0.23083432880790847
v 0.24556070707070712 -0.0534000594873076 -0.12421173737373728
v 0.233315389710081 -0.05031725757575754 -0.1107532727272727
v 0.24556070707070712 -0.05031725757575754 -0.12300780552996993
v 0.25959274747474764 -0.05031725757575754 -0.23095134397094108
v 0.25959274747474764 -0.05561740122881628 -0.17804559595959593
v 0.25959274747474764 -0.0529053941646112 -0.16458713131313127
v 0.25959274747474764 -0.052031310714663964 -0.1511286666666666
v 0.25929729298863013 -0.05031725757575754 -0.13767020202020194
v 0.25959274747474764 -0.05031725757575754 -0.13951654642083333
v 0.24782745627536287 -0.05031725757575754 -0.12421173737373728
v 0.27362478787878797 -0.05031725757575754 -0.23165341616052249
v 0.27362478787878797 -0.05379856992004047 -0.17804559595959593
v 0.27040793769005633 -0.05031725757575754 -0.16458713131313127
v 0.27362478787878797 -0.05031725757575754 -0.16744313398928481
v 0.26405190448187915 -0.05031725757575754 -0.1511286666666666
v 0.27491069818771846 -0.05031725757575754 -0.2318794545454545
v 0.28765682828282846 -0.05031725757575754 -0.23235268139140453
v 0.28765682828282846 -0.05118829514819695 -0.2318794545454545
v 0.28765682828282846 -0.05383868975749718 -0.17804559595959593
v 0.28765682828282846 -0.05031725757575754 -0.16938492711811878
v 0.3016888686868688 -0.05031725757575754 -0.23266493034347552
v 0.3016888686868688 -0.05167263111293626 -0.2318794545454545
v 0.29175198617718656 -0.05031725757575754 -0.16458713131313127
v 0.3016888686868688 -0.05308146824245859 -0.16458713131313127
v 0.3016888686868688 -0.05031725757575754 -0.1607092937740473
v 0.31572090909090916 -0.05031725757575754 -0.23296854062018352
v 0.31572090909090916 -0.05223468631717001 -0.2318794545454545
v 0.3058589844435605 -0.05031725757575754 -0.1511286666666666
v 0.31572090909090916 -0.05466078423693746 -0.1511286666666666
v 0.31572090909090916 -0.05031725757575754 -0.14799160811038514
v 0.32975294949494965 -0.05031725757575754 -0.23350445842117537
v 0.32975294949494965 -0.05237557771686149 -0.2318794545454545
v 0.32975294949494965 -0.05097021569101939 -0.1511286666666666
v 0.32975294949494965 -0.05031725757575754 -0.15074120744871874
v 0.33513653113500586 -0.05031725757575754 -0.2318794545454545
v 0.3359226402568528 -0.05031725757575754 -0.21842098989898984
v 0.3337962179994195 -0.05031725757575754 -0.20496252525252523
v 0.3337276389154773 -0.05031725757575754 -0.19150406060606057
v 0.3329590796855542 -0.05031725757575754 -0.17804559595959593
v 0.3348557415660916 -0.05031725757575754 -0.16458713131313127
v 0.3302702719803234 -0.05031725757575754 -0.1511286666666666
v -0.35016365735294613 -0.044895015151515116 -0.2318794545454545
v -0.34378498989898987 -0.044895015151515116 -0.23901232568258507
v -0.34378498989898987 -0.04933600266126104 -0.2318794545454545
v -0.3508273204391197 -0.044895015151515116 -0.21842098989898984
v -0.34378498989898987 -0.04878640597805403 -0.21842098989898984
v -0.34378498989898987 -0.044895015151515116 -0.21164457946752643
v -0.3297529494949495 -0.044895015151515116 -0.23860768145234648
v -0.33514739218803186 -0.044895015151515116 -0.20496252525252523
v -0.3339571743277467 -0.044895015151515116 -0.19150406060606057
v -0.33094999366523314 -0.044895015151515116 -0.17804559595959593
v -0.3371287494964055 -0.044895015151515116 -0.16458713131313127
v -0.3375498429278453 -0.044895015151515116 -0.1511286666666666
v -0.3297529494949495 -0.044895015151515116 -0.1457871953043714
v -0.31572090909090905 -0.044895015151515116 -0.2380144193296343
v -0.31572090909090905 -0.044895015151515116 -0.14854463602568418
v -0.3016888686868686 -0.044895015151515116 -0.2373364158231286
v -0.3016888686868686 -0.04805831486443565 -0.1511286666666666
v -0.3016888686868686 -0.044895015151515116 -0.1499789333576666
v -0.2876568282828283 -0.044895015151515116 -0.2375596933829874
v -0.2876568282828283 -0.04989085915376353 -0.16458713131313127
v -0.2876568282828283 -0.045925560751229076 -0.1511286666666666
v -0.2876568282828283 -0.044895015151515116 -0.14936773627919833
v -0.27362478787878786 -0.044895015151515116 -0.2364897539850394
v -0.27362478787878786 -0.04840257250497332 -0.1511286666666666
v -0.2793806558695893 -0.044895015151515116 -0.13767020202020194
v -0.27362478787878786 -0.046169668929958566 -0.13767020202020194
v -0.27362478787878786 -0.044895015151515116 -0.13744099125548248
v -0.2595927474747475 -0.044895015151515116 -0.23691004865373883
v -0.2595927474747475 -0.044895015151515116 -0.12999137564840205
v -0.24556070707070704 -0.044895015151515116 -0.23713561231200353
v -0.24556070707070704 -0.050284006659934426 -0.2318794545454545
v -0.2577437027466979 -0.044895015151515116 -0.12421173737373728
v -0.24556070707070704 -0.044895015151515116 -0.12309421660997137
v -0.23152866666666663 -0.044895015151515116 -0.2355218460293985
v -0.23152866666666663 -0.049376506397467976 -0.2318794545454545
v -0.23283109654516024 -0.044895015151515116 -0.1107532727272727
v -0.23152866666666663 -0.044895015151515116 -0.10621476372222287
v -0.2174966262626262 -0.044895015151515116 -0.2368092982040623
v -0.2174966262626262 -0.05018198562762739 -0.2318794545454545
v -0.22051111027295023 -0.044895015151515116 -0.09729480808080804
v -0.2174966262626262 -0.04965579953543459 -0.09729480808080804
v -0.2174966262626262 -0.044895015151515116 -0.09274844714679055
v -0.2034645858585858 -0.044895015151515116 -0.23669482366951197
v -0.2034645858585858 -0.05009597998946709 -0.2318794545454545
v -0.20867661960042097 -0.044895015151515116 -0.08383634343434337
v -0.2107738183722257 -0.044895015151515116 -0.07037787878787874
v -0.2034645858585858 -0.04921173822427814 -0.07037787878787874
v -0.2034645858585858 -0.044895015151515116 -0.06790498620501438
v -0.18943254545454544 -0.044895015151515116 -0.2363694173070957
v -0.18943254545454544 -0.04997663858206586 -0.2318794545454545
v -0.1902463987463746 -0.044895015151515116 -0.056919414141414076
v -0.19162251505840397 -0.044895015151515116 -0.043460949494949414
v -0.19238390425013327 -0.044895015151515116 -0.03000248484848482
v -0.1946803088251487 -0.044895015151515116 -0.01654402020202017
v -0.19628890621699668 -0.044895015151515116 -0.003085555555555508
v -0.19360950881504913 -0.044895015151515116 0.010372909090909148
v -0.18943254545454544 -0.04807214716983785 0.010372909090909148
v -0.18943254545454544 -0.044895015151515116 0.011923603775194039
v -0.17540050505050503 -0.044895015151515116 -0.2369994201870692
v -0.17540050505050503 -0.05020380088334014 -0.2318794545454545
v -0.17717516045283574 -0.044895015151515116 0.023831373737373804
v -0.18029810507974875 -0.044895015151515116 0.03728983838383847
v -0.17540050505050503 -0.048699159437284714 0.03728983838383847
v -0.17540050505050503 -0.044895015151515116 0.04177479868185343
v -0.16136846464646462 -0.044895015151515116 -0.23620517533689017
v -0.16136846464646462 -0.049990615773541074 -0.2318794545454545
v -0.16136846464646462 -0.04993806482925601 -0.09729480808080804
v -0.16136846464646462 -0.05004827354261783 -0.08383634343434337
v -0.16136846464646462 -0.050251226370669026 -0.07037787878787874
v -0.16136846464646462 -0.050077315290514644 -0.03000248484848482
v -0.16136846464646462 -0.04882782680308666 -0.01654402020202017
v -0.16136846464646462 -0.049461623259777515 -0.003085555555555508
v -0.16136846464646462 -0.044895015151515116 0.04186170430446852
v -0.14733642424242419 -0.044895015151515116 -0.23698763364411865
v -0.14786126277861197 -0.044895015151515116 -0.1107532727272727
v -0.14733642424242419 -0.044895015151515116 -0.11120679422876416
v -0.15442567777278293 -0.044895015151515116 -0.09729480808080804
v -0.15571950543418683 -0.044895015151515116 -0.08383634343434337
v -0.1560173550993805 -0.044895015151515116 -0.07037787878787874
v -0.15590369120556277 -0.044895015151515116 -0.056919414141414076
v -0.15632624286431138 -0.044895015151515116 -0.043460949494949414
v -0.15739012744454747 -0.044895015151515116 -0.03000248484848482
v -0.15842365925566815 -0.044895015151515116 -0.01654402020202017
v -0.15779217101701923 -0.044895015151515116 -0.003085555555555508
v -0.15506456871240215 -0.044895015151515116 0.010372909090909148
v -0.14792067188310548 -0.044895015151515116 0.023831373737373804
v -0.14733642424242419 -0.044895015151515116 0.024375269332334207
v -0.1497703198690553 -0.044895015151515116 0.050748303030303046
v -0.14733642424242419 -0.04774817641793576 0.050748303030303046
v -0.14733642424242419 -0.044895015151515116 0.05473604482528583
v -0.13330438383838378 -0.044895015151515116 -0.2367355417589749
v -0.14704444877436865 -0.044895015151515116 -0.1107532727272727
v -0.13609085649183092 -0.044895015151515116 -0.09729480808080804
v -0.13330438383838378 -0.044895015151515116 -0.09535970967271329
v -0.13687651808660148 -0.044895015151515116 0.03728983838383847
v -0.13330438383838378 -0.044895015151515116 0.03801626831580981
v -0.13330438383838378 -0.049504945128871616 0.050748303030303046
v -0.13330438383838378 -0.044895015151515116 0.05753952072660069
v -0.11927234343434336 -0.044895015151515116 -0.23684971022951293
v -0.12817355450948625 -0.044895015151515116 -0.08383634343434337
v -0.11927234343434336 -0.044895015151515116 -0.07040166773887702
v -0.11927234343434336 -0.04494266072070222 -0.07037787878787874
v -0.12033531261434503 -0.044895015151515116 0.050748303030303046
v -0.10524030303030302 -0.044895015151515116 -0.23742144016652594
v -0.11926440793841304 -0.044895015151515116 -0.07037787878787874
v -0.1142187198044312 -0.044895015151515116 -0.056919414141414076
v -0.10864136271363645 -0.044895015151515116 -0.043460949494949414
v -0.10524030303030302 -0.044895015151515116 -0.03783691967993093
v -0.10524030303030302 -0.049956043556387504 -0.03000248484848482
v -0.10957918743977182 -0.044895015151515116 0.010372909090909148
v -0.10524030303030302 -0.044895015151515116 0.003905192888619186
v -0.11199642695019321 -0.044895015151515116 0.023831373737373804
v -0.11501912350064804 -0.044895015151515116 0.03728983838383847
v -0.11824084918026895 -0.044895015151515116 0.050748303030303046
v -0.11492053644850159 -0.044895015151515116 0.06420676767676771
v -0.1124669198758541 -0.044895015151515116 0.07766523232323236
v -0.11283837838545863 -0.044895015151515116 0.0911236969696971
v -0.10524030303030302 -0.044895015151515116 0.09641460279515794
v -0.0912082626262626 -0.044895015151515116 -0.23670544571606394
v -0.10341349559202946 -0.044895015151515116 -0.03000248484848482
v -0.10062074792771597 -0.044895015151515116 -0.01654402020202017
v -0.10182681142961186 -0.044895015151515116 -0.003085555555555508
v -0.09701296895244518 -0.044895015151515116 0.10458216161616168
v -0.0912082626262626 -0.044895015151515116 0.1111266349730968
v -0.07717622222222219 -0.044895015151515116 -0.23735271736443225
v -0.08436807630525694 -0.044895015151515116 0.11804062626262626
v -0.0836187571558071 -0.044895015151515116 0.131499090909091
v -0.08638790721092475 -0.044895015151515116 0.14495755555555556
v -0.08696973483750042 -0.044895015151515116 0.1584160202020203
v -0.08325457558393538 -0.044895015151515116 0.1718744848484849
v -0.07717622222222219 -0.044895015151515116 0.1725637912579191
v -0.06314418181818177 -0.044895015151515116 -0.23714515020635665
v -0.06424663762101858 -0.044895015151515116 0.1853329494949495
v -0.06521444286243909 -0.044895015151515116 0.1987914141414142
v -0.07138567554698123 -0.044895015151515116 0.2122498787878788
v -0.06912264387177905 -0.044895015151515116 0.22570834343434354
v -0.0694700582809428 -0.044895015151515116 0.23916680808080812
v -0.06938687435269314 -0.044895015151515116 0.25262527272727286
v -0.06961471036552702 -0.044895015151515116 0.2660837373737375
v -0.07033405343928058 -0.044895015151515116 0.279542202020202
v -0.0705101601611968 -0.044895015151515116 0.29300066666666674
v -0.07271260170504368 -0.044895015151515116 0.3064591313131313
v -0.07239556259035651 -0.044895015151515116 0.31991759595959607
v -0.06314418181818177 -0.04961832205590177 0.31991759595959607
v -0.06314418181818177 -0.044895015151515116 0.32280220531022785
v -0.049112141414141344 -0.044895015151515116 -0.2372170794043138
v -0.05034095710412216 -0.044895015151515116 0.3333760606060607
v -0.05716983979672109 -0.044895015151515116 0.3468345252525254
v -0.05910189734534216 -0.044895015151515116 0.36029298989898995
v -0.049112141414141344 -0.044895015151515116 0.3666979995333289
v -0.03508010101010093 -0.044895015151515116 -0.2374313599692346
v -0.037298617792969446 -0.044895015151515116 0.37375145454545455
v -0.039102801497635016 -0.044895015151515116 0.38720991919191927
v -0.03508010101010093 -0.044895015151515116 0.3901653643014141
v -0.021048060606060588 -0.044895015151515116 -0.2367554678979833
v -0.021048060606060588 -0.044895015151515116 0.3940007971960217
v -0.00701602020202017 -0.044895015151515116 -0.23715815724382613
v -0.00701602020202017 -0.04978256053660405 -0.2318794545454545
v -0.01152226165948544 -0.044895015151515116 0.4006683838383839
v -0.00701602020202017 -0.044895015151515116 0.4063303574663682
v 0.007016020202020247 -0.044895015151515116 -0.23725634181191144
v 0.007016020202020247 -0.04976916316354368 -0.2318794545454545
v 0.007016020202020247 -0.044895015151515116 0.41111836078264574
v 0.021048060606060744 -0.044895015151515116 -0.2372409060301265
v 0.017433088851122984 -0.044895015151515116 0.4006683838383839
v 0.021048060606060744 -0.044895015151515116 0.3946802518413978
v 0.03508010101010108 -0.044895015151515116 -0.23757270502750324
v 0.03508010101010108 -0.044895015151515116 0.39018583942163915
v 0.04911214141414143 -0.044895015151515116 -0.2368856997922866
v 0.0371425198475373 -0.044895015151515116 0.37375145454545455
v 0.04911214141414143 -0.044895015151515116 0.3657963133220502
v 0.03924748924139319 -0.044895015151515116 0.38720991919191927
v 0.06314418181818192 -0.044895015151515116 -0.23725260438894408
v 0.06314418181818192 -0.049505111190502965 0.31991759595959607
v 0.05023509482802762 -0.044895015151515116 0.3333760606060607
v 0.06314418181818192 -0.044895015151515116 0.3218965780628941
v 0.05706669278521019 -0.044895015151515116 0.3468345252525254
v 0.05916700722867663 -0.044895015151515116 0.36029298989898995
v 0.07717622222222226 -0.044895015151515116 -0.23746268813719604
v 0.06417929255320381 -0.044895015151515116 0.1853329494949495
v 0.07717622222222226 -0.044895015151515116 0.17274728830930688
v 0.06524566440020796 -0.044895015151515116 0.1987914141414142
v 0.07281293904758239 -0.044895015151515116 0.2122498787878788
v 0.0689114059247672 -0.044895015151515116 0.22570834343434354
v 0.06976621420446788 -0.044895015151515116 0.23916680808080812
v 0.06901790631695597 -0.044895015151515116 0.25262527272727286
v 0.07002390690320319 -0.044895015151515116 0.2660837373737375
v 0.07024191117739391 -0.044895015151515116 0.279542202020202
v 0.0704796175166608 -0.044895015151515116 0.29300066666666674
v 0.07284433920889472 -0.044895015151515116 0.3064591313131313
v 0.07136707927720122 -0.044895015151515116 0.31991759595959607
v 0.09120826262626276 -0.044895015151515116 -0.23659083819410576
v 0.08513022878364958 -0.044895015151515116 0.11804062626262626
v 0.09120826262626276 -0.044895015151515116 0.11163646019894725
v 0.08308455090269311 -0.044895015151515116 0.131499090909091
v 0.08621857094399754 -0.044895015151515116 0.14495755555555556
v 0.08659676541932385 -0.044895015151515116 0.1584160202020203
v 0.08413909519344588 -0.044895015151515116 0.1718744848484849
v 0.1052403030303031 -0.044895015151515116 -0.23737567259006126
v 0.10357282908433306 -0.044895015151515116 -0.043460949494949414
v 0.1052403030303031 -0.044895015151515116 -0.050364989822388
v 0.10061345682263959 -0.044895015151515116 -0.03000248484848482
v 0.09973034558706642 -0.044895015151515116 -0.01654402020202017
v 0.10271564795907685 -0.044895015151515116 -0.003085555555555508
v 0.1052403030303031 -0.044895015151515116 0.0021764093720859808
v 0.09665745917998711 -0.044895015151515116 0.10458216161616168
v 0.1052403030303031 -0.044895015151515116 0.09741474924141244
v 0.11927234343434344 -0.044895015151515116 -0.23590939284172735
v 0.11927234343434344 -0.049949691664076847 -0.2318794545454545
v 0.11824238642743878 -0.044895015151515116 -0.08383634343434337
v 0.11927234343434344 -0.044895015151515116 -0.08791362063350006
v 0.11395108099246394 -0.044895015151515116 -0.07037787878787874
v 0.10858261233622735 -0.044895015151515116 -0.056919414141414076
v 0.10989749665107501 -0.044895015151515116 0.010372909090909148
v 0.11240007553665926 -0.044895015151515116 0.023831373737373804
v 0.11599599773585062 -0.044895015151515116 0.03728983838383847
v 0.11927234343434344 -0.05009990569649345 0.03728983838383847
v 0.11927234343434344 -0.044895015151515116 0.04370710801967275
v 0.11927234343434344 -0.049526925969402585 0.050748303030303046
v 0.11340191811196006 -0.044895015151515116 0.06420676767676771
v 0.11927234343434344 -0.044895015151515116 0.05512945840582316
v 0.11537546988001024 -0.044895015151515116 0.07766523232323236
v 0.11320686904729094 -0.044895015151515116 0.0911236969696971
v 0.13330438383838394 -0.044895015151515116 -0.23692188807434494
v 0.13301804762261038 -0.044895015151515116 -0.12421173737373728
v 0.13330438383838394 -0.044895015151515116 -0.12507682929621206
v 0.12901724848380622 -0.044895015151515116 -0.1107532727272727
v 0.12400469630863513 -0.044895015151515116 -0.09729480808080804
v 0.13330438383838394 -0.044895015151515116 0.03755670910087118
v 0.13330438383838394 -0.0495162093816573 0.050748303030303046
v 0.13330438383838394 -0.044895015151515116 0.057615517253867946
v 0.14733642424242427 -0.044895015151515116 -0.23690410041016913
v 0.14733642424242427 -0.05019713059442023 -0.2318794545454545
v 0.14251092331470255 -0.044895015151515116 -0.13767020202020194
v 0.14733642424242427 -0.044895015151515116 -0.14348155527535125
v 0.1354682007676708 -0.044895015151515116 0.03728983838383847
v 0.14733642424242427 -0.044895015151515116 0.0250331065403665
v 0.14733642424242427 -0.04660964731849064 0.050748303030303046
v 0.14733642424242427 -0.044895015151515116 0.05297812420973913
v 0.16136846464646476 -0.044895015151515116 -0.23613597155135202
v 0.16136846464646476 -0.0498178671685287 -0.2318794545454545
v 0.16136846464646476 -0.04965559353998156 -0.1511286666666666
v 0.16136846464646476 -0.044895015151515116 -0.1444263613583483
v 0.1611533845311109 -0.044895015151515116 -0.03000248484848482
v 0.16136846464646476 -0.044895015151515116 -0.03360326727637564
v 0.16136846464646476 -0.04518786477784365 -0.03000248484848482
v 0.16028984782301806 -0.044895015151515116 -0.01654402020202017
v 0.16136846464646476 -0.04641424593999289 -0.01654402020202017
v 0.1589064562740506 -0.044895015151515116 -0.003085555555555508
v 0.16136846464646476 -0.04797518776970848 -0.003085555555555508
v 0.15566214793659813 -0.044895015151515116 0.010372909090909148
v 0.1483288774691081 -0.044895015151515116 0.023831373737373804
v 0.14862514879481592 -0.044895015151515116 0.050748303030303046
v 0.16136846464646476 -0.044895015151515116 0.042166018041141874
v 0.1754005050505051 -0.044895015151515116 -0.2368911967997936
v 0.1754005050505051 -0.05011550725216282 -0.2318794545454545
v 0.16699316923995855 -0.044895015151515116 -0.13767020202020194
v 0.16872391010066207 -0.044895015151515116 -0.12421173737373728
v 0.1754005050505051 -0.0502230677964414 -0.12421173737373728
v 0.16757661147241523 -0.044895015151515116 -0.1107532727272727
v 0.1655241523716387 -0.044895015151515116 -0.09729480808080804
v 0.16365516276718547 -0.044895015151515116 -0.08383634343434337
v 0.16269996107578966 -0.044895015151515116 -0.07037787878787874
v 0.16214569563513145 -0.044895015151515116 -0.056919414141414076
v 0.16167601123420977 -0.044895015151515116 -0.043460949494949414
v 0.1754005050505051 -0.04899201136978991 0.03728983838383847
v 0.1754005050505051 -0.044895015151515116 0.04244062834426096
v 0.1894325454545456 -0.044895015151515116 -0.23553860770619814
v 0.1894325454545456 -0.04946368196033551 -0.2318794545454545
v 0.1894325454545456 -0.0478963000783764 0.010372909090909148
v 0.17723576603476024 -0.044895015151515116 0.023831373737373804
v 0.1894325454545456 -0.044895015151515116 0.011799035491207982
v 0.18142564001037217 -0.044895015151515116 0.03728983838383847
v 0.20346458585858596 -0.044895015151515116 -0.23666485095716366
v 0.20346458585858596 -0.0502552317689325 -0.2318794545454545
v 0.20346458585858596 -0.0495202896876135 -0.07037787878787874
v 0.19041709780649627 -0.044895015151515116 -0.056919414141414076
v 0.20346458585858596 -0.044895015151515116 -0.06488823026215332
v 0.1915946374335383 -0.044895015151515116 -0.043460949494949414
v 0.19233267402025297 -0.044895015151515116 -0.03000248484848482
v 0.1948394260584806 -0.044895015151515116 -0.01654402020202017
v 0.19605578206556093 -0.044895015151515116 -0.003085555555555508
v 0.19336592393005228 -0.044895015151515116 0.010372909090909148
v 0.21749662626262628 -0.044895015151515116 -0.2370211933503288
v 0.21749662626262628 -0.05022461608383259 -0.2318794545454545
v 0.21749662626262628 -0.049567719053368466 -0.09729480808080804
v 0.20845592335660737 -0.044895015151515116 -0.08383634343434337
v 0.21749662626262628 -0.044895015151515116 -0.09261195853590351
v 0.2126541316029511 -0.044895015151515116 -0.07037787878787874
v 0.23152866666666677 -0.044895015151515116 -0.23515412770571872
v 0.23152866666666677 -0.04901838710671767 -0.2318794545454545
v 0.22037234146320067 -0.044895015151515116 -0.09729480808080804
v 0.23152866666666677 -0.044895015151515116 -0.10544592354688916
v 0.24556070707070712 -0.044895015151515116 -0.23701547892891192
v 0.24556070707070712 -0.0502450445321255 -0.2318794545454545
v 0.23314896575931265 -0.044895015151515116 -0.1107532727272727
v 0.24556070707070712 -0.044895015151515116 -0.12343073271851877
v 0.25959274747474764 -0.044895015151515116 -0.23670264972628724
v 0.25959274747474764 -0.05022699955575851 -0.2318794545454545
v 0.25959274747474764 -0.050245816732198384 -0.13767020202020194
v 0.25758747680827415 -0.044895015151515116 -0.12421173737373728
v 0.25959274747474764 -0.044895015151515116 -0.1293911451424739
v 0.27362478787878797 -0.044895015151515116 -0.2369281577500089
v 0.27362478787878797 -0.050292651390774774 -0.2318794545454545
v 0.27362478787878797 -0.04962567856125067 -0.16458713131313127
v 0.27362478787878797 -0.047607682127460034 -0.1511286666666666
v 0.27362478787878797 -0.04593698894942955 -0.13767020202020194
v 0.27362478787878797 -0.044895015151515116 -0.13745121657048193
v 0.28765682828282846 -0.044895015151515116 -0.2374511814433606
v 0.28765682828282846 -0.04895610416593921 -0.16458713131313127
v 0.28765682828282846 -0.04561351219768604 -0.1511286666666666
v 0.2782076326189036 -0.044895015151515116 -0.13767020202020194
v 0.28765682828282846 -0.044895015151515116 -0.14997542085705678
v 0.3016888686868688 -0.044895015151515116 -0.23718158533666886
v 0.3016888686868688 -0.047591272279163745 -0.1511286666666666
v 0.3016888686868688 -0.044895015151515116 -0.1501346019920608
v 0.31572090909090916 -0.044895015151515116 -0.23767814765378978
v 0.31572090909090916 -0.044895015151515116 -0.14743328141189932
v 0.32975294949494965 -0.044895015151515116 -0.2382219068546149
v 0.32975294949494965 -0.044895015151515116 -0.14607161810964875
v 0.34378498989899 -0.044895015151515116 -0.23876396411200798
v 0.34378498989899 -0.049250106604734244 -0.2318794545454545
v 0.34378498989899 -0.048392815166237876 -0.21842098989898984
v 0.3345879568373091 -0.044895015151515116 -0.20496252525252523
v 0.34378498989899 -0.044895015151515116 -0.2134768145471301
v 0.33433981243401806 -0.044895015151515116 -0.19150406060606057
v 0.330941330245321 -0.044895015151515116 -0.17804559595959593
v 0.337320468417405 -0.044895015151515116 -0.16458713131313127
v 0.3369326422424035 -0.044895015151515116 -0.1511286666666666
v 0.3501154130944745 -0.044895015151515116 -0.2318794545454545
v 0.34971485124148516 -0.044895015151515116 -0.21842098989898984
v -0.35267091707089915 -0.03947277272727272 -0.2318794545454545
v -0.34378498989898987 -0.03947277272727272 -0.24090134256697673
v -0.35511506864846754 -0.03947277272727272 -0.21842098989898984
v -0.3507015170544053 -0.03947277272727272 -0.20496252525252523
v -0.34378498989898987 -0.04219461047770146 -0.20496252525252523
v -0.34378498989898987 -0.03947277272727272 -0.1934355480343142
v -0.3297529494949495 -0.03947277272727272 -0.24211374235117505
v -0.34149150778437715 -0.03947277272727272 -0.19150406060606057
v -0.3328519204368548 -0.03947277272727272 -0.17804559595959593
v -0.3375516281197607 -0.03947277272727272 -0.16458713131313127
v -0.3372644087031188 -0.03947277272727272 -0.1511286666666666
v -0.3297529494949495 -0.03947277272727272 -0.14555211964976048
v -0.31572090909090905 -0.03947277272727272 -0.24159985346130705
v -0.32459513878313034 -0.03947277272727272 -0.13767020202020194
v -0.31572090909090905 -0.04226729887473748 -0.13767020202020194
v -0.31572090909090905 -0.03947277272727272 -0.12608187788825956
v -0.3016888686868686 -0.03947277272727272 -0.24118665145482543
v -0.3016888686868686 -0.04327628883453579 -0.13767020202020194
v -0.3016888686868686 -0.03947277272727272 -0.12477157063746404
v -0.2876568282828283 -0.03947277272727272 -0.24113902668835976
v -0.2876568282828283 -0.04355944703296883 -0.13767020202020194
v -0.29366456190832113 -0.03947277272727272 -0.12421173737373728
v -0.2876568282828283 -0.039858500013400314 -0.12421173737373728
v -0.2876568282828283 -0.03947277272727272 -0.12215882510694338
v -0.27362478787878786 -0.03947277272727272 -0.2401735597036799
v -0.27362478787878786 -0.04051482122720332 -0.12421173737373728
v -0.27362478787878786 -0.03947277272727272 -0.11500924293136358
v -0.2595927474747475 -0.03947277272727272 -0.2403481190529696
v -0.2595927474747475 -0.04440393643420945 -0.12421173737373728
v -0.2595927474747475 -0.03947277272727272 -0.11570370635516689
v -0.24556070707070704 -0.03947277272727272 -0.24049511122104805
v -0.24556070707070704 -0.03947277272727272 -0.11630475058976837
v -0.23152866666666663 -0.03947277272727272 -0.2388879715558358
v -0.23973407060094756 -0.03947277272727272 -0.1107532727272727
v -0.23152866666666663 -0.03947277272727272 -0.10294051430004052
v -0.2174966262626262 -0.03947277272727272 -0.24017912555633994
v -0.22398533807838086 -0.03947277272727272 -0.09729480808080804
v -0.2174966262626262 -0.03947277272727272 -0.08935314562442953
v -0.2034645858585858 -0.03947277272727272 -0.24008436973710268
v -0.21161510582611057 -0.03947277272727272 -0.08383634343434337
v -0.21220584929249323 -0.03947277272727272 -0.07037787878787874
v -0.20977372524109444 -0.03947277272727272 -0.056919414141414076
v -0.2034645858585858 -0.03998773313604868 -0.056919414141414076
v -0.2034645858585858 -0.03947277272727272 -0.05064400289162666
v -0.18943254545454544 -0.03947277272727272 -0.23980146748565292
v -0.19657795334337916 -0.03947277272727272 -0.043460949494949414
v -0.1949315164866787 -0.03947277272727272 -0.03000248484848482
v -0.1967189352279825 -0.03947277272727272 -0.01654402020202017
v -0.19763990421586042 -0.03947277272727272 -0.003085555555555508
v -0.196068290457348 -0.03947277272727272 0.010372909090909148
v -0.18943254545454544 -0.03947277272727272 0.016896830227104562
v -0.17540050505050503 -0.03947277272727272 -0.24039148272729477
v -0.18132524733707361 -0.03947277272727272 0.023831373737373804
v -0.1823866892383709 -0.03947277272727272 0.03728983838383847
v -0.17540050505050503 -0.03947277272727272 0.043753742185421066
v -0.16136846464646462 -0.03947277272727272 -0.23965782223788495
v -0.16388475385531517 -0.03947277272727272 0.050748303030303046
v -0.16136846464646462 -0.04013034088745512 0.050748303030303046
v -0.16136846464646462 -0.03947277272727272 0.05356422106868726
v -0.14733642424242419 -0.03947277272727272 -0.2403962075933228
v -0.1488071993858216 -0.03947277272727272 -0.1107532727272727
v -0.14733642424242419 -0.03947277272727272 -0.1125020491736141
v -0.1536730423603275 -0.03947277272727272 -0.09729480808080804
v -0.15471932840764638 -0.03947277272727272 -0.08383634343434337
v -0.15492999040011254 -0.03947277272727272 -0.07037787878787874
v -0.15489920667443569 -0.03947277272727272 -0.056919414141414076
v -0.15531780273725598 -0.03947277272727272 -0.043460949494949414
v -0.15625829728320825 -0.03947277272727272 -0.03000248484848482
v -0.15712658692718495 -0.03947277272727272 -0.01654402020202017
v -0.1564943874634199 -0.03947277272727272 -0.003085555555555508
v -0.15345343333542114 -0.03947277272727272 0.010372909090909148
v -0.14733642424242419 -0.03947277272727272 0.021988142210904706
v -0.14733642424242419 -0.04257476172598078 0.023831373737373804
v -0.14733642424242419 -0.03947277272727272 0.05659659107613379
v -0.13330438383838378 -0.03947277272727272 -0.24015864276939927
v -0.1459822876139251 -0.03947277272727272 -0.1107532727272727
v -0.13330438383838378 -0.03947277272727272 -0.0993484107159664
v -0.13330438383838378 -0.04229207022062666 -0.09729480808080804
v -0.14673765560442495 -0.03947277272727272 0.023831373737373804
v -0.135397341910859 -0.03947277272727272 0.03728983838383847
v -0.13330438383838378 -0.03947277272727272 0.03781895190462744
v -0.13330438383838378 -0.03947277272727272 0.058171266827725096
v -0.11927234343434336 -0.03947277272727272 -0.24027123723762872
v -0.13251211942602334 -0.03947277272727272 -0.09729480808080804
v -0.12574145485821658 -0.03947277272727272 -0.08383634343434337
v -0.11927234343434336 -0.03947277272727272 -0.07550660899509604
v -0.11927234343434336 -0.03947277272727272 0.04877261880505423
v -0.11927234343434336 -0.042634493866859 0.050748303030303046
v -0.11927234343434336 -0.03947277272727272 0.05867870413951584
v -0.10524030303030302 -0.03947277272727272 -0.24079711900519968
v -0.11740889742722749 -0.03947277272727272 -0.07037787878787874
v -0.11104726053560482 -0.03947277272727272 -0.056919414141414076
v -0.10524030303030302 -0.03947277272727272 -0.045786667207844446
v -0.10524030303030302 -0.04087672841288902 -0.043460949494949414
v -0.10550126116219069 -0.03947277272727272 0.010372909090909148
v -0.10524030303030302 -0.03947277272727272 0.010160635176725264
v -0.11170375359702857 -0.03947277272727272 0.023831373737373804
v -0.11453897487598226 -0.03947277272727272 0.03728983838383847
v -0.11824997383566951 -0.03947277272727272 0.06420676767676771
v -0.113904909852374 -0.03947277272727272 0.07766523232323236
v -0.11735468789816325 -0.03947277272727272 0.0911236969696971
v -0.10524030303030302 -0.03947277272727272 0.10065606426470719
v -0.0912082626262626 -0.03947277272727272 -0.24016034516129037
v -0.1047463939562629 -0.03947277272727272 -0.043460949494949414
v -0.10124153024180498 -0.03947277272727272 -0.03000248484848482
v -0.0978421620368958 -0.03947277272727272 -0.01654402020202017
v -0.09923642326484453 -0.03947277272727272 -0.003085555555555508
v -0.09867566419961102 -0.03947277272727272 0.10458216161616168
v -0.0912082626262626 -0.03947277272727272 0.10594614262714465
v -0.07717622222222219 -0.03947277272727272 -0.24076242582809657
v -0.07803738280763321 -0.03947277272727272 0.11804062626262626
v -0.0828424323833644 -0.03947277272727272 0.131499090909091
v -0.0865682935517191 -0.03947277272727272 0.14495755555555556
v -0.08604604861018998 -0.03947277272727272 0.1584160202020203
v -0.08200408178415843 -0.03947277272727272 0.1718744848484849
v -0.07717622222222219 -0.03947277272727272 0.17867572906484186
v -0.06314418181818177 -0.03947277272727272 -0.2405611752413593
v -0.07314506798326233 -0.03947277272727272 0.1853329494949495
v -0.0705707196947029 -0.03947277272727272 0.1987914141414142
v -0.07497730297834379 -0.03947277272727272 0.2122498787878788
v -0.07121669410928401 -0.03947277272727272 0.22570834343434354
v -0.07163129096905052 -0.03947277272727272 0.23916680808080812
v -0.07054695260030792 -0.03947277272727272 0.25262527272727286
v -0.07031344330249137 -0.03947277272727272 0.2660837373737375
v -0.07050828421529538 -0.03947277272727272 0.279542202020202
v -0.07035204563815288 -0.03947277272727272 0.29300066666666674
v -0.07071459621839575 -0.03947277272727272 0.3064591313131313
v -0.06613393483496299 -0.03947277272727272 0.31991759595959607
v -0.06314418181818177 -0.03947277272727272 0.32356216794872905
v -0.049112141414141344 -0.03947277272727272 -0.24063076185749036
v -0.055970590581144765 -0.03947277272727272 0.3333760606060607
v -0.057190263844354154 -0.03947277272727272 0.3468345252525254
v -0.05566835846134918 -0.03947277272727272 0.36029298989898995
v -0.049112141414141344 -0.03947277272727272 0.36819412055226824
v -0.03508010101010093 -0.03947277272727272 -0.24080856818405416
v -0.04167459925850282 -0.03947277272727272 0.37375145454545455
v -0.03789362707769853 -0.03947277272727272 0.38720991919191927
v -0.03508010101010093 -0.03947277272727272 0.389575294592099
v -0.021048060606060588 -0.03947277272727272 -0.2400869028159167
v -0.021048060606060588 -0.03947277272727272 0.39752411087863876
v -0.00701602020202017 -0.03947277272727272 -0.23978033897730405
v -0.016101877791498683 -0.03947277272727272 0.4006683838383839
v -0.00701602020202017 -0.03947277272727272 0.40628791333565195
v 0.007016020202020247 -0.03947277272727272 -0.2398510230614
v 0.007016020202020247 -0.03947277272727272 0.40678140249029837
v 0.021048060606060744 -0.03947277272727272 -0.2403951429068556
v 0.017015611992052676 -0.03947277272727272 0.4006683838383839
v 0.021048060606060744 -0.03947277272727272 0.3977847209952198
v 0.03508010101010108 -0.03947277272727272 -0.2409597635669171
v 0.03508010101010108 -0.03947277272727272 0.3897044856560146
v 0.04911214141414143 -0.03947277272727272 -0.24037445141873667
v 0.041522347112055005 -0.03947277272727272 0.37375145454545455
v 0.04911214141414143 -0.03947277272727272 0.367545726017939
v 0.038119915577598695 -0.03947277272727272 0.38720991919191927
v 0.06314418181818192 -0.03947277272727272 -0.24068989272017358
v 0.05576156047247771 -0.03947277272727272 0.3333760606060607
v 0.06314418181818192 -0.03947277272727272 0.32269944834509373
v 0.0570850908911517 -0.03947277272727272 0.3468345252525254
v 0.05573403377658716 -0.03947277272727272 0.36029298989898995
v 0.07717622222222226 -0.03947277272727272 -0.24086724135560073
v 0.07274893628264019 -0.03947277272727272 0.1853329494949495
v 0.07717622222222226 -0.03947277272727272 0.17877822568916765
v 0.0707103310532519 -0.03947277272727272 0.1987914141414142
v 0.07543260505802861 -0.03947277272727272 0.2122498787878788
v 0.07078860596294267 -0.03947277272727272 0.22570834343434354
v 0.0716861780639391 -0.03947277272727272 0.23916680808080812
v 0.07044369068460668 -0.03947277272727272 0.25262527272727286
v 0.07045772542433733 -0.03947277272727272 0.2660837373737375
v 0.07041133350588183 -0.03947277272727272 0.279542202020202
v 0.07031380186572278 -0.03947277272727272 0.29300066666666674
v 0.07083964006595811 -0.03947277272727272 0.3064591313131313
v 0.06557432584308978 -0.03947277272727272 0.31991759595959607
v 0.09120826262626276 -0.03947277272727272 -0.24006455662023896
v 0.07822929900259172 -0.03947277272727272 0.11804062626262626
v 0.09120826262626276 -0.03947277272727272 0.10598253134255924
v 0.08220512891156066 -0.03947277272727272 0.131499090909091
v 0.08637655437395744 -0.03947277272727272 0.14495755555555556
v 0.08565866328979566 -0.03947277272727272 0.1584160202020203
v 0.08232212406821321 -0.03947277272727272 0.1718744848484849
v 0.1052403030303031 -0.03947277272727272 -0.24075219704097314
v 0.10514618299657424 -0.03947277272727272 -0.056919414141414076
v 0.1052403030303031 -0.03947277272727272 -0.05727197753371312
v 0.1052403030303031 -0.03977733343365526 -0.056919414141414076
v 0.10156983976392567 -0.03947277272727272 -0.043460949494949414
v 0.09811076455805728 -0.03947277272727272 -0.03000248484848482
v 0.09689961665932827 -0.03947277272727272 -0.01654402020202017
v 0.10040457418554252 -0.03947277272727272 -0.003085555555555508
v 0.1052403030303031 -0.03947277272727272 0.009081965200693095
v 0.09800375683239199 -0.03947277272727272 0.10458216161616168
v 0.1052403030303031 -0.03947277272727272 0.1016191014654983
v 0.11927234343434344 -0.03947277272727272 -0.23934535498569842
v 0.11696076426374528 -0.03947277272727272 -0.08383634343434337
v 0.11927234343434344 -0.03947277272727272 -0.09264522992236318
v 0.11208539873041175 -0.03947277272727272 -0.07037787878787874
v 0.10625999094167368 -0.03947277272727272 0.010372909090909148
v 0.11239669412487871 -0.03947277272727272 0.023831373737373804
v 0.11536813928331845 -0.03947277272727272 0.03728983838383847
v 0.11927234343434344 -0.03947277272727272 0.04575531027233762
v 0.11621035984625105 -0.03947277272727272 0.06420676767676771
v 0.11927234343434344 -0.03947277272727272 0.05748392975045611
v 0.11602792786366523 -0.03947277272727272 0.07766523232323236
v 0.11760693612994946 -0.03947277272727272 0.0911236969696971
v 0.13330438383838394 -0.03947277272727272 -0.24033590868463492
v 0.13202932792989452 -0.03947277272727272 -0.12421173737373728
v 0.13330438383838394 -0.03947277272727272 -0.12790552630721025
v 0.1276950162159078 -0.03947277272727272 -0.1107532727272727
v 0.12188797425577332 -0.03947277272727272 -0.09729480808080804
v 0.13328043661020278 -0.03947277272727272 0.03728983838383847
v 0.13330438383838394 -0.03947277272727272 0.03723221592931883
v 0.13330438383838394 -0.03965645558499178 0.03728983838383847
v 0.13330438383838394 -0.03947277272727272 0.058325432883375286
v 0.14733642424242427 -0.03947277272727272 -0.24030254365743697
v 0.14229164507325756 -0.03947277272727272 -0.13767020202020194
v 0.14733642424242427 -0.03947277272727272 -0.14266507198495595
v 0.14701438697279665 -0.03947277272727272 0.023831373737373804
v 0.14733642424242427 -0.03947277272727272 0.022975122893610315
v 0.14733642424242427 -0.040896836468315656 0.023831373737373804
v 0.14733642424242427 -0.03947277272727272 0.05505631413225337
v 0.16136846464646476 -0.03947277272727272 -0.23958826777348594
v 0.16136846464646476 -0.03947277272727272 -0.14156632290221166
v 0.16117349903165193 -0.03947277272727272 -0.056919414141414076
v 0.16136846464646476 -0.03947277272727272 -0.05965283532181241
v 0.16136846464646476 -0.04012143323296788 -0.056919414141414076
v 0.16044364045479964 -0.03947277272727272 -0.043460949494949414
v 0.16136846464646476 -0.042726002332395804 -0.043460949494949414
v 0.1597293473853982 -0.03947277272727272 -0.03000248484848482
v 0.15893815810060566 -0.03947277272727272 -0.01654402020202017
v 0.15751210449601363 -0.03947277272727272 -0.003085555555555508
v 0.1541211806162637 -0.03947277272727272 0.010372909090909148
v 0.16136846464646476 -0.039862976889252076 0.050748303030303046
v 0.16136846464646476 -0.03947277272727272 0.05245021606407091
v 0.1754005050505051 -0.03947277272727272 -0.24029498398101207
v 0.1642661094158338 -0.03947277272727272 -0.13767020202020194
v 0.1664051631164685 -0.03947277272727272 -0.12421173737373728
v 0.1657911224277477 -0.03947277272727272 -0.1107532727272727
v 0.16411854476614637 -0.03947277272727272 -0.09729480808080804
v 0.16260120908575665 -0.03947277272727272 -0.08383634343434337
v 0.16178312900737837 -0.03947277272727272 -0.07037787878787874
v 0.16263818014186646 -0.03947277272727272 0.050748303030303046
v 0.1754005050505051 -0.03947277272727272 0.04434764661978076
v 0.1894325454545456 -0.03947277272727272 -0.23899127604098233
v 0.18136216529459204 -0.03947277272727272 0.023831373737373804
v 0.1894325454545456 -0.03947277272727272 0.01663062030447174
v 0.18335076093079514 -0.03947277272727272 0.03728983838383847
v 0.20346458585858596 -0.03947277272727272 -0.24007429859417995
v 0.20346458585858596 -0.03981965871111685 -0.056919414141414076
v 0.1962890937279349 -0.03947277272727272 -0.043460949494949414
v 0.20346458585858596 -0.03947277272727272 -0.053282263301962854
v 0.1948387581568033 -0.03947277272727272 -0.03000248484848482
v 0.1969176227666898 -0.03947277272727272 -0.01654402020202017
v 0.19733011689723154 -0.03947277272727272 -0.003085555555555508
v 0.19585881401173486 -0.03947277272727272 0.010372909090909148
v 0.21749662626262628 -0.03947277272727272 -0.2403855710675631
v 0.2113100859130193 -0.03947277272727272 -0.08383634343434337
v 0.21749662626262628 -0.03947277272727272 -0.08932117662366239
v 0.21373542460740086 -0.03947277272727272 -0.07037787878787874
v 0.20684454929065585 -0.03947277272727272 -0.056919414141414076
v 0.23152866666666677 -0.03947277272727272 -0.23852682845123963
v 0.2237553235074721 -0.03947277272727272 -0.09729480808080804
v 0.23152866666666677 -0.03947277272727272 -0.1022654749659908
v 0.24556070707070712 -0.03947277272727272 -0.24038675620320268
v 0.2404647789037721 -0.03947277272727272 -0.1107532727272727
v 0.24556070707070712 -0.03947277272727272 -0.11755047314941003
v 0.25959274747474764 -0.03947277272727272 -0.24013839627666336
v 0.25959274747474764 -0.04463519702825555 -0.12421173737373728
v 0.25959274747474764 -0.03947277272727272 -0.11390453154601743
v 0.27362478787878797 -0.03947277272727272 -0.2405109041497287
v 0.27362478787878797 -0.040527323331949514 -0.12421173737373728
v 0.27362478787878797 -0.03947277272727272 -0.11521805183386523
v 0.28765682828282846 -0.03947277272727272 -0.24104936256984713
v 0.28765682828282846 -0.043639406952178675 -0.13767020202020194
v 0.28765682828282846 -0.040165599700049494 -0.12421173737373728
v 0.28765682828282846 -0.03947277272727272 -0.12030628068796326
v 0.3016888686868688 -0.03947277272727272 -0.24098067983944307
v 0.3016888686868688 -0.0432303147707853 -0.13767020202020194
v 0.29652788935393937 -0.03947277272727272 -0.12421173737373728
v 0.3016888686868688 -0.03947277272727272 -0.12479818280313433
v 0.31572090909090916 -0.03947277272727272 -0.24126813087782564
v 0.31572090909090916 -0.042221281739024945 -0.13767020202020194
v 0.31572090909090916 -0.03947277272727272 -0.12693903194738362
v 0.32975294949494965 -0.03947277272727272 -0.24172742855203835
v 0.3227357480635728 -0.03947277272727272 -0.13767020202020194
v 0.32975294949494965 -0.03947277272727272 -0.14561900372140701
v 0.34378498989899 -0.03947277272727272 -0.24072205518645376
v 0.34378498989899 -0.04226863690859585 -0.20496252525252523
v 0.3412071318846328 -0.03947277272727272 -0.19150406060606057
v 0.34378498989899 -0.03947277272727272 -0.19322027380592408
v 0.3328227382711775 -0.03947277272727272 -0.17804559595959593
v 0.33768899483316256 -0.03947277272727272 -0.16458713131313127
v 0.3369229763111317 -0.03947277272727272 -0.1511286666666666
v 0.3525900683506807 -0.03947277272727272 -0.2318794545454545
v 0.35448938006569164 -0.03947277272727272 -0.21842098989898984
v 0.3514426700777526 -0.03947277272727272 -0.20496252525252523
v -0.35037581891377323 -0.03405053030303029 -0.2318794545454545
v -0.34378498989898987 -0.03405053030303029 -0.2370922825495835
v -0.349739799620128 -0.03405053030303029 -0.21842098989898984
v -0.348261819942255 -0.03405053030303029 -0.20496252525252523
v -0.3454062971454227 -0.03405053030303029 -0.19150406060606057
v -0.34378498989898987 -0.036168094218062996 -0.19150406060606057
v -0.34378498989898987 -0.03405053030303029 -0.18780200870658523
v -0.3297529494949495 -0.03405053030303029 -0.24449444831682485
v -0.3401195985598054 -0.03405053030303029 -0.17804559595959593
v -0.3367007160736169 -0.03405053030303029 -0.16458713131313127
v -0.3340199753656807 -0.03405053030303029 -0.1511286666666666
v -0.3297529494949495 -0.03405053030303029 -0.1469473346430412
v -0.31572090909090905 -0.03405053030303029 -0.2452043837195606
v -0.3228837595219204 -0.03405053030303029 -0.13767020202020194
v -0.31572090909090905 -0.03405053030303029 -0.12710160707265966
v -0.3016888686868686 -0.03405053030303029 -0.24528428574445757
v -0.3093200918458767 -0.03405053030303029 -0.12421173737373728
v -0.3016888686868686 -0.03748375068215626 -0.12421173737373728
v -0.3016888686868686 -0.03405053030303029 -0.11893019104525109
v -0.2876568282828283 -0.03405053030303029 -0.24438509469448752
v -0.2876568282828283 -0.03405053030303029 -0.11717280671098794
v -0.27362478787878786 -0.03405053030303029 -0.24343204908879534
v -0.27362478787878786 -0.03405053030303029 -0.1149708785459794
v -0.2595927474747475 -0.03405053030303029 -0.24255696285053224
v -0.2595927474747475 -0.03405053030303029 -0.11517257492276518
v -0.24556070707070704 -0.03405053030303029 -0.24202893757485885
v -0.25071322347006264 -0.03405053030303029 -0.1107532727272727
v -0.24556070707070704 -0.03497552751084097 -0.1107532727272727
v -0.24556070707070704 -0.03405053030303029 -0.10695117185403091
v -0.23152866666666663 -0.03405053030303029 -0.2405178678164655
v -0.23152866666666663 -0.03405053030303029 -0.10028561019785175
v -0.2174966262626262 -0.03405053030303029 -0.24179780323468572
v -0.22651885409451442 -0.03405053030303029 -0.09729480808080804
v -0.2174966262626262 -0.03405053030303029 -0.08807495867128061
v -0.2034645858585858 -0.03405053030303029 -0.24165937451933034
v -0.21361355436308646 -0.03405053030303029 -0.08383634343434337
v -0.20858382471209352 -0.03405053030303029 -0.07037787878787874
v -0.20534474986461562 -0.03405053030303029 -0.056919414141414076
v -0.2034645858585858 -0.03405053030303029 -0.04807011975018573
v -0.18943254545454544 -0.03405053030303029 -0.24157494122875992
v -0.2023205765896253 -0.03405053030303029 -0.043460949494949414
v -0.19764627017348577 -0.03405053030303029 -0.03000248484848482
v -0.19713075239195704 -0.03405053030303029 -0.01654402020202017
v -0.19645226887075462 -0.03405053030303029 -0.003085555555555508
v -0.19401621771076158 -0.03405053030303029 0.010372909090909148
v -0.18943254545454544 -0.03405053030303029 0.01949388154662457
v -0.17540050505050503 -0.03405053030303029 -0.24205950061517437
v -0.1858232892001768 -0.03405053030303029 0.023831373737373804
v -0.18026259893098817 -0.03405053030303029 0.03728983838383847
v -0.17540050505050503 -0.03405053030303029 0.041885571939211136
v -0.16136846464646462 -0.03405053030303029 -0.24179219741405095
v -0.16338694443985538 -0.03405053030303029 0.050748303030303046
v -0.16136846464646462 -0.03405053030303029 0.052525315006415656
v -0.14733642424242419 -0.03405053030303029 -0.24246312623937297
v -0.1530325415523987 -0.03405053030303029 -0.1107532727272727
v -0.14733642424242419 -0.03405053030303029 -0.11899071148197794
v -0.15585307344778546 -0.03405053030303029 -0.09729480808080804
v -0.15613489777052292 -0.03405053030303029 -0.08383634343434337
v -0.15603011151844037 -0.03405053030303029 -0.07037787878787874
v -0.15578935627556026 -0.03405053030303029 -0.056919414141414076
v -0.15611025982916996 -0.03405053030303029 -0.043460949494949414
v -0.15695598119215146 -0.03405053030303029 -0.03000248484848482
v -0.1577597270847625 -0.03405053030303029 -0.01654402020202017
v -0.1570855073316448 -0.03405053030303029 -0.003085555555555508
v -0.15402739099054408 -0.03405053030303029 0.010372909090909148
v -0.14733642424242419 -0.03405053030303029 0.02308627503070521
v -0.14733642424242419 -0.03405053030303029 0.05361659255422045
v -0.13330438383838378 -0.03405053030303029 -0.24233749736188095
v -0.1367701716319143 -0.03405053030303029 -0.1107532727272727
v -0.13330438383838378 -0.03405053030303029 -0.10858073730640325
v -0.1470697268213625 -0.03405053030303029 0.023831373737373804
v -0.1362827830188774 -0.03405053030303029 0.03728983838383847
v -0.13330438383838378 -0.03405053030303029 0.0403800404017514
v -0.13330438383838378 -0.03405053030303029 0.05401961341577299
v -0.11927234343434336 -0.03405053030303029 -0.24240247072309842
v -0.12932375146513603 -0.03405053030303029 -0.09729480808080804
v -0.12078575764858529 -0.03405053030303029 -0.08383634343434337
v -0.11927234343434336 -0.03405053030303029 -0.08227326992791145
v -0.11928779721300843 -0.03405053030303029 0.03728983838383847
v -0.11927234343434336 -0.03405053030303029 0.03728898224966216
v -0.11927234343434336 -0.034050908202725334 0.03728983838383847
v -0.12159836140451505 -0.03405053030303029 0.06420676767676771
v -0.11927234343434336 -0.03688373967339924 0.06420676767676771
v -0.11927234343434336 -0.03405053030303029 0.0684036471487464
v -0.10524030303030302 -0.03405053030303029 -0.24286612736606558
v -0.11438726195016868 -0.03405053030303029 -0.07037787878787874
v -0.10524030303030302 -0.03405053030303029 -0.05699977413914295
v -0.10524030303030302 -0.03411041683984239 -0.056919414141414076
v -0.10524030303030302 -0.03939001923510714 0.010372909090909148
v -0.11382947364837437 -0.03405053030303029 0.023831373737373804
v -0.10524030303030302 -0.03405053030303029 0.013802603873465873
v -0.11663191259274398 -0.03405053030303029 0.07766523232323236
v -0.11218993953899069 -0.03405053030303029 0.0911236969696971
v -0.10524030303030302 -0.03405053030303029 0.09594665668187631
v -0.0912082626262626 -0.03405053030303029 -0.2428071606298166
v -0.10521465465839235 -0.03405053030303029 -0.056919414141414076
v -0.10223113181705175 -0.03405053030303029 -0.043460949494949414
v -0.09912359717458331 -0.03405053030303029 -0.03000248484848482
v -0.09565307209842355 -0.03405053030303029 -0.01654402020202017
v -0.0981408796416719 -0.03405053030303029 -0.003085555555555508
v -0.10185232841429669 -0.03405053030303029 0.010372909090909148
v -0.09899372952806458 -0.03405053030303029 0.10458216161616168
v -0.09264323908913857 -0.03405053030303029 0.11804062626262626
v -0.0912082626262626 -0.034072742904933444 0.11804062626262626
v -0.0912082626262626 -0.03405053030303029 0.12019659169052153
v -0.07717622222222219 -0.03405053030303029 -0.24325104966474614
v -0.08678171645448571 -0.03405053030303029 0.131499090909091
v -0.08602021123305179 -0.03405053030303029 0.14495755555555556
v -0.0840219863213314 -0.03405053030303029 0.1584160202020203
v -0.08177031805985399 -0.03405053030303029 0.1718744848484849
v -0.07912663361105418 -0.03405053030303029 0.1853329494949495
v -0.07717622222222219 -0.03487885102103868 0.1853329494949495
v -0.07717622222222219 -0.03405053030303029 0.19256857141051775
v -0.08069183687113334 -0.03405053030303029 0.2122498787878788
v -0.07717622222222219 -0.03405053030303029 0.20301430465593112
v -0.07717622222222219 -0.03660805544993082 0.2122498787878788
v -0.07717622222222219 -0.03405053030303029 0.2141030511340221
v -0.06314418181818177 -0.03405053030303029 -0.24322037706248179
v -0.07620422047448148 -0.03405053030303029 0.1987914141414142
v -0.06916740087216638 -0.03405053030303029 0.22570834343434354
v -0.07314712854063181 -0.03405053030303029 0.23916680808080812
v -0.07170029620876463 -0.03405053030303029 0.25262527272727286
v -0.07072656393823755 -0.03405053030303029 0.2660837373737375
v -0.07036827850548986 -0.03405053030303029 0.279542202020202
v -0.06976303813762745 -0.03405053030303029 0.29300066666666674
v -0.06839800498442049 -0.03405053030303029 0.3064591313131313
v -0.06414014716872882 -0.03405053030303029 0.31991759595959607
v -0.06314418181818177 -0.03405053030303029 0.3225706930701043
v -0.049112141414141344 -0.03405053030303029 -0.24315200929522995
v -0.05849856838472177 -0.03405053030303029 0.3333760606060607
v -0.05647151550625919 -0.03405053030303029 0.3468345252525254
v -0.05286932928781514 -0.03405053030303029 0.36029298989898995
v -0.049112141414141344 -0.03405053030303029 0.36660277830067334
v -0.03508010101010093 -0.03405053030303029 -0.2431850196347947
v -0.04300981795127968 -0.03405053030303029 0.37375145454545455
v -0.03523770996847332 -0.03405053030303029 0.38720991919191927
v -0.03508010101010093 -0.03405053030303029 0.38736700005553343
v -0.021048060606060588 -0.03405053030303029 -0.24268034105632197
v -0.021048060606060588 -0.03405053030303029 0.39737892899348
v -0.00701602020202017 -0.03405053030303029 -0.24069114678185238
v -0.01601476880449461 -0.03405053030303029 0.4006683838383839
v -0.00701602020202017 -0.03405053030303029 0.4047454400592407
v 0.007016020202020247 -0.03405053030303029 -0.24067378180625817
v 0.007016020202020247 -0.03405053030303029 0.4048023770546254
v 0.021048060606060744 -0.03405053030303029 -0.24309146026345943
v 0.016270168816177072 -0.03405053030303029 0.4006683838383839
v 0.021048060606060744 -0.03405053030303029 0.3976069861677244
v 0.03508010101010108 -0.03405053030303029 -0.24337850332180225
v 0.03508010101010108 -0.03405053030303029 0.38764472500148295
v 0.04911214141414143 -0.03405053030303029 -0.24330799306865103
v 0.043068637589296216 -0.03405053030303029 0.37375145454545455
v 0.04911214141414143 -0.03405053030303029 0.366380086133841
v 0.03552162905333123 -0.03405053030303029 0.38720991919191927
v 0.06314418181818192 -0.03405053030303029 -0.24336543044060546
v 0.05852700856956589 -0.03405053030303029 0.3333760606060607
v 0.06314418181818192 -0.03405053030303029 0.3223527822778746
v 0.05637342444085685 -0.03405053030303029 0.3468345252525254
v 0.05295571992174421 -0.03405053030303029 0.36029298989898995
v 0.07717622222222226 -0.03405053030303029 -0.24322942295282504
v 0.07717622222222226 -0.03454850915277045 0.1853329494949495
v 0.07633037277293109 -0.03405053030303029 0.1987914141414142
v 0.07717622222222226 -0.03405053030303029 0.19188380985251258
v 0.07717622222222226 -0.03405053030303029 0.20245124216161908
v 0.07717622222222226 -0.036972818530161176 0.2122498787878788
v 0.06894288166172649 -0.03405053030303029 0.22570834343434354
v 0.07717622222222226 -0.03405053030303029 0.2139371926267219
v 0.07313712502819554 -0.03405053030303029 0.23916680808080812
v 0.07168270323054628 -0.03405053030303029 0.25262527272727286
v 0.07076577680771222 -0.03405053030303029 0.2660837373737375
v 0.07034974327778482 -0.03405053030303029 0.279542202020202
v 0.06972409629140204 -0.03405053030303029 0.29300066666666674
v 0.06848641398661222 -0.03405053030303029 0.3064591313131313
v 0.064061403859738 -0.03405053030303029 0.31991759595959607
v 0.09120826262626276 -0.03405053030303029 -0.24272098594543917
v 0.09120826262626276 -0.03408349047777271 0.11804062626262626
v 0.08641003977489434 -0.03405053030303029 0.131499090909091
v 0.09120826262626276 -0.03405053030303029 0.1199862265333222
v 0.08577477954686355 -0.03405053030303029 0.14495755555555556
v 0.08368738090331707 -0.03405053030303029 0.1584160202020203
v 0.08149674735538422 -0.03405053030303029 0.1718744848484849
v 0.07841149129616172 -0.03405053030303029 0.1853329494949495
v 0.08063789970372699 -0.03405053030303029 0.2122498787878788
v 0.1052403030303031 -0.03405053030303029 -0.2427079120551076
v 0.10275965853766462 -0.03405053030303029 -0.056919414141414076
v 0.1052403030303031 -0.03405053030303029 -0.06487665045300986
v 0.0992393222515263 -0.03405053030303029 -0.043460949494949414
v 0.0955215469819579 -0.03405053030303029 -0.03000248484848482
v 0.09421045712800162 -0.03405053030303029 -0.01654402020202017
v 0.09901813744149975 -0.03405053030303029 -0.003085555555555508
v 0.1015623378925921 -0.03405053030303029 0.010372909090909148
v 0.1052403030303031 -0.03906741299823261 0.010372909090909148
v 0.1052403030303031 -0.03405053030303029 0.012696487648152135
v 0.09862063092847292 -0.03405053030303029 0.10458216161616168
v 0.1052403030303031 -0.03405053030303029 0.09639899256007053
v 0.09294093840736195 -0.03405053030303029 0.11804062626262626
v 0.11927234343434344 -0.03405053030303029 -0.24169738725419102
v 0.11870820276125285 -0.03405053030303029 -0.09729480808080804
v 0.11927234343434344 -0.03405053030303029 -0.09976020457531118
v 0.11927234343434344 -0.035947145850005725 -0.09729480808080804
v 0.1150112868059555 -0.03405053030303029 -0.08383634343434337
v 0.10902471579931541 -0.03405053030303029 -0.07037787878787874
v 0.11493311132371156 -0.03405053030303029 0.023831373737373804
v 0.11927234343434344 -0.03405053030303029 0.036136393913822694
v 0.11927234343434344 -0.03468129115476165 0.03728983838383847
v 0.1191698341967819 -0.03405053030303029 0.050748303030303046
v 0.11927234343434344 -0.03405053030303029 0.049279704397023956
v 0.11927234343434344 -0.034194821328853875 0.050748303030303046
v 0.11859795468441885 -0.03405053030303029 0.06420676767676771
v 0.11717988915895604 -0.03405053030303029 0.07766523232323236
v 0.11196923777176325 -0.03405053030303029 0.0911236969696971
v 0.13330438383838394 -0.03405053030303029 -0.2423404016570337
v 0.1297996421872333 -0.03405053030303029 -0.12421173737373728
v 0.13330438383838394 -0.03405053030303029 -0.13397911590922787
v 0.12470081664705968 -0.03405053030303029 -0.1107532727272727
v 0.13169817433204506 -0.03405053030303029 0.03728983838383847
v 0.13330438383838394 -0.03897776930888741 0.03728983838383847
v 0.11985765501499067 -0.03405053030303029 0.050748303030303046
v 0.13330438383838394 -0.03405053030303029 0.037880921574823354
v 0.13330438383838394 -0.03405053030303029 0.05446929481640049
v 0.14733642424242427 -0.03405053030303029 -0.24204437923652486
v 0.13755205223872596 -0.03405053030303029 -0.13767020202020194
v 0.14733642424242427 -0.03405053030303029 -0.14511721589433907
v 0.14733642424242427 -0.03515889622537143 0.023831373737373804
v 0.13414652249637016 -0.03405053030303029 0.03728983838383847
v 0.14733642424242427 -0.03405053030303029 0.023951454709639247
v 0.14733642424242427 -0.03405053030303029 0.05206355702624339
v 0.16136846464646476 -0.03405053030303029 -0.24148027378105152
v 0.16136846464646476 -0.03405053030303029 -0.14168016062112776
v 0.16136846464646476 -0.037850168060989176 -0.056919414141414076
v 0.16109707483498575 -0.03405053030303029 -0.043460949494949414
v 0.16136846464646476 -0.03405053030303029 -0.04929905475144799
v 0.16040269780249322 -0.03405053030303029 -0.03000248484848482
v 0.15955545145574165 -0.03405053030303029 -0.01654402020202017
v 0.15819993456625997 -0.03405053030303029 -0.003085555555555508
v 0.15485448123246442 -0.03405053030303029 0.010372909090909148
v 0.14742977355400208 -0.03405053030303029 0.023831373737373804
v 0.16136846464646476 -0.03405053030303029 0.0516900252783887
v 0.1754005050505051 -0.03405053030303029 -0.2418749028937899
v 0.16423421320010964 -0.03405053030303029 -0.13767020202020194
v 0.16644192434366417 -0.03405053030303029 -0.12421173737373728
v 0.16614555073618842 -0.03405053030303029 -0.1107532727272727
v 0.16448659560400067 -0.03405053030303029 -0.09729480808080804
v 0.16295878198371183 -0.03405053030303029 -0.08383634343434337
v 0.1621010086603705 -0.03405053030303029 -0.07037787878787874
v 0.16158705197041656 -0.03405053030303029 -0.056919414141414076
v 0.1623415325813865 -0.03405053030303029 0.050748303030303046
v 0.1754005050505051 -0.03405053030303029 0.04227328878152446
v 0.1894325454545456 -0.03405053030303029 -0.2410915246230637
v 0.1856463455371535 -0.03405053030303029 0.023831373737373804
v 0.1894325454545456 -0.03405053030303029 0.018940173959050864
v 0.18076565055267996 -0.03405053030303029 0.03728983838383847
v 0.20346458585858596 -0.03405053030303029 -0.2420717681757057
v 0.2010766050556171 -0.03405053030303029 -0.043460949494949414
v 0.20346458585858596 -0.03405053030303029 -0.05626975824779526
v 0.19731804354475876 -0.03405053030303029 -0.03000248484848482
v 0.19745891010295932 -0.03405053030303029 -0.01654402020202017
v 0.19619994756439282 -0.03405053030303029 -0.003085555555555508
v 0.19370479929642073 -0.03405053030303029 0.010372909090909148
v 0.21749662626262628 -0.03405053030303029 -0.241907183976563
v 0.2130590588969465 -0.03405053030303029 -0.08383634343434337
v 0.21749662626262628 -0.03405053030303029 -0.08845226968325523
v 0.20971188080135045 -0.03405053030303029 -0.07037787878787874
v 0.20357288755681555 -0.03405053030303029 -0.056919414141414076
v 0.23152866666666677 -0.03405053030303029 -0.24018940657632581
v 0.226201853981781 -0.03405053030303029 -0.09729480808080804
v 0.23152866666666677 -0.03405053030303029 -0.10004830256926776
v 0.24556070707070712 -0.03405053030303029 -0.24197723695522533
v 0.24556070707070712 -0.03484895578412281 -0.1107532727272727
v 0.24556070707070712 -0.03405053030303029 -0.10750025756681321
v 0.25959274747474764 -0.03405053030303029 -0.24222048548408487
v 0.25054595024551035 -0.03405053030303029 -0.1107532727272727
v 0.25959274747474764 -0.03405053030303029 -0.11470208776916693
v 0.27362478787878797 -0.03405053030303029 -0.24327016466435986
v 0.27362478787878797 -0.03405053030303029 -0.11475741642605183
v 0.28765682828282846 -0.03405053030303029 -0.24422249376139268
v 0.28765682828282846 -0.03405053030303029 -0.11594471380328106
v 0.3016888686868688 -0.03405053030303029 -0.24494681167433893
v 0.3016888686868688 -0.037598630418337164 -0.12421173737373728
v 0.3016888686868688 -0.03405053030303029 -0.11865789386374537
v 0.31572090909090916 -0.03405053030303029 -0.24455911792019425
v 0.30930967091091915 -0.03405053030303029 -0.12421173737373728
v 0.31572090909090916 -0.03405053030303029 -0.12820739153439212
v 0.32975294949494965 -0.03405053030303029 -0.24396937188770682
v 0.32145933738218135 -0.03405053030303029 -0.13767020202020194
v 0.32975294949494965 -0.03405053030303029 -0.14705765530795142
v 0.34378498989899 -0.03405053030303029 -0.23692302200643464
v 0.34378498989899 -0.035530032580413526 -0.19150406060606057
v 0.34003208674938745 -0.03405053030303029 -0.17804559595959593
v 0.34378498989899 -0.03405053030303029 -0.1889553445348688
v 0.3367706139718274 -0.03405053030303029 -0.16458713131313127
v 0.33378706489350024 -0.03405053030303029 -0.1511286666666666
v 0.3501024758495412 -0.03405053030303029 -0.2318794545454545
v 0.3490767928208441 -0.03405053030303029 -0.21842098989898984
v 0.34857327201817717 -0.03405053030303029 -0.20496252525252523
v 0.344870934448898 -0.03405053030303029 -0.19150406060606057
v -0.34378498989898987 -0.029501206501114097 -0.2318794545454545
v -0.3463301457819532 -0.028628287878787857 -0.21842098989898984
v -0.34378498989898987 -0.028628287878787857 -0.22532273917585227
v -0.34576342897049345 -0.028628287878787857 -0.20496252525252523
v -0.34378498989898987 -0.028628287878787857 -0.19165897950335917
v -0.34378498989898987 -0.028683382135293676 -0.19150406060606057
v -0.3423606554502097 -0.028628287878787857 -0.2318794545454545
v -0.3297529494949495 -0.028628287878787857 -0.24317914742970495
v -0.34375033024329626 -0.028628287878787857 -0.19150406060606057
v -0.3398129466095693 -0.028628287878787857 -0.17804559595959593
v -0.3353164431805036 -0.028628287878787857 -0.16458713131313127
v -0.3310526457430869 -0.028628287878787857 -0.1511286666666666
v -0.3297529494949495 -0.028628287878787857 -0.1494132386787563
v -0.3234917503595057 -0.028628287878787857 -0.24533791919191916
v -0.31572090909090905 -0.028628287878787857 -0.24959132812798793
v -0.31572090909090905 -0.033754746975577704 -0.24533791919191916
v -0.3227131545858572 -0.028628287878787857 -0.13767020202020194
v -0.31572090909090905 -0.028628287878787857 -0.12747248680640483
v -0.3016888686868686 -0.028628287878787857 -0.25035301783053615
v -0.3016888686868686 -0.033960437175867074 -0.24533791919191916
v -0.3108431814582316 -0.028628287878787857 -0.12421173737373728
v -0.3016888686868686 -0.028628287878787857 -0.11843247232539926
v -0.2876568282828283 -0.028628287878787857 -0.24957094830852877
v -0.2876568282828283 -0.03226899019114581 -0.24533791919191916
v -0.2876568282828283 -0.028628287878787857 -0.11675883438536998
v -0.27362478787878786 -0.028628287878787857 -0.24763966452875072
v -0.27362478787878786 -0.030695374753313614 -0.24533791919191916
v -0.27362478787878786 -0.028628287878787857 -0.11501086416561375
v -0.2667941167162821 -0.028628287878787857 -0.24533791919191916
v -0.2595927474747475 -0.028628287878787857 -0.24401658068376697
v -0.2595927474747475 -0.028628287878787857 -0.11368152345418456
v -0.24556070707070704 -0.028628287878787857 -0.24269463830126764
v -0.25377348298428937 -0.028628287878787857 -0.1107532727272727
v -0.24556070707070704 -0.028628287878787857 -0.10599511924376377
v -0.23152866666666663 -0.028628287878787857 -0.24118041685046476
v -0.23152866666666663 -0.028628287878787857 -0.09930969389445024
v -0.2174966262626262 -0.028628287878787857 -0.242327583492225
v -0.22784934448926533 -0.028628287878787857 -0.09729480808080804
v -0.2174966262626262 -0.028628287878787857 -0.0877361582977339
v -0.2034645858585858 -0.028628287878787857 -0.24228617861909682
v -0.21372688753806998 -0.028628287878787857 -0.08383634343434337
v -0.20711184853530784 -0.028628287878787857 -0.07037787878787874
v -0.2038375611348224 -0.028628287878787857 -0.056919414141414076
v -0.2034645858585858 -0.028628287878787857 -0.05434584226951154
v -0.18943254545454544 -0.028628287878787857 -0.24252645910485918
v -0.20146552948198826 -0.028628287878787857 -0.043460949494949414
v -0.1974640969449633 -0.028628287878787857 -0.03000248484848482
v -0.1958032978536227 -0.028628287878787857 -0.01654402020202017
v -0.19454223508775137 -0.028628287878787857 -0.003085555555555508
v -0.1912740982091304 -0.028628287878787857 0.010372909090909148
v -0.18943254545454544 -0.028628287878787857 0.014853475158978634
v -0.17540050505050503 -0.028628287878787857 -0.2431711787226979
v -0.1835703546040544 -0.028628287878787857 0.023831373737373804
v -0.17674134947840237 -0.028628287878787857 0.03728983838383847
v -0.17540050505050503 -0.028628287878787857 0.0386069021454765
v -0.16136846464646462 -0.028628287878787857 -0.2433905629166198
v -0.16136846464646462 -0.028628287878787857 0.04768398011825902
v -0.16136846464646462 -0.03093135880837329 0.050748303030303046
v -0.14733642424242419 -0.028628287878787857 -0.2440744249444341
v -0.1524942999124382 -0.028628287878787857 -0.12421173737373728
v -0.14733642424242419 -0.028628287878787857 -0.12818345156816863
v -0.14733642424242419 -0.031520027141137816 -0.12421173737373728
v -0.15892503144757272 -0.028628287878787857 -0.1107532727272727
v -0.15991385013830048 -0.028628287878787857 -0.09729480808080804
v -0.1594054932586706 -0.028628287878787857 -0.08383634343434337
v -0.1588555033295804 -0.028628287878787857 -0.07037787878787874
v -0.15827729484969208 -0.028628287878787857 -0.056919414141414076
v -0.15845291238826248 -0.028628287878787857 -0.043460949494949414
v -0.15922061193007825 -0.028628287878787857 -0.03000248484848482
v -0.1605228524310033 -0.028628287878787857 -0.01654402020202017
v -0.15933669651098803 -0.028628287878787857 -0.003085555555555508
v -0.1566697815476611 -0.028628287878787857 0.010372909090909148
v -0.14939013129317805 -0.028628287878787857 0.023831373737373804
v -0.14733642424242419 -0.03315400425535589 0.023831373737373804
v -0.14733642424242419 -0.028628287878787857 0.02674137979790718
v -0.14733642424242419 -0.028628287878787857 0.04697113183128996
v -0.14733642424242419 -0.029612028533684047 0.050748303030303046
v -0.13330438383838378 -0.028628287878787857 -0.24393772636841218
v -0.14146579270783444 -0.028628287878787857 -0.12421173737373728
v -0.13330438383838378 -0.028628287878787857 -0.11924608620291438
v -0.13330438383838378 -0.03318302404289663 -0.1107532727272727
v -0.13966041334600526 -0.028628287878787857 0.03728983838383847
v -0.13330438383838378 -0.030414808207222803 0.050748303030303046
v -0.11927234343434336 -0.028628287878787857 -0.24422868477866078
v -0.13006737798634072 -0.028628287878787857 -0.1107532727272727
v -0.123675121698119 -0.028628287878787857 -0.09729480808080804
v -0.11927234343434336 -0.028628287878787857 -0.09139151738099646
v -0.11927234343434336 -0.033054767499666245 -0.08383634343434337
v -0.1283448233720411 -0.028628287878787857 0.03728983838383847
v -0.11927234343434336 -0.028628287878787857 0.03316462575239143
v -0.11927234343434336 -0.028628287878787857 0.044554773904774254
v -0.11927234343434336 -0.030465509186641693 0.050748303030303046
v -0.12173018423982766 -0.028628287878787857 0.06420676767676771
v -0.11927234343434336 -0.028628287878787857 0.058360009561348784
v -0.11927234343434336 -0.028628287878787857 0.07214408361419886
v -0.10524030303030302 -0.028628287878787857 -0.24482832904089166
v -0.1170047265172418 -0.028628287878787857 -0.08383634343434337
v -0.10996491861949953 -0.028628287878787857 -0.07037787878787874
v -0.10524030303030302 -0.028628287878787857 -0.06560474460337554
v -0.11557314434546628 -0.028628287878787857 0.023831373737373804
v -0.10524030303030302 -0.028628287878787857 0.018131226031298252
v -0.11818309383620662 -0.028628287878787857 0.050748303030303046
v -0.11826721236482067 -0.028628287878787857 0.07766523232323236
v -0.11248260828111156 -0.028628287878787857 0.0911236969696971
v -0.10524030303030302 -0.028628287878787857 0.0981378086113751
v -0.0912082626262626 -0.028628287878787857 -0.24524732349378148
v -0.10185685629073142 -0.028628287878787857 -0.056919414141414076
v -0.09930289818394254 -0.028628287878787857 -0.043460949494949414
v -0.09708169872487712 -0.028628287878787857 -0.03000248484848482
v -0.09409946832648265 -0.028628287878787857 -0.01654402020202017
v -0.09943688235278705 -0.028628287878787857 -0.003085555555555508
v -0.100555410214651 -0.028628287878787857 0.010372909090909148
v -0.10093677385460367 -0.028628287878787857 0.10458216161616168
v -0.0959999871170232 -0.028628287878787857 0.11804062626262626
v -0.0912082626262626 -0.028628287878787857 0.12847022780901543
v -0.08926709899243852 -0.028628287878787857 -0.24533791919191916
v -0.07717622222222219 -0.028628287878787857 -0.24644291236897906
v -0.07717622222222219 -0.029191375356153466 -0.24533791919191916
v -0.09004037935658703 -0.028628287878787857 0.131499090909091
v -0.08705795308705908 -0.028628287878787857 0.14495755555555556
v -0.08488818836283411 -0.028628287878787857 0.1584160202020203
v -0.08343459692035882 -0.028628287878787857 0.1718744848484849
v -0.08220192479987778 -0.028628287878787857 0.1853329494949495
v -0.08160452824890208 -0.028628287878787857 0.1987914141414142
v -0.07717622222222219 -0.03232719622878358 0.1987914141414142
v -0.08383221568601569 -0.028628287878787857 0.2122498787878788
v -0.082263167312845 -0.028628287878787857 0.22570834343434354
v -0.07717622222222219 -0.030434494178636046 0.22570834343434354
v -0.07717622222222219 -0.028628287878787857 0.2365234026638198
v -0.06314418181818177 -0.028628287878787857 -0.2462593895933823
v -0.06314418181818177 -0.02917667538981414 -0.24533791919191916
v -0.07436266754842696 -0.028628287878787857 0.23916680808080812
v -0.07235623743769415 -0.028628287878787857 0.25262527272727286
v -0.07083560272390894 -0.028628287878787857 0.2660837373737375
v -0.06979520526702193 -0.028628287878787857 0.279542202020202
v -0.06859935587870175 -0.028628287878787857 0.29300066666666674
v -0.06657613740522168 -0.028628287878787857 0.3064591313131313
v -0.06314418181818177 -0.028628287878787857 0.3184395174796915
v -0.06314418181818177 -0.030078672988405726 0.31991759595959607
v -0.049112141414141344 -0.028628287878787857 -0.24599839282411798
v -0.049112141414141344 -0.02906508538006493 -0.24533791919191916
v -0.06245179914012719 -0.028628287878787857 0.31991759595959607
v -0.05783189249979987 -0.028628287878787857 0.3333760606060607
v -0.0548625950506139 -0.028628287878787857 0.3468345252525254
v -0.05034358493406122 -0.028628287878787857 0.36029298989898995
v -0.049112141414141344 -0.028628287878787857 0.3625852132990589
v -0.03508010101010093 -0.028628287878787857 -0.24588456740759657
v -0.03508010101010093 -0.029019961575186194 -0.24533791919191916
v -0.04165094534192776 -0.028628287878787857 0.37375145454545455
v -0.03508010101010093 -0.028628287878787857 0.38352764242714493
v -0.03508010101010093 -0.03366282979132209 0.38720991919191927
v -0.027759932761364427 -0.028628287878787857 -0.24533791919191916
v -0.021048060606060588 -0.028628287878787857 -0.24498718316953996
v -0.03181236638140344 -0.028628287878787857 0.38720991919191927
v -0.021048060606060588 -0.028628287878787857 0.39501141544037344
v -0.00701602020202017 -0.028628287878787857 -0.24276211558833957
v -0.00701602020202017 -0.028628287878787857 0.398319290768822
v -0.00701602020202017 -0.03076847439961397 0.4006683838383839
v 0.007016020202020247 -0.028628287878787857 -0.24280469889930242
v 0.007016020202020247 -0.028628287878787857 0.3983858803811411
v 0.007016020202020247 -0.030676455688004194 0.4006683838383839
v 0.020463785048795657 -0.028628287878787857 -0.24533791919191916
v 0.021048060606060744 -0.028628287878787857 -0.24562219801196483
v 0.021048060606060744 -0.028921007286077254 -0.24533791919191916
v 0.021048060606060744 -0.028628287878787857 0.39522983111284726
v 0.03508010101010108 -0.028628287878787857 -0.2466527385512625
v 0.03508010101010108 -0.029557391161300735 -0.24533791919191916
v 0.03215126419255471 -0.028628287878787857 0.38720991919191927
v 0.03508010101010108 -0.028628287878787857 0.3838888519204973
v 0.03508010101010108 -0.032980532652954336 0.38720991919191927
v 0.04911214141414143 -0.028628287878787857 -0.2469782936402367
v 0.04911214141414143 -0.02977541473297684 -0.24533791919191916
v 0.041866026393908955 -0.028628287878787857 0.37375145454545455
v 0.04911214141414143 -0.028628287878787857 0.36273845579491426
v 0.06314418181818192 -0.028628287878787857 -0.24729739487925168
v 0.06314418181818192 -0.029646215230736857 -0.24533791919191916
v 0.06252945431567931 -0.028628287878787857 0.31991759595959607
v 0.06314418181818192 -0.028628287878787857 0.31862490571599145
v 0.06314418181818192 -0.03005191832167274 0.31991759595959607
v 0.05792067037457842 -0.028628287878787857 0.3333760606060607
v 0.05481140061381186 -0.028628287878787857 0.3468345252525254
v 0.050477961253773296 -0.028628287878787857 0.36029298989898995
v 0.07717622222222226 -0.028628287878787857 -0.24650792970019011
v 0.07717622222222226 -0.02924782931274417 -0.24533791919191916
v 0.07717622222222226 -0.03245976898429354 0.1987914141414142
v 0.07717622222222226 -0.03029571693129109 0.22570834343434354
v 0.07436400307856281 -0.028628287878787857 0.23916680808080812
v 0.07717622222222226 -0.028628287878787857 0.23664318607992438
v 0.07230261193583985 -0.028628287878787857 0.25262527272727286
v 0.07074536974698564 -0.028628287878787857 0.2660837373737375
v 0.06984078570074981 -0.028628287878787857 0.279542202020202
v 0.06862833908136669 -0.028628287878787857 0.29300066666666674
v 0.06667300308742781 -0.028628287878787857 0.3064591313131313
v 0.08667302719706566 -0.028628287878787857 -0.24533791919191916
v 0.09120826262626276 -0.028628287878787857 -0.24506269412981962
v 0.0894605768669622 -0.028628287878787857 0.131499090909091
v 0.09120826262626276 -0.028628287878787857 0.1268999288562008
v 0.08671080058941522 -0.028628287878787857 0.14495755555555556
v 0.0844616848236199 -0.028628287878787857 0.1584160202020203
v 0.08277681316154793 -0.028628287878787857 0.1718744848484849
v 0.08131042631259926 -0.028628287878787857 0.1853329494949495
v 0.0812253622517545 -0.028628287878787857 0.1987914141414142
v 0.08369202155681713 -0.028628287878787857 0.2122498787878788
v 0.08224834007111194 -0.028628287878787857 0.22570834343434354
v 0.1052403030303031 -0.028628287878787857 -0.24434719902284344
v 0.10502969996797287 -0.028628287878787857 -0.07037787878787874
v 0.1052403030303031 -0.028628287878787857 -0.07109288795162742
v 0.1052403030303031 -0.029256822683350704 -0.07037787878787874
v 0.0998879411298531 -0.028628287878787857 -0.056919414141414076
v 0.09662061611724689 -0.028628287878787857 -0.043460949494949414
v 0.09291851080041773 -0.028628287878787857 -0.03000248484848482
v 0.09131813122822266 -0.028628287878787857 -0.01654402020202017
v 0.09975985585807626 -0.028628287878787857 -0.003085555555555508
v 0.09984219928239013 -0.028628287878787857 0.010372909090909148
v 0.1052403030303031 -0.028628287878787857 0.016850205188798074
v 0.10073356695288377 -0.028628287878787857 0.10458216161616168
v 0.1052403030303031 -0.028628287878787857 0.09818561733843935
v 0.09597556557573017 -0.028628287878787857 0.11804062626262626
v 0.11927234343434344 -0.028628287878787857 -0.2433671059657607
v 0.11924305189908344 -0.028628287878787857 -0.1107532727272727
v 0.11927234343434344 -0.028628287878787857 -0.11088608014947612
v 0.11927234343434344 -0.028701238314602542 -0.1107532727272727
v 0.11623869719666971 -0.028628287878787857 -0.09729480808080804
v 0.11232863932934721 -0.028628287878787857 -0.08383634343434337
v 0.1159490693733967 -0.028628287878787857 0.023831373737373804
v 0.11927234343434344 -0.028628287878787857 0.032185830147913354
v 0.11927234343434344 -0.03376805192539934 0.050748303030303046
v 0.11927234343434344 -0.03188227688721876 0.06420676767676771
v 0.11801678702197901 -0.028628287878787857 0.07766523232323236
v 0.11927234343434344 -0.028628287878787857 0.07172295403775308
v 0.11191906547205423 -0.028628287878787857 0.0911236969696971
v 0.13330438383838394 -0.028628287878787857 -0.24369393880691395
v 0.13113389001768158 -0.028628287878787857 -0.13767020202020194
v 0.13330438383838394 -0.028628287878787857 -0.14243015542903897
v 0.13330438383838394 -0.03202514800194557 -0.13767020202020194
v 0.1258510533517886 -0.028628287878787857 -0.12421173737373728
v 0.13035059757472528 -0.028628287878787857 0.03728983838383847
v 0.12998658733746446 -0.028628287878787857 0.050748303030303046
v 0.13330438383838394 -0.029696204960814668 0.050748303030303046
v 0.12186665275266866 -0.028628287878787857 0.06420676767676771
v 0.14733642424242427 -0.028628287878787857 -0.2431819074155912
v 0.14733642424242427 -0.028628287878787857 -0.14987564255795596
v 0.13919451581988987 -0.028628287878787857 0.03728983838383847
v 0.14733642424242427 -0.028628287878787857 0.028131808677623688
v 0.14733642424242427 -0.028628287878787857 0.04343599905094382
v 0.14733642424242427 -0.03166321825750013 0.050748303030303046
v 0.16136846464646476 -0.028628287878787857 -0.24278269553331208
v 0.16136846464646476 -0.028628287878787857 -0.1443257948436652
v 0.16136846464646476 -0.03344634315291013 -0.043460949494949414
v 0.16136846464646476 -0.031805884116526156 -0.03000248484848482
v 0.16136846464646476 -0.02994733169183148 -0.01654402020202017
v 0.1607373572522004 -0.028628287878787857 -0.003085555555555508
v 0.16136846464646476 -0.028628287878787857 -0.009960585601261921
v 0.1577931661339121 -0.028628287878787857 0.010372909090909148
v 0.1499424004411902 -0.028628287878787857 0.023831373737373804
v 0.16136846464646476 -0.028628287878787857 0.046866953889600625
v 0.16136846464646476 -0.032294889171672184 0.050748303030303046
v 0.1754005050505051 -0.028628287878787857 -0.24298740211295797
v 0.16656818712525848 -0.028628287878787857 -0.13767020202020194
v 0.16836082629726012 -0.028628287878787857 -0.12421173737373728
v 0.1678385286227194 -0.028628287878787857 -0.1107532727272727
v 0.16629445724691402 -0.028628287878787857 -0.09729480808080804
v 0.16463197193744986 -0.028628287878787857 -0.08383634343434337
v 0.163670837067964 -0.028628287878787857 -0.07037787878787874
v 0.16315152396702545 -0.028628287878787857 -0.056919414141414076
v 0.16267447472711702 -0.028628287878787857 -0.043460949494949414
v 0.1623155418820936 -0.028628287878787857 -0.03000248484848482
v 0.16177079924627355 -0.028628287878787857 -0.01654402020202017
v 0.1754005050505051 -0.028628287878787857 0.03867621922573912
v 0.1894325454545456 -0.028628287878787857 -0.24244097441041712
v 0.18332339824923147 -0.028628287878787857 0.023831373737373804
v 0.1894325454545456 -0.028628287878787857 0.013822426503343106
v 0.1768259490825941 -0.028628287878787857 0.03728983838383847
v 0.20346458585858596 -0.028628287878787857 -0.24308595411955064
v 0.20163171314433237 -0.028628287878787857 -0.056919414141414076
v 0.20346458585858596 -0.028628287878787857 -0.05888245364518059
v 0.20346458585858596 -0.03327721328032939 -0.056919414141414076
v 0.19977803065777155 -0.028628287878787857 -0.043460949494949414
v 0.1968384139317586 -0.028628287878787857 -0.03000248484848482
v 0.19611597067021608 -0.028628287878787857 -0.01654402020202017
v 0.19432966519135914 -0.028628287878787857 -0.003085555555555508
v 0.19082446510077633 -0.028628287878787857 0.010372909090909148
v 0.21749662626262628 -0.028628287878787857 -0.2424663800656228
v 0.21295535170208002 -0.028628287878787857 -0.08383634343434337
v 0.21749662626262628 -0.028628287878787857 -0.08839902982457351
v 0.20770633903561111 -0.028628287878787857 -0.07037787878787874
v 0.23152866666666677 -0.028628287878787857 -0.24095893983837943
v 0.22741979313770644 -0.028628287878787857 -0.09729480808080804
v 0.23152866666666677 -0.028628287878787857 -0.09934750557132616
v 0.24556070707070712 -0.028628287878787857 -0.24254800122687653
v 0.24556070707070712 -0.028628287878787857 -0.10670800280605708
v 0.25959274747474764 -0.028628287878787857 -0.24345105725425725
v 0.2531356334630021 -0.028628287878787857 -0.1107532727272727
v 0.25959274747474764 -0.028628287878787857 -0.11381990509784748
v 0.26854879514185714 -0.028628287878787857 -0.24533791919191916
v 0.27362478787878797 -0.028628287878787857 -0.24709367096989773
v 0.27362478787878797 -0.030158902845681016 -0.24533791919191916
v 0.27362478787878797 -0.028628287878787857 -0.11456969395519565
v 0.28765682828282846 -0.028628287878787857 -0.24911165164262986
v 0.28765682828282846 -0.03199019237544518 -0.24533791919191916
v 0.28765682828282846 -0.028628287878787857 -0.11578997928106541
v 0.3016888686868688 -0.028628287878787857 -0.2502776531823356
v 0.3016888686868688 -0.03341661721203402 -0.24533791919191916
v 0.3016888686868688 -0.028628287878787857 -0.11813729997619053
v 0.31572090909090916 -0.028628287878787857 -0.24899861539862098
v 0.31572090909090916 -0.032358499536317205 -0.24533791919191916
v 0.3104268074021029 -0.028628287878787857 -0.12421173737373728
v 0.31572090909090916 -0.028628287878787857 -0.12881998369735306
v 0.32260549949093326 -0.028628287878787857 -0.24533791919191916
v 0.32975294949494965 -0.028628287878787857 -0.24277542922909304
v 0.32141811515153035 -0.028628287878787857 -0.13767020202020194
v 0.32975294949494965 -0.028628287878787857 -0.1498761132650095
v 0.34215349556249586 -0.028628287878787857 -0.2318794545454545
v 0.34378498989899 -0.029614281538380825 -0.2318794545454545
v 0.34378498989899 -0.028628287878787857 -0.2243033145802433
v 0.34314771736430727 -0.028628287878787857 -0.19150406060606057
v 0.34378498989899 -0.028628287878787857 -0.1939536806700883
v 0.34378498989899 -0.02986330669559944 -0.19150406060606057
v 0.3396109877573819 -0.028628287878787857 -0.17804559595959593
v 0.3352777662515839 -0.028628287878787857 -0.16458713131313127
v 0.33069802135297777 -0.028628287878787857 -0.1511286666666666
v 0.3458548488338867 -0.028628287878787857 -0.21842098989898984
v 0.3456836355834422 -0.028628287878787857 -0.20496252525252523
v -0.34378498989898987 -0.025133984138769837 -0.21842098989898984
v -0.34378498989898987 -0.024976114573335283 -0.20496252525252523
v -0.33594337074980324 -0.023206045454545424 -0.2318794545454545
v -0.3297529494949495 -0.023206045454545424 -0.23708860029608417
v -0.3412027671764055 -0.023206045454545424 -0.21842098989898984
v -0.3416272621163994 -0.023206045454545424 -0.20496252525252523
v -0.34007325687856266 -0.023206045454545424 -0.19150406060606057
v -0.3371670465838102 -0.023206045454545424 -0.17804559595959593
v -0.3330717878670425 -0.023206045454545424 -0.16458713131313127
v -0.3297529494949495 -0.023206045454545424 -0.15555706844987088
v -0.3297529494949495 -0.025606514809444748 -0.1511286666666666
v -0.3177020575034601 -0.023206045454545424 -0.24533791919191916
v -0.31572090909090905 -0.023206045454545424 -0.2473726220022593
v -0.32772876658009076 -0.023206045454545424 -0.1511286666666666
v -0.32139994908991526 -0.023206045454545424 -0.13767020202020194
v -0.31572090909090905 -0.023206045454545424 -0.1294430918363263
v -0.3016888686868686 -0.023206045454545424 -0.25146055035618403
v -0.30923871586820495 -0.023206045454545424 -0.12421173737373728
v -0.3016888686868686 -0.023206045454545424 -0.11950175203754085
v -0.2876568282828283 -0.023206045454545424 -0.25119647033047576
v -0.2876568282828283 -0.023206045454545424 -0.11715325269799247
v -0.27362478787878786 -0.023206045454545424 -0.24960117188071707
v -0.27362478787878786 -0.023206045454545424 -0.11501285746704105
v -0.26304184663797947 -0.023206045454545424 -0.24533791919191916
v -0.2595927474747475 -0.023206045454545424 -0.24425186427394804
v -0.2595927474747475 -0.023206045454545424 -0.11251193269306431
v -0.24556070707070704 -0.023206045454545424 -0.24219263305616134
v -0.25588590208780126 -0.023206045454545424 -0.1107532727272727
v -0.24556070707070704 -0.023206045454545424 -0.1057350963600161
v -0.23152866666666663 -0.023206045454545424 -0.2408576070015212
v -0.23152866666666663 -0.023206045454545424 -0.09924637025019141
v -0.2174966262626262 -0.023206045454545424 -0.2417362259284457
v -0.22773444887977143 -0.023206045454545424 -0.09729480808080804
v -0.2174966262626262 -0.023206045454545424 -0.08873554487785446
v -0.2034645858585858 -0.023206045454545424 -0.24202052244099284
v -0.2122259894146774 -0.023206045454545424 -0.08383634343434337
v -0.20553325183702936 -0.023206045454545424 -0.07037787878787874
v -0.2034645858585858 -0.023206045454545424 -0.06320500813113908
v -0.2034645858585858 -0.027363741274279783 -0.056919414141414076
v -0.18943254545454544 -0.023206045454545424 -0.2427320704504908
v -0.20019662563394602 -0.023206045454545424 -0.056919414141414076
v -0.1984187005783085 -0.023206045454545424 -0.043460949494949414
v -0.19507873436733333 -0.023206045454545424 -0.03000248484848482
v -0.19289256915538966 -0.023206045454545424 -0.01654402020202017
v -0.1911432656108218 -0.023206045454545424 -0.003085555555555508
v -0.18943254545454544 -0.023206045454545424 0.003604513135756331
v -0.18943254545454544 -0.02537145508640217 0.010372909090909148
v -0.17540050505050503 -0.023206045454545424 -0.24380119780721288
v -0.1840116987342155 -0.023206045454545424 0.010372909090909148
v -0.17819388570256636 -0.023206045454545424 0.023831373737373804
v -0.17540050505050503 -0.023206045454545424 0.028712732817526877
v -0.17540050505050503 -0.02682573190348878 0.03728983838383847
v -0.16136846464646462 -0.023206045454545424 -0.2444289742746817
v -0.1617133472149454 -0.023206045454545424 -0.12421173737373728
v -0.16136846464646462 -0.023206045454545424 -0.12532360414675892
v -0.16136846464646462 -0.0237061318486898 -0.12421173737373728
v -0.1636613577843253 -0.023206045454545424 -0.1107532727272727
v -0.16136846464646462 -0.02686967826630168 -0.1107532727272727
v -0.16372223809782846 -0.023206045454545424 -0.09729480808080804
v -0.16136846464646462 -0.027306210344348804 -0.09729480808080804
v -0.16316235372591514 -0.023206045454545424 -0.08383634343434337
v -0.16136846464646462 -0.0264850346705447 -0.08383634343434337
v -0.1626909934305036 -0.023206045454545424 -0.07037787878787874
v -0.16136846464646462 -0.025631562304416926 -0.07037787878787874
v -0.16214641292128762 -0.023206045454545424 -0.056919414141414076
v -0.16136846464646462 -0.02461136591682084 -0.056919414141414076
v -0.1621057474045766 -0.023206045454545424 -0.043460949494949414
v -0.16136846464646462 -0.024585529514818075 -0.043460949494949414
v -0.1627765458454985 -0.023206045454545424 -0.03000248484848482
v -0.16136846464646462 -0.025551254084313604 -0.03000248484848482
v -0.16405012555283516 -0.023206045454545424 -0.01654402020202017
v -0.16136846464646462 -0.027400564568853262 -0.01654402020202017
v -0.1635668612405369 -0.023206045454545424 -0.003085555555555508
v -0.16136846464646462 -0.02580731809840709 -0.003085555555555508
v -0.16222048674846232 -0.023206045454545424 0.010372909090909148
v -0.16136846464646462 -0.023805931102444174 0.010372909090909148
v -0.16136846464646462 -0.023206045454545424 0.01191163508758717
v -0.16692068913342728 -0.023206045454545424 0.03728983838383847
v -0.16136846464646462 -0.023206045454545424 0.040854734082933206
v -0.14733642424242419 -0.023206045454545424 -0.24503365987597603
v -0.14815761885496156 -0.023206045454545424 -0.13767020202020194
v -0.14733642424242419 -0.023206045454545424 -0.13800582766607805
v -0.14733642424242419 -0.023466777045604254 -0.13767020202020194
v -0.15549757309143947 -0.023206045454545424 0.023831373737373804
v -0.1504691085066537 -0.023206045454545424 0.03728983838383847
v -0.14733642424242419 -0.02412664906199889 0.03728983838383847
v -0.13330438383838378 -0.023206045454545424 -0.24503649766466437
v -0.1465987309716252 -0.023206045454545424 -0.13767020202020194
v -0.13330438383838378 -0.023206045454545424 -0.13151894630640146
v -0.13330438383838378 -0.026731098361239262 -0.12421173737373728
v -0.12119425114733885 -0.023206045454545424 -0.24533791919191916
v -0.11927234343434336 -0.023206045454545424 -0.24540269693559194
v -0.11927234343434336 -0.023352849996787137 -0.24533791919191916
v -0.1301110940585581 -0.023206045454545424 -0.12421173737373728
v -0.12354793453801634 -0.023206045454545424 -0.1107532727272727
v -0.11927234343434336 -0.023206045454545424 -0.10418481986607477
v -0.11927234343434336 -0.026181143150838797 -0.09729480808080804
v -0.12653113313486283 -0.023206045454545424 0.03728983838383847
v -0.11927234343434336 -0.023206045454545424 0.030322005980746924
v -0.11927234343434336 -0.023206045454545424 0.04147338220342502
v -0.11932676002690293 -0.023206045454545424 0.06420676767676771
v -0.11927234343434336 -0.023206045454545424 0.06413022052495396
v -0.11927234343434336 -0.023206045454545424 0.06485517102341229
v -0.10524030303030302 -0.023206045454545424 -0.2465045750093466
v -0.10524030303030302 -0.025918033250334715 -0.24533791919191916
v -0.117501994940584 -0.023206045454545424 -0.09729480808080804
v -0.11319353605451778 -0.023206045454545424 -0.08383634343434337
v -0.10524030303030302 -0.023206045454545424 -0.07261713369255847
v -0.10524030303030302 -0.024900883919817627 -0.07037787878787874
v -0.11717824514745073 -0.023206045454545424 0.023831373737373804
v -0.10524030303030302 -0.023206045454545424 0.014196468557087845
v -0.11720541438043536 -0.023206045454545424 0.050748303030303046
v -0.1186699426500639 -0.023206045454545424 0.07766523232323236
v -0.11321926809607934 -0.023206045454545424 0.0911236969696971
v -0.10524030303030302 -0.023206045454545424 0.10148823678790456
v -0.0912082626262626 -0.023206045454545424 -0.24794216830867916
v -0.0912082626262626 -0.028276698007578503 -0.24533791919191916
v -0.10450865827097931 -0.023206045454545424 -0.07037787878787874
v -0.09712812950441492 -0.023206045454545424 -0.056919414141414076
v -0.0954575363284328 -0.023206045454545424 -0.043460949494949414
v -0.09439912160349054 -0.023206045454545424 -0.03000248484848482
v -0.09324082304286048 -0.023206045454545424 -0.01654402020202017
v -0.1001244126727553 -0.023206045454545424 -0.003085555555555508
v -0.10397406940252338 -0.023206045454545424 0.010372909090909148
v -0.10348620451439362 -0.023206045454545424 0.10458216161616168
v -0.09859786920837968 -0.023206045454545424 0.11804062626262626
v -0.09415260125862979 -0.023206045454545424 0.131499090909091
v -0.0912082626262626 -0.02612381248688298 0.131499090909091
v -0.0912082626262626 -0.023206045454545424 0.13897213941540335
v -0.07717622222222219 -0.023206045454545424 -0.24925873235803475
v -0.08969773060549492 -0.023206045454545424 0.14495755555555556
v -0.08719091154277604 -0.023206045454545424 0.1584160202020203
v -0.08565980694460341 -0.023206045454545424 0.1718744848484849
v -0.08454799891880066 -0.023206045454545424 0.1853329494949495
v -0.0842409563233775 -0.023206045454545424 0.1987914141414142
v -0.08573564501817381 -0.023206045454545424 0.2122498787878788
v -0.08524713747994049 -0.023206045454545424 0.22570834343434354
v -0.07717622222222219 -0.023206045454545424 0.23856584703166786
v -0.06314418181818177 -0.023206045454545424 -0.24920298257568438
v -0.07547505597139077 -0.023206045454545424 0.23916680808080812
v -0.07271652432940112 -0.023206045454545424 0.25262527272727286
v -0.0704903541297427 -0.023206045454545424 0.2660837373737375
v -0.06861981528239579 -0.023206045454545424 0.279542202020202
v -0.06686091960690563 -0.023206045454545424 0.29300066666666674
v -0.06435071869617665 -0.023206045454545424 0.3064591313131313
v -0.06314418181818177 -0.023206045454545424 0.31104153991412986
v -0.049112141414141344 -0.023206045454545424 -0.2487462037734422
v -0.05998573542887947 -0.023206045454545424 0.31991759595959607
v -0.05585079669333804 -0.023206045454545424 0.3333760606060607
v -0.05230610963828863 -0.023206045454545424 0.3468345252525254
v -0.049112141414141344 -0.023206045454545424 0.35517226884280584
v -0.049112141414141344 -0.025957686775964404 0.36029298989898995
v -0.03508010101010093 -0.023206045454545424 -0.2483926110717851
v -0.04643516259242411 -0.023206045454545424 0.36029298989898995
v -0.0386931755763095 -0.023206045454545424 0.37375145454545455
v -0.03508010101010093 -0.023206045454545424 0.37861481995694907
v -0.021048060606060588 -0.023206045454545424 -0.247303883959386
v -0.021048060606060588 -0.02762949104404165 -0.24533791919191916
v -0.027320317755444676 -0.023206045454545424 0.38720991919191927
v -0.021048060606060588 -0.023206045454545424 0.39135149259746244
v -0.00701602020202017 -0.023206045454545424 -0.24554625603383898
v -0.00701602020202017 -0.023486275966120965 -0.24533791919191916
v -0.00701602020202017 -0.023206045454545424 0.3948876394533326
v 0.007016020202020247 -0.023206045454545424 -0.24566594998378743
v 0.007016020202020247 -0.0236449370297779 -0.24533791919191916
v 0.007016020202020247 -0.023206045454545424 0.39498327207552786
v 0.021048060606060744 -0.023206045454545424 -0.24814548108210166
v 0.021048060606060744 -0.023206045454545424 0.3916894151950108
v 0.03508010101010108 -0.023206045454545424 -0.24945625994352322
v 0.02779663582959557 -0.023206045454545424 0.38720991919191927
v 0.03508010101010108 -0.023206045454545424 0.3790333024008121
v 0.04911214141414143 -0.023206045454545424 -0.2501690204357005
v 0.046633952002447215 -0.023206045454545424 0.36029298989898995
v 0.04911214141414143 -0.023206045454545424 0.3553643166308633
v 0.04911214141414143 -0.025754484970971873 0.36029298989898995
v 0.038984367474137444 -0.023206045454545424 0.37375145454545455
v 0.06314418181818192 -0.023206045454545424 -0.25055193610053017
v 0.060202031013783505 -0.023206045454545424 0.31991759595959607
v 0.06314418181818192 -0.023206045454545424 0.3117054417900038
v 0.056118835983882974 -0.023206045454545424 0.3333760606060607
v 0.052338883033592215 -0.023206045454545424 0.3468345252525254
v 0.07717622222222226 -0.023206045454545424 -0.24983529738591423
v 0.07550547197040224 -0.023206045454545424 0.23916680808080812
v 0.07717622222222226 -0.023206045454545424 0.23859242466574898
v 0.07257871264973309 -0.023206045454545424 0.25262527272727286
v 0.07032725984328228 -0.023206045454545424 0.2660837373737375
v 0.06872332681780358 -0.023206045454545424 0.279542202020202
v 0.06701133418774151 -0.023206045454545424 0.29300066666666674
v 0.06453662834488466 -0.023206045454545424 0.3064591313131313
v 0.09120826262626276 -0.023206045454545424 -0.24761030312986038
v 0.09120826262626276 -0.027536677709932914 -0.24533791919191916
v 0.0904055564225845 -0.023206045454545424 -0.03000248484848482
v 0.09120826262626276 -0.023206045454545424 -0.037664899923452365
v 0.09120826262626276 -0.02591679695029466 -0.03000248484848482
v 0.08875815009952626 -0.023206045454545424 -0.01654402020202017
v 0.09120826262626276 -0.028491822785238593 -0.01654402020202017
v 0.09120826262626276 -0.023206045454545424 -0.015429360216353095
v 0.09120826262626276 -0.025144133350449023 0.131499090909091
v 0.08908984897479152 -0.023206045454545424 0.14495755555555556
v 0.09120826262626276 -0.023206045454545424 0.13674242078591475
v 0.08654426902063589 -0.023206045454545424 0.1584160202020203
v 0.08471526041183784 -0.023206045454545424 0.1718744848484849
v 0.08353100580292255 -0.023206045454545424 0.1853329494949495
v 0.08362167733772416 -0.023206045454545424 0.1987914141414142
v 0.08554109909855029 -0.023206045454545424 0.2122498787878788
v 0.0851910538501014 -0.023206045454545424 0.22570834343434354
v 0.10485763492002001 -0.023206045454545424 -0.24533791919191916
v 0.1052403030303031 -0.023206045454545424 -0.24529328483259816
v 0.1026347076910288 -0.023206045454545424 -0.07037787878787874
v 0.1052403030303031 -0.023206045454545424 -0.07891987194384296
v 0.09554464861142817 -0.023206045454545424 -0.056919414141414076
v 0.09290018756648931 -0.023206045454545424 -0.043460949494949414
v 0.10098844465197217 -0.023206045454545424 -0.003085555555555508
v 0.10473507772363694 -0.023206045454545424 0.010372909090909148
v 0.1052403030303031 -0.023206045454545424 0.011517166818649649
v 0.10315746760244333 -0.023206045454545424 0.10458216161616168
v 0.1052403030303031 -0.023206045454545424 0.10100655269850259
v 0.09832907180900702 -0.023206045454545424 0.11804062626262626
v 0.09351903067614567 -0.023206045454545424 0.131499090909091
v 0.11927234343434344 -0.023206045454545424 -0.24416674748000042
v 0.11917421962920234 -0.023206045454545424 -0.12421173737373728
v 0.11927234343434344 -0.023206045454545424 -0.12477854423338636
v 0.11927234343434344 -0.02340454962988015 -0.12421173737373728
v 0.11622314084517789 -0.023206045454545424 -0.1107532727272727
v 0.1128974641954481 -0.023206045454545424 -0.09729480808080804
v 0.10849875199502777 -0.023206045454545424 -0.08383634343434337
v 0.11724458294105765 -0.023206045454545424 0.023831373737373804
v 0.11927234343434344 -0.023206045454545424 0.029412961825497623
v 0.11834079448645511 -0.023206045454545424 0.050748303030303046
v 0.11927234343434344 -0.023206045454545424 0.04524957121559833
v 0.11927234343434344 -0.025038590546476374 0.050748303030303046
v 0.11927234343434344 -0.023206045454545424 0.06048508351268599
v 0.1181631746451526 -0.023206045454545424 0.07766523232323236
v 0.11927234343434344 -0.023206045454545424 0.06985004011852512
v 0.11242716457548173 -0.023206045454545424 0.0911236969696971
v 0.13330438383838394 -0.023206045454545424 -0.2441892618704467
v 0.1321727659226081 -0.023206045454545424 -0.1511286666666666
v 0.13330438383838394 -0.023206045454545424 -0.15264926868357745
v 0.13330438383838394 -0.024320690768727653 -0.1511286666666666
v 0.12524515325842672 -0.023206045454545424 -0.13767020202020194
v 0.1279205305880579 -0.023206045454545424 0.03728983838383847
v 0.12059621981209308 -0.023206045454545424 0.06420676767676771
v 0.14733642424242427 -0.023206045454545424 -0.24372757732207684
v 0.14733642424242427 -0.023206045454545424 -0.15486565393317184
v 0.14733642424242427 -0.027693724694955364 -0.1511286666666666
v 0.14733642424242427 -0.02498436209351198 0.03728983838383847
v 0.16136846464646476 -0.023206045454545424 -0.24354863625135384
v 0.15769110607795034 -0.023206045454545424 -0.1511286666666666
v 0.16136846464646476 -0.023206045454545424 -0.1489790298378532
v 0.16136846464646476 -0.027793302337610477 -0.003085555555555508
v 0.16136846464646476 -0.024977739525580193 0.010372909090909148
v 0.15666169015386888 -0.023206045454545424 0.023831373737373804
v 0.16136846464646476 -0.023206045454545424 0.014889375613864775
v 0.152705667529627 -0.023206045454545424 0.03728983838383847
v 0.16136846464646476 -0.023206045454545424 0.04005013775379479
v 0.1754005050505051 -0.023206045454545424 -0.24356412064581406
v 0.1700089639260447 -0.023206045454545424 -0.13767020202020194
v 0.17170962077357074 -0.023206045454545424 -0.12421173737373728
v 0.17120953090632815 -0.023206045454545424 -0.1107532727272727
v 0.16975213596642214 -0.023206045454545424 -0.09729480808080804
v 0.1680100109428461 -0.023206045454545424 -0.08383634343434337
v 0.16707044830734608 -0.023206045454545424 -0.07037787878787874
v 0.16666301606586476 -0.023206045454545424 -0.056919414141414076
v 0.1661769699689037 -0.023206045454545424 -0.043460949494949414
v 0.16600832551176684 -0.023206045454545424 -0.03000248484848482
v 0.1656135854244528 -0.023206045454545424 -0.01654402020202017
v 0.16523063331132032 -0.023206045454545424 -0.003085555555555508
v 0.16399996533460798 -0.023206045454545424 0.010372909090909148
v 0.166083071343284 -0.023206045454545424 0.03728983838383847
v 0.1754005050505051 -0.023206045454545424 0.02819594728597287
v 0.1754005050505051 -0.02676196627566259 0.03728983838383847
v 0.1894325454545456 -0.023206045454545424 -0.24306482154496245
v 0.18257772214918425 -0.023206045454545424 0.010372909090909148
v 0.1894325454545456 -0.023206045454545424 0.002243130809783042
v 0.1894325454545456 -0.026114368876236697 0.010372909090909148
v 0.17782145950667116 -0.023206045454545424 0.023831373737373804
v 0.20346458585858596 -0.023206045454545424 -0.24294882328311215
v 0.1977956856082208 -0.023206045454545424 -0.056919414141414076
v 0.20346458585858596 -0.023206045454545424 -0.06568768393622165
v 0.19625546762672214 -0.023206045454545424 -0.043460949494949414
v 0.1941016886353366 -0.023206045454545424 -0.03000248484848482
v 0.1929755603739169 -0.023206045454545424 -0.01654402020202017
v 0.190871265895214 -0.023206045454545424 -0.003085555555555508
v 0.21749662626262628 -0.023206045454545424 -0.24208119475636453
v 0.21120672046578076 -0.023206045454545424 -0.08383634343434337
v 0.21749662626262628 -0.023206045454545424 -0.08972056358553047
v 0.20505845925784524 -0.023206045454545424 -0.07037787878787874
v 0.23152866666666677 -0.023206045454545424 -0.2407481299749064
v 0.22695511084242553 -0.023206045454545424 -0.09729480808080804
v 0.23152866666666677 -0.023206045454545424 -0.09954003117075268
v 0.24556070707070712 -0.023206045454545424 -0.24194322196735835
v 0.24556070707070712 -0.023206045454545424 -0.10673965073602606
v 0.25959274747474764 -0.023206045454545424 -0.24367334011246677
v 0.2546726873861636 -0.023206045454545424 -0.1107532727272727
v 0.25959274747474764 -0.023206045454545424 -0.11289177684771197
v 0.2646369044015002 -0.023206045454545424 -0.24533791919191916
v 0.27362478787878797 -0.023206045454545424 -0.2489971172270442
v 0.27362478787878797 -0.023206045454545424 -0.11460419457253623
v 0.28765682828282846 -0.023206045454545424 -0.2507138157167036
v 0.28765682828282846 -0.023206045454545424 -0.11620241845240177
v 0.3016888686868688 -0.023206045454545424 -0.25150084208798024
v 0.3016888686868688 -0.023206045454545424 -0.11929116703007607
v 0.31572090909090916 -0.023206045454545424 -0.24692045432634224
v 0.30878194694110744 -0.023206045454545424 -0.12421173737373728
v 0.31572090909090916 -0.023206045454545424 -0.1311332308980579
v 0.31734636001828276 -0.023206045454545424 -0.24533791919191916
v 0.32975294949494965 -0.023206045454545424 -0.23684201207912725
v 0.32672445730830285 -0.023206045454545424 -0.1511286666666666
v 0.32975294949494965 -0.023206045454545424 -0.15682347473226343
v 0.32975294949494965 -0.02646968067426008 -0.1511286666666666
v 0.32002469688062435 -0.023206045454545424 -0.13767020202020194
v 0.3358429769767367 -0.023206045454545424 -0.2318794545454545
v 0.3407096006827754 -0.023206045454545424 -0.21842098989898984
v 0.34378498989899 -0.025705754190401286 -0.21842098989898984
v 0.3413317337489986 -0.023206045454545424 -0.20496252525252523
v 0.34378498989899 -0.025174774157071506 -0.20496252525252523
v 0.3395020896085584 -0.023206045454545424 -0.19150406060606057
v 0.3368148020088326 -0.023206045454545424 -0.17804559595959593
v 0.33280788871991357 -0.023206045454545424 -0.16458713131313127
v -0.3297529494949495 -0.020271894002669148 -0.2318794545454545
v -0.33340995802455314 -0.017783803030302997 -0.21842098989898984
v -0.3297529494949495 -0.017783803030302997 -0.22078332820286634
v -0.33563322751756974 -0.017783803030302997 -0.20496252525252523
v -0.3353626732514007 -0.017783803030302997 -0.19150406060606057
v -0.333188691030453 -0.017783803030302997 -0.17804559595959593
v -0.3297529494949495 -0.017783803030302997 -0.16492751790296756
v -0.3297529494949495 -0.017872616922801756 -0.16458713131313127
v -0.31572090909090905 -0.022690042147035155 -0.24533791919191916
v -0.32490837022147906 -0.017783803030302997 -0.2318794545454545
v -0.31572090909090905 -0.017783803030302997 -0.23717952939022968
v -0.32959787168755766 -0.017783803030302997 -0.16458713131313127
v -0.3237212896257908 -0.017783803030302997 -0.1511286666666666
v -0.31845615916453157 -0.017783803030302997 -0.13767020202020194
v -0.31572090909090905 -0.017783803030302997 -0.13310902101852473
v -0.30187535854896014 -0.017783803030302997 -0.24533791919191916
v -0.3016888686868686 -0.017783803030302997 -0.24562602629325872
v -0.30595637184349433 -0.017783803030302997 -0.12421173737373728
v -0.3016888686868686 -0.017783803030302997 -0.12169019823956413
v -0.2876568282828283 -0.017783803030302997 -0.2507301001185615
v -0.2876568282828283 -0.017783803030302997 -0.11834677191561514
v -0.27362478787878786 -0.017783803030302997 -0.25008548311865986
v -0.27362478787878786 -0.017783803030302997 -0.11551560198434625
v -0.2657991609088292 -0.017783803030302997 -0.24533791919191916
v -0.2595927474747475 -0.017783803030302997 -0.24259534739043243
v -0.2595927474747475 -0.017783803030302997 -0.1121002876753483
v -0.24556070707070704 -0.017783803030302997 -0.2409370375161187
v -0.2565849838085594 -0.017783803030302997 -0.1107532727272727
v -0.24556070707070704 -0.017783803030302997 -0.106104897989243
v -0.23152866666666663 -0.017783803030302997 -0.24005150598102795
v -0.23152866666666663 -0.017783803030302997 -0.09988034794697903
v -0.2174966262626262 -0.017783803030302997 -0.2405951955130634
v -0.2261940623724695 -0.017783803030302997 -0.09729480808080804
v -0.2174966262626262 -0.017783803030302997 -0.09072412615973974
v -0.2034645858585858 -0.017783803030302997 -0.24115007657643892
v -0.20952832337521488 -0.017783803030302997 -0.08383634343434337
v -0.2034645858585858 -0.017783803030302997 -0.07246671315626282
v -0.2034645858585858 -0.018883262710273546 -0.07037787878787874
v -0.18943254545454544 -0.017783803030302997 -0.24233912832276208
v -0.2012763652136594 -0.017783803030302997 -0.07037787878787874
v -0.1955106624346964 -0.017783803030302997 -0.056919414141414076
v -0.19385634086174297 -0.017783803030302997 -0.043460949494949414
v -0.19099069803536406 -0.017783803030302997 -0.03000248484848482
v -0.18943254545454544 -0.017783803030302997 -0.022030580623955884
v -0.18943254545454544 -0.018685266691543266 -0.01654402020202017
v -0.18943254545454544 -0.02083862323106284 -0.003085555555555508
v -0.17540050505050503 -0.017783803030302997 -0.24396484374303948
v -0.18233107148016275 -0.017783803030302997 -0.01654402020202017
v -0.17631713447515238 -0.017783803030302997 -0.003085555555555508
v -0.17540050505050503 -0.017783803030302997 -0.0007361286470418359
v -0.17540050505050503 -0.018920802716473454 0.010372909090909148
v -0.17540050505050503 -0.02076882833135239 0.023831373737373804
v -0.16136846464646462 -0.017783803030302997 -0.24488722780010966
v -0.1668166078794533 -0.017783803030302997 -0.12421173737373728
v -0.16136846464646462 -0.017783803030302997 -0.13754933179511436
v -0.16835490018856453 -0.017783803030302997 -0.1107532727272727
v -0.16852213717153613 -0.017783803030302997 -0.09729480808080804
v -0.16809290757653114 -0.017783803030302997 -0.08383634343434337
v -0.16772397554053317 -0.017783803030302997 -0.07037787878787874
v -0.167258233768502 -0.017783803030302997 -0.056919414141414076
v -0.16745663983147863 -0.017783803030302997 -0.043460949494949414
v -0.1692011853302806 -0.017783803030302997 -0.03000248484848482
v -0.1719189856176047 -0.017783803030302997 -0.01654402020202017
v -0.17441627394176085 -0.017783803030302997 -0.003085555555555508
v -0.16136846464646462 -0.020297981447833468 0.023831373737373804
v -0.16136846464646462 -0.02061624908890326 0.03728983838383847
v -0.14733642424242419 -0.017783803030302997 -0.2452559221303539
v -0.16126709843043444 -0.017783803030302997 -0.13767020202020194
v -0.14733642424242419 -0.017783803030302997 -0.14700785629557292
v -0.14070789794813895 -0.017783803030302997 -0.24533791919191916
v -0.13330438383838378 -0.017783803030302997 -0.24544758270162018
v -0.13330438383838378 -0.01888228053761891 -0.24533791919191916
v -0.13330438383838378 -0.017783803030302997 -0.14504346479555866
v -0.13330438383838378 -0.02093218376972857 -0.13767020202020194
v -0.11927234343434336 -0.017783803030302997 -0.2456932480141734
v -0.12908071611959257 -0.017783803030302997 -0.13767020202020194
v -0.12184046528712189 -0.017783803030302997 -0.12421173737373728
v -0.11927234343434336 -0.017783803030302997 -0.12071460080573129
v -0.11927234343434336 -0.021192478949658707 -0.1107532727272727
v -0.1224297196249117 -0.017783803030302997 0.03728983838383847
v -0.11927234343434336 -0.017783803030302997 0.03161185848113173
v -0.11927234343434336 -0.017783803030302997 0.03803209877392501
v -0.11927234343434336 -0.023166912734948628 0.06420676767676771
v -0.10524030303030302 -0.017783803030302997 -0.24668769934813506
v -0.11697928271180097 -0.017783803030302997 -0.1107532727272727
v -0.11295882607027079 -0.017783803030302997 -0.09729480808080804
v -0.10772645291974228 -0.017783803030302997 -0.08383634343434337
v -0.10524030303030302 -0.017783803030302997 -0.08094586855090037
v -0.11774748777567814 -0.017783803030302997 0.023831373737373804
v -0.10524030303030302 -0.017783803030302997 0.010859943031521229
v -0.11458388673327993 -0.017783803030302997 0.050748303030303046
v -0.11698853173454186 -0.017783803030302997 0.06420676767676771
v -0.1180190963590438 -0.017783803030302997 0.07766523232323236
v -0.11350087392257482 -0.017783803030302997 0.0911236969696971
v -0.10558373023097152 -0.017783803030302997 0.10458216161616168
v -0.10524030303030302 -0.018203742162543828 0.10458216161616168
v -0.10524030303030302 -0.017783803030302997 0.10518423797235382
v -0.0912082626262626 -0.017783803030302997 -0.2488797140528986
v -0.10189986248420464 -0.017783803030302997 -0.07037787878787874
v -0.0912082626262626 -0.017783803030302997 -0.060099141809658786
v -0.0912082626262626 -0.020099145031282926 -0.056919414141414076
v -0.0912082626262626 -0.021012598463012892 -0.043460949494949414
v -0.0912082626262626 -0.021764436236092744 -0.03000248484848482
v -0.0940660878223692 -0.017783803030302997 -0.01654402020202017
v -0.0912082626262626 -0.017783803030302997 -0.022127885044496354
v -0.09967946242102559 -0.017783803030302997 -0.003085555555555508
v -0.10510280795355012 -0.017783803030302997 0.010372909090909148
v -0.10101498269139549 -0.017783803030302997 0.11804062626262626
v -0.09731522084791085 -0.017783803030302997 0.131499090909091
v -0.09342782684747021 -0.017783803030302997 0.14495755555555556
v -0.0912082626262626 -0.020125662450673293 0.14495755555555556
v -0.0912082626262626 -0.017783803030302997 0.15209280582554427
v -0.07717622222222219 -0.017783803030302997 -0.25042153695289365
v -0.09004361562869359 -0.017783803030302997 -0.056919414141414076
v -0.08955056676267034 -0.017783803030302997 -0.043460949494949414
v -0.08854091523387331 -0.017783803030302997 -0.03000248484848482
v -0.0899280796678555 -0.017783803030302997 0.1584160202020203
v -0.08795558588785884 -0.017783803030302997 0.1718744848484849
v -0.08655529710864822 -0.017783803030302997 0.1853329494949495
v -0.08607725636144632 -0.017783803030302997 0.1987914141414142
v -0.08674854210703498 -0.017783803030302997 0.2122498787878788
v -0.08415369057749114 -0.017783803030302997 0.22570834343434354
v -0.07717622222222219 -0.017783803030302997 0.2388434324140141
v -0.06314418181818177 -0.017783803030302997 -0.25056849511647233
v -0.07633378490750128 -0.017783803030302997 0.23916680808080812
v -0.07272348701491385 -0.017783803030302997 0.25262527272727286
v -0.06956039456342589 -0.017783803030302997 0.2660837373737375
v -0.06670890767145708 -0.017783803030302997 0.279542202020202
v -0.06416845909270565 -0.017783803030302997 0.29300066666666674
v -0.06314418181818177 -0.017783803030302997 0.2978669955442854
v -0.06314418181818177 -0.02064266485798409 0.3064591313131313
v -0.049112141414141344 -0.017783803030302997 -0.2501674819392156
v -0.06072001983474237 -0.017783803030302997 0.3064591313131313
v -0.05680040230576561 -0.017783803030302997 0.31991759595959607
v -0.05283257686772579 -0.017783803030302997 0.3333760606060607
v -0.049112141414141344 -0.017783803030302997 0.3447964159530381
v -0.049112141414141344 -0.018481122668959182 0.3468345252525254
v -0.03508010101010093 -0.017783803030302997 -0.24976190502513615
v -0.048225080092619985 -0.017783803030302997 0.3468345252525254
v -0.04183841110226798 -0.017783803030302997 0.36029298989898995
v -0.03508010101010093 -0.017783803030302997 0.37172210458222565
v -0.03508010101010093 -0.01881744938539051 0.37375145454545455
v -0.021048060606060588 -0.017783803030302997 -0.24904994085807333
v -0.03394542101438014 -0.017783803030302997 0.37375145454545455
v -0.021048060606060588 -0.017783803030302997 0.38571650298205234
v -0.021048060606060588 -0.01881169339589113 0.38720991919191927
v -0.00701602020202017 -0.017783803030302997 -0.24936757474979948
v -0.020237266708387144 -0.017783803030302997 0.38720991919191927
v -0.00701602020202017 -0.017783803030302997 0.39236939605430254
v 0.007016020202020247 -0.017783803030302997 -0.24946966120057962
v 0.007016020202020247 -0.017783803030302997 0.3924316568721243
v 0.021048060606060744 -0.017783803030302997 -0.2497976930932609
v 0.020504419825108932 -0.017783803030302997 0.38720991919191927
v 0.021048060606060744 -0.017783803030302997 0.38619951244168
v 0.021048060606060744 -0.01845172686133729 0.38720991919191927
v 0.03508010101010108 -0.017783803030302997 -0.25125860182008447
v 0.03431782880112921 -0.017783803030302997 0.37375145454545455
v 0.03508010101010108 -0.017783803030302997 0.372383313252525
v 0.03508010101010108 -0.01846056065496146 0.37375145454545455
v 0.04911214141414143 -0.017783803030302997 -0.2522154566946169
v 0.04851733958881247 -0.017783803030302997 0.3468345252525254
v 0.04911214141414143 -0.017783803030302997 0.3454551132689806
v 0.04911214141414143 -0.01827716020535075 0.3468345252525254
v 0.04216487058977119 -0.017783803030302997 0.36029298989898995
v 0.06314418181818192 -0.017783803030302997 -0.252535863562687
v 0.061140853306895296 -0.017783803030302997 0.3064591313131313
v 0.06314418181818192 -0.017783803030302997 0.29948464417883286
v 0.06314418181818192 -0.020192019223403315 0.3064591313131313
v 0.057209624178627 -0.017783803030302997 0.31991759595959607
v 0.053046361135989414 -0.017783803030302997 0.3333760606060607
v 0.07717622222222226 -0.017783803030302997 -0.2517971211464798
v 0.07637388072559739 -0.017783803030302997 0.23916680808080812
v 0.07717622222222226 -0.017783803030302997 0.23886467705126244
v 0.07252628893749936 -0.017783803030302997 0.25262527272727286
v 0.06937104871503555 -0.017783803030302997 0.2660837373737375
v 0.06688559923514309 -0.017783803030302997 0.279542202020202
v 0.06451877267589093 -0.017783803030302997 0.29300066666666674
v 0.09120826262626276 -0.017783803030302997 -0.2487102981932586
v 0.08974237133278785 -0.017783803030302997 -0.056919414141414076
v 0.09120826262626276 -0.017783803030302997 -0.06113504381888014
v 0.09120826262626276 -0.020742251214466722 -0.056919414141414076
v 0.08940827175976754 -0.017783803030302997 -0.043460949494949414
v 0.09120826262626276 -0.02205295538952777 -0.043460949494949414
v 0.0877804245202497 -0.017783803030302997 -0.03000248484848482
v 0.09073464207965097 -0.017783803030302997 -0.01654402020202017
v 0.09120826262626276 -0.017783803030302997 -0.01627154729063921
v 0.09120826262626276 -0.01873341342813965 0.14495755555555556
v 0.08903811595118065 -0.017783803030302997 0.1584160202020203
v 0.09120826262626276 -0.017783803030302997 0.14775578320139868
v 0.08667702820263547 -0.017783803030302997 0.1718744848484849
v 0.0852401642586701 -0.017783803030302997 0.1853329494949495
v 0.08520670316195827 -0.017783803030302997 0.1987914141414142
v 0.08652642126010485 -0.017783803030302997 0.2122498787878788
v 0.08425026228459336 -0.017783803030302997 0.22570834343434354
v 0.10421583915109822 -0.017783803030302997 -0.24533791919191916
v 0.1052403030303031 -0.017783803030302997 -0.24510886621360004
v 0.10431396218745101 -0.017783803030302997 -0.08383634343434337
v 0.1052403030303031 -0.017783803030302997 -0.09004960690416586
v 0.1052403030303031 -0.020164768996266957 -0.08383634343434337
v 0.10033535240096446 -0.017783803030302997 -0.07037787878787874
v 0.10149247101363788 -0.017783803030302997 -0.003085555555555508
v 0.1052403030303031 -0.017783803030302997 0.009807492386358049
v 0.1052403030303031 -0.020441365218935068 0.010372909090909148
v 0.1048347601173243 -0.017783803030302997 0.10458216161616168
v 0.1052403030303031 -0.017783803030302997 0.10368677242014702
v 0.10041011104233145 -0.017783803030302997 0.11804062626262626
v 0.0966076500694237 -0.017783803030302997 0.131499090909091
v 0.09214025410529478 -0.017783803030302997 0.14495755555555556
v 0.11927234343434344 -0.017783803030302997 -0.244063020834309
v 0.11767886266956178 -0.017783803030302997 -0.13767020202020194
v 0.11927234343434344 -0.017783803030302997 -0.14742946576261245
v 0.11927234343434344 -0.020216701430827905 -0.13767020202020194
v 0.11545326394095015 -0.017783803030302997 -0.12421173737373728
v 0.1122338138408115 -0.017783803030302997 -0.1107532727272727
v 0.10787497755336009 -0.017783803030302997 -0.09729480808080804
v 0.10745593456308894 -0.017783803030302997 0.010372909090909148
v 0.11760393823290197 -0.017783803030302997 0.023831373737373804
v 0.11927234343434344 -0.017783803030302997 0.030619604494997843
v 0.11589876044606895 -0.017783803030302997 0.050748303030303046
v 0.11927234343434344 -0.017783803030302997 0.038811494898943484
v 0.11725526159612115 -0.017783803030302997 0.06420676767676771
v 0.11927234343434344 -0.022227337469816713 0.06420676767676771
v 0.11731481818898923 -0.017783803030302997 0.07766523232323236
v 0.11254603387006094 -0.017783803030302997 0.0911236969696971
v 0.13330438383838394 -0.017783803030302997 -0.24388093062985416
v 0.12172722015268445 -0.017783803030302997 -0.1511286666666666
v 0.13330438383838394 -0.017783803030302997 -0.16262176473181775
v 0.12346052635421353 -0.017783803030302997 0.03728983838383847
v 0.14733642424242427 -0.017783803030302997 -0.24371167448628067
v 0.14733642424242427 -0.017783803030302997 -0.16069397894838444
v 0.16136846464646476 -0.017783803030302997 -0.24388007984317864
v 0.16136846464646476 -0.017783803030302997 -0.154104223970848
v 0.16136846464646476 -0.02137238649841695 -0.1511286666666666
v 0.16136846464646476 -0.020973319390040886 0.023831373737373804
v 0.16136846464646476 -0.02107532017808131 0.03728983838383847
v 0.1754005050505051 -0.017783803030302997 -0.2438012680375603
v 0.16520996450044576 -0.017783803030302997 -0.1511286666666666
v 0.1745018882719819 -0.017783803030302997 -0.13767020202020194
v 0.1754005050505051 -0.017783803030302997 -0.13178832538400356
v 0.1754005050505051 -0.01891737042480229 -0.12421173737373728
v 0.1754005050505051 -0.01856577514376974 -0.1107532727272727
v 0.17500684376648568 -0.017783803030302997 -0.09729480808080804
v 0.1754005050505051 -0.017783803030302997 -0.10249872620006682
v 0.1736771622638665 -0.017783803030302997 -0.08383634343434337
v 0.17323453916012926 -0.017783803030302997 -0.07037787878787874
v 0.17335257265495635 -0.017783803030302997 -0.056919414141414076
v 0.17356911609610995 -0.017783803030302997 -0.043460949494949414
v 0.17379574989999833 -0.017783803030302997 -0.03000248484848482
v 0.1748329225562559 -0.017783803030302997 -0.01654402020202017
v 0.1754005050505051 -0.017783803030302997 -0.012297543885936763
v 0.1754005050505051 -0.018224326265408226 -0.003085555555555508
v 0.1754005050505051 -0.019555751411950408 0.010372909090909148
v 0.1754005050505051 -0.02109503846945391 0.023831373737373804
v 0.1894325454545456 -0.017783803030302997 -0.24303332913197803
v 0.17609724882880612 -0.017783803030302997 -0.12421173737373728
v 0.1759369328080484 -0.017783803030302997 -0.1107532727272727
v 0.18872315925477923 -0.017783803030302997 -0.03000248484848482
v 0.1894325454545456 -0.017783803030302997 -0.03023487288757508
v 0.1894325454545456 -0.01780612897774543 -0.03000248484848482
v 0.17698290715463968 -0.017783803030302997 -0.01654402020202017
v 0.1894325454545456 -0.018870262928659027 -0.01654402020202017
v 0.1894325454545456 -0.021225571908940363 -0.003085555555555508
v 0.20346458585858596 -0.017783803030302997 -0.24187763759288822
v 0.19847336180418493 -0.017783803030302997 -0.07037787878787874
v 0.20346458585858596 -0.017783803030302997 -0.07520943093406957
v 0.20346458585858596 -0.020077038530831072 -0.07037787878787874
v 0.19269645526394494 -0.017783803030302997 -0.056919414141414076
v 0.1912362359742127 -0.017783803030302997 -0.043460949494949414
v 0.21749662626262628 -0.017783803030302997 -0.24076746903377225
v 0.20794917571271837 -0.017783803030302997 -0.08383634343434337
v 0.21749662626262628 -0.017783803030302997 -0.09207326012501292
v 0.23152866666666677 -0.017783803030302997 -0.23993590443702117
v 0.22457178415484857 -0.017783803030302997 -0.09729480808080804
v 0.23152866666666677 -0.017783803030302997 -0.10071906310929706
v 0.24556070707070712 -0.017783803030302997 -0.24069410229638147
v 0.24556070707070712 -0.017783803030302997 -0.10746960920255294
v 0.25959274747474764 -0.017783803030302997 -0.2422971133200474
v 0.25421379622054985 -0.017783803030302997 -0.1107532727272727
v 0.25959274747474764 -0.017783803030302997 -0.11287707208308821
v 0.2668019683395245 -0.017783803030302997 -0.24533791919191916
v 0.27362478787878797 -0.017783803030302997 -0.24937747679918454
v 0.27362478787878797 -0.017783803030302997 -0.11531933468614532
v 0.28765682828282846 -0.017783803030302997 -0.25007534958229954
v 0.28765682828282846 -0.017783803030302997 -0.11758900807339584
v 0.3016888686868688 -0.017783803030302997 -0.24596021504331725
v 0.3016888686868688 -0.017783803030302997 -0.12161657063185548
v 0.3021289105316221 -0.017783803030302997 -0.24533791919191916
v 0.31572090909090916 -0.022777519656767675 -0.24533791919191916
v 0.31572090909090916 -0.017783803030302997 -0.23715767645807598
v 0.3056144778199103 -0.017783803030302997 -0.12421173737373728
v 0.31572090909090916 -0.017783803030302997 -0.13529034906876145
v 0.32483238706073664 -0.017783803030302997 -0.2318794545454545
v 0.32975294949494965 -0.02036835405085247 -0.2318794545454545
v 0.32975294949494965 -0.017783803030302997 -0.2208045738087718
v 0.3284712210546413 -0.017783803030302997 -0.16458713131313127
v 0.32975294949494965 -0.017783803030302997 -0.1671997878462917
v 0.32975294949494965 -0.018446465280073376 -0.16458713131313127
v 0.3221722533811481 -0.017783803030302997 -0.1511286666666666
v 0.3170615106366542 -0.017783803030302997 -0.13767020202020194
v 0.3332727528102197 -0.017783803030302997 -0.21842098989898984
v 0.33521826450640335 -0.017783803030302997 -0.20496252525252523
v 0.33473043013203424 -0.017783803030302997 -0.19150406060606057
v 0.3326637971370456 -0.017783803030302997 -0.17804559595959593
v -0.3297529494949495 -0.015710401441417454 -0.21842098989898984
v -0.3297529494949495 -0.013337188496024213 -0.20496252525252523
v -0.3297529494949495 -0.012676874082021224 -0.19150406060606057
v -0.3297529494949495 -0.013812923544863883 -0.17804559595959593
v -0.31572090909090905 -0.015318879628744283 -0.2318794545454545
v -0.31900655083495294 -0.01236156060606057 -0.21842098989898984
v -0.31572090909090905 -0.01236156060606057 -0.21901539546526264
v -0.32638675163718195 -0.01236156060606057 -0.20496252525252523
v -0.32869154707390197 -0.01236156060606057 -0.19150406060606057
v -0.32623688364003117 -0.01236156060606057 -0.17804559595959593
v -0.3226321842305775 -0.01236156060606057 -0.16458713131313127
v -0.3192468055615775 -0.01236156060606057 -0.1511286666666666
v -0.31572090909090905 -0.01236156060606057 -0.14199791448753016
v -0.31572090909090905 -0.01378486052060623 -0.13767020202020194
v -0.3016888686868686 -0.017733280238828232 -0.24533791919191916
v -0.30412165623736115 -0.01236156060606057 -0.2318794545454545
v -0.3016888686868686 -0.01236156060606057 -0.23325833739474797
v -0.3138044285767792 -0.01236156060606057 -0.13767020202020194
v -0.3016888686868686 -0.01236156060606057 -0.12549478011057166
v -0.3016888686868686 -0.01354147261892542 -0.12421173737373728
v -0.2876568282828283 -0.014823601097086657 -0.24533791919191916
v -0.2876568282828283 -0.01236156060606057 -0.24294253215783673
v -0.29905330745294145 -0.01236156060606057 -0.12421173737373728
v -0.2876568282828283 -0.01236156060606057 -0.12059757840388763
v -0.27362478787878786 -0.012420201686619555 -0.24533791919191916
v -0.27362478787878786 -0.01236156060606057 -0.24531475267509786
v -0.27362478787878786 -0.01236156060606057 -0.11689994302382317
v -0.2595927474747475 -0.01236156060606057 -0.24069340851886972
v -0.2595927474747475 -0.01236156060606057 -0.11286076208957684
v -0.24556070707070704 -0.01236156060606057 -0.2397726120199174
v -0.2545222648404746 -0.01236156060606057 -0.1107532727272727
v -0.24556070707070704 -0.01236156060606057 -0.10732512462501549
v -0.23152866666666663 -0.01236156060606057 -0.23938787122177851
v -0.23152866666666663 -0.01236156060606057 -0.10147445718684107
v -0.2174966262626262 -0.01236156060606057 -0.23964269194741278
v -0.22274009332399203 -0.01236156060606057 -0.09729480808080804
v -0.2174966262626262 -0.01236156060606057 -0.0936713070016212
v -0.2034645858585858 -0.01236156060606057 -0.24021348649572244
v -0.20520706303183714 -0.01236156060606057 -0.08383634343434337
v -0.2034645858585858 -0.01236156060606057 -0.08102280122405198
v -0.18943254545454544 -0.01236156060606057 -0.24174676413529667
v -0.19280363043514484 -0.01236156060606057 -0.07037787878787874
v -0.18943254545454544 -0.01236156060606057 -0.05720748230022807
v -0.18943254545454544 -0.012393190743611626 -0.056919414141414076
v -0.18943254545454544 -0.013521433483364351 -0.043460949494949414
v -0.18943254545454544 -0.01597112457593187 -0.03000248484848482
v -0.17540050505050503 -0.01236156060606057 -0.24377108486930452
v -0.17584909184515235 -0.01236156060606057 -0.08383634343434337
v -0.17540050505050503 -0.01236156060606057 -0.09396431532340091
v -0.17540050505050503 -0.012580035961329086 -0.08383634343434337
v -0.17738410408098648 -0.01236156060606057 -0.07037787878787874
v -0.17540050505050503 -0.012801249769560617 -0.07037787878787874
v -0.17540050505050503 -0.013019337712125231 -0.056919414141414076
v -0.17540050505050503 -0.01349311515048263 -0.043460949494949414
v -0.17540050505050503 -0.014711462320128724 -0.03000248484848482
v -0.17540050505050503 -0.016256849893255335 -0.01654402020202017
v -0.17540050505050503 -0.017436368685823187 -0.003085555555555508
v -0.16136846464646462 -0.01236156060606057 -0.24487200142379287
v -0.1686423406844354 -0.01236156060606057 -0.13767020202020194
v -0.16136846464646462 -0.01236156060606057 -0.1469705559100856
v -0.16136846464646462 -0.017737481252305915 -0.13767020202020194
v -0.17294574698369772 -0.01236156060606057 -0.12421173737373728
v -0.17467863301027733 -0.01236156060606057 -0.1107532727272727
v -0.17527570415366323 -0.01236156060606057 -0.09729480808080804
v -0.14733642424242419 -0.01236156060606057 -0.24474457418078485
v -0.15647594691513653 -0.01236156060606057 -0.1511286666666666
v -0.14733642424242419 -0.01236156060606057 -0.15563182144839094
v -0.14733642424242419 -0.015696881704838767 -0.1511286666666666
v -0.13397694820358902 -0.01236156060606057 -0.24533791919191916
v -0.13330438383838378 -0.01236156060606057 -0.24537312775284376
v -0.13330438383838378 -0.01236156060606057 -0.15820356907416694
v -0.13330438383838378 -0.01571909244615507 -0.1511286666666666
v -0.13171485822633885 -0.01236156060606057 -0.24533791919191916
v -0.11927234343434336 -0.01477234485120108 -0.24533791919191916
v -0.11927234343434336 -0.01236156060606057 -0.24509221079509252
v -0.12416188518572474 -0.01236156060606057 -0.1511286666666666
v -0.11927234343434336 -0.01236156060606057 -0.14587625113572458
v -0.11927234343434336 -0.014127263369003096 -0.13767020202020194
v -0.11927234343434336 -0.016903746061102613 -0.12421173737373728
v -0.11927234343434336 -0.015244126941303629 0.03728983838383847
v -0.11105067650273237 -0.01236156060606057 -0.24533791919191916
v -0.10524030303030302 -0.01236156060606057 -0.2455586329821718
v -0.1179127735318812 -0.01236156060606057 -0.13767020202020194
v -0.11559964510954183 -0.01236156060606057 -0.12421173737373728
v -0.11190229725443707 -0.01236156060606057 -0.1107532727272727
v -0.10524030303030302 -0.01236156060606057 -0.09791467246253929
v -0.10524030303030302 -0.012623921183321358 -0.09729480808080804
v -0.10524030303030302 -0.01635565996109692 -0.08383634343434337
v -0.10859328902454471 -0.01236156060606057 0.010372909090909148
v -0.10524030303030302 -0.01236156060606057 0.008781788038494978
v -0.10524030303030302 -0.0167973786638339 0.010372909090909148
v -0.11709900108074234 -0.01236156060606057 0.023831373737373804
v -0.11773108526475057 -0.01236156060606057 0.03728983838383847
v -0.10524030303030302 -0.01236156060606057 0.04448426544850244
v -0.10524030303030302 -0.013391825102737918 0.050748303030303046
v -0.11350692276008663 -0.01236156060606057 0.06420676767676771
v -0.10524030303030302 -0.01236156060606057 0.05636187449843236
v -0.1163687676346443 -0.01236156060606057 0.07766523232323236
v -0.11282551843834829 -0.01236156060606057 0.0911236969696971
v -0.10681243534302313 -0.01236156060606057 0.10458216161616168
v -0.10524030303030302 -0.01236156060606057 0.10793391627403535
v -0.0912082626262626 -0.01236156060606057 -0.24882269131776796
v -0.1051142120071504 -0.01236156060606057 -0.09729480808080804
v -0.10344093466513493 -0.01236156060606057 -0.08383634343434337
v -0.09985187711700753 -0.01236156060606057 -0.07037787878787874
v -0.0912082626262626 -0.01236156060606057 -0.06653552196942868
v -0.09786790996694032 -0.01236156060606057 -0.01654402020202017
v -0.0912082626262626 -0.01236156060606057 -0.01795576185061903
v -0.10077001684162878 -0.01236156060606057 -0.003085555555555508
v -0.10284938794008841 -0.01236156060606057 0.050748303030303046
v -0.10255012925999651 -0.01236156060606057 0.11804062626262626
v -0.09924740489606779 -0.01236156060606057 0.131499090909091
v -0.09603760809254956 -0.01236156060606057 0.14495755555555556
v -0.09262012202876262 -0.01236156060606057 0.1584160202020203
v -0.0912082626262626 -0.014596916803489766 0.1584160202020203
v -0.0912082626262626 -0.01236156060606057 0.16339612276958213
v -0.07717622222222219 -0.01236156060606057 -0.25096091650556324
v -0.08656396865983412 -0.01236156060606057 -0.056919414141414076
v -0.0860309786346231 -0.01236156060606057 -0.043460949494949414
v -0.08084517691432168 -0.01236156060606057 -0.03000248484848482
v -0.0895233146633736 -0.01236156060606057 0.1718744848484849
v -0.0878326883285692 -0.01236156060606057 0.1853329494949495
v -0.08690308218652401 -0.01236156060606057 0.1987914141414142
v -0.08714358518801359 -0.01236156060606057 0.2122498787878788
v -0.08394050337400068 -0.01236156060606057 0.22570834343434354
v -0.07717622222222219 -0.01236156060606057 0.23890936479332198
v -0.06314418181818177 -0.01236156060606057 -0.25123107437039544
v -0.07660602884285653 -0.01236156060606057 0.23916680808080812
v -0.07223853934867534 -0.01236156060606057 0.25262527272727286
v -0.06775009502681509 -0.01236156060606057 0.2660837373737375
v -0.06348588713780921 -0.01236156060606057 0.279542202020202
v -0.06314418181818177 -0.01236156060606057 0.2810029326501047
v -0.06314418181818177 -0.016100137165211997 0.29300066666666674
v -0.049112141414141344 -0.01236156060606057 -0.2510049513077186
v -0.05966284993260001 -0.01236156060606057 0.29300066666666674
v -0.05590027759594347 -0.01236156060606057 0.3064591313131313
v -0.052308753860983236 -0.01236156060606057 0.31991759595959607
v -0.049112141414141344 -0.01236156060606057 0.33056140460354577
v -0.049112141414141344 -0.013179559825820033 0.3333760606060607
v -0.03508010101010093 -0.01236156060606057 -0.25069283740508935
v -0.048048062818631485 -0.01236156060606057 0.3333760606060607
v -0.04251269241762824 -0.01236156060606057 0.3468345252525254
v -0.0358882578094826 -0.01236156060606057 0.36029298989898995
v -0.03508010101010093 -0.01236156060606057 0.3614884586246044
v -0.021048060606060588 -0.01236156060606057 -0.25036556635154633
v -0.02674989294592555 -0.01236156060606057 0.37375145454545455
v -0.021048060606060588 -0.01236156060606057 0.3777312252010132
v -0.00701602020202017 -0.01236156060606057 -0.2514187066200853
v -0.00701602020202017 -0.01236156060606057 0.3837162146404671
v -0.00701602020202017 -0.014694838568940582 0.38720991919191927
v 0.007016020202020247 -0.01236156060606057 -0.25149192228768347
v 0.007016020202020247 -0.01236156060606057 0.3837449355465035
v 0.007016020202020247 -0.014659538633224617 0.38720991919191927
v 0.021048060606060744 -0.01236156060606057 -0.2511518298524509
v 0.021048060606060744 -0.01236156060606057 0.37801189761145904
v 0.03508010101010108 -0.01236156060606057 -0.2526988127820565
v 0.02713367585918893 -0.01236156060606057 0.37375145454545455
v 0.03508010101010108 -0.01236156060606057 0.3621597832214948
v 0.04911214141414143 -0.01236156060606057 -0.2538168244932249
v 0.04865612383583204 -0.01236156060606057 0.3333760606060607
v 0.04911214141414143 -0.01236156060606057 0.332244865380963
v 0.04911214141414143 -0.012735359091931908 0.3333760606060607
v 0.04307194352774664 -0.01236156060606057 0.3468345252525254
v 0.03634579287648426 -0.01236156060606057 0.36029298989898995
v 0.06314418181818192 -0.01236156060606057 -0.2541699981273664
v 0.06040564156170386 -0.01236156060606057 0.29300066666666674
v 0.06314418181818192 -0.01236156060606057 0.2827493461650249
v 0.06314418181818192 -0.015379806172522104 0.29300066666666674
v 0.05669739575667211 -0.01236156060606057 0.3064591313131313
v 0.05308001680995143 -0.01236156060606057 0.31991759595959607
v 0.07717622222222226 -0.01236156060606057 -0.25322112322319196
v 0.07661650904445658 -0.01236156060606057 0.23916680808080812
v 0.07717622222222226 -0.01236156060606057 0.23892861026671403
v 0.07198122569763515 -0.01236156060606057 0.25262527272727286
v 0.06761948273920633 -0.01236156060606057 0.2660837373737375
v 0.06381410111634528 -0.01236156060606057 0.279542202020202
v 0.09120826262626276 -0.01236156060606057 -0.24908083640403456
v 0.08650377336608664 -0.01236156060606057 -0.056919414141414076
v 0.09120826262626276 -0.01236156060606057 -0.0670046406111402
v 0.08635281767231495 -0.01236156060606057 -0.043460949494949414
v 0.08151666661543158 -0.01236156060606057 -0.03000248484848482
v 0.09120826262626276 -0.01236156060606057 -0.01822443420576089
v 0.09120826262626276 -0.017154332716189276 -0.01654402020202017
v 0.09104406822759534 -0.01236156060606057 0.1584160202020203
v 0.09120826262626276 -0.01236156060606057 0.15762375978045834
v 0.08801628062474996 -0.01236156060606057 0.1718744848484849
v 0.08617653769475507 -0.01236156060606057 0.1853329494949495
v 0.08568499135926332 -0.01236156060606057 0.1987914141414142
v 0.08693211587021245 -0.01236156060606057 0.2122498787878788
v 0.08385561491064131 -0.01236156060606057 0.22570834343434354
v 0.10053002752455982 -0.01236156060606057 -0.24533791919191916
v 0.1052403030303031 -0.01236156060606057 -0.24361288048774796
v 0.10328627451918274 -0.01236156060606057 -0.09729480808080804
v 0.1052403030303031 -0.01236156060606057 -0.10980725505920438
v 0.1052403030303031 -0.016246261848346395 -0.09729480808080804
v 0.10191912503731049 -0.01236156060606057 -0.08383634343434337
v 0.0984926640613492 -0.01236156060606057 -0.07037787878787874
v 0.09553835117912937 -0.01236156060606057 -0.01654402020202017
v 0.10135627405992227 -0.01236156060606057 -0.003085555555555508
v 0.1052403030303031 -0.01236156060606057 0.009105786561763949
v 0.1052403030303031 -0.012887684225251501 0.10458216161616168
v 0.1016401204172945 -0.01236156060606057 0.11804062626262626
v 0.1052403030303031 -0.01236156060606057 0.10476274167068478
v 0.09848056794019237 -0.01236156060606057 0.131499090909091
v 0.09502611363629804 -0.01236156060606057 0.14495755555555556
v 0.11927234343434344 -0.01236156060606057 -0.24320772290631193
v 0.11751861301534743 -0.01236156060606057 -0.16458713131313127
v 0.11927234343434344 -0.01236156060606057 -0.16901316345551268
v 0.11927234343434344 -0.014074347315120937 -0.16458713131313127
v 0.11465538039329898 -0.01236156060606057 -0.1511286666666666
v 0.11927234343434344 -0.01715393675233313 -0.1511286666666666
v 0.11252727834866774 -0.01236156060606057 -0.13767020202020194
v 0.11015711460802935 -0.01236156060606057 -0.12421173737373728
v 0.1057098240553948 -0.01236156060606057 -0.1107532727272727
v 0.10830334527116152 -0.01236156060606057 0.010372909090909148
v 0.11664275871040641 -0.01236156060606057 0.023831373737373804
v 0.11779239707341065 -0.01236156060606057 0.03728983838383847
v 0.11927234343434344 -0.014671429614733486 0.03728983838383847
v 0.10883397094330373 -0.01236156060606057 0.050748303030303046
v 0.11423595612835892 -0.01236156060606057 0.06420676767676771
v 0.1155119995311161 -0.01236156060606057 0.07766523232323236
v 0.1117193731058864 -0.01236156060606057 0.0911236969696971
v 0.1053236773744427 -0.01236156060606057 0.10458216161616168
v 0.13330438383838394 -0.01236156060606057 -0.24342964955617538
v 0.13330438383838394 -0.01236156060606057 -0.17126516290087
v 0.13330438383838394 -0.01693833591188255 -0.16458713131313127
v 0.14733642424242427 -0.01236156060606057 -0.24341263838266633
v 0.14733642424242427 -0.01236156060606057 -0.16698195705272523
v 0.14733642424242427 -0.01482990891241215 -0.16458713131313127
v 0.16136846464646476 -0.01236156060606057 -0.24385233622428035
v 0.1535708657907958 -0.01236156060606057 -0.16458713131313127
v 0.16136846464646476 -0.01236156060606057 -0.1598298915644341
v 0.1754005050505051 -0.01236156060606057 -0.2436636448091939
v 0.17168386280913311 -0.01236156060606057 -0.1511286666666666
v 0.1754005050505051 -0.01236156060606057 -0.1455709249718752
v 0.1754005050505051 -0.016889479429306905 -0.13767020202020194
v 0.1754005050505051 -0.017455060222736477 -0.09729480808080804
v 0.1754005050505051 -0.01650587388128878 -0.08383634343434337
v 0.1754005050505051 -0.01635073439313064 -0.07037787878787874
v 0.1754005050505051 -0.016545522082961187 -0.056919414141414076
v 0.1754005050505051 -0.016766871079126132 -0.043460949494949414
v 0.1754005050505051 -0.016966515868725388 -0.03000248484848482
v 0.1754005050505051 -0.017519059467970628 -0.01654402020202017
v 0.1894325454545456 -0.01236156060606057 -0.24263343934811502
v 0.1790353929356348 -0.01236156060606057 -0.13767020202020194
v 0.18076989024082923 -0.01236156060606057 -0.12421173737373728
v 0.1813030607852374 -0.01236156060606057 -0.1107532727272727
v 0.18186980212833945 -0.01236156060606057 -0.09729480808080804
v 0.18367102920321302 -0.01236156060606057 -0.08383634343434337
v 0.1894325454545456 -0.01236156060606057 -0.07269242726508598
v 0.1894325454545456 -0.0126582539172124 -0.07037787878787874
v 0.1894325454545456 -0.014737662842800849 -0.056919414141414076
v 0.1894325454545456 -0.015949678925517418 -0.043460949494949414
v 0.20346458585858596 -0.01236156060606057 -0.240743239044372
v 0.199776385775454 -0.01236156060606057 -0.08383634343434337
v 0.20346458585858596 -0.01236156060606057 -0.08514706049265963
v 0.20346458585858596 -0.0128581186451504 -0.08383634343434337
v 0.21749662626262628 -0.01236156060606057 -0.2396168717772485
v 0.21749662626262628 -0.01236156060606057 -0.09554961668340269
v 0.23152866666666677 -0.01236156060606057 -0.23921067855447148
v 0.22004633495677733 -0.01236156060606057 -0.09729480808080804
v 0.23152866666666677 -0.01236156060606057 -0.10288041051784133
v 0.24556070707070712 -0.01236156060606057 -0.23957979558695255
v 0.24556070707070712 -0.01236156060606057 -0.1088051784676765
v 0.25959274747474764 -0.01236156060606057 -0.24043604163895324
v 0.251099943917559 -0.01236156060606057 -0.1107532727272727
v 0.25959274747474764 -0.01236156060606057 -0.11399043673989731
v 0.27362478787878797 -0.013724904712229518 -0.24533791919191916
v 0.27362478787878797 -0.01236156060606057 -0.24479329924248958
v 0.27362478787878797 -0.01236156060606057 -0.11701848751543271
v 0.28765682828282846 -0.015175982129689587 -0.24533791919191916
v 0.28765682828282846 -0.01236156060606057 -0.24258327088454085
v 0.28765682828282846 -0.01236156060606057 -0.12012145930896621
v 0.3016888686868688 -0.01767694871885405 -0.24533791919191916
v 0.3016888686868688 -0.01236156060606057 -0.23331191541464008
v 0.299220729078149 -0.01236156060606057 -0.12421173737373728
v 0.3016888686868688 -0.01236156060606057 -0.1256093917691152
v 0.3016888686868688 -0.01358230926803074 -0.12421173737373728
v 0.30448275342981174 -0.01236156060606057 -0.2318794545454545
v 0.31572090909090916 -0.015314499929114874 -0.2318794545454545
v 0.31572090909090916 -0.01236156060606057 -0.21901377712240036
v 0.31225475512571105 -0.01236156060606057 -0.13767020202020194
v 0.31572090909090916 -0.01236156060606057 -0.14640528774191655
v 0.31572090909090916 -0.01560379279730197 -0.13767020202020194
v 0.3188993156354694 -0.01236156060606057 -0.21842098989898984
v 0.32975294949494965 -0.015713301003669175 -0.21842098989898984
v 0.32571107538296074 -0.01236156060606057 -0.20496252525252523
v 0.32975294949494965 -0.013582476837189359 -0.20496252525252523
v 0.3268563615664182 -0.01236156060606057 -0.19150406060606057
v 0.32975294949494965 -0.013244469319382965 -0.19150406060606057
v 0.3244543634986771 -0.01236156060606057 -0.17804559595959593
v 0.32975294949494965 -0.014456677403742717 -0.17804559595959593
v 0.321037676475643 -0.01236156060606057 -0.16458713131313127
v 0.31755851666238155 -0.01236156060606057 -0.1511286666666666
v -0.31572090909090905 -0.011327977907507598 -0.21842098989898984
v -0.31572090909090905 -0.008561654334064552 -0.20496252525252523
v -0.31596629273925586 -0.0069393181818181715 -0.19150406060606057
v -0.31572090909090905 -0.0069393181818181715 -0.19218051986161167
v -0.3168021495994099 -0.0069393181818181715 -0.17804559595959593
v -0.31599866320512443 -0.0069393181818181715 -0.16458713131313127
v -0.31572090909090905 -0.0069393181818181715 -0.16320092237595282
v -0.31572090909090905 -0.008570530290163594 -0.1511286666666666
v -0.3016888686868686 -0.011508638736128758 -0.2318794545454545
v -0.3016888686868686 -0.0069940365569370186 -0.21842098989898984
v -0.3111199809768373 -0.0069393181818181715 -0.20496252525252523
v -0.3016888686868686 -0.0069393181818181715 -0.21795976500761316
v -0.3127616144872446 -0.0069393181818181715 -0.1511286666666666
v -0.3068643363061944 -0.0069393181818181715 -0.13767020202020194
v -0.3016888686868686 -0.0069393181818181715 -0.13231079935311466
v -0.2876568282828283 -0.007739220165672969 -0.2318794545454545
v -0.30156294004371714 -0.0069393181818181715 -0.21842098989898984
v -0.2876568282828283 -0.0069393181818181715 -0.22518869013383522
v -0.2887942259636055 -0.0069393181818181715 -0.12421173737373728
v -0.2876568282828283 -0.0069393181818181715 -0.12375567950153149
v -0.28600564422703584 -0.0069393181818181715 -0.2318794545454545
v -0.27362478787878786 -0.0069393181818181715 -0.23980809061075709
v -0.27362478787878786 -0.0069393181818181715 -0.11943567995791637
v -0.2595927474747475 -0.0069393181818181715 -0.239626291331456
v -0.2595927474747475 -0.0069393181818181715 -0.11489295096819672
v -0.24556070707070704 -0.0069393181818181715 -0.23898647116878727
v -0.2494618764577277 -0.0069393181818181715 -0.1107532727272727
v -0.24556070707070704 -0.0069393181818181715 -0.10931459896620692
v -0.23152866666666663 -0.0069393181818181715 -0.23920311541689215
v -0.23152866666666663 -0.0069393181818181715 -0.10407997055847386
v -0.2174966262626262 -0.0069393181818181715 -0.23923124423562975
v -0.2174966262626262 -0.0069393181818181715 -0.09778283648211189
v -0.2174966262626262 -0.007359937166882616 -0.09729480808080804
v -0.2034645858585858 -0.0069393181818181715 -0.23951444511937886
v -0.21594992300276017 -0.0069393181818181715 -0.09729480808080804
v -0.2034645858585858 -0.0069393181818181715 -0.09077604112310375
v -0.2034645858585858 -0.010477460261392575 -0.08383634343434337
v -0.18943254545454544 -0.0069393181818181715 -0.2410853203980433
v -0.18943254545454544 -0.0069393181818181715 -0.08814931758008603
v -0.18943254545454544 -0.007677948181061999 -0.08383634343434337
v -0.18943254545454544 -0.010222208668377798 -0.07037787878787874
v -0.17540050505050503 -0.0069393181818181715 -0.24321890221534587
v -0.17594628019530412 -0.0069393181818181715 -0.13767020202020194
v -0.17540050505050503 -0.0069393181818181715 -0.13862430061271339
v -0.17540050505050503 -0.007445358180946237 -0.13767020202020194
v -0.17934402929243512 -0.0069393181818181715 -0.12421173737373728
v -0.17540050505050503 -0.010432695086883013 -0.12421173737373728
v -0.181641206540699 -0.0069393181818181715 -0.1107532727272727
v -0.17540050505050503 -0.011821221096719781 -0.1107532727272727
v -0.18473385049506685 -0.0069393181818181715 -0.09729480808080804
v -0.17540050505050503 -0.012274339376150346 -0.09729480808080804
v -0.16136846464646462 -0.0069393181818181715 -0.24419419591874486
v -0.1662076805536323 -0.0069393181818181715 -0.1511286666666666
v -0.16136846464646462 -0.0069393181818181715 -0.15487189168616716
v -0.16136846464646462 -0.010171428365297643 -0.1511286666666666
v -0.14733642424242419 -0.0069393181818181715 -0.24352006238901655
v -0.14733642424242419 -0.0069393181818181715 -0.16411319041231268
v -0.13330438383838378 -0.012238414322534762 -0.24533791919191916
v -0.13330438383838378 -0.0069393181818181715 -0.24444158862120552
v -0.14649995417592288 -0.0069393181818181715 -0.16458713131313127
v -0.13330438383838378 -0.0069393181818181715 -0.1695206364105997
v -0.13330438383838378 -0.009823540770161853 -0.16458713131313127
v -0.11927234343434336 -0.0069393181818181715 -0.24385175544360255
v -0.11927234343434336 -0.0069393181818181715 -0.1707403090229609
v -0.11927234343434336 -0.008964632936283239 -0.16458713131313127
v -0.11927234343434336 -0.011550995768784432 -0.1511286666666666
v -0.10524030303030302 -0.011931890815153485 -0.24533791919191916
v -0.10524030303030302 -0.0069393181818181715 -0.24348501467263317
v -0.11652811717515878 -0.0069393181818181715 -0.16458713131313127
v -0.11343479988174192 -0.0069393181818181715 -0.1511286666666666
v -0.110803123708968 -0.0069393181818181715 -0.13767020202020194
v -0.10724690881515699 -0.0069393181818181715 -0.12421173737373728
v -0.10524030303030302 -0.0069393181818181715 -0.119260354920832
v -0.10524030303030302 -0.008687059486443396 -0.1107532727272727
v -0.10877581731926822 -0.0069393181818181715 0.010372909090909148
v -0.10524030303030302 -0.0069393181818181715 0.007456928536679906
v -0.11511870973297175 -0.0069393181818181715 0.023831373737373804
v -0.11389187354766155 -0.0069393181818181715 0.03728983838383847
v -0.10524030303030302 -0.0069393181818181715 0.04066669500704487
v -0.10622914213897584 -0.0069393181818181715 0.06420676767676771
v -0.10524030303030302 -0.0069393181818181715 0.06368241330195137
v -0.11361323979196948 -0.0069393181818181715 0.07766523232323236
v -0.11088963463543376 -0.0069393181818181715 0.0911236969696971
v -0.10545444108320247 -0.0069393181818181715 0.10458216161616168
v -0.10524030303030302 -0.0069393181818181715 0.1050671086209145
v -0.09798495579708777 -0.0069393181818181715 -0.24533791919191916
v -0.0912082626262626 -0.0069393181818181715 -0.24753076114346848
v -0.10453632493321804 -0.0069393181818181715 -0.1107532727272727
v -0.10163731740432243 -0.0069393181818181715 -0.09729480808080804
v -0.1010663907819167 -0.0069393181818181715 -0.08383634343434337
v -0.0985251701790457 -0.0069393181818181715 -0.07037787878787874
v -0.0912082626262626 -0.0069393181818181715 -0.06860841782113078
v -0.0932388172183129 -0.0069393181818181715 -0.03000248484848482
v -0.0912082626262626 -0.0069393181818181715 -0.030448206000775763
v -0.0912082626262626 -0.0070360643886255994 -0.03000248484848482
v -0.10009900521826491 -0.0069393181818181715 -0.01654402020202017
v -0.10230681011304693 -0.0069393181818181715 -0.003085555555555508
v -0.10018323257422931 -0.0069393181818181715 0.050748303030303046
v -0.10267467088775724 -0.0069393181818181715 0.11804062626262626
v -0.09996067413840534 -0.0069393181818181715 0.131499090909091
v -0.09717545422346065 -0.0069393181818181715 0.14495755555555556
v -0.09410860857509512 -0.0069393181818181715 0.1584160202020203
v -0.0912082626262626 -0.0069393181818181715 0.16656781623733682
v -0.07717622222222219 -0.0069393181818181715 -0.250822501627766
v -0.08436007570824539 -0.0069393181818181715 -0.056919414141414076
v -0.0846524070550508 -0.0069393181818181715 -0.043460949494949414
v -0.08988829072257898 -0.0069393181818181715 0.1718744848484849
v -0.08800542458989033 -0.0069393181818181715 0.1853329494949495
v -0.08681447649311534 -0.0069393181818181715 0.1987914141414142
v -0.08675153206387597 -0.0069393181818181715 0.2122498787878788
v -0.0831495632276788 -0.0069393181818181715 0.22570834343434354
v -0.07717622222222219 -0.0069393181818181715 0.2382537669065521
v -0.06314418181818177 -0.0069393181818181715 -0.2513184549918155
v -0.07571522230653871 -0.0069393181818181715 0.23916680808080812
v -0.0708743351065653 -0.0069393181818181715 0.25262527272727286
v -0.06419720918429837 -0.0069393181818181715 0.2660837373737375
v -0.06314418181818177 -0.0069393181818181715 0.2688057647398523
v -0.06314418181818177 -0.011950823792539655 0.279542202020202
v -0.049112141414141344 -0.0069393181818181715 -0.2514134641912725
v -0.05858451381631323 -0.0069393181818181715 0.279542202020202
v -0.053467428368658816 -0.0069393181818181715 0.29300066666666674
v -0.04959134660139722 -0.0069393181818181715 0.3064591313131313
v -0.049112141414141344 -0.0069393181818181715 0.3083421209634368
v -0.049112141414141344 -0.009245607273391304 0.31991759595959607
v -0.03508010101010093 -0.0069393181818181715 -0.25163662995910835
v -0.04552377894450573 -0.0069393181818181715 0.31991759595959607
v -0.040803370517570596 -0.0069393181818181715 0.3333760606060607
v -0.03508010101010093 -0.0069393181818181715 0.34640090194812784
v -0.03508010101010093 -0.007050819881615247 0.3468345252525254
v -0.03508010101010093 -0.01174520050992936 0.36029298989898995
v -0.021048060606060588 -0.0069393181818181715 -0.2514212346341476
v -0.03494012486771265 -0.0069393181818181715 0.3468345252525254
v -0.027702249184665823 -0.0069393181818181715 0.36029298989898995
v -0.021048060606060588 -0.0069393181818181715 0.36592698284606767
v -0.021048060606060588 -0.01009378401847482 0.37375145454545455
v -0.00701602020202017 -0.0069393181818181715 -0.2518069292726014
v -0.01171767503584486 -0.0069393181818181715 0.37375145454545455
v -0.00701602020202017 -0.0069393181818181715 0.37455501068478547
v 0.007016020202020247 -0.0069393181818181715 -0.2518734523999778
v 0.007016020202020247 -0.0069393181818181715 0.3745714071446826
v 0.021048060606060744 -0.0069393181818181715 -0.2522824121340592
v 0.011887435842678491 -0.0069393181818181715 0.37375145454545455
v 0.021048060606060744 -0.0069393181818181715 0.3662153850829405
v 0.021048060606060744 -0.009965543704177918 0.37375145454545455
v 0.03508010101010108 -0.0069393181818181715 -0.2539096949368793
v 0.028158637846131304 -0.0069393181818181715 0.36029298989898995
v 0.03508010101010108 -0.0069393181818181715 0.3477916974953763
v 0.03508010101010108 -0.011392353354628385 0.36029298989898995
v 0.04911214141414143 -0.0069393181818181715 -0.2551073689454108
v 0.04716422614296055 -0.0069393181818181715 0.31991759595959607
v 0.04911214141414143 -0.0069393181818181715 0.31366563890338006
v 0.04911214141414143 -0.008269757792573933 0.31991759595959607
v 0.04192297394403644 -0.0069393181818181715 0.3333760606060607
v 0.03565486063978928 -0.0069393181818181715 0.3468345252525254
v 0.06314418181818192 -0.0069393181818181715 -0.25535894907821544
v 0.05914841355218778 -0.0069393181818181715 0.279542202020202
v 0.06314418181818192 -0.0069393181818181715 0.26907465613445286
v 0.06314418181818192 -0.011493201740134417 0.279542202020202
v 0.054667578179526555 -0.0069393181818181715 0.29300066666666674
v 0.05096882952581996 -0.0069393181818181715 0.3064591313131313
v 0.07717622222222226 -0.0069393181818181715 -0.2541814831562393
v 0.07568048717143547 -0.0069393181818181715 0.23916680808080812
v 0.07717622222222226 -0.0069393181818181715 0.23837048235699626
v 0.07073384645625015 -0.0069393181818181715 0.25262527272727286
v 0.0641709954458978 -0.0069393181818181715 0.2660837373737375
v 0.09120826262626276 -0.0069393181818181715 -0.2483621714534808
v 0.08435408220306537 -0.0069393181818181715 -0.056919414141414076
v 0.09120826262626276 -0.0069393181818181715 -0.06886727180753068
v 0.08504160828296435 -0.0069393181818181715 -0.043460949494949414
v 0.09120826262626276 -0.0069393181818181715 -0.030194721701820897
v 0.09120826262626276 -0.006982363047883171 -0.03000248484848482
v 0.09120826262626276 -0.011177498640605608 0.1584160202020203
v 0.08828018865979469 -0.0069393181818181715 0.1718744848484849
v 0.09120826262626276 -0.0069393181818181715 0.16059698473594136
v 0.08601439509609826 -0.0069393181818181715 0.1853329494949495
v 0.08538710397874255 -0.0069393181818181715 0.1987914141414142
v 0.08653354109697078 -0.0069393181818181715 0.2122498787878788
v 0.08329015465400104 -0.0069393181818181715 0.22570834343434354
v 0.09623040852801337 -0.0069393181818181715 -0.24533791919191916
v 0.1052403030303031 -0.0069393181818181715 -0.24081643646637896
v 0.10514099467277538 -0.0069393181818181715 -0.16458713131313127
v 0.1052403030303031 -0.0069393181818181715 -0.1658849773461421
v 0.1052403030303031 -0.007180472240092834 -0.16458713131313127
v 0.10492620324648975 -0.0069393181818181715 -0.1511286666666666
v 0.1052403030303031 -0.007645087749656516 -0.1511286666666666
v 0.1046003391579406 -0.0069393181818181715 -0.13767020202020194
v 0.1052403030303031 -0.00844755899134062 -0.13767020202020194
v 0.10397540199651767 -0.0069393181818181715 -0.12421173737373728
v 0.1052403030303031 -0.00990484603212225 -0.12421173737373728
v 0.10286611753949247 -0.0069393181818181715 -0.1107532727272727
v 0.1052403030303031 -0.01216483170259778 -0.1107532727272727
v 0.1002953983621431 -0.0069393181818181715 -0.09729480808080804
v 0.0997555665180024 -0.0069393181818181715 -0.08383634343434337
v 0.0973451337869761 -0.0069393181818181715 -0.07037787878787874
v 0.09178828781691929 -0.0069393181818181715 -0.03000248484848482
v 0.09795567868972005 -0.0069393181818181715 -0.01654402020202017
v 0.10172114575812563 -0.0069393181818181715 -0.003085555555555508
v 0.1052403030303031 -0.0069393181818181715 0.009462443045964957
v 0.0992843696794374 -0.0069393181818181715 0.050748303030303046
v 0.1052403030303031 -0.0069393181818181715 0.039163387858179924
v 0.1052403030303031 -0.011593027855847699 0.050748303030303046
v 0.10461308925956875 -0.0069393181818181715 0.06420676767676771
v 0.1052403030303031 -0.007370754994441748 0.06420676767676771
v 0.1052403030303031 -0.0069393181818181715 0.06693150467508181
v 0.10450816917357789 -0.0069393181818181715 0.10458216161616168
v 0.1052403030303031 -0.0069393181818181715 0.10090860086149345
v 0.1052403030303031 -0.012086090945952319 0.10458216161616168
v 0.10176798824823827 -0.0069393181818181715 0.11804062626262626
v 0.09915599115169219 -0.0069393181818181715 0.131499090909091
v 0.09629046232777486 -0.0069393181818181715 0.14495755555555556
v 0.0921146599703009 -0.0069393181818181715 0.1584160202020203
v 0.11927234343434344 -0.0069393181818181715 -0.24212277155927536
v 0.11373559304772095 -0.0069393181818181715 -0.17804559595959593
v 0.11927234343434344 -0.0069393181818181715 -0.18358548714616194
v 0.11927234343434344 -0.00961632046715749 -0.17804559595959593
v 0.10669979713471914 -0.0069393181818181715 0.010372909090909148
v 0.11409838210785594 -0.0069393181818181715 0.023831373737373804
v 0.11308526323218343 -0.0069393181818181715 0.03728983838383847
v 0.1121809769813219 -0.0069393181818181715 0.07766523232323236
v 0.10923970079734593 -0.0069393181818181715 0.0911236969696971
v 0.13330438383838394 -0.0069393181818181715 -0.24229017067327266
v 0.13330438383838394 -0.0069393181818181715 -0.17995110089475125
v 0.13330438383838394 -0.008457333550364734 -0.17804559595959593
v 0.14733642424242427 -0.0069393181818181715 -0.2426737086288267
v 0.13880915278997635 -0.0069393181818181715 -0.17804559595959593
v 0.14733642424242427 -0.0069393181818181715 -0.17354806268834191
v 0.16136846464646476 -0.0069393181818181715 -0.24342301270426006
v 0.16136846464646476 -0.0069393181818181715 -0.16592179172997554
v 0.16136846464646476 -0.008629595205909921 -0.16458713131313127
v 0.1754005050505051 -0.0069393181818181715 -0.24300706708400605
v 0.16390313387842914 -0.0069393181818181715 -0.16458713131313127
v 0.1754005050505051 -0.0069393181818181715 -0.1544238548521069
v 0.1754005050505051 -0.009664965453859035 -0.1511286666666666
v 0.1894325454545456 -0.0069393181818181715 -0.24189796025491217
v 0.17873464591088517 -0.0069393181818181715 -0.1511286666666666
v 0.18498969287810088 -0.0069393181818181715 -0.13767020202020194
v 0.18726466679555068 -0.0069393181818181715 -0.12421173737373728
v 0.18920211095020784 -0.0069393181818181715 -0.1107532727272727
v 0.1894325454545456 -0.0069393181818181715 -0.10983653940260005
v 0.1894325454545456 -0.008383690696754218 -0.09729480808080804
v 0.1894325454545456 -0.010304832417620712 -0.08383634343434337
v 0.20346458585858596 -0.0069393181818181715 -0.2397913290908658
v 0.19835389413032448 -0.0069393181818181715 -0.09729480808080804
v 0.20346458585858596 -0.0069393181818181715 -0.09593126512715017
v 0.21749662626262628 -0.0069393181818181715 -0.23905818113987687
v 0.20611677317039714 -0.0069393181818181715 -0.09729480808080804
v 0.21749662626262628 -0.0069393181818181715 -0.10091035564130794
v 0.21749662626262628 -0.009979236027437418 -0.09729480808080804
v 0.23152866666666677 -0.0069393181818181715 -0.23904492861230978
v 0.23152866666666677 -0.0069393181818181715 -0.10612756099330774
v 0.24556070707070712 -0.0069393181818181715 -0.23893363488375813
v 0.24410604525389676 -0.0069393181818181715 -0.1107532727272727
v 0.24556070707070712 -0.0069393181818181715 -0.11135549739503973
v 0.24556070707070712 -0.007729786794458316 -0.1107532727272727
v 0.25959274747474764 -0.0069393181818181715 -0.23957382718190734
v 0.25959274747474764 -0.0069393181818181715 -0.11649131148197907
v 0.27362478787878797 -0.0069393181818181715 -0.2397971038220596
v 0.27362478787878797 -0.0069393181818181715 -0.12001301724831101
v 0.28628391052020796 -0.0069393181818181715 -0.2318794545454545
v 0.28765682828282846 -0.007756465492059162 -0.2318794545454545
v 0.28765682828282846 -0.0069393181818181715 -0.2252689995714504
v 0.28765682828282846 -0.0069393181818181715 -0.1236860163774087
v 0.3016888686868688 -0.011465053480474352 -0.2318794545454545
v 0.3013495429629348 -0.0069393181818181715 -0.21842098989898984
v 0.3016888686868688 -0.007081266954342922 -0.21842098989898984
v 0.3016888686868688 -0.0069393181818181715 -0.21725262656140756
v 0.2888807002511559 -0.0069393181818181715 -0.12421173737373728
v 0.3016888686868688 -0.0069393181818181715 -0.13323688522100222
v 0.31572090909090916 -0.011405090066155704 -0.21842098989898984
v 0.3108874906747378 -0.0069393181818181715 -0.20496252525252523
v 0.31572090909090916 -0.008669159161951951 -0.20496252525252523
v 0.31320255354116466 -0.0069393181818181715 -0.19150406060606057
v 0.31572090909090916 -0.007744684069351688 -0.19150406060606057
v 0.31404937278711187 -0.0069393181818181715 -0.17804559595959593
v 0.31572090909090916 -0.007492487115130973 -0.17804559595959593
v 0.31291066556409247 -0.0069393181818181715 -0.16458713131313127
v 0.31572090909090916 -0.00810558875464841 -0.16458713131313127
v 0.3104120543565822 -0.0069393181818181715 -0.1511286666666666
v 0.31572090909090916 -0.010297909869712463 -0.1511286666666666
v 0.30554099151367564 -0.0069393181818181715 -0.13767020202020194
v -0.31572090909090905 -0.006811447831261819 -0.19150406060606057
v -0.31572090909090905 -0.006211591851359817 -0.17804559595959593
v -0.31572090909090905 -0.0066983527469464165 -0.16458713131313127
v -0.3016888686868686 -0.003799257705725793 -0.20496252525252523
v -0.3021372874012244 -0.001517075757575738 -0.19150406060606057
v -0.3016888686868686 -0.001517075757575738 -0.19212726479835088
v -0.30469711391938775 -0.001517075757575738 -0.17804559595959593
v -0.3053092013539924 -0.001517075757575738 -0.16458713131313127
v -0.3040112454080214 -0.001517075757575738 -0.1511286666666666
v -0.3016888686868686 -0.001517075757575738 -0.14573286991198484
v -0.3016888686868686 -0.003229425098398363 -0.13767020202020194
v -0.288071168766331 -0.001517075757575738 -0.21842098989898984
v -0.2876568282828283 -0.001517075757575738 -0.21848314149359838
v -0.296872541565664 -0.001517075757575738 -0.20496252525252523
v -0.29721568177798136 -0.001517075757575738 -0.13767020202020194
v -0.2876568282828283 -0.001517075757575738 -0.1308858737049477
v -0.2876568282828283 -0.006284398610065862 -0.12421173737373728
v -0.2767183428628164 -0.001517075757575738 -0.2318794545454545
v -0.27362478787878786 -0.001517075757575738 -0.2336565783786414
v -0.27634774722295213 -0.001517075757575738 -0.12421173737373728
v -0.27362478787878786 -0.001517075757575738 -0.12326262139810015
v -0.2595927474747475 -0.001517075757575738 -0.23866289777049257
v -0.2595927474747475 -0.001517075757575738 -0.11824081222043423
v -0.24556070707070704 -0.001517075757575738 -0.23818698725012952
v -0.24556070707070704 -0.001517075757575738 -0.11284677127199048
v -0.24556070707070704 -0.004011154494202607 -0.1107532727272727
v -0.23152866666666663 -0.001517075757575738 -0.23920362928728123
v -0.23999530606638886 -0.001517075757575738 -0.1107532727272727
v -0.23152866666666663 -0.001517075757575738 -0.10783139230029351
v -0.2174966262626262 -0.001517075757575738 -0.2388841370401202
v -0.2174966262626262 -0.001517075757575738 -0.10378757059201814
v -0.2034645858585858 -0.001517075757575738 -0.23912556374571903
v -0.2034645858585858 -0.001517075757575738 -0.10186409390639445
v -0.2034645858585858 -0.003220812637695893 -0.09729480808080804
v -0.18943254545454544 -0.001517075757575738 -0.24038130206890662
v -0.19166611221621252 -0.001517075757575738 -0.1107532727272727
v -0.18943254545454544 -0.001517075757575738 -0.11655333819911963
v -0.18943254545454544 -0.0023878759139324074 -0.1107532727272727
v -0.18943254545454544 -0.004861376968709941 -0.09729480808080804
v -0.17540050505050503 -0.001517075757575738 -0.2418938867796959
v -0.18248239015208598 -0.001517075757575738 -0.13767020202020194
v -0.17540050505050503 -0.001517075757575738 -0.14928347186003696
v -0.18714655599747387 -0.001517075757575738 -0.12421173737373728
v -0.16136846464646462 -0.001517075757575738 -0.2425198812353837
v -0.17426004502898965 -0.001517075757575738 -0.1511286666666666
v -0.16136846464646462 -0.001517075757575738 -0.1621540305639882
v -0.14733642424242419 -0.001517075757575738 -0.24152431671160157
v -0.15855040713536048 -0.001517075757575738 -0.16458713131313127
v -0.14733642424242419 -0.001517075757575738 -0.17090165737937418
v -0.14733642424242419 -0.006666917645638741 -0.16458713131313127
v -0.13330438383838378 -0.001517075757575738 -0.24284522403761555
v -0.13629681454283393 -0.001517075757575738 -0.17804559595959593
v -0.13330438383838378 -0.001517075757575738 -0.17929760492357424
v -0.13330438383838378 -0.002468051317272568 -0.17804559595959593
v -0.11927234343434336 -0.001517075757575738 -0.24219462510886497
v -0.11927234343434336 -0.001517075757575738 -0.18572127945246167
v -0.11927234343434336 -0.004878306526220875 -0.17804559595959593
v -0.10524030303030302 -0.001517075757575738 -0.24063405982795943
v -0.10524030303030302 -0.001517075757575738 -0.1821664385985886
v -0.10524030303030302 -0.002405529828145859 -0.17804559595959593
v -0.10524030303030302 -0.004334230488021097 -0.16458713131313127
v -0.10524030303030302 -0.004587692530595683 -0.1511286666666666
v -0.10524030303030302 -0.005304660118299915 -0.13767020202020194
v -0.10524030303030302 -0.006431866350353834 -0.12421173737373728
v -0.10524030303030302 -0.0025976126763218605 0.010372909090909148
v -0.11090109910254295 -0.001517075757575738 0.023831373737373804
v -0.10524030303030302 -0.001517075757575738 0.01257403588109358
v -0.10763422812281348 -0.001517075757575738 0.03728983838383847
v -0.10524030303030302 -0.001517075757575738 0.03838819383716442
v -0.10524030303030302 -0.006102448756883954 0.06420676767676771
v -0.10898147355249398 -0.001517075757575738 0.07766523232323236
v -0.10524030303030302 -0.001517075757575738 0.07289343917739698
v -0.10571597797439325 -0.001517075757575738 0.0911236969696971
v -0.10524030303030302 -0.001517075757575738 0.09206294825198347
v -0.10524030303030302 -0.006729728952554488 0.10458216161616168
v -0.0912082626262626 -0.004193412123895419 -0.24533791919191916
v -0.0912082626262626 -0.001517075757575738 -0.24468910106046635
v -0.10487446174634228 -0.001517075757575738 -0.17804559595959593
v -0.10416779600423834 -0.001517075757575738 -0.16458713131313127
v -0.10382224562774185 -0.001517075757575738 -0.1511286666666666
v -0.10373373007400612 -0.001517075757575738 -0.13767020202020194
v -0.10335241591918247 -0.001517075757575738 -0.12421173737373728
v -0.10238834257834113 -0.001517075757575738 -0.1107532727272727
v -0.09740795405243485 -0.001517075757575738 -0.09729480808080804
v -0.09915833801430644 -0.001517075757575738 -0.08383634343434337
v -0.09822699711321595 -0.001517075757575738 -0.07037787878787874
v -0.0912082626262626 -0.001517075757575738 -0.06735145855399008
v -0.09940046120681892 -0.001517075757575738 -0.03000248484848482
v -0.0912082626262626 -0.001517075757575738 -0.03978333199064961
v -0.10123376733210113 -0.001517075757575738 -0.01654402020202017
v -0.10283071883419992 -0.001517075757575738 -0.003085555555555508
v -0.10496709242489609 -0.001517075757575738 0.010372909090909148
v -0.09803091568167549 -0.001517075757575738 0.050748303030303046
v -0.10306462901702691 -0.001517075757575738 0.06420676767676771
v -0.10363562747398311 -0.001517075757575738 0.10458216161616168
v -0.1017424270015673 -0.001517075757575738 0.11804062626262626
v -0.099331926474399 -0.001517075757575738 0.131499090909091
v -0.09667443179932392 -0.001517075757575738 0.14495755555555556
v -0.09224416915949768 -0.001517075757575738 0.1584160202020203
v -0.0912082626262626 -0.001517075757575738 0.160844845640733
v -0.08656515341071791 -0.001517075757575738 -0.24533791919191916
v -0.07717622222222219 -0.001517075757575738 -0.24973991133943882
v -0.08597487493733405 -0.001517075757575738 -0.056919414141414076
v -0.09005722095899048 -0.001517075757575738 -0.043460949494949414
v -0.0888041230374069 -0.001517075757575738 0.1718744848484849
v -0.08756788337584931 -0.001517075757575738 0.1853329494949495
v -0.08573014202339317 -0.001517075757575738 0.1987914141414142
v -0.08548076021284523 -0.001517075757575738 0.2122498787878788
v -0.08344647534263548 -0.001517075757575738 0.22570834343434354
v -0.07717622222222219 -0.001517075757575738 0.23653787439178056
v -0.06314418181818177 -0.001517075757575738 -0.2507623322120489
v -0.07418888460019255 -0.001517075757575738 0.23916680808080812
v -0.06779415485774873 -0.001517075757575738 0.25262527272727286
v -0.06314418181818177 -0.001517075757575738 0.2598325231405718
v -0.06314418181818177 -0.006133274505208658 0.2660837373737375
v -0.049112141414141344 -0.001517075757575738 -0.25140070467293435
v -0.06044030304688447 -0.001517075757575738 0.2660837373737375
v -0.04975316932777143 -0.001517075757575738 0.279542202020202
v -0.049112141414141344 -0.001517075757575738 0.2812559444944734
v -0.049112141414141344 -0.004275388308415708 0.29300066666666674
v -0.049112141414141344 -0.006592506980098971 0.3064591313131313
v -0.03508010101010093 -0.001517075757575738 -0.25216091882591435
v -0.044035414607156445 -0.001517075757575738 0.29300066666666674
v -0.03865276741315378 -0.001517075757575738 0.3064591313131313
v -0.03508010101010093 -0.001517075757575738 0.319372594280301
v -0.03508010101010093 -0.0015802676731212061 0.31991759595959607
v -0.03508010101010093 -0.003726736721710443 0.3333760606060607
v -0.021048060606060588 -0.001517075757575738 -0.25231706546849236
v -0.03498123121415059 -0.001517075757575738 0.31991759595959607
v -0.03150984977628387 -0.001517075757575738 0.3333760606060607
v -0.023024014862157285 -0.001517075757575738 0.3468345252525254
v -0.021048060606060588 -0.001517075757575738 0.3485593516640994
v -0.021048060606060588 -0.004748861563295982 0.36029298989898995
v -0.00701602020202017 -0.001517075757575738 -0.2523381134065071
v -0.00701602020202017 -0.001517075757575738 0.35737927674249304
v -0.00701602020202017 -0.0025540926930356497 0.36029298989898995
v -0.00701602020202017 -0.0067060098430319764 0.37375145454545455
v 0.007016020202020247 -0.001517075757575738 -0.25240407735578413
v 0.007016020202020247 -0.001517075757575738 0.35740408932107237
v 0.007016020202020247 -0.002544356048550458 0.36029298989898995
v 0.007016020202020247 -0.006701547567713519 0.37375145454545455
v 0.021048060606060744 -0.001517075757575738 -0.25324499499285985
v 0.021048060606060744 -0.001517075757575738 0.34947178703608
v 0.021048060606060744 -0.004630247907996543 0.36029298989898995
v 0.03508010101010108 -0.001517075757575738 -0.25494067314991065
v 0.032781919588344866 -0.001517075757575738 0.3333760606060607
v 0.03508010101010108 -0.001517075757575738 0.326097944917818
v 0.03508010101010108 -0.002940369475911102 0.3333760606060607
v 0.024175762709011464 -0.001517075757575738 0.3468345252525254
v 0.03508010101010108 -0.006608098848143148 0.3468345252525254
v 0.04911214141414143 -0.001517075757575738 -0.2561040891321651
v 0.046135052451351494 -0.001517075757575738 0.29300066666666674
v 0.04911214141414143 -0.001517075757575738 0.28704300780897696
v 0.04911214141414143 -0.003213906090757423 0.29300066666666674
v 0.04186664795710612 -0.001517075757575738 0.3064591313131313
v 0.04911214141414143 -0.0054840106141011685 0.3064591313131313
v 0.03774056689875347 -0.001517075757575738 0.31991759595959607
v 0.06314418181818192 -0.001517075757575738 -0.25611065632315183
v 0.060127099651384824 -0.001517075757575738 0.2660837373737375
v 0.06314418181818192 -0.001517075757575738 0.25972788400523505
v 0.06314418181818192 -0.006154318575763276 0.2660837373737375
v 0.0519982872632509 -0.001517075757575738 0.279542202020202
v 0.07717622222222226 -0.001517075757575738 -0.25461152597046854
v 0.07398457938967098 -0.001517075757575738 0.23916680808080812
v 0.07717622222222226 -0.001517075757575738 0.2370640485323284
v 0.06776341165113825 -0.001517075757575738 0.25262527272727286
v 0.09086091201496269 -0.001517075757575738 -0.24533791919191916
v 0.09120826262626276 -0.0019906926833920015 -0.24533791919191916
v 0.09120826262626276 -0.001517075757575738 -0.24523236971746126
v 0.08606002968335072 -0.001517075757575738 -0.056919414141414076
v 0.09120826262626276 -0.001517075757575738 -0.06783973286621005
v 0.08966331406320427 -0.001517075757575738 -0.043460949494949414
v 0.09120826262626276 -0.001517075757575738 -0.038252269364837214
v 0.090628566440803 -0.001517075757575738 0.1584160202020203
v 0.09120826262626276 -0.001517075757575738 0.1550897879249508
v 0.09120826262626276 -0.004996398753985022 0.1584160202020203
v 0.08754548682762088 -0.001517075757575738 0.1718744848484849
v 0.085487515610049 -0.001517075757575738 0.1853329494949495
v 0.08410476484458772 -0.001517075757575738 0.1987914141414142
v 0.08513929274604946 -0.001517075757575738 0.2122498787878788
v 0.08402742762550716 -0.001517075757575738 0.22570834343434354
v 0.1052403030303031 -0.001517075757575738 -0.2377138526825416
v 0.10467130672958719 -0.001517075757575738 -0.19150406060606057
v 0.1052403030303031 -0.001517075757575738 -0.1971584508025514
v 0.1052403030303031 -0.002543251917063013 -0.19150406060606057
v 0.10332376442793853 -0.001517075757575738 -0.17804559595959593
v 0.1052403030303031 -0.005513810692362155 -0.17804559595959593
v 0.1027633878728453 -0.001517075757575738 -0.16458713131313127
v 0.10225483230031786 -0.001517075757575738 -0.1511286666666666
v 0.10241775427222818 -0.001517075757575738 -0.13767020202020194
v 0.10197601608715015 -0.001517075757575738 -0.12421173737373728
v 0.10119971937816435 -0.001517075757575738 -0.1107532727272727
v 0.09662142368596004 -0.001517075757575738 -0.09729480808080804
v 0.09749457291060362 -0.001517075757575738 -0.08383634343434337
v 0.09702148872767555 -0.001517075757575738 -0.07037787878787874
v 0.09763270057988419 -0.001517075757575738 -0.03000248484848482
v 0.0993907795756702 -0.001517075757575738 -0.01654402020202017
v 0.10177957407760044 -0.001517075757575738 -0.003085555555555508
v 0.10402244843213578 -0.001517075757575738 0.010372909090909148
v 0.1052403030303031 -0.00554989104931722 0.010372909090909148
v 0.1052403030303031 -0.001517075757575738 0.0185370680770478
v 0.10514857137721452 -0.001517075757575738 0.03728983838383847
v 0.1052403030303031 -0.001517075757575738 0.03633687226326841
v 0.1052403030303031 -0.0016518283144440092 0.03728983838383847
v 0.09670205611540283 -0.001517075757575738 0.050748303030303046
v 0.10179932216071767 -0.001517075757575738 0.06420676767676771
v 0.1052403030303031 -0.001517075757575738 0.07684182427027601
v 0.10460461095122188 -0.001517075757575738 0.0911236969696971
v 0.1052403030303031 -0.001517075757575738 0.08186460277716165
v 0.1052403030303031 -0.003042108066336238 0.0911236969696971
v 0.10278821573896199 -0.001517075757575738 0.10458216161616168
v 0.10077748673696706 -0.001517075757575738 0.11804062626262626
v 0.09836410929281132 -0.001517075757575738 0.131499090909091
v 0.0953516382895884 -0.001517075757575738 0.14495755555555556
v 0.11927234343434344 -0.001517075757575738 -0.24108296283538383
v 0.11927234343434344 -0.001517075757575738 -0.19542193051916076
v 0.11927234343434344 -0.003463404310497065 -0.19150406060606057
v 0.10870257605930815 -0.001517075757575738 0.023831373737373804
v 0.10613160930517812 -0.001517075757575738 0.07766523232323236
v 0.13330438383838394 -0.001517075757575738 -0.24114851136307616
v 0.12735871504814317 -0.001517075757575738 -0.19150406060606057
v 0.13330438383838394 -0.001517075757575738 -0.18786362186131453
v 0.14733642424242427 -0.001517075757575738 -0.24156722336004657
v 0.14733642424242427 -0.001517075757575738 -0.18012901594995048
v 0.14733642424242427 -0.0036227010428604347 -0.17804559595959593
v 0.16136846464646476 -0.001517075757575738 -0.2421727394915098
v 0.15160001740407125 -0.001517075757575738 -0.17804559595959593
v 0.16136846464646476 -0.001517075757575738 -0.17119879181113243
v 0.1754005050505051 -0.001517075757575738 -0.24158864008117123
v 0.17225656475051107 -0.001517075757575738 -0.16458713131313127
v 0.1754005050505051 -0.001517075757575738 -0.1614143504991234
v 0.1894325454545456 -0.001517075757575738 -0.2408484090829308
v 0.18593949702551957 -0.001517075757575738 -0.1511286666666666
v 0.1894325454545456 -0.001517075757575738 -0.1441393443803502
v 0.1894325454545456 -0.003462236160697289 -0.13767020202020194
v 0.1894325454545456 -0.005407801181598759 -0.12421173737373728
v 0.1894325454545456 -0.006801077407783284 -0.1107532727272727
v 0.20346458585858596 -0.001517075757575738 -0.2392389402858527
v 0.19207097101175508 -0.001517075757575738 -0.13767020202020194
v 0.19544169991355767 -0.001517075757575738 -0.12421173737373728
v 0.20186340827239554 -0.001517075757575738 -0.1107532727272727
v 0.20346458585858596 -0.001517075757575738 -0.10949817797971477
v 0.20346458585858596 -0.006176490059926637 -0.09729480808080804
v 0.21749662626262628 -0.001517075757575738 -0.23887442835334521
v 0.21749662626262628 -0.001517075757575738 -0.10777971522817582
v 0.23152866666666677 -0.001517075757575738 -0.23911678666825623
v 0.23152866666666677 -0.001517075757575738 -0.11059600114866759
v 0.24556070707070712 -0.001517075757575738 -0.23821834148978252
v 0.23198083337214595 -0.001517075757575738 -0.1107532727272727
v 0.24556070707070712 -0.001517075757575738 -0.11594611813716746
v 0.25959274747474764 -0.001517075757575738 -0.2385382571880633
v 0.25959274747474764 -0.001517075757575738 -0.1203760593535551
v 0.27362478787878797 -0.001517075757575738 -0.23394614952042359
v 0.27270905828255537 -0.001517075757575738 -0.12421173737373728
v 0.27362478787878797 -0.001517075757575738 -0.12470710775024281
v 0.27362478787878797 -0.001759049882945867 -0.12421173737373728
v 0.27769564394465435 -0.001517075757575738 -0.2318794545454545
v 0.28765682828282846 -0.001517075757575738 -0.21846032630230955
v 0.28765682828282846 -0.001517075757575738 -0.13187747259770144
v 0.28765682828282846 -0.0062629857347750685 -0.12421173737373728
v 0.2878985420374885 -0.001517075757575738 -0.21842098989898984
v 0.2976528608596333 -0.001517075757575738 -0.20496252525252523
v 0.3016888686868688 -0.0033142431442934428 -0.20496252525252523
v 0.300383773770787 -0.001517075757575738 -0.19150406060606057
v 0.3016888686868688 -0.0020864802523422755 -0.19150406060606057
v 0.3016888686868688 -0.001517075757575738 -0.1793678746830638
v 0.29518098450882807 -0.001517075757575738 -0.13767020202020194
v 0.3016888686868688 -0.001517075757575738 -0.15007478407899708
v 0.3016888686868688 -0.004073689576761252 -0.13767020202020194
v 0.30183051678973155 -0.001517075757575738 -0.17804559595959593
v 0.30265125906881346 -0.001517075757575738 -0.16458713131313127
v 0.30211317254839465 -0.001517075757575738 -0.1511286666666666
v -0.3016888686868686 -0.0013109648627271525 -0.19150406060606057
v -0.3016888686868686 2.0544704083156305e-05 -0.17804559595959593
v -0.3016888686868686 0.0005702779006471342 -0.16458713131313127
v -0.3016888686868686 4.815635588239402e-06 -0.1511286666666666
v -0.2876568282828283 -0.001350284208176347 -0.21842098989898984
v -0.2876568282828283 0.003099646574809884 -0.20496252525252523
v -0.2909005683765252 0.003905166666666692 -0.19150406060606057
v -0.2876568282828283 0.003905166666666692 -0.1985739660873421
v -0.2931217289542669 0.003905166666666692 -0.17804559595959593
v -0.2936677027082492 0.003905166666666692 -0.16458713131313127
v -0.2921336489430418 0.003905166666666692 -0.1511286666666666
v -0.2876568282828283 0.003905166666666692 -0.14295106600847904
v -0.2876568282828283 0.0028457161326681897 -0.13767020202020194
v -0.27362478787878786 0.0008969162286181064 -0.2318794545454545
v -0.2806697072532689 0.003905166666666692 -0.21842098989898984
v -0.27362478787878786 0.003905166666666692 -0.2223897481849437
v -0.2862840148053876 0.003905166666666692 -0.20496252525252523
v -0.2842920730759044 0.003905166666666692 -0.13767020202020194
v -0.27362478787878786 0.003905166666666692 -0.13102444697046775
v -0.27362478787878786 -0.0002653709209581602 -0.12421173737373728
v -0.269435921994719 0.003905166666666692 -0.2318794545454545
v -0.2595927474747475 0.003905166666666692 -0.23615130528752562
v -0.26304640196519646 0.003905166666666692 -0.12421173737373728
v -0.2595927474747475 0.003905166666666692 -0.12290809468218533
v -0.24556070707070704 0.003905166666666692 -0.23636562814476658
v -0.24556070707070704 0.003905166666666692 -0.11815210911516591
v -0.23152866666666663 0.003905166666666692 -0.23804479492420724
v -0.23152866666666663 0.003905166666666692 -0.11377895909372876
v -0.23152866666666663 0.001969630758844841 -0.1107532727272727
v -0.2174966262626262 0.003905166666666692 -0.2381561484842513
v -0.2174966262626262 0.003905166666666692 -0.11095438961100308
v -0.2174966262626262 0.0038259101393305853 -0.1107532727272727
v -0.2034645858585858 0.003905166666666692 -0.2388090130661238
v -0.2034645858585858 0.003905166666666692 -0.11660386581462877
v -0.2034645858585858 0.0023795270496821774 -0.1107532727272727
v -0.18943254545454544 0.003905166666666692 -0.2394551697532169
v -0.19185036716158546 0.003905166666666692 -0.13767020202020194
v -0.18943254545454544 0.003905166666666692 -0.1420181698375825
v -0.18943254545454544 0.0025696907408434156 -0.13767020202020194
v -0.19765854145145076 0.003905166666666692 -0.12421173737373728
v -0.18943254545454544 -0.00012165930771689698 -0.12421173737373728
v -0.17540050505050503 0.003905166666666692 -0.23952084131587886
v -0.18368754761237546 0.003905166666666692 -0.1511286666666666
v -0.17540050505050503 0.003905166666666692 -0.15898794390973126
v -0.17540050505050503 -0.000753454831300718 -0.1511286666666666
v -0.16136846464646462 0.003905166666666692 -0.24023621368489698
v -0.16946711958430008 0.003905166666666692 -0.16458713131313127
v -0.16136846464646462 0.003905166666666692 -0.16937236282768378
v -0.16136846464646462 8.801694074918884e-05 -0.16458713131313127
v -0.14733642424242419 0.003905166666666692 -0.23863291528707797
v -0.14840240004443367 0.003905166666666692 -0.17804559595959593
v -0.14733642424242419 0.003905166666666692 -0.17852334692441077
v -0.14733642424242419 0.0035095066836587988 -0.17804559595959593
v -0.13330438383838378 0.003905166666666692 -0.24044383077337786
v -0.13330438383838378 0.003905166666666692 -0.1870344533152264
v -0.11927234343434336 0.003905166666666692 -0.24016180246246982
v -0.12812548166254698 0.003905166666666692 -0.19150406060606057
v -0.11927234343434336 0.003905166666666692 -0.19710274434454494
v -0.11927234343434336 0.0010475172619606207 -0.19150406060606057
v -0.10524030303030302 0.003905166666666692 -0.23772000608542646
v -0.11378609886472282 0.003905166666666692 -0.20496252525252523
v -0.10524030303030302 0.003905166666666692 -0.21109692464022392
v -0.10524030303030302 0.0017785373524381982 -0.20496252525252523
v -0.10524030303030302 0.00014013395978538807 -0.19150406060606057
v -0.10524030303030302 0.001641587983112237 0.023831373737373804
v -0.10524030303030302 -0.00026108793635494726 0.03728983838383847
v -0.10524030303030302 0.0011220460439544662 0.07766523232323236
v -0.10524030303030302 -0.0012573008404505401 0.0911236969696971
v -0.0912082626262626 0.003905166666666692 -0.2421748842200018
v -0.10447018183638339 0.003905166666666692 -0.20496252525252523
v -0.10300350190207366 0.003905166666666692 -0.19150406060606057
v -0.10365562637541464 0.003905166666666692 -0.17804559595959593
v -0.10282151591324212 0.003905166666666692 -0.16458713131313127
v -0.10084264328284098 0.003905166666666692 -0.1511286666666666
v -0.10298951662921726 0.003905166666666692 -0.13767020202020194
v -0.10213073976040604 0.003905166666666692 -0.12421173737373728
v -0.10064742385854422 0.003905166666666692 -0.1107532727272727
v -0.0912082626262626 0.003905166666666692 -0.10319783902353882
v -0.0912082626262626 -0.00018848801701869342 -0.09729480808080804
v -0.0912082626262626 0.003211342734070392 -0.08383634343434337
v -0.09772774461809003 0.003905166666666692 -0.07037787878787874
v -0.0912082626262626 0.003905166666666692 -0.08169830559120705
v -0.09488969403160903 0.003905166666666692 -0.056919414141414076
v -0.0912082626262626 0.0031162868248363505 -0.056919414141414076
v -0.09866249265961395 0.003905166666666692 -0.043460949494949414
v -0.0912082626262626 -0.0003777096502689684 -0.043460949494949414
v -0.09887255265721097 0.003905166666666692 -0.03000248484848482
v -0.10141090173233483 0.003905166666666692 -0.01654402020202017
v -0.10202284427474316 0.003905166666666692 -0.003085555555555508
v -0.10261503547656142 0.003905166666666692 0.010372909090909148
v -0.10430248174374522 0.003905166666666692 0.023831373737373804
v -0.10324378032587847 0.003905166666666692 0.03728983838383847
v -0.09812234578513099 0.003905166666666692 0.050748303030303046
v -0.10164179131602116 0.003905166666666692 0.06420676767676771
v -0.10386498872377382 0.003905166666666692 0.07766523232323236
v -0.10276746139203086 0.003905166666666692 0.0911236969696971
v -0.10046635081128412 0.003905166666666692 0.10458216161616168
v -0.09581957743107669 0.003905166666666692 0.11804062626262626
v -0.09383697724459285 0.003905166666666692 0.131499090909091
v -0.0912082626262626 0.003905166666666692 0.13893672463572412
v -0.0912082626262626 0.002658179417116457 0.14495755555555556
v -0.0912082626262626 -0.0011471551552771472 0.1584160202020203
v -0.07816813145918136 0.003905166666666692 -0.24533791919191916
v -0.07717622222222219 0.003905166666666692 -0.2473552525213862
v -0.08572313213207625 0.003905166666666692 -0.09729480808080804
v -0.09059235116239833 0.003905166666666692 -0.08383634343434337
v -0.09063765598274363 0.003905166666666692 0.14495755555555556
v -0.08868161353613409 0.003905166666666692 0.1584160202020203
v -0.0866785822260785 0.003905166666666692 0.1718744848484849
v -0.08777594339641433 0.003905166666666692 0.1853329494949495
v -0.08558803545723392 0.003905166666666692 0.1987914141414142
v -0.08200339519411098 0.003905166666666692 0.2122498787878788
v -0.07843092440474717 0.003905166666666692 0.22570834343434354
v -0.07717622222222219 0.003905166666666692 0.22805766596370844
v -0.06314418181818177 0.003905166666666692 -0.24953957847645983
v -0.07296046325844283 0.003905166666666692 0.23916680808080812
v -0.06314418181818177 0.003905166666666692 0.2490535561113925
v -0.06314418181818177 0.00027465387236503213 0.25262527272727286
v -0.049112141414141344 0.003905166666666692 -0.2512744707616872
v -0.061116233385827175 0.003905166666666692 0.25262527272727286
v -0.05204954430928874 0.003905166666666692 0.2660837373737375
v -0.049112141414141344 0.003905166666666692 0.26985400574372864
v -0.049112141414141344 -0.001314630120041449 0.279542202020202
v -0.03508010101010093 0.003905166666666692 -0.2524554415690589
v -0.042876303757205504 0.003905166666666692 0.279542202020202
v -0.03508010101010093 0.003905166666666692 0.28881143232927736
v -0.03508010101010093 0.0009418573041994507 0.29300066666666674
v -0.03508010101010093 -0.00031474159664547814 0.3064591313131313
v -0.021048060606060588 0.003905166666666692 -0.2530531967685083
v -0.03034785603352005 0.003905166666666692 0.29300066666666674
v -0.021048060606060588 0.003905166666666692 0.3063955842241341
v -0.021048060606060588 0.0038742164996557315 0.3064591313131313
v -0.021048060606060588 0.003174963761850601 0.31991759595959607
v -0.021048060606060588 0.0015611712766702558 0.3333760606060607
v -0.021048060606060588 -0.0010746604848469528 0.3468345252525254
v -0.00701602020202017 0.003905166666666692 -0.2525540395573616
v -0.021018994765822738 0.003905166666666692 0.3064591313131313
v -0.020390247550069112 0.003905166666666692 0.31991759595959607
v -0.009007686811606639 0.003905166666666692 0.3333760606060607
v -0.00701602020202017 0.003905166666666692 0.33370622557285196
v -0.00701602020202017 0.0012529191798645654 0.3468345252525254
v 0.007016020202020247 0.003905166666666692 -0.25263206198032667
v 0.007016020202020247 0.003905166666666692 0.3338405825318207
v 0.007016020202020247 0.0012577931588184303 0.3468345252525254
v 0.021048060606060744 0.003905166666666692 -0.2541150281815861
v 0.01008298982279483 0.003905166666666692 0.3333760606060607
v 0.021048060606060744 0.003905166666666692 0.32007426563053365
v 0.021048060606060744 0.0019245975332753038 0.3333760606060607
v 0.021048060606060744 -0.0008119236956936155 0.3468345252525254
v 0.03508010101010108 0.003905166666666692 -0.2557428009358729
v 0.03162057637884473 0.003905166666666692 0.29300066666666674
v 0.03508010101010108 0.003905166666666692 0.2899965528036874
v 0.03508010101010108 0.0017996627652864085 0.29300066666666674
v 0.028372284085811897 0.003905166666666692 0.3064591313131313
v 0.03508010101010108 0.001194273706550762 0.3064591313131313
v 0.021200848810674185 0.003905166666666692 0.31991759595959607
v 0.03508010101010108 -0.00036389240238002035 0.31991759595959607
v 0.04911214141414143 0.003905166666666692 -0.25684305254284073
v 0.04428178058149686 0.003905166666666692 0.279542202020202
v 0.04911214141414143 0.003905166666666692 0.2728406357322257
v 0.04911214141414143 -0.0002904215406341708 0.279542202020202
v 0.06314418181818192 0.003905166666666692 -0.2564521084802867
v 0.061836295632881164 0.003905166666666692 0.25262527272727286
v 0.06314418181818192 0.003905166666666692 0.2490704819143145
v 0.06314418181818192 0.00040530191459643683 0.25262527272727286
v 0.05336037723815704 0.003905166666666692 0.2660837373737375
v 0.07717622222222226 0.003905166666666692 -0.2545232427479873
v 0.07266622178401246 0.003905166666666692 0.23916680808080812
v 0.07717622222222226 0.003905166666666692 0.22842373887340872
v 0.08256468015174799 0.003905166666666692 -0.24533791919191916
v 0.09120826262626276 0.003905166666666692 -0.24222517401434696
v 0.08536902403198307 0.003905166666666692 -0.09729480808080804
v 0.09120826262626276 0.003905166666666692 -0.10414930460446557
v 0.09120826262626276 -0.0004095869828056784 -0.09729480808080804
v 0.08838229622104185 0.003905166666666692 -0.08383634343434337
v 0.09120826262626276 0.001040705219698432 -0.08383634343434337
v 0.09120826262626276 0.003905166666666692 -0.07569222643749232
v 0.09120826262626276 0.003372271061122101 -0.056919414141414076
v 0.09120826262626276 0.0005989704844354135 -0.043460949494949414
v 0.0895699542421255 0.003905166666666692 0.14495755555555556
v 0.09120826262626276 0.003905166666666692 0.13249805841468817
v 0.09120826262626276 0.0006859596589506114 0.14495755555555556
v 0.08835387049962042 0.003905166666666692 0.1584160202020203
v 0.08710978106792058 0.003905166666666692 0.1718744848484849
v 0.08655052080713231 0.003905166666666692 0.1853329494949495
v 0.08432149298169442 0.003905166666666692 0.1987914141414142
v 0.0807630424827689 0.003905166666666692 0.2122498787878788
v 0.07852489186528942 0.003905166666666692 0.22570834343434354
v 0.1052403030303031 0.003905166666666692 -0.23403771913461252
v 0.1050963640815009 0.003905166666666692 -0.21842098989898984
v 0.1052403030303031 0.003905166666666692 -0.21963232889096437
v 0.1052403030303031 0.003556830288892361 -0.21842098989898984
v 0.1032123917365551 0.003905166666666692 -0.20496252525252523
v 0.1052403030303031 -0.0005574589065897813 -0.20496252525252523
v 0.1013530374795293 0.003905166666666692 -0.19150406060606057
v 0.1025533565446481 0.003905166666666692 -0.17804559595959593
v 0.10163847701904324 0.003905166666666692 -0.16458713131313127
v 0.09920232690043217 0.003905166666666692 -0.1511286666666666
v 0.10179944071265536 0.003905166666666692 -0.13767020202020194
v 0.10093504796539936 0.003905166666666692 -0.12421173737373728
v 0.0998943286736465 0.003905166666666692 -0.1107532727272727
v 0.09609080141309546 0.003905166666666692 -0.07037787878787874
v 0.09352638565216821 0.003905166666666692 -0.056919414141414076
v 0.09626547327318065 0.003905166666666692 -0.043460949494949414
v 0.09693154425393116 0.003905166666666692 -0.03000248484848482
v 0.09926618159436479 0.003905166666666692 -0.01654402020202017
v 0.10037534375782906 0.003905166666666692 -0.003085555555555508
v 0.10130677711270274 0.003905166666666692 0.010372909090909148
v 0.10335195452396008 0.003905166666666692 0.023831373737373804
v 0.1052403030303031 0.00035887360162058257 0.023831373737373804
v 0.10195015433213953 0.003905166666666692 0.03728983838383847
v 0.093532780700139 0.003905166666666692 0.050748303030303046
v 0.09977414471909682 0.003905166666666692 0.06420676767676771
v 0.10217493206117362 0.003905166666666692 0.07766523232323236
v 0.1052403030303031 -0.0010049678292288625 0.07766523232323236
v 0.10149560069173827 0.003905166666666692 0.0911236969696971
v 0.09702639089495296 0.003905166666666692 0.10458216161616168
v 0.09347937851312985 0.003905166666666692 0.11804062626262626
v 0.09190861062589294 0.003905166666666692 0.131499090909091
v 0.11927234343434344 0.003905166666666692 -0.23964357170530629
v 0.10628583607830053 0.003905166666666692 -0.21842098989898984
v 0.11927234343434344 0.003905166666666692 -0.20643948232945275
v 0.11927234343434344 0.0027796397195150617 -0.20496252525252523
v 0.13330438383838394 0.003905166666666692 -0.2394694356123846
v 0.12244169207867253 0.003905166666666692 -0.20496252525252523
v 0.13330438383838394 0.003905166666666692 -0.1956381137751924
v 0.13330438383838394 0.0008217945880298742 -0.19150406060606057
v 0.14733642424242427 0.003905166666666692 -0.239549943115637
v 0.14101596238301944 0.003905166666666692 -0.19150406060606057
v 0.14733642424242427 0.003905166666666692 -0.18669990486355575
v 0.16136846464646476 0.003905166666666692 -0.24014942923802027
v 0.16122924677667405 0.003905166666666692 -0.17804559595959593
v 0.16136846464646476 0.003905166666666692 -0.17792378223106978
v 0.1754005050505051 0.003905166666666692 -0.23900149968187073
v 0.1754005050505051 0.003905166666666692 -0.16813618940064784
v 0.1754005050505051 0.0005110107095606933 -0.16458713131313127
v 0.1894325454545456 0.003905166666666692 -0.23955091591220595
v 0.18176630986019618 0.003905166666666692 -0.16458713131313127
v 0.1894325454545456 0.003905166666666692 -0.15703994007450484
v 0.1894325454545456 0.0006789044842424518 -0.1511286666666666
v 0.20346458585858596 0.003905166666666692 -0.23876346629240103
v 0.19480295518422808 0.003905166666666692 -0.1511286666666666
v 0.20168277417704222 0.003905166666666692 -0.13767020202020194
v 0.20346458585858596 0.003905166666666692 -0.13328879697624066
v 0.20346458585858596 0.0024649083857340073 -0.12421173737373728
v 0.20346458585858596 -0.0009409744361248887 -0.1107532727272727
v 0.21749662626262628 0.003905166666666692 -0.23795483060970785
v 0.20849889353741638 0.003905166666666692 -0.12421173737373728
v 0.21749662626262628 0.003905166666666692 -0.1189961729423185
v 0.21749662626262628 0.0007324398330824174 -0.1107532727272727
v 0.23152866666666677 0.003905166666666692 -0.23791654579132065
v 0.23152866666666677 0.003905166666666692 -0.11898909693285183
v 0.23152866666666677 -0.0013299081897976024 -0.1107532727272727
v 0.24556070707070712 0.003905166666666692 -0.23638255199956346
v 0.24556070707070712 0.003905166666666692 -0.12192540982260062
v 0.25959274747474764 0.003905166666666692 -0.23590216180242835
v 0.2536171884044431 0.003905166666666692 -0.12421173737373728
v 0.25959274747474764 0.003905166666666692 -0.12695094552632943
v 0.25959274747474764 0.0026480426602097607 -0.12421173737373728
v 0.2689689781318769 0.003905166666666692 -0.2318794545454545
v 0.27362478787878797 0.001179270503200994 -0.2318794545454545
v 0.27362478787878797 0.003905166666666692 -0.2220166732468171
v 0.27362478787878797 0.003905166666666692 -0.13412180053013992
v 0.28048295789584826 0.003905166666666692 -0.21842098989898984
v 0.28765682828282846 -0.001418036437185745 -0.21842098989898984
v 0.2864186609001572 0.003905166666666692 -0.20496252525252523
v 0.28765682828282846 0.003148181353192131 -0.20496252525252523
v 0.28765682828282846 0.003905166666666692 -0.19491211410338383
v 0.2799735508070311 0.003905166666666692 -0.13767020202020194
v 0.28765682828282846 0.003905166666666692 -0.148724410552348
v 0.28765682828282846 0.0019127778575020312 -0.13767020202020194
v 0.28847803789334475 0.003905166666666692 -0.19150406060606057
v 0.2891786793248199 0.003905166666666692 -0.17804559595959593
v 0.3016888686868688 -0.0014425099699940985 -0.17804559595959593
v 0.28961886704088835 0.003905166666666692 -0.16458713131313127
v 0.3016888686868688 -0.0009391899227544572 -0.16458713131313127
v 0.28891219472430085 0.003905166666666692 -0.1511286666666666
v 0.3016888686868688 -0.001223961609485904 -0.1511286666666666
v -0.2876568282828283 0.005678399692300108 -0.19150406060606057
v -0.2876568282828283 0.006603587830653439 -0.17804559595959593
v -0.2876568282828283 0.0066924915926918835 -0.16458713131313127
v -0.2876568282828283 0.0059672560266843125 -0.1511286666666666
v -0.27362478787878786 0.008935509869819062 -0.21842098989898984
v -0.2787086163595554 0.009327409090909119 -0.20496252525252523
v -0.27362478787878786 0.009327409090909119 -0.21564291376096534
v -0.2812132801679669 0.009327409090909119 -0.19150406060606057
v -0.28110968963687677 0.009327409090909119 -0.17804559595959593
v -0.2807067458418278 0.009327409090909119 -0.16458713131313127
v -0.277964892120696 0.009327409090909119 -0.1511286666666666
v -0.27362478787878786 0.009327409090909119 -0.1447922479011316
v -0.27362478787878786 0.00777650815800294 -0.13767020202020194
v -0.26126616697230254 0.009327409090909119 -0.2318794545454545
v -0.2595927474747475 0.009327409090909119 -0.23262093421906818
v -0.27302655391885333 0.009327409090909119 -0.21842098989898984
v -0.2678807419670813 0.009327409090909119 -0.13767020202020194
v -0.2595927474747475 0.009327409090909119 -0.1326856703719315
v -0.2595927474747475 0.005282712796356878 -0.12421173737373728
v -0.24556070707070704 0.009327409090909119 -0.23367940953893193
v -0.24556070707070704 0.009327409090909119 -0.1253698797355942
v -0.24556070707070704 0.008908394995192864 -0.12421173737373728
v -0.23152866666666663 0.009327409090909119 -0.2358071292382692
v -0.24148512605141872 0.009327409090909119 -0.12421173737373728
v -0.23152866666666663 0.009327409090909119 -0.1222494173552664
v -0.2174966262626262 0.009327409090909119 -0.23620608880773913
v -0.2174966262626262 0.009327409090909119 -0.12303182080348436
v -0.2034645858585858 0.009327409090909119 -0.23694447851853545
v -0.2038545679369462 0.009327409090909119 -0.13767020202020194
v -0.2034645858585858 0.009327409090909119 -0.1382589603041883
v -0.2034645858585858 0.009190174684399019 -0.13767020202020194
v -0.21513654664071724 0.009327409090909119 -0.12421173737373728
v -0.2034645858585858 0.006289409693788484 -0.12421173737373728
v -0.18943254545454544 0.009327409090909119 -0.23681886330310953
v -0.19491836355758743 0.009327409090909119 -0.1511286666666666
v -0.18943254545454544 0.009327409090909119 -0.15644855312140954
v -0.18943254545454544 0.006859634661689559 -0.1511286666666666
v -0.17540050505050503 0.009327409090909119 -0.2354184089025294
v -0.18100213858232783 0.009327409090909119 -0.16458713131313127
v -0.17540050505050503 0.009327409090909119 -0.16779879709313514
v -0.17540050505050503 0.00687430231885541 -0.16458713131313127
v -0.16136846464646462 0.009327409090909119 -0.23594619518531834
v -0.16136846464646462 0.009327409090909119 -0.17766154873497841
v -0.14733642424242419 0.009327409090909119 -0.23446205237036338
v -0.16092013125296747 0.009327409090909119 -0.17804559595959593
v -0.14733642424242419 0.009327409090909119 -0.18613823283130637
v -0.13330438383838378 0.009327409090909119 -0.2364384868209161
v -0.1402970392999195 0.009327409090909119 -0.19150406060606057
v -0.13330438383838378 0.009327409090909119 -0.1948247196231637
v -0.13330438383838378 0.006868094314172016 -0.19150406060606057
v -0.11927234343434336 0.009327409090909119 -0.2363139387865002
v -0.12271948952981446 0.009327409090909119 -0.20496252525252523
v -0.11927234343434336 0.009327409090909119 -0.20693174443545703
v -0.11927234343434336 0.007939945473445415 -0.20496252525252523
v -0.10524030303030302 0.009327409090909119 -0.23317146298374358
v -0.11026309953348337 0.009327409090909119 -0.21842098989898984
v -0.10524030303030302 0.009327409090909119 -0.22421808912052424
v -0.10524030303030302 0.007291001157756184 -0.21842098989898984
v -0.0912082626262626 0.009327409090909119 -0.23568878046893155
v -0.0912082626262626 0.009327409090909119 -0.23099617499953062
v -0.0912082626262626 0.004508179731067984 -0.21842098989898984
v -0.0912082626262626 0.005907160632554146 -0.20496252525252523
v -0.0912082626262626 0.007654799772031545 -0.19150406060606057
v -0.0912082626262626 0.0042835064262585765 -0.17804559595959593
v -0.0912082626262626 0.005393455749908915 -0.16458713131313127
v -0.0912082626262626 0.006622618228831164 -0.1511286666666666
v -0.0912082626262626 0.00431960231019457 -0.13767020202020194
v -0.0912082626262626 0.005186974062788239 -0.12421173737373728
v -0.0912082626262626 0.00592923873230124 -0.1107532727272727
v -0.0912082626262626 0.006254217868003692 -0.07037787878787874
v -0.0912082626262626 0.004116724821796124 -0.056919414141414076
v -0.0912082626262626 0.004779225116443252 -0.043460949494949414
v -0.0912082626262626 0.006254510362443616 -0.03000248484848482
v -0.0912082626262626 0.004505408483515606 -0.01654402020202017
v -0.0912082626262626 0.005004190460764806 -0.003085555555555508
v -0.0912082626262626 0.007009729623405123 0.010372909090909148
v -0.0912082626262626 0.00468637131066252 0.023831373737373804
v -0.0912082626262626 0.005346537969075849 0.03728983838383847
v -0.0912082626262626 0.007001615962021451 0.050748303030303046
v -0.0912082626262626 0.004940404447389062 0.06420676767676771
v -0.0912082626262626 0.005283597997962095 0.07766523232323236
v -0.0912082626262626 0.005945146664036871 0.0911236969696971
v -0.0912082626262626 0.004515433942996998 0.10458216161616168
v -0.0912082626262626 0.00427312672085758 0.11804062626262626
v -0.0912082626262626 0.004503442017134749 0.131499090909091
v -0.07717622222222219 0.005721246679296658 -0.24533791919191916
v -0.07717622222222219 0.009327409090909119 -0.24367646613646715
v -0.0782476448540769 0.009327409090909119 -0.21842098989898984
v -0.08070547757214604 0.009327409090909119 -0.20496252525252523
v -0.08695503970109231 0.009327409090909119 -0.19150406060606057
v -0.07759779063145725 0.009327409090909119 -0.17804559595959593
v -0.07958423714181093 0.009327409090909119 -0.16458713131313127
v -0.08472800515051285 0.009327409090909119 -0.1511286666666666
v -0.07771322093514739 0.009327409090909119 -0.13767020202020194
v -0.07961229921710201 0.009327409090909119 -0.12421173737373728
v -0.08280348960349923 0.009327409090909119 -0.1107532727272727
v -0.08076328440565592 0.009327409090909119 -0.09729480808080804
v -0.07959249431372217 0.009327409090909119 -0.08383634343434337
v -0.08662659707677907 0.009327409090909119 -0.07037787878787874
v -0.07983932433112707 0.009327409090909119 -0.056919414141414076
v -0.08089385021793911 0.009327409090909119 -0.043460949494949414
v -0.08550880557334178 0.009327409090909119 -0.03000248484848482
v -0.07877425742616559 0.009327409090909119 -0.01654402020202017
v -0.08008970345434024 0.009327409090909119 -0.003085555555555508
v -0.08640464040712456 0.009327409090909119 0.010372909090909148
v -0.07925825248910623 0.009327409090909119 0.023831373737373804
v -0.08201908524913751 0.009327409090909119 0.03728983838383847
v -0.08887096834518048 0.009327409090909119 0.050748303030303046
v -0.08137307914137025 0.009327409090909119 0.06420676767676771
v -0.08181292145292408 0.009327409090909119 0.07766523232323236
v -0.08404774733502832 0.009327409090909119 0.0911236969696971
v -0.08068243930951183 0.009327409090909119 0.10458216161616168
v -0.08251662122549465 0.009327409090909119 0.11804062626262626
v -0.0860495664413075 0.009327409090909119 0.131499090909091
v -0.08660778491256267 0.009327409090909119 0.14495755555555556
v -0.08538037270213031 0.009327409090909119 0.1584160202020203
v -0.08254434234846086 0.009327409090909119 0.1718744848484849
v -0.08582946946247923 0.009327409090909119 0.1853329494949495
v -0.07717622222222219 0.009327409090909119 0.19464706591375283
v -0.07717622222222219 0.006857410918192112 0.1987914141414142
v -0.07717622222222219 0.005296584854731146 0.2122498787878788
v -0.07717622222222219 0.004287940036393443 0.22570834343434354
v -0.0671331844198005 0.009327409090909119 -0.24533791919191916
v -0.06314418181818177 0.009327409090909119 -0.2476434840861773
v -0.07565621072444526 0.009327409090909119 0.1987914141414142
v -0.07066448390069367 0.009327409090909119 0.2122498787878788
v -0.07042660021519725 0.009327409090909119 0.22570834343434354
v -0.06314418181818177 0.009327409090909119 0.23149963112355232
v -0.06314418181818177 0.005907464243093163 0.23916680808080812
v -0.049112141414141344 0.009327409090909119 -0.2505370642806431
v -0.0548572217705272 0.009327409090909119 0.23916680808080812
v -0.05715235267677209 0.009327409090909119 0.25262527272727286
v -0.049112141414141344 0.009327409090909119 0.2573084441237718
v -0.049112141414141344 0.004069123956343173 0.2660837373737375
v -0.03508010101010093 0.009327409090909119 -0.2525404621052436
v -0.038996092165262314 0.009327409090909119 0.2660837373737375
v -0.03508010101010093 0.009327409090909119 0.27173979141963917
v -0.03508010101010093 0.0047616394471996035 0.279542202020202
v -0.021048060606060588 0.009327409090909119 -0.2537024105795965
v -0.028078095361840614 0.009327409090909119 0.279542202020202
v -0.021048060606060588 0.009327409090909119 0.29011114665741994
v -0.021048060606060588 0.005953207625853397 0.29300066666666674
v -0.00701602020202017 0.009327409090909119 -0.25277882679100483
v -0.013984892260869866 0.009327409090909119 0.29300066666666674
v -0.00701602020202017 0.009327409090909119 0.2988702470773605
v -0.00701602020202017 0.006729920184601644 0.3064591313131313
v -0.00701602020202017 0.005781619304146356 0.31991759595959607
v -0.00701602020202017 0.003971747815209612 0.3333760606060607
v 0.007016020202020247 0.009327409090909119 -0.2528692165652093
v 0.007016020202020247 0.009327409090909119 0.2985395062237148
v 0.007016020202020247 0.0069737492482909265 0.3064591313131313
v 0.007016020202020247 0.005830376562617039 0.31991759595959607
v 0.007016020202020247 0.003999685752596595 0.3333760606060607
v 0.021048060606060744 0.009327409090909119 -0.25488514629072206
v 0.017714638098107704 0.009327409090909119 0.29300066666666674
v 0.021048060606060744 0.009327409090909119 0.2919367208730401
v 0.021048060606060744 0.007723406577720122 0.29300066666666674
v 0.021048060606060744 0.00565357421150234 0.3064591313131313
v 0.021048060606060744 0.003928423960919915 0.31991759595959607
v 0.03508010101010108 0.009327409090909119 -0.2564457150222058
v 0.02700383595238238 0.009327409090909119 0.279542202020202
v 0.03508010101010108 0.009327409090909119 0.27058274877730215
v 0.03508010101010108 0.004699307285088657 0.279542202020202
v 0.04911214141414143 0.009327409090909119 -0.2572385963946402
v 0.04052372094738799 0.009327409090909119 0.2660837373737375
v 0.04911214141414143 0.009327409090909119 0.2615898124530175
v 0.04911214141414143 0.004462818632481804 0.2660837373737375
v 0.06314418181818192 0.009327409090909119 -0.25642197923228754
v 0.05493537625399561 0.009327409090909119 0.23916680808080812
v 0.06314418181818192 0.009327409090909119 0.23115981430606414
v 0.06314418181818192 0.005895533129822782 0.23916680808080812
v 0.059259415478585056 0.009327409090909119 0.25262527272727286
v 0.07717622222222226 0.009327409090909119 -0.25344365980126493
v 0.06612645296724261 0.009327409090909119 0.1718744848484849
v 0.07717622222222226 0.009327409090909119 0.16314531138389807
v 0.07717622222222226 0.005031564220703181 0.1718744848484849
v 0.07717622222222226 0.009327409090909119 0.18195467178564442
v 0.07627750648766689 0.009327409090909119 0.1987914141414142
v 0.07717622222222226 0.009327409090909119 0.19591180956770468
v 0.07717622222222226 0.007270149273703626 0.1987914141414142
v 0.07259097957217475 0.009327409090909119 0.2122498787878788
v 0.07717622222222226 0.0051256575990563085 0.2122498787878788
v 0.06738845876167593 0.009327409090909119 0.22570834343434354
v 0.07717622222222226 0.004134789620323329 0.22570834343434354
v 0.07919946914159598 0.009327409090909119 -0.24533791919191916
v 0.09120826262626276 0.009327409090909119 -0.23520075820062342
v 0.07802045016820501 0.009327409090909119 -0.21842098989898984
v 0.09120826262626276 0.009327409090909119 -0.23140564095924657
v 0.09120826262626276 0.004317688680043243 -0.21842098989898984
v 0.08157334519044104 0.009327409090909119 -0.20496252525252523
v 0.09120826262626276 0.00577257513219605 -0.20496252525252523
v 0.08715269647661117 0.009327409090909119 -0.19150406060606057
v 0.09120826262626276 0.007380182341905401 -0.19150406060606057
v 0.07766240458645092 0.009327409090909119 -0.17804559595959593
v 0.09120826262626276 0.004204189500782052 -0.17804559595959593
v 0.07968940650803452 0.009327409090909119 -0.16458713131313127
v 0.09120826262626276 0.005090889384976238 -0.16458713131313127
v 0.08617812191305409 0.009327409090909119 -0.1511286666666666
v 0.09120826262626276 0.006708625501659522 -0.1511286666666666
v 0.07779054581746088 0.009327409090909119 -0.13767020202020194
v 0.09120826262626276 0.004218147906203676 -0.13767020202020194
v 0.07956943651431367 0.009327409090909119 -0.12421173737373728
v 0.09120826262626276 0.004840920205853733 -0.12421173737373728
v 0.08157109170438775 0.009327409090909119 -0.1107532727272727
v 0.09120826262626276 0.0052732555514496664 -0.1107532727272727
v 0.0803139800254399 0.009327409090909119 -0.09729480808080804
v 0.0797835184038678 0.009327409090909119 -0.08383634343434337
v 0.08739118656062031 0.009327409090909119 -0.07037787878787874
v 0.09120826262626276 0.006051596496565012 -0.07037787878787874
v 0.07930661915048928 0.009327409090909119 -0.056919414141414076
v 0.09120826262626276 0.004001922480417863 -0.056919414141414076
v 0.081021902754362 0.009327409090909119 -0.043460949494949414
v 0.09120826262626276 0.0044298923585515135 -0.043460949494949414
v 0.08541525009690902 0.009327409090909119 -0.03000248484848482
v 0.09120826262626276 0.005680030292632546 -0.03000248484848482
v 0.07902625227015564 0.009327409090909119 -0.01654402020202017
v 0.09120826262626276 0.0043442889029802235 -0.01654402020202017
v 0.08029529601600326 0.009327409090909119 -0.003085555555555508
v 0.09120826262626276 0.004717476043515033 -0.003085555555555508
v 0.0863214808521534 0.009327409090909119 0.010372909090909148
v 0.09120826262626276 0.006586757409985142 0.010372909090909148
v 0.07949146593159838 0.009327409090909119 0.023831373737373804
v 0.09120826262626276 0.004516707130265924 0.023831373737373804
v 0.0828344784918093 0.009327409090909119 0.03728983838383847
v 0.09120826262626276 0.005231109323203177 0.03728983838383847
v 0.0881929469183798 0.009327409090909119 0.050748303030303046
v 0.09120826262626276 0.0049389961868959815 0.050748303030303046
v 0.08023395384657281 0.009327409090909119 0.06420676767676771
v 0.09120826262626276 0.004439829837314762 0.06420676767676771
v 0.08153979783126314 0.009327409090909119 0.07766523232323236
v 0.09120826262626276 0.004858218190094512 0.07766523232323236
v 0.08452770839450341 0.009327409090909119 0.0911236969696971
v 0.09120826262626276 0.005645077052757938 0.0911236969696971
v 0.08097197915911093 0.009327409090909119 0.10458216161616168
v 0.09120826262626276 0.00417533938461851 0.10458216161616168
v 0.08328882170984113 0.009327409090909119 0.11804062626262626
v 0.09120826262626276 0.004097038876219396 0.11804062626262626
v 0.08724053570921532 0.009327409090909119 0.131499090909091
v 0.09120826262626276 0.004091169678813744 0.131499090909091
v 0.08638900256678642 0.009327409090909119 0.14495755555555556
v 0.08605465103003083 0.009327409090909119 0.1584160202020203
v 0.08536025024312183 0.009327409090909119 0.1853329494949495
v 0.10088908259053797 0.009327409090909119 -0.2318794545454545
v 0.1052403030303031 0.005774383630144228 -0.2318794545454545
v 0.10889922374273858 0.009327409090909119 -0.2318794545454545
v 0.11927234343434344 0.009327409090909119 -0.23577821133982899
v 0.11769142160573487 0.009327409090909119 -0.21842098989898984
v 0.11927234343434344 0.009327409090909119 -0.21567860586806686
v 0.13330438383838394 0.009327409090909119 -0.23544513275979104
v 0.13330438383838394 0.009327409090909119 -0.20499184630393955
v 0.13330438383838394 0.009308047093096773 -0.20496252525252523
v 0.14733642424242427 0.009327409090909119 -0.23529326133792225
v 0.13336163300769488 0.009327409090909119 -0.20496252525252523
v 0.14733642424242427 0.009327409090909119 -0.19455035498391834
v 0.14733642424242427 0.0070866321788017085 -0.19150406060606057
v 0.16136846464646476 0.009327409090909119 -0.2358270664270549
v 0.15227278862558838 0.009327409090909119 -0.19150406060606057
v 0.16136846464646476 0.009327409090909119 -0.18436696914566442
v 0.16136846464646476 0.0039890048626857475 -0.17804559595959593
v 0.1754005050505051 0.009327409090909119 -0.23502656982483533
v 0.17228184538516378 0.009327409090909119 -0.17804559595959593
v 0.1754005050505051 0.009327409090909119 -0.17549984789360584
v 0.1894325454545456 0.009327409090909119 -0.23664843453461637
v 0.1894325454545456 0.009327409090909119 -0.1668339132011694
v 0.1894325454545456 0.007620023648362038 -0.16458713131313127
v 0.20346458585858596 0.009327409090909119 -0.23674112979101478
v 0.19391299166661458 0.009327409090909119 -0.16458713131313127
v 0.20346458585858596 0.009327409090909119 -0.15470324060278717
v 0.20346458585858596 0.00813959755991002 -0.1511286666666666
v 0.20346458585858596 0.004763291591823562 -0.13767020202020194
v 0.21749662626262628 0.009327409090909119 -0.23577741575189803
v 0.20750134266504525 0.009327409090909119 -0.1511286666666666
v 0.21749662626262628 0.009327409090909119 -0.13846184715472312
v 0.21749662626262628 0.009192826681520633 -0.13767020202020194
v 0.21749662626262628 0.006212102640973315 -0.12421173737373728
v 0.23152866666666677 0.009327409090909119 -0.2354261252981607
v 0.21836643665259217 0.009327409090909119 -0.13767020202020194
v 0.23152866666666677 0.009327409090909119 -0.13193328824932415
v 0.23152866666666677 0.00715707799559175 -0.12421173737373728
v 0.24556070707070712 0.009327409090909119 -0.23354746930166642
v 0.24556070707070712 0.009327409090909119 -0.13348766811851895
v 0.24556070707070712 0.005824233367366432 -0.12421173737373728
v 0.25959274747474764 0.009327409090909119 -0.2322881231697492
v 0.2589294884564123 0.009327409090909119 -0.13767020202020194
v 0.25959274747474764 0.009327409090909119 -0.1381711603193588
v 0.25959274747474764 0.009252180366438448 -0.13767020202020194
v 0.260539359858432 0.009327409090909119 -0.2318794545454545
v 0.27292805897005945 0.009327409090909119 -0.21842098989898984
v 0.27362478787878797 0.00886938389971462 -0.21842098989898984
v 0.27362478787878797 0.009327409090909119 -0.21463987470546753
v 0.2703248408513685 0.009327409090909119 -0.1511286666666666
v 0.27362478787878797 0.009327409090909119 -0.16040707501812349
v 0.27362478787878797 0.008656668667022516 -0.1511286666666666
v 0.27362478787878797 0.005886789238619919 -0.13767020202020194
v 0.277817704982704 0.009327409090909119 -0.20496252525252523
v 0.27786434971611884 0.009327409090909119 -0.19150406060606057
v 0.28765682828282846 0.004315118074352003 -0.19150406060606057
v 0.27570215545383375 0.009327409090909119 -0.17804559595959593
v 0.28765682828282846 0.004616992106612126 -0.17804559595959593
v 0.2745932314610619 0.009327409090909119 -0.16458713131313127
v 0.28765682828282846 0.0047808200700756465 -0.16458713131313127
v 0.28765682828282846 0.004467193681476834 -0.1511286666666666
v -0.27362478787878786 0.012708747804965614 -0.20496252525252523
v -0.27362478787878786 0.013243639889322657 -0.19150406060606057
v -0.27362478787878786 0.012941752121558615 -0.17804559595959593
v -0.27362478787878786 0.012162124126797937 -0.16458713131313127
v -0.27362478787878786 0.010982354930536136 -0.1511286666666666
v -0.2595927474747475 0.01063228556324166 -0.2318794545454545
v -0.26531650938943435 0.014749651515151549 -0.21842098989898984
v -0.2595927474747475 0.014749651515151549 -0.22229781706190097
v -0.2700394280682212 0.014749651515151549 -0.20496252525252523
v -0.2703584827076375 0.014749651515151549 -0.19150406060606057
v -0.2687720807962792 0.014749651515151549 -0.17804559595959593
v -0.26530880559921693 0.014749651515151549 -0.16458713131313127
v -0.2595927474747475 0.014749651515151549 -0.15121550579171822
v -0.2595927474747475 0.014739072651442371 -0.1511286666666666
v -0.2595927474747475 0.01194855622360798 -0.13767020202020194
v -0.24556070707070704 0.012731218941997958 -0.2318794545454545
v -0.24556070707070704 0.014749651515151549 -0.22745030012623085
v -0.2595223796376336 0.014749651515151549 -0.1511286666666666
v -0.24556070707070704 0.014749651515151549 -0.13945757335913875
v -0.24556070707070704 0.014454866523578313 -0.13767020202020194
v -0.23723102455540326 0.014749651515151549 -0.2318794545454545
v -0.23152866666666663 0.014749651515151549 -0.23269539166787853
v -0.238283703213575 0.014749651515151549 -0.13767020202020194
v -0.23152866666666663 0.014749651515151549 -0.13679446657262723
v -0.23152866666666663 0.010578605544969562 -0.12421173737373728
v -0.2174966262626262 0.014749651515151549 -0.2333436731209796
v -0.22795572783017215 0.014749651515151549 -0.13767020202020194
v -0.2174966262626262 0.014749651515151549 -0.14339386308490018
v -0.2174966262626262 0.01371101774403099 -0.13767020202020194
v -0.2174966262626262 0.009895432802327141 -0.12421173737373728
v -0.2034645858585858 0.014749651515151549 -0.23386935427319136
v -0.21118474491418007 0.014749651515151549 -0.1511286666666666
v -0.2034645858585858 0.014749651515151549 -0.15728203382037229
v -0.2034645858585858 0.012660635036334973 -0.1511286666666666
v -0.18943254545454544 0.014749651515151549 -0.23298774175302178
v -0.19535532138561662 0.014749651515151549 -0.16458713131313127
v -0.18943254545454544 0.014749651515151549 -0.16777912491680544
v -0.18943254545454544 0.012818026008026043 -0.16458713131313127
v -0.1829496624676328 0.014749651515151549 -0.2318794545454545
v -0.17540050505050503 0.013768230532401528 -0.2318794545454545
v -0.17540050505050503 0.014749651515151549 -0.22639849604323042
v -0.17540050505050503 0.014749651515151549 -0.17670679842405074
v -0.16136846464646462 0.013852745977087966 -0.2318794545454545
v -0.16136846464646462 0.014749651515151549 -0.2246604766628442
v -0.17387955141535716 0.014749651515151549 -0.17804559595959593
v -0.16136846464646462 0.014749651515151549 -0.1859995990989918
v -0.16136846464646462 0.009549521378211226 -0.17804559595959593
v -0.14733642424242419 0.012414341290459735 -0.2318794545454545
v -0.14733642424242419 0.014749651515151549 -0.22319671153474632
v -0.1533963495657914 0.014749651515151549 -0.19150406060606057
v -0.14733642424242419 0.014749651515151549 -0.194777474126862
v -0.14733642424242419 0.012688879874062257 -0.19150406060606057
v -0.13330438383838378 0.014024070027816542 -0.2318794545454545
v -0.13330438383838378 0.014749651515151549 -0.2232533975017687
v -0.13330438383838378 0.014749651515151549 -0.20429397779643943
v -0.11927234343434336 0.013673471686632497 -0.2318794545454545
v -0.11957634586639274 0.014749651515151549 -0.21842098989898984
v -0.11927234343434336 0.014677756583726935 -0.21842098989898984
v -0.13279777659231026 0.014749651515151549 -0.20496252525252523
v -0.10524030303030302 0.010709819832169844 -0.2318794545454545
v -0.09539133337971271 0.014749651515151549 -0.2318794545454545
v -0.0912082626262626 0.014749651515151549 -0.2327696454353304
v -0.0912082626262626 0.014749651515151549 -0.22812798648607902
v -0.09142457336449253 0.014749651515151549 -0.09729480808080804
v -0.0912082626262626 0.014749651515151549 -0.09741409568974767
v -0.0912082626262626 0.014731291029958798 -0.09729480808080804
v -0.0912082626262626 0.014749651515151549 -0.09715041583517986
v -0.07717622222222219 0.014749651515151549 -0.24085329060949287
v -0.08648752621594523 0.014749651515151549 -0.21842098989898984
v -0.08203085179853915 0.014749651515151549 -0.20496252525252523
v -0.08360559917677719 0.014749651515151549 -0.19150406060606057
v -0.08068335602771928 0.014749651515151549 -0.17804559595959593
v -0.08038174910469381 0.014749651515151549 -0.16458713131313127
v -0.08200012123538278 0.014749651515151549 -0.1511286666666666
v -0.08054755758146284 0.014749651515151549 -0.13767020202020194
v -0.0807050250545101 0.014749651515151549 -0.12421173737373728
v -0.08219084897091819 0.014749651515151549 -0.1107532727272727
v -0.0841990976761831 0.014749651515151549 -0.08383634343434337
v -0.08618012106541181 0.014749651515151549 -0.07037787878787874
v -0.08539580488289741 0.014749651515151549 -0.056919414141414076
v -0.08285926111201934 0.014749651515151549 -0.043460949494949414
v -0.08416504110646188 0.014749651515151549 -0.03000248484848482
v -0.08286122542435959 0.014749651515151549 -0.01654402020202017
v -0.08212534325066621 0.014749651515151549 -0.003085555555555508
v -0.08504857531346002 0.014749651515151549 0.010372909090909148
v -0.08438818717683133 0.014749651515151549 0.023831373737373804
v -0.08594537208670124 0.014749651515151549 0.03728983838383847
v -0.08557082884583914 0.014749651515151549 0.050748303030303046
v -0.08731525879217658 0.014749651515151549 0.06420676767676771
v -0.086581189107478 0.014749651515151549 0.07766523232323236
v -0.08478648514110897 0.014749651515151549 0.0911236969696971
v -0.08284071856186048 0.014749651515151549 0.10458216161616168
v -0.08369933403458166 0.014749651515151549 0.11804062626262626
v -0.08622972538221167 0.014749651515151549 0.131499090909091
v -0.08669426819094975 0.014749651515151549 0.14495755555555556
v -0.0824953257855822 0.014749651515151549 0.1584160202020203
v -0.07717622222222219 0.014749651515151549 0.16764866171962606
v -0.07717622222222219 0.012359685181358092 0.1718744848484849
v -0.07717622222222219 0.013087070543448643 0.1853329494949495
v -0.06314418181818177 0.01457556458012561 -0.24533791919191916
v -0.06314418181818177 0.014749651515151549 -0.24527825938091996
v -0.07320989728404576 0.014749651515151549 0.1718744848484849
v -0.06314418181818177 0.014749651515151549 0.18480804346123372
v -0.06314418181818177 0.014260780175233405 0.1853329494949495
v -0.06673204231302204 0.014749651515151549 0.1987914141414142
v -0.06314418181818177 0.014749651515151549 0.18683029695637074
v -0.06954628409821881 0.014749651515151549 0.2122498787878788
v -0.06964581071183494 0.014749651515151549 0.22570834343434354
v -0.06314418181818177 0.014749651515151549 0.2332258130843235
v -0.06285363474209688 0.014749651515151549 -0.24533791919191916
v -0.049112141414141344 0.014749651515151549 -0.2495248826544499
v -0.062493753938673846 0.014749651515151549 0.1853329494949495
v -0.05542531255043283 0.014749651515151549 0.23916680808080812
v -0.049209284569257876 0.014749651515151549 0.25262527272727286
v -0.049112141414141344 0.014749651515151549 0.25267947612288494
v -0.03508010101010093 0.014749651515151549 -0.25244235530040127
v -0.03650290267029269 0.014749651515151549 0.2660837373737375
v -0.03508010101010093 0.014749651515151549 0.26815860942230896
v -0.021048060606060588 0.014749651515151549 -0.25413172175875265
v -0.02424215701734543 0.014749651515151549 0.279542202020202
v -0.021048060606060588 0.014749651515151549 0.28389451602126925
v -0.00701602020202017 0.014749651515151549 -0.2530504301099656
v -0.00701602020202017 0.014749651515151549 0.28787687080619995
v -0.00701602020202017 0.011985042840868917 0.29300066666666674
v 0.007016020202020247 0.014749651515151549 -0.25316985275083537
v 0.007016020202020247 0.014749651515151549 0.28937721734078653
v 0.007016020202020247 0.012478665371157795 0.29300066666666674
v 0.021048060606060744 0.014749651515151549 -0.25559736522009924
v 0.021048060606060744 0.014749651515151549 0.28611998986826526
v 0.03508010101010108 0.014749651515151549 -0.2569725936739548
v 0.024033005128342718 0.014749651515151549 0.279542202020202
v 0.03508010101010108 0.014749651515151549 0.2681915606013213
v 0.04911214141414143 0.014749651515151549 -0.25748297898818134
v 0.04843471274256579 0.014749651515151549 0.25262527272727286
v 0.04911214141414143 0.014749651515151549 0.2519251296089792
v 0.04911214141414143 0.014692222971370164 0.25262527272727286
v 0.037357443390950866 0.014749651515151549 0.2660837373737375
v 0.06314418181818192 0.014749651515151549 -0.256237845798372
v 0.0573955722732741 0.014749651515151549 0.1853329494949495
v 0.06314418181818192 0.014749651515151549 0.18035965297446002
v 0.06314418181818192 0.012272220370550186 0.1853329494949495
v 0.06314418181818192 0.014749651515151549 0.19472555733802197
v 0.055836449206122137 0.014749651515151549 0.23916680808080812
v 0.06314418181818192 0.014749651515151549 0.23354540408207325
v 0.07717622222222226 0.014749651515151549 -0.25199309116482427
v 0.07055547140024615 0.014749651515151549 0.1718744848484849
v 0.07717622222222226 0.014749651515151549 0.1660200542396965
v 0.07717622222222226 0.012969835602521858 0.1853329494949495
v 0.06631272499835741 0.014749651515151549 0.1987914141414142
v 0.07030253132615948 0.014749651515151549 0.2122498787878788
v 0.06886870277284043 0.014749651515151549 0.22570834343434354
v 0.07881678022188973 0.014749651515151549 -0.24533791919191916
v 0.08995341608551125 0.014749651515151549 -0.2318794545454545
v 0.09120826262626276 0.013999167432767644 -0.2318794545454545
v 0.08618994275078828 0.014749651515151549 -0.21842098989898984
v 0.08344179193144217 0.014749651515151549 -0.20496252525252523
v 0.08463135649887384 0.014749651515151549 -0.19150406060606057
v 0.08160618154024993 0.014749651515151549 -0.17804559595959593
v 0.08114481571621364 0.014749651515151549 -0.16458713131313127
v 0.08313625664056451 0.014749651515151549 -0.1511286666666666
v 0.08154869120924498 0.014749651515151549 -0.13767020202020194
v 0.08180665106826428 0.014749651515151549 -0.12421173737373728
v 0.0824771725778259 0.014749651515151549 -0.1107532727272727
v 0.08856550462723589 0.014749651515151549 -0.09729480808080804
v 0.0850402747010839 0.014749651515151549 -0.08383634343434337
v 0.08745331353681604 0.014749651515151549 -0.07037787878787874
v 0.08516263086198662 0.014749651515151549 -0.056919414141414076
v 0.08345524758876462 0.014749651515151549 -0.043460949494949414
v 0.08475340687025693 0.014749651515151549 -0.03000248484848482
v 0.08402578446382908 0.014749651515151549 -0.01654402020202017
v 0.08300259302505895 0.014749651515151549 -0.003085555555555508
v 0.08574636702549993 0.014749651515151549 0.010372909090909148
v 0.08566557388453895 0.014749651515151549 0.023831373737373804
v 0.08761287196079978 0.014749651515151549 0.03728983838383847
v 0.08415241610763644 0.014749651515151549 0.050748303030303046
v 0.08606452933008829 0.014749651515151549 0.06420676767676771
v 0.08661251236882436 0.014749651515151549 0.07766523232323236
v 0.08598117624644581 0.014749651515151549 0.0911236969696971
v 0.08414695110508977 0.014749651515151549 0.10458216161616168
v 0.08638488680859978 0.014749651515151549 0.11804062626262626
v 0.08745924833581535 0.014749651515151549 0.131499090909091
v 0.08713424216731344 0.014749651515151549 0.14495755555555556
v 0.08412292875191296 0.014749651515151549 0.1584160202020203
v 0.11927234343434344 0.013069854413563467 -0.2318794545454545
v 0.11927234343434344 0.010376897115355405 -0.21842098989898984
v 0.13330438383838394 0.0129739589772436 -0.2318794545454545
v 0.13330438383838394 0.01379467812095084 -0.21842098989898984
v 0.14733642424242427 0.013054662522140652 -0.2318794545454545
v 0.13956456583314325 0.014749651515151549 -0.21842098989898984
v 0.14733642424242427 0.014749651515151549 -0.22000780468179898
v 0.14733642424242427 0.014749651515151549 -0.20765351419105835
v 0.14733642424242427 0.014149558712910399 -0.20496252525252523
v 0.16136846464646476 0.013677173979090844 -0.2318794545454545
v 0.16136846464646476 0.014749651515151549 -0.22294881291472296
v 0.14915259920679413 0.014749651515151549 -0.20496252525252523
v 0.16136846464646476 0.014749651515151549 -0.19374068226991692
v 0.16136846464646476 0.013468210425732104 -0.19150406060606057
v 0.1754005050505051 0.013402782786259275 -0.2318794545454545
v 0.1754005050505051 0.014749651515151549 -0.22567130357356624
v 0.1647640762451511 0.014749651515151549 -0.19150406060606057
v 0.1754005050505051 0.014749651515151549 -0.18350517650472759
v 0.1754005050505051 0.010827709079585652 -0.17804559595959593
v 0.18373428735343808 0.014749651515151549 -0.2318794545454545
v 0.1894325454545456 0.014749651515151549 -0.23270081165972414
v 0.18651472233241378 0.014749651515151549 -0.17804559595959593
v 0.1894325454545456 0.014749651515151549 -0.17598596301122915
v 0.20346458585858596 0.014749651515151549 -0.23335476126125024
v 0.20346458585858596 0.014749651515151549 -0.16852932795603157
v 0.20346458585858596 0.012694924129055412 -0.16458713131313127
v 0.21749662626262628 0.014749651515151549 -0.23255278369907414
v 0.2143114374070696 0.014749651515151549 -0.16458713131313127
v 0.21749662626262628 0.014749651515151549 -0.1625215618852991
v 0.21749662626262628 0.011905010900843739 -0.1511286666666666
v 0.23152866666666677 0.014749651515151549 -0.23192342891777432
v 0.23152866666666677 0.014749651515151549 -0.1574047313071473
v 0.23152866666666677 0.013569115692568696 -0.1511286666666666
v 0.23152866666666677 0.011285699188128537 -0.13767020202020194
v 0.23188905714283156 0.014749651515151549 -0.2318794545454545
v 0.24556070707070712 0.012391995520998181 -0.2318794545454545
v 0.24556070707070712 0.014749651515151549 -0.2262131601363409
v 0.24556070707070712 0.014749651515151549 -0.16083142339517595
v 0.24556070707070712 0.013480369402456813 -0.1511286666666666
v 0.24556070707070712 0.011121965108085987 -0.13767020202020194
v 0.25959274747474764 0.010071286111320948 -0.2318794545454545
v 0.25959274747474764 0.014749651515151549 -0.2216332863984525
v 0.24878924696925894 0.014749651515151549 -0.16458713131313127
v 0.25959274747474764 0.014749651515151549 -0.17633452065202854
v 0.25959274747474764 0.013015108239431162 -0.16458713131313127
v 0.25959274747474764 0.011769490257238465 -0.1511286666666666
v 0.26468455489185777 0.014749651515151549 -0.21842098989898984
v 0.26787315423373625 0.014749651515151549 -0.20496252525252523
v 0.27362478787878797 0.011801593809808105 -0.20496252525252523
v 0.2659490114792984 0.014749651515151549 -0.19150406060606057
v 0.27362478787878797 0.011479357722565083 -0.19150406060606057
v 0.2602912706888093 0.014749651515151549 -0.17804559595959593
v 0.27362478787878797 0.010172565459220663 -0.17804559595959593
v 0.27362478787878797 0.009687838446521642 -0.16458713131313127
v -0.2595927474747475 0.018256371201961514 -0.21842098989898984
v -0.2596564622993967 0.02017189393939398 -0.20496252525252523
v -0.2595927474747475 0.02017189393939398 -0.20508712675908336
v -0.2595927474747475 0.02017189393939398 -0.20406261767125333
v -0.2595927474747475 0.019579213018523854 -0.19150406060606057
v -0.2595927474747475 0.017779897381126775 -0.17804559595959593
v -0.2595927474747475 0.016589767946944424 -0.16458713131313127
v -0.2520019172897938 0.02017189393939398 -0.21842098989898984
v -0.24556070707070704 0.02017189393939398 -0.22053893113754963
v -0.25758256879531066 0.02017189393939398 -0.19150406060606057
v -0.2502872612437272 0.02017189393939398 -0.17804559595959593
v -0.24556070707070704 0.02017189393939398 -0.17090211156838933
v -0.24556070707070704 0.01901080697893143 -0.16458713131313127
v -0.24556070707070704 0.017082328089102688 -0.1511286666666666
v -0.23152866666666663 0.0163848598306082 -0.2318794545454545
v -0.23152866666666663 0.02017189393939398 -0.22445469078074895
v -0.2324676563514701 0.02017189393939398 -0.16458713131313127
v -0.23152866666666663 0.02017189393939398 -0.1641492698245586
v -0.23152866666666663 0.01767349444815551 -0.1511286666666666
v -0.23152866666666663 0.015080076258043 -0.13767020202020194
v -0.2174966262626262 0.017560825325284538 -0.2318794545454545
v -0.2174966262626262 0.02017189393939398 -0.22614615505571978
v -0.22964484647298775 0.02017189393939398 -0.16458713131313127
v -0.2174966262626262 0.02017189393939398 -0.16653944782131871
v -0.2174966262626262 0.019577078567900287 -0.16458713131313127
v -0.2174966262626262 0.01627939449215436 -0.1511286666666666
v -0.2034645858585858 0.018276457602744038 -0.2318794545454545
v -0.2034645858585858 0.02017189393939398 -0.22633533974376194
v -0.2034645858585858 0.02017189393939398 -0.17179517051928372
v -0.2034645858585858 0.017192416859858946 -0.16458713131313127
v -0.18943254545454544 0.016925549854251893 -0.2318794545454545
v -0.18943254545454544 0.02017189393939398 -0.22360737084824725
v -0.19204620721338544 0.02017189393939398 -0.17804559595959593
v -0.18943254545454544 0.02017189393939398 -0.17901889042600455
v -0.18943254545454544 0.019665285726217396 -0.17804559595959593
v -0.17540050505050503 0.02017189393939398 -0.22021469606842486
v -0.17540050505050503 0.02017189393939398 -0.18697119352022615
v -0.17540050505050503 0.015388970481136358 -0.17804559595959593
v -0.16136846464646462 0.02017189393939398 -0.2185234372955073
v -0.1700095966296733 0.02017189393939398 -0.19150406060606057
v -0.16136846464646462 0.02017189393939398 -0.19899743427852448
v -0.16136846464646462 0.017369315870612315 -0.19150406060606057
v -0.16036353742393689 0.02017189393939398 -0.21842098989898984
v -0.14733642424242419 0.018681029728340758 -0.21842098989898984
v -0.15466411625010218 0.02017189393939398 -0.20496252525252523
v -0.14733642424242419 0.01864059179000013 -0.20496252525252523
v -0.13330438383838378 0.01809723743835502 -0.21842098989898984
v -0.13330438383838378 0.015069712997500331 -0.20496252525252523
v -0.10009281054531832 0.02017189393939398 -0.2318794545454545
v -0.0912082626262626 0.02017189393939398 -0.2356221247844718
v -0.0912082626262626 0.02017189393939398 -0.2195078646090856
v -0.10477573585938098 0.02017189393939398 -0.09729480808080804
v -0.0912082626262626 0.02017189393939398 -0.11030084837730933
v -0.0912082626262626 0.02017189393939398 -0.0839519078028959
v -0.07717622222222219 0.02017189393939398 -0.23899124818654227
v -0.08972131390964583 0.02017189393939398 -0.21842098989898984
v -0.0837127833016912 0.02017189393939398 -0.20496252525252523
v -0.08352037162015795 0.02017189393939398 -0.19150406060606057
v -0.08152519303842903 0.02017189393939398 -0.17804559595959593
v -0.08050157464573245 0.02017189393939398 -0.16458713131313127
v -0.08116566661711234 0.02017189393939398 -0.1511286666666666
v -0.08093696787761892 0.02017189393939398 -0.13767020202020194
v -0.0808890334123599 0.02017189393939398 -0.12421173737373728
v -0.08280665261931598 0.02017189393939398 -0.1107532727272727
v -0.08863009606872088 0.02017189393939398 -0.08383634343434337
v -0.08833212925838513 0.02017189393939398 -0.07037787878787874
v -0.0875438653367688 0.02017189393939398 -0.056919414141414076
v -0.08458246609059214 0.02017189393939398 -0.043460949494949414
v -0.08506753675486428 0.02017189393939398 -0.03000248484848482
v -0.08464841219252892 0.02017189393939398 -0.01654402020202017
v -0.0837324615784534 0.02017189393939398 -0.003085555555555508
v -0.08617753422153321 0.02017189393939398 0.010372909090909148
v -0.08757458192290864 0.02017189393939398 0.023831373737373804
v -0.08805393865309541 0.02017189393939398 0.03728983838383847
v -0.08385896075629094 0.02017189393939398 0.050748303030303046
v -0.08884220081519863 0.02017189393939398 0.06420676767676771
v -0.0903154380709041 0.02017189393939398 0.07766523232323236
v -0.08777328907904663 0.02017189393939398 0.0911236969696971
v -0.08590344217481666 0.02017189393939398 0.10458216161616168
v -0.08676535969931848 0.02017189393939398 0.11804062626262626
v -0.090155582129351 0.02017189393939398 0.131499090909091
v -0.0834548052179961 0.02017189393939398 0.14495755555555556
v -0.07807897332463895 0.02017189393939398 0.1584160202020203
v -0.07717622222222219 0.02017189393939398 0.15965442994036727
v -0.06314418181818177 0.02017189393939398 -0.24356341723303337
v -0.07132536301405558 0.02017189393939398 0.1718744848484849
v -0.06418105409683947 0.02017189393939398 0.1853329494949495
v -0.06314418181818177 0.01693230987430523 0.1853329494949495
v -0.0637307990055826 0.02017189393939398 0.1987914141414142
v -0.06898212567809948 0.02017189393939398 0.2122498787878788
v -0.06888789615283944 0.02017189393939398 0.22570834343434354
v -0.06314418181818177 0.02017189393939398 0.23397706838560992
v -0.05652625025632336 0.02017189393939398 -0.24533791919191916
v -0.049112141414141344 0.02017189393939398 -0.24832956872971887
v -0.054684661310255095 0.02017189393939398 0.23916680808080812
v -0.049112141414141344 0.02017189393939398 0.24628384541543177
v -0.049112141414141344 0.014915242923974162 0.25262527272727286
v -0.03508010101010093 0.02017189393939398 -0.25220932114550426
v -0.04327470481204495 0.02017189393939398 0.25262527272727286
v -0.03508010101010093 0.02017189393939398 0.2635679780564958
v -0.03508010101010093 0.018715728379136168 0.2660837373737375
v -0.021048060606060588 0.02017189393939398 -0.254561303934469
v -0.032750050916318 0.02017189393939398 0.2660837373737375
v -0.021048060606060588 0.02017189393939398 0.27943418027850314
v -0.021048060606060588 0.020122319199702976 0.279542202020202
v -0.00701602020202017 0.02017189393939398 -0.2532615792035104
v -0.020971792256472967 0.02017189393939398 0.279542202020202
v -0.00701602020202017 0.02017189393939398 0.28603447176172553
v 0.007016020202020247 0.02017189393939398 -0.25342288304829536
v 0.007016020202020247 0.02017189393939398 0.28668056126345615
v 0.021048060606060744 0.02017189393939398 -0.25624465964568804
v 0.021048060606060744 0.02017189393939398 0.28068058796141504
v 0.03508010101010108 0.02017189393939398 -0.25738008641732524
v 0.03487144004104313 0.02017189393939398 0.2660837373737375
v 0.03508010101010108 0.02017189393939398 0.2658517925425715
v 0.03508010101010108 0.02003030553871404 0.2660837373737375
v 0.0218661956775777 0.02017189393939398 0.279542202020202
v 0.04911214141414143 0.02017189393939398 -0.2575740421521211
v 0.04302982019462279 0.02017189393939398 0.25262527272727286
v 0.04911214141414143 0.02017189393939398 0.2461079399594243
v 0.06314418181818192 0.02017189393939398 -0.2559768219694968
v 0.06193579230434909 0.02017189393939398 0.1853329494949495
v 0.06314418181818192 0.02017189393939398 0.18460858317010118
v 0.06294246700542892 0.02017189393939398 0.1987914141414142
v 0.06314418181818192 0.01998847524230385 0.1987914141414142
v 0.06314418181818192 0.02017189393939398 0.19905592447913756
v 0.05488730282890867 0.02017189393939398 0.23916680808080812
v 0.06314418181818192 0.02017189393939398 0.23423619573127527
v 0.07717622222222226 0.02017189393939398 -0.25088975680740594
v 0.07048691944398915 0.02017189393939398 0.1718744848484849
v 0.07717622222222226 0.02017189393939398 0.16039777593081916
v 0.06900093032825907 0.02017189393939398 0.2122498787878788
v 0.06888004947369866 0.02017189393939398 0.22570834343434354
v 0.07860124966883421 0.02017189393939398 -0.24533791919191916
v 0.09120826262626276 0.02017189393939398 -0.23283334239773587
v 0.09120826262626276 0.017087959428062627 -0.2318794545454545
v 0.08954738465332525 0.02017189393939398 -0.21842098989898984
v 0.09120826262626276 0.02017189393939398 -0.22396009531063796
v 0.08540457715553612 0.02017189393939398 -0.20496252525252523
v 0.08488433291928381 0.02017189393939398 -0.19150406060606057
v 0.08292244147016571 0.02017189393939398 -0.17804559595959593
v 0.08187004636063981 0.02017189393939398 -0.16458713131313127
v 0.08285847460364835 0.02017189393939398 -0.1511286666666666
v 0.08259044958183931 0.02017189393939398 -0.13767020202020194
v 0.08294102929822753 0.02017189393939398 -0.12421173737373728
v 0.08420546984870984 0.02017189393939398 -0.1107532727272727
v 0.08893264740168964 0.02017189393939398 -0.09729480808080804
v 0.08920929478017613 0.02017189393939398 -0.08383634343434337
v 0.08947100016161481 0.02017189393939398 -0.07037787878787874
v 0.08777675490350319 0.02017189393939398 -0.056919414141414076
v 0.0853099835554211 0.02017189393939398 -0.043460949494949414
v 0.0859577105862212 0.02017189393939398 -0.03000248484848482
v 0.0860298647337139 0.02017189393939398 -0.01654402020202017
v 0.08504130866876428 0.02017189393939398 -0.003085555555555508
v 0.08723054126864332 0.02017189393939398 0.010372909090909148
v 0.0889884908176386 0.02017189393939398 0.023831373737373804
v 0.08899506718360989 0.02017189393939398 0.03728983838383847
v 0.0862463375051423 0.02017189393939398 0.050748303030303046
v 0.08814836752073228 0.02017189393939398 0.06420676767676771
v 0.09007579235183712 0.02017189393939398 0.07766523232323236
v 0.0892809862535838 0.02017189393939398 0.0911236969696971
v 0.08818513848215637 0.02017189393939398 0.10458216161616168
v 0.09114418139117945 0.02017189393939398 0.11804062626262626
v 0.09120826262626276 0.02017189393939398 0.1205304490910987
v 0.09120826262626276 0.019924570630991296 0.131499090909091
v 0.08393381221054753 0.02017189393939398 0.14495755555555556
v 0.09120826262626276 0.02017189393939398 0.1317509142731357
v 0.07905070144361662 0.02017189393939398 0.1584160202020203
v 0.09324984765285087 0.02017189393939398 -0.2318794545454545
v 0.0916336702504195 0.02017189393939398 0.131499090909091
v 0.14733642424242427 0.016033512471001557 -0.21842098989898984
v 0.16136846464646476 0.01874525074661163 -0.21842098989898984
v 0.16136846464646476 0.018598600117883397 -0.20496252525252523
v 0.16997023898104116 0.02017189393939398 -0.21842098989898984
v 0.1754005050505051 0.02017189393939398 -0.219308372392907
v 0.16711867491946508 0.02017189393939398 -0.20496252525252523
v 0.1754005050505051 0.02017189393939398 -0.19562539516228747
v 0.1754005050505051 0.018578309235970446 -0.19150406060606057
v 0.1894325454545456 0.016405348277542735 -0.2318794545454545
v 0.1894325454545456 0.02017189393939398 -0.22246779754005583
v 0.1817216176400038 0.02017189393939398 -0.19150406060606057
v 0.1894325454545456 0.02017189393939398 -0.18633941431923637
v 0.1894325454545456 0.015726568858259547 -0.17804559595959593
v 0.20346458585858596 0.01737457022819245 -0.2318794545454545
v 0.20346458585858596 0.02017189393939398 -0.22433294203289167
v 0.20346458585858596 0.02017189393939398 -0.18130624614193872
v 0.20346458585858596 0.018544394448490556 -0.17804559595959593
v 0.21749662626262628 0.016043116220800027 -0.2318794545454545
v 0.21749662626262628 0.02017189393939398 -0.2239978821128928
v 0.21749662626262628 0.02017189393939398 -0.17892371805720966
v 0.21749662626262628 0.019762345789424547 -0.17804559595959593
v 0.21749662626262628 0.015269134914017778 -0.16458713131313127
v 0.23152866666666677 0.014837408242266266 -0.2318794545454545
v 0.23152866666666677 0.02017189393939398 -0.22221578555141358
v 0.23152866666666677 0.02017189393939398 -0.1789229105313243
v 0.23152866666666677 0.01986921676126704 -0.17804559595959593
v 0.23152866666666677 0.016145389414708753 -0.16458713131313127
v 0.24556070707070712 0.02017189393939398 -0.21892877532075347
v 0.24556070707070712 0.02017189393939398 -0.1860574590442599
v 0.24556070707070712 0.01829969496691969 -0.17804559595959593
v 0.24556070707070712 0.015294894071103854 -0.16458713131313127
v 0.24725784602468764 0.02017189393939398 -0.21842098989898984
v 0.25959274747474764 0.017594321490041892 -0.21842098989898984
v 0.2542074004650706 0.02017189393939398 -0.20496252525252523
v 0.25959274747474764 0.018790605658633493 -0.20496252525252523
v 0.24925271790575837 0.02017189393939398 -0.19150406060606057
v 0.25959274747474764 0.017390576971370923 -0.19150406060606057
v 0.25959274747474764 0.0149913922283689 -0.17804559595959593
v -0.2595927474747475 0.020204543781234416 -0.20496252525252523
v -0.24556070707070704 0.02213316862789838 -0.21842098989898984
v -0.24556070707070704 0.024556744608937944 -0.20496252525252523
v -0.24556070707070704 0.023760564385217793 -0.19150406060606057
v -0.24556070707070704 0.021412828325530438 -0.17804559595959593
v -0.23152866666666663 0.02500066616301307 -0.21842098989898984
v -0.2394774749778323 0.025594136363636378 -0.20496252525252523
v -0.23152866666666663 0.025594136363636378 -0.21281274341980852
v -0.23451331149592092 0.025594136363636378 -0.19150406060606057
v -0.23152866666666663 0.025594136363636378 -0.18853890049825492
v -0.23152866666666663 0.023345726044431223 -0.17804559595959593
v -0.23152866666666663 0.02025749345043051 -0.16458713131313127
v -0.2245092959370038 0.025594136363636378 -0.21842098989898984
v -0.2174966262626262 0.025594136363636378 -0.219204671377213
v -0.2174966262626262 0.025594136363636378 -0.18552071221078106
v -0.2174966262626262 0.02325091029838937 -0.17804559595959593
v -0.2034645858585858 0.025594136363636378 -0.21915681681774057
v -0.2034645858585858 0.025594136363636378 -0.18808558455310276
v -0.2034645858585858 0.022290520669663916 -0.17804559595959593
v -0.19720470400982587 0.025594136363636378 -0.21842098989898984
v -0.18943254545454544 0.024951588258628334 -0.21842098989898984
v -0.18943254545454544 0.025594136363636378 -0.21176016301368092
v -0.1964241857780272 0.025594136363636378 -0.19150406060606057
v -0.18943254545454544 0.025594136363636378 -0.1956510781555463
v -0.18943254545454544 0.02476871037087958 -0.19150406060606057
v -0.17540050505050503 0.022484560096087163 -0.21842098989898984
v -0.18166588993522673 0.025594136363636378 -0.20496252525252523
v -0.17540050505050503 0.024592729464327664 -0.20496252525252523
v -0.17540050505050503 0.021915385533972043 -0.19150406060606057
v -0.16136846464646462 0.020313752899090157 -0.21842098989898984
v -0.16136846464646462 0.021659357292368692 -0.20496252525252523
v -0.10033271017956846 0.025594136363636378 -0.2318794545454545
v -0.0912082626262626 0.025594136363636378 -0.23597110976723207
v -0.09545539180093969 0.025594136363636378 -0.21842098989898984
v -0.0912082626262626 0.022430462384222225 -0.21842098989898984
v -0.0912082626262626 0.025594136363636378 -0.2145056525841391
v -0.0912082626262626 0.025546420156512987 -0.09729480808080804
v -0.09278546762122046 0.025594136363636378 -0.08383634343434337
v -0.0912082626262626 0.025594136363636378 -0.08674638508526741
v -0.0912082626262626 0.024398808256880122 -0.08383634343434337
v -0.0912082626262626 0.025594136363636378 -0.0737544926201879
v -0.09223041216384284 0.025594136363636378 0.07766523232323236
v -0.0912082626262626 0.025594136363636378 0.07635342066616714
v -0.0912082626262626 0.02384628776596903 0.07766523232323236
v -0.0912082626262626 0.025594136363636378 0.09027716993376925
v -0.09281856455599886 0.025594136363636378 0.11804062626262626
v -0.0912082626262626 0.025594136363636378 0.10611558114824639
v -0.0912082626262626 0.024653826096301113 0.11804062626262626
v -0.0912082626262626 0.025594136363636378 0.12566555917799083
v -0.07717622222222219 0.025594136363636378 -0.2382029153037491
v -0.0857866887153523 0.025594136363636378 -0.20496252525252523
v -0.08377642201236618 0.025594136363636378 -0.19150406060606057
v -0.08135293295965315 0.025594136363636378 -0.17804559595959593
v -0.07997093350226918 0.025594136363636378 -0.16458713131313127
v -0.08023807768315862 0.025594136363636378 -0.1511286666666666
v -0.0802831528324362 0.025594136363636378 -0.13767020202020194
v -0.08062877274583707 0.025594136363636378 -0.12421173737373728
v -0.08324794427760551 0.025594136363636378 -0.1107532727272727
v -0.08849528382753456 0.025594136363636378 -0.09729480808080804
v -0.09071094113470768 0.025594136363636378 -0.07037787878787874
v -0.08908486266641698 0.025594136363636378 -0.056919414141414076
v -0.08619924900831848 0.025594136363636378 -0.043460949494949414
v -0.08603749452537195 0.025594136363636378 -0.03000248484848482
v -0.0858160462753408 0.025594136363636378 -0.01654402020202017
v -0.08517434662319719 0.025594136363636378 -0.003085555555555508
v -0.08693600610317212 0.025594136363636378 0.010372909090909148
v -0.08895933249988357 0.025594136363636378 0.023831373737373804
v -0.0882250308543405 0.025594136363636378 0.03728983838383847
v -0.08557569504736923 0.025594136363636378 0.050748303030303046
v -0.0888241915878636 0.025594136363636378 0.06420676767676771
v -0.09117484082076663 0.025594136363636378 0.0911236969696971
v -0.09105614295478462 0.025594136363636378 0.10458216161616168
v -0.09007682311092836 0.025594136363636378 0.131499090909091
v -0.07987836075348656 0.025594136363636378 0.14495755555555556
v -0.07717622222222219 0.025594136363636378 0.15565245472165215
v -0.07717622222222219 0.02316771297946603 0.1584160202020203
v -0.06314418181818177 0.025594136363636378 -0.24195627862487695
v -0.07620286123883685 0.025594136363636378 0.1584160202020203
v -0.0732225042009304 0.025594136363636378 0.1718744848484849
v -0.06314418181818177 0.025594136363636378 0.18464163622361165
v -0.06314418181818177 0.022070779388411517 0.1853329494949495
v -0.06314418181818177 0.021999929435836483 0.1987914141414142
v -0.06730545381485778 0.025594136363636378 0.2122498787878788
v -0.06314418181818177 0.025594136363636378 0.20138430928099355
v -0.06887128131412748 0.025594136363636378 0.22570834343434354
v -0.06314418181818177 0.025594136363636378 0.23344571684325968
v -0.05253338325485849 0.025594136363636378 -0.24533791919191916
v -0.049112141414141344 0.025594136363636378 -0.24703739780486503
v -0.06066016802099971 0.025594136363636378 0.1853329494949495
v -0.06138058716343785 0.025594136363636378 0.1987914141414142
v -0.05244598015081908 0.025594136363636378 0.23916680808080812
v -0.049112141414141344 0.025594136363636378 0.24375714736322113
v -0.03508010101010093 0.025594136363636378 -0.25186905507399593
v -0.04091928752322934 0.025594136363636378 0.25262527272727286
v -0.03508010101010093 0.025594136363636378 0.26020610984285786
v -0.021048060606060588 0.025594136363636378 -0.25491212747632924
v -0.0301824339916696 0.025594136363636378 0.2660837373737375
v -0.021048060606060588 0.025594136363636378 0.2760038691599069
v -0.00701602020202017 0.025594136363636378 -0.2536155634844645
v -0.018941557579159357 0.025594136363636378 0.279542202020202
v -0.00701602020202017 0.025594136363636378 0.28507547336851646
v 0.007016020202020247 0.025594136363636378 -0.2538032614468228
v 0.007016020202020247 0.025594136363636378 0.28542948323817857
v 0.021048060606060744 0.025594136363636378 -0.2568818593309969
v 0.019929858035828855 0.025594136363636378 0.279542202020202
v 0.021048060606060744 0.025594136363636378 0.2775506232706833
v 0.021048060606060744 0.022441951583732963 0.279542202020202
v 0.03508010101010108 0.025594136363636378 -0.25768700884620516
v 0.03185245517371279 0.025594136363636378 0.2660837373737375
v 0.03508010101010108 0.025594136363636378 0.262026978759259
v 0.04911214141414143 0.025594136363636378 -0.25755427967443745
v 0.04128930808912278 0.025594136363636378 0.25262527272727286
v 0.04911214141414143 0.025594136363636378 0.24417376677843614
v 0.06314418181818192 0.025594136363636378 -0.2557225501557111
v 0.05995347753910953 0.025594136363636378 0.1853329494949495
v 0.06314418181818192 0.025594136363636378 0.18432260561619979
v 0.06091283023131618 0.025594136363636378 0.1987914141414142
v 0.06314418181818192 0.025594136363636378 0.2019472481201106
v 0.05278707700654541 0.025594136363636378 0.23916680808080812
v 0.06314418181818192 0.025594136363636378 0.2350352627224808
v 0.07717622222222226 0.025594136363636378 -0.25064263315578844
v 0.07670655036271742 0.025594136363636378 0.1584160202020203
v 0.07717622222222226 0.025594136363636378 0.15723221835671175
v 0.07717622222222226 0.02479834555692765 0.1584160202020203
v 0.07277028080099138 0.025594136363636378 0.1718744848484849
v 0.06740675819373206 0.025594136363636378 0.2122498787878788
v 0.07031664480576785 0.025594136363636378 0.22570834343434354
v 0.07879044467928856 0.025594136363636378 -0.24533791919191916
v 0.09120826262626276 0.025594136363636378 -0.23258987130831246
v 0.09120826262626276 0.024758615436441294 -0.21842098989898984
v 0.08701217464422394 0.025594136363636378 -0.20496252525252523
v 0.09120826262626276 0.025594136363636378 -0.21727587350754368
v 0.08526531902486194 0.025594136363636378 -0.19150406060606057
v 0.0830651971889081 0.025594136363636378 -0.17804559595959593
v 0.08180175775924957 0.025594136363636378 -0.16458713131313127
v 0.08235957949199912 0.025594136363636378 -0.1511286666666666
v 0.08255914503366554 0.025594136363636378 -0.13767020202020194
v 0.08317428215449729 0.025594136363636378 -0.12421173737373728
v 0.08508338320553555 0.025594136363636378 -0.1107532727272727
v 0.08929539470355394 0.025594136363636378 -0.09729480808080804
v 0.09120826262626276 0.025594136363636378 -0.08824144194386177
v 0.09120826262626276 0.023775841367898325 -0.08383634343434337
v 0.09120826262626276 0.024943626962895517 -0.07037787878787874
v 0.08947984391787792 0.025594136363636378 -0.056919414141414076
v 0.09120826262626276 0.025594136363636378 -0.06810741374340105
v 0.08694237963434458 0.025594136363636378 -0.043460949494949414
v 0.0870809875052981 0.025594136363636378 -0.03000248484848482
v 0.08728598823824062 0.025594136363636378 -0.01654402020202017
v 0.08664933265965549 0.025594136363636378 -0.003085555555555508
v 0.0884007873596267 0.025594136363636378 0.010372909090909148
v 0.08983402180868566 0.025594136363636378 0.023831373737373804
v 0.08846225724049749 0.025594136363636378 0.03728983838383847
v 0.08579263813355421 0.025594136363636378 0.050748303030303046
v 0.08799102352166856 0.025594136363636378 0.06420676767676771
v 0.09120826262626276 0.025594136363636378 0.07707457093532807
v 0.09120826262626276 0.02459905660453389 0.07766523232323236
v 0.09120826262626276 0.023723751786530665 0.0911236969696971
v 0.09120826262626276 0.023558622323489393 0.10458216161616168
v 0.09120826262626276 0.020241415849834583 0.11804062626262626
v 0.08029499061814946 0.025594136363636378 0.14495755555555556
v 0.09120826262626276 0.025594136363636378 0.1316035358087776
v 0.09263082786877713 0.025594136363636378 -0.2318794545454545
v 0.09179553249906601 0.025594136363636378 -0.21842098989898984
v 0.0932220891555399 0.025594136363636378 -0.08383634343434337
v 0.09173073248157128 0.025594136363636378 -0.07037787878787874
v 0.09185751330798313 0.025594136363636378 0.07766523232323236
v 0.09364156984531961 0.025594136363636378 0.0911236969696971
v 0.09508697384942286 0.025594136363636378 0.10458216161616168
v 0.09674399384910361 0.025594136363636378 0.11804062626262626
v 0.09143138521723944 0.025594136363636378 0.131499090909091
v 0.1754005050505051 0.021290571844886152 -0.21842098989898984
v 0.1754005050505051 0.02243439585488923 -0.20496252525252523
v 0.1894325454545456 0.024243527457208265 -0.21842098989898984
v 0.1894325454545456 0.025202075927138603 -0.20496252525252523
v 0.1894325454545456 0.0220844259906615 -0.19150406060606057
v 0.20346458585858596 0.024959827642422612 -0.21842098989898984
v 0.19514890561236775 0.025594136363636378 -0.20496252525252523
v 0.20346458585858596 0.025594136363636378 -0.209635768807451
v 0.20346458585858596 0.025594136363636378 -0.20036347503192628
v 0.20346458585858596 0.02376184013338223 -0.19150406060606057
v 0.21749662626262628 0.024659909463377736 -0.21842098989898984
v 0.21749662626262628 0.025594136363636378 -0.20940014291119508
v 0.21749662626262628 0.025594136363636378 -0.19951854426788287
v 0.21749662626262628 0.024067065936523097 -0.19150406060606057
v 0.23152866666666677 0.023154477080406844 -0.21842098989898984
v 0.22520949105440238 0.025594136363636378 -0.20496252525252523
v 0.23152866666666677 0.02491908187044493 -0.20496252525252523
v 0.23152866666666677 0.023508541488015244 -0.19150406060606057
v 0.24556070707070712 0.02064092157251968 -0.21842098989898984
v 0.24556070707070712 0.022583175997257107 -0.20496252525252523
v 0.24556070707070712 0.021182974123474745 -0.19150406060606057
v -0.23152866666666663 0.02710289647903074 -0.20496252525252523
v -0.23152866666666663 0.026122018274637615 -0.19150406060606057
v -0.2174966262626262 0.026328966509971345 -0.21842098989898984
v -0.2174966262626262 0.028610157588108812 -0.20496252525252523
v -0.2174966262626262 0.02706157379151813 -0.19150406060606057
v -0.2034645858585858 0.026312963740717035 -0.21842098989898984
v -0.2034645858585858 0.02823602493373757 -0.20496252525252523
v -0.2034645858585858 0.026449126937559735 -0.19150406060606057
v -0.18943254545454544 0.026909753205497402 -0.20496252525252523
v -0.10163295169576458 0.031016378787878808 -0.2318794545454545
v -0.0912082626262626 0.031016378787878808 -0.2367158267819569
v -0.09841978996117329 0.031016378787878808 -0.21842098989898984
v -0.0912082626262626 0.031016378787878808 -0.20892532253525456
v -0.09140557791679471 0.031016378787878808 -0.09729480808080804
v -0.0912082626262626 0.031016378787878808 -0.09755382018046625
v -0.0912082626262626 0.030800585351050423 -0.09729480808080804
v -0.09582841184347374 0.031016378787878808 -0.08383634343434337
v -0.0936081183387634 0.031016378787878808 -0.07037787878787874
v -0.0912082626262626 0.0270710362975801 -0.07037787878787874
v -0.0912082626262626 0.031016378787878808 -0.05988474705922234
v -0.09270402219070614 0.031016378787878808 0.07766523232323236
v -0.0912082626262626 0.031016378787878808 0.07615948627082215
v -0.09485058125883426 0.031016378787878808 0.0911236969696971
v -0.0912082626262626 0.025670108074129682 0.0911236969696971
v -0.09617009762376824 0.031016378787878808 0.10458216161616168
v -0.0912082626262626 0.025785738926602624 0.10458216161616168
v -0.09544882279336468 0.031016378787878808 0.11804062626262626
v -0.0912082626262626 0.031016378787878808 0.12130217730217199
v -0.07717622222222219 0.031016378787878808 -0.2381614610640732
v -0.08834602879875426 0.031016378787878808 -0.20496252525252523
v -0.08439990366982826 0.031016378787878808 -0.19150406060606057
v -0.08125990598323062 0.031016378787878808 -0.17804559595959593
v -0.07948192359349007 0.031016378787878808 -0.16458713131313127
v -0.07929054198270158 0.031016378787878808 -0.1511286666666666
v -0.07935123919345323 0.031016378787878808 -0.13767020202020194
v -0.0801202529068462 0.031016378787878808 -0.12421173737373728
v -0.08342028872024693 0.031016378787878808 -0.1107532727272727
v -0.09064035729977823 0.031016378787878808 -0.056919414141414076
v -0.08790213518160614 0.031016378787878808 -0.043460949494949414
v -0.08710922015097274 0.031016378787878808 -0.03000248484848482
v -0.0866441435731492 0.031016378787878808 -0.01654402020202017
v -0.08669314987235471 0.031016378787878808 -0.003085555555555508
v -0.0876687746346029 0.031016378787878808 0.010372909090909148
v -0.0887412499141292 0.031016378787878808 0.023831373737373804
v -0.0873635277417275 0.031016378787878808 0.03728983838383847
v -0.08576514584222195 0.031016378787878808 0.050748303030303046
v -0.08817038436133867 0.031016378787878808 0.06420676767676771
v -0.08156207545615819 0.031016378787878808 0.131499090909091
v -0.07743690955029546 0.031016378787878808 0.14495755555555556
v -0.07717622222222219 0.031016378787878808 0.14633541139701906
v -0.06314418181818177 0.031016378787878808 -0.2406879872373987
v -0.07479676935016569 0.031016378787878808 0.1584160202020203
v -0.0764663626368546 0.031016378787878808 0.1718744848484849
v -0.06314418181818177 0.031016378787878808 0.18502798231762366
v -0.06416981430990243 0.031016378787878808 0.2122498787878788
v -0.06314418181818177 0.031016378787878808 0.2092931875177141
v -0.06314418181818177 0.031016378787878808 0.2131521975642705
v -0.06314418181818177 0.028232287720333683 0.22570834343434354
v -0.04975289626784637 0.031016378787878808 -0.24533791919191916
v -0.049112141414141344 0.031016378787878808 -0.24570355798569754
v -0.05477791237816912 0.031016378787878808 0.1853329494949495
v -0.05767438433560795 0.031016378787878808 0.1987914141414142
v -0.05753480455015596 0.031016378787878808 0.22570834343434354
v -0.049697505353807465 0.031016378787878808 0.23916680808080812
v -0.049112141414141344 0.031016378787878808 0.24016471243409063
v -0.03508010101010093 0.031016378787878808 -0.25140739805693657
v -0.038316244732641835 0.031016378787878808 0.25262527272727286
v -0.03508010101010093 0.031016378787878808 0.25676976814481506
v -0.021048060606060588 0.031016378787878808 -0.2552121594582364
v -0.027962982989068755 0.031016378787878808 0.2660837373737375
v -0.021048060606060588 0.031016378787878808 0.27315488548399414
v -0.00701602020202017 0.031016378787878808 -0.2547256073548973
v -0.017548729201947336 0.031016378787878808 0.279542202020202
v -0.00701602020202017 0.031016378787878808 0.28449914694804856
v 0.007016020202020247 0.031016378787878808 -0.2549543785187471
v 0.007016020202020247 0.031016378787878808 0.2847463316050144
v 0.021048060606060744 0.031016378787878808 -0.2574949035931618
v 0.018384468193852643 0.031016378787878808 0.279542202020202
v 0.021048060606060744 0.031016378787878808 0.27449523327651765
v 0.03508010101010108 0.031016378787878808 -0.2578961809880114
v 0.0294994151430788 0.031016378787878808 0.2660837373737375
v 0.03508010101010108 0.031016378787878808 0.25828951330518496
v 0.04911214141414143 0.031016378787878808 -0.25744590766401404
v 0.03893541706975821 0.031016378787878808 0.25262527272727286
v 0.04911214141414143 0.031016378787878808 0.24090151502637222
v 0.06314418181818192 0.031016378787878808 -0.2555054785222123
v 0.054895999111249566 0.031016378787878808 0.1853329494949495
v 0.06314418181818192 0.031016378787878808 0.1849734856607006
v 0.05747998116771651 0.031016378787878808 0.1987914141414142
v 0.06314418181818192 0.031016378787878808 0.20968063030085587
v 0.05714638468337027 0.031016378787878808 0.22570834343434354
v 0.06314418181818192 0.031016378787878808 0.21304092160666666
v 0.06314418181818192 0.02877006528910621 0.22570834343434354
v 0.050116417822381264 0.031016378787878808 0.23916680808080812
v 0.07717622222222226 0.031016378787878808 -0.2509473160008807
v 0.07500733150737943 0.031016378787878808 0.1584160202020203
v 0.07717622222222226 0.031016378787878808 0.14866654336157673
v 0.07630930455450768 0.031016378787878808 0.1718744848484849
v 0.0640607936407487 0.031016378787878808 0.2122498787878788
v 0.07892658423359665 0.031016378787878808 -0.24533791919191916
v 0.09120826262626276 0.031016378787878808 -0.23283510872647453
v 0.08845296550175326 0.031016378787878808 -0.20496252525252523
v 0.09120826262626276 0.031016378787878808 -0.21262940124019217
v 0.08562172200520023 0.031016378787878808 -0.19150406060606057
v 0.08310550304311486 0.031016378787878808 -0.17804559595959593
v 0.0816362998760311 0.031016378787878808 -0.16458713131313127
v 0.0817596182610008 0.031016378787878808 -0.1511286666666666
v 0.08207511697268813 0.031016378787878808 -0.13767020202020194
v 0.08293918738713904 0.031016378787878808 -0.12421173737373728
v 0.08507477222668594 0.031016378787878808 -0.1107532727272727
v 0.07798254059688675 0.031016378787878808 -0.09729480808080804
v 0.09120826262626276 0.031016378787878808 -0.08397278271990566
v 0.09099907772112945 0.031016378787878808 -0.056919414141414076
v 0.09120826262626276 0.031016378787878808 -0.05795089967679526
v 0.08851993757089503 0.031016378787878808 -0.043460949494949414
v 0.08815607927329147 0.031016378787878808 -0.03000248484848482
v 0.08805621288450574 0.031016378787878808 -0.01654402020202017
v 0.08788006930245096 0.031016378787878808 -0.003085555555555508
v 0.08898531865569423 0.031016378787878808 0.010372909090909148
v 0.08960752636076683 0.031016378787878808 0.023831373737373804
v 0.08728280675155448 0.031016378787878808 0.03728983838383847
v 0.0874591413199311 0.031016378787878808 0.050748303030303046
v 0.08779304828007695 0.031016378787878808 0.06420676767676771
v 0.09120826262626276 0.031016378787878808 0.07663984959559864
v 0.08227515251399237 0.031016378787878808 0.131499090909091
v 0.09120826262626276 0.031016378787878808 0.12309494818117452
v 0.09120826262626276 0.02566568565110543 0.131499090909091
v 0.07793255511619912 0.031016378787878808 0.14495755555555556
v 0.0933087464744852 0.031016378787878808 -0.2318794545454545
v 0.09330167995723533 0.031016378787878808 -0.21842098989898984
v 0.09591076208877827 0.031016378787878808 -0.08383634343434337
v 0.09406769169481664 0.031016378787878808 -0.07037787878787874
v 0.09240734700077911 0.031016378787878808 0.07766523232323236
v 0.09607532113630274 0.031016378787878808 0.0911236969696971
v 0.0984264891592943 0.031016378787878808 0.10458216161616168
v 0.09758220658863945 0.031016378787878808 0.11804062626262626
v 0.20346458585858596 0.026293171290472244 -0.20496252525252523
v 0.21749662626262628 0.026438912747760758 -0.20496252525252523
v -0.101963476597937 0.036438621212121235 -0.2318794545454545
v -0.0912082626262626 0.036438621212121235 -0.236746022071781
v -0.09990214333665176 0.036438621212121235 -0.21842098989898984
v -0.0912082626262626 0.036438621212121235 -0.2051725788262686
v -0.0912082626262626 0.0318786840930763 -0.09729480808080804
v -0.09751451918461082 0.036438621212121235 -0.08383634343434337
v -0.0912082626262626 0.036438621212121235 -0.09523099906502915
v -0.09541354735771088 0.036438621212121235 -0.07037787878787874
v -0.09222855514113829 0.036438621212121235 -0.056919414141414076
v -0.0912082626262626 0.03372043477864693 -0.056919414141414076
v -0.0912082626262626 0.036438621212121235 -0.05302539089320794
v -0.09165674623012558 0.036438621212121235 0.07766523232323236
v -0.0912082626262626 0.036438621212121235 0.07728238754995699
v -0.09581800105457723 0.036438621212121235 0.0911236969696971
v -0.09695265275873553 0.036438621212121235 0.10458216161616168
v -0.0912082626262626 0.036438621212121235 0.11042038598487558
v -0.0912082626262626 0.032950807462899676 0.11804062626262626
v -0.07717622222222219 0.036438621212121235 -0.23821106031883751
v -0.09102112535297815 0.036438621212121235 -0.20496252525252523
v -0.08540510629917694 0.036438621212121235 -0.19150406060606057
v -0.08144503127192504 0.036438621212121235 -0.17804559595959593
v -0.07915723935032958 0.036438621212121235 -0.16458713131313127
v -0.07842968753062081 0.036438621212121235 -0.1511286666666666
v -0.07826230875068355 0.036438621212121235 -0.13767020202020194
v -0.079177497833527 0.036438621212121235 -0.12421173737373728
v -0.08255606211144446 0.036438621212121235 -0.1107532727272727
v -0.09068110797777597 0.036438621212121235 -0.09729480808080804
v -0.08928344529340855 0.036438621212121235 -0.043460949494949414
v -0.08811715247736017 0.036438621212121235 -0.03000248484848482
v -0.08747104196295406 0.036438621212121235 -0.01654402020202017
v -0.08735236180895485 0.036438621212121235 -0.003085555555555508
v -0.08788400061577645 0.036438621212121235 0.010372909090909148
v -0.08782613052604882 0.036438621212121235 0.023831373737373804
v -0.08579779139576933 0.036438621212121235 0.03728983838383847
v -0.08795918048483901 0.036438621212121235 0.050748303030303046
v -0.08722293361088168 0.036438621212121235 0.06420676767676771
v -0.0856711217182468 0.036438621212121235 0.11804062626262626
v -0.07825350018317823 0.036438621212121235 0.131499090909091
v -0.07717622222222219 0.036438621212121235 0.13737216313905368
v -0.07717622222222219 0.03175345665521606 0.14495755555555556
v -0.06314418181818177 0.036438621212121235 -0.2398080317816175
v -0.07362425156013612 0.036438621212121235 0.14495755555555556
v -0.07257280016387567 0.036438621212121235 0.1584160202020203
v -0.06314418181818177 0.036438621212121235 0.16175265413999154
v -0.06314418181818177 0.036014564497424545 0.1718744848484849
v -0.06314418181818177 0.031984402338388195 0.2122498787878788
v -0.049112141414141344 0.03246174789844398 -0.24533791919191916
v -0.049112141414141344 0.036438621212121235 -0.2444730648664883
v -0.05885180790530635 0.036438621212121235 0.1718744848484849
v -0.049112141414141344 0.036438621212121235 0.18505864247022766
v -0.049112141414141344 0.03533656027723574 0.1853329494949495
v -0.052810660181780815 0.036438621212121235 0.1987914141414142
v -0.049112141414141344 0.036438621212121235 0.19085182555110738
v -0.059451817432685 0.036438621212121235 0.2122498787878788
v -0.05422612889012283 0.036438621212121235 0.22570834343434354
v -0.049112141414141344 0.036438621212121235 0.23793646541237037
v -0.049112141414141344 0.03196339531460375 0.23916680808080812
v -0.047152577787075066 0.036438621212121235 -0.24533791919191916
v -0.03508010101010093 0.036438621212121235 -0.25079050546291387
v -0.04589837306387382 0.036438621212121235 0.1853329494949495
v -0.0450449635058494 0.036438621212121235 0.23916680808080812
v -0.03508010101010093 0.036438621212121235 0.2525062553973382
v -0.03508010101010093 0.03629299299959199 0.25262527272727286
v -0.021048060606060588 0.036438621212121235 -0.2554492740284435
v -0.03496317853491603 0.036438621212121235 0.25262527272727286
v -0.02542756397794372 0.036438621212121235 0.2660837373737375
v -0.021048060606060588 0.036438621212121235 0.26998207904525945
v -0.00701602020202017 0.036438621212121235 -0.2569988212684941
v -0.011894363892911704 0.036438621212121235 0.279542202020202
v -0.00701602020202017 0.036438621212121235 0.2812788678804492
v 0.007016020202020247 0.036438621212121235 -0.2573188333191222
v 0.007016020202020247 0.036438621212121235 0.281464272966658
v 0.021048060606060744 0.036438621212121235 -0.2579418815425402
v 0.012723845823936621 0.036438621212121235 0.279542202020202
v 0.021048060606060744 0.036438621212121235 0.2709553521566439
v 0.03508010101010108 0.036438621212121235 -0.2579205054154372
v 0.026694614586785397 0.036438621212121235 0.2660837373737375
v 0.03508010101010108 0.036438621212121235 0.25350147643996035
v 0.04911214141414143 0.036438621212121235 -0.2572386749093384
v 0.04582771101164582 0.036438621212121235 0.1853329494949495
v 0.04911214141414143 0.036438621212121235 0.18496983972678224
v 0.04911214141414143 0.03535917207869359 0.1853329494949495
v 0.04911214141414143 0.036438621212121235 0.19077662010552188
v 0.045512693436679456 0.036438621212121235 0.23916680808080812
v 0.04911214141414143 0.036438621212121235 0.23806268538133912
v 0.04911214141414143 0.032621979568624504 0.23916680808080812
v 0.035656656943658244 0.036438621212121235 0.25262527272727286
v 0.06314418181818192 0.036438621212121235 -0.2551546652152049
v 0.05843051792033645 0.036438621212121235 0.1718744848484849
v 0.06314418181818192 0.036438621212121235 0.16215613764503303
v 0.06314418181818192 0.03600345691728332 0.1718744848484849
v 0.052804936978847285 0.036438621212121235 0.1987914141414142
v 0.05918099811962318 0.036438621212121235 0.2122498787878788
v 0.06314418181818192 0.031873231593876845 0.2122498787878788
v 0.05450191077402524 0.036438621212121235 0.22570834343434354
v 0.07717622222222226 0.036438621212121235 -0.25064045482997577
v 0.07428702526370046 0.036438621212121235 0.14495755555555556
v 0.07717622222222226 0.036438621212121235 0.13942082050854548
v 0.07717622222222226 0.03301995422339009 0.14495755555555556
v 0.07271077853224917 0.036438621212121235 0.1584160202020203
v 0.07875405308248953 0.036438621212121235 -0.24533791919191916
v 0.09120826262626276 0.036438621212121235 -0.23237450387312167
v 0.08930083747953448 0.036438621212121235 -0.20496252525252523
v 0.09120826262626276 0.036438621212121235 -0.21026509190801226
v 0.08590705276111223 0.036438621212121235 -0.19150406060606057
v 0.08312533045600076 0.036438621212121235 -0.17804559595959593
v 0.08143418845049948 0.036438621212121235 -0.16458713131313127
v 0.08106712098396121 0.036438621212121235 -0.1511286666666666
v 0.08111130676088393 0.036438621212121235 -0.13767020202020194
v 0.08218053838352656 0.036438621212121235 -0.12421173737373728
v 0.08434940514835701 0.036438621212121235 -0.1107532727272727
v 0.08737165380321102 0.036438621212121235 -0.09729480808080804
v 0.09120826262626276 0.036438621212121235 -0.08791692009105795
v 0.09120826262626276 0.03217150427590682 -0.056919414141414076
v 0.08981078367427205 0.036438621212121235 -0.043460949494949414
v 0.09120826262626276 0.036438621212121235 -0.05119301980277092
v 0.08907705191755524 0.036438621212121235 -0.03000248484848482
v 0.0887797010544572 0.036438621212121235 -0.01654402020202017
v 0.08866924995759162 0.036438621212121235 -0.003085555555555508
v 0.08900906835159472 0.036438621212121235 0.010372909090909148
v 0.0884753926552402 0.036438621212121235 0.023831373737373804
v 0.08584657061318557 0.036438621212121235 0.03728983838383847
v 0.0865557812589423 0.036438621212121235 0.050748303030303046
v 0.08708932179793834 0.036438621212121235 0.06420676767676771
v 0.09120826262626276 0.036438621212121235 0.07738133268765542
v 0.08714836078562171 0.036438621212121235 0.11804062626262626
v 0.09120826262626276 0.036438621212121235 0.11214456851400527
v 0.09120826262626276 0.034028694069269616 0.11804062626262626
v 0.07871889027291208 0.036438621212121235 0.131499090909091
v 0.09250494956250739 0.036438621212121235 -0.2318794545454545
v 0.09361304866865951 0.036438621212121235 -0.21842098989898984
v 0.09673203665862272 0.036438621212121235 -0.08383634343434337
v 0.09520608215110717 0.036438621212121235 -0.07037787878787874
v 0.09251179604098188 0.036438621212121235 -0.056919414141414076
v 0.09157165007950561 0.036438621212121235 0.07766523232323236
v 0.09651348634529253 0.036438621212121235 0.0911236969696971
v 0.09811061415980928 0.036438621212121235 0.10458216161616168
v -0.10201029646227956 0.041860863636363696 -0.2318794545454545
v -0.0912082626262626 0.041860863636363696 -0.2367040622787406
v -0.10034503324904893 0.041860863636363696 -0.21842098989898984
v -0.09361876590199589 0.041860863636363696 -0.20496252525252523
v -0.0912082626262626 0.03698305549995873 -0.20496252525252523
v -0.0912082626262626 0.041860863636363696 -0.20108535481288461
v -0.09759706183697942 0.041860863636363696 -0.08383634343434337
v -0.0912082626262626 0.041860863636363696 -0.08413541012641765
v -0.09612053224111151 0.041860863636363696 -0.07037787878787874
v -0.09332592583831463 0.041860863636363696 -0.056919414141414076
v -0.0912082626262626 0.041860863636363696 -0.04808226088365064
v -0.0912082626262626 0.037395572333108765 0.07766523232323236
v -0.09437704221545672 0.041860863636363696 0.0911236969696971
v -0.0912082626262626 0.041860863636363696 0.081755018718386
v -0.0912082626262626 0.041860863636363696 0.09675239979346079
v -0.0912082626262626 0.04000840029285499 0.10458216161616168
v -0.07717622222222219 0.041860863636363696 -0.2381628044793229
v -0.08647973091507459 0.041860863636363696 -0.19150406060606057
v -0.08179679386617827 0.041860863636363696 -0.17804559595959593
v -0.07892639748705473 0.041860863636363696 -0.16458713131313127
v -0.07759471597759102 0.041860863636363696 -0.1511286666666666
v -0.07717622222222219 0.041860863636363696 -0.14362776302593044
v -0.07717622222222219 0.040874014729073246 -0.13767020202020194
v -0.07756993498004035 0.041860863636363696 -0.12421173737373728
v -0.07717622222222219 0.041860863636363696 -0.13273592178408408
v -0.08089397495340697 0.041860863636363696 -0.1107532727272727
v -0.0790122049429955 0.041860863636363696 -0.09729480808080804
v -0.09024397625963038 0.041860863636363696 -0.043460949494949414
v -0.08879248934103239 0.041860863636363696 -0.03000248484848482
v -0.08785605365864703 0.041860863636363696 -0.01654402020202017
v -0.0874912712390607 0.041860863636363696 -0.003085555555555508
v -0.08742805505047832 0.041860863636363696 0.010372909090909148
v -0.08627983713082221 0.041860863636363696 0.023831373737373804
v -0.08351253471373432 0.041860863636363696 0.03728983838383847
v -0.08534859809861665 0.041860863636363696 0.050748303030303046
v -0.08589527975737206 0.041860863636363696 0.06420676767676771
v -0.09011618109023475 0.041860863636363696 0.07766523232323236
v -0.0898467745171338 0.041860863636363696 0.10458216161616168
v -0.07923289647831264 0.041860863636363696 0.11804062626262626
v -0.07717622222222219 0.041860863636363696 0.12816975101334502
v -0.07717622222222219 0.039013338740596704 0.131499090909091
v -0.06314418181818177 0.041860863636363696 -0.23927188597531526
v -0.07683824882622127 0.041860863636363696 -0.13767020202020194
v -0.07329573378858728 0.041860863636363696 0.131499090909091
v -0.07020293515274598 0.041860863636363696 0.14495755555555556
v -0.06834183502401386 0.041860863636363696 0.1584160202020203
v -0.06314418181818177 0.041860863636363696 0.1602492754419363
v -0.049112141414141344 0.041860863636363696 -0.24334901477876053
v -0.049112141414141344 0.041860863636363696 0.15920787027470287
v -0.049112141414141344 0.03777224898029179 0.1718744848484849
v -0.049112141414141344 0.039733437324144076 0.1987914141414142
v -0.05533231676573615 0.041860863636363696 0.2122498787878788
v -0.049112141414141344 0.041860863636363696 0.20084379916172426
v -0.054412569882607884 0.041860863636363696 0.22570834343434354
v -0.049112141414141344 0.041860863636363696 0.2362979302792418
v -0.044589275167364884 0.041860863636363696 -0.24533791919191916
v -0.03508010101010093 0.041860863636363696 -0.2499819585486602
v -0.03830635362860533 0.041860863636363696 0.1718744848484849
v -0.03508010101010093 0.041860863636363696 0.18454810648606146
v -0.03508010101010093 0.03943540743950567 0.1853329494949495
v -0.04536087145056087 0.041860863636363696 0.1987914141414142
v -0.03508010101010093 0.041860863636363696 0.19229035310926088
v -0.040093315864239955 0.041860863636363696 0.23916680808080812
v -0.03508010101010093 0.041860863636363696 0.24766218634686996
v -0.021048060606060588 0.041860863636363696 -0.25549632914849846
v -0.0277752930985149 0.041860863636363696 0.1853329494949495
v -0.030618748277340933 0.041860863636363696 0.25262527272727286
v -0.021153095097693544 0.041860863636363696 0.2660837373737375
v -0.021048060606060588 0.041860863636363696 0.26616145404791836
v -0.014417576784950351 0.041860863636363696 -0.25879638383838377
v -0.00701602020202017 0.041860863636363696 -0.2603845229272966
v -0.00701602020202017 0.03942852069444356 -0.25879638383838377
v -0.00701602020202017 0.041860863636363696 0.2741630190691945
v -0.00701602020202017 0.03739993912494123 0.279542202020202
v 0.007016020202020247 0.041860863636363696 -0.26074600567748124
v 0.007016020202020247 0.038880142946276584 -0.25879638383838377
v 0.007016020202020247 0.041860863636363696 0.2742484827178263
v 0.007016020202020247 0.0374868368854297 0.279542202020202
v 0.01970093789255089 0.041860863636363696 -0.25879638383838377
v 0.021048060606060744 0.041860863636363696 -0.2583190180821702
v 0.021048060606060744 0.041860863636363696 0.2669034873830247
v 0.03508010101010108 0.041860863636363696 -0.2577551524990255
v 0.026687046123348213 0.041860863636363696 0.1853329494949495
v 0.03508010101010108 0.041860863636363696 0.18523209411563366
v 0.03508010101010108 0.03940402208698978 0.1853329494949495
v 0.03508010101010108 0.041860863636363696 0.19227642727141245
v 0.031387944380206194 0.041860863636363696 0.25262527272727286
v 0.03508010101010108 0.041860863636363696 0.24833069273482009
v 0.03508010101010108 0.03721699845986875 0.25262527272727286
v 0.022197983010453688 0.041860863636363696 0.2660837373737375
v 0.04911214141414143 0.041860863636363696 -0.25679202919976024
v 0.04748907727427698 0.041860863636363696 0.1718744848484849
v 0.04911214141414143 0.041860863636363696 0.16053555291401692
v 0.04911214141414143 0.038793810050930785 0.1718744848484849
v 0.04550911416229989 0.041860863636363696 0.1987914141414142
v 0.04911214141414143 0.03983408892626927 0.1987914141414142
v 0.04911214141414143 0.041860863636363696 0.20077129478964062
v 0.04042608032570374 0.041860863636363696 0.23916680808080812
v 0.04911214141414143 0.041860863636363696 0.23675994774615358
v 0.06314418181818192 0.041860863636363696 -0.25471372642744017
v 0.06314418181818192 0.041860863636363696 0.16014234409496134
v 0.05534896832716295 0.041860863636363696 0.2122498787878788
v 0.05530768049599855 0.041860863636363696 0.22570834343434354
v 0.07717622222222226 0.041860863636363696 -0.24882831613748782
v 0.07439281383679473 0.041860863636363696 0.131499090909091
v 0.07717622222222226 0.041860863636363696 0.12943230930063926
v 0.07717622222222226 0.03999046950679442 0.131499090909091
v 0.0706183115131866 0.041860863636363696 0.14495755555555556
v 0.06850185008676389 0.041860863636363696 0.1584160202020203
v 0.07806629103713456 0.041860863636363696 -0.24533791919191916
v 0.08906613937815422 0.041860863636363696 -0.2318794545454545
v 0.09120826262626276 0.03763834683957723 -0.2318794545454545
v 0.09120826262626276 0.041860863636363696 -0.22050146886690883
v 0.08940959090586535 0.041860863636363696 -0.20496252525252523
v 0.09120826262626276 0.041860863636363696 -0.21108252847546696
v 0.08591235740364606 0.041860863636363696 -0.19150406060606057
v 0.08299308488912419 0.041860863636363696 -0.17804559595959593
v 0.08107893708605438 0.041860863636363696 -0.16458713131313127
v 0.08021897296131326 0.041860863636363696 -0.1511286666666666
v 0.07998593386066137 0.041860863636363696 -0.13767020202020194
v 0.08081165678402517 0.041860863636363696 -0.12421173737373728
v 0.0829742438940111 0.041860863636363696 -0.1107532727272727
v 0.07903021119852391 0.041860863636363696 -0.09729480808080804
v 0.09120826262626276 0.041860863636363696 -0.08403318142361939
v 0.09055996434151943 0.041860863636363696 -0.043460949494949414
v 0.09120826262626276 0.041860863636363696 -0.04718765011866788
v 0.08963798673584665 0.041860863636363696 -0.03000248484848482
v 0.08903321996659977 0.041860863636363696 -0.01654402020202017
v 0.08863864237166506 0.041860863636363696 -0.003085555555555508
v 0.08826629723631466 0.041860863636363696 0.010372909090909148
v 0.08671226825400105 0.041860863636363696 0.023831373737373804
v 0.08371508923843633 0.041860863636363696 0.03728983838383847
v 0.08836239769938761 0.041860863636363696 0.050748303030303046
v 0.0859265206380046 0.041860863636363696 0.06420676767676771
v 0.0900796061338431 0.041860863636363696 0.07766523232323236
v 0.09120826262626276 0.0371934629585609 0.07766523232323236
v 0.09120826262626276 0.041860863636363696 0.08180361695721117
v 0.09002704465082959 0.041860863636363696 0.10458216161616168
v 0.09120826262626276 0.041860863636363696 0.09760627321861425
v 0.09120826262626276 0.04051127360422452 0.10458216161616168
v 0.0793908502997667 0.041860863636363696 0.11804062626262626
v 0.09286749886147928 0.041860863636363696 -0.21842098989898984
v 0.09595321474724369 0.041860863636363696 -0.08383634343434337
v 0.09534887962045771 0.041860863636363696 -0.07037787878787874
v 0.09311695454380557 0.041860863636363696 -0.056919414141414076
v 0.0946808072035588 0.041860863636363696 0.0911236969696971
v -0.09879076475480955 0.047283106060606095 -0.2318794545454545
v -0.0912082626262626 0.047283106060606095 -0.23489583319737503
v -0.09999894924554331 0.047283106060606095 -0.21842098989898984
v -0.09492669125613973 0.047283106060606095 -0.20496252525252523
v -0.0912082626262626 0.047283106060606095 -0.19865700055201996
v -0.09557159760799375 0.047283106060606095 -0.08383634343434337
v -0.0912082626262626 0.047283106060606095 -0.0846972283934083
v -0.09585440513264915 0.047283106060606095 -0.07037787878787874
v -0.09344117858650805 0.047283106060606095 -0.056919414141414076
v -0.0912082626262626 0.047283106060606095 -0.04660955785987595
v -0.0912082626262626 0.043859447591503176 0.0911236969696971
v -0.07717622222222219 0.047283106060606095 -0.23839772449759808
v -0.08736769976628529 0.047283106060606095 -0.19150406060606057
v -0.08208617124326918 0.047283106060606095 -0.17804559595959593
v -0.07858687258707271 0.047283106060606095 -0.16458713131313127
v -0.07717622222222219 0.047283106060606095 -0.15644222382747608
v -0.07717622222222219 0.04388849836829007 -0.1511286666666666
v -0.07717622222222219 0.0427316692015361 -0.12421173737373728
v -0.07839118255364604 0.047283106060606095 -0.1107532727272727
v -0.07717622222222219 0.047283106060606095 -0.11847428823838045
v -0.0859918831588299 0.047283106060606095 -0.09729480808080804
v -0.09056436115313207 0.047283106060606095 -0.043460949494949414
v -0.088828665062518 0.047283106060606095 -0.03000248484848482
v -0.08766924354007018 0.047283106060606095 -0.01654402020202017
v -0.08693752894064957 0.047283106060606095 -0.003085555555555508
v -0.08607884967535599 0.047283106060606095 0.010372909090909148
v -0.08399225378316826 0.047283106060606095 0.023831373737373804
v -0.08012014092962566 0.047283106060606095 0.03728983838383847
v -0.07717622222222219 0.047283106060606095 0.03771736636432029
v -0.07717622222222219 0.0436167975611828 0.050748303030303046
v -0.08327270736096078 0.047283106060606095 0.06420676767676771
v -0.07717622222222219 0.047283106060606095 0.06278226145802254
v -0.08814663735937758 0.047283106060606095 0.07766523232323236
v -0.08944571866162881 0.047283106060606095 0.0911236969696971
v -0.08306258583959868 0.047283106060606095 0.10458216161616168
v -0.07717622222222219 0.047283106060606095 0.1169425849019395
v -0.07717622222222219 0.04583622464921248 0.11804062626262626
v -0.06314418181818177 0.047283106060606095 -0.2389280657870626
v -0.07631727089446806 0.047283106060606095 -0.1511286666666666
v -0.07499139386941094 0.047283106060606095 -0.13767020202020194
v -0.07469621778665347 0.047283106060606095 -0.12421173737373728
v -0.06930759762644789 0.047283106060606095 0.050748303030303046
v -0.07321058156534625 0.047283106060606095 0.11804062626262626
v -0.06852114174034496 0.047283106060606095 0.131499090909091
v -0.06562406520450784 0.047283106060606095 0.14495755555555556
v -0.06314418181818177 0.047283106060606095 0.15209596432516032
v -0.06314418181818177 0.0461543682036064 0.1584160202020203
v -0.049112141414141344 0.047283106060606095 -0.24229947292732465
v -0.061126912286597446 0.047283106060606095 0.1584160202020203
v -0.049112141414141344 0.047283106060606095 0.16105354449919881
v -0.049112141414141344 0.04686356978757753 0.2122498787878788
v -0.049112141414141344 0.043002825971999455 0.22570834343434354
v -0.041946122584085935 0.047283106060606095 -0.24533791919191916
v -0.03508010101010093 0.047283106060606095 -0.24894867560495945
v -0.03508010101010093 0.047283106060606095 0.16188119441949284
v -0.03508010101010093 0.04557982132416235 0.1718744848484849
v -0.036258581026090544 0.047283106060606095 0.1987914141414142
v -0.03508010101010093 0.047283106060606095 0.1982800135475635
v -0.04845674687241598 0.047283106060606095 0.2122498787878788
v -0.03974314633868068 0.047283106060606095 0.22570834343434354
v -0.03508010101010093 0.047283106060606095 0.23906925478186772
v -0.03508010101010093 0.04683334988159908 0.23916680808080812
v -0.021048060606060588 0.047283106060606095 -0.255263644233456
v -0.021048060606060588 0.047283106060606095 0.16853302210273638
v -0.021048060606060588 0.04650633619316585 0.1718744848484849
v -0.021048060606060588 0.04558281706955658 0.1853329494949495
v -0.021048060606060588 0.047283106060606095 0.18895687121957436
v -0.034422735152958434 0.047283106060606095 0.23916680808080812
v -0.025901436312705688 0.047283106060606095 0.25262527272727286
v -0.021048060606060588 0.047283106060606095 0.2586152681285037
v -0.021048060606060588 0.04194975436661659 0.2660837373737375
v -0.016319458583333956 0.047283106060606095 -0.25879638383838377
v -0.00701602020202017 0.047283106060606095 -0.26144229349997367
v -0.00701602020202017 0.047283106060606095 0.16098515360428123
v -0.00701602020202017 0.04544168105617658 0.1718744848484849
v -0.012841004757036954 0.047283106060606095 0.1853329494949495
v -0.00701602020202017 0.047283106060606095 0.18442932822596883
v -0.019179882140955215 0.047283106060606095 0.2660837373737375
v -0.00701602020202017 0.047283106060606095 0.271666634452872
v 0.007016020202020247 0.047283106060606095 -0.26179069988787884
v 0.007016020202020247 0.047283106060606095 0.16082099651006554
v 0.007016020202020247 0.04542882468369689 0.1718744848484849
v 0.007016020202020247 0.047283106060606095 0.1851434219124496
v 0.007016020202020247 0.047283106060606095 0.27173224432162024
v 0.0203428694124808 0.047283106060606095 -0.25879638383838377
v 0.021048060606060744 0.047283106060606095 -0.25838614134057664
v 0.021048060606060744 0.047283106060606095 0.16107075941842572
v 0.021048060606060744 0.04563171369400623 0.1718744848484849
v 0.008182312224351321 0.047283106060606095 0.1853329494949495
v 0.021048060606060744 0.04426912116935397 0.1853329494949495
v 0.021048060606060744 0.047283106060606095 0.19138899089447398
v 0.019434296570859006 0.047283106060606095 0.2660837373737375
v 0.021048060606060744 0.047283106060606095 0.2594558397803447
v 0.021048060606060744 0.042756334599464894 0.2660837373737375
v 0.03508010101010108 0.047283106060606095 -0.257282467205119
v 0.03508010101010108 0.047283106060606095 0.1596463374981824
v 0.03508010101010108 0.046403975250472 0.1718744848484849
v 0.03508010101010108 0.047283106060606095 0.19828956003436793
v 0.034814216780575745 0.047283106060606095 0.23916680808080812
v 0.03508010101010108 0.047283106060606095 0.23912640254175016
v 0.03508010101010108 0.04710315528310343 0.23916680808080812
v 0.026532224599014786 0.047283106060606095 0.25262527272727286
v 0.04911214141414143 0.047283106060606095 -0.25621772982386015
v 0.04911214141414143 0.047283106060606095 0.16094124001106327
v 0.03627910044238469 0.047283106060606095 0.1987914141414142
v 0.04857348836793929 0.047283106060606095 0.2122498787878788
v 0.04911214141414143 0.046944132110266795 0.2122498787878788
v 0.03921219370235656 0.047283106060606095 0.22570834343434354
v 0.04911214141414143 0.043024239155717146 0.22570834343434354
v 0.06314418181818192 0.047283106060606095 -0.2542911882009358
v 0.06133322466627395 0.047283106060606095 0.1584160202020203
v 0.06314418181818192 0.047283106060606095 0.15339815613188504
v 0.06314418181818192 0.04631983769737347 0.1584160202020203
v 0.07425262443451357 0.047283106060606095 -0.24533791919191916
v 0.07717622222222226 0.04525730735645661 -0.24533791919191916
v 0.07717622222222226 0.047283106060606095 -0.24468280374934165
v 0.07364997995959968 0.047283106060606095 0.050748303030303046
v 0.07717622222222226 0.047283106060606095 0.039065292009918526
v 0.07717622222222226 0.04644771941693165 0.050748303030303046
v 0.07717622222222226 0.047283106060606095 0.05943605513873206
v 0.07398788662739489 0.047283106060606095 0.11804062626262626
v 0.07717622222222226 0.047283106060606095 0.11705451429435883
v 0.07717622222222226 0.04626656507839334 0.11804062626262626
v 0.06910451219083995 0.047283106060606095 0.131499090909091
v 0.06618732872965412 0.047283106060606095 0.14495755555555556
v 0.08818163646173702 0.047283106060606095 -0.2318794545454545
v 0.09092192801587409 0.047283106060606095 -0.21842098989898984
v 0.09120826262626276 0.046317816342747384 -0.21842098989898984
v 0.08878091321695009 0.047283106060606095 -0.20496252525252523
v 0.08545322356972855 0.047283106060606095 -0.19150406060606057
v 0.08256171756910999 0.047283106060606095 -0.17804559595959593
v 0.08042827881109126 0.047283106060606095 -0.16458713131313127
v 0.07897096709029328 0.047283106060606095 -0.1511286666666666
v 0.07814198226301251 0.047283106060606095 -0.13767020202020194
v 0.07823851272437082 0.047283106060606095 -0.12421173737373728
v 0.08095916550475213 0.047283106060606095 -0.1107532727272727
v 0.08598416168521615 0.047283106060606095 -0.09729480808080804
v 0.09120826262626276 0.047283106060606095 -0.08413811145022969
v 0.09065865534674453 0.047283106060606095 -0.043460949494949414
v 0.09120826262626276 0.047283106060606095 -0.04693908955812747
v 0.08954078925246099 0.047283106060606095 -0.03000248484848482
v 0.08869991931965393 0.047283106060606095 -0.01654402020202017
v 0.0879198969155689 0.047283106060606095 -0.003085555555555508
v 0.08677568464880656 0.047283106060606095 0.010372909090909148
v 0.0844738764667524 0.047283106060606095 0.023831373737373804
v 0.08034252304426884 0.047283106060606095 0.03728983838383847
v 0.08349710044441838 0.047283106060606095 0.06420676767676771
v 0.08827068825950811 0.047283106060606095 0.07766523232323236
v 0.08956254977895224 0.047283106060606095 0.0911236969696971
v 0.09120826262626276 0.04404112252315143 0.0911236969696971
v 0.08311453130106806 0.047283106060606095 0.10458216161616168
v 0.09293426534510735 0.047283106060606095 -0.08383634343434337
v 0.09445029174386656 0.047283106060606095 -0.07037787878787874
v 0.09286998740371236 0.047283106060606095 -0.056919414141414076
v -0.09457808733186174 0.052705348484848494 -0.2318794545454545
v -0.0912082626262626 0.052705348484848494 -0.23312156149066524
v -0.09914813212912306 0.052705348484848494 -0.21842098989898984
v -0.09494952594273177 0.052705348484848494 -0.20496252525252523
v -0.0912082626262626 0.052705348484848494 -0.19794559988184895
v -0.0912082626262626 0.052340815137861554 -0.08383634343434337
v -0.09425662834664367 0.052705348484848494 -0.07037787878787874
v -0.0912082626262626 0.052705348484848494 -0.08150757098209081
v -0.09255496352569645 0.052705348484848494 -0.056919414141414076
v -0.0912082626262626 0.052705348484848494 -0.04953776912599426
v -0.07717622222222219 0.052705348484848494 -0.23866391374218932
v -0.08771786408714193 0.052705348484848494 -0.19150406060606057
v -0.08198855541688976 0.052705348484848494 -0.17804559595959593
v -0.07789261277167578 0.052705348484848494 -0.16458713131313127
v -0.07717622222222219 0.052705348484848494 -0.16117976396876543
v -0.07717622222222219 0.04864189553159621 -0.1107532727272727
v -0.08989559923856232 0.052705348484848494 -0.09729480808080804
v -0.07717622222222219 0.052705348484848494 -0.11050300464616847
v -0.09105318642444367 0.052705348484848494 -0.08383634343434337
v -0.09011983006852001 0.052705348484848494 -0.043460949494949414
v -0.08831509260484997 0.052705348484848494 -0.03000248484848482
v -0.08683122202495659 0.052705348484848494 -0.01654402020202017
v -0.0856898851518879 0.052705348484848494 -0.003085555555555508
v -0.08390113983358706 0.052705348484848494 0.010372909090909148
v -0.08057211860537747 0.052705348484848494 0.023831373737373804
v -0.07717622222222219 0.052705348484848494 0.02861368987907019
v -0.07717622222222219 0.04981992069798562 0.03728983838383847
v -0.07717622222222219 0.0522157645867546 0.06420676767676771
v -0.0856955937192325 0.052705348484848494 0.07766523232323236
v -0.07717622222222219 0.052705348484848494 0.06515449883813872
v -0.0902828380665304 0.052705348484848494 0.0911236969696971
v -0.07717622222222219 0.052705348484848494 0.10426362688348352
v -0.07717622222222219 0.05189873492077965 0.10458216161616168
v -0.06314418181818177 0.052705348484848494 -0.23893382788105777
v -0.07531036195476867 0.052705348484848494 -0.1511286666666666
v -0.07265441471318383 0.052705348484848494 -0.13767020202020194
v -0.07133944744044607 0.052705348484848494 -0.12421173737373728
v -0.07290511612039784 0.052705348484848494 -0.1107532727272727
v -0.07512145026689433 0.052705348484848494 0.03728983838383847
v -0.07257821112771598 0.052705348484848494 0.050748303030303046
v -0.07684870170013854 0.052705348484848494 0.06420676767676771
v -0.07171394634915564 0.052705348484848494 0.10458216161616168
v -0.06713434093589782 0.052705348484848494 0.11804062626262626
v -0.0641810465019237 0.052705348484848494 0.131499090909091
v -0.06314418181818177 0.052705348484848494 0.13565723687047931
v -0.06314418181818177 0.050077210856080995 0.14495755555555556
v -0.049112141414141344 0.052705348484848494 -0.24140550997932095
v -0.05923252621368353 0.052705348484848494 0.14495755555555556
v -0.04943700687664336 0.052705348484848494 0.1584160202020203
v -0.049112141414141344 0.052705348484848494 0.15849581465051188
v -0.03882544899395629 0.052705348484848494 -0.24533791919191916
v -0.03508010101010093 0.052705348484848494 -0.2474814913444632
v -0.03508010101010093 0.052705348484848494 0.16029230545317177
v -0.03508010101010093 0.04799201123272115 0.1987914141414142
v -0.040979104919665096 0.052705348484848494 0.2122498787878788
v -0.03508010101010093 0.052705348484848494 0.20305261907809974
v -0.03995947592838043 0.052705348484848494 0.22570834343434354
v -0.03508010101010093 0.052705348484848494 0.23588178607524463
v -0.021048060606060588 0.052705348484848494 -0.25455577301248733
v -0.021048060606060588 0.052705348484848494 0.16214643669316023
v -0.024162201792162122 0.052705348484848494 0.1987914141414142
v -0.021048060606060588 0.052705348484848494 0.19707348385555773
v -0.025940115587955934 0.052705348484848494 0.23916680808080812
v -0.021048060606060588 0.052705348484848494 0.2499338609757187
v -0.021048060606060588 0.05134574083223054 0.25262527272727286
v -0.016278188620912137 0.052705348484848494 -0.25879638383838377
v -0.00701602020202017 0.052705348484848494 -0.2618325500539916
v -0.007111728014347649 0.052705348484848494 0.14495755555555556
v -0.00701602020202017 0.052705348484848494 0.14494353003881097
v -0.00701602020202017 0.05269581098619434 0.14495755555555556
v -0.017971864298156958 0.052705348484848494 0.1584160202020203
v -0.00701602020202017 0.049117085326603194 0.1584160202020203
v -0.00701602020202017 0.04785785349695359 0.1853329494949495
v -0.00701602020202017 0.052705348484848494 0.19371361966683331
v -0.020376670426937363 0.052705348484848494 0.25262527272727286
v -0.00701602020202017 0.052705348484848494 0.265674988010649
v -0.00701602020202017 0.052569511899948226 0.2660837373737375
v 0.007016020202020247 0.052705348484848494 -0.26219036624259745
v 0.007016020202020247 0.052705348484848494 0.1449058472294209
v 0.007016020202020247 0.052670298047580555 0.14495755555555556
v 0.007016020202020247 0.049370282021900594 0.1584160202020203
v 0.007016020202020247 0.047429159884013326 0.1853329494949495
v 0.007016020202020247 0.052705348484848494 0.19414072114403344
v 0.007016020202020247 0.052705348484848494 0.26588391088242025
v 0.007016020202020247 0.05263971786905715 0.2660837373737375
v 0.019929357106856935 0.052705348484848494 -0.25879638383838377
v 0.021048060606060744 0.052705348484848494 -0.2580301309748175
v 0.007349992023240658 0.052705348484848494 0.14495755555555556
v 0.017420906919255137 0.052705348484848494 0.1584160202020203
v 0.021048060606060744 0.052705348484848494 0.16094567753954117
v 0.021048060606060744 0.052705348484848494 0.1982188462899118
v 0.020592074443396606 0.052705348484848494 0.25262527272727286
v 0.021048060606060744 0.052705348484848494 0.25069798652486475
v 0.021048060606060744 0.05178706811313472 0.25262527272727286
v 0.03508010101010108 0.052705348484848494 -0.2564772236893778
v 0.03508010101010108 0.052705348484848494 0.16005823798983074
v 0.02251621556010478 0.052705348484848494 0.1987914141414142
v 0.03508010101010108 0.04798142575889087 0.1987914141414142
v 0.03508010101010108 0.052705348484848494 0.20322308928537292
v 0.02616311096377789 0.052705348484848494 0.23916680808080812
v 0.03508010101010108 0.052705348484848494 0.23586604266341166
v 0.04911214141414143 0.052705348484848494 -0.2553975000081546
v 0.04911214141414143 0.052705348484848494 0.15861866585487855
v 0.04076038257756068 0.052705348484848494 0.2122498787878788
v 0.039587088756459235 0.052705348484848494 0.22570834343434354
v 0.06314418181818192 0.052705348484848494 -0.253653410518188
v 0.059742254730255635 0.052705348484848494 0.14495755555555556
v 0.06314418181818192 0.052705348484848494 0.1373386162059674
v 0.06314418181818192 0.05056274906671515 0.14495755555555556
v 0.0498697712877195 0.052705348484848494 0.1584160202020203
v 0.06852653390034232 0.052705348484848494 -0.24533791919191916
v 0.07717622222222226 0.052705348484848494 -0.24224038047717275
v 0.07551130550573326 0.052705348484848494 -0.13767020202020194
v 0.07717622222222226 0.052705348484848494 -0.14846516222307343
v 0.07717622222222226 0.04941917424305669 -0.13767020202020194
v 0.07442141593411865 0.052705348484848494 -0.12421173737373728
v 0.07717622222222226 0.04890604925015356 -0.12421173737373728
v 0.0761320583833346 0.052705348484848494 -0.1107532727272727
v 0.07717622222222226 0.051836992593559506 -0.1107532727272727
v 0.07717622222222226 0.052705348484848494 -0.11069973341094756
v 0.07554911970974847 0.052705348484848494 0.03728983838383847
v 0.07717622222222226 0.052705348484848494 0.02988907363229673
v 0.07717622222222226 0.05026443896171007 0.03728983838383847
v 0.06982485780028141 0.052705348484848494 0.050748303030303046
v 0.07717622222222226 0.052705348484848494 0.06419716118967486
v 0.07291526554539751 0.052705348484848494 0.10458216161616168
v 0.07717622222222226 0.052705348484848494 0.10436510245461444
v 0.07717622222222226 0.05203649456559557 0.10458216161616168
v 0.06773125827155657 0.052705348484848494 0.11804062626262626
v 0.06468643177491848 0.052705348484848494 0.131499090909091
v 0.08801363994798655 0.052705348484848494 -0.2318794545454545
v 0.08900910184953661 0.052705348484848494 -0.21842098989898984
v 0.0874130326534706 0.052705348484848494 -0.20496252525252523
v 0.0843789039375818 0.052705348484848494 -0.19150406060606057
v 0.081600567097009 0.052705348484848494 -0.17804559595959593
v 0.07925393215461321 0.052705348484848494 -0.16458713131313127
v 0.07765295486424131 0.052705348484848494 -0.1511286666666666
v 0.08985301529953561 0.052705348484848494 -0.09729480808080804
v 0.08976322272843462 0.052705348484848494 -0.08383634343434337
v 0.09120826262626276 0.049137836503912666 -0.08383634343434337
v 0.09120826262626276 0.052705348484848494 -0.07250524993292581
v 0.09002673401429365 0.052705348484848494 -0.043460949494949414
v 0.09120826262626276 0.052705348484848494 -0.053099001447100995
v 0.08882271012972885 0.052705348484848494 -0.03000248484848482
v 0.08771742964470379 0.052705348484848494 -0.01654402020202017
v 0.08648859489965678 0.052705348484848494 -0.003085555555555508
v 0.08456121367804717 0.052705348484848494 0.010372909090909148
v 0.08127001216142482 0.052705348484848494 0.023831373737373804
v 0.07723427351097739 0.052705348484848494 0.06420676767676771
v 0.0859134985495484 0.052705348484848494 0.07766523232323236
v 0.0904137392894629 0.052705348484848494 0.0911236969696971
v 0.09238926338187611 0.052705348484848494 -0.07037787878787874
v 0.09168418386190366 0.052705348484848494 -0.056919414141414076
v -0.0912082626262626 0.05730222974282697 -0.2318794545454545
v -0.09773250576856624 0.058127590909090955 -0.21842098989898984
v -0.0912082626262626 0.058127590909090955 -0.23036330204801345
v -0.09413182847420094 0.058127590909090955 -0.20496252525252523
v -0.0912082626262626 0.058127590909090955 -0.19893688543681115
v -0.09129345007706581 0.058127590909090955 -0.07037787878787874
v -0.0912082626262626 0.058127590909090955 -0.07048626651217771
v -0.0912082626262626 0.058127590909090955 -0.06819942687770378
v -0.0912082626262626 0.05659205674601258 -0.056919414141414076
v -0.09106254210111425 0.058127590909090955 -0.2318794545454545
v -0.07717622222222219 0.058127590909090955 -0.23820838349213602
v -0.08729928565655048 0.058127590909090955 -0.19150406060606057
v -0.08132576245129236 0.058127590909090955 -0.17804559595959593
v -0.07717622222222219 0.058127590909090955 -0.16627728470713887
v -0.07717622222222219 0.055903302625582636 -0.16458713131313127
v -0.08028182287394314 0.058127590909090955 -0.09729480808080804
v -0.07717622222222219 0.058127590909090955 -0.10232513498053235
v -0.08870315442641503 0.058127590909090955 -0.08383634343434337
v -0.09073183521463854 0.058127590909090955 -0.056919414141414076
v -0.08884621062913785 0.058127590909090955 -0.043460949494949414
v -0.08697130257283446 0.058127590909090955 -0.03000248484848482
v -0.08543537768469747 0.058127590909090955 -0.01654402020202017
v -0.08390959347137206 0.058127590909090955 -0.003085555555555508
v -0.08079299990438363 0.058127590909090955 0.010372909090909148
v -0.07717622222222219 0.058127590909090955 0.019442805689175616
v -0.07717622222222219 0.05665199572125419 0.023831373737373804
v -0.07928321519130567 0.058127590909090955 0.07766523232323236
v -0.07717622222222219 0.058127590909090955 0.07529815362233132
v -0.07717622222222219 0.058127590909090955 0.0779733545085411
v -0.07717622222222219 0.05664849958326991 0.0911236969696971
v -0.06314418181818177 0.058127590909090955 -0.23898616836211767
v -0.07667843249694428 0.058127590909090955 -0.16458713131313127
v -0.07345468908946083 0.058127590909090955 -0.1511286666666666
v -0.06975056767570621 0.058127590909090955 -0.13767020202020194
v -0.06741573182069707 0.058127590909090955 -0.12421173737373728
v -0.06885634191837053 0.058127590909090955 -0.1107532727272727
v -0.07610654539140436 0.058127590909090955 0.023831373737373804
v -0.07122574193797106 0.058127590909090955 0.03728983838383847
v -0.07106800397082483 0.058127590909090955 0.050748303030303046
v -0.07381395382854597 0.058127590909090955 0.06420676767676771
v -0.06482688617933893 0.058127590909090955 0.0911236969696971
v -0.06571729244458685 0.058127590909090955 0.10458216161616168
v -0.0631703431868613 0.058127590909090955 0.11804062626262626
v -0.06314418181818177 0.058127590909090955 0.11817547020016227
v -0.06314418181818177 0.053990480407942444 0.131499090909091
v -0.049112141414141344 0.058127590909090955 -0.24053170253146727
v -0.056537123352056885 0.058127590909090955 0.131499090909091
v -0.0495688857114414 0.058127590909090955 0.14495755555555556
v -0.049112141414141344 0.058127590909090955 0.145368999223082
v -0.049112141414141344 0.052859858350872965 0.1584160202020203
v -0.03549437356064013 0.058127590909090955 -0.24533791919191916
v -0.03508010101010093 0.058127590909090955 -0.24561047981058332
v -0.03508010101010093 0.058127590909090955 0.15151954819243155
v -0.03508010101010093 0.05619972883898251 0.1584160202020203
v -0.03508010101010093 0.05567169654656144 0.2122498787878788
v -0.03508010101010093 0.05415663657387428 0.22570834343434354
v -0.021048060606060588 0.058127590909090955 -0.2535268841903055
v -0.021048060606060588 0.058127590909090955 0.14587630685144248
v -0.021048060606060588 0.0552327578884806 0.1584160202020203
v -0.021048060606060588 0.0537938705848399 0.1987914141414142
v -0.0285575939991648 0.058127590909090955 0.2122498787878788
v -0.021048060606060588 0.058127590909090955 0.20357798715979336
v -0.026647192428591523 0.058127590909090955 0.22570834343434354
v -0.021048060606060588 0.058127590909090955 0.23829675950747442
v -0.021048060606060588 0.05584593069373274 0.23916680808080812
v -0.016058205200445104 0.058127590909090955 -0.25879638383838377
v -0.00701602020202017 0.058127590909090955 -0.262151975997919
v -0.017496792739530965 0.058127590909090955 0.131499090909091
v -0.00701602020202017 0.058127590909090955 0.12843158078452413
v -0.00701602020202017 0.056838700135249214 0.131499090909091
v -0.0208857016509928 0.058127590909090955 0.14495755555555556
v -0.00701602020202017 0.05459482175710672 0.1987914141414142
v -0.00701602020202017 0.058127590909090955 0.20739592820108088
v -0.018599964646216275 0.058127590909090955 0.23916680808080812
v -0.016908962325974646 0.058127590909090955 0.25262527272727286
v -0.00701602020202017 0.058127590909090955 0.2573137901679152
v 0.007016020202020247 0.058127590909090955 -0.26249061471430724
v 0.007016020202020247 0.058127590909090955 0.12841829175737488
v 0.007016020202020247 0.05683211875405092 0.131499090909091
v 0.007016020202020247 0.05449527767032401 0.1987914141414142
v 0.007016020202020247 0.058127590909090955 0.20794162540571273
v 0.007016020202020247 0.058127590909090955 0.2573865490276934
v 0.019103989821735425 0.058127590909090955 -0.25879638383838377
v 0.021048060606060744 0.058127590909090955 -0.25723023840738385
v 0.01744657407717728 0.058127590909090955 0.131499090909091
v 0.0210010543897981 0.058127590909090955 0.14495755555555556
v 0.021048060606060744 0.058127590909090955 0.14525293843785794
v 0.021048060606060744 0.05555404159058383 0.1584160202020203
v 0.021048060606060744 0.0531647648293831 0.1987914141414142
v 0.021048060606060744 0.058127590909090955 0.2043082936476886
v 0.0188706676751595 0.058127590909090955 0.23916680808080812
v 0.021048060606060744 0.058127590909090955 0.23836175022860992
v 0.021048060606060744 0.05602900165664103 0.23916680808080812
v 0.017149298016453533 0.058127590909090955 0.25262527272727286
v 0.03508010101010108 0.058127590909090955 -0.2552521316068558
v 0.03508010101010108 0.058127590909090955 0.15202881073957406
v 0.03508010101010108 0.05628575896415144 0.1584160202020203
v 0.02823590513308717 0.058127590909090955 0.2122498787878788
v 0.03508010101010108 0.055637147148583296 0.2122498787878788
v 0.02669610734210824 0.058127590909090955 0.22570834343434354
v 0.03508010101010108 0.05415283550767021 0.22570834343434354
v 0.04911214141414143 0.058127590909090955 -0.2542787019592777
v 0.04911214141414143 0.058127590909090955 0.1460266405809373
v 0.04911214141414143 0.053070284332369905 0.1584160202020203
v 0.06314418181818192 0.058127590909090955 -0.2525047429311999
v 0.05735697264473149 0.058127590909090955 0.131499090909091
v 0.06314418181818192 0.058127590909090955 0.1206022618806519
v 0.06314418181818192 0.05458630639709599 0.131499090909091
v 0.05028023062427784 0.058127590909090955 0.14495755555555556
v 0.066812642576965 0.058127590909090955 -0.24533791919191916
v 0.07717622222222226 0.058127590909090955 -0.23904983072799674
v 0.07534255277989722 0.058127590909090955 -0.1511286666666666
v 0.07717622222222226 0.058127590909090955 -0.16330118735132065
v 0.07717622222222226 0.05390967615743643 -0.1511286666666666
v 0.07242953433171423 0.058127590909090955 -0.13767020202020194
v 0.07013259447871069 0.058127590909090955 -0.12421173737373728
v 0.07064871868934282 0.058127590909090955 -0.1107532727272727
v 0.07717622222222226 0.058127590909090955 -0.1029671866416806
v 0.07684882919013852 0.058127590909090955 0.023831373737373804
v 0.07717622222222226 0.058127590909090955 0.02242386827251712
v 0.07717622222222226 0.05766560197527319 0.023831373737373804
v 0.07196346926311491 0.058127590909090955 0.03728983838383847
v 0.07309979188515864 0.058127590909090955 0.050748303030303046
v 0.0743327710445357 0.058127590909090955 0.06420676767676771
v 0.07717622222222226 0.052739969331687814 0.06420676767676771
v 0.07717622222222226 0.058127590909090955 0.07462113636151266
v 0.06482557110074876 0.058127590909090955 0.0911236969696971
v 0.07717622222222226 0.058127590909090955 0.07803605186482201
v 0.07717622222222226 0.05665842367028652 0.0911236969696971
v 0.06619701686674638 0.058127590909090955 0.10458216161616168
v 0.06367953903468389 0.058127590909090955 0.11804062626262626
v 0.08620738346521883 0.058127590909090955 -0.2318794545454545
v 0.0868498429809115 0.058127590909090955 -0.21842098989898984
v 0.08524549974788531 0.058127590909090955 -0.20496252525252523
v 0.08260006338342418 0.058127590909090955 -0.19150406060606057
v 0.07998405649508837 0.058127590909090955 -0.17804559595959593
v 0.077397987233326 0.058127590909090955 -0.16458713131313127
v 0.07995685108350088 0.058127590909090955 -0.09729480808080804
v 0.08733494824633188 0.058127590909090955 -0.08383634343434337
v 0.0897990037417301 0.058127590909090955 -0.07037787878787874
v 0.09120826262626276 0.05480576914415973 -0.07037787878787874
v 0.08980807753399751 0.058127590909090955 -0.056919414141414076
v 0.09120826262626276 0.05396913413951435 -0.056919414141414076
v 0.08855314675412185 0.058127590909090955 -0.043460949494949414
v 0.08735871168542197 0.058127590909090955 -0.03000248484848482
v 0.0860766961701389 0.058127590909090955 -0.01654402020202017
v 0.08439949660375427 0.058127590909090955 -0.003085555555555508
v 0.08160491036498656 0.058127590909090955 0.010372909090909148
v 0.079778273526766 0.058127590909090955 0.07766523232323236
v -0.09580670912782939 0.06354983333333336 -0.21842098989898984
v -0.0912082626262626 0.06354983333333336 -0.22490805452029172
v -0.0924724094776089 0.06354983333333336 -0.20496252525252523
v -0.0912082626262626 0.06354983333333336 -0.20207955686646223
v -0.0912082626262626 0.05825256922043447 -0.07037787878787874
v -0.09074253599065868 0.06354983333333336 -0.2318794545454545
v -0.07717622222222219 0.06354983333333336 -0.23846125161778256
v -0.08604864584943224 0.06354983333333336 -0.19150406060606057
v -0.07989461700796188 0.06354983333333336 -0.17804559595959593
v -0.07717622222222219 0.06354983333333336 -0.16984870149802445
v -0.07717622222222219 0.058899225703224506 -0.09729480808080804
v -0.08530338495267684 0.06354983333333336 -0.08383634343434337
v -0.07717622222222219 0.06354983333333336 -0.08572123502428772
v -0.08842183859736782 0.06354983333333336 -0.07037787878787874
v -0.08826063744467601 0.06354983333333336 -0.056919414141414076
v -0.08668438410382878 0.06354983333333336 -0.043460949494949414
v -0.08481800338756824 0.06354983333333336 -0.03000248484848482
v -0.0830117038411642 0.06354983333333336 -0.01654402020202017
v -0.08105801146072603 0.06354983333333336 -0.003085555555555508
v -0.07717622222222219 0.06354983333333336 0.00928008663229719
v -0.07717622222222219 0.06313429972514412 0.010372909090909148
v -0.07717622222222219 0.05854669284300004 0.07766523232323236
v -0.06314418181818177 0.06354983333333336 -0.23896021804223877
v -0.07569181696183601 0.06354983333333336 -0.16458713131313127
v -0.07103069857139238 0.06354983333333336 -0.1511286666666666
v -0.0660755258459114 0.06354983333333336 -0.13767020202020194
v -0.06314418181818177 0.06354983333333336 -0.12804354882188532
v -0.06314418181818177 0.06281449173686317 -0.12421173737373728
v -0.06376798563213011 0.06354983333333336 -0.1107532727272727
v -0.06314418181818177 0.06354983333333336 -0.1203830574701295
v -0.07174949093016128 0.06354983333333336 -0.09729480808080804
v -0.07689672950156616 0.06354983333333336 0.010372909090909148
v -0.0716796990007086 0.06354983333333336 0.023831373737373804
v -0.06542027150136814 0.06354983333333336 0.03728983838383847
v -0.06314418181818177 0.06354983333333336 0.03745072334338329
v -0.06314418181818177 0.05952717153645088 0.050748303030303046
v -0.06997830461683403 0.06354983333333336 0.06420676767676771
v -0.06314418181818177 0.06354983333333336 0.0631058955572532
v -0.07072606959719382 0.06354983333333336 0.07766523232323236
v -0.06444957822270801 0.06354983333333336 0.0911236969696971
v -0.06314418181818177 0.06354983333333336 0.10079403886544457
v -0.06314418181818177 0.062349411370998045 0.10458216161616168
v -0.06314418181818177 0.05816491456388914 0.11804062626262626
v -0.049112141414141344 0.06354983333333336 -0.2397469737682181
v -0.062277847520870594 0.06354983333333336 -0.12421173737373728
v -0.05346187308809649 0.06354983333333336 0.050748303030303046
v -0.060574818259172304 0.06354983333333336 0.10458216161616168
v -0.05410129167575329 0.06354983333333336 0.11804062626262626
v -0.049112141414141344 0.06354983333333336 0.12802850624651455
v -0.049112141414141344 0.06246852658499145 0.131499090909091
v -0.049112141414141344 0.05837065921908237 0.14495755555555556
v -0.03508010101010093 0.05854506950856604 -0.24533791919191916
v -0.03508010101010093 0.06354983333333336 -0.24361028482088623
v -0.04269746957733775 0.06354983333333336 0.131499090909091
v -0.03508010101010093 0.06354983333333336 0.13526210116331608
v -0.03508010101010093 0.06104908371911882 0.14495755555555556
v -0.031171076878449465 0.06354983333333336 -0.24533791919191916
v -0.021048060606060588 0.06354983333333336 -0.252045272766481
v -0.03207754192045296 0.06354983333333336 0.131499090909091
v -0.021048060606060588 0.06354983333333336 0.12626081490577662
v -0.021048060606060588 0.061628562145985645 0.131499090909091
v -0.021048060606060588 0.05836780691718992 0.14495755555555556
v -0.021048060606060588 0.06134653352651329 0.2122498787878788
v -0.021048060606060588 0.06092046022007744 0.22570834343434354
v -0.014735780369194965 0.06354983333333336 -0.25879638383838377
v -0.00701602020202017 0.06354983333333336 -0.26181498714412627
v -0.01798218493895725 0.06354983333333336 0.11804062626262626
v -0.00701602020202017 0.06354983333333336 0.11352471667440535
v -0.00701602020202017 0.06227266811709026 0.11804062626262626
v -0.00701602020202017 0.06079555592344423 0.2122498787878788
v -0.00701602020202017 0.06323477883140502 0.22570834343434354
v -0.008266779945872927 0.06354983333333336 0.23916680808080812
v -0.00701602020202017 0.06354983333333336 0.23241511610951454
v -0.00701602020202017 0.06354983333333336 0.24025205544934652
v -0.00701602020202017 0.06109335208427207 0.25262527272727286
v 0.007016020202020247 0.06354983333333336 -0.26214917460519715
v 0.007016020202020247 0.06354983333333336 0.11353037613920756
v 0.007016020202020247 0.06227527930499986 0.11804062626262626
v 0.007016020202020247 0.0605010140465187 0.2122498787878788
v 0.004724886904733913 0.06354983333333336 0.22570834343434354
v 0.007016020202020247 0.06354983333333336 0.22546395544752407
v 0.007016020202020247 0.06354983333333336 0.24059435837147702
v 0.007016020202020247 0.061131737781530304 0.25262527272727286
v 0.017392770569401764 0.06354983333333336 -0.25879638383838377
v 0.021048060606060744 0.06354983333333336 -0.256010450951131
v 0.0179245454049995 0.06354983333333336 0.11804062626262626
v 0.021048060606060744 0.06354983333333336 0.12638554298663468
v 0.021048060606060744 0.06168081237614089 0.131499090909091
v 0.021048060606060744 0.05819772523826946 0.14495755555555556
v 0.021048060606060744 0.06116047337744897 0.2122498787878788
v 0.007089980526370391 0.06354983333333336 0.22570834343434354
v 0.021048060606060744 0.06095494637314353 0.22570834343434354
v 0.008744263571275572 0.06354983333333336 0.23916680808080812
v 0.03508010101010108 0.06354983333333336 -0.2536064361035282
v 0.03166207517104139 0.06354983333333336 0.131499090909091
v 0.03508010101010108 0.06354983333333336 0.1360562620030335
v 0.03508010101010108 0.06134145065750729 0.14495755555555556
v 0.04911214141414143 0.06354983333333336 -0.2526887066840778
v 0.04473335197921582 0.06354983333333336 0.131499090909091
v 0.04911214141414143 0.06354983333333336 0.12936658485036368
v 0.04911214141414143 0.06287647155819062 0.131499090909091
v 0.04911214141414143 0.058720195007113805 0.14495755555555556
v 0.06314418181818192 0.06354983333333336 -0.24878670508451603
v 0.06177588502694628 0.06354983333333336 0.050748303030303046
v 0.06314418181818192 0.06354983333333336 0.04151788643281805
v 0.06314418181818192 0.06326147105092188 0.050748303030303046
v 0.06314418181818192 0.06354983333333336 0.054367569768582244
v 0.061701889639781314 0.06354983333333336 0.10458216161616168
v 0.06314418181818192 0.06354983333333336 0.1025563981807045
v 0.06314418181818192 0.06291004248101326 0.10458216161616168
v 0.055033247077545144 0.06354983333333336 0.11804062626262626
v 0.06314418181818192 0.058875300341799795 0.11804062626262626
v 0.06410295656527767 0.06354983333333336 -0.24533791919191916
v 0.07717622222222226 0.06354983333333336 -0.23476902618184303
v 0.07511653801126768 0.06354983333333336 -0.16458713131313127
v 0.07717622222222226 0.06354983333333336 -0.17615353474450374
v 0.07717622222222226 0.058636091819888915 -0.16458713131313127
v 0.07250946817654935 0.06354983333333336 -0.1511286666666666
v 0.06868131467755428 0.06354983333333336 -0.13767020202020194
v 0.06525250820800312 0.06354983333333336 -0.12421173737373728
v 0.06542681908811529 0.06354983333333336 -0.1107532727272727
v 0.07100296514150407 0.06354983333333336 -0.09729480808080804
v 0.07717622222222226 0.058727998412341297 -0.09729480808080804
v 0.07717622222222226 0.06354983333333336 -0.08505784993982028
v 0.07268397026933476 0.06354983333333336 0.023831373737373804
v 0.07717622222222226 0.06354983333333336 0.01165632251583739
v 0.06636215200758921 0.06354983333333336 0.03728983838383847
v 0.07070119743419984 0.06354983333333336 0.06420676767676771
v 0.07101504624613802 0.06354983333333336 0.07766523232323236
v 0.07717622222222226 0.05864812374929142 0.07766523232323236
v 0.06465899520876031 0.06354983333333336 0.0911236969696971
v 0.0835573430745044 0.06354983333333336 -0.2318794545454545
v 0.0838224392310621 0.06354983333333336 -0.21842098989898984
v 0.08226167979798808 0.06354983333333336 -0.20496252525252523
v 0.08003515008297792 0.06354983333333336 -0.19150406060606057
v 0.0775705338149906 0.06354983333333336 -0.17804559595959593
v 0.08347521523526262 0.06354983333333336 -0.08383634343434337
v 0.08669181685038686 0.06354983333333336 -0.07037787878787874
v 0.08717751145535121 0.06354983333333336 -0.056919414141414076
v 0.08622219419828987 0.06354983333333336 -0.043460949494949414
v 0.08504837014175688 0.06354983333333336 -0.03000248484848482
v 0.08359519423534081 0.06354983333333336 -0.01654402020202017
v 0.08145008202967874 0.06354983333333336 -0.003085555555555508
v 0.07792164138352338 0.06354983333333336 0.010372909090909148
v -0.09283918403720329 0.06897207575757582 -0.21842098989898984
v -0.0912082626262626 0.06897207575757582 -0.22031671860599483
v -0.0912082626262626 0.06897207575757582 -0.21013679837991137
v -0.0912082626262626 0.06615323334466114 -0.20496252525252523
v -0.08968387459548852 0.06897207575757582 -0.2318794545454545
v -0.07717622222222219 0.06897207575757582 -0.23700673035195752
v -0.08997169730375987 0.06897207575757582 -0.20496252525252523
v -0.08391008418824109 0.06897207575757582 -0.19150406060606057
v -0.07749519162451138 0.06897207575757582 -0.17804559595959593
v -0.07717622222222219 0.06897207575757582 -0.17719812155577858
v -0.0779327881135054 0.06897207575757582 -0.08383634343434337
v -0.07717622222222219 0.06897207575757582 -0.08393550440425504
v -0.0842651780023953 0.06897207575757582 -0.07037787878787874
v -0.0847282481636538 0.06897207575757582 -0.056919414141414076
v -0.0835369007243503 0.06897207575757582 -0.043460949494949414
v -0.08172857587912173 0.06897207575757582 -0.03000248484848482
v -0.07965577198331875 0.06897207575757582 -0.01654402020202017
v -0.07729875171772044 0.06897207575757582 -0.003085555555555508
v -0.07717622222222219 0.06897207575757582 -0.002787066851812972
v -0.06314418181818177 0.06897207575757582 -0.23923280029387758
v -0.07317785994447362 0.06897207575757582 -0.16458713131313127
v -0.06770504762300833 0.06897207575757582 -0.1511286666666666
v -0.06314418181818177 0.06897207575757582 -0.14191577827729598
v -0.06314418181818177 0.06704691186265589 -0.13767020202020194
v -0.06314418181818177 0.06399278374184073 -0.1107532727272727
v -0.06314418181818177 0.06654934236465547 -0.09729480808080804
v -0.06314418181818177 0.06897207575757582 -0.08625921359329716
v -0.07281206491609639 0.06897207575757582 0.010372909090909148
v -0.06585693538203977 0.06897207575757582 0.023831373737373804
v -0.06314418181818177 0.06897207575757582 0.026013407820757103
v -0.06314418181818177 0.06499942966360187 0.03728983838383847
v -0.06314418181818177 0.06659138381587916 0.06420676767676771
v -0.06314418181818177 0.06553770698615306 0.07766523232323236
v -0.06314418181818177 0.06534153971556521 0.0911236969696971
v -0.049112141414141344 0.06897207575757582 -0.2391526846896742
v -0.06147999872366756 0.06897207575757582 -0.13767020202020194
v -0.055791804527826276 0.06897207575757582 -0.12421173737373728
v -0.05355721250855673 0.06897207575757582 -0.1107532727272727
v -0.056761744544178885 0.06897207575757582 -0.09729480808080804
v -0.058700839723536936 0.06897207575757582 0.03728983838383847
v -0.05814946439336609 0.06897207575757582 0.050748303030303046
v -0.061511071753779276 0.06897207575757582 0.06420676767676771
v -0.05192580846008853 0.06897207575757582 0.07766523232323236
v -0.05538363652235925 0.06897207575757582 0.0911236969696971
v -0.05186207744177351 0.06897207575757582 0.10458216161616168
v -0.049112141414141344 0.06897207575757582 0.11110935523427891
v -0.049112141414141344 0.06669003191405043 0.11804062626262626
v -0.03508010101010093 0.06897207575757582 -0.24170275914126607
v -0.037739612542422855 0.06897207575757582 0.11804062626262626
v -0.03508010101010093 0.06897207575757582 0.11934551166523923
v -0.03508010101010093 0.06467104759894508 0.131499090909091
v -0.02559744930041922 0.06897207575757582 -0.24533791919191916
v -0.021048060606060588 0.06897207575757582 -0.24967301145021448
v -0.03378509730997217 0.06897207575757582 0.11804062626262626
v -0.021048060606060588 0.06897207575757582 0.11273398230018769
v -0.021048060606060588 0.06673426233190473 0.11804062626262626
v -0.013358380411442052 0.06897207575757582 -0.25879638383838377
v -0.00701602020202017 0.06897207575757582 -0.26139810267767133
v -0.013207475779068379 0.06897207575757582 0.10458216161616168
v -0.00701602020202017 0.06897207575757582 0.10289037498547358
v -0.00701602020202017 0.06838959852331047 0.10458216161616168
v -0.00701602020202017 0.06382532185914218 0.23916680808080812
v 0.007016020202020247 0.06897207575757582 -0.26167563071711575
v 0.007016020202020247 0.06897207575757582 0.10288982745272414
v 0.007016020202020247 0.06839128853507598 0.10458216161616168
v 0.007016020202020247 0.063623273960835 0.22570834343434354
v 0.007016020202020247 0.06392013698671703 0.23916680808080812
v 0.015231262964671265 0.06897207575757582 -0.25879638383838377
v 0.021048060606060744 0.06897207575757582 -0.2543135150785277
v 0.013186103500664044 0.06897207575757582 0.10458216161616168
v 0.021048060606060744 0.06897207575757582 0.11285435173018514
v 0.021048060606060744 0.0668083749080218 0.11804062626262626
v 0.03508010101010108 0.06897207575757582 -0.25114196090740587
v 0.03330236109295043 0.06897207575757582 0.11804062626262626
v 0.03508010101010108 0.06897207575757582 0.11984917695907613
v 0.03508010101010108 0.06485813601946265 0.131499090909091
v 0.04911214141414143 0.06897207575757582 -0.2500087667676748
v 0.03907271991684439 0.06897207575757582 0.11804062626262626
v 0.04911214141414143 0.06897207575757582 0.11241058004223436
v 0.04911214141414143 0.06714191417764648 0.11804062626262626
v 0.05236834336864685 0.06897207575757582 -0.24533791919191916
v 0.06314418181818192 0.06464188183073886 -0.24533791919191916
v 0.06314418181818192 0.06897207575757582 -0.24185943733521434
v 0.05907235145128976 0.06897207575757582 -0.12421173737373728
v 0.06314418181818192 0.06897207575757582 -0.13587843305394973
v 0.06314418181818192 0.06565195438201536 -0.12421173737373728
v 0.05548322337121668 0.06897207575757582 -0.1107532727272727
v 0.06314418181818192 0.06531316602391318 -0.1107532727272727
v 0.05602750735398745 0.06897207575757582 -0.09729480808080804
v 0.06314418181818192 0.06673200277870939 -0.09729480808080804
v 0.06314418181818192 0.06897207575757582 -0.08639338451714722
v 0.058941761014306496 0.06897207575757582 0.03728983838383847
v 0.06314418181818192 0.06897207575757582 0.027497037471498335
v 0.06314418181818192 0.065675289997068 0.03728983838383847
v 0.05449429618213458 0.06897207575757582 0.050748303030303046
v 0.06163856985297651 0.06897207575757582 0.06420676767676771
v 0.06314418181818192 0.06682009039479044 0.06420676767676771
v 0.051607028465829326 0.06897207575757582 0.07766523232323236
v 0.06314418181818192 0.06555064545554184 0.07766523232323236
v 0.055664145315645334 0.06897207575757582 0.0911236969696971
v 0.06314418181818192 0.06561190165724176 0.0911236969696971
v 0.05249664463195261 0.06897207575757582 0.10458216161616168
v 0.07354074414798961 0.06897207575757582 -0.2318794545454545
v 0.07717622222222226 0.06617294697134928 -0.2318794545454545
v 0.07717622222222226 0.06897207575757582 -0.21926035159277507
v 0.07660294822391073 0.06897207575757582 -0.19150406060606057
v 0.07717622222222226 0.06897207575757582 -0.19609141167172597
v 0.07717622222222226 0.0680764996410798 -0.19150406060606057
v 0.07472731243010916 0.06897207575757582 -0.17804559595959593
v 0.07717622222222226 0.06425548583899336 -0.17804559595959593
v 0.07260636263053255 0.06897207575757582 -0.16458713131313127
v 0.06887344173355699 0.06897207575757582 -0.1511286666666666
v 0.06405562312309307 0.06897207575757582 -0.13767020202020194
v 0.07577140286292944 0.06897207575757582 -0.08383634343434337
v 0.07717622222222226 0.06794289434374841 -0.08383634343434337
v 0.07717622222222226 0.06897207575757582 -0.07793051103012066
v 0.0739408502079942 0.06897207575757582 0.010372909090909148
v 0.07717622222222226 0.06897207575757582 -0.0013997893455894393
v 0.07717622222222226 0.06452803178335716 0.010372909090909148
v 0.06748778064478482 0.06897207575757582 0.023831373737373804
v 0.07885748010828592 0.06897207575757582 -0.21842098989898984
v 0.07816064580621876 0.06897207575757582 -0.20496252525252523
v 0.08234928473323597 0.06897207575757582 -0.07037787878787874
v 0.08351203533455351 0.06897207575757582 -0.056919414141414076
v 0.08293984903077598 0.06897207575757582 -0.043460949494949414
v 0.08185197605347523 0.06897207575757582 -0.03000248484848482
v 0.0802660269366797 0.06897207575757582 -0.01654402020202017
v 0.07774608640277753 0.06897207575757582 -0.003085555555555508
v -0.0912082626262626 0.07115671848677799 -0.21842098989898984
v -0.08489575037369147 0.07439431818181821 -0.2318794545454545
v -0.07717622222222219 0.07439431818181821 -0.23439296826777742
v -0.0894394616384171 0.07439431818181821 -0.21842098989898984
v -0.0867817284822494 0.07439431818181821 -0.20496252525252523
v -0.08062978373791009 0.07439431818181821 -0.19150406060606057
v -0.07717622222222219 0.07439431818181821 -0.1830726834701906
v -0.07717622222222219 0.06972104302051967 -0.17804559595959593
v -0.07717622222222219 0.06943736832060639 -0.08383634343434337
v -0.07810222572152317 0.07439431818181821 -0.07037787878787874
v -0.07717622222222219 0.07439431818181821 -0.07110508110964141
v -0.08006771085571915 0.07439431818181821 -0.056919414141414076
v -0.0792278678889743 0.07439431818181821 -0.043460949494949414
v -0.07757131513302323 0.07439431818181821 -0.03000248484848482
v -0.07717622222222219 0.07439431818181821 -0.027614410658940488
v -0.07717622222222219 0.07215407948550738 -0.01654402020202017
v -0.07717622222222219 0.06912939921609511 -0.003085555555555508
v -0.06314418181818177 0.07439431818181821 -0.2377890608214292
v -0.0752630668432293 0.07439431818181821 -0.17804559595959593
v -0.06951102531106458 0.07439431818181821 -0.16458713131313127
v -0.06314418181818177 0.07439431818181821 -0.15181952006269087
v -0.06314418181818177 0.07407184572585943 -0.1511286666666666
v -0.07009495254212934 0.07439431818181821 -0.08383634343434337
v -0.06314418181818177 0.07439431818181821 -0.08470916702672782
v -0.07545330224205883 0.07439431818181821 -0.01654402020202017
v -0.07310551943308358 0.07439431818181821 -0.003085555555555508
v -0.06785147000087827 0.07439431818181821 0.010372909090909148
v -0.06314418181818177 0.07439431818181821 0.016467197248370008
v -0.06314418181818177 0.07110171788123164 0.023831373737373804
v -0.049112141414141344 0.07439431818181821 -0.23889914665468254
v -0.06286594807573617 0.07439431818181821 -0.1511286666666666
v -0.05600368215627818 0.07439431818181821 -0.13767020202020194
v -0.049112141414141344 0.07439431818181821 -0.12576932614661773
v -0.049112141414141344 0.07396377593690603 -0.12421173737373728
v -0.049112141414141344 0.07153302352643841 -0.1107532727272727
v -0.05995632731195289 0.07439431818181821 -0.09729480808080804
v -0.049112141414141344 0.07439431818181821 -0.11041378428198964
v -0.05955622211061361 0.07439431818181821 0.023831373737373804
v -0.05098108912310262 0.07439431818181821 0.03728983838383847
v -0.049112141414141344 0.07439431818181821 0.038155034079989686
v -0.049112141414141344 0.0732606641004501 0.050748303030303046
v -0.049112141414141344 0.07224371934754982 0.06420676767676771
v -0.049112141414141344 0.07404848845944821 0.07766523232323236
v -0.049112141414141344 0.0736147450760002 0.0911236969696971
v -0.049112141414141344 0.07087080724020675 0.10458216161616168
v -0.03508010101010093 0.07439431818181821 -0.24030126169320912
v -0.04847269785348469 0.07439431818181821 -0.12421173737373728
v -0.04203341249623077 0.07439431818181821 -0.1107532727272727
v -0.044462062830177375 0.07439431818181821 0.050748303030303046
v -0.04038352757312685 0.07439431818181821 0.06420676767676771
v -0.04777519183056855 0.07439431818181821 0.07766523232323236
v -0.046641094422700306 0.07439431818181821 0.0911236969696971
v -0.03539336513788793 0.07439431818181821 0.10458216161616168
v -0.03508010101010093 0.07439431818181821 0.10480169628159955
v -0.03508010101010093 0.06945233460009441 0.11804062626262626
v -0.021048060606060588 0.07323174130015436 -0.24533791919191916
v -0.021048060606060588 0.07439431818181821 -0.24500918033594102
v -0.034594222810824 0.07439431818181821 0.10458216161616168
v -0.021048060606060588 0.07439431818181821 0.1013805626699047
v -0.021048060606060588 0.0730958579134854 0.10458216161616168
v -0.011124985927944754 0.07439431818181821 -0.25879638383838377
v -0.00701602020202017 0.07439431818181821 -0.2605511708266003
v -0.02000189508973802 0.07439431818181821 -0.24533791919191916
v -0.014026231491930843 0.07439431818181821 0.0911236969696971
v -0.00701602020202017 0.07439431818181821 0.08889936679375823
v -0.00701602020202017 0.07355414207167837 0.0911236969696971
v 0.007016020202020247 0.07439431818181821 -0.2607799302176229
v 0.007016020202020247 0.07439431818181821 0.08884082492068557
v 0.007016020202020247 0.0735438701858274 0.0911236969696971
v 0.012117902262420006 0.07439431818181821 -0.25879638383838377
v 0.021048060606060744 0.07439431818181821 -0.2506951055342064
v 0.014158163917282855 0.07439431818181821 0.0911236969696971
v 0.021048060606060744 0.07439431818181821 0.10133189137042613
v 0.021048060606060744 0.07310563130218158 0.10458216161616168
v 0.03090674113396189 0.07439431818181821 -0.24533791919191916
v 0.03508010101010108 0.0728866939121432 -0.24533791919191916
v 0.03508010101010108 0.07439431818181821 -0.2445122849295499
v 0.033769386066341514 0.07439431818181821 0.10458216161616168
v 0.03508010101010108 0.07439431818181821 0.10521165287480654
v 0.03508010101010108 0.06963351934200837 0.11804062626262626
v 0.04911214141414143 0.07127582341036323 -0.24533791919191916
v 0.04911214141414143 0.07439431818181821 -0.24312578545223526
v 0.04622283250379289 0.07439431818181821 -0.1107532727272727
v 0.04911214141414143 0.07439431818181821 -0.11875400145655052
v 0.04911214141414143 0.07325432127104453 -0.1107532727272727
v 0.04911214141414143 0.07439431818181821 -0.11057304278621756
v 0.04086353987207671 0.07439431818181821 0.050748303030303046
v 0.04911214141414143 0.07439431818181821 0.03773198164188266
v 0.04911214141414143 0.07081784713312858 0.050748303030303046
v 0.03859240446024069 0.07439431818181821 0.06420676767676771
v 0.04911214141414143 0.072098244107333 0.06420676767676771
v 0.04810054350125142 0.07439431818181821 0.07766523232323236
v 0.04911214141414143 0.07413611261348471 0.07766523232323236
v 0.04718066531738171 0.07439431818181821 0.0911236969696971
v 0.04911214141414143 0.07382901511878155 0.0911236969696971
v 0.03601839443725147 0.07439431818181821 0.10458216161616168
v 0.04911214141414143 0.07122233842040304 0.10458216161616168
v 0.06314418181818192 0.07439431818181821 -0.23355673332331592
v 0.058921742488430295 0.07439431818181821 -0.13767020202020194
v 0.06314418181818192 0.07439431818181821 -0.14937358874268838
v 0.06314418181818192 0.06992993546258915 -0.13767020202020194
v 0.052328877138064014 0.07439431818181821 -0.12421173737373728
v 0.05889937752558678 0.07439431818181821 -0.09729480808080804
v 0.06314418181818192 0.07439431818181821 -0.08472259087329373
v 0.061336727922759626 0.07439431818181821 0.023831373737373804
v 0.06314418181818192 0.07439431818181821 0.01969931777296853
v 0.06314418181818192 0.07274086442713915 0.023831373737373804
v 0.05285088322091079 0.07439431818181821 0.03728983838383847
v 0.06589541555513853 0.07439431818181821 -0.2318794545454545
v 0.0722573978209759 0.07439431818181821 -0.21842098989898984
v 0.07717622222222226 0.07040533134702247 -0.21842098989898984
v 0.0729863695666196 0.07439431818181821 -0.20496252525252523
v 0.07717622222222226 0.07005595427566647 -0.20496252525252523
v 0.07248721859673903 0.07439431818181821 -0.19150406060606057
v 0.07100465076000212 0.07439431818181821 -0.17804559595959593
v 0.06841256327260195 0.07439431818181821 -0.16458713131313127
v 0.06399047004418838 0.07439431818181821 -0.1511286666666666
v 0.06872635782896384 0.07439431818181821 -0.08383634343434337
v 0.07614322096349993 0.07439431818181821 -0.07037787878787874
v 0.07717622222222226 0.0735870797343323 -0.07037787878787874
v 0.07717622222222226 0.07439431818181821 -0.06316670908859846
v 0.07611915202540129 0.07439431818181821 -0.01654402020202017
v 0.07717622222222226 0.07439431818181821 -0.02591282871661337
v 0.07717622222222226 0.07303987022898581 -0.01654402020202017
v 0.07351249054286382 0.07439431818181821 -0.003085555555555508
v 0.07717622222222226 0.06969761865773104 -0.003085555555555508
v 0.06922509120878897 0.07439431818181821 0.010372909090909148
v 0.07854458015060689 0.07439431818181821 -0.056919414141414076
v 0.07852280717027885 0.07439431818181821 -0.043460949494949414
v 0.07766210777745876 0.07439431818181821 -0.03000248484848482
v -0.07717622222222219 0.07886730615796154 -0.2318794545454545
v -0.08473298712634286 0.07981656060606061 -0.21842098989898984
v -0.07717622222222219 0.07981656060606061 -0.22756235398611765
v -0.08204941516934261 0.07981656060606061 -0.20496252525252523
v -0.07717622222222219 0.07981656060606061 -0.19375036724396097
v -0.07717622222222219 0.07844760767617656 -0.19150406060606057
v -0.07717622222222219 0.07511108609725099 -0.07037787878787874
v -0.07717622222222219 0.07700433176042276 -0.056919414141414076
v -0.07717622222222219 0.07651002318486544 -0.043460949494949414
v -0.07717622222222219 0.07483619141565878 -0.03000248484848482
v -0.07497755658751926 0.07981656060606061 -0.2318794545454545
v -0.06314418181818177 0.07981656060606061 -0.2351043206710178
v -0.07595684300826527 0.07981656060606061 -0.19150406060606057
v -0.0706526377249644 0.07981656060606061 -0.17804559595959593
v -0.06401733779105752 0.07981656060606061 -0.16458713131313127
v -0.06314418181818177 0.07981656060606061 -0.16314893583800905
v -0.06314418181818177 0.07813875832349755 -0.08383634343434337
v -0.07029618275008086 0.07981656060606061 -0.07037787878787874
v -0.06314418181818177 0.07981656060606061 -0.0767014087058971
v -0.07360379993878316 0.07981656060606061 -0.056919414141414076
v -0.07365118618751938 0.07981656060606061 -0.043460949494949414
v -0.07244846024626973 0.07981656060606061 -0.03000248484848482
v -0.07075272643536948 0.07981656060606061 -0.01654402020202017
v -0.06793025714383694 0.07981656060606061 -0.003085555555555508
v -0.06314418181818177 0.07981656060606061 0.007049452052901197
v -0.06314418181818177 0.07865199274400195 0.010372909090909148
v -0.049112141414141344 0.07981656060606061 -0.23788215677804936
v -0.056891456692823174 0.07981656060606061 -0.1511286666666666
v -0.049112141414141344 0.07981656060606061 -0.13953039075555418
v -0.049112141414141344 0.0791721989820365 -0.13767020202020194
v -0.049112141414141344 0.07901988654250845 -0.09729480808080804
v -0.058843545853974784 0.07981656060606061 -0.08383634343434337
v -0.049112141414141344 0.07981656060606061 -0.08527847767467996
v -0.061934326945074836 0.07981656060606061 0.010372909090909148
v -0.05306699141960157 0.07981656060606061 0.023831373737373804
v -0.049112141414141344 0.07981656060606061 0.026430145763378682
v -0.049112141414141344 0.07551703881921634 0.03728983838383847
v -0.03508010101010093 0.07981656060606061 -0.23948591952810883
v -0.04837495332124672 0.07981656060606061 -0.13767020202020194
v -0.03939681009939215 0.07981656060606061 -0.12421173737373728
v -0.03508010101010093 0.07981656060606061 -0.12016908922358763
v -0.03508010101010093 0.07782864838196016 -0.1107532727272727
v -0.039678463362985326 0.07981656060606061 -0.09729480808080804
v -0.03508010101010093 0.07981656060606061 -0.10874630197683469
v -0.04109019762949141 0.07981656060606061 0.03728983838383847
v -0.03508010101010093 0.07981656060606061 0.040687925911460095
v -0.03508010101010093 0.07860005398291318 0.050748303030303046
v -0.03508010101010093 0.0786158121784364 0.06420676767676771
v -0.03617870312586781 0.07981656060606061 0.07766523232323236
v -0.03508010101010093 0.07981656060606061 0.07682715745972805
v -0.03508010101010093 0.07981656060606061 0.08344983023461608
v -0.03508010101010093 0.07867941554265005 0.0911236969696971
v -0.03508010101010093 0.07447315300439643 0.10458216161616168
v -0.021048060606060588 0.07981656060606061 -0.24305133438096668
v -0.02851764308933181 0.07981656060606061 -0.1107532727272727
v -0.03341146477807916 0.07981656060606061 0.050748303030303046
v -0.027251095287376757 0.07981656060606061 0.06420676767676771
v -0.021048060606060588 0.07981656060606061 0.08687217884488299
v -0.021048060606060588 0.07846512907634204 0.0911236969696971
v -0.010436381133814714 0.07981656060606061 -0.25879638383838377
v -0.00701602020202017 0.07981656060606061 -0.26044033852456594
v -0.013851629546543318 0.07981656060606061 -0.24533791919191916
v -0.01774117112518885 0.07981656060606061 0.07766523232323236
v -0.00701602020202017 0.07981656060606061 0.07148800512387846
v -0.00701602020202017 0.07810200854083264 0.07766523232323236
v 0.007016020202020247 0.07981656060606061 -0.26044101272115266
v 0.007016020202020247 0.07981656060606061 0.07074590177851202
v 0.007016020202020247 0.07805625356562006 0.07766523232323236
v 0.010419565073515505 0.07981656060606061 -0.25879638383838377
v 0.013353515522713008 0.07981656060606061 -0.24533791919191916
v 0.021048060606060744 0.07593735764172992 -0.24533791919191916
v 0.021048060606060744 0.07981656060606061 -0.24276541293480478
v 0.018081271961632693 0.07981656060606061 0.07766523232323236
v 0.021048060606060744 0.07981656060606061 0.08657711437309912
v 0.021048060606060744 0.07845995839179491 0.0911236969696971
v 0.03508010101010108 0.07981656060606061 -0.23817697228420653
v 0.033541754124507196 0.07981656060606061 -0.1107532727272727
v 0.03508010101010108 0.07981656060606061 -0.11418084363866114
v 0.03508010101010108 0.07914844907092393 -0.1107532727272727
v 0.03508010101010108 0.07981656060606061 -0.11000803623185366
v 0.02451607061588497 0.07981656060606061 0.050748303030303046
v 0.03508010101010108 0.07981656060606061 0.03830457184385097
v 0.03508010101010108 0.07721890963257623 0.050748303030303046
v 0.027900996836833253 0.07981656060606061 0.06420676767676771
v 0.03508010101010108 0.07870096194121425 0.06420676767676771
v 0.03508010101010108 0.07981656060606061 0.07618836102232718
v 0.03508010101010108 0.07981656060606061 0.08441314756277325
v 0.03508010101010108 0.07875459435165871 0.0911236969696971
v 0.03508010101010108 0.07462144592553563 0.10458216161616168
v 0.04911214141414143 0.07981656060606061 -0.2349211745119109
v 0.043923471074546146 0.07981656060606061 -0.12421173737373728
v 0.04911214141414143 0.07981656060606061 -0.13407017227746562
v 0.04911214141414143 0.07668777873137109 -0.12421173737373728
v 0.04070254844839026 0.07981656060606061 -0.09729480808080804
v 0.04911214141414143 0.07895963296817908 -0.09729480808080804
v 0.04911214141414143 0.07981656060606061 -0.08583071158603287
v 0.044412654123507936 0.07981656060606061 0.03728983838383847
v 0.04911214141414143 0.07981656060606061 0.0302878908044241
v 0.04911214141414143 0.0774414038682741 0.03728983838383847
v 0.03639953653564301 0.07981656060606061 0.07766523232323236
v 0.05403383728183781 0.07981656060606061 -0.2318794545454545
v 0.06314418181818192 0.07588409346448978 -0.2318794545454545
v 0.06314418181818192 0.07981656060606061 -0.2188317547118011
v 0.06255886960872065 0.07981656060606061 -0.16458713131313127
v 0.06314418181818192 0.07981656060606061 -0.1672703126739664
v 0.06314418181818192 0.07926082421410166 -0.16458713131313127
v 0.05797221738666021 0.07981656060606061 -0.1511286666666666
v 0.06314418181818192 0.07517442530011696 -0.1511286666666666
v 0.05171912075225246 0.07981656060606061 -0.13767020202020194
v 0.05876720409717843 0.07981656060606061 -0.08383634343434337
v 0.06314418181818192 0.07804764816932198 -0.08383634343434337
v 0.06314418181818192 0.07981656060606061 -0.07634706222636181
v 0.055536867665271425 0.07981656060606061 0.023831373737373804
v 0.06314418181818192 0.07981656060606061 0.010715622491988175
v 0.064013689728739 0.07981656060606061 -0.21842098989898984
v 0.06671950823220538 0.07981656060606061 -0.20496252525252523
v 0.06731255109166864 0.07981656060606061 -0.19150406060606057
v 0.06591985444245196 0.07981656060606061 -0.17804559595959593
v 0.06896404195091774 0.07981656060606061 -0.07037787878787874
v 0.07232739302940944 0.07981656060606061 -0.056919414141414076
v 0.07717622222222226 0.0757191350009933 -0.056919414141414076
v 0.07283065575972641 0.07981656060606061 -0.043460949494949414
v 0.07717622222222226 0.07579644327303946 -0.043460949494949414
v 0.07250757787509321 0.07981656060606061 -0.03000248484848482
v 0.07717622222222226 0.07493568465034554 -0.03000248484848482
v 0.07119702219344277 0.07981656060606061 -0.01654402020202017
v 0.06845635202303559 0.07981656060606061 -0.003085555555555508
v 0.06343819452922757 0.07981656060606061 0.010372909090909148
v -0.07726534433615627 0.08523880303030307 -0.21842098989898984
v -0.07717622222222219 0.08523880303030307 -0.21849417018595155
v -0.07717622222222219 0.08523880303030307 -0.21737818594104677
v -0.07717622222222219 0.0842069131752697 -0.20496252525252523
v -0.06314418181818177 0.08499002643764855 -0.2318794545454545
v -0.06314418181818177 0.08523880303030307 -0.23065305050487497
v -0.07563729965047981 0.08523880303030307 -0.20496252525252523
v -0.07004785188217547 0.08523880303030307 -0.19150406060606057
v -0.063548201740903 0.08523880303030307 -0.17804559595959593
v -0.06314418181818177 0.08523880303030307 -0.17734790894822905
v -0.06314418181818177 0.0804926398433924 -0.16458713131313127
v -0.06314418181818177 0.08383280555308413 -0.07037787878787874
v -0.06507845594979965 0.08523880303030307 -0.056919414141414076
v -0.06314418181818177 0.08523880303030307 -0.06122780590213521
v -0.06645676854984191 0.08523880303030307 -0.043460949494949414
v -0.06600806725196036 0.08523880303030307 -0.03000248484848482
v -0.06438953770774619 0.08523880303030307 -0.01654402020202017
v -0.06314418181818177 0.08523880303030307 -0.011236745629831721
v -0.06314418181818177 0.0838733082444633 -0.003085555555555508
v -0.06227814500911935 0.08523880303030307 -0.2318794545454545
v -0.049112141414141344 0.08523880303030307 -0.23469788516949794
v -0.0551758851812512 0.08523880303030307 -0.16458713131313127
v -0.049112141414141344 0.08523880303030307 -0.15636882854184259
v -0.049112141414141344 0.08390087248595793 -0.1511286666666666
v -0.049112141414141344 0.08394384326236491 -0.08383634343434337
v -0.05947753941539467 0.08523880303030307 -0.07037787878787874
v -0.049112141414141344 0.08523880303030307 -0.0778158043302796
v -0.06164322980243367 0.08523880303030307 -0.003085555555555508
v -0.0559598521219799 0.08523880303030307 0.010372909090909148
v -0.049112141414141344 0.08523880303030307 0.018474679927281266
v -0.049112141414141344 0.08278936592044808 0.023831373737373804
v -0.03508010101010093 0.08523880303030307 -0.23605644093946512
v -0.04220690491890052 0.08523880303030307 -0.1511286666666666
v -0.03508010101010093 0.08523880303030307 -0.14539510298419597
v -0.03508010101010093 0.08450107688391952 -0.13767020202020194
v -0.03508010101010093 0.08165688887720239 -0.12421173737373728
v -0.03508010101010093 0.08230022696558761 -0.09729480808080804
v -0.043621567600896055 0.08523880303030307 -0.08383634343434337
v -0.03508010101010093 0.08523880303030307 -0.08507730216398318
v -0.0458979079849498 0.08523880303030307 0.023831373737373804
v -0.03508010101010093 0.08523880303030307 0.03251477330940866
v -0.03508010101010093 0.08346279605440499 0.03728983838383847
v -0.03508010101010093 0.08042858040728729 0.07766523232323236
v -0.02970972651912451 0.08523880303030307 -0.2318794545454545
v -0.021048060606060588 0.08358584062650118 -0.2318794545454545
v -0.03362874253220374 0.08523880303030307 -0.21842098989898984
v -0.021048060606060588 0.083604579058507 -0.21842098989898984
v -0.034263148069281386 0.08523880303030307 -0.20496252525252523
v -0.021048060606060588 0.08289857085102255 -0.20496252525252523
v -0.034219007293228076 0.08523880303030307 -0.19150406060606057
v -0.021048060606060588 0.08238029008321907 -0.19150406060606057
v -0.03496679688981068 0.08523880303030307 -0.17804559595959593
v -0.021048060606060588 0.08327968506203326 -0.17804559595959593
v -0.03478911029060186 0.08523880303030307 -0.16458713131313127
v -0.021048060606060588 0.08290511855918267 -0.16458713131313127
v -0.03488078252499213 0.08523880303030307 -0.1511286666666666
v -0.021048060606060588 0.08284931057825999 -0.1511286666666666
v -0.021048060606060588 0.0832268216334384 -0.13767020202020194
v -0.021048060606060588 0.0834933318998914 -0.12421173737373728
v -0.021048060606060588 0.08237776369029885 -0.1107532727272727
v -0.021048060606060588 0.08328491619184615 -0.09729480808080804
v -0.021048060606060588 0.08523880303030307 -0.08714960081368495
v -0.028956639716816446 0.08523880303030307 0.03728983838383847
v -0.021048060606060588 0.08523880303030307 0.03791988553780395
v -0.021048060606060588 0.08323988950952128 0.050748303030303046
v -0.021048060606060588 0.08249845583977324 0.06420676767676771
v -0.021048060606060588 0.08227724955729364 0.07766523232323236
v -0.008072009243091609 0.08523880303030307 -0.25879638383838377
v -0.00701602020202017 0.08523880303030307 -0.2593264568857729
v -0.01109114996214072 0.08523880303030307 -0.24533791919191916
v -0.010940255846732177 0.08523880303030307 -0.2318794545454545
v -0.00789569367830593 0.08523880303030307 -0.21842098989898984
v -0.007190650606390988 0.08523880303030307 -0.20496252525252523
v -0.00701602020202017 0.08523880303030307 -0.2011837802425649
v -0.00701602020202017 0.08365537667184494 -0.19150406060606057
v -0.00701602020202017 0.0822197571319541 -0.17804559595959593
v -0.00701602020202017 0.08291960503983743 -0.16458713131313127
v -0.00701602020202017 0.0827362699425088 -0.1511286666666666
v -0.00701602020202017 0.08189599656696511 -0.13767020202020194
v -0.00701602020202017 0.08192113564819989 -0.12421173737373728
v -0.00701602020202017 0.08250274220535317 -0.1107532727272727
v -0.00701602020202017 0.08460578945334428 -0.09729480808080804
v -0.007966949206261432 0.08523880303030307 -0.08383634343434337
v -0.00701602020202017 0.0851773014025235 -0.08383634343434337
v -0.00701602020202017 0.08523880303030307 -0.0824762156672029
v -0.00701602020202017 0.08523880303030307 0.03951227351265929
v -0.00701602020202017 0.08238772348986283 0.050748303030303046
v -0.00701602020202017 0.08271527220348746 0.06420676767676771
v 0.007016020202020247 0.08523880303030307 -0.259040430242838
v 0.007016020202020247 0.08523880303030307 -0.20065346658055494
v 0.007016020202020247 0.08397090339162512 -0.19150406060606057
v 0.007016020202020247 0.0823206038979406 -0.17804559595959593
v 0.007016020202020247 0.08289680961912312 -0.16458713131313127
v 0.007016020202020247 0.08273093743434114 -0.1511286666666666
v 0.007016020202020247 0.08183125641673616 -0.13767020202020194
v 0.007016020202020247 0.08179282203282942 -0.12421173737373728
v 0.007016020202020247 0.0823243903665854 -0.1107532727272727
v 0.007016020202020247 0.08463992889822579 -0.09729480808080804
v 0.007016020202020247 0.08517498256999922 -0.08383634343434337
v 0.007016020202020247 0.08523880303030307 -0.08241318379701226
v 0.007016020202020247 0.08523880303030307 0.0457560257686654
v 0.007016020202020247 0.08368137347754367 0.050748303030303046
v 0.007016020202020247 0.08271529307831049 0.06420676767676771
v 0.007453177287172436 0.08523880303030307 -0.25879638383838377
v 0.009595081081000923 0.08523880303030307 -0.24533791919191916
v 0.021048060606060744 0.08523880303030307 -0.23612081274894037
v 0.008451142953600017 0.08523880303030307 -0.21842098989898984
v 0.021048060606060744 0.08523880303030307 -0.2293693679814371
v 0.021048060606060744 0.08371771804390735 -0.21842098989898984
v 0.007142845938463916 0.08523880303030307 -0.20496252525252523
v 0.021048060606060744 0.08286567531422835 -0.20496252525252523
v 0.021048060606060744 0.08245812498590861 -0.19150406060606057
v 0.021048060606060744 0.0832845589220716 -0.17804559595959593
v 0.021048060606060744 0.08290380052028597 -0.16458713131313127
v 0.021048060606060744 0.08285837116554695 -0.1511286666666666
v 0.021048060606060744 0.0832355129061463 -0.13767020202020194
v 0.021048060606060744 0.08360387856630283 -0.12421173737373728
v 0.021048060606060744 0.08362701820890095 -0.1107532727272727
v 0.021048060606060744 0.083630558704778 -0.09729480808080804
v 0.008028793219538616 0.08523880303030307 -0.08383634343434337
v 0.021048060606060744 0.08523880303030307 -0.08823203498476866
v 0.021048060606060744 0.08523880303030307 0.04076245981796016
v 0.021048060606060744 0.0832552014695286 0.050748303030303046
v 0.021048060606060744 0.08223738861972192 0.06420676767676771
v 0.021048060606060744 0.08216985477811016 0.07766523232323236
v 0.028196566369162495 0.08523880303030307 -0.2318794545454545
v 0.03508010101010108 0.08316572143256233 -0.2318794545454545
v 0.03430847359242987 0.08523880303030307 -0.21842098989898984
v 0.03508010101010108 0.08523880303030307 -0.2212284112964297
v 0.034610333134454954 0.08523880303030307 -0.20496252525252523
v 0.0341780294879164 0.08523880303030307 -0.19150406060606057
v 0.03497162265095589 0.08523880303030307 -0.17804559595959593
v 0.03480800035964142 0.08523880303030307 -0.16458713131313127
v 0.034804579543085974 0.08523880303030307 -0.1511286666666666
v 0.03508010101010108 0.08523880303030307 -0.1399701962838375
v 0.03508010101010108 0.08509794758559423 -0.13767020202020194
v 0.03508010101010108 0.0832520012818021 -0.12421173737373728
v 0.03508010101010108 0.08245039674666596 -0.09729480808080804
v 0.03508010101010108 0.08523880303030307 -0.08536215400758604
v 0.03284774496020286 0.08523880303030307 0.03728983838383847
v 0.03508010101010108 0.08523880303030307 0.03541754230121906
v 0.03508010101010108 0.08452016022754873 0.03728983838383847
v 0.03508010101010108 0.08064249620849274 0.07766523232323236
v 0.04911214141414143 0.08198500422952582 -0.2318794545454545
v 0.04911214141414143 0.08523880303030307 -0.21925546959905803
v 0.04481673214294945 0.08523880303030307 -0.1511286666666666
v 0.04911214141414143 0.08523880303030307 -0.15565631275305092
v 0.04911214141414143 0.08445187063365853 -0.1511286666666666
v 0.04911214141414143 0.08127392847259396 -0.13767020202020194
v 0.045157299324339026 0.08523880303030307 -0.08383634343434337
v 0.04911214141414143 0.08431942519479343 -0.08383634343434337
v 0.04911214141414143 0.08523880303030307 -0.07919324462033744
v 0.048839122352607726 0.08523880303030307 0.023831373737373804
v 0.04911214141414143 0.08523880303030307 0.023304924884159143
v 0.04911214141414143 0.08502823087308996 0.023831373737373804
v 0.05133700242885804 0.08523880303030307 -0.21842098989898984
v 0.06314418181818192 0.08035700830899156 -0.21842098989898984
v 0.05772637739143397 0.08523880303030307 -0.20496252525252523
v 0.06314418181818192 0.08235029409642425 -0.20496252525252523
v 0.05947128308862319 0.08523880303030307 -0.19150406060606057
v 0.06314418181818192 0.08309880518090432 -0.19150406060606057
v 0.05783264431065514 0.08523880303030307 -0.17804559595959593
v 0.06314418181818192 0.0819380420110025 -0.17804559595959593
v 0.05345423531059136 0.08523880303030307 -0.16458713131313127
v 0.05893233204466737 0.08523880303030307 -0.07037787878787874
v 0.06314418181818192 0.08353005168559337 -0.07037787878787874
v 0.06314418181818192 0.08523880303030307 -0.059306528680802356
v 0.06234674054707514 0.08523880303030307 -0.003085555555555508
v 0.06314418181818192 0.08523880303030307 -0.007817265081069426
v 0.06314418181818192 0.08449243456234304 -0.003085555555555508
v 0.05772000987282095 0.08523880303030307 0.010372909090909148
v 0.06314418181818192 0.08007215517274695 0.010372909090909148
v 0.06412611780575926 0.08523880303030307 -0.056919414141414076
v 0.06564888466365364 0.08523880303030307 -0.043460949494949414
v 0.06587986410073698 0.08523880303030307 -0.03000248484848482
v 0.06497110475007487 0.08523880303030307 -0.01654402020202017
v -0.07717622222222219 0.08530039402070237 -0.21842098989898984
v -0.06522246620424157 0.09066104545454548 -0.21842098989898984
v -0.06314418181818177 0.09066104545454548 -0.2195776538201045
v -0.06646064643612566 0.09066104545454548 -0.20496252525252523
v -0.06314418181818177 0.09066104545454548 -0.1975985160879461
v -0.06314418181818177 0.08915809693706372 -0.19150406060606057
v -0.06314418181818177 0.08548773408262607 -0.17804559595959593
v -0.06314418181818177 0.0863061046975923 -0.056919414141414076
v -0.06314418181818177 0.08722124181706428 -0.043460949494949414
v -0.06314418181818177 0.08718268531151403 -0.03000248484848482
v -0.06314418181818177 0.08615422106130832 -0.01654402020202017
v -0.049112141414141344 0.08920854501951622 -0.2318794545454545
v -0.049112141414141344 0.09066104545454548 -0.22518897502927246
v -0.056553629138435625 0.09066104545454548 -0.19150406060606057
v -0.049112141414141344 0.09066104545454548 -0.18526248895316824
v -0.049112141414141344 0.08946701208983585 -0.17804559595959593
v -0.049112141414141344 0.08727077684706525 -0.16458713131313127
v -0.049112141414141344 0.0890561738140082 -0.07037787878787874
v -0.051165322658624175 0.09066104545454548 -0.056919414141414076
v -0.049112141414141344 0.09066104545454548 -0.059839406952344805
v -0.05555673043462439 0.09066104545454548 -0.043460949494949414
v -0.05702733199177484 0.09066104545454548 -0.03000248484848482
v -0.05692079454175659 0.09066104545454548 -0.01654402020202017
v -0.05484699500360337 0.09066104545454548 -0.003085555555555508
v -0.049112141414141344 0.09066104545454548 0.009885522110688182
v -0.049112141414141344 0.09052503728854527 0.010372909090909148
v -0.03508010101010093 0.08938039658678067 -0.2318794545454545
v -0.037246894425605845 0.09066104545454548 -0.21842098989898984
v -0.03508010101010093 0.09033785840619903 -0.21842098989898984
v -0.04148862651670939 0.09066104545454548 -0.20496252525252523
v -0.03508010101010093 0.08935471665473863 -0.20496252525252523
v -0.04734353901931549 0.09066104545454548 -0.19150406060606057
v -0.03508010101010093 0.08767247072386303 -0.19150406060606057
v -0.03508010101010093 0.08639344319553491 -0.17804559595959593
v -0.03508010101010093 0.08652697707761546 -0.16458713131313127
v -0.03508010101010093 0.08588410198553416 -0.1511286666666666
v -0.03508010101010093 0.08791123081371077 -0.08383634343434337
v -0.037410500072888354 0.09066104545454548 -0.07037787878787874
v -0.03508010101010093 0.09066104545454548 -0.07119477118470091
v -0.04896475690454372 0.09066104545454548 0.010372909090909148
v -0.038627915881637546 0.09066104545454548 0.023831373737373804
v -0.03508010101010093 0.09066104545454548 0.02587284226988617
v -0.021048060606060588 0.088122255062107 -0.08383634343434337
v -0.03338536012200358 0.09066104545454548 -0.07037787878787874
v -0.021048060606060588 0.08938382638781218 -0.07037787878787874
v -0.021048060606060588 0.09066104545454548 -0.06222270553846824
v -0.021048060606060588 0.09066104545454548 0.033256701716179934
v -0.021048060606060588 0.08769765600378213 0.03728983838383847
v -0.0073317354966573114 0.09066104545454548 -0.25879638383838377
v -0.00701602020202017 0.09066104545454548 -0.2589600101546218
v -0.010473364437663953 0.09066104545454548 -0.24533791919191916
v -0.013021135744207319 0.09066104545454548 -0.2318794545454545
v -0.007981566245307653 0.09066104545454548 -0.21842098989898984
v -0.00701602020202017 0.09066104545454548 -0.21425510194806607
v -0.00701602020202017 0.08661246364151316 -0.20496252525252523
v -0.00701602020202017 0.0857461903086337 -0.07037787878787874
v -0.019739909274939973 0.09066104545454548 -0.056919414141414076
v -0.00701602020202017 0.08932108428288132 -0.056919414141414076
v -0.00701602020202017 0.09066104545454548 -0.053618038836970826
v -0.00701602020202017 0.09066104545454548 0.03262371726584538
v -0.00701602020202017 0.08736618372238408 0.03728983838383847
v -0.002886272056275306 0.09066104545454548 -0.25879638383838377
v 0.007016020202020247 0.08730838193148585 -0.25879638383838377
v 0.007016020202020247 0.09066104545454548 -0.2568650444591763
v 0.007016020202020247 0.09066104545454548 -0.21044149049028915
v 0.007016020202020247 0.08654938911706113 -0.20496252525252523
v 0.007016020202020247 0.08573882499188262 -0.07037787878787874
v 0.007016020202020247 0.08932010505725622 -0.056919414141414076
v 0.007016020202020247 0.09066104545454548 -0.05361655896403213
v 0.007016020202020247 0.09066104545454548 0.032913169283409024
v 0.007016020202020247 0.08755971854424441 0.03728983838383847
v 0.00853994635011781 0.09066104545454548 -0.24533791919191916
v 0.021048060606060744 0.09066104545454548 -0.23700309884485396
v 0.010685862653680774 0.09066104545454548 -0.21842098989898984
v 0.021048060606060744 0.09066104545454548 -0.22307346348279838
v 0.021048060606060744 0.08817921704286547 -0.08383634343434337
v 0.021048060606060744 0.08935722230008164 -0.07037787878787874
v 0.01976811291102632 0.09066104545454548 -0.056919414141414076
v 0.021048060606060744 0.09066104545454548 -0.06214680093729979
v 0.021048060606060744 0.09066104545454548 0.035498638796344364
v 0.021048060606060744 0.08932603680061353 0.03728983838383847
v 0.029088071473665603 0.09066104545454548 -0.2318794545454545
v 0.03508010101010108 0.08817218166195039 -0.21842098989898984
v 0.03508010101010108 0.08808924905856942 -0.20496252525252523
v 0.03508010101010108 0.08736642305392595 -0.19150406060606057
v 0.03508010101010108 0.08635654161995818 -0.17804559595959593
v 0.03508010101010108 0.08650749226061293 -0.16458713131313127
v 0.03508010101010108 0.08608327317266413 -0.1511286666666666
v 0.03508010101010108 0.088208595148067 -0.08383634343434337
v 0.03351415656671855 0.09066104545454548 -0.07037787878787874
v 0.03508010101010108 0.09066104545454548 -0.07129809540204712
v 0.03508010101010108 0.09066104545454548 0.028117682639800246
v 0.04911214141414143 0.08612688521347549 -0.21842098989898984
v 0.04911214141414143 0.08877458993570894 -0.20496252525252523
v 0.04911214141414143 0.0891162582255802 -0.19150406060606057
v 0.04911214141414143 0.0883672018492819 -0.17804559595959593
v 0.04911214141414143 0.08679381670904039 -0.16458713131313127
v 0.03734283747450524 0.09066104545454548 -0.07037787878787874
v 0.04911214141414143 0.08904901937942745 -0.07037787878787874
v 0.04911214141414143 0.09066104545454548 -0.059516732085085365
v 0.041814115703300805 0.09066104545454548 0.023831373737373804
v 0.04911214141414143 0.09066104545454548 0.012652408819633212
v 0.050726120999975866 0.09066104545454548 -0.056919414141414076
v 0.06314418181818192 0.08581454309061064 -0.056919414141414076
v 0.05486795970517619 0.09066104545454548 -0.043460949494949414
v 0.06314418181818192 0.08681711944777273 -0.043460949494949414
v 0.05720959683627873 0.09066104545454548 -0.03000248484848482
v 0.06314418181818192 0.0871521067746836 -0.03000248484848482
v 0.05743839971632732 0.09066104545454548 -0.01654402020202017
v 0.06314418181818192 0.08657839920963754 -0.01654402020202017
v 0.05578546812054949 0.09066104545454548 -0.003085555555555508
v 0.051007273640649775 0.09066104545454548 0.010372909090909148
v -0.06314418181818177 0.09146717643417532 -0.21842098989898984
v -0.06314418181818177 0.0921683929687014 -0.20496252525252523
v -0.049112141414141344 0.09397727792064772 -0.21842098989898984
v -0.049112141414141344 0.09408196517324859 -0.20496252525252523
v -0.049112141414141344 0.09193678688138356 -0.19150406060606057
v -0.049112141414141344 0.09129605428686809 -0.056919414141414076
v -0.049112141414141344 0.09291532917264225 -0.043460949494949414
v -0.049112141414141344 0.09402220221460521 -0.03000248484848482
v -0.049112141414141344 0.09473703533550618 -0.01654402020202017
v -0.049112141414141344 0.09422657886638605 -0.003085555555555508
v -0.03508010101010093 0.09096826848215553 -0.07037787878787874
v -0.03508010101010093 0.09289823304013091 -0.056919414141414076
v -0.03508010101010093 0.09501954508364356 -0.043460949494949414
v -0.042364717618273984 0.09608328787878792 -0.03000248484848482
v -0.03508010101010093 0.09608328787878792 -0.03756800438026526
v -0.04643785333802904 0.09608328787878792 -0.01654402020202017
v -0.04652842103881521 0.09608328787878792 -0.003085555555555508
v -0.04228430073375515 0.09608328787878792 0.010372909090909148
v -0.03508010101010093 0.09608328787878792 0.018071722543410156
v -0.03508010101010093 0.09300484869997383 0.023831373737373804
v -0.021048060606060588 0.09149423653145274 -0.056919414141414076
v -0.021048060606060588 0.09458105822501786 -0.043460949494949414
v -0.021048060606060588 0.09608328787878792 -0.037846658415383094
v -0.03166752679133196 0.09608328787878792 0.023831373737373804
v -0.021048060606060588 0.09608328787878792 0.02875444915633514
v -0.00701602020202017 0.09155421165633665 -0.25879638383838377
v -0.010190213732393413 0.09608328787878792 -0.24533791919191916
v -0.00701602020202017 0.09608328787878792 -0.2552895616438491
v -0.01669979949934048 0.09608328787878792 -0.2318794545454545
v -0.009025359196208194 0.09608328787878792 -0.21842098989898984
v -0.00701602020202017 0.09608328787878792 -0.21457960671787246
v -0.00701602020202017 0.09333592665081888 -0.043460949494949414
v -0.00701602020202017 0.09608328787878792 -0.03577596216469731
v -0.00701602020202017 0.09608328787878792 0.030587066133288297
v 0.007016020202020247 0.09608328787878792 -0.25226454909390494
v 0.007016020202020247 0.09608328787878792 -0.21101570142667633
v 0.007016020202020247 0.09333589173110032 -0.043460949494949414
v 0.007016020202020247 0.09608328787878792 -0.035781921960095255
v 0.007016020202020247 0.09608328787878792 0.030772426548114212
v 0.008173181186143946 0.09608328787878792 -0.24533791919191916
v 0.021048060606060744 0.09608328787878792 -0.23655728461385106
v 0.014397128146899939 0.09608328787878792 -0.21842098989898984
v 0.021048060606060744 0.09608328787878792 -0.2206387832489623
v 0.021048060606060744 0.0914812499628374 -0.056919414141414076
v 0.021048060606060744 0.09458446088308133 -0.043460949494949414
v 0.021048060606060744 0.09608328787878792 -0.037941245661141
v 0.021048060606060744 0.09608328787878792 0.030227392768738575
v 0.02860071281031738 0.09608328787878792 -0.2318794545454545
v 0.03508010101010108 0.09095332186336073 -0.07037787878787874
v 0.03508010101010108 0.09288229431726264 -0.056919414141414076
v 0.03508010101010108 0.09502506070191825 -0.043460949494949414
v 0.03508010101010108 0.09608328787878792 -0.03772403894534125
v 0.03390841264413332 0.09608328787878792 0.023831373737373804
v 0.03508010101010108 0.09608328787878792 0.021657303067408665
v 0.03508010101010108 0.09504612131568729 0.023831373737373804
v 0.04911214141414143 0.09119194316514749 -0.056919414141414076
v 0.04911214141414143 0.09273124479642475 -0.043460949494949414
v 0.04269589976139436 0.09608328787878792 -0.03000248484848482
v 0.04911214141414143 0.09413775359794735 -0.03000248484848482
v 0.04718260423056893 0.09608328787878792 -0.01654402020202017
v 0.04911214141414143 0.095110403771028 -0.01654402020202017
v 0.04753065183597655 0.09608328787878792 -0.003085555555555508
v 0.04911214141414143 0.09491450499098672 -0.003085555555555508
v 0.04417174134422005 0.09608328787878792 0.010372909090909148
v 0.04911214141414143 0.09201028286305901 0.010372909090909148
v -0.03508010101010093 0.09752212621089794 -0.03000248484848482
v -0.03508010101010093 0.0998960998673245 -0.01654402020202017
v -0.03508010101010093 0.10150270808134076 -0.003085555555555508
v -0.03508010101010093 0.10019677722830546 0.010372909090909148
v -0.023394125557380883 0.10150553030303033 -0.2318794545454545
v -0.021048060606060588 0.10150553030303033 -0.23334800096291777
v -0.021048060606060588 0.09931251397749448 -0.2318794545454545
v -0.021048060606060588 0.10150553030303033 -0.22705567146579653
v -0.021048060606060588 0.09820925629211437 -0.03000248484848482
v -0.02692999908215627 0.10150553030303033 -0.01654402020202017
v -0.021048060606060588 0.10150553030303033 -0.01814426012794847
v -0.035075778696664575 0.10150553030303033 -0.003085555555555508
v -0.033863572984690594 0.10150553030303033 0.010372909090909148
v -0.024046119289461813 0.10150553030303033 0.023831373737373804
v -0.021048060606060588 0.10150553030303033 0.025024573247373387
v -0.00979131217477207 0.10150553030303033 -0.24533791919191916
v -0.00701602020202017 0.10150553030303033 -0.2548915172876354
v -0.01275493123395437 0.10150553030303033 -0.21842098989898984
v -0.00701602020202017 0.10150553030303033 -0.21170834200333807
v -0.00701602020202017 0.09794786931785752 -0.03000248484848482
v -0.00701602020202017 0.10150553030303033 -0.01727855966801331
v -0.00701602020202017 0.10150553030303033 0.030287622517345174
v 0.007016020202020247 0.10150553030303033 -0.25093567612574774
v 0.007016020202020247 0.10150553030303033 -0.20919113681695403
v 0.007016020202020247 0.0979507816860512 -0.03000248484848482
v 0.007016020202020247 0.10150553030303033 -0.017290293872461202
v 0.007016020202020247 0.10150553030303033 0.03043763596630631
v 0.007945495690958709 0.10150553030303033 -0.24533791919191916
v 0.021048060606060744 0.10150553030303033 -0.23678832500579047
v 0.02079210858846809 0.10150553030303033 -0.21842098989898984
v 0.021048060606060744 0.10150553030303033 -0.21848436115359476
v 0.021048060606060744 0.09826488534828705 -0.03000248484848482
v 0.021048060606060744 0.10150553030303033 -0.018470494827325344
v 0.021048060606060744 0.10150553030303033 0.02599229455624702
v 0.029101252247950214 0.10150553030303033 -0.2318794545454545
v 0.03508010101010108 0.09757282097364466 -0.03000248484848482
v 0.028296868681913268 0.10150553030303033 -0.01654402020202017
v 0.03508010101010108 0.10018715967477831 -0.01654402020202017
v 0.03508010101010108 0.10150553030303033 -0.006964269935760742
v 0.034881615149861954 0.10150553030303033 0.010372909090909148
v 0.03508010101010108 0.10150553030303033 0.006949922273741618
v 0.03508010101010108 0.10129750098887562 0.010372909090909148
v 0.02637854900320812 0.10150553030303033 0.023831373737373804
v 0.03667829129681697 0.10150553030303033 -0.003085555555555508
v -0.023333340207435882 0.10692777272727279 -0.2318794545454545
v -0.021048060606060588 0.10692777272727279 -0.23325147917118308
v -0.021048060606060588 0.10692777272727279 -0.2237886766246594
v -0.021048060606060588 0.1020138886070077 -0.01654402020202017
v -0.021048060606060588 0.10552298439466991 -0.003085555555555508
v -0.024372392373849146 0.10692777272727279 0.010372909090909148
v -0.021048060606060588 0.10692777272727279 0.005342397492384465
v -0.021048060606060588 0.10692777272727279 0.013928097853436874
v -0.021048060606060588 0.10296210070263197 0.023831373737373804
v -0.009693224819802075 0.10692777272727279 -0.24533791919191916
v -0.00701602020202017 0.10692777272727279 -0.25186540376774424
v -0.017396492773870485 0.10692777272727279 -0.21842098989898984
v -0.00701602020202017 0.10692777272727279 -0.20817234758496442
v -0.010553820146147854 0.10692777272727279 -0.1511286666666666
v -0.00701602020202017 0.10692777272727279 -0.15995686737048392
v -0.00701602020202017 0.1034701612439368 -0.1511286666666666
v -0.00701602020202017 0.10692777272727279 -0.14948509383007091
v -0.00701602020202017 0.10189658594661354 -0.01654402020202017
v -0.00701602020202017 0.10593913781166735 -0.003085555555555508
v -0.00701602020202017 0.10692777272727279 -0.00045225634013850054
v -0.018695024105125215 0.10692777272727279 0.023831373737373804
v -0.00701602020202017 0.10692777272727279 0.028313010777852983
v 0.007016020202020247 0.10692777272727279 -0.2486239450484337
v 0.007016020202020247 0.10692777272727279 -0.20643178851788763
v 0.007016020202020247 0.10692777272727279 -0.15984838289790682
v 0.007016020202020247 0.10368023560495913 -0.1511286666666666
v 0.007016020202020247 0.10692777272727279 -0.14956889114585925
v 0.007016020202020247 0.10190282305793572 -0.01654402020202017
v 0.007016020202020247 0.10596687413163829 -0.003085555555555508
v 0.007016020202020247 0.10692777272727279 -0.0005165058050653898
v 0.007016020202020247 0.10692777272727279 0.028444777487535683
v 0.007885523201502756 0.10692777272727279 -0.24533791919191916
v 0.021048060606060744 0.10692777272727279 -0.23627758713012859
v 0.021048060606060744 0.10177176591283657 -0.21842098989898984
v 0.021048060606060744 0.10692777272727279 -0.2142866557964275
v 0.010360338261095538 0.10692777272727279 -0.1511286666666666
v 0.021048060606060744 0.10212297043470797 -0.01654402020202017
v 0.021048060606060744 0.10574038256878783 -0.003085555555555508
v 0.021048060606060744 0.10692777272727279 0.003890618091714906
v 0.019190556816907692 0.10692777272727279 0.023831373737373804
v 0.021048060606060744 0.10692777272727279 0.015489375999302784
v 0.021048060606060744 0.10390855393296752 0.023831373737373804
v 0.028689902655139973 0.10692777272727279 -0.2318794545454545
v 0.02422083808634252 0.10692777272727279 -0.21842098989898984
v 0.03508010101010108 0.10204381726314184 -0.003085555555555508
v 0.02562322861516367 0.10692777272727279 0.010372909090909148
v -0.024261602501011705 0.11235001515151519 -0.2318794545454545
v -0.021048060606060588 0.11235001515151519 -0.2335746898843701
v -0.021048060606060588 0.11235001515151519 -0.21917613483858353
v -0.021048060606060588 0.1078309964712452 0.010372909090909148
v -0.009525886846871667 0.11235001515151519 -0.24533791919191916
v -0.00701602020202017 0.11235001515151519 -0.25113272961730027
v -0.020549014242560868 0.11235001515151519 -0.21842098989898984
v -0.00701602020202017 0.11235001515151519 -0.20502448945677965
v -0.01024595358699164 0.11235001515151519 -0.16458713131313127
v -0.00701602020202017 0.11235001515151519 -0.16992779022663457
v -0.00701602020202017 0.10952346841831871 -0.16458713131313127
v -0.013102979017339401 0.11235001515151519 -0.1511286666666666
v -0.00701602020202017 0.11235001515151519 -0.14835595033171933
v -0.00701602020202017 0.11020425002337919 0.010372909090909148
v -0.00701602020202017 0.11024727919928397 0.023831373737373804
v 0.007016020202020247 0.11235001515151519 -0.2481289874417707
v -0.006432095460243394 0.11235001515151519 -0.20496252525252523
v 0.007016020202020247 0.10981472391373383 -0.20496252525252523
v 0.007016020202020247 0.11235001515151519 -0.20230524869359756
v 0.007016020202020247 0.11235001515151519 -0.1704583946026214
v 0.007016020202020247 0.10940904802100647 -0.16458713131313127
v 0.007016020202020247 0.11235001515151519 -0.1483946457794269
v 0.007016020202020247 0.11021582083659945 0.010372909090909148
v 0.007016020202020247 0.11030463223147384 0.023831373737373804
v 0.007879430924640971 0.11235001515151519 -0.24533791919191916
v 0.021048060606060744 0.11235001515151519 -0.2364263591938109
v 0.010181862923959836 0.11235001515151519 -0.20496252525252523
v 0.021048060606060744 0.11235001515151519 -0.21086217956418332
v 0.010456682351622521 0.11235001515151519 -0.16458713131313127
v 0.012998447470362202 0.11235001515151519 -0.1511286666666666
v 0.021048060606060744 0.10812794893810543 0.010372909090909148
v 0.0293434851539172 0.11235001515151519 -0.2318794545454545
v 0.025769590569517366 0.11235001515151519 -0.21842098989898984
v -0.022156295551678994 0.11777225757575759 -0.2318794545454545
v -0.021048060606060588 0.11777225757575759 -0.23241362385208453
v -0.02247568503950982 0.11777225757575759 -0.21842098989898984
v -0.021048060606060588 0.113660059195713 -0.21842098989898984
v -0.021048060606060588 0.11777225757575759 -0.21493611221645378
v -0.009648069589159754 0.11777225757575759 -0.24533791919191916
v -0.00701602020202017 0.11777225757575759 -0.25052325062650915
v -0.012694415147944957 0.11777225757575759 -0.20496252525252523
v -0.00701602020202017 0.1124591465804182 -0.20496252525252523
v -0.00701602020202017 0.11777225757575759 -0.19715058142011355
v -0.013811154547396228 0.11777225757575759 -0.16458713131313127
v -0.00701602020202017 0.11777225757575759 -0.1768604889552822
v -0.008377691914939896 0.11777225757575759 -0.1511286666666666
v -0.00701602020202017 0.11777225757575759 -0.15065193364120083
v 0.007016020202020247 0.11777225757575759 -0.24787192879555034
v 0.007016020202020247 0.11777225757575759 -0.19539770663534398
v 0.007016020202020247 0.11777225757575759 -0.17710803109767895
v 0.007016020202020247 0.11777225757575759 -0.15072427305558583
v 0.007987835936195758 0.11777225757575759 -0.24533791919191916
v 0.021048060606060744 0.11777225757575759 -0.23578224294320504
v 0.01592179248205601 0.11777225757575759 -0.20496252525252523
v 0.021048060606060744 0.11777225757575759 -0.20811461632557376
v 0.01401979327757327 0.11777225757575759 -0.16458713131313127
v 0.008172292089381706 0.11777225757575759 -0.1511286666666666
v 0.02865361546152992 0.11777225757575759 -0.2318794545454545
v 0.026644819877037658 0.11777225757575759 -0.21842098989898984
v -0.021048060606060588 0.12060078774225962 -0.2318794545454545
v -0.023395020794071526 0.12319450000000005 -0.21842098989898984
v -0.021048060606060588 0.12319450000000005 -0.225768046808974
v -0.021048060606060588 0.12319450000000005 -0.21143659842613852
v -0.009704415109243244 0.12319450000000005 -0.24533791919191916
v -0.00701602020202017 0.12319450000000005 -0.2501767198261562
v -0.02040434023675029 0.12319450000000005 -0.2318794545454545
v -0.016892110847703923 0.12319450000000005 -0.20496252525252523
v -0.010616111419574779 0.12319450000000005 -0.19150406060606057
v -0.00701602020202017 0.12066934743938193 -0.19150406060606057
v -0.01209562703327369 0.12319450000000005 -0.17804559595959593
v -0.00701602020202017 0.11891486256042988 -0.17804559595959593
v -0.015509176447363339 0.12319450000000005 -0.16458713131313127
v -0.00701602020202017 0.12319450000000005 -0.16010518046730687
v -0.00701602020202017 0.11810982805812452 -0.1511286666666666
v 0.007016020202020247 0.12319450000000005 -0.24758514139982918
v 0.007016020202020247 0.12014925449877539 -0.19150406060606057
v 0.007016020202020247 0.11866793366068677 -0.17804559595959593
v 0.007016020202020247 0.12319450000000005 -0.16007245719124757
v 0.007016020202020247 0.11806113750419868 -0.1511286666666666
v 0.00801805700586157 0.12319450000000005 -0.24533791919191916
v 0.021048060606060744 0.12319450000000005 -0.23535804359096635
v 0.019692814298608537 0.12319450000000005 -0.20496252525252523
v 0.021048060606060744 0.12319450000000005 -0.20600689464707364
v 0.011309667265680948 0.12319450000000005 -0.19150406060606057
v 0.012565145711780462 0.12319450000000005 -0.17804559595959593
v 0.015616187134086782 0.12319450000000005 -0.16458713131313127
v 0.028122420263316305 0.12319450000000005 -0.2318794545454545
v 0.026912896811883885 0.12319450000000005 -0.21842098989898984
v -0.02371293429649899 0.12861674242424245 -0.21842098989898984
v -0.021048060606060588 0.12861674242424245 -0.2228676196716407
v -0.021048060606060588 0.12861674242424245 -0.20784873805537513
v -0.009793092537058772 0.12861674242424245 -0.24533791919191916
v -0.00701602020202017 0.12861674242424245 -0.2498296925226445
v -0.019312725437637585 0.12861674242424245 -0.2318794545454545
v -0.01972541370370285 0.12861674242424245 -0.20496252525252523
v -0.01604832521368509 0.12861674242424245 -0.19150406060606057
v -0.016158362096875302 0.12861674242424245 -0.17804559595959593
v -0.015590981074487316 0.12861674242424245 -0.16458713131313127
v -0.00701602020202017 0.12861674242424245 -0.16145014952169098
v 0.007016020202020247 0.12861674242424245 -0.24756268098782594
v 0.007016020202020247 0.12861674242424245 -0.16141312237854766
v 0.008163387033774385 0.12861674242424245 -0.24533791919191916
v 0.021048060606060744 0.12861674242424245 -0.23470891013947365
v 0.021048060606060744 0.12649724377476146 -0.20496252525252523
v 0.016564137091592424 0.12861674242424245 -0.19150406060606057
v 0.021048060606060744 0.12861674242424245 -0.20310138160213406
v 0.01621261131329109 0.12861674242424245 -0.17804559595959593
v 0.015656930262273248 0.12861674242424245 -0.16458713131313127
v 0.027056099743195876 0.12861674242424245 -0.2318794545454545
v 0.026893518794371758 0.12861674242424245 -0.21842098989898984
v 0.021670939974390194 0.12861674242424245 -0.20496252525252523
v -0.023598802733638666 0.13403898484848492 -0.21842098989898984
v -0.021048060606060588 0.13403898484848492 -0.2215625317001481
v -0.021048060606060588 0.13403898484848492 -0.20540003559205558
v -0.009986687759981941 0.13403898484848492 -0.24533791919191916
v -0.00701602020202017 0.13403898484848492 -0.24970788068430017
v -0.018705688088607706 0.13403898484848492 -0.2318794545454545
v -0.020912165318784637 0.13403898484848492 -0.20496252525252523
v -0.018816864605435024 0.13403898484848492 -0.19150406060606057
v -0.017999472404478842 0.13403898484848492 -0.17804559595959593
v -0.01466444358488956 0.13403898484848492 -0.16458713131313127
v -0.00701602020202017 0.13403898484848492 -0.16164128942902994
v 0.007016020202020247 0.13403898484848492 -0.24786192703779958
v 0.007016020202020247 0.13403898484848492 -0.16164640722929935
v 0.008630645146522916 0.13403898484848492 -0.24533791919191916
v 0.021048060606060744 0.13403898484848492 -0.2339435869820938
v 0.019069486716348612 0.13403898484848492 -0.19150406060606057
v 0.021048060606060744 0.13403898484848492 -0.199549329648738
v 0.01806960175820465 0.13403898484848492 -0.17804559595959593
v 0.014664094165752553 0.13403898484848492 -0.16458713131313127
v 0.02552683559072772 0.13403898484848492 -0.2318794545454545
v 0.026473746073720095 0.13403898484848492 -0.21842098989898984
v 0.022508659024053305 0.13403898484848492 -0.20496252525252523
v -0.023206375298201118 0.1394612272727273 -0.21842098989898984
v -0.021048060606060588 0.1394612272727273 -0.22074761374721813
v -0.02131806595046518 0.1394612272727273 -0.20496252525252523
v -0.021048060606060588 0.13580441198357765 -0.20496252525252523
v -0.021048060606060588 0.1394612272727273 -0.20310369325337463
v -0.00988689725551181 0.1394612272727273 -0.24533791919191916
v -0.00701602020202017 0.1394612272727273 -0.24958271067897664
v -0.018339249136002045 0.1394612272727273 -0.2318794545454545
v -0.019931749954369193 0.1394612272727273 -0.19150406060606057
v -0.01875434945947145 0.1394612272727273 -0.17804559595959593
v -0.009366699388429822 0.1394612272727273 -0.16458713131313127
v -0.00701602020202017 0.1394612272727273 -0.16380182793084375
v 0.007016020202020247 0.1394612272727273 -0.2478971485140186
v 0.007016020202020247 0.1394612272727273 -0.1638083925613271
v 0.008666379652893155 0.1394612272727273 -0.24533791919191916
v 0.021048060606060744 0.1394612272727273 -0.23305872168405367
v 0.020131315463225843 0.1394612272727273 -0.19150406060606057
v 0.021048060606060744 0.1394612272727273 -0.19779255252143582
v 0.01878043843131954 0.1394612272727273 -0.17804559595959593
v 0.009343090762060382 0.1394612272727273 -0.16458713131313127
v 0.02379467814368981 0.1394612272727273 -0.2318794545454545
v 0.025721462851208896 0.1394612272727273 -0.21842098989898984
v 0.02253100303548115 0.1394612272727273 -0.20496252525252523
v -0.021935428775755383 0.14488346969696975 -0.21842098989898984
v -0.021048060606060588 0.14488346969696975 -0.21923487257803653
v -0.021048060606060588 0.14488346969696975 -0.20770861176620836
v -0.021048060606060588 0.14189697524314557 -0.20496252525252523
v -0.00949924615089979 0.14488346969696975 -0.24533791919191916
v -0.00701602020202017 0.14488346969696975 -0.24878102564750917
v -0.017749485653706144 0.14488346969696975 -0.2318794545454545
v -0.020820115198788666 0.14488346969696975 -0.20496252525252523
v -0.01997835387199464 0.14488346969696975 -0.19150406060606057
v -0.01883273234751322 0.14488346969696975 -0.17804559595959593
v -0.00701602020202017 0.14488346969696975 -0.17035921625624623
v -0.00701602020202017 0.1400249521247061 -0.16458713131313127
v 0.007016020202020247 0.14488346969696975 -0.2474603913706972
v 0.007016020202020247 0.14488346969696975 -0.1703603859356144
v 0.007016020202020247 0.14002132858458938 -0.16458713131313127
v 0.008418585236616465 0.14488346969696975 -0.24533791919191916
v 0.020081307527190513 0.14488346969696975 -0.2318794545454545
v 0.021048060606060744 0.14275251449617 -0.2318794545454545
v 0.021048060606060744 0.14488346969696975 -0.22517018260773766
v 0.020089309029585146 0.14488346969696975 -0.19150406060606057
v 0.021048060606060744 0.14488346969696975 -0.20146912385705915
v 0.018806625713635505 0.14488346969696975 -0.17804559595959593
v 0.02415932492210428 0.14488346969696975 -0.21842098989898984
v 0.021699842774827487 0.14488346969696975 -0.20496252525252523
v -0.021048060606060588 0.14695641465841072 -0.21842098989898984
v -0.008106593357494326 0.15030571212121216 -0.24533791919191916
v -0.00701602020202017 0.15030571212121216 -0.24689921321208422
v -0.016519646081617906 0.15030571212121216 -0.2318794545454545
v -0.020049700391125306 0.15030571212121216 -0.21842098989898984
v -0.019840211615753257 0.15030571212121216 -0.20496252525252523
v -0.019371138841924384 0.15030571212121216 -0.19150406060606057
v -0.01757969180445903 0.15030571212121216 -0.17804559595959593
v -0.00701602020202017 0.15030571212121216 -0.17300802954187566
v 0.007016020202020247 0.15030571212121216 -0.24575499281413923
v 0.007016020202020247 0.15030571212121216 -0.17302179582512728
v 0.007277130531087969 0.15030571212121216 -0.24533791919191916
v 0.017874195430852828 0.15030571212121216 -0.2318794545454545
v 0.021048060606060744 0.15030571212121216 -0.21896706113795458
v 0.020316853424150107 0.15030571212121216 -0.20496252525252523
v 0.021048060606060744 0.15030571212121216 -0.21332361649687887
v 0.021048060606060744 0.1467416403429049 -0.20496252525252523
v 0.01946869587828206 0.15030571212121216 -0.19150406060606057
v 0.017547940899502526 0.15030571212121216 -0.17804559595959593
v 0.02161557925518929 0.15030571212121216 -0.21842098989898984
v -0.00701602020202017 0.15230563648324527 -0.24533791919191916
v -0.015482470451397107 0.15572795454545457 -0.2318794545454545
v -0.00701602020202017 0.15572795454545457 -0.2428106897818843
v -0.018271431084629274 0.15572795454545457 -0.21842098989898984
v -0.01854355252397445 0.15572795454545457 -0.20496252525252523
v -0.01836056193866942 0.15572795454545457 -0.19150406060606057
v -0.00701602020202017 0.15572795454545457 -0.18014668589481517
v -0.00701602020202017 0.15489219341049715 -0.17804559595959593
v 0.007016020202020247 0.1508571144862099 -0.24533791919191916
v 0.007016020202020247 0.15572795454545457 -0.2429492760127214
v 0.007016020202020247 0.15572795454545457 -0.18017424928948683
v 0.007016020202020247 0.15487445306840483 -0.17804559595959593
v 0.016766220148938527 0.15572795454545457 -0.2318794545454545
v 0.018999936846043265 0.15572795454545457 -0.21842098989898984
v 0.021048060606060744 0.15109348769718361 -0.21842098989898984
v 0.018861847784096775 0.15572795454545457 -0.20496252525252523
v 0.018442055428495665 0.15572795454545457 -0.19150406060606057
v -0.012448286142524717 0.161150196969697 -0.2318794545454545
v -0.00701602020202017 0.161150196969697 -0.23727030942709995
v -0.016169342444056017 0.161150196969697 -0.21842098989898984
v -0.01651354787099087 0.161150196969697 -0.20496252525252523
v -0.010885989312326691 0.161150196969697 -0.19150406060606057
v -0.00701602020202017 0.161150196969697 -0.1902791857111501
v 0.007016020202020247 0.161150196969697 -0.2400757160678891
v 0.007016020202020247 0.161150196969697 -0.1902497409621277
v 0.01600782777024281 0.161150196969697 -0.2318794545454545
v 0.016472808367528347 0.161150196969697 -0.21842098989898984
v 0.016731907613072736 0.161150196969697 -0.20496252525252523
v 0.011005331817407465 0.161150196969697 -0.19150406060606057
v -0.00701602020202017 0.16540865424722279 -0.2318794545454545
v -0.00701602020202017 0.16547679771957308 -0.21842098989898984
v -0.00701602020202017 0.16478350880754555 -0.20496252525252523
v -0.00701602020202017 0.1617309892629621 -0.19150406060606057
v 0.0028038187477524975 0.1665724393939394 -0.2318794545454545
v 0.007016020202020247 0.1665724393939394 -0.2324417542573884
v 0.007016020202020247 0.1665724393939394 -0.2282117178162794
v 0.007016020202020247 0.165619431198561 -0.21842098989898984
v 0.007016020202020247 0.1648264493465915 -0.20496252525252523
v 0.007016020202020247 0.16174460539881783 -0.19150406060606057
v 0.007800592959699126 0.1665724393939394 -0.2318794545454545
v 0.007016020202020247 0.16693029618707927 -0.2318794545454545
f 3 2 1
f 3 4 5
f 1 4 3
f 5 6 7
f 4 6 5
f 7 8 9
f 6 8 7
f 9 10 11
f 8 10 9
f 11 12 13
f 10 12 11
f 13 14 15
f 12 14 13
f 14 16 15
f 19 18 17
f 17 20 19
f 22 2 3
f 21 2 22
f 5 23 3
f 23 22 3
f 7 24 5
f 24 23 5
f 9 25 7
f 25 24 7
f 11 26 9
f 26 25 9
f 13 27 11
f 27 26 11
f 15 28 13
f 28 27 13
f 29 15 16
f 29 30 15
f 30 28 15
f 29 31 30
f 34 33 32
f 18 34 32
f 18 19 34
f 19 35 34
f 36 19 20
f 36 37 19
f 37 35 19
f 37 38 39
f 36 38 37
f 39 40 41
f 38 40 39
f 41 42 43
f 40 42 41
f 42 44 43
f 22 45 21
f 23 45 22
f 46 45 23
f 46 48 47
f 46 23 48
f 23 24 48
f 25 49 24
f 49 48 24
f 26 50 25
f 50 49 25
f 27 51 26
f 51 50 26
f 28 52 27
f 52 51 27
f 30 53 28
f 53 52 28
f 54 30 31
f 54 55 30
f 55 53 30
f 54 56 55
f 59 58 57
f 33 59 57
f 33 34 59
f 34 60 59
f 35 61 34
f 61 60 34
f 37 62 35
f 62 61 35
f 39 63 37
f 63 62 37
f 41 64 39
f 64 63 39
f 43 65 41
f 65 64 41
f 66 43 44
f 66 67 43
f 67 65 43
f 67 68 69
f 66 68 67
f 68 70 69
f 48 71 47
f 49 71 48
f 72 71 49
f 50 72 49
f 73 72 50
f 73 75 74
f 73 50 75
f 50 51 75
f 52 76 51
f 76 75 51
f 53 77 52
f 77 76 52
f 55 78 53
f 78 77 53
f 79 55 56
f 78 55 79
f 81 58 59
f 80 58 81
f 60 82 59
f 82 81 59
f 61 83 60
f 83 82 60
f 62 84 61
f 84 83 61
f 63 85 62
f 85 84 62
f 64 86 63
f 86 85 63
f 65 87 64
f 87 86 64
f 67 88 65
f 88 87 65
f 69 89 67
f 89 88 67
f 90 69 70
f 90 91 69
f 91 89 69
f 91 92 93
f 90 92 91
f 92 94 93
f 75 95 74
f 76 95 75
f 96 95 76
f 77 96 76
f 97 96 77
f 97 99 98
f 97 77 99
f 77 78 99
f 100 78 79
f 100 101 78
f 101 99 78
f 101 102 103
f 100 102 101
f 80 103 102
f 80 81 103
f 81 104 103
f 82 105 81
f 105 104 81
f 83 106 82
f 106 105 82
f 84 107 83
f 107 106 83
f 85 108 84
f 108 107 84
f 86 109 85
f 109 108 85
f 87 110 86
f 110 109 86
f 88 111 87
f 111 110 87
f 89 112 88
f 112 111 88
f 91 113 89
f 113 112 89
f 93 114 91
f 114 113 91
f 115 93 94
f 115 116 93
f 116 114 93
f 116 117 118
f 115 117 116
f 117 119 118
f 121 98 99
f 120 98 121
f 101 122 99
f 122 121 99
f 103 123 101
f 123 122 101
f 104 124 103
f 124 123 103
f 105 125 104
f 125 124 104
f 106 126 105
f 126 125 105
f 107 127 106
f 127 126 106
f 108 128 107
f 128 127 107
f 109 129 108
f 129 128 108
f 110 130 109
f 130 129 109
f 111 131 110
f 131 130 110
f 112 132 111
f 132 131 111
f 113 133 112
f 133 132 112
f 114 134 113
f 134 133 113
f 116 135 114
f 135 134 114
f 118 136 116
f 136 135 116
f 137 118 119
f 136 118 137
f 140 139 138
f 140 141 142
f 138 141 140
f 142 143 144
f 141 143 142
f 120 144 143
f 120 121 144
f 121 145 144
f 147 122 146
f 147 145 122
f 145 121 122
f 123 146 122
f 148 146 123
f 148 150 149
f 148 123 150
f 123 124 150
f 125 151 124
f 151 150 124
f 126 152 125
f 152 151 125
f 127 153 126
f 153 152 126
f 128 154 127
f 154 153 127
f 129 155 128
f 155 154 128
f 130 156 129
f 156 155 129
f 131 157 130
f 157 156 130
f 132 158 131
f 158 157 131
f 133 159 132
f 159 158 132
f 134 160 133
f 160 159 133
f 162 135 161
f 162 160 135
f 160 134 135
f 136 161 135
f 163 161 136
f 137 163 136
f 166 165 164
f 166 167 168
f 164 167 166
f 168 169 170
f 167 169 168
f 139 170 169
f 139 140 170
f 140 171 170
f 142 172 140
f 172 171 140
f 144 173 142
f 173 172 142
f 145 174 144
f 174 173 144
f 175 145 147
f 174 145 175
f 177 149 150
f 176 149 177
f 151 178 150
f 178 177 150
f 152 179 151
f 179 178 151
f 153 180 152
f 180 179 152
f 154 181 153
f 181 180 153
f 155 182 154
f 182 181 154
f 156 183 155
f 183 182 155
f 157 184 156
f 184 183 156
f 158 185 157
f 185 184 157
f 187 159 186
f 187 185 159
f 185 158 159
f 160 186 159
f 188 186 160
f 162 188 160
f 191 190 189
f 165 191 189
f 165 166 191
f 166 192 191
f 168 193 166
f 193 192 166
f 170 194 168
f 194 193 168
f 171 195 170
f 195 194 170
f 172 196 171
f 196 195 171
f 173 197 172
f 197 196 172
f 199 174 198
f 199 197 174
f 197 173 174
f 175 198 174
f 177 200 176
f 200 202 201
f 200 177 202
f 177 178 202
f 179 203 178
f 203 202 178
f 180 204 179
f 204 203 179
f 181 205 180
f 205 204 180
f 182 206 181
f 206 205 181
f 183 207 182
f 207 206 182
f 209 184 208
f 209 207 184
f 207 183 184
f 185 208 184
f 210 208 185
f 187 210 185
f 212 190 191
f 211 190 212
f 192 213 191
f 213 212 191
f 193 214 192
f 214 213 192
f 194 215 193
f 215 214 193
f 195 216 194
f 216 215 194
f 196 217 195
f 217 216 195
f 219 197 218
f 219 217 197
f 217 196 197
f 199 218 197
f 202 220 201
f 203 220 202
f 221 220 203
f 204 221 203
f 222 221 204
f 205 222 204
f 223 222 205
f 206 223 205
f 224 223 206
f 207 224 206
f 225 224 207
f 209 225 207
f 212 226 211
f 213 226 212
f 227 226 213
f 214 227 213
f 228 227 214
f 215 228 214
f 229 228 215
f 216 229 215
f 230 229 216
f 217 230 216
f 231 230 217
f 219 231 217
f 234 233 232
f 234 235 236
f 232 235 234
f 236 237 238
f 235 237 236
f 238 239 240
f 237 239 238
f 240 241 242
f 239 241 240
f 242 243 244
f 241 243 242
f 244 245 246
f 243 245 244
f 246 247 248
f 245 247 246
f 248 249 250
f 247 249 248
f 250 251 252
f 249 251 250
f 252 253 254
f 251 253 252
f 253 255 254
f 258 257 256
f 233 258 256
f 233 234 258
f 234 259 258
f 236 260 234
f 260 259 234
f 238 261 236
f 261 260 236
f 240 262 238
f 262 261 238
f 1 2 262
f 1 262 242
f 242 262 240
f 4 1 242
f 244 4 242
f 6 4 244
f 246 6 244
f 8 6 246
f 248 8 246
f 10 8 248
f 250 10 248
f 12 10 250
f 252 12 250
f 14 12 252
f 254 14 252
f 16 263 264
f 14 263 16
f 14 255 263
f 14 254 255
f 264 265 266
f 263 265 264
f 265 267 266
f 270 269 268
f 270 271 272
f 268 271 270
f 272 17 18
f 272 271 17
f 271 273 17
f 20 274 275
f 20 17 274
f 17 273 274
f 275 276 277
f 274 276 275
f 277 278 279
f 276 278 277
f 278 280 279
f 258 281 257
f 281 283 282
f 281 258 283
f 258 259 283
f 260 284 259
f 284 283 259
f 261 285 260
f 285 284 260
f 262 286 261
f 286 285 261
f 2 21 286
f 262 2 286
f 16 264 29
f 31 29 264
f 31 264 287
f 287 264 266
f 288 266 267
f 288 289 266
f 289 287 266
f 289 290 291
f 288 290 289
f 269 291 290
f 269 270 291
f 270 292 291
f 32 33 292
f 32 292 272
f 272 292 270
f 18 32 272
f 20 275 36
f 38 36 275
f 277 38 275
f 40 38 277
f 279 40 277
f 279 280 293
f 279 293 40
f 40 293 42
f 44 294 295
f 44 42 294
f 42 293 294
f 295 296 297
f 294 296 295
f 296 298 297
f 283 299 282
f 284 299 283
f 300 299 284
f 300 302 301
f 300 284 302
f 284 285 302
f 286 303 285
f 303 302 285
f 21 45 304
f 21 304 286
f 286 304 303
f 45 46 305
f 304 45 305
f 46 47 305
f 31 287 54
f 56 54 287
f 56 287 306
f 306 287 289
f 291 307 289
f 307 306 289
f 57 58 307
f 57 307 292
f 292 307 291
f 33 57 292
f 44 295 66
f 68 66 295
f 297 68 295
f 70 308 309
f 68 308 70
f 68 298 308
f 68 297 298
f 308 310 309
f 302 311 301
f 311 313 312
f 311 302 313
f 302 303 313
f 304 314 303
f 314 313 303
f 305 315 304
f 315 314 304
f 47 71 316
f 47 316 305
f 305 316 315
f 71 72 317
f 316 71 317
f 72 73 318
f 317 72 318
f 73 74 318
f 306 319 79
f 56 306 79
f 307 320 306
f 320 319 306
f 58 80 320
f 307 58 320
f 70 309 90
f 309 310 321
f 309 321 90
f 90 321 92
f 94 322 323
f 94 92 322
f 92 321 322
f 323 324 325
f 322 324 323
f 325 326 327
f 324 326 325
f 327 328 329
f 326 328 327
f 329 330 331
f 328 330 329
f 330 332 331
f 313 333 312
f 314 333 313
f 334 333 314
f 334 336 335
f 334 314 336
f 314 315 336
f 316 337 315
f 337 336 315
f 317 338 316
f 338 337 316
f 318 339 317
f 339 338 317
f 74 95 340
f 74 340 318
f 318 340 339
f 95 96 341
f 340 95 341
f 96 97 342
f 341 96 342
f 97 98 342
f 79 319 100
f 102 100 319
f 320 102 319
f 80 102 320
f 94 323 115
f 117 115 323
f 325 117 323
f 119 117 325
f 119 325 343
f 343 325 327
f 329 344 327
f 344 343 327
f 331 345 329
f 345 344 329
f 346 331 332
f 345 331 346
f 348 335 336
f 347 335 348
f 337 349 336
f 349 348 336
f 338 350 337
f 350 349 337
f 339 351 338
f 351 350 338
f 340 352 339
f 352 351 339
f 341 353 340
f 353 352 340
f 342 354 341
f 354 353 341
f 98 120 354
f 342 98 354
f 343 355 137
f 119 343 137
f 344 356 343
f 356 355 343
f 345 357 344
f 357 356 344
f 358 345 346
f 357 345 358
f 361 360 359
f 361 362 363
f 359 362 361
f 347 363 362
f 347 348 363
f 348 364 363
f 349 365 348
f 365 364 348
f 350 366 349
f 366 365 349
f 351 367 350
f 367 366 350
f 138 139 367
f 138 367 352
f 352 367 351
f 141 138 352
f 353 141 352
f 143 141 353
f 354 143 353
f 120 143 354
f 146 368 147
f 146 148 369
f 368 146 369
f 148 149 369
f 161 370 162
f 161 163 371
f 370 161 371
f 163 137 355
f 163 355 371
f 371 355 372
f 356 373 355
f 373 372 355
f 357 374 356
f 374 373 356
f 375 357 358
f 374 357 375
f 378 377 376
f 360 378 376
f 360 361 378
f 361 379 378
f 363 380 361
f 380 379 361
f 364 381 363
f 381 380 363
f 164 165 381
f 164 381 365
f 365 381 364
f 167 164 365
f 366 167 365
f 169 167 366
f 367 169 366
f 139 169 367
f 368 382 175
f 147 368 175
f 369 383 368
f 383 382 368
f 149 176 383
f 369 149 383
f 186 384 187
f 386 384 186
f 386 186 385
f 385 186 188
f 370 188 162
f 370 387 188
f 387 385 188
f 371 387 370
f 388 387 371
f 372 388 371
f 389 388 372
f 373 389 372
f 390 389 373
f 374 390 373
f 391 390 374
f 375 391 374
f 394 393 392
f 377 394 392
f 377 378 394
f 378 395 394
f 379 396 378
f 396 395 378
f 380 397 379
f 397 396 379
f 189 190 397
f 189 397 381
f 381 397 380
f 165 189 381
f 198 398 199
f 198 400 398
f 175 400 198
f 175 399 400
f 175 382 399
f 399 402 401
f 399 382 402
f 382 383 402
f 176 200 403
f 176 403 383
f 383 403 402
f 200 201 403
f 208 404 209
f 208 210 405
f 404 208 405
f 210 407 405
f 187 407 210
f 187 406 407
f 187 384 406
f 386 406 384
f 410 409 408
f 393 410 408
f 393 394 410
f 394 411 410
f 395 412 394
f 412 411 394
f 396 413 395
f 413 412 395
f 397 414 396
f 414 413 396
f 190 211 414
f 397 190 414
f 218 415 219
f 218 417 415
f 199 417 218
f 199 416 417
f 199 398 416
f 400 416 398
f 402 418 401
f 403 418 402
f 419 418 403
f 421 420 419
f 220 421 419
f 220 419 403
f 220 403 201
f 220 221 422
f 421 220 422
f 221 222 423
f 422 221 423
f 222 223 424
f 423 222 424
f 223 224 425
f 424 223 425
f 427 425 224
f 427 224 426
f 426 224 225
f 404 225 209
f 404 428 225
f 428 426 225
f 405 428 404
f 429 428 405
f 407 429 405
f 410 430 409
f 411 430 410
f 431 430 411
f 431 433 432
f 431 411 433
f 411 412 433
f 413 434 412
f 434 433 412
f 414 435 413
f 435 434 413
f 211 226 436
f 211 436 414
f 414 436 435
f 226 227 437
f 436 226 437
f 227 228 438
f 437 227 438
f 228 229 439
f 438 228 439
f 229 230 440
f 439 229 440
f 230 231 441
f 440 230 441
f 231 443 441
f 219 443 231
f 219 442 443
f 219 415 442
f 417 442 415
f 421 444 420
f 422 444 421
f 445 444 422
f 423 445 422
f 446 445 423
f 424 446 423
f 447 446 424
f 425 447 424
f 448 447 425
f 427 448 425
f 433 449 432
f 434 449 433
f 450 449 434
f 435 450 434
f 451 450 435
f 436 451 435
f 452 451 436
f 437 452 436
f 453 452 437
f 438 453 437
f 454 453 438
f 439 454 438
f 455 454 439
f 440 455 439
f 456 455 440
f 441 456 440
f 457 456 441
f 443 457 441
f 460 459 458
f 460 461 462
f 458 461 460
f 462 463 464
f 461 463 462
f 464 465 466
f 463 465 464
f 466 467 468
f 465 467 466
f 468 469 470
f 467 469 468
f 470 471 472
f 469 471 470
f 472 473 474
f 471 473 472
f 474 475 476
f 473 475 474
f 476 477 478
f 475 477 476
f 478 479 480
f 477 479 478
f 480 481 482
f 479 481 480
f 482 483 484
f 481 483 482
f 483 485 484
f 488 487 486
f 459 488 486
f 459 460 488
f 460 489 488
f 462 490 460
f 490 489 460
f 232 233 490
f 232 490 464
f 464 490 462
f 235 232 464
f 466 235 464
f 237 235 466
f 468 237 466
f 239 237 468
f 470 239 468
f 241 239 470
f 472 241 470
f 243 241 472
f 474 243 472
f 245 243 474
f 476 245 474
f 247 245 476
f 478 247 476
f 249 247 478
f 480 249 478
f 251 249 480
f 482 251 480
f 253 251 482
f 484 253 482
f 255 491 492
f 253 491 255
f 253 485 491
f 253 484 485
f 492 493 494
f 491 493 492
f 493 495 494
f 498 497 496
f 498 499 500
f 496 499 498
f 500 501 502
f 499 501 500
f 502 503 504
f 501 503 502
f 503 505 504
f 507 487 488
f 506 487 507
f 489 508 488
f 508 507 488
f 256 257 508
f 256 508 490
f 490 508 489
f 233 256 490
f 255 492 263
f 265 263 492
f 494 265 492
f 267 509 510
f 265 509 267
f 265 495 509
f 265 494 495
f 510 511 512
f 509 511 510
f 497 512 511
f 498 512 497
f 498 269 512
f 498 268 269
f 271 268 498
f 500 271 498
f 273 271 500
f 502 273 500
f 274 273 502
f 504 274 502
f 504 505 513
f 504 513 274
f 274 513 276
f 278 276 514
f 276 513 514
f 280 515 516
f 280 278 515
f 278 514 515
f 516 517 518
f 515 517 516
f 517 519 518
f 507 520 506
f 520 522 521
f 520 507 522
f 507 508 522
f 257 281 523
f 257 523 508
f 508 523 522
f 281 282 523
f 267 510 288
f 290 288 510
f 512 290 510
f 269 290 512
f 280 516 293
f 294 293 516
f 518 294 516
f 518 519 524
f 518 524 294
f 294 524 296
f 298 525 526
f 298 296 525
f 296 524 525
f 525 527 526
f 522 528 521
f 528 530 529
f 528 522 530
f 522 523 530
f 282 299 531
f 282 531 523
f 523 531 530
f 299 300 532
f 531 299 532
f 300 301 532
f 298 526 308
f 310 533 534
f 308 533 310
f 308 527 533
f 308 526 527
f 534 535 536
f 533 535 534
f 536 537 538
f 535 537 536
f 538 539 540
f 537 539 538
f 540 541 542
f 539 541 540
f 542 543 544
f 541 543 542
f 544 545 546
f 543 545 544
f 545 547 546
f 530 548 529
f 548 550 549
f 548 530 550
f 530 531 550
f 532 551 531
f 551 550 531
f 301 311 552
f 301 552 532
f 532 552 551
f 311 312 552
f 310 534 321
f 322 321 534
f 536 322 534
f 324 322 536
f 538 324 536
f 326 324 538
f 540 326 538
f 328 326 540
f 542 328 540
f 330 328 542
f 544 330 542
f 332 330 544
f 332 544 553
f 553 544 546
f 554 546 547
f 554 555 546
f 555 553 546
f 555 556 557
f 554 556 555
f 556 558 557
f 550 559 549
f 559 561 560
f 559 550 561
f 550 551 561
f 552 562 551
f 562 561 551
f 312 333 563
f 312 563 552
f 552 563 562
f 333 334 564
f 563 333 564
f 334 335 564
f 553 565 346
f 332 553 346
f 555 566 553
f 566 565 553
f 557 567 555
f 567 566 555
f 568 557 558
f 567 557 568
f 570 560 561
f 569 560 570
f 562 571 561
f 571 570 561
f 563 572 562
f 572 571 562
f 564 573 563
f 573 572 563
f 335 347 573
f 564 335 573
f 565 574 358
f 346 565 358
f 566 575 565
f 575 574 565
f 567 576 566
f 576 575 566
f 577 567 568
f 576 567 577
f 580 579 578
f 569 580 578
f 569 570 580
f 570 581 580
f 571 582 570
f 582 581 570
f 359 360 582
f 359 582 572
f 572 582 571
f 362 359 572
f 573 362 572
f 347 362 573
f 574 583 375
f 358 574 375
f 575 584 574
f 584 583 574
f 576 585 575
f 585 584 575
f 586 576 577
f 585 576 586
f 589 588 587
f 579 589 587
f 579 580 589
f 580 590 589
f 581 591 580
f 591 590 580
f 376 377 591
f 376 591 582
f 582 591 581
f 360 376 582
f 385 592 386
f 385 387 593
f 592 385 593
f 387 388 594
f 593 387 594
f 388 389 595
f 594 388 595
f 389 390 596
f 595 389 596
f 390 391 597
f 596 390 597
f 391 375 583
f 391 583 597
f 597 583 598
f 600 584 599
f 600 598 584
f 598 583 584
f 585 599 584
f 601 599 585
f 586 601 585
f 604 603 602
f 588 604 602
f 588 589 604
f 589 605 604
f 590 606 589
f 606 605 589
f 392 393 606
f 392 606 591
f 591 606 590
f 377 392 591
f 399 607 400
f 399 401 607
f 406 608 407
f 406 610 608
f 386 610 406
f 386 609 610
f 386 592 609
f 593 609 592
f 611 609 593
f 594 611 593
f 612 611 594
f 595 612 594
f 613 612 595
f 596 613 595
f 614 613 596
f 597 614 596
f 615 614 597
f 598 615 597
f 616 615 598
f 600 616 598
f 618 603 604
f 617 603 618
f 605 619 604
f 619 618 604
f 408 409 619
f 408 619 606
f 606 619 605
f 393 408 606
f 416 620 417
f 416 400 607
f 416 607 620
f 620 607 621
f 401 418 622
f 401 622 607
f 607 622 621
f 418 419 623
f 622 418 623
f 419 420 623
f 426 624 427
f 426 428 625
f 624 426 625
f 627 625 428
f 627 428 626
f 626 428 429
f 608 429 407
f 608 628 429
f 628 626 429
f 610 628 608
f 630 617 618
f 629 617 630
f 619 631 618
f 631 630 618
f 409 430 632
f 409 632 619
f 619 632 631
f 430 431 633
f 632 430 633
f 431 432 633
f 442 634 443
f 442 417 620
f 442 620 634
f 634 620 635
f 637 621 636
f 637 635 621
f 635 620 621
f 622 636 621
f 638 636 622
f 638 640 639
f 638 622 640
f 622 623 640
f 420 444 641
f 420 641 623
f 623 641 640
f 444 445 642
f 641 444 642
f 445 446 643
f 642 445 643
f 645 643 446
f 645 446 644
f 644 446 447
f 448 646 447
f 447 646 644
f 624 448 427
f 624 647 448
f 647 646 448
f 625 647 624
f 648 647 625
f 627 648 625
f 630 649 629
f 631 649 630
f 650 649 631
f 632 650 631
f 651 650 632
f 651 653 652
f 651 632 653
f 632 633 653
f 432 449 654
f 432 654 633
f 633 654 653
f 449 450 655
f 654 449 655
f 657 655 450
f 657 450 656
f 656 450 451
f 452 658 451
f 451 658 656
f 453 659 452
f 452 659 658
f 454 660 453
f 453 660 659
f 662 661 660
f 662 660 455
f 455 660 454
f 455 456 663
f 662 455 663
f 665 663 456
f 665 456 664
f 664 456 457
f 634 457 443
f 634 666 457
f 666 664 457
f 635 666 634
f 667 666 635
f 637 667 635
f 640 668 639
f 641 668 640
f 669 668 641
f 642 669 641
f 670 669 642
f 643 670 642
f 671 670 643
f 645 671 643
f 653 672 652
f 654 672 653
f 673 672 654
f 655 673 654
f 674 673 655
f 657 674 655
f 662 675 661
f 663 675 662
f 676 675 663
f 665 676 663
f 679 678 677
f 679 680 681
f 677 680 679
f 681 682 683
f 680 682 681
f 683 684 685
f 682 684 683
f 685 686 687
f 684 686 685
f 687 688 689
f 686 688 687
f 688 690 689
f 693 692 691
f 678 693 691
f 678 679 693
f 679 694 693
f 458 459 694
f 458 694 681
f 681 694 679
f 461 458 681
f 683 461 681
f 463 461 683
f 685 463 683
f 465 463 685
f 687 465 685
f 467 465 687
f 689 467 687
f 689 690 695
f 689 695 467
f 467 695 469
f 471 469 696
f 469 695 696
f 473 471 697
f 471 696 697
f 475 473 698
f 473 697 698
f 477 475 699
f 475 698 699
f 479 477 700
f 477 699 700
f 481 479 701
f 479 700 701
f 483 481 702
f 481 701 702
f 485 703 704
f 485 483 703
f 483 702 703
f 703 705 704
f 708 707 706
f 706 709 708
f 711 692 693
f 710 692 711
f 486 487 711
f 486 711 694
f 694 711 693
f 459 486 694
f 485 704 491
f 704 705 712
f 704 712 491
f 491 712 493
f 495 713 714
f 495 493 713
f 493 712 713
f 714 715 716
f 713 715 714
f 716 496 497
f 716 715 496
f 715 717 496
f 707 708 499
f 707 499 717
f 717 499 496
f 708 709 718
f 708 718 499
f 499 718 501
f 503 501 719
f 501 718 719
f 505 720 721
f 505 503 720
f 503 719 720
f 720 722 721
f 724 710 711
f 723 710 724
f 487 506 724
f 711 487 724
f 495 714 509
f 511 509 714
f 716 511 714
f 497 511 716
f 505 721 513
f 721 722 725
f 721 725 513
f 513 725 514
f 515 514 726
f 514 725 726
f 517 515 727
f 515 726 727
f 519 728 729
f 519 517 728
f 517 727 728
f 728 730 729
f 732 723 724
f 731 723 732
f 506 520 733
f 506 733 724
f 724 733 732
f 520 521 733
f 519 729 524
f 729 730 734
f 729 734 524
f 524 734 525
f 527 735 736
f 527 525 735
f 525 734 735
f 735 737 736
f 740 739 738
f 740 741 742
f 738 741 740
f 742 743 744
f 741 743 742
f 743 745 744
f 732 746 731
f 746 748 747
f 746 732 748
f 732 733 748
f 521 528 749
f 521 749 733
f 733 749 748
f 528 529 749
f 527 736 533
f 736 737 750
f 736 750 533
f 533 750 535
f 537 535 751
f 535 750 751
f 739 740 539
f 739 539 751
f 751 539 537
f 541 539 740
f 742 541 740
f 543 541 742
f 744 543 742
f 744 745 752
f 744 752 543
f 543 752 545
f 547 753 754
f 547 545 753
f 545 752 753
f 754 755 756
f 753 755 754
f 755 757 756
f 748 758 747
f 758 760 759
f 758 748 760
f 748 749 760
f 529 548 761
f 529 761 749
f 749 761 760
f 548 549 761
f 547 754 554
f 556 554 754
f 756 556 754
f 558 762 763
f 556 762 558
f 556 757 762
f 556 756 757
f 763 764 765
f 762 764 763
f 764 766 765
f 760 767 759
f 767 769 768
f 767 760 769
f 760 761 769
f 549 559 770
f 549 770 761
f 761 770 769
f 559 560 770
f 763 771 568
f 558 763 568
f 765 772 763
f 772 771 763
f 773 765 766
f 772 765 773
f 775 768 769
f 774 768 775
f 770 776 769
f 776 775 769
f 560 569 776
f 770 560 776
f 771 777 577
f 568 771 577
f 772 778 771
f 778 777 771
f 779 772 773
f 778 772 779
f 782 781 780
f 774 782 780
f 774 775 782
f 775 783 782
f 578 579 783
f 578 783 776
f 776 783 775
f 569 578 776
f 777 784 586
f 577 777 586
f 778 785 777
f 785 784 777
f 786 778 779
f 785 778 786
f 789 788 787
f 781 789 787
f 781 782 789
f 782 790 789
f 587 588 790
f 587 790 783
f 783 790 782
f 579 587 783
f 599 791 600
f 599 601 792
f 791 599 792
f 601 794 792
f 586 794 601
f 586 793 794
f 586 784 793
f 785 793 784
f 795 793 785
f 786 795 785
f 798 797 796
f 788 798 796
f 788 789 798
f 789 799 798
f 602 603 799
f 602 799 790
f 790 799 789
f 588 602 790
f 609 800 610
f 802 800 609
f 802 609 801
f 801 609 611
f 612 803 611
f 611 803 801
f 805 804 803
f 805 803 613
f 613 803 612
f 613 614 806
f 805 613 806
f 614 615 807
f 806 614 807
f 809 807 615
f 809 615 808
f 808 615 616
f 791 616 600
f 791 810 616
f 810 808 616
f 792 810 791
f 811 810 792
f 794 811 792
f 813 797 798
f 812 797 813
f 799 814 798
f 814 813 798
f 603 617 814
f 799 603 814
f 626 815 627
f 817 815 626
f 817 626 816
f 816 626 628
f 800 628 610
f 800 818 628
f 818 816 628
f 802 818 800
f 805 819 804
f 806 819 805
f 820 819 806
f 807 820 806
f 821 820 807
f 809 821 807
f 823 812 813
f 822 812 823
f 814 824 813
f 824 823 813
f 617 629 824
f 814 617 824
f 636 825 637
f 636 638 826
f 825 636 826
f 638 639 826
f 644 827 645
f 829 827 644
f 829 644 828
f 828 644 646
f 647 830 646
f 646 830 828
f 648 831 647
f 647 831 830
f 815 648 627
f 815 832 648
f 832 831 648
f 817 832 815
f 823 833 822
f 833 835 834
f 833 823 835
f 823 824 835
f 629 649 836
f 629 836 824
f 824 836 835
f 649 650 837
f 836 649 837
f 650 651 838
f 837 650 838
f 651 652 838
f 656 839 657
f 656 658 840
f 839 656 840
f 658 659 841
f 840 658 841
f 659 660 842
f 841 659 842
f 660 661 842
f 664 843 665
f 664 666 844
f 843 664 844
f 666 667 845
f 844 666 845
f 667 847 845
f 637 847 667
f 637 846 847
f 637 825 846
f 826 846 825
f 848 846 826
f 639 848 826
f 639 668 848
f 668 849 848
f 669 850 668
f 668 850 849
f 670 851 669
f 669 851 850
f 671 852 670
f 670 852 851
f 827 671 645
f 827 853 671
f 853 852 671
f 829 853 827
f 835 854 834
f 836 854 835
f 855 854 836
f 837 855 836
f 856 855 837
f 838 856 837
f 857 856 838
f 652 857 838
f 652 672 857
f 672 858 857
f 673 859 672
f 672 859 858
f 674 860 673
f 673 860 859
f 839 674 657
f 839 861 674
f 861 860 674
f 840 861 839
f 862 861 840
f 841 862 840
f 863 862 841
f 842 863 841
f 864 863 842
f 661 864 842
f 661 675 864
f 675 865 864
f 676 866 675
f 675 866 865
f 843 676 665
f 843 867 676
f 867 866 676
f 844 867 843
f 868 867 844
f 845 868 844
f 869 868 845
f 847 869 845
f 872 871 870
f 872 873 874
f 870 873 872
f 874 875 876
f 873 875 874
f 876 877 878
f 875 877 876
f 877 879 878
f 882 881 880
f 882 883 884
f 880 883 882
f 871 884 883
f 872 884 871
f 872 678 884
f 872 677 678
f 680 677 872
f 874 680 872
f 682 680 874
f 876 682 874
f 684 682 876
f 878 684 876
f 878 879 885
f 878 885 684
f 684 885 686
f 688 686 886
f 686 885 886
f 690 887 888
f 690 688 887
f 688 886 887
f 888 889 890
f 887 889 888
f 890 891 892
f 889 891 890
f 891 893 892
f 895 881 882
f 894 881 895
f 691 692 895
f 691 895 884
f 884 895 882
f 678 691 884
f 690 888 695
f 696 695 888
f 890 696 888
f 697 696 890
f 892 697 890
f 892 893 896
f 892 896 697
f 697 896 698
f 699 698 897
f 698 896 897
f 700 699 898
f 699 897 898
f 701 700 899
f 700 898 899
f 702 701 900
f 701 899 900
f 703 702 901
f 702 900 901
f 705 902 903
f 705 703 902
f 703 901 902
f 903 904 905
f 902 904 903
f 905 906 907
f 904 906 905
f 907 908 909
f 906 908 907
f 909 706 707
f 909 908 706
f 908 910 706
f 709 911 912
f 709 706 911
f 706 910 911
f 911 913 912
f 915 894 895
f 914 894 915
f 692 710 915
f 895 692 915
f 705 903 712
f 713 712 903
f 905 713 903
f 715 713 905
f 907 715 905
f 717 715 907
f 909 717 907
f 707 717 909
f 709 912 718
f 912 913 916
f 912 916 718
f 718 916 719
f 720 719 917
f 719 916 917
f 722 918 919
f 722 720 918
f 720 917 918
f 918 920 919
f 922 914 915
f 921 914 922
f 710 723 922
f 915 710 922
f 722 919 725
f 919 920 923
f 919 923 725
f 725 923 726
f 727 726 924
f 726 923 924
f 728 727 925
f 727 924 925
f 730 926 927
f 730 728 926
f 728 925 926
f 926 928 927
f 930 921 922
f 929 921 930
f 723 731 930
f 922 723 930
f 730 927 734
f 927 928 931
f 927 931 734
f 734 931 735
f 737 932 933
f 737 735 932
f 735 931 932
f 933 934 935
f 932 934 933
f 935 738 739
f 935 934 738
f 934 936 738
f 741 738 937
f 738 936 937
f 743 741 938
f 741 937 938
f 745 939 940
f 745 743 939
f 743 938 939
f 940 941 942
f 939 941 940
f 941 943 942
f 945 929 930
f 944 929 945
f 731 746 946
f 731 946 930
f 930 946 945
f 746 747 946
f 737 933 750
f 751 750 933
f 935 751 933
f 739 751 935
f 745 940 752
f 753 752 940
f 942 753 940
f 942 943 947
f 942 947 753
f 753 947 755
f 757 948 949
f 757 755 948
f 755 947 948
f 949 950 951
f 948 950 949
f 950 952 951
f 945 953 944
f 953 955 954
f 953 945 955
f 945 946 955
f 747 758 956
f 747 956 946
f 946 956 955
f 758 759 956
f 757 949 762
f 764 762 949
f 951 764 949
f 766 957 958
f 764 957 766
f 764 952 957
f 764 951 952
f 957 959 958
f 955 960 954
f 960 962 961
f 960 955 962
f 955 956 962
f 759 767 963
f 759 963 956
f 956 963 962
f 767 768 963
f 958 964 773
f 766 958 773
f 965 958 959
f 964 958 965
f 967 961 962
f 966 961 967
f 963 968 962
f 968 967 962
f 768 774 968
f 963 768 968
f 964 969 779
f 773 964 779
f 970 964 965
f 969 964 970
f 973 972 971
f 966 973 971
f 966 967 973
f 967 974 973
f 780 781 974
f 780 974 968
f 968 974 967
f 774 780 968
f 969 975 786
f 779 969 786
f 976 969 970
f 975 969 976
f 979 978 977
f 972 979 977
f 972 973 979
f 973 980 979
f 787 788 980
f 787 980 974
f 974 980 973
f 781 787 974
f 793 981 794
f 793 795 982
f 981 793 982
f 795 984 982
f 786 984 795
f 786 983 984
f 786 975 983
f 976 983 975
f 986 978 979
f 985 978 986
f 796 797 986
f 796 986 980
f 980 986 979
f 788 796 980
f 801 987 802
f 801 803 988
f 987 801 988
f 803 804 988
f 808 989 809
f 808 810 990
f 989 808 990
f 992 990 810
f 992 810 991
f 991 810 811
f 981 811 794
f 981 993 811
f 993 991 811
f 982 993 981
f 994 993 982
f 984 994 982
f 996 985 986
f 995 985 996
f 797 812 996
f 986 797 996
f 816 997 817
f 999 997 816
f 999 816 998
f 998 816 818
f 987 818 802
f 987 1000 818
f 1000 998 818
f 988 1000 987
f 1001 1000 988
f 804 1001 988
f 804 819 1001
f 819 1002 1001
f 820 1003 819
f 819 1003 1002
f 821 1004 820
f 820 1004 1003
f 989 821 809
f 989 1005 821
f 1005 1004 821
f 990 1005 989
f 1006 1005 990
f 992 1006 990
f 1008 995 996
f 1007 995 1008
f 812 822 1008
f 996 812 1008
f 828 1009 829
f 1011 1009 828
f 1011 828 1010
f 1010 828 830
f 831 1012 830
f 830 1012 1010
f 832 1013 831
f 831 1013 1012
f 997 832 817
f 997 1014 832
f 1014 1013 832
f 999 1014 997
f 1008 1015 1007
f 1017 1016 1015
f 833 1017 1015
f 833 1015 1008
f 833 1008 822
f 833 834 1017
f 846 1018 847
f 846 848 1019
f 1018 846 1019
f 848 849 1020
f 1019 848 1020
f 849 850 1021
f 1020 849 1021
f 850 851 1022
f 1021 850 1022
f 1024 1022 851
f 1024 851 1023
f 1023 851 852
f 853 1025 852
f 852 1025 1023
f 1009 853 829
f 1009 1026 853
f 1026 1025 853
f 1011 1026 1009
f 1017 1027 1016
f 1029 1028 1027
f 854 1029 1027
f 854 1027 1017
f 854 1017 834
f 854 855 1030
f 1029 854 1030
f 855 856 1031
f 1030 855 1031
f 856 857 1032
f 1031 856 1032
f 857 858 1033
f 1032 857 1033
f 858 859 1034
f 1033 858 1034
f 859 860 1035
f 1034 859 1035
f 1037 1035 860
f 1037 860 1036
f 1036 860 861
f 862 1038 861
f 861 1038 1036
f 863 1039 862
f 862 1039 1038
f 864 1040 863
f 863 1040 1039
f 865 1041 864
f 864 1041 1040
f 866 1042 865
f 865 1042 1041
f 867 1043 866
f 866 1043 1042
f 868 1044 867
f 867 1044 1043
f 869 1045 868
f 868 1045 1044
f 1018 869 847
f 1018 1046 869
f 1046 1045 869
f 1019 1046 1018
f 1047 1046 1019
f 1020 1047 1019
f 1048 1047 1020
f 1021 1048 1020
f 1049 1048 1021
f 1022 1049 1021
f 1050 1049 1022
f 1024 1050 1022
f 1029 1051 1028
f 1030 1051 1029
f 1052 1051 1030
f 1031 1052 1030
f 1053 1052 1031
f 1032 1053 1031
f 1054 1053 1032
f 1033 1054 1032
f 1055 1054 1033
f 1034 1055 1033
f 1056 1055 1034
f 1035 1056 1034
f 1057 1056 1035
f 1037 1057 1035
f 1060 1059 1058
f 1060 1061 1062
f 1058 1061 1060
f 1061 1063 1062
f 1066 1065 1064
f 1059 1066 1064
f 1059 1060 1066
f 1060 1067 1066
f 870 871 1067
f 870 1067 1062
f 1062 1067 1060
f 1062 1063 1068
f 1062 1068 870
f 870 1068 873
f 875 873 1069
f 873 1068 1069
f 877 875 1070
f 875 1069 1070
f 879 1071 1072
f 879 877 1071
f 877 1070 1071
f 1072 1073 1074
f 1071 1073 1072
f 1073 1075 1074
f 1078 1077 1076
f 1065 1078 1076
f 1066 1078 1065
f 1066 881 1078
f 1066 880 881
f 883 880 1066
f 1067 883 1066
f 871 883 1067
f 879 1072 885
f 886 885 1072
f 1074 886 1072
f 1074 1075 1079
f 1074 1079 886
f 886 1079 887
f 889 887 1080
f 887 1079 1080
f 891 889 1081
f 889 1080 1081
f 893 1082 1083
f 893 891 1082
f 891 1081 1082
f 1083 1084 1085
f 1082 1084 1083
f 1085 1086 1087
f 1084 1086 1085
f 1087 1088 1089
f 1086 1088 1087
f 1089 1090 1091
f 1088 1090 1089
f 1091 1092 1093
f 1090 1092 1091
f 1093 1094 1095
f 1092 1094 1093
f 1094 1096 1095
f 1098 1077 1078
f 1097 1077 1098
f 881 894 1098
f 1078 881 1098
f 893 1083 896
f 897 896 1083
f 1085 897 1083
f 898 897 1085
f 1087 898 1085
f 899 898 1087
f 1089 899 1087
f 900 899 1089
f 1091 900 1089
f 901 900 1091
f 1093 901 1091
f 902 901 1093
f 1095 902 1093
f 1095 1096 1099
f 1095 1099 902
f 902 1099 904
f 906 904 1100
f 904 1099 1100
f 908 906 1101
f 906 1100 1101
f 910 908 1102
f 908 1101 1102
f 911 910 1103
f 910 1102 1103
f 1103 913 911
f 1104 913 1103
f 1106 1097 1098
f 1105 1097 1106
f 894 914 1106
f 1098 894 1106
f 913 1104 1107
f 916 913 1107
f 917 916 1108
f 916 1107 1108
f 918 917 1109
f 917 1108 1109
f 920 1110 1111
f 920 918 1110
f 918 1109 1110
f 1110 1112 1111
f 1114 1105 1106
f 1113 1105 1114
f 914 921 1114
f 1106 914 1114
f 920 1111 923
f 1111 1112 1115
f 1111 1115 923
f 923 1115 924
f 925 924 1116
f 924 1115 1116
f 926 925 1117
f 925 1116 1117
f 1117 928 926
f 1118 928 1117
f 1120 1113 1114
f 1119 1113 1120
f 921 929 1120
f 1114 921 1120
f 928 1118 1121
f 931 928 1121
f 932 931 1122
f 931 1121 1122
f 934 932 1123
f 932 1122 1123
f 936 934 1124
f 934 1123 1124
f 937 936 1125
f 936 1124 1125
f 938 937 1126
f 937 1125 1126
f 939 938 1127
f 938 1126 1127
f 941 939 1128
f 939 1127 1128
f 943 1129 1130
f 943 941 1129
f 941 1128 1129
f 1129 1131 1130
f 1133 1119 1120
f 1132 1119 1133
f 929 944 1133
f 1120 929 1133
f 943 1130 947
f 1130 1131 1134
f 1130 1134 947
f 947 1134 948
f 950 948 1135
f 948 1134 1135
f 952 1136 1137
f 952 950 1136
f 950 1135 1136
f 1136 1138 1137
f 1133 1139 1132
f 1141 1140 1139
f 953 1141 1139
f 953 1139 1133
f 953 1133 944
f 953 954 1141
f 952 1137 957
f 959 1142 1143
f 957 1142 959
f 957 1138 1142
f 957 1137 1138
f 1142 1144 1143
f 1141 1145 1140
f 1147 1146 1145
f 960 1147 1145
f 960 1145 1141
f 960 1141 954
f 960 961 1147
f 1143 1148 965
f 959 1143 965
f 1149 1143 1144
f 1148 1143 1149
f 1151 1146 1147
f 1150 1146 1151
f 961 966 1151
f 1147 961 1151
f 1148 1152 970
f 965 1148 970
f 1153 1148 1149
f 1152 1148 1153
f 1156 1155 1154
f 1150 1156 1154
f 1151 1156 1150
f 1151 972 1156
f 1151 971 972
f 966 971 1151
f 1152 1157 976
f 970 1152 976
f 1158 1152 1153
f 1157 1152 1158
f 1161 1160 1159
f 1155 1161 1159
f 1156 1161 1155
f 1156 978 1161
f 1156 977 978
f 972 977 1156
f 983 1162 984
f 983 1164 1162
f 976 1164 983
f 976 1163 1164
f 976 1157 1163
f 1158 1163 1157
f 1166 1160 1161
f 1165 1160 1166
f 978 985 1166
f 1161 978 1166
f 991 1167 992
f 1169 1167 991
f 1169 991 1168
f 1168 991 993
f 994 1170 993
f 993 1170 1168
f 1162 994 984
f 1162 1171 994
f 1171 1170 994
f 1164 1171 1162
f 1173 1165 1166
f 1172 1165 1173
f 985 995 1173
f 1166 985 1173
f 998 1174 1175
f 999 998 1175
f 1000 1176 998
f 998 1176 1174
f 1001 1177 1000
f 1000 1177 1176
f 1002 1178 1001
f 1001 1178 1177
f 1003 1179 1002
f 1002 1179 1178
f 1004 1180 1003
f 1003 1180 1179
f 1005 1181 1004
f 1004 1181 1180
f 1006 1182 1005
f 1005 1182 1181
f 1167 1006 992
f 1167 1183 1006
f 1183 1182 1006
f 1169 1183 1167
f 1185 1172 1173
f 1184 1172 1185
f 995 1007 1185
f 1173 995 1185
f 1010 1186 1011
f 1188 1186 1010
f 1188 1010 1187
f 1187 1010 1012
f 1013 1189 1012
f 1012 1189 1187
f 1014 1190 1013
f 1013 1190 1189
f 1175 1014 999
f 1190 1014 1175
f 1185 1191 1184
f 1193 1192 1191
f 1015 1193 1191
f 1015 1191 1185
f 1015 1185 1007
f 1015 1016 1193
f 1023 1194 1195
f 1024 1023 1195
f 1025 1196 1023
f 1023 1196 1194
f 1026 1197 1025
f 1025 1197 1196
f 1186 1026 1011
f 1186 1198 1026
f 1198 1197 1026
f 1188 1198 1186
f 1200 1192 1193
f 1199 1192 1200
f 1016 1027 1201
f 1016 1201 1193
f 1193 1201 1200
f 1027 1028 1201
f 1036 1202 1037
f 1036 1038 1203
f 1202 1036 1203
f 1205 1203 1038
f 1205 1038 1204
f 1204 1038 1039
f 1040 1206 1039
f 1039 1206 1204
f 1041 1207 1040
f 1040 1207 1206
f 1209 1208 1207
f 1209 1207 1042
f 1042 1207 1041
f 1042 1043 1210
f 1209 1042 1210
f 1043 1044 1211
f 1210 1043 1211
f 1044 1045 1212
f 1211 1044 1212
f 1214 1212 1045
f 1214 1045 1213
f 1213 1045 1046
f 1047 1215 1046
f 1046 1215 1213
f 1048 1216 1047
f 1047 1216 1215
f 1049 1217 1048
f 1048 1217 1216
f 1050 1218 1049
f 1049 1218 1217
f 1195 1050 1024
f 1218 1050 1195
f 1200 1219 1199
f 1219 1221 1220
f 1219 1200 1221
f 1200 1201 1221
f 1028 1051 1222
f 1028 1222 1201
f 1201 1222 1221
f 1051 1052 1223
f 1222 1051 1223
f 1225 1223 1052
f 1225 1052 1224
f 1224 1052 1053
f 1054 1226 1053
f 1053 1226 1224
f 1055 1227 1054
f 1054 1227 1226
f 1056 1228 1055
f 1055 1228 1227
f 1057 1229 1056
f 1056 1229 1228
f 1202 1057 1037
f 1202 1230 1057
f 1230 1229 1057
f 1203 1230 1202
f 1231 1230 1203
f 1205 1231 1203
f 1209 1232 1208
f 1210 1232 1209
f 1233 1232 1210
f 1211 1233 1210
f 1234 1233 1211
f 1212 1234 1211
f 1235 1234 1212
f 1214 1235 1212
f 1221 1236 1220
f 1222 1236 1221
f 1237 1236 1222
f 1223 1237 1222
f 1238 1237 1223
f 1225 1238 1223
f 1241 1240 1239
f 1241 1242 1243
f 1239 1242 1241
f 1243 1244 1245
f 1242 1244 1243
f 1244 1246 1245
f 1249 1248 1247
f 1240 1249 1247
f 1240 1241 1249
f 1241 1250 1249
f 1058 1059 1250
f 1058 1250 1243
f 1243 1250 1241
f 1061 1058 1243
f 1245 1061 1243
f 1063 1251 1252
f 1061 1251 1063
f 1061 1246 1251
f 1061 1245 1246
f 1252 1253 1254
f 1251 1253 1252
f 1253 1255 1254
f 1257 1248 1249
f 1256 1248 1257
f 1064 1065 1257
f 1064 1257 1250
f 1250 1257 1249
f 1059 1064 1250
f 1063 1252 1068
f 1069 1068 1252
f 1254 1069 1252
f 1254 1255 1258
f 1254 1258 1069
f 1069 1258 1070
f 1071 1070 1259
f 1070 1258 1259
f 1073 1071 1260
f 1071 1259 1260
f 1075 1261 1262
f 1075 1073 1261
f 1073 1260 1261
f 1261 1263 1262
f 1076 1256 1257
f 1076 1077 1256
f 1077 1264 1256
f 1065 1076 1257
f 1075 1262 1079
f 1262 1263 1265
f 1262 1265 1079
f 1079 1265 1080
f 1081 1080 1266
f 1080 1265 1266
f 1082 1081 1267
f 1081 1266 1267
f 1084 1082 1268
f 1082 1267 1268
f 1086 1084 1269
f 1084 1268 1269
f 1088 1086 1270
f 1086 1269 1270
f 1090 1088 1271
f 1088 1270 1271
f 1092 1090 1272
f 1090 1271 1272
f 1094 1092 1273
f 1092 1272 1273
f 1096 1274 1275
f 1096 1094 1274
f 1094 1273 1274
f 1275 1276 1277
f 1274 1276 1275
f 1277 1278 1279
f 1276 1278 1277
f 1279 1280 1281
f 1278 1280 1279
f 1280 1282 1281
f 1077 1097 1264
f 1264 1097 1283
f 1096 1275 1099
f 1100 1099 1275
f 1277 1100 1275
f 1101 1100 1277
f 1279 1101 1277
f 1102 1101 1279
f 1281 1102 1279
f 1281 1282 1284
f 1281 1284 1102
f 1102 1284 1103
f 1284 1104 1103
f 1285 1104 1284
f 1097 1105 1283
f 1283 1105 1286
f 1104 1285 1287
f 1107 1104 1287
f 1108 1107 1288
f 1107 1287 1288
f 1109 1108 1289
f 1108 1288 1289
f 1110 1109 1290
f 1109 1289 1290
f 1290 1112 1110
f 1291 1112 1290
f 1105 1113 1286
f 1286 1113 1292
f 1112 1291 1293
f 1115 1112 1293
f 1116 1115 1294
f 1115 1293 1294
f 1117 1116 1295
f 1116 1294 1295
f 1118 1296 1297
f 1118 1117 1296
f 1117 1295 1296
f 1297 1298 1299
f 1296 1298 1297
f 1299 1300 1301
f 1298 1300 1299
f 1301 1302 1303
f 1300 1302 1301
f 1303 1304 1305
f 1302 1304 1303
f 1305 1306 1307
f 1304 1306 1305
f 1306 1308 1307
f 1113 1119 1292
f 1292 1119 1309
f 1118 1297 1121
f 1122 1121 1297
f 1299 1122 1297
f 1123 1122 1299
f 1301 1123 1299
f 1124 1123 1301
f 1303 1124 1301
f 1125 1124 1303
f 1305 1125 1303
f 1126 1125 1305
f 1307 1126 1305
f 1307 1308 1310
f 1307 1310 1126
f 1126 1310 1127
f 1128 1127 1311
f 1127 1310 1311
f 1129 1128 1312
f 1128 1311 1312
f 1131 1313 1314
f 1131 1129 1313
f 1129 1312 1313
f 1314 1315 1316
f 1313 1315 1314
f 1315 1317 1316
f 1119 1132 1309
f 1309 1132 1318
f 1131 1314 1134
f 1135 1134 1314
f 1316 1135 1314
f 1316 1317 1319
f 1316 1319 1135
f 1135 1319 1136
f 1138 1320 1321
f 1138 1136 1320
f 1136 1319 1320
f 1320 1322 1321
f 1324 1132 1139
f 1324 1323 1132
f 1323 1318 1132
f 1139 1140 1324
f 1138 1321 1142
f 1321 1144 1142
f 1321 1322 1144
f 1322 1325 1144
f 1327 1323 1324
f 1326 1323 1327
f 1140 1145 1328
f 1140 1328 1324
f 1324 1328 1327
f 1145 1146 1328
f 1329 1330 1149
f 1329 1149 1325
f 1325 1149 1144
f 1329 1331 1330
f 1333 1326 1327
f 1332 1326 1333
f 1328 1334 1327
f 1334 1333 1327
f 1146 1150 1334
f 1328 1146 1334
f 1330 1335 1153
f 1149 1330 1153
f 1336 1330 1331
f 1335 1330 1336
f 1338 1332 1333
f 1337 1332 1338
f 1154 1155 1338
f 1154 1338 1334
f 1334 1338 1333
f 1150 1154 1334
f 1335 1339 1340
f 1335 1340 1153
f 1153 1340 1158
f 1336 1339 1335
f 1159 1337 1338
f 1159 1160 1337
f 1160 1341 1337
f 1155 1159 1338
f 1163 1342 1164
f 1163 1343 1342
f 1163 1158 1343
f 1158 1340 1343
f 1160 1165 1341
f 1341 1165 1344
f 1168 1345 1169
f 1168 1170 1346
f 1345 1168 1346
f 1348 1346 1170
f 1348 1170 1347
f 1347 1170 1171
f 1342 1171 1164
f 1342 1349 1171
f 1349 1347 1171
f 1343 1349 1342
f 1165 1172 1344
f 1344 1172 1350
f 1174 1351 1175
f 1174 1176 1352
f 1351 1174 1352
f 1176 1177 1353
f 1352 1176 1353
f 1177 1178 1354
f 1353 1177 1354
f 1178 1179 1355
f 1354 1178 1355
f 1179 1180 1356
f 1355 1179 1356
f 1358 1356 1180
f 1358 1180 1357
f 1357 1180 1181
f 1182 1359 1181
f 1181 1359 1357
f 1183 1360 1182
f 1182 1360 1359
f 1345 1183 1169
f 1345 1361 1183
f 1361 1360 1183
f 1346 1361 1345
f 1362 1361 1346
f 1348 1362 1346
f 1172 1184 1350
f 1350 1184 1363
f 1187 1364 1365
f 1188 1187 1365
f 1189 1366 1187
f 1187 1366 1364
f 1190 1367 1189
f 1189 1367 1366
f 1351 1190 1175
f 1351 1368 1190
f 1368 1367 1190
f 1352 1368 1351
f 1369 1368 1352
f 1353 1369 1352
f 1370 1369 1353
f 1354 1370 1353
f 1371 1370 1354
f 1355 1371 1354
f 1372 1371 1355
f 1356 1372 1355
f 1373 1372 1356
f 1358 1373 1356
f 1375 1184 1191
f 1375 1374 1184
f 1374 1363 1184
f 1191 1192 1375
f 1194 1376 1377
f 1195 1194 1377
f 1196 1378 1194
f 1194 1378 1376
f 1197 1379 1196
f 1196 1379 1378
f 1198 1380 1197
f 1197 1380 1379
f 1365 1198 1188
f 1380 1198 1365
f 1382 1374 1375
f 1381 1374 1382
f 1192 1199 1382
f 1375 1192 1382
f 1204 1383 1205
f 1385 1383 1204
f 1385 1204 1384
f 1384 1204 1206
f 1387 1386 1384
f 1387 1384 1207
f 1207 1384 1206
f 1207 1208 1387
f 1213 1388 1214
f 1213 1215 1389
f 1388 1213 1389
f 1215 1216 1390
f 1389 1215 1390
f 1392 1390 1216
f 1392 1216 1391
f 1391 1216 1217
f 1218 1393 1217
f 1217 1393 1391
f 1377 1218 1195
f 1393 1218 1377
f 1395 1381 1382
f 1394 1381 1395
f 1199 1219 1396
f 1199 1396 1382
f 1382 1396 1395
f 1219 1220 1396
f 1224 1397 1225
f 1224 1226 1398
f 1397 1224 1398
f 1226 1227 1399
f 1398 1226 1399
f 1401 1399 1227
f 1401 1227 1400
f 1400 1227 1228
f 1229 1402 1228
f 1228 1402 1400
f 1230 1403 1229
f 1229 1403 1402
f 1231 1404 1230
f 1230 1404 1403
f 1383 1231 1205
f 1383 1405 1231
f 1405 1404 1231
f 1385 1405 1383
f 1387 1406 1386
f 1208 1406 1387
f 1208 1232 1406
f 1232 1407 1406
f 1233 1408 1232
f 1232 1408 1407
f 1234 1409 1233
f 1233 1409 1408
f 1235 1410 1234
f 1234 1410 1409
f 1388 1235 1214
f 1388 1411 1235
f 1411 1410 1235
f 1389 1411 1388
f 1412 1411 1389
f 1390 1412 1389
f 1413 1412 1390
f 1392 1413 1390
f 1395 1414 1394
f 1414 1416 1415
f 1414 1395 1416
f 1395 1396 1416
f 1220 1236 1417
f 1220 1417 1396
f 1396 1417 1416
f 1419 1417 1236
f 1419 1236 1418
f 1418 1236 1237
f 1238 1420 1237
f 1237 1420 1418
f 1397 1238 1225
f 1397 1421 1238
f 1421 1420 1238
f 1398 1421 1397
f 1422 1421 1398
f 1399 1422 1398
f 1423 1422 1399
f 1401 1423 1399
f 1416 1424 1415
f 1417 1424 1416
f 1425 1424 1417
f 1419 1425 1417
f 1428 1427 1426
f 1426 1429 1428
f 1431 1427 1428
f 1430 1427 1431
f 1432 1428 1429
f 1431 1428 1432
f 1434 1430 1431
f 1433 1430 1434
f 1435 1431 1432
f 1434 1431 1435
f 1437 1433 1434
f 1436 1433 1437
f 1438 1434 1435
f 1438 1439 1434
f 1439 1437 1434
f 1438 1440 1439
f 1442 1436 1437
f 1441 1436 1442
f 1439 1443 1437
f 1443 1442 1437
f 1444 1439 1440
f 1444 1445 1439
f 1445 1443 1439
f 1445 1446 1447
f 1444 1446 1445
f 1447 1448 1449
f 1446 1448 1447
f 1449 1450 1451
f 1448 1450 1449
f 1450 1452 1451
f 1454 1441 1442
f 1453 1441 1454
f 1443 1455 1442
f 1455 1454 1442
f 1445 1456 1443
f 1456 1455 1443
f 1447 1457 1445
f 1457 1456 1445
f 1449 1458 1447
f 1458 1457 1447
f 1451 1459 1449
f 1459 1458 1449
f 1460 1451 1452
f 1460 1461 1451
f 1461 1459 1451
f 1460 1462 1461
f 1464 1453 1454
f 1463 1453 1464
f 1455 1465 1454
f 1465 1464 1454
f 1456 1466 1455
f 1466 1465 1455
f 1457 1467 1456
f 1467 1466 1456
f 1458 1468 1457
f 1468 1467 1457
f 1459 1469 1458
f 1469 1468 1458
f 1461 1470 1459
f 1470 1469 1459
f 1471 1461 1462
f 1470 1461 1471
f 1473 1463 1464
f 1472 1463 1473
f 1465 1474 1464
f 1474 1473 1464
f 1466 1475 1465
f 1475 1474 1465
f 1467 1476 1466
f 1476 1475 1466
f 1468 1477 1467
f 1477 1476 1467
f 1479 1469 1478
f 1479 1477 1469
f 1477 1468 1469
f 1470 1478 1469
f 1480 1478 1470
f 1471 1480 1470
f 1482 1472 1473
f 1481 1472 1482
f 1474 1483 1473
f 1483 1482 1473
f 1475 1484 1474
f 1484 1483 1474
f 1476 1485 1475
f 1485 1484 1475
f 1477 1486 1476
f 1486 1485 1476
f 1487 1477 1479
f 1486 1477 1487
f 1489 1481 1482
f 1488 1481 1489
f 1483 1490 1482
f 1490 1489 1482
f 1484 1491 1483
f 1491 1490 1483
f 1485 1492 1484
f 1492 1491 1484
f 1494 1486 1493
f 1494 1492 1486
f 1492 1485 1486
f 1487 1493 1486
f 1496 1488 1489
f 1495 1488 1496
f 1239 1240 1496
f 1239 1496 1490
f 1490 1496 1489
f 1242 1239 1490
f 1491 1242 1490
f 1244 1242 1491
f 1492 1244 1491
f 1246 1497 1498
f 1244 1497 1246
f 1244 1494 1497
f 1244 1492 1494
f 1498 1499 1500
f 1497 1499 1498
f 1499 1501 1500
f 1504 1503 1502
f 1495 1504 1502
f 1496 1504 1495
f 1496 1248 1504
f 1496 1247 1248
f 1240 1247 1496
f 1246 1498 1251
f 1253 1251 1498
f 1500 1253 1498
f 1255 1505 1506
f 1253 1505 1255
f 1253 1501 1505
f 1253 1500 1501
f 1506 1507 1508
f 1505 1507 1506
f 1507 1509 1508
f 1511 1503 1504
f 1510 1503 1511
f 1248 1256 1511
f 1504 1248 1511
f 1255 1506 1258
f 1259 1258 1506
f 1508 1259 1506
f 1508 1509 1512
f 1508 1512 1259
f 1259 1512 1260
f 1261 1260 1513
f 1260 1512 1513
f 1513 1263 1261
f 1514 1263 1513
f 1516 1510 1511
f 1515 1510 1516
f 1256 1264 1516
f 1511 1256 1516
f 1263 1514 1517
f 1265 1263 1517
f 1266 1265 1518
f 1265 1517 1518
f 1267 1266 1519
f 1266 1518 1519
f 1268 1267 1520
f 1267 1519 1520
f 1269 1268 1521
f 1268 1520 1521
f 1270 1269 1522
f 1269 1521 1522
f 1271 1270 1523
f 1270 1522 1523
f 1272 1271 1524
f 1271 1523 1524
f 1273 1272 1525
f 1272 1524 1525
f 1274 1273 1526
f 1273 1525 1526
f 1276 1274 1527
f 1274 1526 1527
f 1278 1276 1528
f 1276 1527 1528
f 1280 1278 1529
f 1278 1528 1529
f 1529 1282 1280
f 1530 1282 1529
f 1532 1515 1516
f 1531 1515 1532
f 1264 1283 1532
f 1516 1264 1532
f 1282 1530 1533
f 1284 1282 1533
f 1285 1534 1535
f 1285 1284 1534
f 1284 1533 1534
f 1534 1536 1535
f 1538 1531 1532
f 1537 1531 1538
f 1283 1286 1538
f 1532 1283 1538
f 1285 1535 1287
f 1535 1536 1539
f 1535 1539 1287
f 1287 1539 1288
f 1289 1288 1540
f 1288 1539 1540
f 1290 1289 1541
f 1289 1540 1541
f 1291 1542 1543
f 1291 1290 1542
f 1290 1541 1542
f 1542 1544 1543
f 1546 1537 1538
f 1545 1537 1546
f 1286 1292 1546
f 1538 1286 1546
f 1291 1543 1293
f 1543 1544 1547
f 1543 1547 1293
f 1293 1547 1294
f 1295 1294 1548
f 1294 1547 1548
f 1296 1295 1549
f 1295 1548 1549
f 1298 1296 1550
f 1296 1549 1550
f 1300 1298 1551
f 1298 1550 1551
f 1302 1300 1552
f 1300 1551 1552
f 1304 1302 1553
f 1302 1552 1553
f 1306 1304 1554
f 1304 1553 1554
f 1308 1555 1556
f 1308 1306 1555
f 1306 1554 1555
f 1555 1557 1556
f 1559 1545 1546
f 1558 1545 1559
f 1292 1309 1559
f 1546 1292 1559
f 1308 1556 1310
f 1556 1557 1560
f 1556 1560 1310
f 1310 1560 1311
f 1312 1311 1561
f 1311 1560 1561
f 1313 1312 1562
f 1312 1561 1562
f 1315 1313 1563
f 1313 1562 1563
f 1317 1564 1565
f 1317 1315 1564
f 1315 1563 1564
f 1564 1566 1565
f 1568 1558 1559
f 1567 1558 1568
f 1309 1318 1568
f 1559 1309 1568
f 1317 1565 1319
f 1565 1566 1569
f 1565 1569 1319
f 1319 1569 1320
f 1569 1322 1320
f 1570 1322 1569
f 1572 1567 1568
f 1571 1567 1572
f 1318 1323 1572
f 1568 1318 1572
f 1573 1574 1325
f 1573 1325 1570
f 1570 1325 1322
f 1573 1575 1574
f 1572 1576 1571
f 1576 1572 1323
f 1576 1323 1577
f 1577 1323 1326
f 1325 1574 1329
f 1574 1331 1329
f 1574 1575 1331
f 1575 1578 1331
f 1326 1332 1577
f 1577 1332 1579
f 1331 1578 1336
f 1578 1580 1336
f 1583 1582 1581
f 1583 1581 1579
f 1583 1579 1337
f 1337 1579 1332
f 1339 1584 1340
f 1339 1585 1584
f 1339 1336 1585
f 1336 1580 1585
f 1587 1582 1583
f 1586 1582 1587
f 1337 1341 1587
f 1583 1337 1587
f 1584 1588 1589
f 1584 1589 1340
f 1340 1589 1343
f 1585 1588 1584
f 1591 1586 1587
f 1590 1586 1591
f 1341 1344 1591
f 1587 1341 1591
f 1347 1592 1348
f 1594 1592 1347
f 1594 1347 1593
f 1593 1347 1349
f 1589 1349 1343
f 1593 1349 1589
f 1596 1590 1591
f 1595 1590 1596
f 1344 1350 1596
f 1591 1344 1596
f 1357 1597 1358
f 1599 1597 1357
f 1599 1357 1598
f 1598 1357 1359
f 1360 1600 1359
f 1359 1600 1598
f 1361 1601 1360
f 1360 1601 1600
f 1362 1602 1361
f 1361 1602 1601
f 1592 1362 1348
f 1592 1603 1362
f 1603 1602 1362
f 1594 1603 1592
f 1605 1595 1596
f 1604 1595 1605
f 1350 1363 1605
f 1596 1350 1605
f 1364 1606 1607
f 1365 1364 1607
f 1366 1608 1364
f 1364 1608 1606
f 1367 1609 1366
f 1366 1609 1608
f 1368 1610 1367
f 1367 1610 1609
f 1369 1611 1368
f 1368 1611 1610
f 1370 1612 1369
f 1369 1612 1611
f 1371 1613 1370
f 1370 1613 1612
f 1372 1614 1371
f 1371 1614 1613
f 1373 1615 1372
f 1372 1615 1614
f 1597 1373 1358
f 1597 1616 1373
f 1616 1615 1373
f 1599 1616 1597
f 1618 1604 1605
f 1617 1604 1618
f 1363 1374 1618
f 1605 1363 1618
f 1376 1619 1377
f 1621 1619 1376
f 1621 1376 1620
f 1620 1376 1378
f 1379 1622 1378
f 1378 1622 1620
f 1380 1623 1379
f 1379 1623 1622
f 1607 1380 1365
f 1623 1380 1607
f 1625 1617 1618
f 1624 1617 1625
f 1374 1381 1625
f 1618 1374 1625
f 1384 1626 1627
f 1385 1384 1627
f 1626 1384 1386
f 1628 1626 1386
f 1391 1629 1392
f 1631 1629 1391
f 1631 1391 1630
f 1630 1391 1393
f 1619 1393 1377
f 1619 1632 1393
f 1632 1630 1393
f 1621 1632 1619
f 1625 1633 1624
f 1633 1625 1381
f 1633 1381 1634
f 1634 1381 1394
f 1400 1635 1401
f 1637 1635 1400
f 1637 1400 1636
f 1636 1400 1402
f 1403 1638 1402
f 1402 1638 1636
f 1404 1639 1403
f 1403 1639 1638
f 1405 1640 1404
f 1404 1640 1639
f 1627 1405 1385
f 1640 1405 1627
f 1386 1641 1628
f 1406 1641 1386
f 1407 1642 1406
f 1406 1642 1641
f 1408 1643 1407
f 1407 1643 1642
f 1409 1644 1408
f 1408 1644 1643
f 1410 1645 1409
f 1409 1645 1644
f 1411 1646 1410
f 1410 1646 1645
f 1412 1647 1411
f 1411 1647 1646
f 1413 1648 1412
f 1412 1648 1647
f 1629 1413 1392
f 1629 1649 1413
f 1649 1648 1413
f 1631 1649 1629
f 1651 1394 1414
f 1651 1650 1394
f 1650 1634 1394
f 1414 1415 1651
f 1418 1652 1419
f 1418 1420 1653
f 1652 1418 1653
f 1655 1653 1420
f 1655 1420 1654
f 1654 1420 1421
f 1422 1656 1421
f 1421 1656 1654
f 1423 1657 1422
f 1422 1657 1656
f 1635 1423 1401
f 1635 1658 1423
f 1658 1657 1423
f 1637 1658 1635
f 1660 1650 1651
f 1659 1650 1660
f 1415 1424 1661
f 1415 1661 1651
f 1651 1661 1660
f 1424 1425 1662
f 1661 1424 1662
f 1425 1664 1662
f 1419 1664 1425
f 1419 1663 1664
f 1419 1652 1663
f 1653 1663 1652
f 1665 1663 1653
f 1655 1665 1653
f 1667 1659 1660
f 1666 1659 1667
f 1661 1668 1660
f 1668 1667 1660
f 1670 1662 1669
f 1670 1668 1662
f 1668 1661 1662
f 1664 1669 1662
f 1672 1666 1667
f 1671 1666 1672
f 1668 1673 1667
f 1673 1672 1667
f 1674 1668 1670
f 1673 1668 1674
f 1676 1671 1672
f 1675 1671 1676
f 1673 1677 1672
f 1677 1676 1672
f 1678 1673 1674
f 1677 1673 1678
f 1680 1675 1676
f 1679 1675 1680
f 1677 1681 1676
f 1681 1680 1676
f 1682 1677 1678
f 1681 1677 1682
f 1685 1684 1683
f 1683 1686 1685
f 1688 1679 1680
f 1687 1679 1688
f 1681 1689 1680
f 1689 1688 1680
f 1690 1681 1682
f 1689 1681 1690
f 1693 1692 1691
f 1693 1694 1695
f 1691 1694 1693
f 1684 1695 1694
f 1684 1685 1695
f 1685 1696 1695
f 1697 1685 1686
f 1696 1685 1697
f 1699 1687 1688
f 1698 1687 1699
f 1701 1689 1700
f 1701 1699 1689
f 1699 1688 1689
f 1690 1700 1689
f 1693 1702 1692
f 1695 1702 1693
f 1703 1702 1695
f 1696 1703 1695
f 1704 1703 1696
f 1697 1704 1696
f 1699 1705 1698
f 1701 1705 1699
f 1708 1707 1706
f 1708 1709 1710
f 1706 1709 1708
f 1710 1711 1712
f 1709 1711 1710
f 1712 1713 1714
f 1711 1713 1712
f 1714 1715 1716
f 1713 1715 1714
f 1715 1717 1716
f 1719 1707 1708
f 1718 1707 1719
f 1710 1720 1708
f 1720 1719 1708
f 1712 1721 1710
f 1721 1720 1710
f 1714 1722 1712
f 1722 1721 1712
f 1716 1723 1714
f 1723 1722 1714
f 1724 1716 1717
f 1723 1716 1724
f 1726 1718 1719
f 1725 1718 1726
f 1720 1727 1719
f 1727 1726 1719
f 1721 1728 1720
f 1728 1727 1720
f 1722 1729 1721
f 1729 1728 1721
f 1731 1723 1730
f 1731 1729 1723
f 1729 1722 1723
f 1724 1730 1723
f 1733 1725 1726
f 1732 1725 1733
f 1426 1427 1733
f 1426 1733 1727
f 1727 1733 1726
f 1429 1426 1727
f 1429 1727 1734
f 1734 1727 1728
f 1736 1729 1735
f 1736 1734 1729
f 1734 1728 1729
f 1731 1735 1729
f 1738 1732 1733
f 1737 1732 1738
f 1427 1430 1738
f 1733 1427 1738
f 1734 1739 1432
f 1429 1734 1432
f 1740 1734 1736
f 1740 1741 1734
f 1741 1739 1734
f 1740 1742 1741
f 1744 1737 1738
f 1743 1737 1744
f 1430 1433 1744
f 1738 1430 1744
f 1739 1745 1435
f 1432 1739 1435
f 1741 1746 1739
f 1746 1745 1739
f 1747 1741 1742
f 1746 1741 1747
f 1749 1743 1744
f 1748 1743 1749
f 1433 1436 1749
f 1744 1433 1749
f 1435 1745 1438
f 1440 1438 1745
f 1440 1745 1750
f 1750 1745 1746
f 1751 1746 1747
f 1751 1752 1746
f 1752 1750 1746
f 1752 1753 1754
f 1751 1753 1752
f 1754 1755 1756
f 1753 1755 1754
f 1755 1757 1756
f 1759 1748 1749
f 1758 1748 1759
f 1436 1441 1759
f 1749 1436 1759
f 1440 1750 1444
f 1446 1444 1750
f 1752 1446 1750
f 1448 1446 1752
f 1754 1448 1752
f 1450 1448 1754
f 1756 1450 1754
f 1452 1760 1761
f 1450 1760 1452
f 1450 1757 1760
f 1450 1756 1757
f 1760 1762 1761
f 1764 1758 1759
f 1763 1758 1764
f 1441 1453 1764
f 1759 1441 1764
f 1452 1761 1460
f 1462 1765 1766
f 1460 1765 1462
f 1460 1762 1765
f 1460 1761 1762
f 1765 1767 1766
f 1769 1763 1764
f 1768 1763 1769
f 1453 1463 1769
f 1764 1453 1769
f 1766 1770 1471
f 1462 1766 1471
f 1771 1766 1767
f 1771 1772 1766
f 1772 1770 1766
f 1771 1773 1772
f 1775 1768 1769
f 1774 1768 1775
f 1463 1472 1775
f 1769 1463 1775
f 1478 1776 1479
f 1478 1480 1777
f 1776 1478 1777
f 1480 1471 1770
f 1480 1770 1777
f 1777 1770 1778
f 1772 1779 1770
f 1779 1778 1770
f 1780 1772 1773
f 1780 1781 1772
f 1781 1779 1772
f 1781 1782 1783
f 1780 1782 1781
f 1782 1784 1783
f 1787 1786 1785
f 1785 1788 1787
f 1790 1774 1775
f 1789 1774 1790
f 1472 1481 1790
f 1775 1472 1790
f 1776 1791 1487
f 1479 1776 1487
f 1777 1792 1776
f 1792 1791 1776
f 1778 1793 1777
f 1793 1792 1777
f 1779 1794 1778
f 1794 1793 1778
f 1781 1795 1779
f 1795 1794 1779
f 1783 1796 1781
f 1796 1795 1781
f 1797 1783 1784
f 1797 1798 1783
f 1798 1796 1783
f 1786 1798 1797
f 1786 1787 1798
f 1787 1799 1798
f 1800 1787 1788
f 1800 1801 1787
f 1801 1799 1787
f 1801 1802 1803
f 1800 1802 1801
f 1802 1804 1803
f 1806 1789 1790
f 1805 1789 1806
f 1481 1488 1806
f 1790 1481 1806
f 1493 1807 1494
f 1493 1487 1791
f 1493 1791 1807
f 1807 1791 1808
f 1810 1792 1809
f 1810 1808 1792
f 1808 1791 1792
f 1793 1809 1792
f 1811 1809 1793
f 1794 1811 1793
f 1812 1811 1794
f 1795 1812 1794
f 1813 1812 1795
f 1796 1813 1795
f 1814 1813 1796
f 1798 1814 1796
f 1815 1814 1798
f 1799 1815 1798
f 1816 1815 1799
f 1801 1816 1799
f 1817 1816 1801
f 1803 1817 1801
f 1818 1817 1803
f 1804 1818 1803
f 1820 1805 1806
f 1819 1805 1820
f 1488 1495 1820
f 1806 1488 1820
f 1494 1807 1497
f 1499 1497 1807
f 1808 1499 1807
f 1808 1501 1499
f 1808 1810 1501
f 1810 1821 1501
f 1502 1819 1820
f 1502 1503 1819
f 1503 1822 1819
f 1495 1502 1820
f 1501 1821 1823
f 1505 1501 1823
f 1507 1505 1824
f 1505 1823 1824
f 1824 1509 1507
f 1825 1509 1824
f 1503 1510 1822
f 1822 1510 1826
f 1509 1825 1827
f 1512 1509 1827
f 1513 1512 1828
f 1512 1827 1828
f 1514 1829 1830
f 1514 1513 1829
f 1513 1828 1829
f 1829 1831 1830
f 1510 1515 1826
f 1826 1515 1832
f 1514 1830 1517
f 1830 1831 1833
f 1830 1833 1517
f 1517 1833 1518
f 1519 1518 1834
f 1518 1833 1834
f 1520 1519 1835
f 1519 1834 1835
f 1521 1520 1836
f 1520 1835 1836
f 1522 1521 1837
f 1521 1836 1837
f 1523 1522 1838
f 1522 1837 1838
f 1524 1523 1839
f 1523 1838 1839
f 1525 1524 1840
f 1524 1839 1840
f 1526 1525 1841
f 1525 1840 1841
f 1527 1526 1842
f 1526 1841 1842
f 1528 1527 1843
f 1527 1842 1843
f 1529 1528 1844
f 1528 1843 1844
f 1844 1530 1529
f 1845 1530 1844
f 1515 1531 1832
f 1832 1531 1846
f 1530 1845 1847
f 1533 1530 1847
f 1849 1847 1848
f 1849 1534 1847
f 1534 1533 1847
f 1534 1849 1536
f 1531 1537 1846
f 1846 1537 1850
f 1849 1848 1851
f 1536 1849 1851
f 1536 1851 1539
f 1539 1851 1852
f 1540 1539 1853
f 1539 1852 1853
f 1541 1540 1854
f 1540 1853 1854
f 1542 1541 1855
f 1541 1854 1855
f 1855 1544 1542
f 1856 1544 1855
f 1537 1545 1850
f 1850 1545 1857
f 1544 1856 1858
f 1547 1544 1858
f 1548 1547 1859
f 1547 1858 1859
f 1549 1548 1860
f 1548 1859 1860
f 1550 1549 1861
f 1549 1860 1861
f 1551 1550 1862
f 1550 1861 1862
f 1552 1551 1863
f 1551 1862 1863
f 1553 1552 1864
f 1552 1863 1864
f 1554 1553 1865
f 1553 1864 1865
f 1555 1554 1866
f 1554 1865 1866
f 1557 1867 1868
f 1557 1555 1867
f 1555 1866 1867
f 1867 1869 1868
f 1545 1558 1857
f 1857 1558 1870
f 1557 1868 1560
f 1868 1869 1871
f 1868 1871 1560
f 1560 1871 1561
f 1562 1561 1872
f 1561 1871 1872
f 1563 1562 1873
f 1562 1872 1873
f 1564 1563 1874
f 1563 1873 1874
f 1874 1566 1564
f 1875 1566 1874
f 1558 1567 1870
f 1870 1567 1876
f 1566 1875 1877
f 1569 1566 1877
f 1877 1570 1569
f 1878 1570 1877
f 1567 1571 1876
f 1876 1571 1879
f 1570 1878 1880
f 1573 1570 1880
f 1880 1575 1573
f 1881 1575 1880
f 1883 1571 1576
f 1883 1882 1571
f 1882 1879 1571
f 1576 1577 1883
f 1575 1881 1578
f 1881 1884 1578
f 1886 1882 1883
f 1885 1882 1886
f 1577 1579 1886
f 1883 1577 1886
f 1578 1884 1580
f 1884 1887 1580
f 1581 1885 1886
f 1581 1582 1885
f 1582 1888 1885
f 1579 1581 1886
f 1580 1887 1585
f 1887 1889 1585
f 1582 1586 1888
f 1888 1586 1890
f 1588 1891 1892
f 1589 1588 1892
f 1889 1588 1585
f 1891 1588 1889
f 1586 1590 1890
f 1890 1590 1893
f 1593 1894 1895
f 1594 1593 1895
f 1892 1593 1589
f 1894 1593 1892
f 1590 1595 1893
f 1893 1595 1896
f 1598 1897 1599
f 1899 1897 1598
f 1899 1598 1898
f 1898 1598 1600
f 1601 1900 1600
f 1600 1900 1898
f 1602 1901 1601
f 1601 1901 1900
f 1603 1902 1602
f 1602 1902 1901
f 1895 1603 1594
f 1902 1603 1895
f 1595 1604 1896
f 1896 1604 1903
f 1606 1904 1607
f 1906 1904 1606
f 1906 1606 1905
f 1905 1606 1608
f 1609 1907 1608
f 1608 1907 1905
f 1610 1908 1609
f 1609 1908 1907
f 1611 1909 1610
f 1610 1909 1908
f 1612 1910 1611
f 1611 1910 1909
f 1613 1911 1612
f 1612 1911 1910
f 1614 1912 1613
f 1613 1912 1911
f 1615 1913 1614
f 1614 1913 1912
f 1616 1914 1615
f 1615 1914 1913
f 1897 1616 1599
f 1897 1915 1616
f 1915 1914 1616
f 1899 1915 1897
f 1604 1617 1903
f 1903 1617 1916
f 1919 1917 1918
f 1919 1621 1620
f 1919 1620 1917
f 1917 1620 1920
f 1622 1921 1620
f 1620 1921 1920
f 1623 1922 1622
f 1622 1922 1921
f 1904 1623 1607
f 1904 1923 1623
f 1923 1922 1623
f 1906 1923 1904
f 1617 1624 1916
f 1916 1624 1924
f 1626 1925 1926
f 1627 1626 1926
f 1628 1928 1927
f 1628 1927 1626
f 1626 1927 1925
f 1927 1928 1929
f 1630 1930 1931
f 1631 1630 1931
f 1918 1632 1919
f 1918 1930 1632
f 1930 1630 1632
f 1621 1919 1632
f 1933 1624 1633
f 1933 1932 1624
f 1932 1924 1624
f 1633 1634 1933
f 1636 1934 1935
f 1637 1636 1935
f 1638 1936 1636
f 1636 1936 1934
f 1639 1937 1638
f 1638 1937 1936
f 1640 1938 1639
f 1639 1938 1937
f 1926 1640 1627
f 1938 1640 1926
f 1628 1641 1928
f 1928 1939 1929
f 1928 1641 1939
f 1641 1642 1939
f 1643 1940 1642
f 1642 1940 1939
f 1644 1941 1643
f 1643 1941 1940
f 1943 1942 1941
f 1943 1941 1645
f 1645 1941 1644
f 1945 1943 1645
f 1945 1645 1944
f 1944 1645 1646
f 1647 1946 1646
f 1646 1946 1944
f 1648 1947 1647
f 1647 1947 1946
f 1649 1948 1648
f 1648 1948 1947
f 1931 1649 1631
f 1948 1649 1931
f 1950 1932 1933
f 1949 1932 1950
f 1634 1650 1950
f 1933 1634 1950
f 1654 1951 1655
f 1953 1951 1654
f 1953 1654 1952
f 1952 1654 1656
f 1657 1954 1656
f 1656 1954 1952
f 1658 1955 1657
f 1657 1955 1954
f 1935 1658 1637
f 1955 1658 1935
f 1943 1956 1942
f 1945 1956 1943
f 1958 1949 1950
f 1957 1949 1958
f 1650 1659 1958
f 1950 1650 1958
f 1663 1959 1664
f 1961 1959 1663
f 1961 1663 1960
f 1960 1663 1665
f 1951 1665 1655
f 1951 1962 1665
f 1962 1960 1665
f 1953 1962 1951
f 1964 1957 1958
f 1963 1957 1964
f 1659 1666 1964
f 1958 1659 1964
f 1669 1965 1670
f 1669 1664 1959
f 1669 1959 1965
f 1965 1959 1966
f 1967 1959 1961
f 1966 1959 1967
f 1969 1963 1964
f 1968 1963 1969
f 1666 1671 1969
f 1964 1666 1969
f 1965 1970 1674
f 1670 1965 1674
f 1966 1971 1965
f 1971 1970 1965
f 1972 1966 1967
f 1971 1966 1972
f 1975 1974 1973
f 1973 1976 1975
f 1979 1978 1977
f 1977 1980 1979
f 1982 1968 1969
f 1981 1968 1982
f 1671 1675 1982
f 1969 1671 1982
f 1970 1983 1678
f 1674 1970 1678
f 1971 1984 1970
f 1984 1983 1970
f 1985 1971 1972
f 1985 1986 1971
f 1986 1984 1971
f 1986 1987 1988
f 1985 1987 1986
f 1988 1989 1990
f 1987 1989 1988
f 1990 1991 1992
f 1989 1991 1990
f 1992 1993 1994
f 1991 1993 1992
f 1994 1995 1996
f 1993 1995 1994
f 1996 1997 1998
f 1995 1997 1996
f 1997 1999 1998
f 1975 2000 1974
f 1976 2000 1975
f 1979 2001 1978
f 1980 2001 1979
f 2003 1981 1982
f 2002 1981 2003
f 1675 1679 2003
f 1982 1675 2003
f 1983 2004 1682
f 1678 1983 1682
f 1984 2005 1983
f 2005 2004 1983
f 1986 2006 1984
f 2006 2005 1984
f 1988 2007 1986
f 2007 2006 1986
f 1683 1684 2007
f 1683 2007 1990
f 1990 2007 1988
f 1686 1683 1990
f 1686 1990 2008
f 2008 1990 1992
f 1994 2009 1992
f 2009 2008 1992
f 2011 1996 2010
f 2011 2009 1996
f 2009 1994 1996
f 1998 2010 1996
f 2012 2010 1998
f 1999 2012 1998
f 2014 2002 2003
f 2013 2002 2014
f 1679 1687 2014
f 2003 1679 2014
f 2004 2015 1690
f 1682 2004 1690
f 2005 2016 2004
f 2016 2015 2004
f 1691 1692 2016
f 1691 2016 2006
f 2006 2016 2005
f 1694 1691 2006
f 2007 1694 2006
f 1684 1694 2007
f 2008 2017 1697
f 1686 2008 1697
f 2019 2009 2018
f 2019 2017 2009
f 2017 2008 2009
f 2011 2018 2009
f 2021 2013 2014
f 2020 2013 2021
f 1687 1698 2021
f 2014 1687 2021
f 1700 2022 1701
f 1700 1690 2015
f 1700 2015 2022
f 2022 2015 2023
f 2016 2024 2015
f 2024 2023 2015
f 1692 1702 2025
f 1692 2025 2016
f 2016 2025 2024
f 1702 1703 2026
f 2025 1702 2026
f 1703 1704 2027
f 2026 1703 2027
f 1704 2029 2027
f 1697 2029 1704
f 1697 2028 2029
f 1697 2017 2028
f 2019 2028 2017
f 2031 2020 2021
f 2030 2020 2031
f 1698 1705 2032
f 1698 2032 2021
f 2021 2032 2031
f 1705 1701 2022
f 1705 2022 2032
f 2032 2022 2033
f 2023 2034 2022
f 2034 2033 2022
f 2024 2035 2023
f 2035 2034 2023
f 2025 2036 2024
f 2036 2035 2024
f 2026 2037 2025
f 2037 2036 2025
f 2039 2027 2038
f 2039 2037 2027
f 2037 2026 2027
f 2029 2038 2027
f 2041 2030 2031
f 2040 2030 2041
f 2032 2042 2031
f 2042 2041 2031
f 2033 2043 2032
f 2043 2042 2032
f 2045 2034 2044
f 2045 2043 2034
f 2043 2033 2034
f 2035 2044 2034
f 2046 2044 2035
f 2036 2046 2035
f 2047 2046 2036
f 2037 2047 2036
f 2048 2047 2037
f 2039 2048 2037
f 2050 2040 2041
f 2049 2040 2050
f 2042 2051 2041
f 2051 2050 2041
f 2043 2052 2042
f 2052 2051 2042
f 2053 2043 2045
f 2052 2043 2053
f 2055 2049 2050
f 2054 2049 2055
f 2051 2056 2050
f 2056 2055 2050
f 2052 2057 2051
f 2057 2056 2051
f 2058 2052 2053
f 2057 2052 2058
f 2060 2054 2055
f 2059 2054 2060
f 2056 2061 2055
f 2061 2060 2055
f 2057 2062 2056
f 2062 2061 2056
f 2063 2057 2058
f 2063 2064 2057
f 2064 2062 2057
f 2063 2065 2064
f 2067 2059 2060
f 2066 2059 2067
f 2061 2068 2060
f 2068 2067 2060
f 2062 2069 2061
f 2069 2068 2061
f 2064 2070 2062
f 2070 2069 2062
f 2071 2064 2065
f 2071 2072 2064
f 2072 2070 2064
f 2071 2073 2072
f 2075 2066 2067
f 2074 2066 2075
f 2068 2076 2067
f 2076 2075 2067
f 2069 2077 2068
f 2077 2076 2068
f 2070 2078 2069
f 2078 2077 2069
f 2072 2079 2070
f 2079 2078 2070
f 2080 2072 2073
f 2079 2072 2080
f 2075 2081 2074
f 2076 2081 2075
f 2082 2081 2076
f 2077 2082 2076
f 2083 2082 2077
f 2078 2083 2077
f 2084 2083 2078
f 2079 2084 2078
f 2085 2084 2079
f 2080 2085 2079
f 2088 2087 2086
f 2088 1706 1707
f 2088 2086 1706
f 2086 2089 1706
f 1709 1706 2090
f 1706 2089 2090
f 1711 1709 2091
f 1709 2090 2091
f 1713 1711 2092
f 1711 2091 2092
f 1715 1713 2093
f 1713 2092 2093
f 1717 2094 2095
f 1717 1715 2094
f 1715 2093 2094
f 2094 2096 2095
f 2098 2087 2088
f 2097 2087 2098
f 1707 1718 2098
f 2088 1707 2098
f 2095 2099 1724
f 1717 2095 1724
f 2100 2095 2096
f 2099 2095 2100
f 2102 2097 2098
f 2101 2097 2102
f 1718 1725 2102
f 2098 1718 2102
f 1730 2103 1731
f 1730 2105 2103
f 1724 2105 1730
f 1724 2104 2105
f 1724 2099 2104
f 2100 2104 2099
f 2107 2101 2102
f 2106 2101 2107
f 1725 1732 2107
f 2102 1725 2107
f 1735 2108 1736
f 1735 2110 2108
f 1731 2110 1735
f 1731 2109 2110
f 1731 2103 2109
f 2105 2109 2103
f 2112 2106 2107
f 2111 2106 2112
f 1732 1737 2112
f 2107 1732 2112
f 1736 2108 1740
f 1742 2113 2114
f 1740 2113 1742
f 1740 2110 2113
f 1740 2108 2110
f 2113 2115 2114
f 2117 2111 2112
f 2116 2111 2117
f 1737 1743 2117
f 2112 1737 2117
f 2114 2118 1747
f 1742 2114 1747
f 2119 2114 2115
f 2119 2120 2114
f 2120 2118 2114
f 2120 2121 2122
f 2119 2121 2120
f 2121 2123 2122
f 2117 2124 2116
f 2124 2117 1743
f 2124 1743 2125
f 2125 1743 1748
f 1747 2118 1751
f 1753 1751 2118
f 2120 1753 2118
f 1755 1753 2120
f 2122 1755 2120
f 1757 2126 2127
f 1755 2126 1757
f 1755 2123 2126
f 1755 2122 2123
f 2126 2128 2127
f 1748 1758 2125
f 2125 1758 2129
f 1757 2127 1760
f 1762 2130 2131
f 1760 2130 1762
f 1760 2128 2130
f 1760 2127 2128
f 2130 2132 2131
f 1758 1763 2129
f 2129 1763 2133
f 1762 2131 1765
f 2131 1767 1765
f 2131 2132 1767
f 2132 2134 1767
f 1763 1768 2133
f 2133 1768 2135
f 1767 2134 2136
f 1771 1767 2136
f 1773 2137 2138
f 1773 1771 2137
f 1771 2136 2137
f 2137 2139 2138
f 1768 1774 2135
f 2135 1774 2140
f 1773 2138 1780
f 2138 2139 2141
f 2138 2141 1780
f 1780 2141 1782
f 1784 2142 2143
f 1784 1782 2142
f 1782 2141 2142
f 2143 1785 1786
f 2143 2142 1785
f 2142 2144 1785
f 1788 2145 2146
f 1788 1785 2145
f 1785 2144 2145
f 2146 2147 2148
f 2145 2147 2146
f 2148 2149 2150
f 2147 2149 2148
f 2149 2151 2150
f 1774 1789 2140
f 2140 1789 2152
f 1784 2143 1797
f 1786 1797 2143
f 1788 2146 1800
f 1802 1800 2146
f 2148 1802 2146
f 1804 1802 2148
f 1804 2148 2153
f 2153 2148 2150
f 2154 2150 2151
f 2154 2155 2150
f 2155 2153 2150
f 2155 2156 2157
f 2154 2156 2155
f 2156 2158 2157
f 1789 1805 2152
f 2152 1805 2159
f 1809 2160 1810
f 1809 1811 2161
f 2160 1809 2161
f 2163 2161 1811
f 2163 1811 2162
f 2162 1811 1812
f 1813 2164 1812
f 1812 2164 2162
f 1814 2165 1813
f 1813 2165 2164
f 2167 2166 2165
f 2167 2165 1815
f 1815 2165 1814
f 1815 1816 2168
f 2167 1815 2168
f 2170 2168 1816
f 2170 1816 2169
f 2169 1816 1817
f 1818 2171 1817
f 1817 2171 2169
f 2153 1818 1804
f 2153 2172 1818
f 2172 2171 1818
f 2172 2174 2173
f 2172 2153 2174
f 2153 2155 2174
f 2157 2175 2155
f 2175 2174 2155
f 2176 2157 2158
f 2176 2177 2157
f 2177 2175 2157
f 2176 2178 2177
f 2181 2180 2179
f 2181 2179 2159
f 2181 2159 1819
f 1819 2159 1805
f 2160 2182 1821
f 1810 2160 1821
f 2184 2161 2183
f 2184 2182 2161
f 2182 2160 2161
f 2163 2183 2161
f 2167 2185 2166
f 2168 2185 2167
f 2186 2185 2168
f 2170 2186 2168
f 2174 2187 2173
f 2175 2187 2174
f 2188 2187 2175
f 2188 2190 2189
f 2188 2175 2190
f 2175 2177 2190
f 2191 2177 2178
f 2190 2177 2191
f 2193 2180 2181
f 2192 2180 2193
f 1819 1822 2193
f 2181 1819 2193
f 1821 2182 1823
f 2182 2184 2194
f 2182 2194 1823
f 1823 2194 1824
f 1825 2195 2196
f 1825 1824 2195
f 1824 2194 2195
f 2195 2197 2196
f 2190 2198 2189
f 2191 2198 2190
f 2200 2192 2193
f 2199 2192 2200
f 1822 1826 2200
f 2193 1822 2200
f 1825 2196 1827
f 2196 2197 2201
f 2196 2201 1827
f 1827 2201 1828
f 1829 1828 2202
f 1828 2201 2202
f 2202 1831 1829
f 2203 1831 2202
f 2205 2199 2200
f 2204 2199 2205
f 1826 1832 2205
f 2200 1826 2205
f 1831 2203 2206
f 1833 1831 2206
f 1834 1833 2207
f 1833 2206 2207
f 1835 1834 2208
f 1834 2207 2208
f 2210 2208 2209
f 2210 1836 2208
f 1836 1835 2208
f 1836 2211 1837
f 2210 2211 1836
f 2213 1837 2211
f 2213 2212 1837
f 2212 1838 1837
f 1839 1838 2214
f 1838 2212 2214
f 1840 1839 2215
f 1839 2214 2215
f 1841 1840 2216
f 1840 2215 2216
f 1842 1841 2217
f 1841 2216 2217
f 1843 1842 2218
f 1842 2217 2218
f 1844 1843 2219
f 1843 2218 2219
f 2219 1845 1844
f 2220 1845 2219
f 2222 2204 2205
f 2221 2204 2222
f 1832 1846 2222
f 2205 1832 2222
f 2210 2209 2223
f 2211 2210 2223
f 2224 2211 2223
f 2213 2211 2224
f 1845 2220 2225
f 1847 1845 2225
f 2225 1848 1847
f 2226 1848 2225
f 2228 2221 2222
f 2227 2221 2228
f 1846 1850 2228
f 2222 1846 2228
f 1848 2226 2229
f 1851 1848 2229
f 1852 1851 2230
f 1851 2229 2230
f 1853 1852 2231
f 1852 2230 2231
f 1854 1853 2232
f 1853 2231 2232
f 1855 1854 2233
f 1854 2232 2233
f 2233 1856 1855
f 2234 1856 2233
f 2236 2227 2228
f 2235 2227 2236
f 1850 1857 2236
f 2228 1850 2236
f 1856 2234 2237
f 1858 1856 2237
f 1859 1858 2238
f 1858 2237 2238
f 1860 1859 2239
f 1859 2238 2239
f 1861 1860 2240
f 1860 2239 2240
f 1862 1861 2241
f 1861 2240 2241
f 1863 1862 2242
f 1862 2241 2242
f 1864 1863 2243
f 1863 2242 2243
f 1865 1864 2244
f 1864 2243 2244
f 1866 1865 2245
f 1865 2244 2245
f 1867 1866 2246
f 1866 2245 2246
f 2246 1869 1867
f 2247 1869 2246
f 2249 2235 2236
f 2248 2235 2249
f 1857 1870 2249
f 2236 1857 2249
f 1869 2247 2250
f 1871 1869 2250
f 1872 1871 2251
f 1871 2250 2251
f 1873 1872 2252
f 1872 2251 2252
f 1874 1873 2253
f 1873 2252 2253
f 2253 1875 1874
f 2254 1875 2253
f 2256 2248 2249
f 2255 2248 2256
f 1870 1876 2256
f 2249 1870 2256
f 1875 2254 2257
f 1877 1875 2257
f 1878 2258 2259
f 1878 1877 2258
f 1877 2257 2258
f 2258 2260 2259
f 2262 2255 2256
f 2261 2255 2262
f 1876 1879 2262
f 2256 1876 2262
f 1878 2259 1880
f 2259 1881 1880
f 2259 2260 1881
f 2260 2263 1881
f 2262 2264 2261
f 2264 2262 1879
f 2264 1879 2265
f 2265 1879 1882
f 2266 2267 1884
f 2266 1884 2263
f 2263 1884 1881
f 2266 2268 2267
f 1882 1885 2265
f 2265 1885 2269
f 2267 2270 1887
f 1884 2267 1887
f 2271 2267 2268
f 2270 2267 2271
f 2274 2273 2272
f 2274 2272 2269
f 2274 2269 1888
f 1888 2269 1885
f 2270 2275 2276
f 2270 2276 1887
f 1887 2276 1889
f 2271 2275 2270
f 2278 2273 2274
f 2277 2273 2278
f 1888 1890 2278
f 2274 1888 2278
f 1891 2279 1892
f 1891 2280 2279
f 1891 1889 2280
f 1889 2276 2280
f 2282 2277 2278
f 2281 2277 2282
f 1890 1893 2282
f 2278 1890 2282
f 1894 2283 2284
f 1895 1894 2284
f 2279 1894 1892
f 2279 2285 1894
f 2285 2283 1894
f 2280 2285 2279
f 2287 2281 2282
f 2286 2281 2287
f 1893 1896 2287
f 2282 1893 2287
f 1898 2288 2289
f 1899 1898 2289
f 1900 2290 1898
f 1898 2290 2288
f 1901 2291 1900
f 1900 2291 2290
f 1902 2292 1901
f 1901 2292 2291
f 2284 1902 1895
f 2292 1902 2284
f 2294 2286 2287
f 2293 2286 2294
f 1896 1903 2294
f 2287 1896 2294
f 1905 2295 2296
f 1906 1905 2296
f 1907 2297 1905
f 1905 2297 2295
f 1908 2298 1907
f 1907 2298 2297
f 1909 2299 1908
f 1908 2299 2298
f 1910 2300 1909
f 1909 2300 2299
f 1911 2301 1910
f 1910 2301 2300
f 1912 2302 1911
f 1911 2302 2301
f 1913 2303 1912
f 1912 2303 2302
f 1914 2304 1913
f 1913 2304 2303
f 1915 2305 1914
f 1914 2305 2304
f 2289 1915 1899
f 2305 1915 2289
f 2307 2293 2294
f 2306 2293 2307
f 1903 1916 2307
f 2294 1903 2307
f 1917 2308 2309
f 1918 1917 2309
f 1920 2310 1917
f 1917 2310 2308
f 1921 2311 1920
f 1920 2311 2310
f 1922 2312 1921
f 1921 2312 2311
f 1923 2313 1922
f 1922 2313 2312
f 2296 1923 1906
f 2313 1923 2296
f 2315 2306 2307
f 2314 2306 2315
f 1916 1924 2315
f 2307 1916 2315
f 2318 2316 2317
f 2318 1926 1925
f 2318 1925 2316
f 2316 1925 2319
f 1927 2320 1925
f 1925 2320 2319
f 1929 2322 2321
f 1929 2321 1927
f 1927 2321 2320
f 2321 2322 2323
f 1930 2324 2325
f 1931 1930 2325
f 2309 1930 1918
f 2324 1930 2309
f 2315 2326 2314
f 2326 2315 1924
f 2326 1924 2327
f 2327 1924 1932
f 1934 2328 2329
f 1935 1934 2329
f 1936 2330 1934
f 1934 2330 2328
f 1937 2331 1936
f 1936 2331 2330
f 2317 1938 2318
f 2317 2331 1938
f 2331 1937 1938
f 1926 2318 1938
f 1929 1939 2322
f 2322 2332 2323
f 2322 1939 2332
f 1939 1940 2332
f 1941 2333 1940
f 1940 2333 2332
f 2333 1941 1942
f 2334 2333 1942
f 1944 2335 2336
f 1945 1944 2336
f 1946 2337 1944
f 1944 2337 2335
f 1947 2338 1946
f 1946 2338 2337
f 1948 2339 1947
f 1947 2339 2338
f 2325 1948 1931
f 2339 1948 2325
f 2342 2341 2340
f 2342 2340 2327
f 2342 2327 1949
f 1949 2327 1932
f 1952 2343 2344
f 1953 1952 2344
f 1954 2345 1952
f 1952 2345 2343
f 1955 2346 1954
f 1954 2346 2345
f 2329 1955 1935
f 2346 1955 2329
f 1942 2347 2334
f 1956 2347 1942
f 2336 1956 1945
f 2347 1956 2336
f 2342 2348 2341
f 2348 2342 1949
f 2348 1949 2349
f 2349 1949 1957
f 1960 2350 1961
f 2352 2350 1960
f 2352 1960 2351
f 2351 1960 1962
f 2344 1962 1953
f 2351 1962 2344
f 2355 2354 2353
f 2353 2356 2355
f 1957 1963 2349
f 2349 1963 2357
f 2350 2358 2359
f 2350 2359 1961
f 1961 2359 1967
f 2352 2358 2350
f 2362 2361 2360
f 2362 2363 2364
f 2360 2363 2362
f 2354 2364 2363
f 2354 2355 2364
f 2355 2365 2364
f 2366 2355 2356
f 2365 2355 2366
f 1963 1968 2357
f 2357 1968 2367
f 2368 2369 1972
f 2368 1972 2359
f 2359 1972 1967
f 2369 2370 2371
f 2368 2370 2369
f 2370 2372 2371
f 2375 2374 2373
f 2375 2376 2377
f 2373 2376 2375
f 2377 2378 2379
f 2376 2378 2377
f 2379 2380 2381
f 2378 2380 2379
f 2381 2382 2383
f 2380 2382 2381
f 2383 1973 1974
f 2383 2382 1973
f 2382 2384 1973
f 1976 2385 2386
f 1976 1973 2385
f 1973 2384 2385
f 2386 1977 1978
f 2386 2385 1977
f 2385 2387 1977
f 1980 2388 2389
f 1980 1977 2388
f 1977 2387 2388
f 2361 2389 2388
f 2361 2362 2389
f 2362 2390 2389
f 2364 2391 2362
f 2391 2390 2362
f 2393 2365 2392
f 2393 2391 2365
f 2391 2364 2365
f 2366 2392 2365
f 1968 1981 2367
f 2367 1981 2394
f 1972 2369 1985
f 1987 1985 2369
f 2371 1987 2369
f 2371 2372 2395
f 2371 2395 1987
f 1987 2395 1989
f 2374 2375 1991
f 2374 1991 2395
f 2395 1991 1989
f 1993 1991 2375
f 2377 1993 2375
f 1995 1993 2377
f 2379 1995 2377
f 1997 1995 2379
f 2381 1997 2379
f 1999 1997 2381
f 1999 2381 2396
f 2396 2381 2383
f 1974 2000 2397
f 1974 2397 2383
f 2383 2397 2396
f 2000 1976 2386
f 2000 2386 2397
f 2397 2386 2398
f 1978 2001 2399
f 1978 2399 2386
f 2386 2399 2398
f 2001 1980 2389
f 2001 2389 2399
f 2399 2389 2400
f 2402 2390 2401
f 2402 2400 2390
f 2400 2389 2390
f 2391 2401 2390
f 2403 2401 2391
f 2393 2403 2391
f 1981 2002 2394
f 2394 2002 2404
f 2010 2405 2011
f 2407 2405 2010
f 2407 2010 2406
f 2406 2010 2012
f 2396 2012 1999
f 2396 2408 2012
f 2408 2406 2012
f 2397 2408 2396
f 2409 2408 2397
f 2398 2409 2397
f 2410 2409 2398
f 2399 2410 2398
f 2411 2410 2399
f 2400 2411 2399
f 2412 2411 2400
f 2402 2412 2400
f 2002 2013 2404
f 2404 2013 2413
f 2018 2414 2415
f 2019 2018 2415
f 2405 2018 2011
f 2405 2416 2018
f 2416 2414 2018
f 2407 2416 2405
f 2013 2020 2413
f 2413 2020 2417
f 2028 2418 2029
f 2028 2419 2418
f 2028 2019 2419
f 2019 2415 2419
f 2020 2030 2417
f 2417 2030 2420
f 2038 2421 2039
f 2038 2423 2421
f 2029 2423 2038
f 2029 2422 2423
f 2029 2418 2422
f 2419 2422 2418
f 2030 2040 2420
f 2420 2040 2424
f 2044 2425 2045
f 2044 2046 2426
f 2425 2044 2426
f 2046 2047 2427
f 2426 2046 2427
f 2429 2427 2047
f 2429 2047 2428
f 2428 2047 2048
f 2421 2048 2039
f 2421 2430 2048
f 2430 2428 2048
f 2423 2430 2421
f 2040 2049 2424
f 2424 2049 2431
f 2425 2432 2053
f 2045 2425 2053
f 2434 2426 2433
f 2434 2432 2426
f 2432 2425 2426
f 2427 2433 2426
f 2435 2433 2427
f 2429 2435 2427
f 2438 2437 2436
f 2438 2436 2431
f 2438 2431 2054
f 2054 2431 2049
f 2432 2439 2058
f 2053 2432 2058
f 2440 2432 2434
f 2439 2432 2440
f 2442 2437 2438
f 2441 2437 2442
f 2054 2059 2442
f 2438 2054 2442
f 2058 2439 2063
f 2065 2443 2444
f 2063 2443 2065
f 2063 2440 2443
f 2063 2439 2440
f 2443 2445 2444
f 2447 2441 2442
f 2446 2441 2447
f 2059 2066 2447
f 2442 2059 2447
f 2065 2444 2071
f 2073 2448 2449
f 2071 2448 2073
f 2071 2445 2448
f 2071 2444 2445
f 2448 2450 2449
f 2452 2446 2447
f 2451 2446 2452
f 2066 2074 2452
f 2447 2066 2452
f 2449 2453 2080
f 2073 2449 2080
f 2454 2449 2450
f 2453 2449 2454
f 2452 2455 2451
f 2074 2455 2452
f 2074 2081 2455
f 2081 2456 2455
f 2082 2457 2081
f 2081 2457 2456
f 2083 2458 2082
f 2082 2458 2457
f 2084 2459 2083
f 2083 2459 2458
f 2085 2460 2084
f 2084 2460 2459
f 2453 2085 2080
f 2453 2461 2085
f 2461 2460 2085
f 2454 2461 2453
f 2464 2463 2462
f 2464 2465 2466
f 2462 2465 2464
f 2465 2467 2466
f 2086 2463 2464
f 2086 2087 2463
f 2087 2468 2463
f 2089 2086 2464
f 2466 2089 2464
f 2466 2467 2469
f 2466 2469 2089
f 2089 2469 2090
f 2091 2090 2470
f 2090 2469 2470
f 2092 2091 2471
f 2091 2470 2471
f 2093 2092 2472
f 2092 2471 2472
f 2094 2093 2473
f 2093 2472 2473
f 2473 2096 2094
f 2474 2096 2473
f 2087 2097 2468
f 2468 2097 2475
f 2096 2474 2100
f 2474 2476 2100
f 2097 2101 2475
f 2475 2101 2477
f 2104 2478 2105
f 2104 2479 2478
f 2104 2100 2479
f 2100 2476 2479
f 2101 2106 2477
f 2477 2106 2480
f 2109 2481 2110
f 2109 2105 2478
f 2109 2478 2481
f 2481 2478 2482
f 2483 2478 2479
f 2482 2478 2483
f 2106 2111 2480
f 2480 2111 2484
f 2110 2481 2113
f 2115 2113 2481
f 2115 2481 2485
f 2485 2481 2482
f 2486 2482 2483
f 2486 2487 2482
f 2487 2485 2482
f 2486 2488 2487
f 2111 2116 2484
f 2484 2116 2489
f 2115 2485 2119
f 2121 2119 2485
f 2487 2121 2485
f 2487 2123 2121
f 2487 2488 2123
f 2488 2490 2123
f 2492 2116 2124
f 2492 2491 2116
f 2491 2489 2116
f 2124 2125 2492
f 2123 2490 2493
f 2126 2123 2493
f 2493 2128 2126
f 2494 2128 2493
f 2496 2491 2492
f 2495 2491 2496
f 2125 2129 2496
f 2492 2125 2496
f 2128 2494 2497
f 2130 2128 2497
f 2497 2132 2130
f 2498 2132 2497
f 2500 2495 2496
f 2499 2495 2500
f 2129 2133 2500
f 2496 2129 2500
f 2501 2502 2134
f 2501 2134 2498
f 2498 2134 2132
f 2501 2503 2502
f 2505 2499 2500
f 2504 2499 2505
f 2133 2135 2505
f 2500 2133 2505
f 2134 2502 2136
f 2502 2503 2506
f 2502 2506 2136
f 2136 2506 2137
f 2139 2507 2508
f 2139 2137 2507
f 2137 2506 2507
f 2507 2509 2508
f 2511 2504 2505
f 2510 2504 2511
f 2135 2140 2511
f 2505 2135 2511
f 2139 2508 2141
f 2508 2509 2512
f 2508 2512 2141
f 2141 2512 2142
f 2144 2142 2513
f 2142 2512 2513
f 2145 2144 2514
f 2144 2513 2514
f 2147 2145 2515
f 2145 2514 2515
f 2149 2147 2516
f 2147 2515 2516
f 2151 2517 2518
f 2151 2149 2517
f 2149 2516 2517
f 2517 2519 2518
f 2521 2510 2511
f 2520 2510 2521
f 2140 2152 2521
f 2511 2140 2521
f 2151 2518 2154
f 2518 2519 2522
f 2518 2522 2154
f 2154 2522 2156
f 2158 2523 2524
f 2158 2156 2523
f 2156 2522 2523
f 2523 2525 2524
f 2527 2520 2521
f 2526 2520 2527
f 2152 2159 2527
f 2521 2152 2527
f 2162 2528 2163
f 2162 2164 2529
f 2528 2162 2529
f 2164 2165 2530
f 2529 2164 2530
f 2165 2166 2530
f 2169 2531 2170
f 2169 2171 2532
f 2531 2169 2532
f 2171 2172 2533
f 2532 2171 2533
f 2172 2173 2533
f 2158 2524 2176
f 2524 2178 2176
f 2524 2525 2178
f 2525 2534 2178
f 2179 2526 2527
f 2179 2180 2526
f 2180 2535 2526
f 2159 2179 2527
f 2183 2536 2537
f 2184 2183 2537
f 2528 2183 2163
f 2528 2538 2183
f 2538 2536 2183
f 2529 2538 2528
f 2539 2538 2529
f 2530 2539 2529
f 2540 2539 2530
f 2166 2540 2530
f 2166 2185 2540
f 2185 2541 2540
f 2186 2542 2185
f 2185 2542 2541
f 2531 2186 2170
f 2531 2543 2186
f 2543 2542 2186
f 2532 2543 2531
f 2544 2543 2532
f 2533 2544 2532
f 2545 2544 2533
f 2173 2545 2533
f 2173 2187 2545
f 2187 2546 2545
f 2188 2547 2187
f 2187 2547 2546
f 2547 2188 2189
f 2548 2547 2189
f 2549 2550 2191
f 2549 2191 2534
f 2534 2191 2178
f 2549 2551 2550
f 2180 2192 2535
f 2535 2192 2552
f 2184 2537 2553
f 2194 2184 2553
f 2195 2194 2554
f 2194 2553 2554
f 2554 2197 2195
f 2555 2197 2554
f 2189 2556 2548
f 2198 2556 2189
f 2191 2556 2198
f 2191 2558 2556
f 2191 2550 2558
f 2557 2556 2558
f 2559 2550 2551
f 2558 2550 2559
f 2192 2199 2552
f 2552 2199 2560
f 2197 2555 2561
f 2201 2197 2561
f 2563 2561 2562
f 2563 2202 2561
f 2202 2201 2561
f 2202 2563 2203
f 2558 2564 2557
f 2559 2564 2558
f 2199 2204 2560
f 2560 2204 2565
f 2563 2562 2566
f 2203 2563 2566
f 2203 2566 2206
f 2206 2566 2567
f 2207 2206 2568
f 2206 2567 2568
f 2570 2568 2569
f 2570 2208 2568
f 2208 2207 2568
f 2208 2570 2209
f 2212 2572 2571
f 2213 2572 2212
f 2214 2212 2573
f 2212 2571 2573
f 2215 2214 2574
f 2214 2573 2574
f 2216 2215 2575
f 2215 2574 2575
f 2217 2216 2576
f 2216 2575 2576
f 2218 2217 2577
f 2217 2576 2577
f 2219 2218 2578
f 2218 2577 2578
f 2578 2220 2219
f 2579 2220 2578
f 2204 2221 2565
f 2565 2221 2580
f 2570 2569 2581
f 2209 2570 2581
f 2209 2581 2223
f 2223 2581 2582
f 2224 2223 2583
f 2223 2582 2583
f 2572 2213 2224
f 2583 2572 2224
f 2220 2579 2584
f 2225 2220 2584
f 2584 2226 2225
f 2585 2226 2584
f 2221 2227 2580
f 2580 2227 2586
f 2226 2585 2587
f 2229 2226 2587
f 2230 2229 2588
f 2229 2587 2588
f 2231 2230 2589
f 2230 2588 2589
f 2232 2231 2590
f 2231 2589 2590
f 2233 2232 2591
f 2232 2590 2591
f 2591 2234 2233
f 2592 2234 2591
f 2227 2235 2586
f 2586 2235 2593
f 2234 2592 2594
f 2237 2234 2594
f 2238 2237 2595
f 2237 2594 2595
f 2239 2238 2596
f 2238 2595 2596
f 2240 2239 2597
f 2239 2596 2597
f 2241 2240 2598
f 2240 2597 2598
f 2242 2241 2599
f 2241 2598 2599
f 2243 2242 2600
f 2242 2599 2600
f 2244 2243 2601
f 2243 2600 2601
f 2245 2244 2602
f 2244 2601 2602
f 2246 2245 2603
f 2245 2602 2603
f 2247 2604 2605
f 2247 2246 2604
f 2246 2603 2604
f 2604 2606 2605
f 2235 2248 2593
f 2593 2248 2607
f 2247 2605 2250
f 2605 2606 2608
f 2605 2608 2250
f 2250 2608 2251
f 2252 2251 2609
f 2251 2608 2609
f 2253 2252 2610
f 2252 2609 2610
f 2610 2254 2253
f 2611 2254 2610
f 2248 2255 2607
f 2607 2255 2612
f 2254 2611 2613
f 2257 2254 2613
f 2258 2257 2614
f 2257 2613 2614
f 2614 2260 2258
f 2615 2260 2614
f 2255 2261 2612
f 2612 2261 2616
f 2260 2615 2263
f 2615 2617 2263
f 2619 2261 2264
f 2619 2618 2261
f 2618 2616 2261
f 2264 2265 2619
f 2263 2617 2620
f 2266 2263 2620
f 2620 2268 2266
f 2621 2268 2620
f 2623 2618 2619
f 2622 2618 2623
f 2265 2269 2623
f 2619 2265 2623
f 2268 2621 2271
f 2621 2624 2271
f 2272 2622 2623
f 2272 2273 2622
f 2273 2625 2622
f 2269 2272 2623
f 2275 2626 2627
f 2276 2275 2627
f 2624 2275 2271
f 2626 2275 2624
f 2273 2277 2625
f 2625 2277 2628
f 2276 2627 2280
f 2627 2629 2280
f 2277 2281 2628
f 2628 2281 2630
f 2283 2631 2632
f 2284 2283 2632
f 2285 2633 2283
f 2283 2633 2631
f 2629 2285 2280
f 2633 2285 2629
f 2281 2286 2630
f 2630 2286 2634
f 2288 2635 2289
f 2637 2635 2288
f 2637 2288 2636
f 2636 2288 2290
f 2291 2638 2290
f 2290 2638 2636
f 2292 2639 2291
f 2291 2639 2638
f 2632 2292 2284
f 2639 2292 2632
f 2286 2293 2634
f 2634 2293 2640
f 2295 2641 2642
f 2296 2295 2642
f 2297 2643 2295
f 2295 2643 2641
f 2298 2644 2297
f 2297 2644 2643
f 2299 2645 2298
f 2298 2645 2644
f 2300 2646 2299
f 2299 2646 2645
f 2301 2647 2300
f 2300 2647 2646
f 2302 2648 2301
f 2301 2648 2647
f 2303 2649 2302
f 2302 2649 2648
f 2304 2650 2303
f 2303 2650 2649
f 2305 2651 2304
f 2304 2651 2650
f 2635 2305 2289
f 2635 2652 2305
f 2652 2651 2305
f 2637 2652 2635
f 2293 2306 2640
f 2640 2306 2653
f 2308 2654 2655
f 2309 2308 2655
f 2310 2656 2308
f 2308 2656 2654
f 2311 2657 2310
f 2310 2657 2656
f 2312 2658 2311
f 2311 2658 2657
f 2313 2659 2312
f 2312 2659 2658
f 2642 2313 2296
f 2659 2313 2642
f 2306 2314 2653
f 2653 2314 2660
f 2316 2661 2662
f 2317 2316 2662
f 2319 2663 2316
f 2316 2663 2661
f 2320 2664 2319
f 2319 2664 2663
f 2321 2665 2320
f 2320 2665 2664
f 2665 2321 2323
f 2666 2665 2323
f 2324 2667 2668
f 2325 2324 2668
f 2655 2324 2309
f 2667 2324 2655
f 2670 2314 2326
f 2670 2669 2314
f 2669 2660 2314
f 2326 2327 2670
f 2328 2671 2672
f 2329 2328 2672
f 2330 2673 2328
f 2328 2673 2671
f 2331 2674 2330
f 2330 2674 2673
f 2662 2331 2317
f 2674 2331 2662
f 2323 2675 2666
f 2332 2675 2323
f 2333 2676 2332
f 2332 2676 2675
f 2334 2678 2677
f 2334 2677 2333
f 2333 2677 2676
f 2678 2336 2335
f 2678 2335 2677
f 2680 2679 2335
f 2679 2677 2335
f 2682 2680 2335
f 2682 2335 2681
f 2681 2335 2337
f 2338 2683 2337
f 2337 2683 2681
f 2339 2684 2338
f 2338 2684 2683
f 2668 2339 2325
f 2684 2339 2668
f 2340 2669 2670
f 2340 2341 2669
f 2341 2685 2669
f 2327 2340 2670
f 2343 2686 2687
f 2344 2343 2687
f 2345 2688 2343
f 2343 2688 2686
f 2346 2689 2345
f 2345 2689 2688
f 2672 2346 2329
f 2689 2346 2672
f 2334 2347 2678
f 2679 2691 2690
f 2679 2680 2691
f 2336 2678 2347
f 2692 2680 2682
f 2691 2680 2692
f 2694 2341 2348
f 2694 2693 2341
f 2693 2685 2341
f 2348 2349 2694
f 2351 2695 2696
f 2352 2351 2696
f 2687 2351 2344
f 2695 2351 2687
f 2353 2698 2697
f 2354 2698 2353
f 2356 2691 2699
f 2356 2697 2691
f 2356 2353 2697
f 2697 2690 2691
f 2700 2691 2692
f 2699 2691 2700
f 2702 2693 2694
f 2701 2693 2702
f 2349 2357 2702
f 2694 2349 2702
f 2358 2703 2359
f 2358 2704 2703
f 2358 2352 2704
f 2352 2696 2704
f 2707 2706 2705
f 2707 2708 2709
f 2705 2708 2707
f 2709 2710 2711
f 2708 2710 2709
f 2711 2360 2361
f 2711 2710 2360
f 2710 2712 2360
f 2363 2360 2713
f 2360 2712 2713
f 2698 2354 2363
f 2713 2698 2363
f 2699 2714 2715
f 2699 2715 2356
f 2356 2715 2366
f 2700 2714 2699
f 2717 2701 2702
f 2716 2701 2717
f 2357 2367 2717
f 2702 2357 2717
f 2359 2703 2368
f 2703 2704 2718
f 2703 2718 2368
f 2368 2718 2370
f 2372 2719 2720
f 2372 2370 2719
f 2370 2718 2719
f 2720 2373 2374
f 2720 2719 2373
f 2719 2721 2373
f 2376 2373 2722
f 2373 2721 2722
f 2378 2376 2723
f 2376 2722 2723
f 2380 2378 2724
f 2378 2723 2724
f 2382 2380 2725
f 2380 2724 2725
f 2384 2382 2726
f 2382 2725 2726
f 2706 2707 2385
f 2706 2385 2726
f 2726 2385 2384
f 2387 2385 2707
f 2709 2387 2707
f 2388 2387 2709
f 2711 2388 2709
f 2361 2388 2711
f 2392 2727 2393
f 2392 2728 2727
f 2392 2366 2728
f 2366 2715 2728
f 2730 2716 2717
f 2729 2716 2730
f 2367 2394 2730
f 2717 2367 2730
f 2372 2720 2395
f 2374 2395 2720
f 2401 2731 2402
f 2733 2731 2401
f 2733 2401 2732
f 2732 2401 2403
f 2727 2403 2393
f 2727 2734 2403
f 2734 2732 2403
f 2728 2734 2727
f 2736 2729 2730
f 2735 2729 2736
f 2394 2404 2736
f 2730 2394 2736
f 2406 2737 2407
f 2739 2737 2406
f 2739 2406 2738
f 2738 2406 2408
f 2409 2740 2408
f 2408 2740 2738
f 2410 2741 2409
f 2409 2741 2740
f 2411 2742 2410
f 2410 2742 2741
f 2412 2743 2411
f 2411 2743 2742
f 2731 2412 2402
f 2731 2744 2412
f 2744 2743 2412
f 2733 2744 2731
f 2746 2735 2736
f 2745 2735 2746
f 2404 2413 2746
f 2736 2404 2746
f 2414 2747 2415
f 2749 2747 2414
f 2749 2414 2748
f 2748 2414 2416
f 2737 2416 2407
f 2737 2750 2416
f 2750 2748 2416
f 2739 2750 2737
f 2752 2745 2746
f 2751 2745 2752
f 2413 2417 2752
f 2746 2413 2752
f 2747 2753 2754
f 2747 2754 2415
f 2415 2754 2419
f 2749 2753 2747
f 2756 2751 2752
f 2755 2751 2756
f 2417 2420 2756
f 2752 2417 2756
f 2422 2757 2758
f 2423 2422 2758
f 2754 2422 2419
f 2757 2422 2754
f 2760 2755 2756
f 2759 2755 2760
f 2420 2424 2760
f 2756 2420 2760
f 2428 2761 2429
f 2763 2761 2428
f 2763 2428 2762
f 2762 2428 2430
f 2758 2430 2423
f 2762 2430 2758
f 2765 2759 2760
f 2764 2759 2765
f 2424 2431 2765
f 2760 2424 2765
f 2433 2766 2434
f 2433 2435 2767
f 2766 2433 2767
f 2435 2429 2761
f 2435 2761 2767
f 2767 2761 2768
f 2769 2761 2763
f 2768 2761 2769
f 2436 2764 2765
f 2436 2437 2764
f 2437 2770 2764
f 2431 2436 2765
f 2766 2771 2440
f 2434 2766 2440
f 2767 2772 2766
f 2772 2771 2766
f 2774 2768 2773
f 2774 2772 2768
f 2772 2767 2768
f 2769 2773 2768
f 2437 2441 2770
f 2770 2441 2775
f 2440 2771 2443
f 2445 2443 2771
f 2445 2771 2776
f 2776 2771 2772
f 2777 2772 2774
f 2776 2772 2777
f 2441 2446 2775
f 2775 2446 2778
f 2445 2776 2448
f 2776 2450 2448
f 2776 2777 2450
f 2777 2779 2450
f 2446 2451 2778
f 2778 2451 2780
f 2450 2779 2454
f 2779 2781 2454
f 2783 2451 2455
f 2783 2782 2451
f 2782 2780 2451
f 2455 2456 2784
f 2783 2455 2784
f 2786 2784 2456
f 2786 2456 2785
f 2785 2456 2457
f 2458 2787 2457
f 2457 2787 2785
f 2459 2788 2458
f 2458 2788 2787
f 2460 2789 2459
f 2459 2789 2788
f 2461 2790 2460
f 2460 2790 2789
f 2781 2461 2454
f 2790 2461 2781
f 2783 2791 2782
f 2784 2791 2783
f 2792 2791 2784
f 2786 2792 2784
f 2462 2794 2793
f 2463 2794 2462
f 2465 2462 2795
f 2462 2793 2795
f 2467 2796 2797
f 2467 2465 2796
f 2465 2795 2796
f 2796 2798 2797
f 2463 2468 2794
f 2794 2468 2799
f 2467 2797 2469
f 2797 2798 2800
f 2797 2800 2469
f 2469 2800 2470
f 2471 2470 2801
f 2470 2800 2801
f 2472 2471 2802
f 2471 2801 2802
f 2473 2472 2803
f 2472 2802 2803
f 2803 2474 2473
f 2804 2474 2803
f 2468 2475 2799
f 2799 2475 2805
f 2806 2807 2476
f 2806 2476 2804
f 2804 2476 2474
f 2806 2808 2807
f 2475 2477 2805
f 2805 2477 2809
f 2807 2810 2479
f 2476 2807 2479
f 2811 2807 2808
f 2810 2807 2811
f 2477 2480 2809
f 2809 2480 2812
f 2810 2813 2483
f 2479 2810 2483
f 2814 2810 2811
f 2814 2815 2810
f 2815 2813 2810
f 2814 2816 2815
f 2480 2484 2812
f 2812 2484 2817
f 2483 2813 2486
f 2488 2486 2813
f 2488 2813 2818
f 2818 2813 2815
f 2819 2815 2816
f 2818 2815 2819
f 2484 2489 2817
f 2817 2489 2820
f 2818 2821 2490
f 2488 2818 2490
f 2822 2818 2819
f 2821 2818 2822
f 2489 2491 2820
f 2820 2491 2823
f 2490 2821 2493
f 2821 2494 2493
f 2821 2822 2494
f 2822 2824 2494
f 2491 2495 2823
f 2823 2495 2825
f 2494 2824 2826
f 2497 2494 2826
f 2826 2498 2497
f 2827 2498 2826
f 2495 2499 2825
f 2825 2499 2828
f 2498 2827 2829
f 2501 2498 2829
f 2829 2503 2501
f 2830 2503 2829
f 2499 2504 2828
f 2828 2504 2831
f 2503 2830 2832
f 2506 2503 2832
f 2507 2506 2833
f 2506 2832 2833
f 2509 2834 2835
f 2509 2507 2834
f 2507 2833 2834
f 2834 2836 2835
f 2504 2510 2831
f 2831 2510 2837
f 2509 2835 2512
f 2835 2836 2838
f 2835 2838 2512
f 2512 2838 2513
f 2514 2513 2839
f 2513 2838 2839
f 2515 2514 2840
f 2514 2839 2840
f 2516 2515 2841
f 2515 2840 2841
f 2517 2516 2842
f 2516 2841 2842
f 2842 2519 2517
f 2843 2519 2842
f 2510 2520 2837
f 2837 2520 2844
f 2519 2843 2845
f 2522 2519 2845
f 2523 2522 2846
f 2522 2845 2846
f 2846 2525 2523
f 2847 2525 2846
f 2520 2526 2844
f 2844 2526 2848
f 2849 2850 2534
f 2849 2534 2847
f 2847 2534 2525
f 2849 2851 2850
f 2526 2535 2848
f 2848 2535 2852
f 2536 2853 2854
f 2537 2536 2854
f 2538 2855 2536
f 2536 2855 2853
f 2539 2856 2538
f 2538 2856 2855
f 2540 2857 2539
f 2539 2857 2856
f 2541 2858 2540
f 2540 2858 2857
f 2542 2859 2541
f 2541 2859 2858
f 2543 2860 2542
f 2542 2860 2859
f 2544 2861 2543
f 2543 2861 2860
f 2545 2862 2544
f 2544 2862 2861
f 2546 2863 2545
f 2545 2863 2862
f 2865 2864 2863
f 2865 2863 2547
f 2547 2863 2546
f 2547 2548 2865
f 2534 2850 2549
f 2850 2551 2549
f 2850 2851 2551
f 2851 2866 2551
f 2535 2552 2852
f 2852 2552 2867
f 2537 2854 2868
f 2553 2537 2868
f 2870 2868 2869
f 2870 2554 2868
f 2554 2553 2868
f 2554 2870 2555
f 2865 2871 2864
f 2548 2871 2865
f 2548 2556 2871
f 2556 2872 2871
f 2872 2556 2557
f 2873 2872 2557
f 2551 2866 2559
f 2866 2874 2559
f 2552 2560 2867
f 2867 2560 2875
f 2870 2869 2876
f 2555 2870 2876
f 2555 2876 2561
f 2561 2876 2877
f 2877 2562 2561
f 2878 2562 2877
f 2880 2557 2564
f 2880 2879 2557
f 2879 2873 2557
f 2564 2881 2880
f 2564 2559 2881
f 2559 2874 2881
f 2560 2565 2875
f 2875 2565 2882
f 2562 2878 2883
f 2566 2562 2883
f 2567 2566 2884
f 2566 2883 2884
f 2886 2884 2885
f 2886 2568 2884
f 2568 2567 2884
f 2568 2886 2569
f 2571 2888 2887
f 2572 2888 2571
f 2573 2571 2889
f 2571 2887 2889
f 2574 2573 2890
f 2573 2889 2890
f 2879 2880 2575
f 2879 2575 2890
f 2890 2575 2574
f 2880 2881 2891
f 2880 2891 2575
f 2575 2891 2576
f 2577 2576 2892
f 2576 2891 2892
f 2578 2577 2893
f 2577 2892 2893
f 2893 2579 2578
f 2894 2579 2893
f 2565 2580 2882
f 2882 2580 2895
f 2886 2885 2896
f 2569 2886 2896
f 2569 2896 2581
f 2581 2896 2897
f 2582 2581 2898
f 2581 2897 2898
f 2583 2582 2899
f 2582 2898 2899
f 2888 2572 2583
f 2899 2888 2583
f 2579 2894 2900
f 2584 2579 2900
f 2900 2585 2584
f 2901 2585 2900
f 2580 2586 2895
f 2895 2586 2902
f 2585 2901 2903
f 2587 2585 2903
f 2588 2587 2904
f 2587 2903 2904
f 2589 2588 2905
f 2588 2904 2905
f 2590 2589 2906
f 2589 2905 2906
f 2591 2590 2907
f 2590 2906 2907
f 2907 2592 2591
f 2908 2592 2907
f 2586 2593 2902
f 2902 2593 2909
f 2592 2908 2910
f 2594 2592 2910
f 2595 2594 2911
f 2594 2910 2911
f 2596 2595 2912
f 2595 2911 2912
f 2597 2596 2913
f 2596 2912 2913
f 2598 2597 2914
f 2597 2913 2914
f 2599 2598 2915
f 2598 2914 2915
f 2600 2599 2916
f 2599 2915 2916
f 2601 2600 2917
f 2600 2916 2917
f 2602 2601 2918
f 2601 2917 2918
f 2603 2602 2919
f 2602 2918 2919
f 2604 2603 2920
f 2603 2919 2920
f 2920 2606 2604
f 2921 2606 2920
f 2593 2607 2909
f 2909 2607 2922
f 2606 2921 2923
f 2608 2606 2923
f 2609 2608 2924
f 2608 2923 2924
f 2610 2609 2925
f 2609 2924 2925
f 2925 2611 2610
f 2926 2611 2925
f 2607 2612 2922
f 2922 2612 2927
f 2611 2926 2928
f 2613 2611 2928
f 2614 2613 2929
f 2613 2928 2929
f 2929 2615 2614
f 2930 2615 2929
f 2612 2616 2927
f 2927 2616 2931
f 2615 2930 2617
f 2930 2932 2617
f 2616 2618 2931
f 2931 2618 2933
f 2617 2932 2934
f 2620 2617 2934
f 2934 2621 2620
f 2935 2621 2934
f 2618 2622 2933
f 2933 2622 2936
f 2621 2935 2624
f 2935 2937 2624
f 2622 2625 2936
f 2936 2625 2938
f 2626 2939 2940
f 2627 2626 2940
f 2937 2626 2624
f 2939 2626 2937
f 2625 2628 2938
f 2938 2628 2941
f 2627 2940 2629
f 2940 2942 2629
f 2628 2630 2941
f 2941 2630 2943
f 2631 2944 2945
f 2632 2631 2945
f 2633 2946 2631
f 2631 2946 2944
f 2942 2633 2629
f 2946 2633 2942
f 2630 2634 2943
f 2943 2634 2947
f 2636 2948 2949
f 2637 2636 2949
f 2638 2950 2636
f 2636 2950 2948
f 2639 2951 2638
f 2638 2951 2950
f 2945 2639 2632
f 2951 2639 2945
f 2634 2640 2947
f 2947 2640 2952
f 2641 2953 2954
f 2642 2641 2954
f 2643 2955 2641
f 2641 2955 2953
f 2644 2956 2643
f 2643 2956 2955
f 2645 2957 2644
f 2644 2957 2956
f 2646 2958 2645
f 2645 2958 2957
f 2647 2959 2646
f 2646 2959 2958
f 2648 2960 2647
f 2647 2960 2959
f 2649 2961 2648
f 2648 2961 2960
f 2650 2962 2649
f 2649 2962 2961
f 2651 2963 2650
f 2650 2963 2962
f 2652 2964 2651
f 2651 2964 2963
f 2949 2652 2637
f 2964 2652 2949
f 2640 2653 2952
f 2952 2653 2965
f 2654 2966 2967
f 2655 2654 2967
f 2656 2968 2654
f 2654 2968 2966
f 2657 2969 2656
f 2656 2969 2968
f 2658 2970 2657
f 2657 2970 2969
f 2659 2971 2658
f 2658 2971 2970
f 2954 2659 2642
f 2971 2659 2954
f 2653 2660 2965
f 2965 2660 2972
f 2975 2973 2974
f 2975 2662 2661
f 2975 2661 2973
f 2973 2661 2976
f 2663 2977 2661
f 2661 2977 2976
f 2664 2978 2663
f 2663 2978 2977
f 2665 2979 2664
f 2664 2979 2978
f 2979 2665 2666
f 2980 2979 2666
f 2667 2981 2982
f 2668 2667 2982
f 2967 2667 2655
f 2981 2667 2967
f 2660 2669 2972
f 2972 2669 2983
f 2671 2984 2985
f 2672 2671 2985
f 2673 2986 2671
f 2671 2986 2984
f 2974 2674 2975
f 2974 2986 2674
f 2986 2673 2674
f 2662 2975 2674
f 2666 2987 2980
f 2675 2987 2666
f 2676 2988 2675
f 2675 2988 2987
f 2677 2989 2676
f 2676 2989 2988
f 2989 2677 2679
f 2990 2989 2679
f 2681 2991 2992
f 2682 2681 2992
f 2683 2993 2681
f 2681 2993 2991
f 2684 2994 2683
f 2683 2994 2993
f 2982 2684 2668
f 2994 2684 2982
f 2669 2685 2983
f 2983 2685 2995
f 2686 2996 2997
f 2687 2686 2997
f 2688 2998 2686
f 2686 2998 2996
f 2689 2999 2688
f 2688 2999 2998
f 2985 2689 2672
f 2999 2689 2985
f 3002 3001 3000
f 3002 3000 2990
f 3002 2990 2690
f 2690 2990 2679
f 2682 2992 2692
f 2992 3003 2692
f 2685 2693 2995
f 2995 2693 3004
f 2695 3005 3006
f 2696 2695 3006
f 2997 2695 2687
f 3005 2695 2997
f 3009 3008 3007
f 3001 3009 3007
f 3002 3009 3001
f 3002 2698 3009
f 3002 2697 2698
f 2690 2697 3002
f 2692 3003 2700
f 3003 3010 2700
f 2693 2701 3004
f 3004 2701 3011
f 2696 3006 2704
f 3006 3012 2704
f 3015 3014 3013
f 3015 3016 3017
f 3013 3016 3015
f 3017 2705 2706
f 3017 3016 2705
f 3016 3018 2705
f 2708 2705 3019
f 2705 3018 3019
f 2710 2708 3020
f 2708 3019 3020
f 2712 2710 3021
f 2710 3020 3021
f 3008 3009 2713
f 3008 2713 3021
f 3021 2713 2712
f 2698 2713 3009
f 2714 3022 2715
f 2714 3023 3022
f 2714 2700 3023
f 2700 3010 3023
f 2701 2716 3011
f 3011 2716 3024
f 2704 3012 3025
f 2718 2704 3025
f 2719 2718 3026
f 2718 3025 3026
f 2721 2719 3027
f 2719 3026 3027
f 2722 2721 3028
f 2721 3027 3028
f 2723 2722 3029
f 2722 3028 3029
f 2724 2723 3030
f 2723 3029 3030
f 3014 3015 2725
f 3014 2725 3030
f 3030 2725 2724
f 2726 2725 3015
f 3017 2726 3015
f 2706 2726 3017
f 3022 3031 3032
f 3022 3032 2715
f 2715 3032 2728
f 3023 3031 3022
f 2716 2729 3024
f 3024 2729 3033
f 2732 3034 3035
f 2733 2732 3035
f 2734 3036 2732
f 2732 3036 3034
f 3032 2734 2728
f 3036 2734 3032
f 2729 2735 3033
f 3033 2735 3037
f 2738 3038 2739
f 3040 3038 2738
f 3040 2738 3039
f 3039 2738 2740
f 2741 3041 2740
f 2740 3041 3039
f 2742 3042 2741
f 2741 3042 3041
f 2743 3043 2742
f 2742 3043 3042
f 2744 3044 2743
f 2743 3044 3043
f 3035 2744 2733
f 3044 2744 3035
f 2735 2745 3037
f 3037 2745 3045
f 2748 3046 3047
f 2749 2748 3047
f 2750 3048 2748
f 2748 3048 3046
f 3038 2750 2739
f 3038 3049 2750
f 3049 3048 2750
f 3040 3049 3038
f 2745 2751 3045
f 3045 2751 3050
f 2753 3051 3052
f 2754 2753 3052
f 3047 2753 2749
f 3051 2753 3047
f 2751 2755 3050
f 3050 2755 3053
f 2757 3054 3055
f 2758 2757 3055
f 3052 2757 2754
f 3054 2757 3052
f 2755 2759 3053
f 3053 2759 3056
f 2762 3057 2763
f 2762 3058 3057
f 2762 2758 3058
f 2758 3055 3058
f 2759 2764 3056
f 3056 2764 3059
f 3057 3060 2769
f 2763 3057 2769
f 3061 3057 3058
f 3060 3057 3061
f 2764 2770 3059
f 3059 2770 3062
f 2773 3063 2774
f 2773 2769 3060
f 2773 3060 3063
f 3063 3060 3064
f 3065 3060 3061
f 3064 3060 3065
f 2770 2775 3062
f 3062 2775 3066
f 3063 3067 2777
f 2774 3063 2777
f 3069 3064 3068
f 3069 3067 3064
f 3067 3063 3064
f 3065 3068 3064
f 2775 2778 3066
f 3066 2778 3070
f 3067 3071 2779
f 2777 3067 2779
f 3072 3067 3069
f 3071 3067 3072
f 2778 2780 3070
f 3070 2780 3073
f 3071 3074 3075
f 3071 3075 2779
f 2779 3075 2781
f 3072 3074 3071
f 2780 2782 3073
f 3073 2782 3076
f 2785 3077 2786
f 3079 3077 2785
f 3079 2785 3078
f 3078 2785 2787
f 2788 3080 2787
f 2787 3080 3078
f 2789 3081 2788
f 2788 3081 3080
f 2790 3082 2789
f 2789 3082 3081
f 3075 2790 2781
f 3082 2790 3075
f 2782 3083 3076
f 2791 3083 2782
f 2792 3084 2791
f 2791 3084 3083
f 3077 2792 2786
f 3077 3085 2792
f 3085 3084 2792
f 3079 3085 3077
f 2793 3087 3086
f 2794 3087 2793
f 2795 2793 3088
f 2793 3086 3088
f 2796 2795 3089
f 2795 3088 3089
f 2798 3090 3091
f 2798 2796 3090
f 2796 3089 3090
f 3090 3092 3091
f 2794 2799 3087
f 3087 2799 3093
f 2798 3091 2800
f 3091 3092 3094
f 3091 3094 2800
f 2800 3094 2801
f 2802 2801 3095
f 2801 3094 3095
f 2803 2802 3096
f 2802 3095 3096
f 3096 2804 2803
f 3097 2804 3096
f 2799 2805 3093
f 3093 2805 3098
f 2804 3097 3099
f 2806 2804 3099
f 3099 2808 2806
f 3100 2808 3099
f 2805 2809 3098
f 3098 2809 3101
f 3102 3103 2811
f 3102 2811 3100
f 3100 2811 2808
f 3102 3104 3103
f 2809 2812 3101
f 3101 2812 3105
f 2811 3103 2814
f 3103 2816 2814
f 3103 3104 2816
f 3104 3106 2816
f 2812 2817 3105
f 3105 2817 3107
f 2816 3106 2819
f 3106 3108 2819
f 2817 2820 3107
f 3107 2820 3109
f 2819 3108 2822
f 3108 3110 2822
f 2820 2823 3109
f 3109 2823 3111
f 3112 3113 2824
f 3112 2824 3110
f 3110 2824 2822
f 3112 3114 3113
f 2823 2825 3111
f 3111 2825 3115
f 2824 3113 2826
f 3113 2827 2826
f 3113 3114 2827
f 3114 3116 2827
f 2825 2828 3115
f 3115 2828 3117
f 2827 3116 3118
f 2829 2827 3118
f 3118 2830 2829
f 3119 2830 3118
f 2828 2831 3117
f 3117 2831 3120
f 2830 3119 3121
f 2832 2830 3121
f 2833 2832 3122
f 2832 3121 3122
f 2834 2833 3123
f 2833 3122 3123
f 3123 2836 2834
f 3124 2836 3123
f 2831 2837 3120
f 3120 2837 3125
f 2836 3124 3126
f 2838 2836 3126
f 2839 2838 3127
f 2838 3126 3127
f 2840 2839 3128
f 2839 3127 3128
f 2841 2840 3129
f 2840 3128 3129
f 2842 2841 3130
f 2841 3129 3130
f 3130 2843 2842
f 3131 2843 3130
f 2837 2844 3125
f 3125 2844 3132
f 2843 3131 3133
f 2845 2843 3133
f 2846 2845 3134
f 2845 3133 3134
f 3134 2847 2846
f 3135 2847 3134
f 2844 2848 3132
f 3132 2848 3136
f 2847 3135 3137
f 2849 2847 3137
f 3137 2851 2849
f 3138 2851 3137
f 2848 2852 3136
f 3136 2852 3139
f 2853 3140 3141
f 2854 2853 3141
f 2855 3142 2853
f 2853 3142 3140
f 2856 3143 2855
f 2855 3143 3142
f 2857 3144 2856
f 2856 3144 3143
f 2858 3145 2857
f 2857 3145 3144
f 2859 3146 2858
f 2858 3146 3145
f 2860 3147 2859
f 2859 3147 3146
f 2861 3148 2860
f 2860 3148 3147
f 2862 3149 2861
f 2861 3149 3148
f 2863 3150 2862
f 2862 3150 3149
f 3150 2863 2864
f 3151 3150 2864
f 2851 3138 2866
f 3138 3152 2866
f 2852 2867 3139
f 3139 2867 3153
f 2854 3141 3154
f 2868 2854 3154
f 3154 2869 2868
f 3155 2869 3154
f 2864 3156 3151
f 2871 3156 2864
f 2872 3157 2871
f 2871 3157 3156
f 3157 2872 2873
f 3158 3157 2873
f 2866 3152 2874
f 3152 3159 2874
f 2867 2875 3153
f 3153 2875 3160
f 2869 3155 3161
f 2876 2869 3161
f 2877 2876 3162
f 2876 3161 3162
f 3162 2878 2877
f 3163 2878 3162
f 3166 3165 3164
f 3166 3164 3158
f 3166 3158 2879
f 2879 3158 2873
f 3167 3168 2881
f 3167 2881 3159
f 3159 2881 2874
f 3167 3169 3168
f 2875 2882 3160
f 3160 2882 3170
f 2878 3163 3171
f 2883 2878 3171
f 3173 3171 3172
f 3173 2884 3171
f 2884 2883 3171
f 2884 3173 2885
f 2887 2888 3174
f 3176 2887 3174
f 3176 3175 2887
f 3175 2889 2887
f 3165 3166 2890
f 3165 2890 3175
f 3175 2890 2889
f 2879 2890 3166
f 2881 3168 2891
f 3168 3169 3177
f 3168 3177 2891
f 2891 3177 2892
f 2893 2892 3178
f 2892 3177 3178
f 3178 2894 2893
f 3179 2894 3178
f 2882 2895 3170
f 3170 2895 3180
f 3173 3172 3181
f 2885 3173 3181
f 2885 3181 2896
f 2896 3181 3182
f 2897 2896 3183
f 2896 3182 3183
f 2898 2897 3184
f 2897 3183 3184
f 2899 2898 3185
f 2898 3184 3185
f 3174 2888 2899
f 3174 2899 3186
f 3186 2899 3185
f 3176 3174 3186
f 2894 3179 3187
f 2900 2894 3187
f 2901 3188 3189
f 2901 2900 3188
f 2900 3187 3188
f 3188 3190 3189
f 2895 2902 3180
f 3180 2902 3191
f 2901 3189 2903
f 3189 3190 3192
f 3189 3192 2903
f 2903 3192 2904
f 2905 2904 3193
f 2904 3192 3193
f 2906 2905 3194
f 2905 3193 3194
f 2907 2906 3195
f 2906 3194 3195
f 2908 3196 3197
f 2908 2907 3196
f 2907 3195 3196
f 3196 3198 3197
f 3201 3200 3199
f 3199 3202 3201
f 2902 2909 3191
f 3191 2909 3203
f 2908 3197 2910
f 3197 3198 3204
f 3197 3204 2910
f 2910 3204 2911
f 3200 3201 2912
f 3200 2912 3204
f 3204 2912 2911
f 3201 3202 3205
f 3201 3205 2912
f 2912 3205 2913
f 2914 2913 3206
f 2913 3205 3206
f 2915 2914 3207
f 2914 3206 3207
f 2916 2915 3208
f 2915 3207 3208
f 2917 2916 3209
f 2916 3208 3209
f 2918 2917 3210
f 2917 3209 3210
f 2919 2918 3211
f 2918 3210 3211
f 2920 2919 3212
f 2919 3211 3212
f 3212 2921 2920
f 3213 2921 3212
f 2909 2922 3203
f 3203 2922 3214
f 2921 3213 3215
f 2923 2921 3215
f 2924 2923 3216
f 2923 3215 3216
f 2925 2924 3217
f 2924 3216 3217
f 3217 2926 2925
f 3218 2926 3217
f 2922 2927 3214
f 3214 2927 3219
f 2926 3218 3220
f 2928 2926 3220
f 2929 2928 3221
f 2928 3220 3221
f 3221 2930 2929
f 3222 2930 3221
f 2927 2931 3219
f 3219 2931 3223
f 2930 3222 2932
f 3222 3224 2932
f 2931 2933 3223
f 3223 2933 3225
f 2932 3224 3226
f 2934 2932 3226
f 3226 2935 2934
f 3227 2935 3226
f 2933 2936 3225
f 3225 2936 3228
f 2935 3227 2937
f 3227 3229 2937
f 2936 2938 3228
f 3228 2938 3230
f 2939 3231 3232
f 2940 2939 3232
f 3229 2939 2937
f 3231 2939 3229
f 2938 2941 3230
f 3230 2941 3233
f 2940 3232 2942
f 3232 3234 2942
f 2941 2943 3233
f 3233 2943 3235
f 2944 3236 3237
f 2945 2944 3237
f 2946 3238 2944
f 2944 3238 3236
f 3234 2946 2942
f 3238 2946 3234
f 2943 2947 3235
f 3235 2947 3239
f 2948 3240 3241
f 2949 2948 3241
f 2950 3242 2948
f 2948 3242 3240
f 2951 3243 2950
f 2950 3243 3242
f 3237 2951 2945
f 3243 2951 3237
f 2947 2952 3239
f 3239 2952 3244
f 2953 3245 2954
f 3247 3245 2953
f 3247 2953 3246
f 3246 2953 2955
f 3249 3248 3246
f 3249 3246 2956
f 2956 3246 2955
f 3251 3249 2956
f 3251 2956 3250
f 3250 2956 2957
f 2958 3252 2957
f 2957 3252 3250
f 2959 3253 2958
f 2958 3253 3252
f 2960 3254 2959
f 2959 3254 3253
f 2961 3255 2960
f 2960 3255 3254
f 2962 3256 2961
f 2961 3256 3255
f 2963 3257 2962
f 2962 3257 3256
f 2964 3258 2963
f 2963 3258 3257
f 3241 2964 2949
f 3258 2964 3241
f 2952 2965 3244
f 3244 2965 3259
f 2966 3260 2967
f 3262 3260 2966
f 3262 2966 3261
f 3261 2966 2968
f 2969 3263 2968
f 2968 3263 3261
f 2970 3264 2969
f 2969 3264 3263
f 2971 3265 2970
f 2970 3265 3264
f 3245 2971 2954
f 3245 3266 2971
f 3266 3265 2971
f 3247 3266 3245
f 3249 3267 3248
f 3251 3267 3249
f 2965 2972 3259
f 3259 2972 3268
f 2973 3269 3270
f 2974 2973 3270
f 2976 3271 2973
f 2973 3271 3269
f 2977 3272 2976
f 2976 3272 3271
f 2978 3273 2977
f 2977 3273 3272
f 2979 3274 2978
f 2978 3274 3273
f 2980 3276 3275
f 2980 3275 2979
f 2979 3275 3274
f 3275 3276 3277
f 2981 3278 3279
f 2982 2981 3279
f 3260 2981 2967
f 3260 3280 2981
f 3280 3278 2981
f 3262 3280 3260
f 2972 2983 3268
f 3268 2983 3281
f 3284 3282 3283
f 3284 2985 2984
f 3284 2984 3282
f 3282 2984 3285
f 2986 3286 2984
f 2984 3286 3285
f 3270 2986 2974
f 3286 2986 3270
f 2980 2987 3276
f 3276 3287 3277
f 3276 2987 3287
f 2987 2988 3287
f 3289 3288 3287
f 3289 3287 2989
f 2989 3287 2988
f 3291 3289 2989
f 3291 2989 3290
f 2990 3292 2989
f 3292 3290 2989
f 3292 2992 2991
f 3292 2991 3290
f 3290 2991 3293
f 2993 3294 2991
f 2991 3294 3293
f 2994 3295 2993
f 2993 3295 3294
f 3279 2994 2982
f 3295 2994 3279
f 2983 2995 3281
f 3281 2995 3296
f 2996 3297 3298
f 2997 2996 3298
f 2998 3299 2996
f 2996 3299 3297
f 3283 2999 3284
f 3283 3299 2999
f 3299 2998 2999
f 2985 3284 2999
f 3000 3001 3301
f 3289 3300 3288
f 2990 3302 3292
f 2990 3303 3302
f 2990 3000 3303
f 3301 3303 3000
f 3289 3291 3300
f 3302 2992 3292
f 3302 3304 2992
f 3304 3003 2992
f 2995 3004 3296
f 3296 3004 3305
f 3005 3306 3307
f 3006 3005 3307
f 3298 3005 2997
f 3306 3005 3298
f 3007 3008 3308
f 3007 3308 3310
f 3001 3007 3310
f 3001 3310 3309
f 3001 3309 3301
f 3303 3301 3309
f 3003 3304 3010
f 3304 3311 3010
f 3004 3011 3305
f 3305 3011 3312
f 3006 3307 3012
f 3307 3313 3012
f 3013 3014 3314
f 3316 3013 3314
f 3316 3315 3013
f 3315 3016 3013
f 3018 3016 3317
f 3016 3315 3317
f 3019 3018 3318
f 3018 3317 3318
f 3020 3019 3319
f 3019 3318 3319
f 3021 3020 3320
f 3020 3319 3320
f 3308 3008 3021
f 3308 3021 3321
f 3321 3021 3320
f 3310 3308 3321
f 3010 3311 3023
f 3311 3322 3023
f 3011 3024 3312
f 3312 3024 3323
f 3012 3313 3324
f 3025 3012 3324
f 3026 3025 3325
f 3025 3324 3325
f 3027 3026 3326
f 3026 3325 3326
f 3028 3027 3327
f 3027 3326 3327
f 3029 3028 3328
f 3028 3327 3328
f 3030 3029 3329
f 3029 3328 3329
f 3314 3014 3030
f 3314 3030 3330
f 3330 3030 3329
f 3316 3314 3330
f 3031 3331 3332
f 3032 3031 3332
f 3322 3031 3023
f 3331 3031 3322
f 3024 3033 3323
f 3323 3033 3333
f 3034 3334 3335
f 3035 3034 3335
f 3036 3336 3034
f 3034 3336 3334
f 3332 3036 3032
f 3336 3036 3332
f 3033 3037 3333
f 3333 3037 3337
f 3039 3338 3339
f 3040 3039 3339
f 3041 3340 3039
f 3039 3340 3338
f 3042 3341 3041
f 3041 3341 3340
f 3043 3342 3042
f 3042 3342 3341
f 3044 3343 3043
f 3043 3343 3342
f 3335 3044 3035
f 3343 3044 3335
f 3037 3045 3337
f 3337 3045 3344
f 3046 3345 3346
f 3047 3046 3346
f 3048 3347 3046
f 3046 3347 3345
f 3049 3348 3048
f 3048 3348 3347
f 3339 3049 3040
f 3348 3049 3339
f 3045 3050 3344
f 3344 3050 3349
f 3051 3350 3351
f 3052 3051 3351
f 3346 3051 3047
f 3350 3051 3346
f 3050 3053 3349
f 3349 3053 3352
f 3054 3353 3055
f 3054 3354 3353
f 3054 3052 3354
f 3052 3351 3354
f 3053 3056 3352
f 3352 3056 3355
f 3353 3356 3357
f 3353 3357 3055
f 3055 3357 3058
f 3354 3356 3353
f 3056 3059 3355
f 3355 3059 3358
f 3058 3357 3061
f 3357 3359 3061
f 3059 3062 3358
f 3358 3062 3360
f 3061 3359 3065
f 3359 3361 3065
f 3062 3066 3360
f 3360 3066 3362
f 3068 3363 3069
f 3068 3364 3363
f 3068 3065 3364
f 3065 3361 3364
f 3066 3070 3362
f 3362 3070 3365
f 3363 3366 3367
f 3363 3367 3069
f 3069 3367 3072
f 3364 3366 3363
f 3070 3073 3365
f 3365 3073 3368
f 3074 3369 3370
f 3075 3074 3370
f 3367 3074 3072
f 3369 3074 3367
f 3073 3076 3368
f 3368 3076 3371
f 3078 3372 3079
f 3374 3372 3078
f 3374 3078 3373
f 3373 3078 3080
f 3081 3375 3080
f 3080 3375 3373
f 3082 3376 3081
f 3081 3376 3375
f 3370 3082 3075
f 3376 3082 3370
f 3076 3377 3371
f 3083 3377 3076
f 3084 3378 3083
f 3083 3378 3377
f 3085 3379 3084
f 3084 3379 3378
f 3372 3085 3079
f 3372 3380 3085
f 3380 3379 3085
f 3374 3380 3372
f 3086 3087 3381
f 3383 3086 3381
f 3383 3382 3086
f 3382 3088 3086
f 3089 3088 3384
f 3088 3382 3384
f 3386 3384 3385
f 3386 3090 3384
f 3090 3089 3384
f 3090 3386 3092
f 3381 3388 3387
f 3381 3087 3388
f 3087 3093 3388
f 3383 3381 3387
f 3386 3385 3389
f 3092 3386 3389
f 3092 3389 3094
f 3094 3389 3390
f 3095 3094 3391
f 3094 3390 3391
f 3096 3095 3392
f 3095 3391 3392
f 3392 3097 3096
f 3393 3097 3392
f 3396 3395 3394
f 3396 3394 3388
f 3396 3388 3098
f 3098 3388 3093
f 3097 3393 3397
f 3099 3097 3397
f 3397 3100 3099
f 3398 3100 3397
f 3400 3395 3396
f 3399 3395 3400
f 3098 3101 3400
f 3396 3098 3400
f 3100 3398 3401
f 3102 3100 3401
f 3401 3104 3102
f 3402 3104 3401
f 3404 3399 3400
f 3403 3399 3404
f 3101 3105 3404
f 3400 3101 3404
f 3104 3402 3106
f 3402 3405 3106
f 3407 3403 3404
f 3406 3403 3407
f 3105 3107 3407
f 3404 3105 3407
f 3106 3405 3108
f 3405 3408 3108
f 3407 3409 3406
f 3409 3407 3107
f 3409 3107 3410
f 3410 3107 3109
f 3108 3408 3110
f 3408 3411 3110
f 3109 3111 3410
f 3410 3111 3412
f 3110 3411 3413
f 3112 3110 3413
f 3413 3114 3112
f 3414 3114 3413
f 3111 3115 3412
f 3412 3115 3415
f 3114 3414 3116
f 3414 3416 3116
f 3115 3117 3415
f 3415 3117 3417
f 3116 3416 3418
f 3118 3116 3418
f 3418 3119 3118
f 3419 3119 3418
f 3117 3120 3417
f 3417 3120 3420
f 3119 3419 3421
f 3121 3119 3421
f 3122 3121 3422
f 3121 3421 3422
f 3123 3122 3423
f 3122 3422 3423
f 3423 3124 3123
f 3424 3124 3423
f 3120 3125 3420
f 3420 3125 3425
f 3124 3424 3426
f 3126 3124 3426
f 3127 3126 3427
f 3126 3426 3427
f 3128 3127 3428
f 3127 3427 3428
f 3129 3128 3429
f 3128 3428 3429
f 3130 3129 3430
f 3129 3429 3430
f 3430 3131 3130
f 3431 3131 3430
f 3125 3132 3425
f 3425 3132 3432
f 3131 3431 3433
f 3133 3131 3433
f 3134 3133 3434
f 3133 3433 3434
f 3434 3135 3134
f 3435 3135 3434
f 3132 3136 3432
f 3432 3136 3436
f 3438 3137 3135
f 3438 3135 3437
f 3437 3135 3435
f 3137 3438 3138
f 3136 3139 3436
f 3436 3139 3439
f 3442 3440 3441
f 3442 3141 3140
f 3442 3140 3440
f 3440 3140 3443
f 3142 3444 3140
f 3140 3444 3443
f 3143 3445 3142
f 3142 3445 3444
f 3144 3446 3143
f 3143 3446 3445
f 3145 3447 3144
f 3144 3447 3446
f 3146 3448 3145
f 3145 3448 3447
f 3147 3449 3146
f 3146 3449 3448
f 3148 3450 3147
f 3147 3450 3449
f 3149 3451 3148
f 3148 3451 3450
f 3150 3452 3149
f 3149 3452 3451
f 3151 3454 3453
f 3151 3453 3150
f 3150 3453 3452
f 3453 3454 3455
f 3457 3438 3437
f 3456 3457 3437
f 3138 3457 3152
f 3438 3457 3138
f 3139 3153 3439
f 3439 3153 3458
f 3442 3441 3459
f 3461 3459 3460
f 3154 3459 3461
f 3154 3442 3459
f 3154 3141 3442
f 3154 3461 3155
f 3151 3156 3454
f 3454 3462 3455
f 3454 3156 3462
f 3156 3157 3462
f 3158 3463 3457
f 3158 3457 3462
f 3158 3462 3157
f 3462 3457 3456
f 3152 3463 3159
f 3457 3463 3152
f 3153 3160 3458
f 3458 3160 3464
f 3461 3460 3465
f 3155 3461 3465
f 3155 3465 3161
f 3161 3465 3466
f 3468 3466 3467
f 3468 3162 3466
f 3162 3161 3466
f 3162 3468 3163
f 3164 3470 3469
f 3165 3470 3164
f 3158 3164 3469
f 3158 3469 3472
f 3158 3472 3463
f 3471 3472 3469
f 3159 3463 3472
f 3159 3472 3473
f 3159 3473 3167
f 3473 3472 3474
f 3473 3169 3167
f 3475 3169 3473
f 3160 3170 3464
f 3464 3170 3476
f 3468 3467 3477
f 3163 3468 3477
f 3163 3477 3171
f 3171 3477 3478
f 3478 3172 3171
f 3479 3172 3478
f 3175 3481 3480
f 3176 3481 3175
f 3470 3165 3175
f 3480 3470 3175
f 3472 3471 3482
f 3474 3472 3482
f 3169 3475 3483
f 3177 3169 3483
f 3178 3177 3484
f 3177 3483 3484
f 3484 3179 3178
f 3485 3179 3484
f 3170 3180 3476
f 3476 3180 3486
f 3172 3479 3487
f 3181 3172 3487
f 3182 3181 3488
f 3181 3487 3488
f 3183 3182 3489
f 3182 3488 3489
f 3184 3183 3490
f 3183 3489 3490
f 3185 3184 3491
f 3184 3490 3491
f 3186 3185 3492
f 3185 3491 3492
f 3481 3176 3186
f 3492 3481 3186
f 3179 3485 3493
f 3187 3179 3493
f 3188 3187 3494
f 3187 3493 3494
f 3494 3190 3188
f 3495 3190 3494
f 3498 3497 3496
f 3498 3496 3486
f 3498 3486 3191
f 3191 3486 3180
f 3190 3495 3499
f 3192 3190 3499
f 3193 3192 3500
f 3192 3499 3500
f 3194 3193 3501
f 3193 3500 3501
f 3195 3194 3502
f 3194 3501 3502
f 3196 3195 3503
f 3195 3502 3503
f 3198 3504 3505
f 3198 3196 3504
f 3196 3503 3504
f 3505 3199 3200
f 3505 3504 3199
f 3504 3506 3199
f 3202 3507 3508
f 3202 3199 3507
f 3199 3506 3507
f 3507 3509 3508
f 3511 3497 3498
f 3510 3497 3511
f 3191 3203 3511
f 3498 3191 3511
f 3198 3505 3204
f 3200 3204 3505
f 3202 3508 3205
f 3508 3509 3512
f 3508 3512 3205
f 3205 3512 3206
f 3207 3206 3513
f 3206 3512 3513
f 3208 3207 3514
f 3207 3513 3514
f 3209 3208 3515
f 3208 3514 3515
f 3210 3209 3516
f 3209 3515 3516
f 3211 3210 3517
f 3210 3516 3517
f 3519 3517 3518
f 3519 3212 3517
f 3212 3211 3517
f 3212 3519 3213
f 3521 3510 3511
f 3520 3510 3521
f 3203 3214 3521
f 3511 3203 3521
f 3519 3518 3522
f 3213 3519 3522
f 3213 3522 3215
f 3215 3522 3523
f 3216 3215 3524
f 3215 3523 3524
f 3217 3216 3525
f 3216 3524 3525
f 3525 3218 3217
f 3526 3218 3525
f 3528 3520 3521
f 3527 3520 3528
f 3214 3219 3528
f 3521 3214 3528
f 3218 3526 3529
f 3220 3218 3529
f 3531 3529 3530
f 3531 3221 3529
f 3221 3220 3529
f 3221 3531 3222
f 3528 3532 3527
f 3532 3528 3219
f 3532 3219 3533
f 3533 3219 3223
f 3531 3530 3534
f 3534 3222 3531
f 3534 3535 3222
f 3535 3224 3222
f 3223 3225 3533
f 3533 3225 3536
f 3538 3226 3224
f 3538 3224 3537
f 3537 3224 3535
f 3226 3538 3227
f 3225 3228 3536
f 3536 3228 3539
f 3541 3538 3537
f 3540 3541 3537
f 3227 3541 3229
f 3538 3541 3227
f 3544 3543 3542
f 3544 3542 3539
f 3544 3539 3230
f 3230 3539 3228
f 3231 3541 3540
f 3231 3540 3232
f 3232 3540 3545
f 3229 3541 3231
f 3547 3543 3544
f 3546 3543 3547
f 3230 3233 3547
f 3544 3230 3547
f 3550 3548 3549
f 3550 3545 3548
f 3550 3234 3545
f 3234 3232 3545
f 3552 3546 3547
f 3551 3546 3552
f 3233 3235 3552
f 3547 3233 3552
f 3236 3553 3554
f 3237 3236 3554
f 3549 3238 3550
f 3549 3553 3238
f 3553 3236 3238
f 3234 3550 3238
f 3556 3551 3552
f 3555 3551 3556
f 3235 3239 3556
f 3552 3235 3556
f 3559 3557 3558
f 3559 3241 3240
f 3559 3240 3557
f 3557 3240 3560
f 3242 3561 3240
f 3240 3561 3560
f 3243 3562 3242
f 3242 3562 3561
f 3554 3243 3237
f 3562 3243 3554
f 3564 3555 3556
f 3563 3555 3564
f 3239 3244 3564
f 3556 3239 3564
f 3246 3565 3247
f 3246 3248 3565
f 3250 3566 3251
f 3568 3566 3250
f 3568 3250 3567
f 3567 3250 3252
f 3253 3569 3252
f 3252 3569 3567
f 3254 3570 3253
f 3253 3570 3569
f 3255 3571 3254
f 3254 3571 3570
f 3256 3572 3255
f 3255 3572 3571
f 3257 3573 3256
f 3256 3573 3572
f 3558 3258 3559
f 3558 3573 3258
f 3573 3257 3258
f 3241 3559 3258
f 3564 3574 3563
f 3574 3564 3244
f 3574 3244 3575
f 3575 3244 3259
f 3261 3576 3577
f 3262 3261 3577
f 3263 3578 3261
f 3261 3578 3576
f 3264 3579 3263
f 3263 3579 3578
f 3265 3580 3264
f 3264 3580 3579
f 3266 3581 3265
f 3265 3581 3580
f 3565 3266 3247
f 3565 3582 3266
f 3582 3581 3266
f 3248 3582 3565
f 3248 3267 3582
f 3267 3583 3582
f 3566 3267 3251
f 3566 3584 3267
f 3584 3583 3267
f 3568 3584 3566
f 3259 3268 3575
f 3575 3268 3585
f 3588 3586 3587
f 3588 3270 3269
f 3588 3269 3586
f 3586 3269 3589
f 3271 3590 3269
f 3269 3590 3589
f 3272 3591 3271
f 3271 3591 3590
f 3273 3592 3272
f 3272 3592 3591
f 3274 3593 3273
f 3273 3593 3592
f 3275 3594 3274
f 3274 3594 3593
f 3594 3275 3277
f 3595 3594 3277
f 3278 3596 3597
f 3279 3278 3597
f 3280 3598 3278
f 3278 3598 3596
f 3577 3280 3262
f 3598 3280 3577
f 3268 3281 3585
f 3585 3281 3599
f 3602 3600 3601
f 3602 3283 3282
f 3602 3282 3600
f 3600 3282 3603
f 3285 3604 3282
f 3282 3604 3603
f 3587 3286 3588
f 3587 3604 3286
f 3604 3285 3286
f 3270 3588 3286
f 3277 3605 3595
f 3287 3605 3277
f 3605 3287 3288
f 3606 3605 3288
f 3290 3607 3291
f 3290 3293 3608
f 3607 3290 3608
f 3610 3608 3293
f 3610 3293 3609
f 3609 3293 3294
f 3295 3611 3294
f 3294 3611 3609
f 3597 3295 3279
f 3611 3295 3597
f 3281 3296 3599
f 3599 3296 3612
f 3615 3613 3614
f 3615 3298 3297
f 3615 3297 3613
f 3613 3297 3616
f 3601 3299 3602
f 3601 3616 3299
f 3616 3297 3299
f 3283 3602 3299
f 3288 3617 3606
f 3300 3617 3288
f 3619 3302 3303
f 3607 3618 3291
f 3618 3300 3291
f 3618 3617 3300
f 3618 3608 3620
f 3618 3607 3608
f 3302 3619 3304
f 3610 3620 3608
f 3296 3305 3612
f 3612 3305 3621
f 3306 3615 3614
f 3306 3614 3307
f 3307 3614 3622
f 3298 3615 3306
f 3309 3624 3623
f 3310 3624 3309
f 3303 3309 3623
f 3303 3623 3626
f 3303 3626 3619
f 3625 3626 3623
f 3304 3626 3311
f 3619 3626 3304
f 3305 3312 3621
f 3621 3312 3627
f 3307 3622 3313
f 3622 3628 3313
f 3315 3316 3629
f 3315 3630 3317
f 3629 3630 3315
f 3317 3631 3318
f 3630 3631 3317
f 3633 3318 3631
f 3633 3632 3318
f 3632 3319 3318
f 3320 3319 3634
f 3319 3632 3634
f 3321 3320 3635
f 3320 3634 3635
f 3624 3310 3321
f 3635 3624 3321
f 3637 3626 3625
f 3636 3637 3625
f 3311 3637 3322
f 3626 3637 3311
f 3312 3323 3627
f 3627 3323 3638
f 3313 3628 3639
f 3324 3313 3639
f 3325 3324 3640
f 3324 3639 3640
f 3326 3325 3641
f 3325 3640 3641
f 3327 3326 3642
f 3326 3641 3642
f 3328 3327 3643
f 3327 3642 3643
f 3329 3328 3644
f 3328 3643 3644
f 3330 3329 3645
f 3329 3644 3645
f 3629 3316 3330
f 3629 3330 3646
f 3646 3330 3645
f 3630 3629 3646
f 3647 3630 3646
f 3631 3630 3647
f 3648 3631 3647
f 3633 3631 3648
f 3331 3637 3636
f 3331 3636 3332
f 3332 3636 3649
f 3322 3637 3331
f 3323 3333 3638
f 3638 3333 3650
f 3334 3651 3652
f 3335 3334 3652
f 3336 3653 3334
f 3334 3653 3651
f 3649 3336 3332
f 3653 3336 3649
f 3333 3337 3650
f 3650 3337 3654
f 3657 3655 3656
f 3657 3339 3338
f 3657 3338 3655
f 3655 3338 3658
f 3340 3659 3338
f 3338 3659 3658
f 3341 3660 3340
f 3340 3660 3659
f 3342 3661 3341
f 3341 3661 3660
f 3343 3662 3342
f 3342 3662 3661
f 3652 3343 3335
f 3662 3343 3652
f 3337 3344 3654
f 3654 3344 3663
f 3345 3664 3665
f 3346 3345 3665
f 3347 3666 3345
f 3345 3666 3664
f 3656 3348 3657
f 3656 3666 3348
f 3666 3347 3348
f 3339 3657 3348
f 3344 3349 3663
f 3663 3349 3667
f 3350 3668 3669
f 3351 3350 3669
f 3665 3350 3346
f 3668 3350 3665
f 3349 3352 3667
f 3667 3352 3670
f 3351 3669 3354
f 3669 3671 3354
f 3352 3355 3670
f 3670 3355 3672
f 3356 3673 3674
f 3357 3356 3674
f 3671 3356 3354
f 3673 3356 3671
f 3677 3676 3675
f 3677 3675 3672
f 3677 3672 3358
f 3358 3672 3355
f 3357 3674 3359
f 3674 3678 3359
f 3680 3676 3677
f 3679 3676 3680
f 3358 3360 3680
f 3677 3358 3680
f 3359 3678 3361
f 3678 3681 3361
f 3683 3679 3680
f 3682 3679 3683
f 3360 3362 3683
f 3680 3360 3683
f 3361 3681 3364
f 3681 3684 3364
f 3686 3682 3683
f 3685 3682 3686
f 3362 3365 3686
f 3683 3362 3686
f 3366 3687 3688
f 3367 3366 3688
f 3684 3366 3364
f 3687 3366 3684
f 3686 3689 3685
f 3689 3686 3365
f 3689 3365 3690
f 3690 3365 3368
f 3369 3691 3692
f 3370 3369 3692
f 3688 3369 3367
f 3691 3369 3688
f 3693 3371 3694
f 3693 3690 3371
f 3690 3368 3371
f 3693 3694 3695
f 3698 3696 3697
f 3698 3374 3373
f 3698 3373 3696
f 3696 3373 3699
f 3375 3700 3373
f 3373 3700 3699
f 3376 3701 3375
f 3375 3701 3700
f 3692 3376 3370
f 3701 3376 3692
f 3371 3377 3694
f 3694 3702 3695
f 3694 3377 3702
f 3377 3378 3702
f 3379 3703 3378
f 3378 3703 3702
f 3697 3380 3698
f 3697 3703 3380
f 3703 3379 3380
f 3374 3698 3380
f 3382 3383 3704
f 3382 3705 3384
f 3704 3705 3382
f 3384 3705 3385
f 3387 3707 3706
f 3388 3707 3387
f 3704 3383 3387
f 3704 3387 3708
f 3708 3387 3706
f 3705 3704 3708
f 3709 3705 3708
f 3385 3705 3709
f 3385 3709 3389
f 3389 3709 3710
f 3390 3389 3711
f 3389 3710 3711
f 3391 3390 3712
f 3390 3711 3712
f 3714 3712 3713
f 3714 3392 3712
f 3392 3391 3712
f 3392 3714 3393
f 3394 3716 3715
f 3395 3716 3394
f 3707 3388 3394
f 3715 3707 3394
f 3714 3713 3717
f 3393 3714 3717
f 3393 3717 3397
f 3397 3717 3718
f 3718 3398 3397
f 3719 3398 3718
f 3395 3399 3716
f 3716 3399 3720
f 3398 3719 3721
f 3401 3398 3721
f 3721 3402 3401
f 3722 3402 3721
f 3399 3403 3720
f 3720 3403 3723
f 3402 3722 3405
f 3722 3724 3405
f 3403 3406 3723
f 3723 3406 3725
f 3405 3724 3408
f 3724 3726 3408
f 3406 3727 3725
f 3409 3727 3406
f 3727 3409 3410
f 3728 3727 3410
f 3408 3726 3411
f 3726 3729 3411
f 3410 3412 3728
f 3728 3412 3730
f 3411 3729 3731
f 3413 3411 3731
f 3731 3414 3413
f 3732 3414 3731
f 3412 3415 3730
f 3730 3415 3733
f 3414 3732 3416
f 3732 3734 3416
f 3415 3417 3733
f 3733 3417 3735
f 3416 3734 3736
f 3418 3416 3736
f 3736 3419 3418
f 3737 3419 3736
f 3417 3420 3735
f 3735 3420 3738
f 3419 3737 3739
f 3421 3419 3739
f 3422 3421 3740
f 3421 3739 3740
f 3742 3740 3741
f 3742 3423 3740
f 3423 3422 3740
f 3423 3742 3424
f 3420 3425 3738
f 3738 3425 3743
f 3742 3741 3744
f 3424 3742 3744
f 3424 3744 3426
f 3426 3744 3745
f 3427 3426 3746
f 3426 3745 3746
f 3428 3427 3747
f 3427 3746 3747
f 3429 3428 3748
f 3428 3747 3748
f 3750 3748 3749
f 3750 3430 3748
f 3430 3429 3748
f 3430 3750 3431
f 3425 3432 3743
f 3743 3432 3751
f 3750 3749 3752
f 3431 3750 3752
f 3431 3752 3433
f 3433 3752 3753
f 3755 3753 3754
f 3755 3434 3753
f 3434 3433 3753
f 3434 3755 3435
f 3432 3436 3751
f 3751 3436 3756
f 3759 3757 3758
f 3759 3761 3760
f 3757 3759 3760
f 3761 3763 3762
f 3760 3761 3762
f 3763 3765 3764
f 3762 3763 3764
f 3765 3767 3766
f 3764 3765 3766
f 3767 3769 3768
f 3766 3767 3768
f 3769 3771 3770
f 3768 3769 3770
f 3771 3773 3772
f 3770 3771 3772
f 3773 3775 3774
f 3772 3773 3774
f 3775 3777 3776
f 3774 3775 3776
f 3777 3779 3778
f 3776 3777 3778
f 3778 3779 3780
f 3755 3754 3781
f 3781 3435 3755
f 3781 3782 3435
f 3782 3437 3435
f 3436 3439 3756
f 3756 3439 3783
f 3786 3784 3785
f 3758 3784 3786
f 3759 3758 3786
f 3759 3786 3441
f 3759 3441 3440
f 3443 3759 3440
f 3761 3759 3443
f 3444 3761 3443
f 3763 3761 3444
f 3445 3763 3444
f 3765 3763 3445
f 3446 3765 3445
f 3767 3765 3446
f 3447 3767 3446
f 3769 3767 3447
f 3448 3769 3447
f 3771 3769 3448
f 3449 3771 3448
f 3773 3771 3449
f 3450 3773 3449
f 3775 3773 3450
f 3451 3775 3450
f 3777 3775 3451
f 3452 3777 3451
f 3779 3777 3452
f 3779 3787 3780
f 3779 3452 3787
f 3452 3453 3787
f 3455 3789 3788
f 3455 3788 3453
f 3453 3788 3787
f 3789 3782 3788
f 3789 3456 3782
f 3456 3437 3782
f 3439 3458 3783
f 3783 3458 3790
f 3786 3785 3791
f 3793 3791 3792
f 3459 3791 3793
f 3459 3786 3791
f 3459 3441 3786
f 3459 3793 3460
f 3455 3462 3789
f 3456 3789 3462
f 3796 3795 3794
f 3796 3794 3790
f 3796 3790 3464
f 3464 3790 3458
f 3793 3792 3797
f 3460 3793 3797
f 3460 3797 3465
f 3465 3797 3798
f 3800 3798 3799
f 3800 3466 3798
f 3466 3465 3798
f 3466 3800 3467
f 3469 3802 3801
f 3470 3802 3469
f 3801 3471 3469
f 3803 3471 3801
f 3473 3805 3804
f 3474 3805 3473
f 3804 3475 3473
f 3806 3475 3804
f 3808 3795 3796
f 3807 3795 3808
f 3464 3476 3808
f 3796 3464 3808
f 3800 3799 3809
f 3467 3800 3809
f 3467 3809 3477
f 3477 3809 3810
f 3812 3810 3811
f 3812 3478 3810
f 3478 3477 3810
f 3478 3812 3479
f 3480 3814 3813
f 3481 3814 3480
f 3802 3470 3480
f 3813 3802 3480
f 3471 3803 3815
f 3482 3471 3815
f 3805 3474 3482
f 3815 3805 3482
f 3475 3806 3816
f 3483 3475 3816
f 3484 3483 3817
f 3483 3816 3817
f 3817 3485 3484
f 3818 3485 3817
f 3820 3807 3808
f 3819 3807 3820
f 3476 3486 3820
f 3808 3476 3820
f 3812 3811 3821
f 3479 3812 3821
f 3479 3821 3487
f 3487 3821 3822
f 3488 3487 3823
f 3487 3822 3823
f 3489 3488 3824
f 3488 3823 3824
f 3490 3489 3825
f 3489 3824 3825
f 3491 3490 3826
f 3490 3825 3826
f 3492 3491 3827
f 3491 3826 3827
f 3814 3481 3492
f 3827 3814 3492
f 3485 3818 3828
f 3493 3485 3828
f 3494 3493 3829
f 3493 3828 3829
f 3495 3830 3831
f 3495 3494 3830
f 3494 3829 3830
f 3830 3832 3831
f 3496 3819 3820
f 3496 3497 3819
f 3497 3833 3819
f 3486 3496 3820
f 3495 3831 3499
f 3831 3832 3834
f 3831 3834 3499
f 3499 3834 3500
f 3501 3500 3835
f 3500 3834 3835
f 3502 3501 3836
f 3501 3835 3836
f 3503 3502 3837
f 3502 3836 3837
f 3504 3503 3838
f 3503 3837 3838
f 3506 3504 3839
f 3504 3838 3839
f 3507 3506 3840
f 3506 3839 3840
f 3840 3509 3507
f 3841 3509 3840
f 3497 3510 3833
f 3833 3510 3842
f 3509 3841 3843
f 3512 3509 3843
f 3513 3512 3844
f 3512 3843 3844
f 3514 3513 3845
f 3513 3844 3845
f 3515 3514 3846
f 3514 3845 3846
f 3516 3515 3847
f 3515 3846 3847
f 3517 3516 3848
f 3516 3847 3848
f 3848 3518 3517
f 3849 3518 3848
f 3510 3520 3842
f 3842 3520 3850
f 3518 3849 3851
f 3522 3518 3851
f 3523 3522 3852
f 3522 3851 3852
f 3524 3523 3853
f 3523 3852 3853
f 3855 3853 3854
f 3855 3525 3853
f 3525 3524 3853
f 3525 3855 3526
f 3520 3527 3850
f 3850 3527 3856
f 3855 3854 3857
f 3526 3855 3857
f 3526 3857 3529
f 3529 3857 3858
f 3858 3530 3529
f 3859 3530 3858
f 3861 3527 3532
f 3861 3860 3527
f 3860 3856 3527
f 3532 3533 3861
f 3530 3859 3862
f 3534 3530 3862
f 3862 3535 3534
f 3863 3535 3862
f 3865 3860 3861
f 3864 3860 3865
f 3533 3536 3865
f 3861 3533 3865
f 3535 3863 3537
f 3863 3866 3537
f 3868 3864 3865
f 3867 3864 3868
f 3536 3539 3868
f 3865 3536 3868
f 3537 3866 3540
f 3866 3869 3540
f 3542 3867 3868
f 3542 3543 3867
f 3543 3870 3867
f 3539 3542 3868
f 3540 3869 3545
f 3869 3871 3545
f 3543 3546 3870
f 3870 3546 3872
f 3548 3873 3874
f 3549 3548 3874
f 3871 3548 3545
f 3873 3548 3871
f 3546 3551 3872
f 3872 3551 3875
f 3878 3876 3877
f 3878 3554 3553
f 3878 3553 3876
f 3876 3553 3879
f 3874 3553 3549
f 3879 3553 3874
f 3551 3555 3875
f 3875 3555 3880
f 3557 3881 3882
f 3558 3557 3882
f 3560 3883 3557
f 3557 3883 3881
f 3561 3884 3560
f 3560 3884 3883
f 3877 3562 3878
f 3877 3884 3562
f 3884 3561 3562
f 3554 3878 3562
f 3555 3563 3880
f 3880 3563 3885
f 3567 3886 3887
f 3568 3567 3887
f 3569 3888 3567
f 3567 3888 3886
f 3570 3889 3569
f 3569 3889 3888
f 3571 3890 3570
f 3570 3890 3889
f 3572 3891 3571
f 3571 3891 3890
f 3573 3892 3572
f 3572 3892 3891
f 3882 3573 3558
f 3892 3573 3882
f 3894 3563 3574
f 3894 3893 3563
f 3893 3885 3563
f 3574 3575 3894
f 3897 3895 3896
f 3897 3899 3898
f 3895 3897 3898
f 3898 3899 3900
f 3576 3901 3577
f 3903 3901 3576
f 3903 3576 3902
f 3902 3576 3578
f 3579 3904 3578
f 3578 3904 3902
f 3580 3905 3579
f 3579 3905 3904
f 3581 3906 3580
f 3580 3906 3905
f 3582 3907 3581
f 3581 3907 3906
f 3583 3908 3582
f 3582 3908 3907
f 3584 3909 3583
f 3583 3909 3908
f 3887 3584 3568
f 3909 3584 3887
f 3894 3910 3893
f 3910 3894 3575
f 3910 3575 3911
f 3911 3575 3585
f 3586 3912 3913
f 3587 3586 3913
f 3589 3914 3586
f 3586 3914 3912
f 3590 3915 3589
f 3589 3915 3914
f 3896 3591 3897
f 3896 3915 3591
f 3915 3590 3591
f 3592 3897 3591
f 3899 3897 3592
f 3899 3916 3900
f 3899 3592 3916
f 3592 3593 3916
f 3594 3917 3593
f 3593 3917 3916
f 3917 3594 3595
f 3918 3917 3595
f 3596 3919 3920
f 3597 3596 3920
f 3598 3921 3596
f 3596 3921 3919
f 3901 3598 3577
f 3901 3922 3598
f 3922 3921 3598
f 3903 3922 3901
f 3585 3599 3911
f 3911 3599 3923
f 3926 3924 3925
f 3926 3601 3600
f 3926 3600 3924
f 3924 3600 3927
f 3603 3928 3600
f 3600 3928 3927
f 3604 3929 3603
f 3603 3929 3928
f 3913 3604 3587
f 3929 3604 3913
f 3595 3930 3918
f 3605 3930 3595
f 3930 3605 3606
f 3931 3930 3606
f 3934 3932 3933
f 3932 3934 3935
f 3609 3936 3937
f 3610 3609 3937
f 3611 3938 3609
f 3609 3938 3936
f 3920 3611 3597
f 3938 3611 3920
f 3599 3612 3923
f 3923 3612 3939
f 3942 3940 3941
f 3942 3614 3613
f 3942 3613 3940
f 3940 3613 3943
f 3925 3616 3926
f 3925 3943 3616
f 3943 3613 3616
f 3601 3926 3616
f 3606 3944 3931
f 3617 3944 3606
f 3933 3618 3934
f 3933 3944 3618
f 3944 3617 3618
f 3934 3945 3935
f 3934 3618 3945
f 3618 3620 3945
f 3937 3620 3610
f 3945 3620 3937
f 3612 3621 3939
f 3939 3621 3946
f 3948 3942 3941
f 3947 3948 3941
f 3614 3948 3622
f 3942 3948 3614
f 3623 3624 3949
f 3623 3949 3625
f 3621 3627 3946
f 3946 3627 3950
f 3948 3947 3951
f 3951 3622 3948
f 3951 3952 3622
f 3952 3628 3622
f 3632 3633 3953
f 3632 3954 3634
f 3953 3954 3632
f 3956 3634 3954
f 3956 3955 3634
f 3955 3635 3634
f 3949 3624 3635
f 3949 3635 3957
f 3957 3635 3955
f 3957 3625 3949
f 3957 3958 3625
f 3958 3636 3625
f 3627 3638 3950
f 3950 3638 3959
f 3628 3952 3960
f 3639 3628 3960
f 3640 3639 3961
f 3639 3960 3961
f 3641 3640 3962
f 3640 3961 3962
f 3642 3641 3963
f 3641 3962 3963
f 3643 3642 3964
f 3642 3963 3964
f 3644 3643 3965
f 3643 3964 3965
f 3645 3644 3966
f 3644 3965 3966
f 3646 3645 3967
f 3645 3966 3967
f 3647 3646 3968
f 3646 3967 3968
f 3648 3647 3969
f 3647 3968 3969
f 3953 3633 3648
f 3953 3648 3970
f 3970 3648 3969
f 3954 3953 3970
f 3971 3954 3970
f 3956 3954 3971
f 3974 3972 3973
f 3974 3958 3972
f 3974 3649 3958
f 3649 3636 3958
f 3638 3650 3959
f 3959 3650 3975
f 3978 3976 3977
f 3978 3652 3651
f 3978 3651 3976
f 3976 3651 3979
f 3973 3653 3974
f 3973 3979 3653
f 3979 3651 3653
f 3649 3974 3653
f 3650 3654 3975
f 3975 3654 3980
f 3655 3981 3982
f 3656 3655 3982
f 3658 3983 3655
f 3655 3983 3981
f 3659 3984 3658
f 3658 3984 3983
f 3660 3985 3659
f 3659 3985 3984
f 3661 3986 3660
f 3660 3986 3985
f 3977 3662 3978
f 3977 3986 3662
f 3986 3661 3662
f 3652 3978 3662
f 3654 3663 3980
f 3980 3663 3987
f 3664 3988 3989
f 3665 3664 3989
f 3666 3990 3664
f 3664 3990 3988
f 3982 3666 3656
f 3990 3666 3982
f 3663 3667 3987
f 3987 3667 3991
f 3668 3992 3993
f 3669 3668 3993
f 3989 3668 3665
f 3992 3668 3989
f 3667 3670 3991
f 3991 3670 3994
f 3669 3993 3671
f 3993 3995 3671
f 3670 3672 3994
f 3994 3672 3996
f 3673 3997 3998
f 3674 3673 3998
f 3995 3673 3671
f 3997 3673 3995
f 3675 4000 3999
f 3676 4000 3675
f 3996 3672 3675
f 3999 3996 3675
f 3674 3998 3678
f 3998 4001 3678
f 3676 3679 4000
f 4000 3679 4002
f 3678 4001 3681
f 4001 4003 3681
f 3679 3682 4002
f 4002 3682 4004
f 3681 4003 3684
f 4003 4005 3684
f 3682 3685 4004
f 4004 3685 4006
f 3687 4007 4008
f 3688 3687 4008
f 4005 3687 3684
f 4007 3687 4005
f 3685 4009 4006
f 3689 4009 3685
f 4009 3689 3690
f 4010 4009 3690
f 4013 4011 4012
f 4013 3692 3691
f 4013 3691 4011
f 4011 3691 4014
f 4008 3691 3688
f 4014 3691 4008
f 3690 4015 4010
f 3693 4015 3690
f 3695 4017 4016
f 3695 4016 3693
f 3693 4016 4015
f 4017 4019 4018
f 4016 4017 4018
f 4019 3697 3696
f 4019 3696 4018
f 4018 3696 4020
f 3699 4021 3696
f 3696 4021 4020
f 3700 4022 3699
f 3699 4022 4021
f 4012 3701 4013
f 4012 4022 3701
f 4022 3700 3701
f 3692 4013 3701
f 3695 3702 4017
f 3703 4017 3702
f 4019 4017 3703
f 3697 4019 3703
f 3706 3707 4023
f 4025 3706 4023
f 4025 4024 3706
f 4024 3708 3706
f 3709 3708 4026
f 3708 4024 4026
f 3710 3709 4027
f 3709 4026 4027
f 3711 3710 4028
f 3710 4027 4028
f 4030 4028 4029
f 4030 3712 4028
f 3712 3711 4028
f 3712 4030 3713
f 3715 3716 4031
f 3715 4031 4033
f 3707 3715 4033
f 3707 4033 4032
f 3707 4032 4023
f 4025 4023 4032
f 4030 4029 4034
f 3713 4030 4034
f 3713 4034 3717
f 3717 4034 4035
f 3718 3717 4036
f 3717 4035 4036
f 4036 3719 3718
f 4037 3719 4036
f 4031 4039 4038
f 4031 3716 4039
f 3716 3720 4039
f 4033 4031 4038
f 3719 4037 4040
f 3721 3719 4040
f 4040 3722 3721
f 4041 3722 4040
f 3720 3723 4039
f 4039 3723 4042
f 3722 4041 3724
f 4041 4043 3724
f 3723 3725 4042
f 4042 3725 4044
f 3724 4043 3726
f 4043 4045 3726
f 3725 4046 4044
f 3727 4046 3725
f 4046 3727 3728
f 4047 4046 3728
f 3726 4045 3729
f 4045 4048 3729
f 3728 3730 4047
f 4047 3730 4049
f 3729 4048 4050
f 3731 3729 4050
f 4050 3732 3731
f 4051 3732 4050
f 3730 3733 4049
f 4049 3733 4052
f 3732 4051 3734
f 4051 4053 3734
f 3733 3735 4052
f 4052 3735 4054
f 3734 4053 4055
f 3736 3734 4055
f 4055 3737 3736
f 4056 3737 4055
f 3735 3738 4054
f 4054 3738 4057
f 3737 4056 4058
f 3739 3737 4058
f 4060 4058 4059
f 4060 3740 4058
f 3740 3739 4058
f 3740 4060 3741
f 3738 3743 4057
f 4057 3743 4061
f 4060 4059 4062
f 3741 4060 4062
f 3741 4062 3744
f 3744 4062 4063
f 3745 3744 4064
f 3744 4063 4064
f 3746 3745 4065
f 3745 4064 4065
f 4067 4065 4066
f 4067 3747 4065
f 3747 3746 4065
f 3747 4068 3748
f 4067 4068 3747
f 3748 4068 3749
f 3743 3751 4061
f 4061 3751 4069
f 4067 4066 4070
f 4068 4067 4070
f 4071 4068 4070
f 4073 4071 4072
f 3752 4071 4073
f 3752 4068 4071
f 3752 3749 4068
f 3752 4074 3753
f 4073 4074 3752
f 3753 4074 3754
f 3751 3756 4069
f 4069 3756 4075
f 3757 4076 4077
f 3758 3757 4077
f 3760 4078 3757
f 3757 4078 4076
f 3762 4079 3760
f 3760 4079 4078
f 3764 4080 3762
f 3762 4080 4079
f 3766 4081 3764
f 3764 4081 4080
f 3768 4082 3766
f 3766 4082 4081
f 3770 4083 3768
f 3768 4083 4082
f 3772 4084 3770
f 3770 4084 4083
f 3774 4085 3772
f 3772 4085 4084
f 3776 4086 3774
f 3774 4086 4085
f 4072 3778 4073
f 4072 4086 3778
f 4086 3776 3778
f 3780 4073 3778
f 3780 4087 4073
f 4087 4074 4073
f 3754 4088 3781
f 3754 4074 4088
f 4074 4087 4088
f 3781 4088 3782
f 3756 3783 4075
f 4075 3783 4089
f 3784 4090 4091
f 3785 3784 4091
f 4077 3784 3758
f 4090 3784 4077
f 3780 3787 4087
f 3788 4087 3787
f 4088 4087 3788
f 3782 4088 3788
f 4094 4093 4092
f 4094 4092 4089
f 4094 4089 3790
f 3790 4089 3783
f 4096 3791 3785
f 4096 3785 4095
f 4095 3785 4091
f 3791 4096 3792
f 3794 4093 4094
f 3794 3795 4093
f 3795 4097 4093
f 3790 3794 4094
f 4096 4095 4098
f 3792 4096 4098
f 3792 4098 3797
f 3797 4098 4099
f 4101 4099 4100
f 4101 3798 4099
f 3798 3797 4099
f 3798 4101 3799
f 3801 4103 4102
f 3802 4103 3801
f 4102 3803 3801
f 4104 3803 4102
f 3804 3805 4105
f 3804 4105 3806
f 3795 3807 4097
f 4097 3807 4106
f 4101 4100 4107
f 3799 4101 4107
f 3799 4107 3809
f 3809 4107 4108
f 3810 3809 4109
f 3809 4108 4109
f 4109 3811 3810
f 4110 3811 4109
f 3813 4112 4111
f 3814 4112 3813
f 4103 3802 3813
f 4111 4103 3813
f 3803 4104 4113
f 3815 3803 4113
f 4105 3805 3815
f 4105 3815 4114
f 4114 3815 4113
f 3806 4105 4114
f 3806 4114 3816
f 3816 4114 4115
f 3817 3816 4116
f 3816 4115 4116
f 3818 4117 4118
f 3818 3817 4117
f 3817 4116 4117
f 4117 4119 4118
f 3807 3819 4106
f 4106 3819 4120
f 3811 4110 4121
f 3821 3811 4121
f 4123 4121 4122
f 4123 3822 4121
f 3822 3821 4121
f 3822 4124 3823
f 4123 4124 3822
f 3823 4125 3824
f 4124 4125 3823
f 4127 3824 4125
f 4127 4126 3824
f 4126 3825 3824
f 3826 3825 4128
f 3825 4126 4128
f 3827 3826 4129
f 3826 4128 4129
f 4112 3814 3827
f 4129 4112 3827
f 3818 4118 3828
f 4118 4119 4130
f 4118 4130 3828
f 3828 4130 3829
f 3830 3829 4131
f 3829 4130 4131
f 3832 4132 4133
f 3832 3830 4132
f 3830 4131 4132
f 4132 4134 4133
f 3819 3833 4120
f 4120 3833 4135
f 4123 4122 4136
f 4124 4123 4136
f 4137 4124 4136
f 4125 4124 4137
f 4138 4125 4137
f 4127 4125 4138
f 3832 4133 3834
f 4133 4134 4139
f 4133 4139 3834
f 3834 4139 3835
f 3836 3835 4140
f 3835 4139 4140
f 3837 3836 4141
f 3836 4140 4141
f 3838 3837 4142
f 3837 4141 4142
f 3839 3838 4143
f 3838 4142 4143
f 3840 3839 4144
f 3839 4143 4144
f 4144 3841 3840
f 4145 3841 4144
f 3833 3842 4135
f 4135 3842 4146
f 3841 4145 4147
f 3843 3841 4147
f 3844 3843 4148
f 3843 4147 4148
f 3845 3844 4149
f 3844 4148 4149
f 3846 3845 4150
f 3845 4149 4150
f 3847 3846 4151
f 3846 4150 4151
f 4153 4151 4152
f 4153 3848 4151
f 3848 3847 4151
f 3848 4153 3849
f 3842 3850 4146
f 4146 3850 4154
f 4153 4152 4155
f 3849 4153 4155
f 3849 4155 3851
f 3851 4155 4156
f 3852 3851 4157
f 3851 4156 4157
f 4159 4157 4158
f 4159 3853 4157
f 3853 3852 4157
f 3853 4159 3854
f 3850 3856 4154
f 4154 3856 4160
f 4159 4158 4161
f 3854 4159 4161
f 3854 4161 3857
f 3857 4161 4162
f 4164 4162 4163
f 4164 3858 4162
f 3858 3857 4162
f 3858 4164 3859
f 3856 3860 4160
f 4160 3860 4165
f 4164 4163 4166
f 4168 4166 4167
f 3862 4166 4168
f 3862 4164 4166
f 3862 3859 4164
f 3862 4168 3863
f 3860 3864 4165
f 4165 3864 4169
f 4168 4167 4170
f 4170 3863 4168
f 4170 4171 3863
f 4171 3866 3863
f 3864 3867 4169
f 4169 3867 4172
f 3866 4171 3869
f 4171 4173 3869
f 3867 3870 4172
f 4172 3870 4174
f 4177 4175 4176
f 4177 4173 4175
f 4177 3871 4173
f 3871 3869 4173
f 3870 3872 4174
f 4174 3872 4178
f 4181 4179 4180
f 4176 4179 4181
f 4177 4176 4181
f 4177 4181 3874
f 4177 3874 3873
f 3871 4177 3873
f 3872 3875 4178
f 4178 3875 4182
f 4185 4183 4184
f 4185 3877 3876
f 4185 3876 4183
f 4183 3876 4186
f 4180 3879 4181
f 4180 4186 3879
f 4186 3876 3879
f 3874 4181 3879
f 3875 3880 4182
f 4182 3880 4187
f 4190 4188 4189
f 4190 3882 3881
f 4190 3881 4188
f 4188 3881 4191
f 3883 4192 3881
f 3881 4192 4191
f 4184 3884 4185
f 4184 4192 3884
f 4192 3883 3884
f 3877 4185 3884
f 3880 3885 4187
f 4187 3885 4193
f 3886 4194 4195
f 3887 3886 4195
f 3888 4196 3886
f 3886 4196 4194
f 3889 4197 3888
f 3888 4197 4196
f 3890 4198 3889
f 3889 4198 4197
f 3891 4199 3890
f 3890 4199 4198
f 4189 3892 4190
f 4189 4199 3892
f 4199 3891 3892
f 3882 4190 3892
f 3885 3893 4193
f 4193 3893 4200
f 4203 4201 4202
f 4203 4205 4204
f 4201 4203 4204
f 4205 3896 3895
f 4205 3895 4204
f 4204 3895 4206
f 3898 4207 3895
f 3895 4207 4206
f 4207 3898 3900
f 4208 4207 3900
f 3902 4209 3903
f 4211 4209 3902
f 4211 3902 4210
f 4210 3902 3904
f 3905 4212 3904
f 3904 4212 4210
f 3906 4213 3905
f 3905 4213 4212
f 3907 4214 3906
f 3906 4214 4213
f 3908 4215 3907
f 3907 4215 4214
f 3909 4216 3908
f 3908 4216 4215
f 4195 3909 3887
f 4216 3909 4195
f 3893 4217 4200
f 3910 4217 3893
f 4217 3910 3911
f 4218 4217 3911
f 4221 4219 4220
f 4221 3913 3912
f 4221 3912 4219
f 4219 3912 4222
f 4202 3914 4203
f 4202 4222 3914
f 4222 3912 3914
f 3915 4203 3914
f 4205 4203 3915
f 3896 4205 3915
f 3900 4223 4208
f 3916 4223 3900
f 4225 4224 4223
f 4225 4223 3917
f 3917 4223 3916
f 3917 3918 4225
f 3919 4226 4227
f 3920 3919 4227
f 3921 4228 3919
f 3919 4228 4226
f 3922 4229 3921
f 3921 4229 4228
f 4209 3922 3903
f 4209 4230 3922
f 4230 4229 3922
f 4211 4230 4209
f 3911 3923 4218
f 4218 3923 4231
f 4234 4232 4233
f 4234 3925 3924
f 4234 3924 4232
f 4232 3924 4235
f 3927 4236 3924
f 3924 4236 4235
f 3928 4237 3927
f 3927 4237 4236
f 4220 3929 4221
f 4220 4237 3929
f 4237 3928 3929
f 3913 4221 3929
f 4225 4238 4224
f 3918 4238 4225
f 3918 3930 4238
f 3930 4239 4238
f 4239 3930 3931
f 4240 4239 3931
f 3932 4241 4242
f 3933 3932 4242
f 3935 4244 4243
f 3935 4243 3932
f 3932 4243 4241
f 4244 3937 3936
f 4244 3936 4243
f 4243 3936 4245
f 3938 4246 3936
f 3936 4246 4245
f 4227 3938 3920
f 4246 3938 4227
f 3923 3939 4231
f 4231 3939 4247
f 3940 4248 4249
f 3941 3940 4249
f 4233 3943 4234
f 4233 4248 3943
f 4248 3940 3943
f 3925 4234 3943
f 3931 4250 4240
f 3944 4250 3931
f 4242 3944 3933
f 4250 3944 4242
f 3935 3945 4244
f 3937 4244 3945
f 3939 3946 4247
f 4247 3946 4251
f 3941 4249 3947
f 4249 4252 3947
f 3946 3950 4251
f 4251 3950 4253
f 4255 3951 3947
f 4255 3947 4254
f 4254 3947 4252
f 3951 4255 3952
f 3955 3956 4256
f 3955 4257 3957
f 4256 4257 3955
f 3957 4257 3958
f 3950 3959 4253
f 4253 3959 4258
f 4255 4254 4259
f 3952 4255 4259
f 3952 4259 3960
f 3960 4259 4260
f 4262 4260 4261
f 4262 3961 4260
f 3961 3960 4260
f 3961 4263 3962
f 4262 4263 3961
f 4265 3962 4263
f 4265 4264 3962
f 4264 3963 3962
f 3964 3963 4266
f 3963 4264 4266
f 3965 3964 4267
f 3964 4266 4267
f 3966 3965 4268
f 3965 4267 4268
f 3967 3966 4269
f 3966 4268 4269
f 3968 3967 4270
f 3967 4269 4270
f 3969 3968 4271
f 3968 4270 4271
f 4273 4271 4272
f 4273 3970 4271
f 3970 3969 4271
f 3970 4274 3971
f 4273 4274 3970
f 3971 4256 3956
f 3971 4274 4256
f 4274 4275 4256
f 3972 4275 3973
f 3972 4257 4275
f 4257 4256 4275
f 3958 4257 3972
f 3959 3975 4258
f 4258 3975 4276
f 4262 4261 4277
f 4263 4262 4277
f 4278 4263 4277
f 4265 4263 4278
f 4281 4279 4280
f 4281 4283 4282
f 4279 4281 4282
f 4272 4282 4283
f 4272 4283 4273
f 4273 4283 4284
f 3976 4284 3977
f 3976 4274 4284
f 4274 4273 4284
f 3979 4274 3976
f 4275 4274 3979
f 3973 4275 3979
f 3975 3980 4276
f 4276 3980 4285
f 4288 4286 4287
f 4288 3982 3981
f 4288 3981 4286
f 4286 3981 4289
f 3983 4290 3981
f 3981 4290 4289
f 4280 3984 4281
f 4280 4290 3984
f 4290 3983 3984
f 3985 4281 3984
f 4283 4281 3985
f 3986 4283 3985
f 4284 4283 3986
f 3977 4284 3986
f 3980 3987 4285
f 4285 3987 4291
f 3988 4292 4293
f 3989 3988 4293
f 4287 3990 4288
f 4287 4292 3990
f 4292 3988 3990
f 3982 4288 3990
f 3987 3991 4291
f 4291 3991 4294
f 3992 4295 4296
f 3993 3992 4296
f 4293 3992 3989
f 4295 3992 4293
f 3991 3994 4294
f 4294 3994 4297
f 3993 4296 3995
f 4296 4298 3995
f 3994 3996 4297
f 4297 3996 4299
f 3997 4300 4301
f 3998 3997 4301
f 4298 3997 3995
f 4300 3997 4298
f 3999 4303 4302
f 4000 4303 3999
f 4299 3996 3999
f 4302 4299 3999
f 3998 4301 4001
f 4301 4304 4001
f 4000 4002 4303
f 4303 4002 4305
f 4001 4304 4003
f 4304 4306 4003
f 4002 4004 4305
f 4305 4004 4307
f 4003 4306 4005
f 4306 4308 4005
f 4309 4006 4310
f 4309 4307 4006
f 4307 4004 4006
f 4309 4310 4311
f 4007 4312 4313
f 4008 4007 4313
f 4308 4007 4005
f 4312 4007 4308
f 4006 4009 4310
f 4010 4315 4314
f 4009 4010 4314
f 4009 4314 4311
f 4009 4311 4310
f 4314 4315 4316
f 4319 4317 4318
f 4319 4012 4011
f 4319 4011 4317
f 4317 4011 4320
f 4014 4321 4011
f 4011 4321 4320
f 4313 4014 4008
f 4321 4014 4313
f 4010 4015 4315
f 4315 4322 4316
f 4315 4015 4322
f 4015 4016 4322
f 4018 4323 4016
f 4016 4323 4322
f 4020 4324 4018
f 4018 4324 4323
f 4021 4325 4020
f 4020 4325 4324
f 4318 4022 4319
f 4318 4325 4022
f 4325 4021 4022
f 4012 4319 4022
f 4024 4025 4326
f 4024 4327 4026
f 4326 4327 4024
f 4026 4328 4027
f 4327 4328 4026
f 4027 4329 4028
f 4328 4329 4027
f 4028 4329 4029
f 4032 4033 4330
f 4032 4330 4332
f 4025 4032 4332
f 4025 4332 4331
f 4025 4331 4326
f 4327 4326 4331
f 4333 4327 4331
f 4328 4327 4333
f 4334 4328 4333
f 4329 4328 4334
f 4335 4329 4334
f 4029 4329 4335
f 4029 4335 4034
f 4034 4335 4336
f 4035 4034 4337
f 4034 4336 4337
f 4339 4337 4338
f 4339 4036 4337
f 4036 4035 4337
f 4036 4339 4037
f 4038 4039 4340
f 4038 4340 4342
f 4033 4038 4342
f 4033 4342 4341
f 4033 4341 4330
f 4332 4330 4341
f 4339 4338 4343
f 4345 4343 4344
f 4040 4343 4345
f 4040 4339 4343
f 4040 4037 4339
f 4040 4345 4041
f 4340 4042 4346
f 4039 4042 4340
f 4347 4342 4340
f 4346 4347 4340
f 4345 4344 4348
f 4348 4041 4345
f 4348 4349 4041
f 4349 4043 4041
f 4346 4044 4350
f 4042 4044 4346
f 4351 4347 4346
f 4350 4351 4346
f 4043 4349 4045
f 4349 4352 4045
f 4044 4046 4350
f 4350 4046 4047
f 4350 4047 4351
f 4351 4047 4353
f 4045 4352 4048
f 4352 4354 4048
f 4047 4049 4353
f 4353 4049 4355
f 4048 4354 4356
f 4050 4048 4356
f 4356 4051 4050
f 4357 4051 4356
f 4049 4052 4355
f 4355 4052 4358
f 4051 4357 4053
f 4357 4359 4053
f 4052 4054 4358
f 4358 4054 4360
f 4053 4359 4361
f 4055 4053 4361
f 4361 4056 4055
f 4362 4056 4361
f 4054 4057 4360
f 4360 4057 4363
f 4056 4362 4364
f 4058 4056 4364
f 4364 4059 4058
f 4365 4059 4364
f 4057 4061 4363
f 4363 4061 4366
f 4059 4365 4367
f 4062 4059 4367
f 4369 4367 4368
f 4369 4063 4367
f 4063 4062 4367
f 4063 4370 4064
f 4369 4370 4063
f 4064 4371 4065
f 4370 4371 4064
f 4065 4371 4066
f 4061 4069 4366
f 4366 4069 4372
f 4375 4373 4374
f 4375 4377 4376
f 4373 4375 4376
f 4368 4376 4377
f 4368 4377 4369
f 4369 4377 4378
f 4370 4369 4379
f 4379 4369 4378
f 4371 4370 4380
f 4380 4370 4379
f 4066 4381 4070
f 4066 4371 4381
f 4371 4380 4381
f 4070 4382 4071
f 4381 4382 4070
f 4071 4382 4072
f 4069 4075 4372
f 4372 4075 4383
f 4386 4384 4385
f 4386 4077 4076
f 4386 4076 4384
f 4384 4076 4387
f 4078 4388 4076
f 4076 4388 4387
f 4079 4389 4078
f 4078 4389 4388
f 4374 4080 4375
f 4374 4389 4080
f 4389 4079 4080
f 4081 4375 4080
f 4377 4375 4081
f 4082 4377 4081
f 4378 4377 4082
f 4083 4378 4082
f 4379 4378 4083
f 4084 4379 4083
f 4380 4379 4084
f 4085 4380 4084
f 4381 4380 4085
f 4086 4381 4085
f 4382 4381 4086
f 4072 4382 4086
f 4075 4089 4383
f 4383 4089 4390
f 4393 4391 4392
f 4385 4391 4393
f 4386 4385 4393
f 4386 4393 4091
f 4386 4091 4090
f 4077 4386 4090
f 4092 4395 4394
f 4093 4395 4092
f 4390 4089 4092
f 4394 4390 4092
f 4397 4393 4392
f 4396 4397 4392
f 4091 4397 4095
f 4393 4397 4091
f 4398 4097 4399
f 4398 4395 4097
f 4395 4093 4097
f 4398 4399 4400
f 4397 4396 4401
f 4403 4401 4402
f 4098 4401 4403
f 4098 4397 4401
f 4098 4095 4397
f 4098 4404 4099
f 4403 4404 4098
f 4099 4404 4100
f 4102 4103 4405
f 4102 4405 4104
f 4399 4407 4406
f 4399 4097 4407
f 4097 4106 4407
f 4400 4399 4406
f 4403 4402 4408
f 4404 4403 4408
f 4409 4404 4408
f 4100 4404 4409
f 4100 4409 4107
f 4107 4409 4410
f 4412 4410 4411
f 4412 4108 4410
f 4108 4107 4410
f 4108 4413 4109
f 4412 4413 4108
f 4109 4413 4110
f 4416 4415 4414
f 4416 4111 4112
f 4416 4414 4111
f 4414 4417 4111
f 4405 4103 4111
f 4405 4111 4418
f 4418 4111 4417
f 4420 4418 4419
f 4113 4418 4420
f 4113 4405 4418
f 4113 4104 4405
f 4422 4113 4420
f 4422 4421 4113
f 4421 4114 4113
f 4115 4114 4423
f 4114 4421 4423
f 4116 4115 4424
f 4115 4423 4424
f 4117 4116 4425
f 4116 4424 4425
f 4425 4119 4117
f 4426 4119 4425
f 4106 4120 4407
f 4407 4120 4427
f 4412 4411 4428
f 4413 4412 4428
f 4429 4413 4428
f 4110 4413 4429
f 4110 4429 4121
f 4121 4429 4430
f 4430 4122 4121
f 4431 4122 4430
f 4126 4433 4432
f 4127 4433 4126
f 4128 4126 4434
f 4126 4432 4434
f 4415 4416 4129
f 4415 4129 4434
f 4434 4129 4128
f 4112 4129 4416
f 4420 4419 4435
f 4422 4420 4435
f 4119 4426 4436
f 4130 4119 4436
f 4131 4130 4437
f 4130 4436 4437
f 4132 4131 4438
f 4131 4437 4438
f 4134 4439 4440
f 4134 4132 4439
f 4132 4438 4439
f 4439 4441 4440
f 4120 4135 4427
f 4427 4135 4442
f 4122 4431 4443
f 4136 4122 4443
f 4137 4136 4444
f 4136 4443 4444
f 4138 4137 4445
f 4137 4444 4445
f 4433 4127 4138
f 4445 4433 4138
f 4134 4440 4139
f 4440 4441 4446
f 4440 4446 4139
f 4139 4446 4140
f 4141 4140 4447
f 4140 4446 4447
f 4142 4141 4448
f 4141 4447 4448
f 4143 4142 4449
f 4142 4448 4449
f 4144 4143 4450
f 4143 4449 4450
f 4450 4145 4144
f 4451 4145 4450
f 4135 4146 4442
f 4442 4146 4452
f 4145 4451 4453
f 4147 4145 4453
f 4148 4147 4454
f 4147 4453 4454
f 4149 4148 4455
f 4148 4454 4455
f 4150 4149 4456
f 4149 4455 4456
f 4458 4456 4457
f 4458 4151 4456
f 4151 4150 4456
f 4151 4458 4152
f 4146 4154 4452
f 4452 4154 4459
f 4458 4457 4460
f 4152 4458 4460
f 4152 4460 4155
f 4155 4460 4461
f 4156 4155 4462
f 4155 4461 4462
f 4464 4462 4463
f 4464 4157 4462
f 4157 4156 4462
f 4157 4464 4158
f 4154 4160 4459
f 4459 4160 4465
f 4464 4463 4466
f 4158 4464 4466
f 4158 4466 4161
f 4161 4466 4467
f 4162 4161 4468
f 4161 4467 4468
f 4468 4163 4162
f 4469 4163 4468
f 4160 4165 4465
f 4465 4165 4470
f 4163 4469 4471
f 4166 4163 4471
f 4471 4167 4166
f 4472 4167 4471
f 4165 4169 4470
f 4470 4169 4473
f 4475 4170 4167
f 4475 4167 4474
f 4474 4167 4472
f 4170 4475 4171
f 4169 4172 4473
f 4473 4172 4476
f 4478 4475 4474
f 4477 4478 4474
f 4171 4478 4173
f 4475 4478 4171
f 4172 4174 4476
f 4476 4174 4479
f 4175 4478 4477
f 4175 4477 4176
f 4176 4477 4480
f 4173 4478 4175
f 4174 4178 4479
f 4479 4178 4481
f 4179 4482 4483
f 4180 4179 4483
f 4480 4179 4176
f 4482 4179 4480
f 4178 4182 4481
f 4481 4182 4484
f 4487 4485 4486
f 4487 4184 4183
f 4487 4183 4485
f 4485 4183 4488
f 4186 4489 4183
f 4183 4489 4488
f 4483 4186 4180
f 4489 4186 4483
f 4182 4187 4484
f 4484 4187 4490
f 4493 4491 4492
f 4493 4189 4188
f 4493 4188 4491
f 4491 4188 4494
f 4191 4495 4188
f 4188 4495 4494
f 4486 4192 4487
f 4486 4495 4192
f 4495 4191 4192
f 4184 4487 4192
f 4187 4193 4490
f 4490 4193 4496
f 4194 4497 4498
f 4195 4194 4498
f 4196 4499 4194
f 4194 4499 4497
f 4197 4500 4196
f 4196 4500 4499
f 4198 4501 4197
f 4197 4501 4500
f 4492 4199 4493
f 4492 4501 4199
f 4501 4198 4199
f 4189 4493 4199
f 4193 4200 4496
f 4496 4200 4502
f 4201 4503 4504
f 4202 4201 4504
f 4204 4505 4201
f 4201 4505 4503
f 4206 4506 4204
f 4204 4506 4505
f 4508 4507 4506
f 4508 4506 4207
f 4207 4506 4206
f 4207 4208 4508
f 4210 4509 4510
f 4211 4210 4510
f 4212 4511 4210
f 4210 4511 4509
f 4213 4512 4212
f 4212 4512 4511
f 4214 4513 4213
f 4213 4513 4512
f 4215 4514 4214
f 4214 4514 4513
f 4216 4515 4215
f 4215 4515 4514
f 4498 4216 4195
f 4515 4216 4498
f 4200 4516 4502
f 4217 4516 4200
f 4516 4217 4218
f 4517 4516 4218
f 4520 4518 4519
f 4520 4220 4219
f 4520 4219 4518
f 4518 4219 4521
f 4222 4522 4219
f 4219 4522 4521
f 4504 4222 4202
f 4522 4222 4504
f 4508 4523 4507
f 4208 4523 4508
f 4208 4223 4523
f 4223 4524 4523
f 4524 4223 4224
f 4525 4524 4224
f 4226 4526 4227
f 4528 4526 4226
f 4528 4226 4527
f 4527 4226 4228
f 4229 4529 4228
f 4228 4529 4527
f 4230 4530 4229
f 4229 4530 4529
f 4510 4230 4211
f 4530 4230 4510
f 4218 4231 4517
f 4517 4231 4531
f 4534 4532 4533
f 4534 4536 4535
f 4532 4534 4535
f 4536 4233 4232
f 4536 4232 4535
f 4535 4232 4537
f 4235 4538 4232
f 4232 4538 4537
f 4236 4539 4235
f 4235 4539 4538
f 4519 4237 4520
f 4519 4539 4237
f 4539 4236 4237
f 4220 4520 4237
f 4224 4540 4525
f 4238 4540 4224
f 4239 4541 4238
f 4238 4541 4540
f 4240 4543 4542
f 4240 4542 4239
f 4239 4542 4541
f 4543 4242 4241
f 4543 4241 4542
f 4542 4241 4544
f 4243 4545 4241
f 4241 4545 4544
f 4245 4546 4243
f 4243 4546 4545
f 4246 4547 4245
f 4245 4547 4546
f 4526 4246 4227
f 4526 4548 4246
f 4548 4547 4246
f 4528 4548 4526
f 4231 4247 4531
f 4531 4247 4549
f 4551 4534 4533
f 4550 4551 4533
f 4248 4551 4249
f 4248 4536 4551
f 4536 4534 4551
f 4233 4536 4248
f 4240 4250 4543
f 4242 4543 4250
f 4247 4251 4549
f 4549 4251 4552
f 4554 4551 4550
f 4553 4554 4550
f 4249 4554 4252
f 4551 4554 4249
f 4251 4253 4552
f 4552 4253 4555
f 4554 4553 4556
f 4556 4252 4554
f 4556 4557 4252
f 4557 4254 4252
f 4253 4258 4555
f 4555 4258 4558
f 4254 4557 4559
f 4259 4254 4559
f 4561 4559 4560
f 4561 4260 4559
f 4260 4259 4559
f 4260 4561 4261
f 4264 4265 4562
f 4264 4563 4266
f 4562 4563 4264
f 4266 4564 4267
f 4563 4564 4266
f 4267 4565 4268
f 4564 4565 4267
f 4268 4566 4269
f 4565 4566 4268
f 4269 4567 4270
f 4566 4567 4269
f 4270 4568 4271
f 4567 4568 4270
f 4271 4568 4272
f 4258 4276 4558
f 4558 4276 4569
f 4561 4560 4570
f 4261 4561 4570
f 4261 4570 4277
f 4277 4570 4571
f 4278 4277 4572
f 4277 4571 4572
f 4562 4265 4278
f 4562 4278 4573
f 4573 4278 4572
f 4563 4562 4573
f 4574 4563 4573
f 4574 4575 4576
f 4574 4576 4563
f 4563 4576 4564
f 4565 4564 4577
f 4577 4564 4576
f 4566 4565 4578
f 4578 4565 4577
f 4279 4578 4280
f 4279 4567 4578
f 4567 4566 4578
f 4282 4567 4279
f 4568 4567 4282
f 4272 4568 4282
f 4276 4285 4569
f 4569 4285 4579
f 4582 4580 4581
f 4575 4580 4582
f 4576 4575 4582
f 4576 4582 4287
f 4576 4287 4286
f 4289 4576 4286
f 4577 4576 4289
f 4290 4577 4289
f 4578 4577 4290
f 4280 4578 4290
f 4285 4291 4579
f 4579 4291 4583
f 4292 4582 4581
f 4292 4581 4293
f 4293 4581 4584
f 4287 4582 4292
f 4291 4294 4583
f 4583 4294 4585
f 4295 4586 4587
f 4296 4295 4587
f 4584 4295 4293
f 4586 4295 4584
f 4294 4297 4585
f 4585 4297 4588
f 4296 4587 4298
f 4587 4589 4298
f 4297 4299 4588
f 4588 4299 4590
f 4300 4591 4592
f 4301 4300 4592
f 4589 4300 4298
f 4591 4300 4589
f 4302 4303 4593
f 4302 4593 4594
f 4302 4594 4299
f 4299 4594 4590
f 4301 4592 4304
f 4592 4595 4304
f 4593 4305 4596
f 4303 4305 4593
f 4597 4594 4593
f 4596 4597 4593
f 4304 4595 4306
f 4595 4598 4306
f 4596 4307 4599
f 4305 4307 4596
f 4600 4597 4596
f 4599 4600 4596
f 4603 4601 4602
f 4603 4598 4601
f 4603 4308 4598
f 4308 4306 4598
f 4307 4309 4599
f 4311 4605 4604
f 4309 4311 4604
f 4309 4604 4600
f 4309 4600 4599
f 4604 4605 4606
f 4609 4607 4608
f 4602 4607 4609
f 4603 4602 4609
f 4603 4609 4313
f 4603 4313 4312
f 4308 4603 4312
f 4311 4314 4605
f 4316 4611 4610
f 4314 4316 4610
f 4314 4610 4606
f 4314 4606 4605
f 4611 4613 4612
f 4610 4611 4612
f 4613 4615 4614
f 4612 4613 4614
f 4615 4617 4616
f 4614 4615 4616
f 4617 4318 4317
f 4617 4317 4616
f 4616 4317 4618
f 4320 4619 4317
f 4317 4619 4618
f 4608 4321 4609
f 4608 4619 4321
f 4619 4320 4321
f 4313 4609 4321
f 4316 4322 4611
f 4323 4611 4322
f 4613 4611 4323
f 4324 4613 4323
f 4615 4613 4324
f 4325 4615 4324
f 4617 4615 4325
f 4318 4617 4325
f 4331 4332 4620
f 4331 4621 4333
f 4620 4621 4331
f 4623 4333 4621
f 4623 4622 4333
f 4622 4334 4333
f 4335 4334 4624
f 4334 4622 4624
f 4336 4335 4625
f 4335 4624 4625
f 4627 4625 4626
f 4627 4337 4625
f 4337 4336 4625
f 4337 4627 4338
f 4341 4342 4628
f 4341 4620 4332
f 4341 4628 4620
f 4628 4629 4620
f 4631 4630 4621
f 4631 4621 4629
f 4629 4621 4620
f 4623 4621 4630
f 4627 4626 4632
f 4338 4627 4632
f 4338 4632 4343
f 4343 4632 4633
f 4633 4344 4343
f 4634 4344 4633
f 4628 4347 4635
f 4342 4347 4628
f 4637 4636 4629
f 4637 4629 4635
f 4635 4629 4628
f 4631 4629 4636
f 4344 4634 4638
f 4348 4344 4638
f 4638 4349 4348
f 4639 4349 4638
f 4635 4641 4640
f 4635 4347 4641
f 4347 4351 4641
f 4637 4635 4640
f 4349 4639 4352
f 4639 4642 4352
f 4351 4353 4641
f 4641 4353 4643
f 4352 4642 4354
f 4642 4644 4354
f 4353 4355 4643
f 4643 4355 4645
f 4354 4644 4646
f 4356 4354 4646
f 4646 4357 4356
f 4647 4357 4646
f 4355 4358 4645
f 4645 4358 4648
f 4357 4647 4359
f 4647 4649 4359
f 4358 4360 4648
f 4648 4360 4650
f 4652 4361 4359
f 4652 4359 4651
f 4651 4359 4649
f 4361 4652 4362
f 4360 4363 4650
f 4650 4363 4653
f 4652 4651 4654
f 4656 4654 4655
f 4364 4654 4656
f 4364 4652 4654
f 4364 4362 4652
f 4364 4656 4365
f 4363 4366 4653
f 4653 4366 4657
f 4659 4656 4655
f 4658 4659 4655
f 4365 4660 4367
f 4365 4656 4660
f 4656 4659 4660
f 4367 4660 4368
f 4366 4372 4657
f 4657 4372 4661
f 4664 4662 4663
f 4664 4666 4665
f 4662 4664 4665
f 4666 4668 4667
f 4665 4666 4667
f 4668 4670 4669
f 4667 4668 4669
f 4658 4669 4670
f 4659 4658 4670
f 4659 4670 4374
f 4659 4374 4373
f 4376 4659 4373
f 4660 4659 4376
f 4368 4660 4376
f 4372 4383 4661
f 4661 4383 4671
f 4674 4672 4673
f 4663 4672 4674
f 4664 4663 4674
f 4664 4674 4385
f 4664 4385 4384
f 4387 4664 4384
f 4666 4664 4387
f 4388 4666 4387
f 4668 4666 4388
f 4389 4668 4388
f 4670 4668 4389
f 4374 4670 4389
f 4383 4390 4671
f 4671 4390 4675
f 4391 4674 4673
f 4391 4673 4392
f 4392 4673 4676
f 4385 4674 4391
f 4394 4395 4677
f 4394 4677 4678
f 4394 4678 4390
f 4390 4678 4675
f 4681 4679 4680
f 4681 4676 4679
f 4681 4396 4676
f 4396 4392 4676
f 4395 4398 4677
f 4677 4398 4400
f 4677 4400 4678
f 4678 4400 4682
f 4684 4681 4680
f 4683 4684 4680
f 4396 4685 4401
f 4396 4681 4685
f 4681 4684 4685
f 4401 4685 4402
f 4406 4407 4686
f 4406 4686 4687
f 4406 4687 4400
f 4400 4687 4682
f 4684 4683 4688
f 4685 4684 4688
f 4689 4685 4688
f 4402 4685 4689
f 4402 4689 4408
f 4408 4689 4690
f 4409 4408 4691
f 4408 4690 4691
f 4693 4691 4692
f 4693 4410 4691
f 4410 4409 4691
f 4410 4693 4411
f 4414 4695 4694
f 4415 4695 4414
f 4417 4414 4696
f 4414 4694 4696
f 4418 4417 4697
f 4417 4696 4697
f 4697 4419 4418
f 4698 4419 4697
f 4421 4700 4699
f 4422 4700 4421
f 4423 4421 4701
f 4421 4699 4701
f 4424 4423 4702
f 4423 4701 4702
f 4425 4424 4703
f 4424 4702 4703
f 4703 4426 4425
f 4704 4426 4703
f 4686 4706 4705
f 4686 4407 4706
f 4407 4427 4706
f 4687 4686 4705
f 4693 4692 4707
f 4411 4693 4707
f 4411 4707 4428
f 4428 4707 4708
f 4429 4428 4709
f 4428 4708 4709
f 4430 4429 4710
f 4429 4709 4710
f 4710 4431 4430
f 4711 4431 4710
f 4714 4713 4712
f 4714 4432 4433
f 4714 4712 4432
f 4712 4715 4432
f 4434 4432 4716
f 4432 4715 4716
f 4695 4415 4434
f 4716 4695 4434
f 4419 4698 4717
f 4435 4419 4717
f 4700 4422 4435
f 4717 4700 4435
f 4426 4704 4718
f 4436 4426 4718
f 4437 4436 4719
f 4436 4718 4719
f 4438 4437 4720
f 4437 4719 4720
f 4439 4438 4721
f 4438 4720 4721
f 4721 4441 4439
f 4722 4441 4721
f 4427 4442 4706
f 4706 4442 4723
f 4431 4711 4724
f 4443 4431 4724
f 4444 4443 4725
f 4443 4724 4725
f 4713 4714 4445
f 4713 4445 4725
f 4725 4445 4444
f 4433 4445 4714
f 4441 4722 4726
f 4446 4441 4726
f 4447 4446 4727
f 4446 4726 4727
f 4448 4447 4728
f 4447 4727 4728
f 4449 4448 4729
f 4448 4728 4729
f 4450 4449 4730
f 4449 4729 4730
f 4730 4451 4450
f 4731 4451 4730
f 4442 4452 4723
f 4723 4452 4732
f 4451 4731 4733
f 4453 4451 4733
f 4454 4453 4734
f 4453 4733 4734
f 4455 4454 4735
f 4454 4734 4735
f 4737 4735 4736
f 4737 4456 4735
f 4456 4455 4735
f 4456 4737 4457
f 4452 4459 4732
f 4732 4459 4738
f 4737 4736 4739
f 4457 4737 4739
f 4457 4739 4460
f 4460 4739 4740
f 4461 4460 4741
f 4460 4740 4741
f 4743 4741 4742
f 4743 4462 4741
f 4462 4461 4741
f 4462 4743 4463
f 4459 4465 4738
f 4738 4465 4744
f 4743 4742 4745
f 4463 4743 4745
f 4463 4745 4466
f 4466 4745 4746
f 4748 4746 4747
f 4748 4467 4746
f 4467 4466 4746
f 4467 4749 4468
f 4748 4749 4467
f 4468 4749 4469
f 4465 4470 4744
f 4744 4470 4750
f 4748 4747 4751
f 4749 4748 4751
f 4752 4749 4751
f 4754 4752 4753
f 4471 4752 4754
f 4471 4749 4752
f 4471 4469 4749
f 4471 4754 4472
f 4470 4473 4750
f 4750 4473 4755
f 4754 4753 4756
f 4756 4472 4754
f 4756 4757 4472
f 4757 4474 4472
f 4473 4476 4755
f 4755 4476 4758
f 4474 4757 4477
f 4757 4759 4477
f 4476 4479 4758
f 4758 4479 4760
f 4763 4761 4762
f 4763 4759 4761
f 4763 4480 4759
f 4480 4477 4759
f 4479 4481 4760
f 4760 4481 4764
f 4767 4765 4766
f 4762 4765 4767
f 4763 4762 4767
f 4763 4767 4483
f 4763 4483 4482
f 4480 4763 4482
f 4481 4484 4764
f 4764 4484 4768
f 4771 4769 4770
f 4771 4486 4485
f 4771 4485 4769
f 4769 4485 4772
f 4488 4773 4485
f 4485 4773 4772
f 4766 4489 4767
f 4766 4773 4489
f 4773 4488 4489
f 4483 4767 4489
f 4484 4490 4768
f 4768 4490 4774
f 4777 4775 4776
f 4777 4492 4491
f 4777 4491 4775
f 4775 4491 4778
f 4494 4779 4491
f 4491 4779 4778
f 4770 4495 4771
f 4770 4779 4495
f 4779 4494 4495
f 4486 4771 4495
f 4490 4496 4774
f 4774 4496 4780
f 4497 4781 4782
f 4498 4497 4782
f 4499 4783 4497
f 4497 4783 4781
f 4500 4784 4499
f 4499 4784 4783
f 4776 4501 4777
f 4776 4784 4501
f 4784 4500 4501
f 4492 4777 4501
f 4496 4502 4780
f 4780 4502 4785
f 4503 4786 4787
f 4504 4503 4787
f 4505 4788 4503
f 4503 4788 4786
f 4790 4789 4788
f 4790 4788 4506
f 4506 4788 4505
f 4506 4507 4790
f 4509 4791 4510
f 4793 4791 4509
f 4793 4509 4792
f 4792 4509 4511
f 4512 4794 4511
f 4511 4794 4792
f 4513 4795 4512
f 4512 4795 4794
f 4514 4796 4513
f 4513 4796 4795
f 4515 4797 4514
f 4514 4797 4796
f 4782 4515 4498
f 4797 4515 4782
f 4502 4798 4785
f 4516 4798 4502
f 4798 4516 4517
f 4799 4798 4517
f 4802 4800 4801
f 4802 4804 4803
f 4800 4802 4803
f 4804 4806 4805
f 4803 4804 4805
f 4806 4808 4807
f 4805 4806 4807
f 4808 4810 4809
f 4807 4808 4809
f 4810 4519 4518
f 4810 4518 4809
f 4809 4518 4811
f 4521 4812 4518
f 4518 4812 4811
f 4522 4813 4521
f 4521 4813 4812
f 4787 4522 4504
f 4813 4522 4787
f 4790 4814 4789
f 4507 4814 4790
f 4507 4523 4814
f 4523 4815 4814
f 4524 4816 4523
f 4523 4816 4815
f 4816 4524 4525
f 4817 4816 4525
f 4820 4818 4819
f 4820 4822 4821
f 4818 4820 4821
f 4821 4822 4823
f 4826 4824 4825
f 4826 4528 4527
f 4826 4527 4824
f 4824 4527 4827
f 4529 4828 4527
f 4527 4828 4827
f 4530 4829 4529
f 4529 4829 4828
f 4791 4530 4510
f 4791 4830 4530
f 4830 4829 4530
f 4793 4830 4791
f 4517 4531 4799
f 4799 4531 4831
f 4834 4832 4833
f 4801 4832 4834
f 4802 4801 4834
f 4802 4834 4533
f 4802 4533 4532
f 4535 4802 4532
f 4804 4802 4535
f 4537 4804 4535
f 4806 4804 4537
f 4538 4806 4537
f 4808 4806 4538
f 4539 4808 4538
f 4810 4808 4539
f 4519 4810 4539
f 4525 4835 4817
f 4540 4835 4525
f 4541 4836 4540
f 4540 4836 4835
f 4542 4837 4541
f 4541 4837 4836
f 4819 4544 4820
f 4819 4837 4544
f 4837 4542 4544
f 4545 4820 4544
f 4822 4820 4545
f 4822 4838 4823
f 4822 4545 4838
f 4545 4546 4838
f 4547 4839 4546
f 4546 4839 4838
f 4825 4548 4826
f 4825 4839 4548
f 4839 4547 4548
f 4528 4826 4548
f 4531 4549 4831
f 4831 4549 4840
f 4842 4834 4833
f 4841 4842 4833
f 4533 4842 4550
f 4834 4842 4533
f 4549 4552 4840
f 4840 4552 4843
f 4842 4841 4844
f 4844 4550 4842
f 4844 4845 4550
f 4845 4553 4550
f 4552 4555 4843
f 4843 4555 4846
f 4848 4556 4553
f 4848 4553 4847
f 4847 4553 4845
f 4556 4848 4557
f 4555 4558 4846
f 4846 4558 4849
f 4848 4847 4850
f 4852 4850 4851
f 4559 4850 4852
f 4559 4848 4850
f 4559 4557 4848
f 4559 4852 4560
f 4558 4569 4849
f 4849 4569 4853
f 4852 4851 4854
f 4560 4852 4854
f 4560 4854 4570
f 4570 4854 4855
f 4571 4570 4856
f 4570 4855 4856
f 4572 4571 4857
f 4571 4856 4857
f 4859 4857 4858
f 4859 4573 4857
f 4573 4572 4857
f 4573 4860 4574
f 4859 4860 4573
f 4574 4860 4575
f 4569 4579 4853
f 4853 4579 4861
f 4859 4858 4862
f 4580 4863 4581
f 4580 4859 4863
f 4580 4860 4859
f 4859 4862 4863
f 4575 4860 4580
f 4579 4583 4861
f 4861 4583 4864
f 4867 4865 4866
f 4867 4863 4865
f 4867 4584 4863
f 4584 4581 4863
f 4583 4585 4864
f 4864 4585 4868
f 4586 4867 4866
f 4586 4866 4587
f 4587 4866 4869
f 4584 4867 4586
f 4585 4588 4868
f 4868 4588 4870
f 4873 4871 4872
f 4873 4869 4871
f 4873 4589 4869
f 4589 4587 4869
f 4588 4590 4870
f 4870 4590 4874
f 4591 4873 4872
f 4591 4872 4592
f 4592 4872 4875
f 4589 4873 4591
f 4590 4594 4874
f 4874 4594 4876
f 4592 4875 4595
f 4875 4877 4595
f 4878 4597 4879
f 4878 4876 4597
f 4876 4594 4597
f 4878 4879 4880
f 4595 4877 4598
f 4877 4881 4598
f 4879 4600 4882
f 4597 4600 4879
f 4883 4880 4879
f 4883 4879 4884
f 4884 4879 4882
f 4883 4884 4885
f 4601 4886 4887
f 4602 4601 4887
f 4881 4601 4598
f 4886 4601 4881
f 4600 4604 4882
f 4606 4882 4604
f 4606 4888 4882
f 4888 4884 4882
f 4889 4885 4884
f 4889 4884 4890
f 4890 4884 4888
f 4890 4892 4891
f 4889 4890 4891
f 4892 4894 4893
f 4891 4892 4893
f 4894 4896 4895
f 4893 4894 4895
f 4896 4898 4897
f 4895 4896 4897
f 4898 4608 4607
f 4898 4607 4897
f 4897 4607 4899
f 4887 4607 4602
f 4899 4607 4887
f 4606 4610 4888
f 4612 4888 4610
f 4890 4888 4612
f 4614 4890 4612
f 4892 4890 4614
f 4616 4892 4614
f 4894 4892 4616
f 4618 4894 4616
f 4896 4894 4618
f 4619 4896 4618
f 4898 4896 4619
f 4608 4898 4619
f 4622 4623 4900
f 4622 4901 4624
f 4900 4901 4622
f 4624 4902 4625
f 4901 4902 4624
f 4625 4902 4626
f 4630 4631 4903
f 4630 4903 4905
f 4623 4630 4905
f 4623 4905 4904
f 4623 4904 4900
f 4901 4900 4904
f 4906 4901 4904
f 4902 4901 4906
f 4907 4902 4906
f 4626 4902 4907
f 4626 4907 4632
f 4632 4907 4908
f 4910 4908 4909
f 4910 4633 4908
f 4633 4632 4908
f 4633 4910 4634
f 4636 4912 4911
f 4637 4912 4636
f 4903 4631 4636
f 4903 4636 4913
f 4913 4636 4911
f 4905 4903 4913
f 4910 4909 4914
f 4916 4914 4915
f 4638 4914 4916
f 4638 4910 4914
f 4638 4634 4910
f 4638 4916 4639
f 4640 4918 4917
f 4641 4918 4640
f 4912 4637 4640
f 4917 4912 4640
f 4916 4915 4919
f 4919 4639 4916
f 4919 4920 4639
f 4920 4642 4639
f 4641 4643 4918
f 4918 4643 4921
f 4642 4920 4644
f 4920 4922 4644
f 4643 4645 4921
f 4921 4645 4923
f 4925 4646 4644
f 4925 4644 4924
f 4924 4644 4922
f 4646 4925 4647
f 4645 4648 4923
f 4923 4648 4926
f 4925 4924 4927
f 4927 4647 4925
f 4927 4928 4647
f 4928 4649 4647
f 4648 4650 4926
f 4926 4650 4929
f 4649 4928 4651
f 4928 4930 4651
f 4650 4653 4929
f 4929 4653 4931
f 4933 4654 4651
f 4933 4651 4932
f 4932 4651 4930
f 4654 4933 4655
f 4653 4657 4931
f 4931 4657 4934
f 4937 4935 4936
f 4932 4935 4937
f 4932 4937 4933
f 4933 4937 4938
f 4655 4938 4658
f 4933 4938 4655
f 4657 4661 4934
f 4934 4661 4939
f 4662 4940 4941
f 4663 4662 4941
f 4665 4942 4662
f 4662 4942 4940
f 4936 4667 4937
f 4936 4942 4667
f 4942 4665 4667
f 4669 4937 4667
f 4938 4937 4669
f 4658 4938 4669
f 4661 4671 4939
f 4939 4671 4943
f 4672 4944 4945
f 4673 4672 4945
f 4941 4672 4663
f 4944 4672 4941
f 4671 4675 4943
f 4943 4675 4946
f 4949 4947 4948
f 4949 4945 4947
f 4949 4676 4945
f 4676 4673 4945
f 4675 4678 4946
f 4946 4678 4950
f 4953 4951 4952
f 4948 4951 4953
f 4949 4948 4953
f 4949 4953 4680
f 4949 4680 4679
f 4676 4949 4679
f 4678 4682 4950
f 4950 4682 4954
f 4956 4953 4952
f 4955 4956 4952
f 4680 4956 4683
f 4953 4956 4680
f 4682 4687 4954
f 4954 4687 4957
f 4959 4956 4955
f 4958 4959 4955
f 4683 4960 4688
f 4683 4956 4960
f 4956 4959 4960
f 4688 4961 4689
f 4960 4961 4688
f 4689 4962 4690
f 4961 4962 4689
f 4690 4963 4691
f 4962 4963 4690
f 4691 4963 4692
f 4694 4695 4964
f 4966 4694 4964
f 4966 4965 4694
f 4965 4696 4694
f 4697 4696 4967
f 4696 4965 4967
f 4967 4698 4697
f 4968 4698 4967
f 4699 4700 4969
f 4971 4699 4969
f 4971 4970 4699
f 4970 4701 4699
f 4702 4701 4972
f 4701 4970 4972
f 4974 4972 4973
f 4974 4703 4972
f 4703 4702 4972
f 4703 4974 4704
f 4705 4706 4975
f 4705 4975 4976
f 4705 4976 4687
f 4687 4976 4957
f 4959 4958 4977
f 4960 4959 4977
f 4978 4960 4977
f 4961 4960 4978
f 4979 4961 4978
f 4962 4961 4979
f 4980 4962 4979
f 4963 4962 4980
f 4981 4963 4980
f 4692 4963 4981
f 4692 4981 4707
f 4707 4981 4982
f 4708 4707 4983
f 4707 4982 4983
f 4709 4708 4984
f 4708 4983 4984
f 4710 4709 4985
f 4709 4984 4985
f 4985 4711 4710
f 4986 4711 4985
f 4712 4988 4987
f 4713 4988 4712
f 4715 4712 4989
f 4712 4987 4989
f 4716 4715 4990
f 4715 4989 4990
f 4964 4695 4716
f 4964 4716 4991
f 4991 4716 4990
f 4966 4964 4991
f 4698 4968 4992
f 4717 4698 4992
f 4969 4700 4717
f 4969 4717 4993
f 4993 4717 4992
f 4971 4969 4993
f 4974 4973 4994
f 4704 4974 4994
f 4704 4994 4718
f 4718 4994 4995
f 4719 4718 4996
f 4718 4995 4996
f 4720 4719 4997
f 4719 4996 4997
f 4721 4720 4998
f 4720 4997 4998
f 4998 4722 4721
f 4999 4722 4998
f 4975 5001 5000
f 4975 4706 5001
f 4706 4723 5001
f 4976 4975 5000
f 4711 4986 5002
f 4724 4711 5002
f 4725 4724 5003
f 4724 5002 5003
f 4988 4713 4725
f 5003 4988 4725
f 4722 4999 5004
f 4726 4722 5004
f 4727 4726 5005
f 4726 5004 5005
f 4728 4727 5006
f 4727 5005 5006
f 4729 4728 5007
f 4728 5006 5007
f 4730 4729 5008
f 4729 5007 5008
f 5008 4731 4730
f 5009 4731 5008
f 4723 4732 5001
f 5001 4732 5010
f 4731 5009 5011
f 4733 4731 5011
f 4734 4733 5012
f 4733 5011 5012
f 5014 5012 5013
f 5014 4735 5012
f 4735 4734 5012
f 4735 5014 4736
f 4732 4738 5010
f 5010 4738 5015
f 5014 5013 5016
f 4736 5014 5016
f 4736 5016 4739
f 4739 5016 5017
f 5019 5017 5018
f 5019 4740 5017
f 4740 4739 5017
f 4740 5020 4741
f 5019 5020 4740
f 4741 5020 4742
f 4738 4744 5015
f 5015 4744 5021
f 5019 5018 5022
f 5020 5019 5022
f 5023 5020 5022
f 5025 5023 5024
f 4745 5023 5025
f 4745 5020 5023
f 4745 4742 5020
f 4745 5026 4746
f 5025 5026 4745
f 4746 5026 4747
f 4744 4750 5021
f 5021 4750 5027
f 5025 5024 5028
f 5026 5025 5028
f 5029 5026 5028
f 4747 5026 5029
f 4747 5029 4751
f 4751 5029 5030
f 5032 5030 5031
f 5032 4752 5030
f 4752 4751 5030
f 4752 5032 4753
f 4750 4755 5027
f 5027 4755 5033
f 5035 5032 5031
f 5034 5035 5031
f 4753 5036 4756
f 4753 5032 5036
f 5032 5035 5036
f 4756 5036 4757
f 4755 4758 5033
f 5033 4758 5037
f 5039 5035 5034
f 5038 5039 5034
f 5036 5035 5040
f 5040 5035 5039
f 4757 5040 4759
f 5036 5040 4757
f 4758 4760 5037
f 5037 4760 5041
f 5043 5039 5038
f 5042 5043 5038
f 4761 5043 4762
f 4761 5040 5043
f 5040 5039 5043
f 4759 5040 4761
f 4760 4764 5041
f 5041 4764 5044
f 5047 5045 5046
f 5047 5049 5048
f 5045 5047 5048
f 5042 5048 5049
f 5043 5042 5049
f 5043 5049 4766
f 5043 4766 4765
f 4762 5043 4765
f 4764 4768 5044
f 5044 4768 5050
f 5053 5051 5052
f 5053 5055 5054
f 5051 5053 5054
f 5055 4770 4769
f 5055 4769 5054
f 5054 4769 5056
f 5046 4772 5047
f 5046 5056 4772
f 5056 4769 4772
f 4773 5047 4772
f 5049 5047 4773
f 4766 5049 4773
f 4768 4774 5050
f 5050 4774 5057
f 5060 5058 5059
f 5060 4776 4775
f 5060 4775 5058
f 5058 4775 5061
f 5052 4778 5053
f 5052 5061 4778
f 5061 4775 4778
f 4779 5053 4778
f 5055 5053 4779
f 4770 5055 4779
f 4774 4780 5057
f 5057 4780 5062
f 4781 5063 5064
f 4782 4781 5064
f 4783 5065 4781
f 4781 5065 5063
f 5059 4784 5060
f 5059 5065 4784
f 5065 4783 4784
f 4776 5060 4784
f 5066 4785 5067
f 5066 5062 4785
f 5062 4780 4785
f 5066 5067 5068
f 4786 5069 5070
f 4787 4786 5070
f 4788 5071 4786
f 4786 5071 5069
f 5071 4788 4789
f 5072 5071 4789
f 5075 5073 5074
f 5075 4793 4792
f 5075 4792 5073
f 5073 4792 5076
f 4794 5077 4792
f 4792 5077 5076
f 4795 5078 4794
f 4794 5078 5077
f 4796 5079 4795
f 4795 5079 5078
f 4797 5080 4796
f 4796 5080 5079
f 5064 4797 4782
f 5080 4797 5064
f 4785 4798 5067
f 5067 4798 4799
f 5067 4799 5068
f 5068 4799 5081
f 5084 5082 5083
f 5084 5086 5085
f 5082 5084 5085
f 5086 4801 4800
f 5086 4800 5085
f 5085 4800 5087
f 4803 5088 4800
f 4800 5088 5087
f 4805 5089 4803
f 4803 5089 5088
f 4807 5090 4805
f 4805 5090 5089
f 4809 5091 4807
f 4807 5091 5090
f 4811 5092 4809
f 4809 5092 5091
f 4812 5093 4811
f 4811 5093 5092
f 4813 5094 4812
f 4812 5094 5093
f 5070 4813 4787
f 5094 4813 5070
f 4789 5095 5072
f 4814 5095 4789
f 4815 5096 4814
f 4814 5096 5095
f 4816 5097 4815
f 4815 5097 5096
f 4817 5099 5098
f 4817 5098 4816
f 4816 5098 5097
f 5098 5099 5100
f 5103 5101 5102
f 5103 4819 4818
f 5103 4818 5101
f 5101 4818 5104
f 4821 5105 4818
f 4818 5105 5104
f 5105 4821 4823
f 5106 5105 4823
f 5109 5107 5108
f 5109 4825 4824
f 5109 4824 5107
f 5107 4824 5110
f 4827 5111 4824
f 4824 5111 5110
f 4828 5112 4827
f 4827 5112 5111
f 4829 5113 4828
f 4828 5113 5112
f 5074 4830 5075
f 5074 5113 4830
f 5113 4829 4830
f 4793 5075 4830
f 4799 4831 5081
f 5081 4831 5114
f 5116 5084 5083
f 5115 5116 5083
f 4832 5116 4833
f 4832 5086 5116
f 5086 5084 5116
f 4801 5086 4832
f 4817 4835 5099
f 5099 5117 5100
f 5099 4835 5117
f 4835 4836 5117
f 5102 4837 5103
f 5102 5117 4837
f 5117 4836 4837
f 4819 5103 4837
f 4823 5118 5106
f 4838 5118 4823
f 5108 4839 5109
f 5108 5118 4839
f 5118 4838 4839
f 4825 5109 4839
f 4831 4840 5114
f 5114 4840 5119
f 5116 5115 5120
f 5120 4833 5116
f 5120 5121 4833
f 5121 4841 4833
f 4840 4843 5119
f 5119 4843 5122
f 5124 4844 4841
f 5124 4841 5123
f 5123 4841 5121
f 4844 5124 4845
f 4843 4846 5122
f 5122 4846 5125
f 5124 5123 5126
f 5126 4845 5124
f 5126 5127 4845
f 5127 4847 4845
f 4846 4849 5125
f 5125 4849 5128
f 4847 5127 5129
f 4850 4847 5129
f 5129 4851 4850
f 5130 4851 5129
f 4849 4853 5128
f 5128 4853 5131
f 4851 5130 5132
f 4854 4851 5132
f 5134 5132 5133
f 5134 4855 5132
f 4855 4854 5132
f 4855 5135 4856
f 5134 5135 4855
f 4856 5136 4857
f 5135 5136 4856
f 4857 5136 4858
f 4853 4861 5131
f 5131 4861 5137
f 5134 5133 5138
f 5135 5134 5138
f 5139 5135 5138
f 5136 5135 5139
f 5140 5136 5139
f 5142 5140 5141
f 4862 5140 5142
f 4862 5136 5140
f 4862 4858 5136
f 4862 5142 4863
f 4861 4864 5137
f 5137 4864 5143
f 4865 5142 5141
f 4865 5141 4866
f 4866 5141 5144
f 4863 5142 4865
f 4864 4868 5143
f 5143 4868 5145
f 4866 5144 4869
f 5144 5146 4869
f 4868 4870 5145
f 5145 4870 5147
f 4871 5148 5149
f 4872 4871 5149
f 5146 4871 4869
f 5148 4871 5146
f 4870 4874 5147
f 5147 4874 5150
f 4872 5149 4875
f 5149 5151 4875
f 4874 4876 5150
f 5150 4876 5152
f 5155 5153 5154
f 5155 5151 5153
f 5155 4877 5151
f 4877 4875 5151
f 4876 5156 5152
f 4878 5156 4876
f 5156 4878 4880
f 5157 5156 4880
f 5159 5155 5154
f 5158 5159 5154
f 4877 5159 4881
f 5155 5159 4877
f 4880 5160 5157
f 4883 5160 4880
f 4885 5162 5161
f 4885 5161 4883
f 4883 5161 5160
f 5162 5164 5163
f 5161 5162 5163
f 5163 5164 5165
f 5168 5166 5167
f 5158 5166 5168
f 5159 5158 5168
f 5159 5168 4887
f 5159 4887 4886
f 4881 5159 4886
f 4885 4889 5162
f 4891 5162 4889
f 5164 5162 4891
f 5164 5169 5165
f 5164 4891 5169
f 4891 4893 5169
f 4895 5170 4893
f 4893 5170 5169
f 4897 5171 4895
f 4895 5171 5170
f 5167 4899 5168
f 5167 5171 4899
f 5171 4897 4899
f 4887 5168 4899
f 4904 4905 5172
f 4904 5173 4906
f 5172 5173 4904
f 4906 5174 4907
f 5173 5174 4906
f 4907 5175 4908
f 5174 5175 4907
f 4908 5175 4909
f 4911 4912 5176
f 4911 5177 4913
f 5176 5177 4911
f 4913 5177 5179
f 4905 4913 5179
f 4905 5179 5178
f 4905 5178 5172
f 5173 5172 5178
f 5180 5173 5178
f 5174 5173 5180
f 5181 5174 5180
f 5175 5174 5181
f 5182 5175 5181
f 5184 5182 5183
f 4914 5182 5184
f 4914 5175 5182
f 4914 4909 5175
f 4914 5184 4915
f 4917 4918 5185
f 4917 5185 5187
f 4912 4917 5187
f 4912 5187 5186
f 4912 5186 5176
f 5177 5176 5186
f 5188 5177 5186
f 5179 5177 5188
f 5184 5183 5189
f 5191 5189 5190
f 4919 5189 5191
f 4919 5184 5189
f 4919 4915 5184
f 4919 5191 4920
f 5185 5193 5192
f 5185 4918 5193
f 4918 4921 5193
f 5187 5185 5192
f 5191 5190 5194
f 5194 4920 5191
f 5194 5195 4920
f 5195 4922 4920
f 4921 4923 5193
f 5193 4923 5196
f 4922 5195 4924
f 5195 5197 4924
f 4923 4926 5196
f 5196 4926 5198
f 5200 4927 4924
f 5200 4924 5199
f 5199 4924 5197
f 4927 5200 4928
f 4926 4929 5198
f 5198 4929 5201
f 5203 5200 5199
f 5202 5203 5199
f 4928 5203 4930
f 5200 5203 4928
f 4929 4931 5201
f 5201 4931 5204
f 5206 5203 5202
f 5205 5206 5202
f 4930 5206 4932
f 5203 5206 4930
f 4931 4934 5204
f 5204 4934 5207
f 5210 5208 5209
f 5210 5212 5211
f 5208 5210 5211
f 5205 5211 5212
f 5206 5205 5212
f 5206 5212 4936
f 5206 4936 4935
f 4932 5206 4935
f 4934 4939 5207
f 5207 4939 5213
f 5216 5214 5215
f 5209 5214 5216
f 5210 5209 5216
f 5210 5216 4941
f 5210 4941 4940
f 4942 5210 4940
f 5212 5210 4942
f 4936 5212 4942
f 4939 4943 5213
f 5213 4943 5217
f 5220 5218 5219
f 5215 5218 5220
f 5216 5215 5220
f 5216 5220 4945
f 5216 4945 4944
f 4941 5216 4944
f 4943 4946 5217
f 5217 4946 5221
f 5224 5222 5223
f 5219 5222 5224
f 5220 5219 5224
f 5220 5224 4948
f 5220 4948 4947
f 4945 5220 4947
f 4946 4950 5221
f 5221 4950 5225
f 4951 5224 5223
f 4951 5223 4952
f 4952 5223 5226
f 4948 5224 4951
f 4950 4954 5225
f 5225 4954 5227
f 5230 5228 5229
f 5230 5226 5228
f 5230 4955 5226
f 4955 4952 5226
f 4954 4957 5227
f 5227 4957 5231
f 5234 5232 5233
f 5229 5232 5234
f 5229 5234 5230
f 5230 5234 5235
f 4955 5235 4958
f 5230 5235 4955
f 4965 4966 5236
f 4965 5237 4967
f 5236 5237 4965
f 4967 5237 4968
f 4970 4971 5238
f 4970 5239 4972
f 5238 5239 4970
f 4972 5239 4973
f 4957 4976 5231
f 5231 4976 5240
f 5234 5233 5241
f 5235 5234 5241
f 5242 5235 5241
f 4958 5235 5242
f 4958 5242 4977
f 4977 5242 5243
f 4978 4977 5244
f 4977 5243 5244
f 4979 4978 5245
f 4978 5244 5245
f 4980 4979 5246
f 4979 5245 5246
f 4981 4980 5247
f 4980 5246 5247
f 4982 4981 5248
f 4981 5247 5248
f 5250 5248 5249
f 5250 4983 5248
f 4983 4982 5248
f 4983 5251 4984
f 5250 5251 4983
f 5253 4984 5251
f 5253 5252 4984
f 5252 4985 4984
f 4986 5254 5255
f 4986 4985 5254
f 4985 5252 5254
f 5255 5256 5257
f 5254 5256 5255
f 5257 4987 4988
f 5257 5256 4987
f 5256 5258 4987
f 4989 4987 5259
f 4987 5258 5259
f 4990 4989 5260
f 4989 5259 5260
f 4991 4990 5261
f 4990 5260 5261
f 5236 4966 4991
f 5236 4991 5262
f 5262 4991 5261
f 5237 5236 5262
f 5263 5237 5262
f 4968 5237 5263
f 4968 5263 4992
f 4992 5263 5264
f 4993 4992 5265
f 4992 5264 5265
f 5238 4971 4993
f 5238 4993 5266
f 5266 4993 5265
f 5239 5238 5266
f 5267 5239 5266
f 4973 5239 5267
f 4973 5267 4994
f 4994 5267 5268
f 4995 4994 5269
f 4994 5268 5269
f 4996 4995 5270
f 4995 5269 5270
f 5272 5270 5271
f 5272 4997 5270
f 4997 4996 5270
f 4997 5273 4998
f 5272 5273 4997
f 4998 5273 4999
f 5000 5275 5274
f 5001 5275 5000
f 5240 4976 5000
f 5274 5240 5000
f 5250 5249 5276
f 5251 5250 5276
f 5277 5251 5276
f 5253 5251 5277
f 4986 5255 5002
f 5003 5002 5255
f 5257 5003 5255
f 4988 5003 5257
f 5272 5271 5278
f 5273 5272 5278
f 5279 5273 5278
f 4999 5273 5279
f 4999 5279 5004
f 5004 5279 5280
f 5005 5004 5281
f 5004 5280 5281
f 5006 5005 5282
f 5005 5281 5282
f 5007 5006 5283
f 5006 5282 5283
f 5008 5007 5284
f 5007 5283 5284
f 5284 5009 5008
f 5285 5009 5284
f 5001 5010 5275
f 5275 5010 5286
f 5009 5285 5287
f 5011 5009 5287
f 5289 5287 5288
f 5289 5012 5287
f 5012 5011 5287
f 5012 5289 5013
f 5010 5015 5286
f 5286 5015 5290
f 5289 5288 5291
f 5013 5289 5291
f 5013 5291 5016
f 5016 5291 5292
f 5294 5292 5293
f 5294 5017 5292
f 5017 5016 5292
f 5017 5294 5018
f 5015 5021 5290
f 5290 5021 5295
f 5294 5293 5296
f 5298 5296 5297
f 5022 5296 5298
f 5022 5294 5296
f 5022 5018 5294
f 5022 5299 5023
f 5298 5299 5022
f 5023 5299 5024
f 5021 5027 5295
f 5295 5027 5300
f 5298 5297 5301
f 5301 5302 5303
f 5301 5303 5298
f 5298 5303 5299
f 5024 5304 5028
f 5024 5299 5304
f 5299 5303 5304
f 5028 5305 5029
f 5304 5305 5028
f 5029 5306 5030
f 5305 5306 5029
f 5030 5306 5031
f 5027 5033 5300
f 5300 5033 5307
f 5303 5302 5308
f 5304 5303 5308
f 5309 5304 5308
f 5305 5304 5309
f 5310 5305 5309
f 5310 5311 5312
f 5310 5312 5305
f 5305 5312 5306
f 5031 5312 5034
f 5306 5312 5031
f 5033 5037 5307
f 5307 5037 5313
f 5315 5312 5311
f 5314 5315 5311
f 5034 5315 5038
f 5312 5315 5034
f 5037 5041 5313
f 5313 5041 5316
f 5319 5317 5318
f 5314 5317 5319
f 5314 5319 5315
f 5315 5319 5320
f 5038 5320 5042
f 5315 5320 5038
f 5041 5044 5316
f 5316 5044 5321
f 5324 5322 5323
f 5324 5326 5325
f 5322 5324 5325
f 5326 5328 5327
f 5325 5326 5327
f 5318 5327 5328
f 5319 5318 5328
f 5319 5328 5046
f 5319 5046 5045
f 5048 5319 5045
f 5320 5319 5048
f 5042 5320 5048
f 5044 5050 5321
f 5321 5050 5329
f 5332 5330 5331
f 5323 5330 5332
f 5324 5323 5332
f 5324 5332 5052
f 5324 5052 5051
f 5054 5324 5051
f 5326 5324 5054
f 5056 5326 5054
f 5328 5326 5056
f 5046 5328 5056
f 5050 5057 5329
f 5329 5057 5333
f 5336 5334 5335
f 5336 5059 5058
f 5336 5058 5334
f 5334 5058 5337
f 5331 5061 5332
f 5331 5337 5061
f 5337 5058 5061
f 5052 5332 5061
f 5057 5062 5333
f 5333 5062 5338
f 5063 5339 5340
f 5064 5063 5340
f 5335 5065 5336
f 5335 5339 5065
f 5339 5063 5065
f 5059 5336 5065
f 5062 5341 5338
f 5066 5341 5062
f 5341 5066 5068
f 5342 5341 5068
f 5345 5343 5344
f 5345 5347 5346
f 5343 5345 5346
f 5346 5347 5348
f 5069 5349 5070
f 5069 5071 5350
f 5349 5069 5350
f 5071 5072 5350
f 5353 5351 5352
f 5353 5074 5073
f 5353 5073 5351
f 5351 5073 5354
f 5076 5355 5073
f 5073 5355 5354
f 5077 5356 5076
f 5076 5356 5355
f 5078 5357 5077
f 5077 5357 5356
f 5079 5358 5078
f 5078 5358 5357
f 5080 5359 5079
f 5079 5359 5358
f 5340 5080 5064
f 5359 5080 5340
f 5068 5081 5342
f 5342 5081 5360
f 5363 5361 5362
f 5363 5365 5364
f 5361 5363 5364
f 5365 5083 5082
f 5365 5082 5364
f 5364 5082 5366
f 5085 5367 5082
f 5082 5367 5366
f 5087 5368 5085
f 5085 5368 5367
f 5088 5369 5087
f 5087 5369 5368
f 5089 5370 5088
f 5088 5370 5369
f 5090 5371 5089
f 5089 5371 5370
f 5091 5372 5090
f 5090 5372 5371
f 5344 5092 5345
f 5344 5372 5092
f 5372 5091 5092
f 5093 5345 5092
f 5347 5345 5093
f 5347 5373 5348
f 5347 5093 5373
f 5093 5094 5373
f 5349 5094 5070
f 5349 5374 5094
f 5374 5373 5094
f 5350 5374 5349
f 5375 5374 5350
f 5072 5375 5350
f 5072 5095 5375
f 5095 5376 5375
f 5096 5377 5095
f 5095 5377 5376
f 5097 5378 5096
f 5096 5378 5377
f 5098 5379 5097
f 5097 5379 5378
f 5100 5381 5380
f 5100 5380 5098
f 5098 5380 5379
f 5381 5102 5101
f 5381 5101 5380
f 5380 5101 5382
f 5104 5383 5101
f 5101 5383 5382
f 5105 5384 5104
f 5104 5384 5383
f 5106 5386 5385
f 5106 5385 5105
f 5105 5385 5384
f 5386 5108 5107
f 5386 5107 5385
f 5385 5107 5387
f 5110 5388 5107
f 5107 5388 5387
f 5111 5389 5110
f 5110 5389 5388
f 5112 5390 5111
f 5111 5390 5389
f 5352 5113 5353
f 5352 5390 5113
f 5390 5112 5113
f 5074 5353 5113
f 5081 5114 5360
f 5360 5114 5391
f 5363 5362 5392
f 5392 5393 5394
f 5392 5394 5363
f 5363 5394 5365
f 5083 5394 5115
f 5365 5394 5083
f 5100 5117 5381
f 5102 5381 5117
f 5106 5118 5386
f 5108 5386 5118
f 5114 5119 5391
f 5391 5119 5395
f 5394 5393 5396
f 5398 5396 5397
f 5120 5396 5398
f 5120 5394 5396
f 5120 5115 5394
f 5120 5398 5121
f 5119 5122 5395
f 5395 5122 5399
f 5398 5397 5400
f 5400 5121 5398
f 5400 5401 5121
f 5401 5123 5121
f 5122 5125 5399
f 5399 5125 5402
f 5123 5401 5403
f 5126 5123 5403
f 5403 5127 5126
f 5404 5127 5403
f 5125 5128 5402
f 5402 5128 5405
f 5407 5129 5127
f 5407 5127 5406
f 5406 5127 5404
f 5129 5407 5130
f 5128 5131 5405
f 5405 5131 5408
f 5407 5406 5409
f 5411 5409 5410
f 5132 5409 5411
f 5132 5407 5409
f 5132 5130 5407
f 5132 5411 5133
f 5131 5137 5408
f 5408 5137 5412
f 5411 5410 5413
f 5133 5411 5413
f 5133 5413 5138
f 5138 5413 5414
f 5416 5414 5415
f 5416 5139 5414
f 5139 5138 5414
f 5139 5417 5140
f 5416 5417 5139
f 5140 5417 5141
f 5137 5143 5412
f 5412 5143 5418
f 5416 5415 5419
f 5419 5420 5421
f 5419 5421 5416
f 5416 5421 5417
f 5141 5421 5144
f 5417 5421 5141
f 5143 5145 5418
f 5418 5145 5422
f 5424 5421 5420
f 5423 5424 5420
f 5144 5424 5146
f 5421 5424 5144
f 5145 5147 5422
f 5422 5147 5425
f 5148 5424 5423
f 5148 5423 5149
f 5149 5423 5426
f 5146 5424 5148
f 5147 5150 5425
f 5425 5150 5427
f 5430 5428 5429
f 5430 5426 5428
f 5430 5151 5426
f 5151 5149 5426
f 5431 5152 5432
f 5431 5427 5152
f 5427 5150 5152
f 5431 5432 5433
f 5153 5430 5429
f 5153 5429 5154
f 5154 5429 5434
f 5151 5430 5153
f 5152 5156 5432
f 5157 5436 5435
f 5156 5157 5435
f 5156 5435 5433
f 5156 5433 5432
f 5436 5438 5437
f 5435 5436 5437
f 5437 5438 5439
f 5442 5440 5441
f 5442 5434 5440
f 5442 5158 5434
f 5158 5154 5434
f 5157 5160 5436
f 5161 5436 5160
f 5438 5436 5161
f 5438 5443 5439
f 5438 5161 5443
f 5161 5163 5443
f 5165 5445 5444
f 5165 5444 5163
f 5163 5444 5443
f 5445 5447 5446
f 5444 5445 5446
f 5447 5449 5448
f 5446 5447 5448
f 5441 5448 5449
f 5442 5441 5449
f 5442 5449 5167
f 5442 5167 5166
f 5158 5442 5166
f 5165 5169 5445
f 5170 5445 5169
f 5447 5445 5170
f 5171 5447 5170
f 5449 5447 5171
f 5167 5449 5171
f 5178 5179 5450
f 5178 5451 5180
f 5450 5451 5178
f 5180 5452 5181
f 5451 5452 5180
f 5181 5453 5182
f 5452 5453 5181
f 5182 5453 5183
f 5186 5187 5454
f 5456 5186 5454
f 5456 5455 5186
f 5455 5188 5186
f 5450 5179 5188
f 5450 5188 5457
f 5457 5188 5455
f 5451 5450 5457
f 5458 5451 5457
f 5452 5451 5458
f 5459 5452 5458
f 5453 5452 5459
f 5460 5453 5459
f 5462 5460 5461
f 5189 5460 5462
f 5189 5453 5460
f 5189 5183 5453
f 5189 5462 5190
f 5192 5464 5463
f 5193 5464 5192
f 5454 5187 5192
f 5454 5192 5465
f 5465 5192 5463
f 5456 5454 5465
f 5462 5461 5466
f 5468 5466 5467
f 5194 5466 5468
f 5194 5462 5466
f 5194 5190 5462
f 5194 5468 5195
f 5193 5196 5464
f 5464 5196 5469
f 5471 5468 5467
f 5470 5471 5467
f 5195 5471 5197
f 5468 5471 5195
f 5196 5198 5469
f 5469 5198 5472
f 5471 5470 5473
f 5473 5197 5471
f 5473 5474 5197
f 5474 5199 5197
f 5198 5201 5472
f 5472 5201 5475
f 5199 5474 5202
f 5474 5476 5202
f 5201 5204 5475
f 5475 5204 5477
f 5480 5478 5479
f 5480 5482 5481
f 5478 5480 5481
f 5482 5476 5481
f 5482 5205 5476
f 5205 5202 5476
f 5204 5207 5477
f 5477 5207 5483
f 5486 5484 5485
f 5479 5484 5486
f 5480 5479 5486
f 5480 5486 5209
f 5480 5209 5208
f 5211 5480 5208
f 5482 5480 5211
f 5205 5482 5211
f 5207 5213 5483
f 5483 5213 5487
f 5490 5488 5489
f 5485 5488 5490
f 5486 5485 5490
f 5486 5490 5215
f 5486 5215 5214
f 5209 5486 5214
f 5213 5217 5487
f 5487 5217 5491
f 5218 5490 5489
f 5218 5489 5219
f 5219 5489 5492
f 5215 5490 5218
f 5217 5221 5491
f 5491 5221 5493
f 5222 5494 5495
f 5223 5222 5495
f 5492 5222 5219
f 5494 5222 5492
f 5221 5225 5493
f 5493 5225 5496
f 5499 5497 5498
f 5499 5495 5497
f 5499 5226 5495
f 5226 5223 5495
f 5225 5227 5496
f 5496 5227 5500
f 5503 5501 5502
f 5498 5501 5503
f 5499 5498 5503
f 5499 5503 5229
f 5499 5229 5228
f 5226 5499 5228
f 5227 5231 5500
f 5500 5231 5504
f 5507 5505 5506
f 5502 5505 5507
f 5503 5502 5507
f 5503 5507 5233
f 5503 5233 5232
f 5229 5503 5232
f 5231 5240 5504
f 5504 5240 5508
f 5510 5507 5506
f 5509 5510 5506
f 5233 5511 5241
f 5233 5507 5511
f 5507 5510 5511
f 5241 5512 5242
f 5511 5512 5241
f 5242 5513 5243
f 5512 5513 5242
f 5243 5514 5244
f 5513 5514 5243
f 5244 5515 5245
f 5514 5515 5244
f 5245 5516 5246
f 5515 5516 5245
f 5246 5517 5247
f 5516 5517 5246
f 5247 5518 5248
f 5517 5518 5247
f 5248 5518 5249
f 5252 5253 5519
f 5252 5520 5254
f 5519 5520 5252
f 5254 5521 5256
f 5520 5521 5254
f 5256 5522 5258
f 5521 5522 5256
f 5258 5523 5259
f 5522 5523 5258
f 5259 5524 5260
f 5523 5524 5259
f 5260 5525 5261
f 5524 5525 5260
f 5261 5526 5262
f 5525 5526 5261
f 5262 5527 5263
f 5526 5527 5262
f 5263 5528 5264
f 5527 5528 5263
f 5264 5529 5265
f 5528 5529 5264
f 5265 5530 5266
f 5529 5530 5265
f 5266 5531 5267
f 5530 5531 5266
f 5267 5532 5268
f 5531 5532 5267
f 5268 5533 5269
f 5532 5533 5268
f 5269 5534 5270
f 5533 5534 5269
f 5270 5534 5271
f 5274 5275 5535
f 5274 5535 5536
f 5274 5536 5240
f 5240 5536 5508
f 5510 5509 5537
f 5511 5510 5537
f 5538 5511 5537
f 5512 5511 5538
f 5539 5512 5538
f 5513 5512 5539
f 5540 5513 5539
f 5514 5513 5540
f 5541 5514 5540
f 5515 5514 5541
f 5542 5515 5541
f 5516 5515 5542
f 5543 5516 5542
f 5517 5516 5543
f 5544 5517 5543
f 5518 5517 5544
f 5545 5518 5544
f 5249 5518 5545
f 5249 5545 5276
f 5276 5545 5546
f 5277 5276 5547
f 5276 5546 5547
f 5519 5253 5277
f 5519 5277 5548
f 5548 5277 5547
f 5520 5519 5548
f 5549 5520 5548
f 5521 5520 5549
f 5550 5521 5549
f 5522 5521 5550
f 5551 5522 5550
f 5523 5522 5551
f 5552 5523 5551
f 5524 5523 5552
f 5553 5524 5552
f 5525 5524 5553
f 5554 5525 5553
f 5526 5525 5554
f 5555 5526 5554
f 5527 5526 5555
f 5556 5527 5555
f 5528 5527 5556
f 5557 5528 5556
f 5529 5528 5557
f 5558 5529 5557
f 5530 5529 5558
f 5559 5530 5558
f 5531 5530 5559
f 5560 5531 5559
f 5532 5531 5560
f 5561 5532 5560
f 5533 5532 5561
f 5562 5533 5561
f 5534 5533 5562
f 5563 5534 5562
f 5271 5534 5563
f 5271 5563 5278
f 5278 5563 5564
f 5279 5278 5565
f 5278 5564 5565
f 5280 5279 5566
f 5279 5565 5566
f 5281 5280 5567
f 5280 5566 5567
f 5569 5567 5568
f 5569 5282 5567
f 5282 5281 5567
f 5282 5570 5283
f 5569 5570 5282
f 5283 5571 5284
f 5570 5571 5283
f 5284 5571 5285
f 5535 5573 5572
f 5535 5275 5573
f 5275 5286 5573
f 5536 5535 5572
f 5569 5568 5574
f 5570 5569 5574
f 5575 5570 5574
f 5571 5570 5575
f 5576 5571 5575
f 5578 5576 5577
f 5287 5576 5578
f 5287 5571 5576
f 5287 5285 5571
f 5287 5578 5288
f 5286 5290 5573
f 5573 5290 5579
f 5578 5577 5580
f 5288 5578 5580
f 5288 5580 5291
f 5291 5580 5581
f 5583 5581 5582
f 5583 5292 5581
f 5292 5291 5581
f 5292 5583 5293
f 5290 5295 5579
f 5579 5295 5584
f 5583 5582 5585
f 5587 5585 5586
f 5296 5585 5587
f 5296 5583 5585
f 5296 5293 5583
f 5296 5587 5297
f 5295 5300 5584
f 5584 5300 5588
f 5587 5586 5589
f 5591 5589 5590
f 5301 5589 5591
f 5301 5587 5589
f 5301 5297 5587
f 5301 5591 5302
f 5300 5307 5588
f 5588 5307 5592
f 5591 5590 5593
f 5595 5593 5594
f 5308 5593 5595
f 5308 5591 5593
f 5308 5302 5591
f 5308 5596 5309
f 5595 5596 5308
f 5309 5597 5310
f 5596 5597 5309
f 5310 5597 5311
f 5307 5313 5592
f 5592 5313 5598
f 5600 5595 5594
f 5599 5600 5594
f 5596 5595 5601
f 5601 5595 5600
f 5597 5596 5602
f 5602 5596 5601
f 5311 5602 5314
f 5597 5602 5311
f 5313 5316 5598
f 5598 5316 5603
f 5606 5604 5605
f 5599 5604 5606
f 5599 5606 5600
f 5600 5606 5607
f 5601 5600 5608
f 5608 5600 5607
f 5317 5608 5318
f 5317 5602 5608
f 5602 5601 5608
f 5314 5602 5317
f 5316 5321 5603
f 5603 5321 5609
f 5612 5610 5611
f 5605 5610 5612
f 5606 5605 5612
f 5606 5612 5323
f 5606 5323 5322
f 5325 5606 5322
f 5607 5606 5325
f 5327 5607 5325
f 5608 5607 5327
f 5318 5608 5327
f 5321 5329 5609
f 5609 5329 5613
f 5616 5614 5615
f 5611 5614 5616
f 5612 5611 5616
f 5612 5616 5331
f 5612 5331 5330
f 5323 5612 5330
f 5329 5333 5613
f 5613 5333 5617
f 5620 5618 5619
f 5620 5335 5334
f 5620 5334 5618
f 5618 5334 5621
f 5615 5337 5616
f 5615 5621 5337
f 5621 5334 5337
f 5331 5616 5337
f 5333 5338 5617
f 5617 5338 5622
f 5625 5623 5624
f 5623 5625 5626
f 5629 5627 5628
f 5629 5631 5630
f 5627 5629 5630
f 5631 5633 5632
f 5630 5631 5632
f 5619 5632 5633
f 5620 5619 5633
f 5620 5633 5340
f 5620 5340 5339
f 5335 5620 5339
f 5338 5634 5622
f 5341 5634 5338
f 5634 5341 5342
f 5635 5634 5342
f 5638 5636 5637
f 5638 5640 5639
f 5636 5638 5639
f 5640 5642 5641
f 5639 5640 5641
f 5642 5644 5643
f 5641 5642 5643
f 5644 5646 5645
f 5643 5644 5645
f 5646 5648 5647
f 5645 5646 5647
f 5648 5650 5649
f 5647 5648 5649
f 5650 5652 5651
f 5649 5650 5651
f 5652 5654 5653
f 5651 5652 5653
f 5654 5344 5343
f 5654 5343 5653
f 5653 5343 5655
f 5346 5656 5343
f 5343 5656 5655
f 5348 5658 5657
f 5348 5657 5346
f 5346 5657 5656
f 5658 5660 5659
f 5657 5658 5659
f 5660 5662 5661
f 5659 5660 5661
f 5662 5664 5663
f 5661 5662 5663
f 5664 5666 5665
f 5663 5664 5665
f 5666 5668 5667
f 5665 5666 5667
f 5668 5670 5669
f 5667 5668 5669
f 5670 5672 5671
f 5669 5670 5671
f 5672 5674 5673
f 5671 5672 5673
f 5674 5676 5675
f 5673 5674 5675
f 5676 5678 5677
f 5675 5676 5677
f 5678 5680 5679
f 5677 5678 5679
f 5680 5682 5681
f 5679 5680 5681
f 5682 5684 5683
f 5681 5682 5683
f 5684 5686 5685
f 5683 5684 5685
f 5686 5688 5687
f 5685 5686 5687
f 5688 5352 5351
f 5688 5351 5687
f 5687 5351 5689
f 5354 5690 5351
f 5351 5690 5689
f 5624 5355 5625
f 5624 5690 5355
f 5690 5354 5355
f 5625 5691 5626
f 5625 5355 5691
f 5355 5356 5691
f 5628 5357 5629
f 5628 5691 5357
f 5691 5356 5357
f 5358 5629 5357
f 5631 5629 5358
f 5359 5631 5358
f 5633 5631 5359
f 5340 5633 5359
f 5692 5360 5693
f 5692 5635 5360
f 5635 5342 5360
f 5637 5692 5693
f 5638 5637 5693
f 5638 5693 5362
f 5638 5362 5361
f 5364 5638 5361
f 5640 5638 5364
f 5366 5640 5364
f 5642 5640 5366
f 5367 5642 5366
f 5644 5642 5367
f 5368 5644 5367
f 5646 5644 5368
f 5369 5646 5368
f 5648 5646 5369
f 5370 5648 5369
f 5650 5648 5370
f 5371 5650 5370
f 5652 5650 5371
f 5372 5652 5371
f 5654 5652 5372
f 5344 5654 5372
f 5348 5373 5658
f 5374 5658 5373
f 5660 5658 5374
f 5375 5660 5374
f 5662 5660 5375
f 5376 5662 5375
f 5664 5662 5376
f 5377 5664 5376
f 5666 5664 5377
f 5378 5666 5377
f 5668 5666 5378
f 5379 5668 5378
f 5670 5668 5379
f 5380 5670 5379
f 5672 5670 5380
f 5382 5672 5380
f 5674 5672 5382
f 5383 5674 5382
f 5676 5674 5383
f 5384 5676 5383
f 5678 5676 5384
f 5385 5678 5384
f 5680 5678 5385
f 5387 5680 5385
f 5682 5680 5387
f 5388 5682 5387
f 5684 5682 5388
f 5389 5684 5388
f 5686 5684 5389
f 5390 5686 5389
f 5688 5686 5390
f 5352 5688 5390
f 5693 5695 5694
f 5693 5360 5695
f 5360 5391 5695
f 5362 5693 5694
f 5362 5694 5392
f 5392 5694 5696
f 5696 5393 5392
f 5697 5393 5696
f 5391 5395 5695
f 5695 5395 5698
f 5700 5396 5393
f 5700 5393 5699
f 5699 5393 5697
f 5396 5700 5397
f 5395 5399 5698
f 5698 5399 5701
f 5700 5699 5702
f 5704 5702 5703
f 5400 5702 5704
f 5400 5700 5702
f 5400 5397 5700
f 5400 5704 5401
f 5399 5402 5701
f 5701 5402 5705
f 5704 5703 5706
f 5708 5706 5707
f 5403 5706 5708
f 5403 5704 5706
f 5403 5401 5704
f 5403 5708 5404
f 5402 5405 5705
f 5705 5405 5709
f 5708 5707 5710
f 5710 5404 5708
f 5710 5711 5404
f 5711 5406 5404
f 5405 5408 5709
f 5709 5408 5712
f 5714 5409 5406
f 5714 5406 5713
f 5713 5406 5711
f 5409 5714 5410
f 5408 5412 5712
f 5712 5412 5715
f 5714 5713 5716
f 5718 5716 5717
f 5413 5716 5718
f 5413 5714 5716
f 5413 5410 5714
f 5413 5719 5414
f 5718 5719 5413
f 5414 5719 5415
f 5412 5418 5715
f 5715 5418 5720
f 5718 5717 5721
f 5721 5722 5723
f 5721 5723 5718
f 5718 5723 5719
f 5415 5724 5419
f 5415 5719 5724
f 5719 5723 5724
f 5419 5724 5420
f 5418 5422 5720
f 5720 5422 5725
f 5723 5722 5726
f 5726 5727 5728
f 5726 5728 5723
f 5723 5728 5724
f 5420 5728 5423
f 5724 5728 5420
f 5422 5425 5725
f 5725 5425 5729
f 5731 5728 5727
f 5730 5731 5727
f 5423 5731 5426
f 5728 5731 5423
f 5425 5427 5729
f 5729 5427 5732
f 5735 5733 5734
f 5730 5733 5735
f 5731 5730 5735
f 5731 5735 5429
f 5731 5429 5428
f 5426 5731 5428
f 5427 5736 5732
f 5431 5736 5427
f 5433 5738 5737
f 5433 5737 5431
f 5431 5737 5736
f 5737 5738 5739
f 5742 5740 5741
f 5734 5740 5742
f 5734 5742 5735
f 5735 5742 5743
f 5429 5743 5434
f 5735 5743 5429
f 5433 5435 5738
f 5738 5744 5739
f 5738 5435 5744
f 5435 5437 5744
f 5439 5746 5745
f 5439 5745 5437
f 5437 5745 5744
f 5746 5748 5747
f 5745 5746 5747
f 5748 5750 5749
f 5747 5748 5749
f 5741 5749 5750
f 5741 5750 5742
f 5742 5750 5751
f 5440 5751 5441
f 5440 5743 5751
f 5743 5742 5751
f 5434 5743 5440
f 5439 5443 5746
f 5444 5746 5443
f 5748 5746 5444
f 5446 5748 5444
f 5750 5748 5446
f 5448 5750 5446
f 5751 5750 5448
f 5441 5751 5448
f 5455 5456 5752
f 5455 5753 5457
f 5752 5753 5455
f 5457 5754 5458
f 5753 5754 5457
f 5458 5755 5459
f 5754 5755 5458
f 5459 5756 5460
f 5755 5756 5459
f 5460 5756 5461
f 5463 5464 5757
f 5759 5463 5757
f 5759 5758 5463
f 5758 5465 5463
f 5752 5456 5465
f 5752 5465 5760
f 5760 5465 5758
f 5753 5752 5760
f 5761 5753 5760
f 5754 5753 5761
f 5762 5754 5761
f 5755 5754 5762
f 5763 5755 5762
f 5763 5764 5765
f 5763 5765 5755
f 5755 5765 5756
f 5461 5766 5466
f 5461 5756 5766
f 5756 5765 5766
f 5466 5766 5467
f 5757 5469 5767
f 5464 5469 5757
f 5768 5759 5757
f 5767 5768 5757
f 5765 5764 5769
f 5769 5770 5771
f 5769 5771 5765
f 5765 5771 5766
f 5467 5771 5470
f 5766 5771 5467
f 5767 5773 5772
f 5767 5469 5773
f 5469 5472 5773
f 5768 5767 5772
f 5771 5770 5774
f 5776 5774 5775
f 5473 5774 5776
f 5473 5771 5774
f 5473 5470 5771
f 5473 5776 5474
f 5472 5475 5773
f 5773 5475 5777
f 5780 5778 5779
f 5775 5778 5780
f 5775 5780 5776
f 5776 5780 5781
f 5474 5781 5476
f 5776 5781 5474
f 5475 5477 5777
f 5777 5477 5782
f 5785 5783 5784
f 5779 5783 5785
f 5780 5779 5785
f 5780 5785 5479
f 5780 5479 5478
f 5481 5780 5478
f 5781 5780 5481
f 5476 5781 5481
f 5477 5483 5782
f 5782 5483 5786
f 5789 5787 5788
f 5784 5787 5789
f 5785 5784 5789
f 5785 5789 5485
f 5785 5485 5484
f 5479 5785 5484
f 5790 5487 5791
f 5790 5786 5487
f 5786 5483 5487
f 5790 5791 5792
f 5488 5789 5788
f 5488 5788 5489
f 5489 5788 5793
f 5485 5789 5488
f 5791 5491 5794
f 5487 5491 5791
f 5795 5792 5791
f 5794 5795 5791
f 5798 5796 5797
f 5798 5793 5796
f 5798 5492 5793
f 5492 5489 5793
f 5794 5493 5799
f 5491 5493 5794
f 5800 5795 5794
f 5799 5800 5794
f 5803 5801 5802
f 5797 5801 5803
f 5798 5797 5803
f 5798 5803 5495
f 5798 5495 5494
f 5492 5798 5494
f 5799 5496 5804
f 5493 5496 5799
f 5805 5800 5799
f 5804 5805 5799
f 5497 5803 5802
f 5497 5802 5498
f 5498 5802 5806
f 5495 5803 5497
f 5804 5500 5807
f 5496 5500 5804
f 5808 5805 5804
f 5808 5804 5809
f 5809 5804 5807
f 5809 5502 5501
f 5809 5501 5808
f 5808 5501 5810
f 5806 5501 5498
f 5810 5501 5806
f 5807 5504 5811
f 5500 5504 5807
f 5505 5811 5506
f 5505 5809 5811
f 5809 5807 5811
f 5502 5809 5505
f 5811 5813 5812
f 5811 5504 5813
f 5504 5508 5813
f 5812 5506 5811
f 5812 5814 5506
f 5814 5509 5506
f 5817 5816 5815
f 5815 5818 5817
f 5508 5536 5813
f 5813 5536 5819
f 5509 5814 5820
f 5537 5509 5820
f 5538 5537 5821
f 5537 5820 5821
f 5539 5538 5822
f 5538 5821 5822
f 5540 5539 5823
f 5539 5822 5823
f 5541 5540 5824
f 5540 5823 5824
f 5542 5541 5825
f 5541 5824 5825
f 5543 5542 5826
f 5542 5825 5826
f 5544 5543 5827
f 5543 5826 5827
f 5545 5544 5828
f 5544 5827 5828
f 5816 5817 5546
f 5816 5546 5828
f 5828 5546 5545
f 5817 5818 5829
f 5817 5829 5546
f 5546 5829 5547
f 5548 5547 5830
f 5547 5829 5830
f 5549 5548 5831
f 5548 5830 5831
f 5550 5549 5832
f 5549 5831 5832
f 5551 5550 5833
f 5550 5832 5833
f 5552 5551 5834
f 5551 5833 5834
f 5553 5552 5835
f 5552 5834 5835
f 5554 5553 5836
f 5553 5835 5836
f 5555 5554 5837
f 5554 5836 5837
f 5556 5555 5838
f 5555 5837 5838
f 5557 5556 5839
f 5556 5838 5839
f 5558 5557 5840
f 5557 5839 5840
f 5559 5558 5841
f 5558 5840 5841
f 5560 5559 5842
f 5559 5841 5842
f 5561 5560 5843
f 5560 5842 5843
f 5562 5561 5844
f 5561 5843 5844
f 5563 5562 5845
f 5562 5844 5845
f 5564 5563 5846
f 5563 5845 5846
f 5565 5564 5847
f 5564 5846 5847
f 5849 5847 5848
f 5849 5566 5847
f 5566 5565 5847
f 5566 5850 5567
f 5849 5850 5566
f 5567 5850 5568
f 5572 5573 5851
f 5572 5851 5852
f 5572 5852 5536
f 5536 5852 5819
f 5849 5848 5853
f 5853 5854 5855
f 5853 5855 5849
f 5849 5855 5850
f 5568 5850 5855
f 5568 5855 5856
f 5568 5856 5574
f 5856 5855 5857
f 5575 5574 5858
f 5574 5856 5858
f 5576 5575 5859
f 5575 5858 5859
f 5859 5577 5576
f 5860 5577 5859
f 5851 5862 5861
f 5851 5573 5862
f 5573 5579 5862
f 5852 5851 5861
f 5855 5854 5863
f 5857 5855 5863
f 5577 5860 5864
f 5580 5577 5864
f 5581 5580 5865
f 5580 5864 5865
f 5865 5582 5581
f 5866 5582 5865
f 5579 5584 5862
f 5862 5584 5867
f 5582 5866 5868
f 5585 5582 5868
f 5868 5586 5585
f 5869 5586 5868
f 5584 5588 5867
f 5867 5588 5870
f 5586 5869 5871
f 5589 5586 5871
f 5871 5590 5589
f 5872 5590 5871
f 5588 5592 5870
f 5870 5592 5873
f 5875 5593 5590
f 5875 5590 5874
f 5874 5590 5872
f 5593 5875 5594
f 5592 5598 5873
f 5873 5598 5876
f 5878 5875 5874
f 5877 5878 5874
f 5594 5878 5599
f 5875 5878 5594
f 5598 5603 5876
f 5876 5603 5879
f 5604 5878 5877
f 5604 5877 5605
f 5605 5877 5880
f 5599 5878 5604
f 5603 5609 5879
f 5879 5609 5881
f 5610 5882 5883
f 5611 5610 5883
f 5880 5610 5605
f 5882 5610 5880
f 5609 5613 5881
f 5881 5613 5884
f 5887 5885 5886
f 5887 5615 5614
f 5887 5614 5885
f 5885 5614 5888
f 5883 5614 5611
f 5888 5614 5883
f 5613 5617 5884
f 5884 5617 5889
f 5892 5890 5891
f 5890 5892 5893
f 5618 5894 5895
f 5619 5618 5895
f 5886 5621 5887
f 5886 5894 5621
f 5894 5618 5621
f 5615 5887 5621
f 5617 5622 5889
f 5889 5622 5896
f 5623 5897 5898
f 5624 5623 5898
f 5626 5899 5892
f 5626 5892 5897
f 5626 5897 5623
f 5897 5892 5891
f 5628 5627 5900
f 5628 5900 5892
f 5628 5892 5899
f 5893 5892 5900
f 5630 5901 5627
f 5627 5901 5900
f 5632 5902 5630
f 5630 5902 5901
f 5895 5632 5619
f 5902 5632 5895
f 5622 5903 5896
f 5634 5903 5622
f 5635 5905 5904
f 5635 5904 5634
f 5634 5904 5903
f 5905 5637 5636
f 5905 5636 5904
f 5904 5636 5906
f 5639 5907 5636
f 5636 5907 5906
f 5641 5908 5639
f 5639 5908 5907
f 5643 5909 5641
f 5641 5909 5908
f 5645 5910 5643
f 5643 5910 5909
f 5647 5911 5645
f 5645 5911 5910
f 5649 5912 5647
f 5647 5912 5911
f 5651 5913 5649
f 5649 5913 5912
f 5653 5914 5651
f 5651 5914 5913
f 5655 5915 5653
f 5653 5915 5914
f 5656 5916 5655
f 5655 5916 5915
f 5657 5917 5656
f 5656 5917 5916
f 5659 5918 5657
f 5657 5918 5917
f 5661 5919 5659
f 5659 5919 5918
f 5663 5920 5661
f 5661 5920 5919
f 5665 5921 5663
f 5663 5921 5920
f 5667 5922 5665
f 5665 5922 5921
f 5669 5923 5667
f 5667 5923 5922
f 5671 5924 5669
f 5669 5924 5923
f 5673 5925 5671
f 5671 5925 5924
f 5675 5926 5673
f 5673 5926 5925
f 5677 5927 5675
f 5675 5927 5926
f 5679 5928 5677
f 5677 5928 5927
f 5681 5929 5679
f 5679 5929 5928
f 5683 5930 5681
f 5681 5930 5929
f 5685 5931 5683
f 5683 5931 5930
f 5687 5932 5685
f 5685 5932 5931
f 5689 5933 5687
f 5687 5933 5932
f 5690 5934 5689
f 5689 5934 5933
f 5898 5690 5624
f 5934 5690 5898
f 5626 5691 5899
f 5628 5899 5691
f 5635 5692 5905
f 5637 5905 5692
f 5694 5695 5935
f 5694 5936 5696
f 5935 5936 5694
f 5696 5936 5697
f 5935 5698 5937
f 5695 5698 5935
f 5936 5935 5938
f 5938 5935 5937
f 5697 5938 5699
f 5936 5938 5697
f 5937 5701 5939
f 5698 5701 5937
f 5941 5940 5938
f 5941 5938 5939
f 5939 5938 5937
f 5943 5940 5942
f 5702 5940 5943
f 5702 5938 5940
f 5702 5699 5938
f 5702 5943 5703
f 5939 5705 5944
f 5701 5705 5939
f 5945 5941 5939
f 5944 5945 5939
f 5943 5942 5946
f 5948 5946 5947
f 5706 5946 5948
f 5706 5943 5946
f 5706 5703 5943
f 5706 5948 5707
f 5944 5709 5949
f 5705 5709 5944
f 5950 5945 5944
f 5949 5950 5944
f 5948 5947 5951
f 5953 5951 5952
f 5710 5951 5953
f 5710 5948 5951
f 5710 5707 5948
f 5710 5953 5711
f 5949 5955 5954
f 5949 5709 5955
f 5709 5712 5955
f 5950 5949 5954
f 5953 5952 5956
f 5956 5711 5953
f 5956 5957 5711
f 5957 5713 5711
f 5712 5715 5955
f 5955 5715 5958
f 5960 5716 5713
f 5960 5713 5959
f 5959 5713 5957
f 5716 5960 5717
f 5715 5720 5958
f 5958 5720 5961
f 5960 5959 5962
f 5964 5962 5963
f 5721 5962 5964
f 5721 5960 5962
f 5721 5717 5960
f 5721 5964 5722
f 5720 5725 5961
f 5961 5725 5965
f 5967 5964 5963
f 5966 5967 5963
f 5722 5968 5726
f 5722 5964 5968
f 5964 5967 5968
f 5726 5968 5727
f 5969 5729 5970
f 5969 5965 5729
f 5965 5725 5729
f 5969 5970 5971
f 5973 5967 5966
f 5972 5973 5966
f 5968 5967 5974
f 5974 5967 5973
f 5727 5974 5730
f 5968 5974 5727
f 5970 5732 5975
f 5729 5732 5970
f 5976 5971 5970
f 5975 5976 5970
f 5979 5977 5978
f 5972 5977 5979
f 5972 5979 5973
f 5973 5979 5980
f 5733 5980 5734
f 5733 5974 5980
f 5974 5973 5980
f 5730 5974 5733
f 5732 5736 5975
f 5975 5981 5976
f 5975 5736 5981
f 5736 5737 5981
f 5739 5983 5982
f 5739 5982 5737
f 5737 5982 5981
f 5983 5985 5984
f 5982 5983 5984
f 5985 5987 5986
f 5984 5985 5986
f 5978 5986 5987
f 5978 5987 5979
f 5979 5987 5988
f 5740 5988 5741
f 5740 5980 5988
f 5980 5979 5988
f 5734 5980 5740
f 5739 5744 5983
f 5745 5983 5744
f 5985 5983 5745
f 5747 5985 5745
f 5987 5985 5747
f 5749 5987 5747
f 5988 5987 5749
f 5741 5988 5749
f 5758 5759 5989
f 5991 5758 5989
f 5991 5990 5758
f 5990 5760 5758
f 5993 5990 5992
f 5993 5761 5990
f 5761 5760 5990
f 5761 5994 5762
f 5993 5994 5761
f 5762 5995 5763
f 5994 5995 5762
f 5763 5995 5764
f 5989 5997 5996
f 5989 5759 5997
f 5759 5768 5997
f 5991 5989 5996
f 5993 5992 5998
f 5994 5993 5998
f 5999 5994 5998
f 5999 6000 6001
f 5999 6001 5994
f 5994 6001 5995
f 5764 6002 5769
f 5764 5995 6002
f 5995 6001 6002
f 5769 6002 5770
f 5772 5773 6003
f 5772 6003 6004
f 5772 6004 5768
f 5768 6004 5997
f 6001 6000 6005
f 6005 6006 6007
f 6005 6007 6001
f 6001 6007 6002
f 5770 6008 5774
f 5770 6002 6008
f 6002 6007 6008
f 5774 6008 5775
f 6003 5777 6009
f 5773 5777 6003
f 6010 6004 6003
f 6009 6010 6003
f 6013 6011 6012
f 6006 6011 6013
f 6006 6013 6007
f 6007 6013 6014
f 5778 6014 5779
f 5778 6008 6014
f 6008 6007 6014
f 5775 6008 5778
f 6009 5782 6015
f 5777 5782 6009
f 6016 6010 6009
f 6015 6016 6009
f 6018 6013 6012
f 6017 6018 6012
f 5783 6018 5784
f 5783 6014 6018
f 6014 6013 6018
f 5779 6014 5783
f 6015 5786 6019
f 5782 5786 6015
f 6020 6016 6015
f 6019 6020 6015
f 6023 6021 6022
f 6017 6021 6023
f 6018 6017 6023
f 6018 6023 5788
f 6018 5788 5787
f 5784 6018 5787
f 5786 5790 6019
f 6019 5790 5792
f 6019 5792 6020
f 6020 5792 6024
f 6026 6023 6022
f 6025 6026 6022
f 5788 6026 5793
f 6023 6026 5788
f 5792 5795 6024
f 6024 5795 6027
f 6030 6028 6029
f 6025 6028 6030
f 6026 6025 6030
f 6026 6030 5797
f 6026 5797 5796
f 5793 6026 5796
f 6031 5800 6032
f 6031 6027 5800
f 6027 5795 5800
f 6032 6034 6033
f 6031 6032 6033
f 6029 6033 6034
f 6030 6029 6034
f 6030 6034 5802
f 6030 5802 5801
f 5797 6030 5801
f 6032 5805 6035
f 5800 5805 6032
f 6034 6032 6036
f 6036 6032 6035
f 5802 6036 5806
f 6034 6036 5802
f 5805 5808 6035
f 5810 6035 5808
f 6036 6035 5810
f 5806 6036 5810
f 5812 6038 6037
f 5813 6038 5812
f 6037 5814 5812
f 6039 5814 6037
f 5815 6041 6040
f 5816 6041 5815
f 6040 5818 5815
f 6042 5818 6040
f 5813 5819 6038
f 6038 5819 6043
f 5814 6039 6044
f 5820 5814 6044
f 5821 5820 6045
f 5820 6044 6045
f 5822 5821 6046
f 5821 6045 6046
f 5823 5822 6047
f 5822 6046 6047
f 5824 5823 6048
f 5823 6047 6048
f 5825 5824 6049
f 5824 6048 6049
f 5826 5825 6050
f 5825 6049 6050
f 5827 5826 6051
f 5826 6050 6051
f 5828 5827 6052
f 5827 6051 6052
f 6041 5816 5828
f 6052 6041 5828
f 5818 6042 6053
f 5829 5818 6053
f 5830 5829 6054
f 5829 6053 6054
f 5831 5830 6055
f 5830 6054 6055
f 5832 5831 6056
f 5831 6055 6056
f 5833 5832 6057
f 5832 6056 6057
f 5834 5833 6058
f 5833 6057 6058
f 5835 5834 6059
f 5834 6058 6059
f 5836 5835 6060
f 5835 6059 6060
f 5837 5836 6061
f 5836 6060 6061
f 5838 5837 6062
f 5837 6061 6062
f 5839 5838 6063
f 5838 6062 6063
f 5840 5839 6064
f 5839 6063 6064
f 5841 5840 6065
f 5840 6064 6065
f 5842 5841 6066
f 5841 6065 6066
f 5843 5842 6067
f 5842 6066 6067
f 5844 5843 6068
f 5843 6067 6068
f 5845 5844 6069
f 5844 6068 6069
f 5846 5845 6070
f 5845 6069 6070
f 5847 5846 6071
f 5846 6070 6071
f 6071 5848 5847
f 6072 5848 6071
f 5819 5852 6043
f 6043 5852 6073
f 5848 6072 6074
f 5853 5848 6074
f 5854 6075 6076
f 5854 5853 6075
f 5853 6074 6075
f 6076 5856 5857
f 6076 6075 5856
f 6075 6077 5856
f 5858 5856 6078
f 5856 6077 6078
f 5859 5858 6079
f 5858 6078 6079
f 6079 5860 5859
f 6080 5860 6079
f 5861 6082 6081
f 5862 6082 5861
f 6073 5852 5861
f 6081 6073 5861
f 5854 6076 5863
f 5857 5863 6076
f 5860 6080 6083
f 5864 5860 6083
f 6085 6083 6084
f 6085 5865 6083
f 5865 5864 6083
f 5865 6085 5866
f 5862 5867 6082
f 6082 5867 6086
f 6085 6084 6087
f 6089 6087 6088
f 5868 6087 6089
f 5868 6085 6087
f 5868 5866 6085
f 5868 6089 5869
f 5867 5870 6086
f 6086 5870 6090
f 6089 6088 6091
f 6093 6091 6092
f 5871 6091 6093
f 5871 6089 6091
f 5871 5869 6089
f 5871 6093 5872
f 5870 5873 6090
f 6090 5873 6094
f 6093 6092 6095
f 6095 5872 6093
f 6095 6096 5872
f 6096 5874 5872
f 5873 5876 6094
f 6094 5876 6097
f 5874 6096 5877
f 6096 6098 5877
f 5876 5879 6097
f 6097 5879 6099
f 5877 6098 5880
f 6098 6100 5880
f 5879 5881 6099
f 6099 5881 6101
f 6104 6102 6103
f 6104 5883 5882
f 6104 5882 6102
f 6102 5882 6105
f 6100 5882 5880
f 6105 5882 6100
f 5881 5884 6101
f 6101 5884 6106
f 5885 6107 6108
f 5886 5885 6108
f 6103 5888 6104
f 6103 6107 5888
f 6107 5885 5888
f 5883 6104 5888
f 5884 5889 6106
f 6106 5889 6109
f 5890 6110 6111
f 5891 5890 6111
f 5893 6113 6112
f 5893 6112 5890
f 5890 6112 6110
f 6112 6113 6114
f 5894 6115 6116
f 5895 5894 6116
f 6108 5894 5886
f 6115 5894 6108
f 5889 5896 6109
f 6109 5896 6117
f 5897 6118 6119
f 5898 5897 6119
f 6111 5897 5891
f 6118 5897 6111
f 5893 5900 6113
f 6113 6120 6114
f 6113 5900 6120
f 5900 5901 6120
f 5902 6121 5901
f 5901 6121 6120
f 6116 5902 5895
f 6121 5902 6116
f 5896 6122 6117
f 5903 6122 5896
f 6124 6123 6122
f 6124 6122 5904
f 5904 6122 5903
f 6126 6124 5904
f 6126 5904 6125
f 6125 5904 5906
f 5907 6127 5906
f 5906 6127 6125
f 5908 6128 5907
f 5907 6128 6127
f 5909 6129 5908
f 5908 6129 6128
f 5910 6130 5909
f 5909 6130 6129
f 5911 6131 5910
f 5910 6131 6130
f 5912 6132 5911
f 5911 6132 6131
f 5913 6133 5912
f 5912 6133 6132
f 5914 6134 5913
f 5913 6134 6133
f 5915 6135 5914
f 5914 6135 6134
f 5916 6136 5915
f 5915 6136 6135
f 5917 6137 5916
f 5916 6137 6136
f 5918 6138 5917
f 5917 6138 6137
f 5919 6139 5918
f 5918 6139 6138
f 5920 6140 5919
f 5919 6140 6139
f 5921 6141 5920
f 5920 6141 6140
f 5922 6142 5921
f 5921 6142 6141
f 5923 6143 5922
f 5922 6143 6142
f 5924 6144 5923
f 5923 6144 6143
f 5925 6145 5924
f 5924 6145 6144
f 5926 6146 5925
f 5925 6146 6145
f 5927 6147 5926
f 5926 6147 6146
f 5928 6148 5927
f 5927 6148 6147
f 5929 6149 5928
f 5928 6149 6148
f 5930 6150 5929
f 5929 6150 6149
f 5931 6151 5930
f 5930 6151 6150
f 6153 6152 6151
f 6153 6151 5932
f 5932 6151 5931
f 6155 6153 5932
f 6155 5932 6154
f 6154 5932 5933
f 5934 6156 5933
f 5933 6156 6154
f 6119 5934 5898
f 6156 5934 6119
f 6124 6157 6123
f 6126 6157 6124
f 6153 6158 6152
f 6155 6158 6153
f 5940 5941 6159
f 5940 6159 5942
f 6159 5945 6160
f 5941 5945 6159
f 5942 6161 5946
f 5942 6159 6161
f 6159 6160 6161
f 5946 6161 5947
f 6160 6163 6162
f 6160 5945 6163
f 5945 5950 6163
f 6161 6160 6162
f 6164 6161 6162
f 6166 6164 6165
f 5951 6164 6166
f 5951 6161 6164
f 5951 5947 6161
f 5951 6166 5952
f 5954 5955 6167
f 5954 6167 6168
f 5954 6168 5950
f 5950 6168 6163
f 6166 6165 6169
f 6171 6169 6170
f 5956 6169 6171
f 5956 6166 6169
f 5956 5952 6166
f 5956 6171 5957
f 6167 5958 6172
f 5955 5958 6167
f 6173 6168 6167
f 6172 6173 6167
f 6175 6171 6170
f 6174 6175 6170
f 5957 6175 5959
f 6171 6175 5957
f 6172 5961 6176
f 5958 5961 6172
f 6177 6173 6172
f 6176 6177 6172
f 6179 6175 6174
f 6178 6179 6174
f 5959 6180 5962
f 5959 6175 6180
f 6175 6179 6180
f 5962 6180 5963
f 6176 5965 6181
f 5961 5965 6176
f 6182 6177 6176
f 6181 6182 6176
f 6184 6179 6178
f 6183 6184 6178
f 6180 6179 6185
f 6185 6179 6184
f 5963 6185 5966
f 6180 6185 5963
f 5965 5969 6181
f 6181 5969 5971
f 6181 5971 6182
f 6182 5971 6186
f 6188 6184 6183
f 6187 6188 6183
f 6185 6184 6189
f 6189 6184 6188
f 5966 6189 5972
f 6185 6189 5966
f 6190 5976 6191
f 6190 6186 5976
f 6186 5971 5976
f 6191 6193 6192
f 6190 6191 6192
f 6193 6195 6194
f 6192 6193 6194
f 6187 6194 6195
f 6187 6195 6188
f 6188 6195 6196
f 5977 6196 5978
f 5977 6189 6196
f 6189 6188 6196
f 5972 6189 5977
f 5976 5981 6191
f 5982 6191 5981
f 6193 6191 5982
f 5984 6193 5982
f 6195 6193 5984
f 5986 6195 5984
f 6196 6195 5986
f 5978 6196 5986
f 5990 5991 6197
f 5990 6197 5992
f 5996 5997 6198
f 5996 6197 5991
f 5996 6198 6197
f 6198 6199 6197
f 5992 6200 5998
f 5992 6197 6200
f 6197 6199 6200
f 5998 6201 5999
f 6200 6201 5998
f 5999 6201 6000
f 6198 6004 6202
f 5997 6004 6198
f 6204 6203 6199
f 6204 6199 6202
f 6202 6199 6198
f 6200 6199 6203
f 6205 6200 6203
f 6205 6206 6207
f 6205 6207 6200
f 6200 6207 6201
f 6000 6208 6005
f 6000 6201 6208
f 6201 6207 6208
f 6005 6208 6006
f 6202 6210 6209
f 6202 6004 6210
f 6004 6010 6210
f 6204 6202 6209
f 6212 6207 6206
f 6211 6212 6206
f 6011 6212 6012
f 6011 6208 6212
f 6208 6207 6212
f 6006 6208 6011
f 6010 6016 6210
f 6210 6016 6213
f 6215 6212 6211
f 6214 6215 6211
f 6012 6215 6017
f 6212 6215 6012
f 6216 6020 6217
f 6216 6213 6020
f 6213 6016 6020
f 6216 6217 6218
f 6221 6219 6220
f 6214 6219 6221
f 6215 6214 6221
f 6215 6221 6022
f 6215 6022 6021
f 6017 6215 6021
f 6217 6024 6222
f 6020 6024 6217
f 6223 6218 6217
f 6223 6217 6224
f 6224 6217 6222
f 6220 6223 6224
f 6220 6224 6221
f 6221 6224 6225
f 6022 6225 6025
f 6221 6225 6022
f 6222 6027 6226
f 6024 6027 6222
f 6224 6222 6227
f 6227 6222 6226
f 6028 6227 6029
f 6028 6225 6227
f 6225 6224 6227
f 6025 6225 6028
f 6027 6031 6226
f 6033 6226 6031
f 6227 6226 6033
f 6029 6227 6033
f 6037 6229 6228
f 6038 6229 6037
f 6039 6230 6231
f 6039 6037 6230
f 6037 6228 6230
f 6230 6232 6231
f 6040 6041 6233
f 6042 6040 6233
f 6236 6235 6234
f 6234 6237 6236
f 6240 6239 6238
f 6238 6241 6240
f 6244 6243 6242
f 6242 6245 6244
f 6038 6043 6229
f 6229 6043 6246
f 6039 6231 6044
f 6231 6232 6247
f 6231 6247 6044
f 6044 6247 6045
f 6046 6045 6248
f 6045 6247 6248
f 6047 6046 6249
f 6046 6248 6249
f 6048 6047 6250
f 6047 6249 6250
f 6049 6048 6251
f 6048 6250 6251
f 6050 6049 6252
f 6049 6251 6252
f 6051 6050 6253
f 6050 6252 6253
f 6052 6051 6254
f 6051 6253 6254
f 6233 6041 6052
f 6233 6052 6255
f 6255 6052 6254
f 6235 6236 6053
f 6235 6053 6255
f 6042 6233 6053
f 6233 6255 6053
f 6236 6237 6256
f 6236 6256 6053
f 6053 6256 6054
f 6055 6054 6257
f 6054 6256 6257
f 6056 6055 6258
f 6055 6257 6258
f 6057 6056 6259
f 6056 6258 6259
f 6058 6057 6260
f 6057 6259 6260
f 6059 6058 6261
f 6058 6260 6261
f 6060 6059 6262
f 6059 6261 6262
f 6061 6060 6263
f 6060 6262 6263
f 6062 6061 6264
f 6061 6263 6264
f 6063 6062 6265
f 6062 6264 6265
f 6064 6063 6266
f 6063 6265 6266
f 6239 6240 6065
f 6239 6065 6266
f 6266 6065 6064
f 6240 6241 6267
f 6240 6267 6065
f 6065 6267 6066
f 6067 6066 6268
f 6066 6267 6268
f 6243 6244 6068
f 6243 6068 6268
f 6268 6068 6067
f 6244 6245 6269
f 6244 6269 6068
f 6068 6269 6069
f 6070 6069 6270
f 6069 6269 6270
f 6272 6270 6271
f 6272 6071 6270
f 6071 6070 6270
f 6071 6272 6072
f 6043 6073 6246
f 6246 6073 6273
f 6272 6271 6274
f 6072 6272 6274
f 6072 6274 6074
f 6074 6274 6275
f 6277 6275 6276
f 6277 6075 6275
f 6075 6074 6275
f 6075 6278 6077
f 6277 6278 6075
f 6280 6077 6278
f 6280 6279 6077
f 6279 6078 6077
f 6079 6078 6281
f 6078 6279 6281
f 6281 6080 6079
f 6282 6080 6281
f 6081 6284 6283
f 6082 6284 6081
f 6273 6073 6081
f 6283 6273 6081
f 6277 6276 6285
f 6278 6277 6285
f 6286 6278 6285
f 6280 6278 6286
f 6080 6282 6287
f 6083 6080 6287
f 6287 6084 6083
f 6288 6084 6287
f 6082 6086 6284
f 6284 6086 6289
f 6084 6288 6290
f 6087 6084 6290
f 6290 6088 6087
f 6291 6088 6290
f 6086 6090 6289
f 6289 6090 6292
f 6088 6291 6293
f 6091 6088 6293
f 6293 6092 6091
f 6294 6092 6293
f 6090 6094 6292
f 6292 6094 6295
f 6092 6294 6296
f 6095 6092 6296
f 6296 6096 6095
f 6297 6096 6296
f 6094 6097 6295
f 6295 6097 6298
f 6096 6297 6098
f 6297 6299 6098
f 6097 6099 6298
f 6298 6099 6300
f 6303 6301 6302
f 6303 6299 6301
f 6303 6100 6299
f 6100 6098 6299
f 6099 6101 6300
f 6300 6101 6304
f 6102 6305 6306
f 6103 6102 6306
f 6302 6105 6303
f 6302 6305 6105
f 6305 6102 6105
f 6100 6303 6105
f 6101 6106 6304
f 6304 6106 6307
f 6107 6308 6309
f 6108 6107 6309
f 6306 6107 6103
f 6308 6107 6306
f 6106 6109 6307
f 6307 6109 6310
f 6110 6311 6312
f 6111 6110 6312
f 6112 6313 6110
f 6110 6313 6311
f 6313 6112 6114
f 6314 6313 6114
f 6115 6315 6316
f 6116 6115 6316
f 6309 6115 6108
f 6315 6115 6309
f 6109 6117 6310
f 6310 6117 6317
f 6320 6318 6319
f 6320 6119 6118
f 6320 6118 6318
f 6318 6118 6321
f 6312 6118 6111
f 6321 6118 6312
f 6114 6322 6314
f 6120 6322 6114
f 6121 6323 6120
f 6120 6323 6322
f 6316 6121 6116
f 6323 6121 6316
f 6117 6324 6317
f 6122 6324 6117
f 6324 6122 6123
f 6325 6324 6123
f 6125 6326 6126
f 6328 6326 6125
f 6328 6125 6327
f 6327 6125 6127
f 6128 6329 6127
f 6127 6329 6327
f 6129 6330 6128
f 6128 6330 6329
f 6130 6331 6129
f 6129 6331 6330
f 6131 6332 6130
f 6130 6332 6331
f 6132 6333 6131
f 6131 6333 6332
f 6133 6334 6132
f 6132 6334 6333
f 6134 6335 6133
f 6133 6335 6334
f 6135 6336 6134
f 6134 6336 6335
f 6338 6337 6336
f 6338 6336 6136
f 6136 6336 6135
f 6136 6137 6339
f 6338 6136 6339
f 6341 6339 6137
f 6341 6137 6340
f 6340 6137 6138
f 6139 6342 6138
f 6138 6342 6340
f 6140 6343 6139
f 6139 6343 6342
f 6141 6344 6140
f 6140 6344 6343
f 6142 6345 6141
f 6141 6345 6344
f 6143 6346 6142
f 6142 6346 6345
f 6144 6347 6143
f 6143 6347 6346
f 6145 6348 6144
f 6144 6348 6347
f 6146 6349 6145
f 6145 6349 6348
f 6147 6350 6146
f 6146 6350 6349
f 6352 6351 6350
f 6352 6350 6148
f 6148 6350 6147
f 6148 6149 6353
f 6352 6148 6353
f 6149 6150 6354
f 6353 6149 6354
f 6150 6151 6355
f 6354 6150 6355
f 6151 6152 6355
f 6154 6356 6357
f 6155 6154 6357
f 6319 6156 6320
f 6319 6356 6156
f 6356 6154 6156
f 6119 6320 6156
f 6123 6358 6325
f 6157 6358 6123
f 6326 6157 6126
f 6326 6359 6157
f 6359 6358 6157
f 6328 6359 6326
f 6338 6360 6337
f 6339 6360 6338
f 6361 6360 6339
f 6341 6361 6339
f 6352 6362 6351
f 6353 6362 6352
f 6363 6362 6353
f 6354 6363 6353
f 6364 6363 6354
f 6355 6364 6354
f 6365 6364 6355
f 6152 6365 6355
f 6152 6158 6365
f 6158 6366 6365
f 6357 6158 6155
f 6366 6158 6357
f 6162 6163 6367
f 6162 6368 6164
f 6367 6368 6162
f 6164 6368 6165
f 6367 6168 6369
f 6163 6168 6367
f 6368 6367 6370
f 6370 6367 6369
f 6165 6371 6169
f 6165 6368 6371
f 6368 6370 6371
f 6169 6371 6170
f 6369 6173 6372
f 6168 6173 6369
f 6374 6373 6370
f 6374 6370 6372
f 6372 6370 6369
f 6373 6375 6376
f 6373 6376 6370
f 6370 6376 6371
f 6170 6376 6174
f 6371 6376 6170
f 6372 6177 6377
f 6173 6177 6372
f 6378 6374 6372
f 6377 6378 6372
f 6380 6376 6375
f 6379 6380 6375
f 6174 6380 6178
f 6376 6380 6174
f 6377 6182 6381
f 6177 6182 6377
f 6382 6378 6377
f 6382 6377 6383
f 6383 6377 6381
f 6379 6382 6383
f 6379 6383 6380
f 6380 6383 6384
f 6178 6384 6183
f 6380 6384 6178
f 6381 6186 6385
f 6182 6186 6381
f 6383 6381 6386
f 6386 6381 6385
f 6384 6383 6387
f 6387 6383 6386
f 6183 6387 6187
f 6384 6387 6183
f 6186 6190 6385
f 6192 6385 6190
f 6386 6385 6192
f 6194 6386 6192
f 6387 6386 6194
f 6187 6387 6194
f 6203 6204 6388
f 6203 6389 6205
f 6388 6389 6203
f 6205 6389 6206
f 6209 6210 6390
f 6209 6388 6204
f 6209 6390 6388
f 6390 6391 6388
f 6389 6388 6392
f 6392 6388 6391
f 6206 6392 6211
f 6389 6392 6206
f 6390 6213 6393
f 6210 6213 6390
f 6391 6390 6394
f 6394 6390 6393
f 6392 6391 6395
f 6395 6391 6394
f 6211 6395 6214
f 6392 6395 6211
f 6213 6216 6393
f 6218 6393 6216
f 6218 6396 6393
f 6396 6394 6393
f 6219 6396 6220
f 6219 6395 6396
f 6395 6394 6396
f 6214 6395 6219
f 6218 6223 6396
f 6220 6396 6223
f 6228 6398 6397
f 6229 6398 6228
f 6230 6228 6399
f 6228 6397 6399
f 6399 6232 6230
f 6400 6232 6399
f 6403 6402 6401
f 6403 6234 6235
f 6403 6401 6234
f 6401 6404 6234
f 6237 6405 6406
f 6237 6234 6405
f 6234 6404 6405
f 6405 6407 6406
f 6238 6409 6408
f 6239 6409 6238
f 6241 6410 6411
f 6241 6238 6410
f 6238 6408 6410
f 6411 6412 6413
f 6410 6412 6411
f 6413 6242 6243
f 6413 6412 6242
f 6412 6414 6242
f 6414 6245 6242
f 6415 6245 6414
f 6229 6246 6398
f 6398 6246 6416
f 6232 6400 6417
f 6247 6232 6417
f 6248 6247 6418
f 6247 6417 6418
f 6249 6248 6419
f 6248 6418 6419
f 6250 6249 6420
f 6249 6419 6420
f 6251 6250 6421
f 6250 6420 6421
f 6252 6251 6422
f 6251 6421 6422
f 6253 6252 6423
f 6252 6422 6423
f 6254 6253 6424
f 6253 6423 6424
f 6402 6403 6255
f 6402 6255 6424
f 6424 6255 6254
f 6235 6255 6403
f 6237 6406 6256
f 6406 6407 6425
f 6406 6425 6256
f 6256 6425 6257
f 6258 6257 6426
f 6257 6425 6426
f 6259 6258 6427
f 6258 6426 6427
f 6260 6259 6428
f 6259 6427 6428
f 6261 6260 6429
f 6260 6428 6429
f 6262 6261 6430
f 6261 6429 6430
f 6263 6262 6431
f 6262 6430 6431
f 6264 6263 6432
f 6263 6431 6432
f 6265 6264 6433
f 6264 6432 6433
f 6266 6265 6434
f 6265 6433 6434
f 6409 6239 6266
f 6434 6409 6266
f 6241 6411 6267
f 6268 6267 6411
f 6413 6268 6411
f 6243 6268 6413
f 6245 6415 6435
f 6269 6245 6435
f 6270 6269 6436
f 6269 6435 6436
f 6436 6271 6270
f 6437 6271 6436
f 6246 6273 6416
f 6416 6273 6438
f 6271 6437 6439
f 6274 6271 6439
f 6275 6274 6440
f 6274 6439 6440
f 6440 6276 6275
f 6441 6276 6440
f 6279 6443 6442
f 6280 6443 6279
f 6445 6442 6444
f 6445 6281 6442
f 6281 6279 6442
f 6281 6445 6282
f 6283 6447 6446
f 6284 6447 6283
f 6438 6273 6283
f 6446 6438 6283
f 6276 6441 6448
f 6285 6276 6448
f 6286 6285 6449
f 6285 6448 6449
f 6443 6280 6286
f 6449 6443 6286
f 6445 6444 6450
f 6282 6445 6450
f 6282 6450 6287
f 6287 6450 6451
f 6451 6288 6287
f 6452 6288 6451
f 6284 6289 6447
f 6447 6289 6453
f 6288 6452 6454
f 6290 6288 6454
f 6454 6291 6290
f 6455 6291 6454
f 6289 6292 6453
f 6453 6292 6456
f 6291 6455 6457
f 6293 6291 6457
f 6457 6294 6293
f 6458 6294 6457
f 6292 6295 6456
f 6456 6295 6459
f 6294 6458 6460
f 6296 6294 6460
f 6460 6297 6296
f 6461 6297 6460
f 6295 6298 6459
f 6459 6298 6462
f 6297 6461 6299
f 6461 6463 6299
f 6298 6300 6462
f 6462 6300 6464
f 6301 6465 6466
f 6302 6301 6466
f 6463 6301 6299
f 6465 6301 6463
f 6300 6304 6464
f 6464 6304 6467
f 6305 6468 6469
f 6306 6305 6469
f 6466 6305 6302
f 6468 6305 6466
f 6304 6307 6467
f 6467 6307 6470
f 6308 6471 6472
f 6309 6308 6472
f 6469 6308 6306
f 6471 6308 6469
f 6307 6310 6470
f 6470 6310 6473
f 6311 6474 6475
f 6312 6311 6475
f 6313 6476 6311
f 6311 6476 6474
f 6476 6313 6314
f 6477 6476 6314
f 6480 6478 6479
f 6480 6316 6315
f 6480 6315 6478
f 6478 6315 6481
f 6472 6315 6309
f 6481 6315 6472
f 6310 6317 6473
f 6473 6317 6482
f 6318 6483 6484
f 6319 6318 6484
f 6321 6485 6318
f 6318 6485 6483
f 6475 6321 6312
f 6485 6321 6475
f 6314 6486 6477
f 6322 6486 6314
f 6479 6323 6480
f 6479 6486 6323
f 6486 6322 6323
f 6316 6480 6323
f 6317 6487 6482
f 6324 6487 6317
f 6487 6324 6325
f 6488 6487 6325
f 6327 6489 6490
f 6328 6327 6490
f 6329 6491 6327
f 6327 6491 6489
f 6330 6492 6329
f 6329 6492 6491
f 6331 6493 6330
f 6330 6493 6492
f 6332 6494 6331
f 6331 6494 6493
f 6333 6495 6332
f 6332 6495 6494
f 6334 6496 6333
f 6333 6496 6495
f 6335 6497 6334
f 6334 6497 6496
f 6336 6498 6335
f 6335 6498 6497
f 6498 6336 6337
f 6499 6498 6337
f 6340 6500 6501
f 6341 6340 6501
f 6342 6502 6340
f 6340 6502 6500
f 6343 6503 6342
f 6342 6503 6502
f 6344 6504 6343
f 6343 6504 6503
f 6345 6505 6344
f 6344 6505 6504
f 6346 6506 6345
f 6345 6506 6505
f 6347 6507 6346
f 6346 6507 6506
f 6348 6508 6347
f 6347 6508 6507
f 6349 6509 6348
f 6348 6509 6508
f 6350 6510 6349
f 6349 6510 6509
f 6510 6350 6351
f 6511 6510 6351
f 6514 6512 6513
f 6514 6357 6356
f 6514 6356 6512
f 6512 6356 6515
f 6484 6356 6319
f 6515 6356 6484
f 6325 6516 6488
f 6358 6516 6325
f 6359 6517 6358
f 6358 6517 6516
f 6490 6359 6328
f 6517 6359 6490
f 6337 6518 6499
f 6360 6518 6337
f 6361 6519 6360
f 6360 6519 6518
f 6501 6361 6341
f 6519 6361 6501
f 6351 6520 6511
f 6362 6520 6351
f 6363 6521 6362
f 6362 6521 6520
f 6364 6522 6363
f 6363 6522 6521
f 6365 6523 6364
f 6364 6523 6522
f 6513 6366 6514
f 6513 6523 6366
f 6523 6365 6366
f 6357 6514 6366
f 6373 6374 6524
f 6373 6524 6375
f 6524 6378 6525
f 6374 6378 6524
f 6375 6525 6379
f 6524 6525 6375
f 6378 6382 6525
f 6379 6525 6382
f 6397 6527 6526
f 6398 6527 6397
f 6399 6397 6528
f 6397 6526 6528
f 6528 6400 6399
f 6529 6400 6528
f 6401 6402 6530
f 6532 6401 6530
f 6532 6531 6401
f 6531 6404 6401
f 6405 6404 6533
f 6404 6531 6533
f 6407 6534 6535
f 6407 6405 6534
f 6405 6533 6534
f 6534 6536 6535
f 6408 6538 6537
f 6409 6538 6408
f 6410 6408 6539
f 6408 6537 6539
f 6412 6410 6540
f 6410 6539 6540
f 6542 6540 6541
f 6542 6414 6540
f 6414 6412 6540
f 6414 6542 6415
f 6398 6416 6527
f 6527 6416 6543
f 6400 6529 6544
f 6417 6400 6544
f 6418 6417 6545
f 6417 6544 6545
f 6419 6418 6546
f 6418 6545 6546
f 6420 6419 6547
f 6419 6546 6547
f 6421 6420 6548
f 6420 6547 6548
f 6422 6421 6549
f 6421 6548 6549
f 6423 6422 6550
f 6422 6549 6550
f 6424 6423 6551
f 6423 6550 6551
f 6530 6402 6424
f 6530 6424 6552
f 6552 6424 6551
f 6532 6530 6552
f 6407 6535 6425
f 6535 6536 6553
f 6535 6553 6425
f 6425 6553 6426
f 6427 6426 6554
f 6426 6553 6554
f 6428 6427 6555
f 6427 6554 6555
f 6429 6428 6556
f 6428 6555 6556
f 6430 6429 6557
f 6429 6556 6557
f 6431 6430 6558
f 6430 6557 6558
f 6432 6431 6559
f 6431 6558 6559
f 6433 6432 6560
f 6432 6559 6560
f 6434 6433 6561
f 6433 6560 6561
f 6538 6409 6434
f 6561 6538 6434
f 6542 6541 6562
f 6415 6542 6562
f 6415 6562 6435
f 6435 6562 6563
f 6565 6563 6564
f 6565 6436 6563
f 6436 6435 6563
f 6436 6565 6437
f 6416 6438 6543
f 6543 6438 6566
f 6565 6564 6567
f 6437 6565 6567
f 6437 6567 6439
f 6439 6567 6568
f 6570 6568 6569
f 6570 6440 6568
f 6440 6439 6568
f 6440 6570 6441
f 6442 6443 6571
f 6442 6571 6444
f 6446 6447 6572
f 6446 6572 6573
f 6446 6573 6438
f 6438 6573 6566
f 6570 6569 6574
f 6576 6574 6575
f 6448 6574 6576
f 6448 6570 6574
f 6448 6441 6570
f 6578 6448 6576
f 6578 6577 6448
f 6577 6449 6448
f 6571 6443 6449
f 6571 6449 6579
f 6579 6449 6577
f 6444 6571 6579
f 6444 6579 6450
f 6450 6579 6580
f 6582 6580 6581
f 6582 6451 6580
f 6451 6450 6580
f 6451 6582 6452
f 6572 6584 6583
f 6572 6447 6584
f 6447 6453 6584
f 6573 6572 6583
f 6576 6575 6585
f 6578 6576 6585
f 6582 6581 6586
f 6588 6586 6587
f 6454 6586 6588
f 6454 6582 6586
f 6454 6452 6582
f 6454 6588 6455
f 6453 6456 6584
f 6584 6456 6589
f 6588 6587 6590
f 6455 6588 6590
f 6455 6590 6457
f 6457 6590 6591
f 6591 6458 6457
f 6592 6458 6591
f 6456 6459 6589
f 6589 6459 6593
f 6458 6592 6594
f 6460 6458 6594
f 6594 6461 6460
f 6595 6461 6594
f 6459 6462 6593
f 6593 6462 6596
f 6461 6595 6463
f 6595 6597 6463
f 6462 6464 6596
f 6596 6464 6598
f 6465 6599 6600
f 6466 6465 6600
f 6597 6465 6463
f 6599 6465 6597
f 6464 6467 6598
f 6598 6467 6601
f 6468 6602 6603
f 6469 6468 6603
f 6600 6468 6466
f 6602 6468 6600
f 6467 6470 6601
f 6601 6470 6604
f 6607 6605 6606
f 6605 6607 6608
f 6611 6609 6610
f 6611 6472 6471
f 6611 6471 6609
f 6609 6471 6612
f 6603 6471 6469
f 6612 6471 6603
f 6470 6473 6604
f 6604 6473 6613
f 6616 6614 6615
f 6606 6614 6616
f 6607 6606 6616
f 6607 6616 6475
f 6607 6475 6474
f 6607 6617 6608
f 6607 6474 6617
f 6474 6476 6617
f 6477 6619 6618
f 6477 6618 6476
f 6476 6618 6617
f 6619 6479 6478
f 6619 6478 6618
f 6618 6478 6620
f 6610 6481 6611
f 6610 6620 6481
f 6620 6478 6481
f 6472 6611 6481
f 6473 6482 6613
f 6613 6482 6621
f 6624 6622 6623
f 6624 6484 6483
f 6624 6483 6622
f 6622 6483 6625
f 6615 6485 6616
f 6615 6625 6485
f 6625 6483 6485
f 6475 6616 6485
f 6477 6486 6619
f 6479 6619 6486
f 6482 6626 6621
f 6487 6626 6482
f 6626 6487 6488
f 6627 6626 6488
f 6489 6628 6629
f 6490 6489 6629
f 6491 6630 6489
f 6489 6630 6628
f 6492 6631 6491
f 6491 6631 6630
f 6493 6632 6492
f 6492 6632 6631
f 6494 6633 6493
f 6493 6633 6632
f 6495 6634 6494
f 6494 6634 6633
f 6496 6635 6495
f 6495 6635 6634
f 6497 6636 6496
f 6496 6636 6635
f 6498 6637 6497
f 6497 6637 6636
f 6637 6498 6499
f 6638 6637 6499
f 6500 6639 6501
f 6641 6639 6500
f 6641 6500 6640
f 6640 6500 6502
f 6503 6642 6502
f 6502 6642 6640
f 6504 6643 6503
f 6503 6643 6642
f 6505 6644 6504
f 6504 6644 6643
f 6506 6645 6505
f 6505 6645 6644
f 6507 6646 6506
f 6506 6646 6645
f 6508 6647 6507
f 6507 6647 6646
f 6509 6648 6508
f 6508 6648 6647
f 6510 6649 6509
f 6509 6649 6648
f 6649 6510 6511
f 6650 6649 6511
f 6653 6651 6652
f 6653 6513 6512
f 6653 6512 6651
f 6651 6512 6654
f 6623 6515 6624
f 6623 6654 6515
f 6654 6512 6515
f 6484 6624 6515
f 6488 6655 6627
f 6516 6655 6488
f 6517 6656 6516
f 6516 6656 6655
f 6629 6517 6490
f 6656 6517 6629
f 6499 6657 6638
f 6518 6657 6499
f 6519 6658 6518
f 6518 6658 6657
f 6639 6519 6501
f 6639 6659 6519
f 6659 6658 6519
f 6641 6659 6639
f 6511 6660 6650
f 6520 6660 6511
f 6521 6661 6520
f 6520 6661 6660
f 6522 6662 6521
f 6521 6662 6661
f 6652 6523 6653
f 6652 6662 6523
f 6662 6522 6523
f 6513 6653 6523
f 6526 6664 6663
f 6527 6664 6526
f 6528 6526 6665
f 6526 6663 6665
f 6529 6666 6667
f 6529 6528 6666
f 6528 6665 6666
f 6666 6668 6667
f 6531 6670 6669
f 6532 6670 6531
f 6533 6531 6671
f 6531 6669 6671
f 6534 6533 6672
f 6533 6671 6672
f 6672 6536 6534
f 6673 6536 6672
f 6537 6538 6674
f 6676 6537 6674
f 6676 6675 6537
f 6675 6539 6537
f 6678 6675 6677
f 6678 6540 6675
f 6540 6539 6675
f 6540 6678 6541
f 6527 6543 6664
f 6664 6543 6679
f 6529 6667 6544
f 6667 6668 6680
f 6667 6680 6544
f 6544 6680 6545
f 6546 6545 6681
f 6545 6680 6681
f 6547 6546 6682
f 6546 6681 6682
f 6548 6547 6683
f 6547 6682 6683
f 6685 6683 6684
f 6685 6549 6683
f 6549 6548 6683
f 6687 6549 6685
f 6687 6686 6549
f 6686 6550 6549
f 6551 6550 6688
f 6550 6686 6688
f 6552 6551 6689
f 6551 6688 6689
f 6670 6532 6552
f 6689 6670 6552
f 6536 6673 6690
f 6553 6536 6690
f 6554 6553 6691
f 6553 6690 6691
f 6555 6554 6692
f 6554 6691 6692
f 6556 6555 6693
f 6555 6692 6693
f 6557 6556 6694
f 6556 6693 6694
f 6558 6557 6695
f 6557 6694 6695
f 6559 6558 6696
f 6558 6695 6696
f 6560 6559 6697
f 6559 6696 6697
f 6561 6560 6698
f 6560 6697 6698
f 6674 6538 6561
f 6674 6561 6699
f 6699 6561 6698
f 6676 6674 6699
f 6678 6677 6700
f 6541 6678 6700
f 6541 6700 6562
f 6562 6700 6701
f 6703 6701 6702
f 6703 6563 6701
f 6563 6562 6701
f 6563 6703 6564
f 6543 6566 6679
f 6679 6566 6704
f 6685 6684 6705
f 6687 6685 6705
f 6703 6702 6706
f 6564 6703 6706
f 6564 6706 6567
f 6567 6706 6707
f 6568 6567 6708
f 6567 6707 6708
f 6708 6569 6568
f 6709 6569 6708
f 6566 6573 6704
f 6704 6573 6710
f 6712 6574 6569
f 6712 6569 6711
f 6711 6569 6709
f 6574 6712 6575
f 6577 6578 6713
f 6715 6577 6713
f 6715 6714 6577
f 6714 6579 6577
f 6580 6579 6716
f 6579 6714 6716
f 6716 6581 6580
f 6717 6581 6716
f 6583 6719 6718
f 6584 6719 6583
f 6710 6573 6583
f 6718 6710 6583
f 6712 6711 6720
f 6722 6720 6721
f 6585 6720 6722
f 6585 6712 6720
f 6585 6575 6712
f 6585 6722 6724
f 6578 6585 6724
f 6578 6724 6723
f 6578 6723 6713
f 6715 6713 6723
f 6581 6717 6725
f 6586 6581 6725
f 6725 6587 6586
f 6726 6587 6725
f 6584 6589 6719
f 6719 6589 6727
f 6722 6721 6728
f 6724 6722 6728
f 6587 6726 6729
f 6590 6587 6729
f 6591 6590 6730
f 6590 6729 6730
f 6730 6592 6591
f 6731 6592 6730
f 6734 6733 6732
f 6734 6732 6727
f 6734 6727 6593
f 6593 6727 6589
f 6736 6594 6592
f 6736 6592 6735
f 6735 6592 6731
f 6594 6736 6595
f 6738 6733 6734
f 6737 6733 6738
f 6593 6596 6738
f 6734 6593 6738
f 6740 6736 6735
f 6739 6740 6735
f 6595 6740 6597
f 6736 6740 6595
f 6738 6741 6737
f 6741 6738 6596
f 6741 6596 6742
f 6742 6596 6598
f 6599 6740 6739
f 6599 6739 6600
f 6600 6739 6743
f 6597 6740 6599
f 6598 6601 6742
f 6742 6601 6744
f 6747 6745 6746
f 6745 6747 6748
f 6751 6749 6750
f 6751 6603 6602
f 6751 6602 6749
f 6749 6602 6752
f 6743 6602 6600
f 6752 6602 6743
f 6601 6604 6744
f 6744 6604 6753
f 6756 6754 6755
f 6746 6754 6756
f 6747 6746 6756
f 6747 6756 6606
f 6747 6606 6605
f 6608 6758 6757
f 6605 6608 6757
f 6605 6757 6748
f 6605 6748 6747
f 6757 6758 6759
f 6609 6760 6761
f 6610 6609 6761
f 6750 6612 6751
f 6750 6760 6612
f 6760 6609 6612
f 6603 6751 6612
f 6604 6613 6753
f 6753 6613 6762
f 6614 6756 6755
f 6614 6755 6615
f 6615 6755 6763
f 6606 6756 6614
f 6608 6617 6758
f 6758 6764 6759
f 6758 6617 6764
f 6617 6618 6764
f 6620 6765 6618
f 6618 6765 6764
f 6761 6620 6610
f 6765 6620 6761
f 6613 6621 6762
f 6762 6621 6766
f 6769 6767 6768
f 6769 6623 6622
f 6769 6622 6767
f 6767 6622 6770
f 6625 6771 6622
f 6622 6771 6770
f 6763 6625 6615
f 6771 6625 6763
f 6621 6772 6766
f 6626 6772 6621
f 6627 6774 6773
f 6627 6773 6626
f 6626 6773 6772
f 6773 6774 6775
f 6628 6776 6777
f 6629 6628 6777
f 6630 6778 6628
f 6628 6778 6776
f 6631 6779 6630
f 6630 6779 6778
f 6632 6780 6631
f 6631 6780 6779
f 6633 6781 6632
f 6632 6781 6780
f 6634 6782 6633
f 6633 6782 6781
f 6635 6783 6634
f 6634 6783 6782
f 6636 6784 6635
f 6635 6784 6783
f 6637 6785 6636
f 6636 6785 6784
f 6785 6637 6638
f 6786 6785 6638
f 6640 6787 6788
f 6641 6640 6788
f 6642 6789 6640
f 6640 6789 6787
f 6643 6790 6642
f 6642 6790 6789
f 6644 6791 6643
f 6643 6791 6790
f 6645 6792 6644
f 6644 6792 6791
f 6646 6793 6645
f 6645 6793 6792
f 6647 6794 6646
f 6646 6794 6793
f 6648 6795 6647
f 6647 6795 6794
f 6649 6796 6648
f 6648 6796 6795
f 6650 6798 6797
f 6650 6797 6649
f 6649 6797 6796
f 6797 6798 6799
f 6802 6800 6801
f 6802 6652 6651
f 6802 6651 6800
f 6800 6651 6803
f 6768 6654 6769
f 6768 6803 6654
f 6803 6651 6654
f 6623 6769 6654
f 6627 6655 6774
f 6774 6804 6775
f 6774 6655 6804
f 6655 6656 6804
f 6777 6656 6629
f 6804 6656 6777
f 6638 6805 6786
f 6657 6805 6638
f 6658 6806 6657
f 6657 6806 6805
f 6659 6807 6658
f 6658 6807 6806
f 6788 6659 6641
f 6807 6659 6788
f 6650 6660 6798
f 6798 6808 6799
f 6798 6660 6808
f 6660 6661 6808
f 6801 6662 6802
f 6801 6808 6662
f 6808 6661 6662
f 6652 6802 6662
f 6663 6810 6809
f 6664 6810 6663
f 6665 6663 6811
f 6663 6809 6811
f 6666 6665 6812
f 6665 6811 6812
f 6812 6668 6666
f 6813 6668 6812
f 6669 6815 6814
f 6670 6815 6669
f 6671 6669 6816
f 6669 6814 6816
f 6672 6671 6817
f 6671 6816 6817
f 6817 6673 6672
f 6818 6673 6817
f 6675 6676 6819
f 6675 6819 6677
f 6664 6679 6810
f 6810 6679 6820
f 6668 6813 6821
f 6680 6668 6821
f 6681 6680 6822
f 6680 6821 6822
f 6682 6681 6823
f 6681 6822 6823
f 6825 6823 6824
f 6825 6683 6823
f 6683 6682 6823
f 6683 6825 6684
f 6686 6687 6826
f 6828 6686 6826
f 6828 6827 6686
f 6827 6688 6686
f 6689 6688 6829
f 6688 6827 6829
f 6815 6670 6689
f 6829 6815 6689
f 6673 6818 6830
f 6690 6673 6830
f 6691 6690 6831
f 6690 6830 6831
f 6692 6691 6832
f 6691 6831 6832
f 6693 6692 6833
f 6692 6832 6833
f 6694 6693 6834
f 6693 6833 6834
f 6695 6694 6835
f 6694 6834 6835
f 6696 6695 6836
f 6695 6835 6836
f 6838 6836 6837
f 6838 6697 6836
f 6697 6696 6836
f 6840 6697 6838
f 6840 6839 6697
f 6839 6698 6697
f 6699 6698 6841
f 6698 6839 6841
f 6819 6676 6699
f 6819 6699 6842
f 6842 6699 6841
f 6677 6819 6842
f 6677 6842 6700
f 6700 6842 6843
f 6845 6843 6844
f 6845 6701 6843
f 6701 6700 6843
f 6701 6845 6702
f 6679 6704 6820
f 6820 6704 6846
f 6825 6824 6847
f 6684 6825 6847
f 6684 6847 6705
f 6705 6847 6848
f 6826 6687 6705
f 6826 6705 6849
f 6849 6705 6848
f 6828 6826 6849
f 6838 6837 6850
f 6840 6838 6850
f 6845 6844 6851
f 6702 6845 6851
f 6702 6851 6706
f 6706 6851 6852
f 6707 6706 6853
f 6706 6852 6853
f 6855 6853 6854
f 6855 6708 6853
f 6708 6707 6853
f 6708 6855 6709
f 6704 6710 6846
f 6846 6710 6856
f 6855 6854 6857
f 6857 6709 6855
f 6857 6858 6709
f 6858 6711 6709
f 6714 6715 6859
f 6714 6860 6716
f 6859 6860 6714
f 6716 6860 6717
f 6718 6862 6861
f 6719 6862 6718
f 6856 6710 6718
f 6861 6856 6718
f 6864 6720 6711
f 6864 6711 6863
f 6863 6711 6858
f 6720 6864 6721
f 6723 6866 6865
f 6724 6866 6723
f 6859 6715 6723
f 6859 6723 6867
f 6867 6723 6865
f 6860 6859 6867
f 6868 6860 6867
f 6870 6868 6869
f 6725 6868 6870
f 6725 6860 6868
f 6725 6717 6860
f 6725 6870 6726
f 6719 6727 6862
f 6862 6727 6871
f 6873 6864 6863
f 6872 6873 6863
f 6721 6874 6728
f 6721 6864 6874
f 6864 6873 6874
f 6728 6874 6875
f 6728 6875 6724
f 6724 6875 6866
f 6870 6869 6876
f 6726 6870 6876
f 6726 6876 6729
f 6729 6876 6877
f 6879 6877 6878
f 6879 6730 6877
f 6730 6729 6877
f 6730 6879 6731
f 6732 6881 6880
f 6733 6881 6732
f 6871 6727 6732
f 6880 6871 6732
f 6883 6873 6872
f 6882 6883 6872
f 6885 6884 6874
f 6885 6874 6883
f 6883 6874 6873
f 6875 6874 6884
f 6879 6878 6886
f 6886 6731 6879
f 6886 6887 6731
f 6887 6735 6731
f 6733 6737 6881
f 6881 6737 6888
f 6890 6883 6882
f 6889 6890 6882
f 6891 6885 6883
f 6890 6891 6883
f 6735 6887 6739
f 6887 6892 6739
f 6737 6893 6888
f 6741 6893 6737
f 6893 6741 6742
f 6894 6893 6742
f 6896 6890 6889
f 6895 6896 6889
f 6897 6891 6890
f 6897 6890 6898
f 6898 6890 6896
f 6897 6898 6899
f 6902 6900 6901
f 6902 6892 6900
f 6902 6743 6892
f 6743 6739 6892
f 6742 6744 6894
f 6894 6744 6903
f 6905 6896 6895
f 6904 6905 6895
f 6745 6905 6746
f 6745 6898 6905
f 6898 6896 6905
f 6898 6745 6748
f 6898 6748 6899
f 6899 6748 6906
f 6909 6907 6908
f 6909 6750 6749
f 6909 6749 6907
f 6907 6749 6910
f 6901 6752 6902
f 6901 6910 6752
f 6910 6749 6752
f 6743 6902 6752
f 6744 6753 6903
f 6903 6753 6911
f 6754 6905 6904
f 6754 6904 6755
f 6755 6904 6912
f 6746 6905 6754
f 6748 6913 6906
f 6757 6913 6748
f 6759 6915 6914
f 6759 6914 6757
f 6757 6914 6913
f 6915 6917 6916
f 6914 6915 6916
f 6908 6916 6917
f 6909 6908 6917
f 6909 6917 6761
f 6909 6761 6760
f 6750 6909 6760
f 6753 6762 6911
f 6911 6762 6918
f 6921 6919 6920
f 6921 6912 6919
f 6921 6763 6912
f 6763 6755 6912
f 6759 6764 6915
f 6765 6915 6764
f 6917 6915 6765
f 6761 6917 6765
f 6922 6766 6923
f 6922 6918 6766
f 6918 6762 6766
f 6922 6923 6924
f 6927 6925 6926
f 6925 6927 6928
f 6931 6929 6930
f 6931 6768 6767
f 6931 6767 6929
f 6929 6767 6932
f 6770 6933 6767
f 6767 6933 6932
f 6920 6771 6921
f 6920 6933 6771
f 6933 6770 6771
f 6763 6921 6771
f 6766 6772 6923
f 6923 6934 6924
f 6923 6772 6934
f 6772 6773 6934
f 6775 6936 6935
f 6775 6935 6773
f 6773 6935 6934
f 6936 6777 6776
f 6936 6776 6935
f 6935 6776 6937
f 6778 6938 6776
f 6776 6938 6937
f 6779 6939 6778
f 6778 6939 6938
f 6780 6940 6779
f 6779 6940 6939
f 6781 6941 6780
f 6780 6941 6940
f 6782 6942 6781
f 6781 6942 6941
f 6783 6943 6782
f 6782 6943 6942
f 6784 6944 6783
f 6783 6944 6943
f 6785 6945 6784
f 6784 6945 6944
f 6945 6785 6786
f 6946 6945 6786
f 6787 6947 6948
f 6788 6787 6948
f 6789 6949 6787
f 6787 6949 6947
f 6790 6950 6789
f 6789 6950 6949
f 6791 6951 6790
f 6790 6951 6950
f 6792 6952 6791
f 6791 6952 6951
f 6793 6953 6792
f 6792 6953 6952
f 6794 6954 6793
f 6793 6954 6953
f 6926 6795 6927
f 6926 6954 6795
f 6954 6794 6795
f 6927 6955 6928
f 6927 6795 6955
f 6795 6796 6955
f 6797 6956 6796
f 6796 6956 6955
f 6799 6958 6957
f 6799 6957 6797
f 6797 6957 6956
f 6958 6801 6800
f 6958 6800 6957
f 6957 6800 6959
f 6930 6803 6931
f 6930 6959 6803
f 6959 6800 6803
f 6768 6931 6803
f 6775 6804 6936
f 6777 6936 6804
f 6786 6960 6946
f 6805 6960 6786
f 6806 6961 6805
f 6805 6961 6960
f 6807 6962 6806
f 6806 6962 6961
f 6948 6807 6788
f 6962 6807 6948
f 6799 6808 6958
f 6801 6958 6808
f 6809 6964 6963
f 6810 6964 6809
f 6811 6809 6965
f 6809 6963 6965
f 6812 6811 6966
f 6811 6965 6966
f 6966 6813 6812
f 6967 6813 6966
f 6814 6815 6968
f 6970 6814 6968
f 6970 6969 6814
f 6969 6816 6814
f 6817 6816 6971
f 6816 6969 6971
f 6971 6818 6817
f 6972 6818 6971
f 6810 6820 6964
f 6964 6820 6973
f 6813 6967 6974
f 6821 6813 6974
f 6822 6821 6975
f 6821 6974 6975
f 6823 6822 6976
f 6822 6975 6976
f 6976 6824 6823
f 6977 6824 6976
f 6827 6828 6978
f 6980 6827 6978
f 6980 6979 6827
f 6979 6829 6827
f 6968 6815 6829
f 6968 6829 6981
f 6981 6829 6979
f 6970 6968 6981
f 6818 6972 6982
f 6830 6818 6982
f 6831 6830 6983
f 6830 6982 6983
f 6832 6831 6984
f 6831 6983 6984
f 6833 6832 6985
f 6832 6984 6985
f 6834 6833 6986
f 6833 6985 6986
f 6835 6834 6987
f 6834 6986 6987
f 6989 6987 6988
f 6989 6836 6987
f 6836 6835 6987
f 6836 6989 6837
f 6839 6840 6990
f 6992 6839 6990
f 6992 6991 6839
f 6991 6841 6839
f 6842 6841 6993
f 6841 6991 6993
f 6995 6993 6994
f 6995 6843 6993
f 6843 6842 6993
f 6843 6995 6844
f 6820 6846 6973
f 6973 6846 6996
f 6824 6977 6997
f 6847 6824 6997
f 6848 6847 6998
f 6847 6997 6998
f 6849 6848 6999
f 6848 6998 6999
f 6978 6828 6849
f 6978 6849 7000
f 7000 6849 6999
f 6980 6978 7000
f 6989 6988 7001
f 6837 6989 7001
f 6837 7001 6850
f 6850 7001 7002
f 6990 6840 6850
f 6990 6850 7003
f 7003 6850 7002
f 6992 6990 7003
f 6995 6994 7004
f 6844 6995 7004
f 6844 7004 6851
f 6851 7004 7005
f 6852 6851 7006
f 6851 7005 7006
f 7008 7006 7007
f 7008 6853 7006
f 6853 6852 7006
f 6853 7008 6854
f 6846 6856 6996
f 6996 6856 7009
f 7008 7007 7010
f 6854 7008 7010
f 6854 7010 6857
f 6857 7010 7011
f 7011 6858 6857
f 7012 6858 7011
f 6861 7014 7013
f 6862 7014 6861
f 7009 6856 6861
f 7013 7009 6861
f 6858 7012 6863
f 7012 7015 6863
f 6865 6866 7016
f 7018 6865 7016
f 7018 7017 6865
f 7017 6867 6865
f 6868 6867 7019
f 6867 7017 7019
f 7019 6869 6868
f 7020 6869 7019
f 6862 6871 7014
f 7014 6871 7021
f 6863 7015 6872
f 7015 7022 6872
f 7016 7024 7023
f 7016 6866 7024
f 6866 6875 7024
f 7018 7016 7023
f 6869 7020 7025
f 6876 6869 7025
f 7027 7025 7026
f 7027 6877 7025
f 6877 6876 7025
f 6877 7027 6878
f 6880 7029 7028
f 6881 7029 6880
f 7021 6871 6880
f 7028 7021 6880
f 7032 7030 7031
f 7032 7034 7033
f 7030 7032 7033
f 7034 7022 7033
f 7034 6882 7022
f 6882 6872 7022
f 6884 6885 7035
f 6884 7035 7036
f 6884 7036 6875
f 6875 7036 7024
f 7027 7026 7037
f 7039 7037 7038
f 6886 7037 7039
f 6886 7027 7037
f 6886 6878 7027
f 6886 7039 6887
f 6881 6888 7029
f 7029 6888 7040
f 7042 7032 7031
f 7041 7042 7031
f 7034 7032 7043
f 7043 7032 7042
f 6882 7043 6889
f 7034 7043 6882
f 7035 6891 7044
f 6885 6891 7035
f 7045 7036 7035
f 7044 7045 7035
f 7047 7039 7038
f 7046 7047 7038
f 6887 7047 6892
f 7039 7047 6887
f 6888 7048 7040
f 6893 7048 6888
f 7048 6893 6894
f 7049 7048 6894
f 7042 7041 7050
f 7043 7042 7050
f 7051 7043 7050
f 7051 6889 7043
f 7051 7052 6889
f 7052 6895 6889
f 6891 6897 7044
f 7044 6897 6899
f 7044 6899 7045
f 7045 6899 7053
f 7056 7054 7055
f 7046 7054 7056
f 7047 7046 7056
f 7047 7056 6901
f 7047 6901 6900
f 6892 7047 6900
f 6894 6903 7049
f 7049 6903 7057
f 6895 7052 6904
f 7052 7058 6904
f 7059 6906 7060
f 7059 7053 6906
f 7053 6899 6906
f 7059 7060 7061
f 6907 7062 7063
f 6908 6907 7063
f 7055 6910 7056
f 7055 7062 6910
f 7062 6907 6910
f 6901 7056 6910
f 6903 6911 7057
f 7057 6911 7064
f 6904 7058 6912
f 7058 7065 6912
f 6906 6913 7060
f 7060 7066 7061
f 7060 6913 7066
f 6913 6914 7066
f 6916 7067 6914
f 6914 7067 7066
f 7063 6916 6908
f 7067 6916 7063
f 6911 6918 7064
f 7064 6918 7068
f 7071 7069 7070
f 7071 6920 6919
f 7071 6919 7069
f 7069 6919 7072
f 7065 6919 6912
f 7072 6919 7065
f 6918 7073 7068
f 6922 7073 6918
f 7073 6922 6924
f 7074 7073 6924
f 7077 7075 7076
f 7077 7079 7078
f 7075 7077 7078
f 7079 7081 7080
f 7078 7079 7080
f 7080 7081 7082
f 7085 7083 7084
f 7085 6926 6925
f 7085 6925 7083
f 7083 6925 7086
f 7086 6925 6928
f 7087 7086 6928
f 7090 7088 7089
f 7090 6930 6929
f 7090 6929 7088
f 7088 6929 7091
f 6932 7092 6929
f 6929 7092 7091
f 7070 6933 7071
f 7070 7092 6933
f 7092 6932 6933
f 6920 7071 6933
f 6924 7093 7074
f 6934 7093 6924
f 6935 7094 6934
f 6934 7094 7093
f 6937 7095 6935
f 6935 7095 7094
f 6938 7096 6937
f 6937 7096 7095
f 6939 7097 6938
f 6938 7097 7096
f 6940 7098 6939
f 6939 7098 7097
f 6941 7099 6940
f 6940 7099 7098
f 7076 6942 7077
f 7076 7099 6942
f 7099 6941 6942
f 6943 7077 6942
f 7079 7077 6943
f 6944 7079 6943
f 7081 7079 6944
f 7081 7100 7082
f 7081 6944 7100
f 6944 6945 7100
f 6946 7102 7101
f 6946 7101 6945
f 6945 7101 7100
f 7101 7102 7103
f 6947 7104 7105
f 6948 6947 7105
f 6949 7106 6947
f 6947 7106 7104
f 6950 7107 6949
f 6949 7107 7106
f 6951 7108 6950
f 6950 7108 7107
f 6952 7109 6951
f 6951 7109 7108
f 6953 7110 6952
f 6952 7110 7109
f 7084 6954 7085
f 7084 7110 6954
f 7110 6953 6954
f 6926 7085 6954
f 6928 7111 7087
f 6955 7111 6928
f 6956 7112 6955
f 6955 7112 7111
f 6957 7113 6956
f 6956 7113 7112
f 7089 6959 7090
f 7089 7113 6959
f 7113 6957 6959
f 6930 7090 6959
f 6946 6960 7102
f 7102 7114 7103
f 7102 6960 7114
f 6960 6961 7114
f 6962 7115 6961
f 6961 7115 7114
f 7105 6962 6948
f 7115 6962 7105
f 6963 6964 7116
f 7118 6963 7116
f 7118 7117 6963
f 7117 6965 6963
f 6966 6965 7119
f 6965 7117 7119
f 7119 6967 6966
f 7120 6967 7119
f 6969 7122 7121
f 6970 7122 6969
f 7124 7121 7123
f 7124 6971 7121
f 6971 6969 7121
f 6971 7124 6972
f 7116 7126 7125
f 7116 6964 7126
f 6964 6973 7126
f 7118 7116 7125
f 6967 7120 7127
f 6974 6967 7127
f 6975 6974 7128
f 6974 7127 7128
f 7130 7128 7129
f 7130 6976 7128
f 6976 6975 7128
f 6976 7130 6977
f 6979 7132 7131
f 6980 7132 6979
f 6981 6979 7133
f 6979 7131 7133
f 7122 6970 6981
f 7133 7122 6981
f 7124 7123 7134
f 6972 7124 7134
f 6972 7134 6982
f 6982 7134 7135
f 6983 6982 7136
f 6982 7135 7136
f 6984 6983 7137
f 6983 7136 7137
f 6985 6984 7138
f 6984 7137 7138
f 6986 6985 7139
f 6985 7138 7139
f 7141 7139 7140
f 7141 6987 7139
f 6987 6986 7139
f 6987 7141 6988
f 6991 7143 7142
f 6992 7143 6991
f 7145 7142 7144
f 7145 6993 7142
f 6993 6991 7142
f 6993 7145 6994
f 6973 6996 7126
f 7126 6996 7146
f 7130 7129 7147
f 6977 7130 7147
f 6977 7147 6997
f 6997 7147 7148
f 6998 6997 7149
f 6997 7148 7149
f 6999 6998 7150
f 6998 7149 7150
f 7000 6999 7151
f 6999 7150 7151
f 7132 6980 7000
f 7151 7132 7000
f 7141 7140 7152
f 6988 7141 7152
f 6988 7152 7001
f 7001 7152 7153
f 7002 7001 7154
f 7001 7153 7154
f 7003 7002 7155
f 7002 7154 7155
f 7143 6992 7003
f 7155 7143 7003
f 7145 7144 7156
f 6994 7145 7156
f 6994 7156 7004
f 7004 7156 7157
f 7005 7004 7158
f 7004 7157 7158
f 7160 7158 7159
f 7160 7006 7158
f 7006 7005 7158
f 7006 7160 7007
f 6996 7009 7146
f 7146 7009 7161
f 7160 7159 7162
f 7007 7160 7162
f 7007 7162 7010
f 7010 7162 7163
f 7165 7163 7164
f 7165 7011 7163
f 7011 7010 7163
f 7011 7165 7012
f 7013 7167 7166
f 7014 7167 7013
f 7161 7009 7013
f 7166 7161 7013
f 7169 7165 7164
f 7168 7169 7164
f 7012 7169 7015
f 7165 7169 7012
f 7017 7018 7170
f 7017 7171 7019
f 7170 7171 7017
f 7019 7171 7020
f 7014 7021 7167
f 7167 7021 7172
f 7174 7169 7168
f 7173 7174 7168
f 7015 7174 7022
f 7169 7174 7015
f 7023 7024 7175
f 7023 7175 7177
f 7018 7023 7177
f 7018 7177 7176
f 7018 7176 7170
f 7171 7170 7176
f 7178 7171 7176
f 7180 7178 7179
f 7025 7178 7180
f 7025 7171 7178
f 7025 7020 7171
f 7025 7180 7026
f 7028 7182 7181
f 7029 7182 7028
f 7172 7021 7028
f 7181 7172 7028
f 7185 7183 7184
f 7185 7031 7030
f 7185 7030 7183
f 7183 7030 7186
f 7173 7033 7174
f 7173 7186 7033
f 7186 7030 7033
f 7022 7174 7033
f 7175 7036 7187
f 7024 7036 7175
f 7188 7177 7175
f 7187 7188 7175
f 7180 7179 7189
f 7026 7180 7189
f 7026 7189 7037
f 7037 7189 7190
f 7190 7038 7037
f 7191 7038 7190
f 7029 7040 7182
f 7182 7040 7192
f 7194 7185 7184
f 7193 7194 7184
f 7031 7194 7041
f 7185 7194 7031
f 7187 7045 7195
f 7036 7045 7187
f 7196 7188 7187
f 7195 7196 7187
f 7038 7191 7046
f 7191 7197 7046
f 7040 7198 7192
f 7048 7198 7040
f 7198 7048 7049
f 7199 7198 7049
f 7194 7193 7200
f 7041 7194 7200
f 7041 7200 7050
f 7050 7200 7201
f 7203 7201 7202
f 7203 7051 7201
f 7051 7050 7201
f 7051 7203 7052
f 7195 7053 7204
f 7045 7053 7195
f 7205 7196 7195
f 7204 7205 7195
f 7208 7206 7207
f 7208 7055 7054
f 7208 7054 7206
f 7206 7054 7209
f 7197 7054 7046
f 7209 7054 7197
f 7049 7057 7199
f 7199 7057 7210
f 7212 7203 7202
f 7211 7212 7202
f 7052 7212 7058
f 7203 7212 7052
f 7053 7059 7204
f 7061 7214 7213
f 7059 7061 7213
f 7059 7213 7205
f 7059 7205 7204
f 7214 7216 7215
f 7213 7214 7215
f 7207 7215 7216
f 7208 7207 7216
f 7208 7216 7063
f 7208 7063 7062
f 7055 7208 7062
f 7057 7064 7210
f 7210 7064 7217
f 7219 7212 7211
f 7218 7219 7211
f 7058 7219 7065
f 7212 7219 7058
f 7061 7066 7214
f 7067 7214 7066
f 7216 7214 7067
f 7063 7216 7067
f 7064 7068 7217
f 7217 7068 7220
f 7223 7221 7222
f 7223 7070 7069
f 7223 7069 7221
f 7221 7069 7224
f 7218 7072 7219
f 7218 7224 7072
f 7224 7069 7072
f 7065 7219 7072
f 7068 7225 7220
f 7073 7225 7068
f 7225 7073 7074
f 7226 7225 7074
f 7229 7227 7228
f 7229 7076 7075
f 7229 7075 7227
f 7227 7075 7230
f 7078 7231 7075
f 7075 7231 7230
f 7080 7232 7078
f 7078 7232 7231
f 7232 7080 7082
f 7233 7232 7082
f 7236 7234 7235
f 7236 7084 7083
f 7236 7083 7234
f 7234 7083 7237
f 7086 7238 7083
f 7083 7238 7237
f 7087 7240 7239
f 7087 7239 7086
f 7086 7239 7238
f 7239 7240 7241
f 7244 7242 7243
f 7244 7089 7088
f 7244 7088 7242
f 7242 7088 7245
f 7091 7246 7088
f 7088 7246 7245
f 7222 7092 7223
f 7222 7246 7092
f 7246 7091 7092
f 7070 7223 7092
f 7074 7247 7226
f 7093 7247 7074
f 7094 7248 7093
f 7093 7248 7247
f 7095 7249 7094
f 7094 7249 7248
f 7096 7250 7095
f 7095 7250 7249
f 7097 7251 7096
f 7096 7251 7250
f 7098 7252 7097
f 7097 7252 7251
f 7228 7099 7229
f 7228 7252 7099
f 7252 7098 7099
f 7076 7229 7099
f 7082 7253 7233
f 7100 7253 7082
f 7101 7254 7100
f 7100 7254 7253
f 7103 7256 7255
f 7103 7255 7101
f 7101 7255 7254
f 7256 7258 7257
f 7255 7256 7257
f 7258 7105 7104
f 7258 7104 7257
f 7257 7104 7259
f 7106 7260 7104
f 7104 7260 7259
f 7107 7261 7106
f 7106 7261 7260
f 7108 7262 7107
f 7107 7262 7261
f 7109 7263 7108
f 7108 7263 7262
f 7235 7110 7236
f 7235 7263 7110
f 7263 7109 7110
f 7084 7236 7110
f 7087 7111 7240
f 7240 7264 7241
f 7240 7111 7264
f 7111 7112 7264
f 7243 7113 7244
f 7243 7264 7113
f 7264 7112 7113
f 7089 7244 7113
f 7103 7114 7256
f 7115 7256 7114
f 7258 7256 7115
f 7105 7258 7115
f 7117 7266 7265
f 7118 7266 7117
f 7119 7117 7267
f 7117 7265 7267
f 7267 7120 7119
f 7268 7120 7267
f 7121 7122 7269
f 7121 7269 7123
f 7125 7271 7270
f 7126 7271 7125
f 7266 7118 7125
f 7270 7266 7125
f 7120 7268 7272
f 7127 7120 7272
f 7128 7127 7273
f 7127 7272 7273
f 7273 7129 7128
f 7274 7129 7273
f 7131 7132 7275
f 7277 7131 7275
f 7277 7276 7131
f 7276 7133 7131
f 7269 7122 7133
f 7269 7133 7278
f 7278 7133 7276
f 7123 7269 7278
f 7123 7278 7134
f 7134 7278 7279
f 7135 7134 7280
f 7134 7279 7280
f 7136 7135 7281
f 7135 7280 7281
f 7137 7136 7282
f 7136 7281 7282
f 7138 7137 7283
f 7137 7282 7283
f 7285 7283 7284
f 7285 7139 7283
f 7139 7138 7283
f 7139 7285 7140
f 7142 7143 7286
f 7142 7286 7144
f 7126 7146 7271
f 7271 7146 7287
f 7129 7274 7288
f 7147 7129 7288
f 7148 7147 7289
f 7147 7288 7289
f 7149 7148 7290
f 7148 7289 7290
f 7292 7290 7291
f 7292 7150 7290
f 7150 7149 7290
f 7294 7150 7292
f 7294 7293 7150
f 7293 7151 7150
f 7275 7132 7151
f 7275 7151 7295
f 7295 7151 7293
f 7277 7275 7295
f 7285 7284 7296
f 7140 7285 7296
f 7140 7296 7152
f 7152 7296 7297
f 7153 7152 7298
f 7152 7297 7298
f 7300 7298 7299
f 7300 7154 7298
f 7154 7153 7298
f 7302 7154 7300
f 7302 7301 7154
f 7301 7155 7154
f 7286 7143 7155
f 7286 7155 7303
f 7303 7155 7301
f 7144 7286 7303
f 7144 7303 7156
f 7156 7303 7304
f 7306 7304 7305
f 7306 7157 7304
f 7157 7156 7304
f 7157 7307 7158
f 7306 7307 7157
f 7158 7307 7159
f 7146 7161 7287
f 7287 7161 7308
f 7292 7291 7309
f 7294 7292 7309
f 7300 7299 7310
f 7302 7300 7310
f 7306 7305 7311
f 7307 7306 7311
f 7312 7307 7311
f 7314 7312 7313
f 7162 7312 7314
f 7162 7307 7312
f 7162 7159 7307
f 7162 7315 7163
f 7314 7315 7162
f 7163 7315 7164
f 7166 7167 7316
f 7166 7316 7317
f 7166 7317 7161
f 7161 7317 7308
f 7314 7313 7318
f 7318 7319 7320
f 7318 7320 7314
f 7314 7320 7315
f 7164 7320 7168
f 7315 7320 7164
f 7316 7322 7321
f 7316 7167 7322
f 7167 7172 7322
f 7317 7316 7321
f 7325 7323 7324
f 7319 7323 7325
f 7319 7325 7320
f 7320 7325 7326
f 7168 7326 7173
f 7320 7326 7168
f 7176 7177 7327
f 7176 7328 7178
f 7327 7328 7176
f 7178 7328 7179
f 7181 7330 7329
f 7182 7330 7181
f 7322 7172 7181
f 7329 7322 7181
f 7333 7331 7332
f 7324 7331 7333
f 7325 7324 7333
f 7325 7333 7184
f 7325 7184 7183
f 7186 7325 7183
f 7326 7325 7186
f 7173 7326 7186
f 7327 7188 7334
f 7177 7188 7327
f 7328 7327 7335
f 7335 7327 7334
f 7179 7328 7335
f 7179 7335 7336
f 7179 7336 7189
f 7336 7335 7337
f 7339 7336 7338
f 7339 7190 7336
f 7190 7189 7336
f 7190 7339 7191
f 7182 7192 7330
f 7330 7192 7340
f 7342 7333 7332
f 7341 7342 7332
f 7184 7342 7193
f 7333 7342 7184
f 7334 7196 7343
f 7188 7196 7334
f 7345 7344 7335
f 7345 7335 7343
f 7343 7335 7334
f 7337 7335 7344
f 7347 7339 7338
f 7346 7347 7338
f 7191 7347 7197
f 7339 7347 7191
f 7192 7348 7340
f 7198 7348 7192
f 7348 7198 7199
f 7349 7348 7199
f 7342 7341 7350
f 7352 7350 7351
f 7200 7350 7352
f 7200 7342 7350
f 7200 7193 7342
f 7200 7353 7201
f 7352 7353 7200
f 7201 7353 7202
f 7343 7205 7354
f 7196 7205 7343
f 7355 7345 7343
f 7355 7343 7356
f 7356 7343 7354
f 7356 7207 7206
f 7356 7206 7355
f 7355 7206 7357
f 7346 7209 7347
f 7346 7357 7209
f 7357 7206 7209
f 7197 7347 7209
f 7199 7210 7349
f 7349 7210 7358
f 7352 7351 7359
f 7359 7360 7361
f 7359 7361 7352
f 7352 7361 7353
f 7202 7361 7211
f 7353 7361 7202
f 7205 7213 7354
f 7215 7354 7213
f 7356 7354 7215
f 7207 7356 7215
f 7210 7217 7358
f 7358 7217 7362
f 7365 7363 7364
f 7360 7363 7365
f 7360 7365 7361
f 7361 7365 7366
f 7211 7366 7218
f 7361 7366 7211
f 7217 7220 7362
f 7362 7220 7367
f 7370 7368 7369
f 7368 7370 7371
f 7374 7372 7373
f 7374 7376 7375
f 7372 7374 7375
f 7364 7375 7376
f 7365 7364 7376
f 7365 7376 7222
f 7365 7222 7221
f 7224 7365 7221
f 7366 7365 7224
f 7218 7366 7224
f 7220 7377 7367
f 7225 7377 7220
f 7377 7225 7226
f 7378 7377 7226
f 7381 7379 7380
f 7381 7228 7227
f 7381 7227 7379
f 7379 7227 7382
f 7230 7383 7227
f 7227 7383 7382
f 7231 7384 7230
f 7230 7384 7383
f 7232 7385 7231
f 7231 7385 7384
f 7233 7387 7386
f 7233 7386 7232
f 7232 7386 7385
f 7386 7387 7388
f 7234 7389 7390
f 7235 7234 7390
f 7237 7391 7234
f 7234 7391 7389
f 7369 7238 7370
f 7369 7391 7238
f 7391 7237 7238
f 7370 7392 7371
f 7370 7238 7392
f 7238 7239 7392
f 7241 7394 7393
f 7241 7393 7239
f 7239 7393 7392
f 7394 7243 7242
f 7394 7242 7393
f 7393 7242 7395
f 7373 7245 7374
f 7373 7395 7245
f 7395 7242 7245
f 7246 7374 7245
f 7376 7374 7246
f 7222 7376 7246
f 7226 7396 7378
f 7247 7396 7226
f 7248 7397 7247
f 7247 7397 7396
f 7249 7398 7248
f 7248 7398 7397
f 7250 7399 7249
f 7249 7399 7398
f 7251 7400 7250
f 7250 7400 7399
f 7380 7252 7381
f 7380 7400 7252
f 7400 7251 7252
f 7228 7381 7252
f 7233 7253 7387
f 7387 7401 7388
f 7387 7253 7401
f 7253 7254 7401
f 7255 7402 7254
f 7254 7402 7401
f 7257 7403 7255
f 7255 7403 7402
f 7259 7404 7257
f 7257 7404 7403
f 7260 7405 7259
f 7259 7405 7404
f 7261 7406 7260
f 7260 7406 7405
f 7262 7407 7261
f 7261 7407 7406
f 7263 7408 7262
f 7262 7408 7407
f 7390 7263 7235
f 7408 7263 7390
f 7241 7264 7394
f 7243 7394 7264
f 7265 7410 7409
f 7266 7410 7265
f 7412 7409 7411
f 7412 7267 7409
f 7267 7265 7409
f 7267 7412 7268
f 7270 7414 7413
f 7271 7414 7270
f 7410 7266 7270
f 7413 7410 7270
f 7412 7411 7415
f 7268 7412 7415
f 7268 7415 7272
f 7272 7415 7416
f 7273 7272 7417
f 7272 7416 7417
f 7417 7274 7273
f 7418 7274 7417
f 7276 7420 7419
f 7277 7420 7276
f 7278 7276 7421
f 7276 7419 7421
f 7279 7278 7422
f 7278 7421 7422
f 7280 7279 7423
f 7279 7422 7423
f 7281 7280 7424
f 7280 7423 7424
f 7282 7281 7425
f 7281 7424 7425
f 7283 7282 7426
f 7282 7425 7426
f 7426 7284 7283
f 7427 7284 7426
f 7271 7287 7414
f 7414 7287 7428
f 7274 7418 7429
f 7288 7274 7429
f 7289 7288 7430
f 7288 7429 7430
f 7432 7430 7431
f 7432 7290 7430
f 7290 7289 7430
f 7290 7432 7291
f 7293 7294 7433
f 7293 7434 7295
f 7433 7434 7293
f 7295 7434 7435
f 7295 7435 7277
f 7277 7435 7420
f 7284 7427 7436
f 7296 7284 7436
f 7297 7296 7437
f 7296 7436 7437
f 7439 7437 7438
f 7439 7298 7437
f 7298 7297 7437
f 7298 7439 7299
f 7301 7302 7440
f 7301 7441 7303
f 7440 7441 7301
f 7303 7442 7304
f 7441 7442 7303
f 7304 7442 7305
f 7287 7308 7428
f 7428 7308 7443
f 7432 7431 7444
f 7291 7432 7444
f 7291 7444 7309
f 7309 7444 7445
f 7433 7294 7309
f 7433 7309 7446
f 7446 7309 7445
f 7434 7433 7446
f 7447 7434 7446
f 7435 7434 7447
f 7439 7438 7448
f 7299 7439 7448
f 7299 7448 7310
f 7310 7448 7449
f 7440 7302 7310
f 7440 7310 7450
f 7450 7310 7449
f 7441 7440 7450
f 7451 7441 7450
f 7442 7441 7451
f 7452 7442 7451
f 7305 7442 7452
f 7305 7452 7311
f 7311 7452 7453
f 7455 7453 7454
f 7455 7312 7453
f 7312 7311 7453
f 7312 7455 7313
f 7308 7317 7443
f 7443 7317 7456
f 7455 7454 7457
f 7459 7457 7458
f 7318 7457 7459
f 7318 7455 7457
f 7318 7313 7455
f 7318 7459 7319
f 7321 7461 7460
f 7322 7461 7321
f 7456 7317 7321
f 7460 7456 7321
f 7464 7462 7463
f 7458 7462 7464
f 7459 7458 7464
f 7459 7464 7324
f 7459 7324 7323
f 7319 7459 7323
f 7329 7466 7465
f 7330 7466 7329
f 7461 7322 7329
f 7465 7461 7329
f 7469 7467 7468
f 7463 7467 7469
f 7464 7463 7469
f 7464 7469 7332
f 7464 7332 7331
f 7324 7464 7331
f 7336 7337 7470
f 7336 7470 7338
f 7330 7340 7466
f 7466 7340 7471
f 7473 7469 7468
f 7472 7473 7468
f 7332 7473 7341
f 7469 7473 7332
f 7344 7345 7474
f 7344 7470 7337
f 7344 7474 7470
f 7474 7475 7470
f 7338 7475 7346
f 7470 7475 7338
f 7340 7476 7471
f 7348 7476 7340
f 7476 7348 7349
f 7477 7476 7349
f 7473 7472 7478
f 7480 7478 7479
f 7350 7478 7480
f 7350 7473 7478
f 7350 7341 7473
f 7350 7480 7351
f 7345 7355 7474
f 7357 7474 7355
f 7475 7474 7357
f 7346 7475 7357
f 7349 7358 7477
f 7477 7358 7481
f 7480 7479 7482
f 7484 7482 7483
f 7359 7482 7484
f 7359 7480 7482
f 7359 7351 7480
f 7359 7484 7360
f 7358 7362 7481
f 7481 7362 7485
f 7488 7486 7487
f 7483 7486 7488
f 7484 7483 7488
f 7484 7488 7364
f 7484 7364 7363
f 7360 7484 7363
f 7489 7367 7490
f 7489 7485 7367
f 7485 7362 7367
f 7489 7490 7491
f 7494 7492 7493
f 7494 7496 7495
f 7492 7494 7495
f 7496 7498 7497
f 7495 7496 7497
f 7497 7498 7499
f 7502 7500 7501
f 7502 7369 7368
f 7502 7368 7500
f 7500 7368 7503
f 7371 7505 7504
f 7371 7504 7368
f 7368 7504 7503
f 7505 7507 7506
f 7504 7505 7506
f 7507 7509 7508
f 7506 7507 7508
f 7509 7373 7372
f 7509 7372 7508
f 7508 7372 7510
f 7487 7375 7488
f 7487 7510 7375
f 7510 7372 7375
f 7364 7488 7375
f 7367 7377 7490
f 7378 7512 7511
f 7377 7378 7511
f 7377 7511 7491
f 7377 7491 7490
f 7511 7512 7513
f 7516 7514 7515
f 7516 7518 7517
f 7514 7516 7517
f 7518 7380 7379
f 7518 7379 7517
f 7517 7379 7519
f 7382 7520 7379
f 7379 7520 7519
f 7383 7521 7382
f 7382 7521 7520
f 7493 7384 7494
f 7493 7521 7384
f 7521 7383 7384
f 7385 7494 7384
f 7496 7494 7385
f 7386 7496 7385
f 7498 7496 7386
f 7388 7523 7522
f 7386 7388 7522
f 7386 7522 7499
f 7386 7499 7498
f 7522 7523 7524
f 7527 7525 7526
f 7527 7390 7389
f 7527 7389 7525
f 7525 7389 7528
f 7501 7391 7502
f 7501 7528 7391
f 7528 7389 7391
f 7369 7502 7391
f 7371 7392 7505
f 7393 7505 7392
f 7507 7505 7393
f 7395 7507 7393
f 7509 7507 7395
f 7373 7509 7395
f 7378 7396 7512
f 7512 7529 7513
f 7512 7396 7529
f 7396 7397 7529
f 7398 7530 7397
f 7397 7530 7529
f 7515 7399 7516
f 7515 7530 7399
f 7530 7398 7399
f 7400 7516 7399
f 7518 7516 7400
f 7380 7518 7400
f 7388 7401 7523
f 7523 7531 7524
f 7523 7401 7531
f 7401 7402 7531
f 7403 7532 7402
f 7402 7532 7531
f 7404 7533 7403
f 7403 7533 7532
f 7405 7534 7404
f 7404 7534 7533
f 7406 7535 7405
f 7405 7535 7534
f 7407 7536 7406
f 7406 7536 7535
f 7526 7408 7527
f 7526 7536 7408
f 7536 7407 7408
f 7390 7527 7408
f 7409 7410 7537
f 7409 7537 7411
f 7413 7539 7538
f 7414 7539 7413
f 7537 7410 7413
f 7537 7413 7540
f 7540 7413 7538
f 7411 7537 7540
f 7411 7540 7415
f 7415 7540 7541
f 7416 7415 7542
f 7415 7541 7542
f 7544 7542 7543
f 7544 7417 7542
f 7417 7416 7542
f 7417 7544 7418
f 7419 7420 7545
f 7547 7419 7545
f 7547 7546 7419
f 7546 7421 7419
f 7422 7421 7548
f 7421 7546 7548
f 7423 7422 7549
f 7422 7548 7549
f 7424 7423 7550
f 7423 7549 7550
f 7552 7550 7551
f 7552 7425 7550
f 7425 7424 7550
f 7425 7553 7426
f 7552 7553 7425
f 7426 7553 7427
f 7414 7428 7539
f 7539 7428 7554
f 7544 7543 7555
f 7418 7544 7555
f 7418 7555 7429
f 7429 7555 7556
f 7558 7556 7557
f 7558 7430 7556
f 7430 7429 7556
f 7430 7558 7431
f 7545 7560 7559
f 7545 7420 7560
f 7420 7435 7560
f 7547 7545 7559
f 7552 7551 7561
f 7553 7552 7561
f 7562 7553 7561
f 7427 7553 7562
f 7427 7562 7436
f 7436 7562 7563
f 7565 7563 7564
f 7565 7437 7563
f 7437 7436 7563
f 7437 7565 7438
f 7428 7443 7554
f 7554 7443 7566
f 7558 7557 7567
f 7431 7558 7567
f 7431 7567 7444
f 7444 7567 7568
f 7570 7568 7569
f 7570 7445 7568
f 7445 7444 7568
f 7445 7571 7446
f 7570 7571 7445
f 7573 7446 7571
f 7573 7572 7446
f 7572 7447 7446
f 7560 7435 7447
f 7572 7560 7447
f 7565 7564 7574
f 7438 7565 7574
f 7438 7574 7448
f 7448 7574 7575
f 7577 7575 7576
f 7577 7449 7575
f 7449 7448 7575
f 7449 7578 7450
f 7577 7578 7449
f 7450 7579 7451
f 7578 7579 7450
f 7451 7580 7452
f 7579 7580 7451
f 7452 7581 7453
f 7580 7581 7452
f 7453 7581 7454
f 7443 7456 7566
f 7566 7456 7582
f 7570 7569 7583
f 7571 7570 7583
f 7584 7571 7583
f 7573 7571 7584
f 7577 7576 7585
f 7578 7577 7585
f 7586 7578 7585
f 7579 7578 7586
f 7587 7579 7586
f 7580 7579 7587
f 7588 7580 7587
f 7581 7580 7588
f 7589 7581 7588
f 7591 7589 7590
f 7457 7589 7591
f 7457 7581 7589
f 7457 7454 7581
f 7457 7591 7458
f 7460 7461 7592
f 7460 7592 7593
f 7460 7593 7456
f 7456 7593 7582
f 7596 7594 7595
f 7590 7594 7596
f 7591 7590 7596
f 7591 7596 7463
f 7591 7463 7462
f 7458 7591 7462
f 7465 7598 7597
f 7466 7598 7465
f 7592 7461 7465
f 7592 7465 7599
f 7599 7465 7597
f 7593 7592 7599
f 7602 7600 7601
f 7595 7600 7602
f 7596 7595 7602
f 7596 7602 7468
f 7596 7468 7467
f 7463 7596 7467
f 7466 7471 7598
f 7598 7471 7603
f 7605 7602 7601
f 7604 7605 7601
f 7468 7605 7472
f 7602 7605 7468
f 7471 7606 7603
f 7476 7606 7471
f 7606 7476 7477
f 7607 7606 7477
f 7605 7604 7608
f 7610 7608 7609
f 7478 7608 7610
f 7478 7605 7608
f 7478 7472 7605
f 7478 7610 7479
f 7611 7481 7612
f 7611 7607 7481
f 7607 7477 7481
f 7611 7612 7613
f 7610 7609 7614
f 7616 7614 7615
f 7482 7614 7616
f 7482 7610 7614
f 7482 7479 7610
f 7482 7616 7483
f 7612 7485 7617
f 7481 7485 7612
f 7618 7613 7612
f 7617 7618 7612
f 7621 7619 7620
f 7619 7621 7622
f 7625 7623 7624
f 7625 7627 7626
f 7623 7625 7626
f 7627 7629 7628
f 7626 7627 7628
f 7629 7631 7630
f 7628 7629 7630
f 7631 7633 7632
f 7630 7631 7632
f 7615 7632 7633
f 7616 7615 7633
f 7616 7633 7487
f 7616 7487 7486
f 7483 7616 7486
f 7485 7489 7617
f 7617 7489 7491
f 7617 7491 7618
f 7618 7491 7634
f 7637 7635 7636
f 7637 7493 7492
f 7637 7492 7635
f 7635 7492 7638
f 7620 7495 7621
f 7620 7638 7495
f 7638 7492 7495
f 7621 7639 7622
f 7621 7495 7639
f 7495 7497 7639
f 7639 7497 7499
f 7640 7639 7499
f 7643 7641 7642
f 7643 7501 7500
f 7643 7500 7641
f 7641 7500 7644
f 7624 7503 7625
f 7624 7644 7503
f 7644 7500 7503
f 7504 7625 7503
f 7627 7625 7504
f 7506 7627 7504
f 7629 7627 7506
f 7508 7629 7506
f 7631 7629 7508
f 7510 7631 7508
f 7633 7631 7510
f 7487 7633 7510
f 7491 7645 7634
f 7511 7645 7491
f 7513 7647 7646
f 7513 7646 7511
f 7511 7646 7645
f 7647 7649 7648
f 7646 7647 7648
f 7649 7515 7514
f 7649 7514 7648
f 7648 7514 7650
f 7517 7651 7514
f 7514 7651 7650
f 7519 7652 7517
f 7517 7652 7651
f 7520 7653 7519
f 7519 7653 7652
f 7636 7521 7637
f 7636 7653 7521
f 7653 7520 7521
f 7493 7637 7521
f 7499 7654 7640
f 7522 7654 7499
f 7524 7656 7655
f 7524 7655 7522
f 7522 7655 7654
f 7655 7656 7657
f 7660 7658 7659
f 7660 7662 7661
f 7658 7660 7661
f 7662 7526 7525
f 7662 7525 7661
f 7661 7525 7663
f 7642 7528 7643
f 7642 7663 7528
f 7663 7525 7528
f 7501 7643 7528
f 7513 7529 7647
f 7530 7647 7529
f 7649 7647 7530
f 7515 7649 7530
f 7524 7531 7656
f 7656 7664 7657
f 7656 7531 7664
f 7531 7532 7664
f 7533 7665 7532
f 7532 7665 7664
f 7534 7666 7533
f 7533 7666 7665
f 7659 7535 7660
f 7659 7666 7535
f 7666 7534 7535
f 7536 7660 7535
f 7662 7660 7536
f 7526 7662 7536
f 7538 7539 7667
f 7669 7538 7667
f 7669 7668 7538
f 7668 7540 7538
f 7541 7540 7670
f 7540 7668 7670
f 7672 7670 7671
f 7672 7542 7670
f 7542 7541 7670
f 7542 7672 7543
f 7546 7547 7673
f 7546 7674 7548
f 7673 7674 7546
f 7548 7675 7549
f 7674 7675 7548
f 7549 7676 7550
f 7675 7676 7549
f 7550 7676 7551
f 7667 7678 7677
f 7667 7539 7678
f 7539 7554 7678
f 7669 7667 7677
f 7672 7671 7679
f 7543 7672 7679
f 7543 7679 7555
f 7555 7679 7680
f 7556 7555 7681
f 7555 7680 7681
f 7681 7557 7556
f 7682 7557 7681
f 7559 7560 7683
f 7559 7683 7685
f 7547 7559 7685
f 7547 7685 7684
f 7547 7684 7673
f 7674 7673 7684
f 7686 7674 7684
f 7675 7674 7686
f 7687 7675 7686
f 7676 7675 7687
f 7688 7676 7687
f 7551 7676 7688
f 7551 7688 7561
f 7561 7688 7689
f 7562 7561 7690
f 7561 7689 7690
f 7692 7690 7691
f 7692 7563 7690
f 7563 7562 7690
f 7563 7692 7564
f 7554 7566 7678
f 7678 7566 7693
f 7557 7682 7694
f 7567 7557 7694
f 7696 7694 7695
f 7696 7568 7694
f 7568 7567 7694
f 7568 7696 7569
f 7572 7573 7697
f 7572 7697 7699
f 7560 7572 7699
f 7560 7699 7698
f 7560 7698 7683
f 7685 7683 7698
f 7692 7691 7700
f 7564 7692 7700
f 7564 7700 7574
f 7574 7700 7701
f 7703 7701 7702
f 7703 7575 7701
f 7575 7574 7701
f 7575 7703 7576
f 7566 7582 7693
f 7693 7582 7704
f 7696 7695 7705
f 7569 7696 7705
f 7569 7705 7583
f 7583 7705 7706
f 7708 7706 7707
f 7708 7584 7706
f 7584 7583 7706
f 7584 7708 7710
f 7573 7584 7710
f 7573 7710 7709
f 7573 7709 7697
f 7699 7697 7709
f 7703 7702 7711
f 7713 7711 7712
f 7585 7711 7713
f 7585 7703 7711
f 7585 7576 7703
f 7585 7714 7586
f 7713 7714 7585
f 7716 7586 7714
f 7716 7715 7586
f 7715 7587 7586
f 7718 7715 7717
f 7718 7588 7715
f 7588 7587 7715
f 7588 7719 7589
f 7718 7719 7588
f 7589 7719 7590
f 7582 7593 7704
f 7704 7593 7720
f 7708 7707 7721
f 7710 7708 7721
f 7713 7712 7722
f 7714 7713 7722
f 7723 7714 7722
f 7716 7714 7723
f 7725 7718 7717
f 7724 7725 7717
f 7594 7725 7595
f 7594 7719 7725
f 7719 7718 7725
f 7590 7719 7594
f 7597 7727 7726
f 7598 7727 7597
f 7599 7597 7728
f 7597 7726 7728
f 7720 7593 7599
f 7728 7720 7599
f 7731 7729 7730
f 7724 7729 7731
f 7725 7724 7731
f 7725 7731 7601
f 7725 7601 7600
f 7595 7725 7600
f 7598 7603 7727
f 7727 7603 7732
f 7734 7731 7730
f 7733 7734 7730
f 7601 7734 7604
f 7731 7734 7601
f 7603 7735 7732
f 7606 7735 7603
f 7607 7737 7736
f 7607 7736 7606
f 7606 7736 7735
f 7736 7737 7738
f 7734 7733 7739
f 7741 7739 7740
f 7608 7739 7741
f 7608 7734 7739
f 7608 7604 7734
f 7608 7741 7609
f 7607 7611 7737
f 7737 7611 7613
f 7737 7613 7738
f 7738 7613 7742
f 7745 7743 7744
f 7743 7745 7746
f 7749 7747 7748
f 7749 7751 7750
f 7747 7749 7750
f 7750 7751 7752
f 7754 7741 7740
f 7753 7754 7740
f 7609 7755 7614
f 7609 7741 7755
f 7741 7754 7755
f 7614 7755 7615
f 7613 7618 7742
f 7742 7618 7756
f 7759 7757 7758
f 7744 7757 7759
f 7745 7744 7759
f 7745 7759 7620
f 7745 7620 7619
f 7622 7761 7760
f 7619 7622 7760
f 7619 7760 7746
f 7619 7746 7745
f 7760 7761 7762
f 7765 7763 7764
f 7748 7763 7765
f 7749 7748 7765
f 7749 7765 7624
f 7749 7624 7623
f 7626 7749 7623
f 7751 7749 7626
f 7751 7766 7752
f 7751 7626 7766
f 7626 7628 7766
f 7753 7630 7754
f 7753 7766 7630
f 7766 7628 7630
f 7632 7754 7630
f 7755 7754 7632
f 7615 7755 7632
f 7767 7634 7768
f 7767 7756 7634
f 7756 7618 7634
f 7767 7768 7769
f 7772 7770 7771
f 7772 7774 7773
f 7770 7772 7773
f 7774 7636 7635
f 7774 7635 7773
f 7773 7635 7775
f 7758 7638 7759
f 7758 7775 7638
f 7775 7635 7638
f 7620 7759 7638
f 7622 7639 7761
f 7640 7777 7776
f 7639 7640 7776
f 7639 7776 7762
f 7639 7762 7761
f 7776 7777 7778
f 7641 7779 7780
f 7642 7641 7780
f 7764 7644 7765
f 7764 7779 7644
f 7779 7641 7644
f 7624 7765 7644
f 7634 7645 7768
f 7768 7781 7769
f 7768 7645 7781
f 7645 7646 7781
f 7648 7782 7646
f 7646 7782 7781
f 7650 7783 7648
f 7648 7783 7782
f 7651 7784 7650
f 7650 7784 7783
f 7771 7652 7772
f 7771 7784 7652
f 7784 7651 7652
f 7653 7772 7652
f 7774 7772 7653
f 7636 7774 7653
f 7640 7654 7777
f 7777 7785 7778
f 7777 7654 7785
f 7654 7655 7785
f 7657 7787 7786
f 7657 7786 7655
f 7655 7786 7785
f 7787 7789 7788
f 7786 7787 7788
f 7789 7791 7790
f 7788 7789 7790
f 7791 7659 7658
f 7791 7658 7790
f 7790 7658 7792
f 7661 7793 7658
f 7658 7793 7792
f 7663 7794 7661
f 7661 7794 7793
f 7780 7663 7642
f 7794 7663 7780
f 7657 7664 7787
f 7665 7787 7664
f 7789 7787 7665
f 7666 7789 7665
f 7791 7789 7666
f 7659 7791 7666
f 7668 7796 7795
f 7669 7796 7668
f 7798 7795 7797
f 7798 7670 7795
f 7670 7668 7795
f 7670 7798 7671
f 7677 7678 7799
f 7677 7799 7800
f 7677 7800 7669
f 7669 7800 7796
f 7798 7797 7801
f 7671 7798 7801
f 7671 7801 7679
f 7679 7801 7802
f 7680 7679 7803
f 7679 7802 7803
f 7805 7803 7804
f 7805 7681 7803
f 7681 7680 7803
f 7681 7805 7682
f 7684 7685 7806
f 7808 7684 7806
f 7808 7807 7684
f 7807 7686 7684
f 7687 7686 7809
f 7686 7807 7809
f 7688 7687 7810
f 7687 7809 7810
f 7689 7688 7811
f 7688 7810 7811
f 7813 7811 7812
f 7813 7690 7811
f 7690 7689 7811
f 7690 7813 7691
f 7799 7815 7814
f 7799 7678 7815
f 7678 7693 7815
f 7800 7799 7814
f 7805 7804 7816
f 7818 7816 7817
f 7694 7816 7818
f 7694 7805 7816
f 7694 7682 7805
f 7694 7818 7695
f 7698 7699 7819
f 7698 7819 7821
f 7685 7698 7821
f 7685 7821 7820
f 7685 7820 7806
f 7808 7806 7820
f 7813 7812 7822
f 7691 7813 7822
f 7691 7822 7700
f 7700 7822 7823
f 7825 7823 7824
f 7825 7701 7823
f 7701 7700 7823
f 7701 7825 7702
f 7693 7704 7815
f 7815 7704 7826
f 7818 7817 7827
f 7829 7827 7828
f 7705 7827 7829
f 7705 7818 7827
f 7705 7695 7818
f 7705 7830 7706
f 7829 7830 7705
f 7706 7830 7707
f 7709 7710 7831
f 7709 7831 7833
f 7699 7709 7833
f 7699 7833 7832
f 7699 7832 7819
f 7821 7819 7832
f 7825 7824 7834
f 7836 7834 7835
f 7711 7834 7836
f 7711 7825 7834
f 7711 7702 7825
f 7711 7836 7712
f 7715 7716 7837
f 7715 7837 7717
f 7838 7720 7839
f 7838 7826 7720
f 7826 7704 7720
f 7839 7841 7840
f 7838 7839 7840
f 7841 7843 7842
f 7840 7841 7842
f 7843 7845 7844
f 7842 7843 7844
f 7845 7847 7846
f 7844 7845 7846
f 7847 7849 7848
f 7846 7847 7848
f 7849 7851 7850
f 7848 7849 7850
f 7828 7850 7851
f 7828 7851 7829
f 7829 7851 7852
f 7830 7829 7853
f 7853 7829 7852
f 7707 7854 7721
f 7707 7830 7854
f 7830 7853 7854
f 7721 7831 7710
f 7721 7854 7831
f 7854 7855 7831
f 7856 7833 7831
f 7855 7856 7831
f 7836 7835 7857
f 7859 7857 7858
f 7722 7857 7859
f 7722 7836 7857
f 7722 7712 7836
f 7722 7860 7723
f 7859 7860 7722
f 7723 7837 7716
f 7723 7860 7837
f 7860 7861 7837
f 7717 7861 7724
f 7837 7861 7717
f 7726 7863 7862
f 7727 7863 7726
f 7728 7726 7864
f 7726 7862 7864
f 7839 7720 7728
f 7839 7728 7865
f 7865 7728 7864
f 7841 7839 7865
f 7866 7841 7865
f 7843 7841 7866
f 7867 7843 7866
f 7867 7868 7869
f 7867 7869 7843
f 7843 7869 7845
f 7847 7845 7870
f 7870 7845 7869
f 7849 7847 7871
f 7871 7847 7870
f 7851 7849 7872
f 7872 7849 7871
f 7852 7851 7873
f 7873 7851 7872
f 7853 7852 7874
f 7874 7852 7873
f 7854 7853 7875
f 7875 7853 7874
f 7855 7854 7876
f 7876 7854 7875
f 7877 7856 7855
f 7877 7855 7878
f 7878 7855 7876
f 7877 7878 7879
f 7881 7859 7858
f 7880 7881 7858
f 7860 7859 7882
f 7882 7859 7881
f 7729 7882 7730
f 7729 7861 7882
f 7861 7860 7882
f 7724 7861 7729
f 7727 7732 7863
f 7863 7732 7883
f 7885 7869 7868
f 7884 7885 7868
f 7870 7869 7886
f 7886 7869 7885
f 7871 7870 7887
f 7887 7870 7886
f 7872 7871 7888
f 7888 7871 7887
f 7873 7872 7889
f 7889 7872 7888
f 7874 7873 7890
f 7890 7873 7889
f 7875 7874 7891
f 7891 7874 7890
f 7876 7875 7892
f 7892 7875 7891
f 7878 7876 7893
f 7893 7876 7892
f 7894 7879 7878
f 7893 7894 7878
f 7896 7881 7880
f 7895 7896 7880
f 7882 7881 7897
f 7897 7881 7896
f 7730 7897 7733
f 7882 7897 7730
f 7732 7898 7883
f 7735 7898 7732
f 7736 7899 7735
f 7735 7899 7898
f 7899 7736 7738
f 7900 7899 7738
f 7903 7901 7902
f 7903 7905 7904
f 7901 7903 7904
f 7884 7904 7905
f 7884 7905 7885
f 7885 7905 7906
f 7886 7885 7907
f 7907 7885 7906
f 7887 7886 7908
f 7908 7886 7907
f 7888 7887 7909
f 7909 7887 7908
f 7889 7888 7910
f 7910 7888 7909
f 7890 7889 7911
f 7911 7889 7910
f 7891 7890 7912
f 7912 7890 7911
f 7892 7891 7913
f 7913 7891 7912
f 7915 7914 7893
f 7915 7893 7913
f 7913 7893 7892
f 7894 7893 7914
f 7917 7896 7895
f 7916 7917 7895
f 7897 7896 7918
f 7918 7896 7917
f 7733 7919 7739
f 7733 7897 7919
f 7897 7918 7919
f 7739 7919 7740
f 7920 7742 7921
f 7920 7900 7742
f 7900 7738 7742
f 7923 7922 7903
f 7923 7903 7921
f 7902 7920 7903
f 7920 7921 7903
f 7905 7903 7922
f 7924 7905 7922
f 7906 7905 7924
f 7925 7906 7924
f 7907 7906 7925
f 7926 7907 7925
f 7908 7907 7926
f 7927 7908 7926
f 7909 7908 7927
f 7928 7909 7927
f 7928 7929 7930
f 7928 7930 7909
f 7909 7930 7910
f 7911 7910 7931
f 7931 7910 7930
f 7743 7931 7744
f 7743 7912 7931
f 7912 7911 7931
f 7746 7912 7743
f 7746 7932 7912
f 7932 7913 7912
f 7933 7915 7913
f 7932 7933 7913
f 7936 7934 7935
f 7916 7934 7936
f 7917 7916 7936
f 7917 7936 7748
f 7917 7748 7747
f 7750 7917 7747
f 7918 7917 7750
f 7752 7918 7750
f 7752 7937 7918
f 7937 7919 7918
f 7740 7937 7753
f 7919 7937 7740
f 7921 7756 7938
f 7742 7756 7921
f 7939 7923 7921
f 7938 7939 7921
f 7942 7940 7941
f 7929 7940 7942
f 7929 7942 7930
f 7930 7942 7943
f 7757 7943 7758
f 7757 7931 7943
f 7931 7930 7943
f 7744 7931 7757
f 7746 7760 7932
f 7762 7945 7944
f 7760 7762 7944
f 7760 7944 7933
f 7760 7933 7932
f 7944 7945 7946
f 7949 7947 7948
f 7935 7947 7949
f 7936 7935 7949
f 7936 7949 7764
f 7936 7764 7763
f 7748 7936 7763
f 7752 7766 7937
f 7753 7937 7766
f 7756 7767 7938
f 7769 7951 7950
f 7767 7769 7950
f 7767 7950 7939
f 7767 7939 7938
f 7951 7953 7952
f 7950 7951 7952
f 7953 7955 7954
f 7952 7953 7954
f 7955 7957 7956
f 7954 7955 7956
f 7957 7771 7770
f 7957 7770 7956
f 7956 7770 7958
f 7941 7773 7942
f 7941 7958 7773
f 7958 7770 7773
f 7775 7942 7773
f 7943 7942 7775
f 7758 7943 7775
f 7762 7776 7945
f 7778 7960 7959
f 7776 7778 7959
f 7776 7959 7946
f 7776 7946 7945
f 7959 7960 7961
f 7964 7962 7963
f 7964 7966 7965
f 7962 7964 7965
f 7948 7965 7966
f 7949 7948 7966
f 7949 7966 7780
f 7949 7780 7779
f 7764 7949 7779
f 7769 7781 7951
f 7782 7951 7781
f 7953 7951 7782
f 7783 7953 7782
f 7955 7953 7783
f 7784 7955 7783
f 7957 7955 7784
f 7771 7957 7784
f 7778 7785 7960
f 7960 7967 7961
f 7960 7785 7967
f 7785 7786 7967
f 7788 7968 7786
f 7786 7968 7967
f 7790 7969 7788
f 7788 7969 7968
f 7792 7970 7790
f 7790 7970 7969
f 7963 7793 7964
f 7963 7970 7793
f 7970 7792 7793
f 7794 7964 7793
f 7966 7964 7794
f 7780 7966 7794
f 7795 7796 7971
f 7795 7971 7797
f 7971 7973 7972
f 7971 7796 7973
f 7796 7800 7973
f 7797 7971 7972
f 7797 7972 7801
f 7801 7972 7974
f 7976 7974 7975
f 7976 7802 7974
f 7802 7801 7974
f 7802 7977 7803
f 7976 7977 7802
f 7803 7977 7804
f 7807 7808 7978
f 7807 7979 7809
f 7978 7979 7807
f 7809 7980 7810
f 7979 7980 7809
f 7810 7981 7811
f 7980 7981 7810
f 7811 7981 7812
f 7814 7815 7982
f 7814 7982 7983
f 7814 7983 7800
f 7800 7983 7973
f 7976 7975 7984
f 7984 7985 7986
f 7984 7986 7976
f 7976 7986 7977
f 7804 7987 7816
f 7804 7977 7987
f 7977 7986 7987
f 7816 7987 7817
f 7820 7821 7988
f 7820 7988 7990
f 7808 7820 7990
f 7808 7990 7989
f 7808 7989 7978
f 7979 7978 7989
f 7991 7979 7989
f 7980 7979 7991
f 7992 7980 7991
f 7981 7980 7992
f 7993 7981 7992
f 7812 7981 7993
f 7812 7993 7822
f 7822 7993 7994
f 7996 7994 7995
f 7996 7823 7994
f 7823 7822 7994
f 7823 7996 7824
f 7982 7826 7997
f 7815 7826 7982
f 7998 7983 7982
f 7998 7982 7999
f 7999 7982 7997
f 7999 8001 8000
f 7998 7999 8000
f 8001 8003 8002
f 8000 8001 8002
f 7985 8002 8003
f 7985 8003 7986
f 7986 8003 8004
f 7987 7986 8005
f 8005 7986 8004
f 7817 8006 7827
f 7817 7987 8006
f 7987 8005 8006
f 7827 8006 7828
f 7832 7833 8007
f 7832 8007 8009
f 7821 7832 8009
f 7821 8009 8008
f 7821 8008 7988
f 7990 7988 8008
f 7996 7995 8010
f 7824 7996 8010
f 7824 8010 7834
f 7834 8010 8011
f 8011 7835 7834
f 8012 7835 8011
f 7826 7838 7997
f 7840 7997 7838
f 7999 7997 7840
f 7842 7999 7840
f 8001 7999 7842
f 7844 8001 7842
f 8003 8001 7844
f 7846 8003 7844
f 8004 8003 7846
f 7848 8004 7846
f 8005 8004 7848
f 7850 8005 7848
f 8006 8005 7850
f 7828 8006 7850
f 8007 7856 8013
f 7833 7856 8007
f 8014 8009 8007
f 8014 8007 8015
f 8015 8007 8013
f 8014 8015 8016
f 8018 7857 7835
f 8018 7835 8017
f 8017 7835 8012
f 7857 8018 7858
f 7862 8020 8019
f 7863 8020 7862
f 7864 7862 8021
f 7862 8019 8021
f 7865 7864 8022
f 7864 8021 8022
f 7866 7865 8023
f 7865 8022 8023
f 8025 8023 8024
f 8025 7867 8023
f 7867 7866 8023
f 7867 8025 7868
f 7856 7877 8013
f 7879 8013 7877
f 7879 8026 8013
f 8026 8015 8013
f 8027 8016 8015
f 8027 8015 8028
f 8028 8015 8026
f 8027 8028 8029
f 8031 8018 8017
f 8030 8031 8017
f 7858 8031 7880
f 8018 8031 7858
f 8032 7883 8033
f 8032 8020 7883
f 8020 7863 7883
f 8032 8033 8034
f 8036 8025 8024
f 8035 8036 8024
f 7868 8036 7884
f 8025 8036 7868
f 8026 7894 8037
f 7879 7894 8026
f 8028 8026 8038
f 8038 8026 8037
f 8039 8029 8028
f 8038 8039 8028
f 8041 8031 8030
f 8040 8041 8030
f 7880 8041 7895
f 8031 8041 7880
f 7883 7898 8033
f 8033 8042 8034
f 8033 7898 8042
f 7898 7899 8042
f 8042 7899 7900
f 8043 8042 7900
f 7901 8044 8045
f 7902 7901 8045
f 8035 7904 8036
f 8035 8044 7904
f 8044 7901 7904
f 7884 8036 7904
f 7914 7915 8046
f 7914 8037 7894
f 7914 8046 8037
f 8046 8047 8037
f 8049 8048 8038
f 8049 8038 8047
f 8047 8038 8037
f 8039 8038 8048
f 8051 8041 8040
f 8050 8051 8040
f 7895 8051 7916
f 8041 8051 7895
f 7900 8052 8043
f 7920 8052 7900
f 7920 8045 8052
f 7920 7902 8045
f 7922 7923 8053
f 7922 8054 7924
f 8053 8054 7922
f 7924 8055 7925
f 8054 8055 7924
f 7925 8056 7926
f 8055 8056 7925
f 7926 8057 7927
f 8056 8057 7926
f 7927 8058 7928
f 8057 8058 7927
f 7928 8058 7929
f 8046 7933 8059
f 7915 7933 8046
f 8061 8060 8047
f 8061 8047 8059
f 8059 8047 8046
f 8049 8047 8060
f 7934 8051 8050
f 7934 8050 7935
f 7935 8050 8062
f 7916 8051 7934
f 8053 7939 8063
f 7923 7939 8053
f 8054 8053 8064
f 8064 8053 8063
f 8055 8054 8065
f 8065 8054 8064
f 8056 8055 8066
f 8066 8055 8065
f 8057 8056 8067
f 8067 8056 8066
f 7940 8067 7941
f 7940 8058 8067
f 8058 8057 8067
f 7929 8058 7940
f 7933 7944 8059
f 7946 8069 8068
f 7944 7946 8068
f 7944 8068 8061
f 7944 8061 8059
f 8068 8069 8070
f 7947 8071 8072
f 7948 7947 8072
f 8062 7947 7935
f 8071 7947 8062
f 7939 7950 8063
f 7952 8063 7950
f 8064 8063 7952
f 7954 8064 7952
f 8065 8064 7954
f 7956 8065 7954
f 8066 8065 7956
f 7958 8066 7956
f 8067 8066 7958
f 7941 8067 7958
f 7946 7959 8069
f 7961 8074 8073
f 7959 7961 8073
f 7959 8073 8070
f 7959 8070 8069
f 8074 8076 8075
f 8073 8074 8075
f 8076 8078 8077
f 8075 8076 8077
f 8078 8080 8079
f 8077 8078 8079
f 8080 7963 7962
f 8080 7962 8079
f 8079 7962 8081
f 7965 8082 7962
f 7962 8082 8081
f 8072 7965 7948
f 8082 7965 8072
f 7961 7967 8074
f 7968 8074 7967
f 8076 8074 7968
f 7969 8076 7968
f 8078 8076 7969
f 7970 8078 7969
f 8080 8078 7970
f 7963 8080 7970
f 7972 7973 8083
f 7972 8084 7974
f 8083 8084 7972
f 7974 8084 7975
f 8083 7983 8085
f 7973 7983 8083
f 8084 8083 8086
f 8086 8083 8085
f 7975 8087 7984
f 7975 8084 8087
f 8084 8086 8087
f 7984 8087 7985
f 7989 7990 8088
f 7989 8089 7991
f 8088 8089 7989
f 7991 8090 7992
f 8089 8090 7991
f 7992 8091 7993
f 8090 8091 7992
f 7993 8092 7994
f 8091 8092 7993
f 7994 8092 7995
f 7983 7998 8085
f 8000 8085 7998
f 8086 8085 8000
f 8002 8086 8000
f 8087 8086 8002
f 7985 8087 8002
f 8008 8009 8093
f 8008 8088 7990
f 8008 8093 8088
f 8093 8094 8088
f 8089 8088 8095
f 8095 8088 8094
f 8097 8096 8090
f 8097 8090 8095
f 8095 8090 8089
f 8091 8090 8096
f 8098 8091 8096
f 8092 8091 8098
f 8099 8092 8098
f 7995 8092 8099
f 7995 8099 8010
f 8010 8099 8100
f 8102 8100 8101
f 8102 8011 8100
f 8011 8010 8100
f 8011 8102 8012
f 8009 8014 8093
f 8016 8093 8014
f 8016 8103 8093
f 8103 8094 8093
f 8095 8094 8104
f 8104 8094 8103
f 8105 8097 8095
f 8104 8105 8095
f 8102 8101 8106
f 8106 8012 8102
f 8106 8107 8012
f 8107 8017 8012
f 8019 8020 8108
f 8110 8019 8108
f 8110 8109 8019
f 8109 8021 8019
f 8022 8021 8111
f 8021 8109 8111
f 8023 8022 8112
f 8022 8111 8112
f 8112 8024 8023
f 8113 8024 8112
f 8016 8027 8103
f 8029 8103 8027
f 8029 8114 8103
f 8114 8104 8103
f 8115 8105 8104
f 8114 8115 8104
f 8017 8107 8030
f 8107 8116 8030
f 8020 8032 8108
f 8108 8032 8034
f 8108 8034 8110
f 8110 8034 8117
f 8024 8113 8035
f 8113 8118 8035
f 8114 8039 8119
f 8029 8039 8114
f 8120 8115 8114
f 8119 8120 8114
f 8030 8116 8040
f 8116 8121 8040
f 8034 8122 8117
f 8042 8122 8034
f 8122 8042 8043
f 8123 8122 8043
f 8044 8124 8125
f 8045 8044 8125
f 8118 8044 8035
f 8124 8044 8118
f 8048 8049 8126
f 8048 8119 8039
f 8048 8126 8119
f 8126 8127 8119
f 8128 8120 8119
f 8127 8128 8119
f 8040 8121 8050
f 8121 8129 8050
f 8043 8130 8123
f 8052 8130 8043
f 8125 8052 8045
f 8130 8052 8125
f 8060 8061 8131
f 8060 8126 8049
f 8060 8131 8126
f 8131 8132 8126
f 8127 8126 8133
f 8133 8126 8132
f 8134 8128 8127
f 8133 8134 8127
f 8137 8135 8136
f 8137 8129 8135
f 8137 8062 8129
f 8062 8050 8129
f 8061 8068 8131
f 8070 8131 8068
f 8070 8138 8131
f 8138 8132 8131
f 8133 8132 8139
f 8139 8132 8138
f 8140 8134 8133
f 8140 8133 8141
f 8141 8133 8139
f 8141 8143 8142
f 8140 8141 8142
f 8143 8145 8144
f 8142 8143 8144
f 8145 8147 8146
f 8144 8145 8146
f 8136 8146 8147
f 8137 8136 8147
f 8137 8147 8072
f 8137 8072 8071
f 8062 8137 8071
f 8070 8073 8138
f 8075 8138 8073
f 8139 8138 8075
f 8077 8139 8075
f 8141 8139 8077
f 8079 8141 8077
f 8143 8141 8079
f 8081 8143 8079
f 8145 8143 8081
f 8082 8145 8081
f 8147 8145 8082
f 8072 8147 8082
f 8096 8097 8148
f 8096 8149 8098
f 8148 8149 8096
f 8098 8150 8099
f 8149 8150 8098
f 8099 8151 8100
f 8150 8151 8099
f 8100 8151 8101
f 8154 8153 8152
f 8152 8155 8154
f 8148 8105 8156
f 8097 8105 8148
f 8158 8157 8149
f 8158 8149 8156
f 8156 8149 8148
f 8150 8149 8157
f 8159 8150 8157
f 8151 8150 8159
f 8160 8151 8159
f 8101 8151 8160
f 8101 8160 8106
f 8106 8160 8161
f 8161 8107 8106
f 8162 8107 8161
f 8109 8164 8163
f 8110 8164 8109
f 8153 8154 8111
f 8153 8111 8163
f 8163 8111 8109
f 8154 8155 8165
f 8154 8165 8111
f 8111 8165 8112
f 8165 8113 8112
f 8166 8113 8165
f 8156 8115 8167
f 8105 8115 8156
f 8168 8158 8156
f 8167 8168 8156
f 8107 8162 8116
f 8162 8169 8116
f 8110 8117 8164
f 8164 8117 8170
f 8113 8166 8118
f 8166 8171 8118
f 8167 8120 8172
f 8115 8120 8167
f 8173 8168 8167
f 8172 8173 8167
f 8116 8169 8121
f 8169 8174 8121
f 8117 8175 8170
f 8122 8175 8117
f 8175 8122 8123
f 8176 8175 8123
f 8124 8177 8178
f 8125 8124 8178
f 8171 8124 8118
f 8177 8124 8171
f 8172 8128 8179
f 8120 8128 8172
f 8180 8173 8172
f 8179 8180 8172
f 8121 8174 8129
f 8174 8181 8129
f 8123 8182 8176
f 8130 8182 8123
f 8178 8130 8125
f 8182 8130 8178
f 8179 8134 8183
f 8128 8134 8179
f 8184 8180 8179
f 8184 8179 8185
f 8185 8179 8183
f 8184 8185 8186
f 8189 8187 8188
f 8189 8136 8135
f 8189 8135 8187
f 8187 8135 8190
f 8181 8135 8129
f 8190 8135 8181
f 8134 8140 8183
f 8142 8183 8140
f 8185 8183 8142
f 8185 8191 8186
f 8185 8142 8191
f 8142 8144 8191
f 8188 8146 8189
f 8188 8191 8146
f 8191 8144 8146
f 8136 8189 8146
f 8152 8193 8192
f 8153 8193 8152
f 8192 8155 8152
f 8194 8155 8192
f 8157 8158 8195
f 8157 8196 8159
f 8195 8196 8157
f 8198 8159 8196
f 8198 8197 8159
f 8197 8160 8159
f 8200 8197 8199
f 8200 8161 8197
f 8161 8160 8197
f 8161 8200 8162
f 8163 8202 8201
f 8164 8202 8163
f 8193 8153 8163
f 8201 8193 8163
f 8155 8194 8203
f 8165 8155 8203
f 8203 8166 8165
f 8204 8166 8203
f 8207 8206 8205
f 8205 8208 8207
f 8195 8168 8209
f 8158 8168 8195
f 8196 8195 8210
f 8210 8195 8209
f 8211 8198 8196
f 8210 8211 8196
f 8200 8199 8212
f 8212 8162 8200
f 8212 8213 8162
f 8213 8169 8162
f 8164 8170 8202
f 8202 8170 8214
f 8166 8204 8171
f 8204 8215 8171
f 8217 8206 8207
f 8216 8206 8217
f 8218 8207 8208
f 8217 8207 8218
f 8209 8173 8219
f 8168 8173 8209
f 8210 8209 8220
f 8220 8209 8219
f 8221 8211 8210
f 8220 8221 8210
f 8169 8213 8174
f 8213 8222 8174
f 8170 8223 8214
f 8175 8223 8170
f 8223 8175 8176
f 8224 8223 8176
f 8177 8225 8178
f 8177 8226 8225
f 8177 8171 8226
f 8171 8215 8226
f 8217 8227 8216
f 8218 8227 8217
f 8219 8180 8228
f 8173 8180 8219
f 8220 8219 8229
f 8229 8219 8228
f 8230 8221 8220
f 8229 8230 8220
f 8233 8231 8232
f 8233 8222 8231
f 8233 8181 8222
f 8181 8174 8222
f 8176 8234 8224
f 8182 8234 8176
f 8225 8182 8178
f 8225 8235 8182
f 8235 8234 8182
f 8226 8235 8225
f 8180 8184 8228
f 8186 8228 8184
f 8186 8236 8228
f 8236 8229 8228
f 8188 8187 8237
f 8188 8237 8229
f 8188 8229 8236
f 8230 8229 8237
f 8232 8190 8233
f 8232 8237 8190
f 8237 8187 8190
f 8181 8233 8190
f 8186 8191 8236
f 8188 8236 8191
f 8192 8239 8238
f 8193 8239 8192
f 8238 8194 8192
f 8240 8194 8238
f 8197 8198 8241
f 8197 8241 8199
f 8201 8243 8242
f 8202 8243 8201
f 8239 8193 8201
f 8242 8239 8201
f 8194 8240 8244
f 8203 8194 8244
f 8244 8204 8203
f 8245 8204 8244
f 8248 8247 8246
f 8248 8205 8206
f 8248 8246 8205
f 8246 8249 8205
f 8249 8208 8205
f 8250 8208 8249
f 8241 8211 8251
f 8198 8211 8241
f 8199 8252 8212
f 8199 8241 8252
f 8241 8251 8252
f 8212 8252 8213
f 8202 8214 8243
f 8243 8214 8253
f 8254 8255 8215
f 8254 8215 8245
f 8245 8215 8204
f 8254 8256 8255
f 8258 8247 8248
f 8257 8247 8258
f 8206 8216 8258
f 8248 8206 8258
f 8208 8250 8218
f 8250 8259 8218
f 8251 8221 8260
f 8211 8221 8251
f 8252 8251 8261
f 8261 8251 8260
f 8213 8261 8222
f 8252 8261 8213
f 8214 8262 8253
f 8223 8262 8214
f 8262 8223 8224
f 8263 8262 8224
f 8255 8264 8265
f 8255 8265 8215
f 8215 8265 8226
f 8256 8264 8255
f 8258 8266 8257
f 8216 8266 8258
f 8216 8227 8266
f 8227 8267 8266
f 8259 8227 8218
f 8267 8227 8259
f 8260 8230 8268
f 8221 8230 8260
f 8231 8268 8232
f 8231 8261 8268
f 8261 8260 8268
f 8222 8261 8231
f 8224 8269 8263
f 8234 8269 8224
f 8235 8270 8234
f 8234 8270 8269
f 8265 8235 8226
f 8270 8235 8265
f 8230 8237 8268
f 8232 8268 8237
f 8238 8272 8271
f 8239 8272 8238
f 8240 8273 8274
f 8240 8238 8273
f 8238 8271 8273
f 8273 8275 8274
f 8242 8277 8276
f 8243 8277 8242
f 8272 8239 8242
f 8276 8272 8242
f 8240 8274 8244
f 8245 8278 8279
f 8244 8278 8245
f 8244 8275 8278
f 8244 8274 8275
f 8278 8280 8279
f 8246 8282 8281
f 8247 8282 8246
f 8249 8246 8283
f 8246 8281 8283
f 8283 8250 8249
f 8284 8250 8283
f 8243 8253 8277
f 8277 8253 8285
f 8245 8279 8254
f 8279 8256 8254
f 8279 8280 8256
f 8280 8286 8256
f 8247 8257 8282
f 8282 8257 8287
f 8250 8284 8259
f 8284 8288 8259
f 8253 8289 8285
f 8262 8289 8253
f 8289 8262 8263
f 8290 8289 8263
f 8264 8291 8292
f 8265 8264 8292
f 8286 8264 8256
f 8291 8264 8286
f 8257 8293 8287
f 8266 8293 8257
f 8267 8294 8266
f 8266 8294 8293
f 8288 8267 8259
f 8294 8267 8288
f 8263 8295 8290
f 8269 8295 8263
f 8270 8296 8269
f 8269 8296 8295
f 8292 8270 8265
f 8296 8270 8292
f 8271 8272 8297
f 8299 8271 8297
f 8299 8298 8271
f 8298 8273 8271
f 8298 8275 8273
f 8300 8275 8298
f 8276 8302 8301
f 8277 8302 8276
f 8297 8272 8276
f 8297 8276 8303
f 8303 8276 8301
f 8299 8297 8303
f 8275 8300 8304
f 8278 8275 8304
f 8280 8305 8306
f 8280 8278 8305
f 8278 8304 8305
f 8306 8307 8308
f 8305 8307 8306
f 8308 8281 8282
f 8308 8307 8281
f 8307 8309 8281
f 8311 8309 8310
f 8311 8283 8309
f 8283 8281 8309
f 8283 8311 8284
f 8277 8285 8302
f 8302 8285 8312
f 8306 8313 8286
f 8280 8306 8286
f 8308 8314 8306
f 8314 8313 8306
f 8282 8287 8314
f 8308 8282 8314
f 8316 8311 8310
f 8315 8316 8310
f 8284 8316 8288
f 8311 8316 8284
f 8285 8317 8312
f 8289 8317 8285
f 8317 8289 8290
f 8318 8317 8290
f 8291 8319 8320
f 8292 8291 8320
f 8313 8291 8286
f 8313 8321 8291
f 8321 8319 8291
f 8314 8321 8313
f 8322 8321 8314
f 8287 8322 8314
f 8287 8293 8322
f 8293 8323 8322
f 8315 8294 8316
f 8315 8323 8294
f 8323 8293 8294
f 8288 8316 8294
f 8290 8324 8318
f 8295 8324 8290
f 8296 8325 8295
f 8295 8325 8324
f 8320 8296 8292
f 8325 8296 8320
f 8298 8327 8326
f 8299 8327 8298
f 8326 8300 8298
f 8328 8300 8326
f 8301 8330 8329
f 8302 8330 8301
f 8303 8301 8331
f 8301 8329 8331
f 8327 8299 8303
f 8331 8327 8303
f 8300 8328 8332
f 8304 8300 8332
f 8305 8304 8333
f 8304 8332 8333
f 8307 8305 8334
f 8305 8333 8334
f 8309 8307 8335
f 8307 8334 8335
f 8335 8310 8309
f 8336 8310 8335
f 8302 8312 8330
f 8330 8312 8337
f 8310 8336 8315
f 8336 8338 8315
f 8312 8339 8337
f 8317 8339 8312
f 8339 8317 8318
f 8340 8339 8318
f 8319 8341 8320
f 8343 8341 8319
f 8343 8319 8342
f 8342 8319 8321
f 8322 8344 8321
f 8321 8344 8342
f 8323 8345 8322
f 8322 8345 8344
f 8338 8323 8315
f 8345 8323 8338
f 8318 8346 8340
f 8324 8346 8318
f 8325 8347 8324
f 8324 8347 8346
f 8341 8325 8320
f 8341 8348 8325
f 8348 8347 8325
f 8343 8348 8341
f 8326 8350 8349
f 8327 8350 8326
f 8349 8328 8326
f 8351 8328 8349
f 8329 8353 8352
f 8330 8353 8329
f 8331 8329 8354
f 8329 8352 8354
f 8350 8327 8331
f 8354 8350 8331
f 8328 8351 8355
f 8332 8328 8355
f 8333 8332 8356
f 8332 8355 8356
f 8334 8333 8357
f 8333 8356 8357
f 8335 8334 8358
f 8334 8357 8358
f 8358 8336 8335
f 8359 8336 8358
f 8330 8337 8353
f 8353 8337 8360
f 8336 8359 8338
f 8359 8361 8338
f 8337 8362 8360
f 8339 8362 8337
f 8362 8339 8340
f 8363 8362 8340
f 8342 8364 8365
f 8343 8342 8365
f 8344 8366 8342
f 8342 8366 8364
f 8345 8367 8344
f 8344 8367 8366
f 8361 8345 8338
f 8367 8345 8361
f 8340 8368 8363
f 8346 8368 8340
f 8347 8369 8346
f 8346 8369 8368
f 8348 8370 8347
f 8347 8370 8369
f 8365 8348 8343
f 8370 8348 8365
f 8349 8372 8371
f 8350 8372 8349
f 8351 8373 8374
f 8351 8349 8373
f 8349 8371 8373
f 8373 8375 8374
f 8352 8377 8376
f 8353 8377 8352
f 8354 8352 8378
f 8352 8376 8378
f 8372 8350 8354
f 8378 8372 8354
f 8351 8374 8355
f 8374 8375 8379
f 8374 8379 8355
f 8355 8379 8356
f 8357 8356 8380
f 8356 8379 8380
f 8358 8357 8381
f 8357 8380 8381
f 8381 8359 8358
f 8382 8359 8381
f 8353 8360 8377
f 8377 8360 8383
f 8359 8382 8361
f 8382 8384 8361
f 8360 8385 8383
f 8362 8385 8360
f 8385 8362 8363
f 8386 8385 8363
f 8364 8387 8388
f 8365 8364 8388
f 8366 8389 8364
f 8364 8389 8387
f 8367 8390 8366
f 8366 8390 8389
f 8384 8367 8361
f 8390 8367 8384
f 8363 8391 8386
f 8368 8391 8363
f 8369 8392 8368
f 8368 8392 8391
f 8370 8393 8369
f 8369 8393 8392
f 8388 8370 8365
f 8393 8370 8388
f 8371 8395 8394
f 8372 8395 8371
f 8397 8394 8396
f 8397 8373 8394
f 8373 8371 8394
f 8373 8397 8375
f 8376 8399 8398
f 8377 8399 8376
f 8378 8376 8400
f 8376 8398 8400
f 8395 8372 8378
f 8400 8395 8378
f 8397 8396 8401
f 8375 8397 8401
f 8375 8401 8379
f 8379 8401 8402
f 8380 8379 8403
f 8379 8402 8403
f 8405 8403 8404
f 8405 8381 8403
f 8381 8380 8403
f 8381 8405 8382
f 8377 8383 8399
f 8399 8383 8406
f 8408 8405 8404
f 8407 8408 8404
f 8382 8408 8384
f 8405 8408 8382
f 8383 8409 8406
f 8385 8409 8383
f 8386 8411 8410
f 8386 8410 8385
f 8385 8410 8409
f 8410 8411 8412
f 8387 8413 8414
f 8388 8387 8414
f 8389 8415 8387
f 8387 8415 8413
f 8407 8390 8408
f 8407 8415 8390
f 8415 8389 8390
f 8384 8408 8390
f 8386 8391 8411
f 8411 8416 8412
f 8411 8391 8416
f 8391 8392 8416
f 8393 8417 8392
f 8392 8417 8416
f 8414 8393 8388
f 8417 8393 8414
f 8394 8395 8418
f 8394 8418 8396
f 8398 8420 8419
f 8399 8420 8398
f 8400 8398 8421
f 8398 8419 8421
f 8418 8395 8400
f 8418 8400 8422
f 8422 8400 8421
f 8396 8418 8422
f 8396 8422 8401
f 8401 8422 8423
f 8402 8401 8424
f 8401 8423 8424
f 8403 8402 8425
f 8402 8424 8425
f 8425 8404 8403
f 8426 8404 8425
f 8399 8406 8420
f 8420 8406 8427
f 8404 8426 8407
f 8426 8428 8407
f 8406 8429 8427
f 8409 8429 8406
f 8410 8430 8409
f 8409 8430 8429
f 8430 8410 8412
f 8431 8430 8412
f 8434 8432 8433
f 8434 8414 8413
f 8434 8413 8432
f 8432 8413 8435
f 8415 8436 8413
f 8413 8436 8435
f 8428 8415 8407
f 8436 8415 8428
f 8412 8437 8431
f 8416 8437 8412
f 8433 8417 8434
f 8433 8437 8417
f 8437 8416 8417
f 8414 8434 8417
f 8419 8420 8438
f 8440 8419 8438
f 8440 8439 8419
f 8439 8421 8419
f 8422 8421 8441
f 8421 8439 8441
f 8423 8422 8442
f 8422 8441 8442
f 8424 8423 8443
f 8423 8442 8443
f 8445 8443 8444
f 8445 8425 8443
f 8425 8424 8443
f 8425 8445 8426
f 8438 8427 8446
f 8420 8427 8438
f 8447 8440 8438
f 8446 8447 8438
f 8449 8445 8444
f 8448 8449 8444
f 8426 8449 8428
f 8445 8449 8426
f 8427 8429 8446
f 8446 8450 8447
f 8446 8429 8450
f 8429 8430 8450
f 8431 8452 8451
f 8431 8451 8430
f 8430 8451 8450
f 8452 8433 8432
f 8452 8432 8451
f 8451 8432 8453
f 8435 8454 8432
f 8432 8454 8453
f 8448 8436 8449
f 8448 8454 8436
f 8454 8435 8436
f 8428 8449 8436
f 8431 8437 8452
f 8433 8452 8437
f 8439 8456 8455
f 8440 8456 8439
f 8441 8439 8457
f 8439 8455 8457
f 8442 8441 8458
f 8441 8457 8458
f 8443 8442 8459
f 8442 8458 8459
f 8459 8444 8443
f 8460 8444 8459
f 8440 8447 8456
f 8456 8447 8461
f 8444 8460 8448
f 8460 8462 8448
f 8447 8463 8461
f 8450 8463 8447
f 8451 8464 8450
f 8450 8464 8463
f 8453 8465 8451
f 8451 8465 8464
f 8454 8466 8453
f 8453 8466 8465
f 8462 8454 8448
f 8466 8454 8462
f 8455 8456 8467
f 8455 8468 8457
f 8467 8468 8455
f 8457 8469 8458
f 8468 8469 8457
f 8458 8470 8459
f 8469 8470 8458
f 8459 8470 8460
f 8467 8472 8471
f 8467 8456 8472
f 8456 8461 8472
f 8471 8473 8474
f 8471 8474 8467
f 8467 8474 8468
f 8469 8468 8475
f 8475 8468 8474
f 8470 8469 8476
f 8476 8469 8475
f 8460 8476 8462
f 8470 8476 8460
f 8461 8477 8472
f 8463 8477 8461
f 8473 8464 8474
f 8473 8477 8464
f 8477 8463 8464
f 8465 8474 8464
f 8475 8474 8465
f 8466 8475 8465
f 8476 8475 8466
f 8462 8476 8466
f 8471 8472 8478
f 8471 8478 8473
f 8472 8477 8478
f 8473 8478 8477
